DATE,TEMP,MAX,MIN,STP,VISIB,WDSP,MXSPD,GUST,LATITUDE,LONGITUDE,ELEVATION,PET_Est,DaylightDuration,DailyRadiation,Geo_Zoning_Season,Geo_Zoning_Continentality,Geo_Zoning_Lat_Abs,Geo_Zoning_Lat_2,Geo_Zoning_Atmos_Thickness,Geo_Zoning_Atmos_Log_Elevation,Geo_Spatial_X,Geo_Spatial_Y,Geo_Spatial_Z,Terrain_Slope,Terrain_Aspect,DEWP
2019-01-01,35.7,37.4,34.2,14.0,7.2,4.9,7.8,5.273590269686036,25.218106,110.039197,173.73,31.131223683805775,10.464276868506142,22.842897132688286,0.017213356155834685,0.9981707480458889,25.218106,635.952870227236,0.9795302657838054,5.163241925350947,-1975.039060987802,5414.846344365945,2714.46141517598,89.99227985132664,104.03624346792648,30.9
2019-01-02,40.9,46.4,34.5,12.0,8.4,4.8,9.7,-23.129966922797323,25.218106,110.039197,173.73,35.68705366528902,10.470529192749837,22.892096234765884,0.03442161162274574,0.9981707480458889,25.218106,635.952870227236,0.9795302657838054,5.163241925350947,-1975.039060987802,5414.846344365945,2714.46141517598,89.99227985132664,104.03624346792648,32.5
2019-01-03,42.6,44.8,39.2,7.8,3.4,3.3,5.8,-107.595339654669,25.218106,110.039197,173.73,37.19435922482051,10.477284288681833,22.945106475957953,0.051619667223253764,0.9981707480458889,25.218106,635.952870227236,0.9795302657838054,5.163241925350947,-1975.039060987802,5414.846344365945,2714.46141517598,89.99227985132664,104.03624346792648,39.6
2019-01-04,43.7,46.4,41.4,6.6,2.8,4.4,7.8,-38.20849955147282,25.218106,110.039197,173.73,38.181192274012716,10.484537924214019,23.001903088654633,0.06880242680231986,0.9981707480458889,25.218106,635.952870227236,0.9795302657838054,5.163241925350947,-1975.039060987802,5414.846344365945,2714.46141517598,89.99227985132664,104.03624346792648,42.0
2019-01-05,44.6,47.5,42.1,6.9,6.3,4.5,5.8,-53.77988749534367,25.218106,110.039197,173.73,38.99632809664167,10.49228558654036,23.062459366281505,0.08596479873744647,0.9981707480458889,25.218106,635.952870227236,0.9795302657838054,5.163241925350947,-1975.039060987802,5414.846344365945,2714.46141517598,89.99227985132664,104.03624346792648,41.3
2019-01-06,45.3,47.5,42.8,4.6,3.5,4.5,7.8,24.30944882464648,25.218106,110.039197,173.73,39.63947240519353,10.500522491441995,23.126746667697528,0.10310169744743485,0.9981707480458889,25.218106,635.952870227236,0.9795302657838054,5.163241925350947,-1975.039060987802,5414.846344365945,2714.46141517598,89.99227985132664,104.03624346792648,42.9
2019-01-07,44.8,46.8,42.8,5.7,5.9,4.7,9.7,38.85598499513986,25.218106,110.039197,173.73,39.234509414015996,10.509243593039999,23.19473442241428,0.1202080448993527,0.9981707480458889,25.218106,635.952870227236,0.9795302657838054,5.163241925350947,-1975.039060987802,5414.846344365945,2714.46141517598,89.99227985132664,104.03624346792648,42.0
2019-01-08,42.3,44.6,40.3,7.1,4.2,4.6,7.8,38.606828085228734,25.218106,110.039197,173.73,37.07751366869572,10.518443593956233,23.266390136703574,0.13727877211326478,0.9981707480458889,25.218106,635.952870227236,0.9795302657838054,5.163241925350947,-1975.039060987802,5414.846344365945,2714.46141517598,89.99227985132664,104.03624346792648,39.6
2019-01-09,40.9,41.0,40.1,5.8,3.5,4.5,5.8,-8.60760375851444,25.218106,110.039197,173.73,35.883331957826925,10.528116955841641,23.341679400662326,0.15430882066428117,0.9981707480458889,25.218106,635.952870227236,0.9795302657838054,5.163241925350947,-1975.039060987802,5414.846344365945,2714.46141517598,89.99227985132664,104.03624346792648,39.2
2019-01-10,42.5,42.8,40.3,3.0,3.7,3.6,5.8,-2.3102467016710815,25.218106,110.039197,173.73,37.322996765399765,10.538257910230522,23.42056589630496,0.1712931441814776,0.9981707480458889,25.218106,635.952870227236,0.9795302657838054,5.163241925350947,-1975.039060987802,5414.846344365945,2714.46141517598,89.99227985132664,104.03624346792648,40.7
2019-01-11,44.7,46.4,41.9,3.4,6.4,3.6,5.8,93.14236388839728,25.218106,110.039197,173.73,39.29450524955383,10.54886046967888,23.503011406754332,0.1882267098432442,0.9981707480458889,25.218106,635.952870227236,0.9795302657838054,5.163241925350947,-1975.039060987802,5414.846344365945,2714.46141517598,89.99227985132664,104.03624346792648,41.4
2019-01-12,46.8,49.6,43.9,2.4,4.9,3.6,5.8,9.262351347170203,25.218106,110.039197,173.73,41.18368191266369,10.559918439144536,23.58897582660263,0.2051044998686192,0.9981707480458889,25.218106,635.952870227236,0.9795302657838054,5.163241925350947,-1975.039060987802,5414.846344365945,2714.46141517598,89.99227985132664,104.03624346792648,43.9
2019-01-13,47.2,50.0,44.6,2.5,6.1,3.3,5.8,196.61791991806274,25.218106,110.039197,173.73,41.58094001509554,10.571425427566663,23.678417173513548,0.2219215130041655,0.9981707480458889,25.218106,635.952870227236,0.9795302657838054,5.163241925350947,-1975.039060987802,5414.846344365945,2714.46141517598,89.99227985132664,104.03624346792648,43.2
2019-01-14,46.5,48.2,44.6,2.3,6.5,3.7,9.7,5.221360961449953,25.218106,110.039197,173.73,41.01057758096018,10.583374859602626,23.771291601136827,0.2386727660059501,0.9981707480458889,25.218106,635.952870227236,0.9795302657838054,5.163241925350947,-1975.039060987802,5414.846344365945,2714.46141517598,89.99227985132664,104.03624346792648,43.1
2019-01-15,44.9,48.2,41.0,6.5,5.8,6.3,9.7,49.7020463262905,25.218106,110.039197,173.73,39.64580195315552,10.595759987480317,23.867553413404856,0.255353295116187,0.9981707480458889,25.218106,635.952870227236,0.9795302657838054,5.163241925350947,-1975.039060987802,5414.846344365945,2714.46141517598,89.99227985132664,104.03624346792648,38.7
2019-01-16,41.6,42.8,39.2,7.5,2.6,3.9,7.8,-117.62598521227488,25.218106,110.039197,173.73,36.77638953013939,10.608573902924824,23.967155080280104,0.2719581575341055,0.9981707480458889,25.218106,635.952870227236,0.9795302657838054,5.163241925350947,-1975.039060987802,5414.846344365945,2714.46141517598,89.99227985132664,104.03624346792648,38.3
2019-01-17,46.6,53.1,39.4,6.5,5.5,3.9,7.8,47.89316292993768,25.218106,110.039197,173.73,41.24802708241252,10.621809549119103,24.070047255019972,0.288482432880609,0.9981707480458889,25.218106,635.952870227236,0.9795302657838054,5.163241925350947,-1975.039060987802,5414.846344365945,2714.46141517598,89.99227985132664,104.03624346792648,39.2
2019-01-18,48.6,51.3,42.6,1.9,3.2,1.9,3.9,95.38787052070519,25.218106,110.039197,173.73,43.07361191726982,10.635459732659214,24.17617879302377,0.30492122465628907,0.9981707480458889,25.218106,635.952870227236,0.9795302657838054,5.163241925350947,-1975.039060987802,5414.846344365945,2714.46141517598,89.99227985132664,104.03624346792648,43.9
2019-01-19,50.3,53.6,46.4,0.5,3.2,3.4,9.7,144.012513510399,25.218106,110.039197,173.73,44.63922599282816,10.649517135465963,24.285496772323434,0.3212696616923644,0.9981707480458889,25.218106,635.952870227236,0.9795302657838054,5.163241925350947,-1975.039060987802,5414.846344365945,2714.46141517598,89.99227985132664,104.03624346792648,48.9
2019-01-20,46.0,50.0,41.0,7.1,4.7,7.8,13.6,247.52465955651343,25.218106,110.039197,173.73,40.87856825202802,10.663974326616005,24.397946515777136,0.3375228995941133,0.9981707480458889,25.218106,635.952870227236,0.9795302657838054,5.163241925350947,-1975.039060987802,5414.846344365945,2714.46141517598,89.99227985132664,104.03624346792648,39.9
2019-01-21,44.8,50.0,41.0,8.8,3.1,4.3,7.8,-30.794559096566722,25.218106,110.039197,173.73,39.86760875647953,10.678823774057017,24.513471615020997,0.3536761221763716,0.9981707480458889,25.218106,635.952870227236,0.9795302657838054,5.163241925350947,-1975.039060987802,5414.846344365945,2714.46141517598,89.99227985132664,104.03624346792648,36.6
2019-01-22,50.5,61.9,40.8,5.1,5.6,2.7,5.8,29.470120031615814,25.218106,110.039197,173.73,45.00416014472818,10.694057856173034,24.632013956230576,0.3697245428906731,0.9981707480458889,25.218106,635.952870227236,0.9795302657838054,5.163241925350947,-1975.039060987802,5414.846344365945,2714.46141517598,89.99227985132664,104.03624346792648,36.3
2019-01-23,52.4,57.9,45.7,2.3,4.8,1.2,3.9,1.0387866437550475,25.218106,110.039197,173.73,46.76555407949963,10.709668873167855,24.75351374773983,0.38566340624360707,0.9981707480458889,25.218106,635.952870227236,0.9795302657838054,5.163241925350947,-1975.039060987802,5414.846344365945,2714.46141517598,89.99227985132664,104.03624346792648,40.4
2019-01-24,53.4,57.4,50.0,0.5,3.1,1.1,3.9,23.788902840457283,25.218106,110.039197,173.73,47.72913830915071,10.725649058236115,24.877909549560474,0.401487989205973,0.9981707480458889,25.218106,635.952870227236,0.9795302657838054,5.163241925350947,-1975.039060987802,5414.846344365945,2714.46141517598,89.99227985132664,104.03624346792648,46.1
2019-01-25,54.6,59.0,51.8,5.4,2.7,2.6,9.7,-65.57289712333252,25.218106,110.039197,173.73,48.87605717764565,10.741990588493548,25.005138304840212,0.4171936026123168,0.9981707480458889,25.218106,635.952870227236,0.9795302657838054,5.163241925350947,-1975.039060987802,5414.846344365945,2714.46141517598,89.99227985132664,104.03624346792648,46.1
2019-01-26,53.6,59.0,48.2,6.9,2.2,5.3,11.7,104.48726434120783,25.218106,110.039197,173.73,48.05546232719153,10.758685595639895,25.135135373293235,0.4327755925504312,0.9981707480458889,25.218106,635.952870227236,0.9795302657838054,5.163241925350947,-1975.039060987802,5414.846344365945,2714.46141517598,89.99227985132664,104.03624346792648,39.6
2019-01-27,53.8,59.0,49.3,3.5,1.7,1.8,3.9,119.18569681929976,25.218106,110.039197,173.73,48.31117235721213,10.775726176329844,25.267834566630857,0.4482293417404106,0.9981707480458889,25.218106,635.952870227236,0.9795302657838054,5.163241925350947,-1975.039060987802,5414.846344365945,2714.46141517598,89.99227985132664,104.03624346792648,44.1
2019-01-28,56.9,63.0,51.8,1.6,1.9,3.3,7.8,4.035485455768104,25.218106,110.039197,173.73,51.17730337390474,10.79310440222947,25.403168186015204,0.4635502709028509,0.9981707480458889,25.218106,635.952870227236,0.9795302657838054,5.163241925350947,-1975.039060987802,5414.846344365945,2714.46141517598,89.99227985132664,104.03624346792648,45.8
2019-01-29,54.1,59.0,51.3,1.9,1.8,2.9,5.8,-34.258837689091074,25.218106,110.039197,173.73,48.73874558656713,10.810812329737624,25.54106706155256,0.47873384011578846,0.9981707480458889,25.218106,635.952870227236,0.9795302657838054,5.163241925350947,-1975.039060987802,5414.846344365945,2714.46141517598,89.99227985132664,104.03624346792648,45.1
2019-01-30,60.6,68.0,51.1,998.6,2.2,3.2,9.7,-71.53710340536138,25.218106,110.039197,173.73,54.68565214723625,10.828842009353712,25.681460593837517,0.49377555015997715,0.9981707480458889,25.218106,635.952870227236,0.9795302657838054,5.163241925350947,-1975.039060987802,5414.846344365945,2714.46141517598,89.99227985132664,104.03624346792648,52.7
2019-01-31,48.6,57.2,42.8,7.2,8.2,9.4,17.5,23.3,25.218106,110.039197,173.73,43.93110125343563,10.847185494675465,25.824276797552763,0.5086709438521044,0.9981707480458889,25.218106,635.952870227236,0.9795302657838054,5.163241925350947,-1975.039060987802,5414.846344365945,2714.46141517598,89.99227985132664,104.03624346792648,38.7
2019-02-01,52.3,57.9,42.3,3.0,3.4,2.7,7.8,52.71059617430813,25.218106,110.039197,173.73,47.35693022566117,10.865834851012124,25.969442347123397,0.5234156073655503,0.9981707480458889,25.218106,635.952870227236,0.9795302657838054,5.163241925350947,-1975.039060987802,5414.846344365945,2714.46141517598,89.99227985132664,104.03624346792648,39.3
2019-02-02,58.6,66.2,50.5,995.3,2.4,2.7,7.8,-25.2231807750804,25.218106,110.039197,173.73,53.15401956558282,10.884782163600578,26.116882624418174,0.5380051715382996,0.9981707480458889,25.218106,635.952870227236,0.9795302657838054,5.163241925350947,-1975.039060987802,5414.846344365945,2714.46141517598,89.99227985132664,104.03624346792648,53.8
2019-02-03,63.2,77.2,53.6,999.0,6.0,6.8,21.4,136.57134843892518,25.218106,110.039197,173.73,57.42783627251273,10.904019545413808,26.26652176848382,0.5524353131676196,0.9981707480458889,25.218106,635.952870227236,0.9795302657838054,5.163241925350947,-1975.039060987802,5414.846344365945,2714.46141517598,89.99227985132664,104.03624346792648,51.0
2019-02-04,55.5,59.0,51.8,0.8,5.0,3.6,5.8,49.37315574568595,25.218106,110.039197,173.73,50.52136854355748,10.923539144552969,26.418282727292073,0.5667017562911176,0.9981707480458889,25.218106,635.952870227236,0.9795302657838054,5.163241925350947,-1975.039060987802,5414.846344365945,2714.46141517598,89.99227985132664,104.03624346792648,39.5
2019-02-05,56.7,60.8,51.8,997.0,2.6,1.6,3.9,41.30828887665714,25.218106,110.039197,173.73,51.70724913949625,10.943333151216136,26.57208731147273,0.5808002734538009,0.9981707480458889,25.218106,635.952870227236,0.9795302657838054,5.163241925350947,-1975.039060987802,5414.846344365945,2714.46141517598,89.99227985132664,104.03624346792648,47.9
2019-02-06,69.2,78.8,55.4,990.7,5.9,6.1,17.5,35.140841194003336,25.218106,110.039197,173.73,63.22223760444269,10.963393804238615,26.72785624999939,0.5947266869607634,0.9981707480458889,25.218106,635.952870227236,0.9795302657838054,5.163241925350947,-1975.039060987802,5414.846344365945,2714.46141517598,89.99227985132664,104.03624346792648,58.9
2019-02-07,61.8,75.2,51.8,994.3,6.8,7.3,15.5,-112.8373801736463,25.218106,110.039197,173.73,56.56612399558649,10.98371339720126,26.885509247788324,0.6084768701151261,0.9981707480458889,25.218106,635.952870227236,0.9795302657838054,5.163241925350947,-1975.039060987802,5414.846344365945,2714.46141517598,89.99227985132664,104.03624346792648,52.3
2019-02-08,46.3,51.8,41.0,997.7,10.4,7.5,11.7,143.18756660341893,25.218106,110.039197,173.73,42.458196862838214,11.004284284104937,27.044965045164172,0.6220467484408675,0.9981707480458889,25.218106,635.952870227236,0.9795302657838054,5.163241925350947,-1975.039060987802,5414.846344365945,2714.46141517598,89.99227985132664,104.03624346792648,39.5
2019-02-09,41.1,44.6,39.2,3.6,10.3,7.0,9.7,47.00478466324839,25.218106,110.039197,173.73,37.760963679791786,11.02509888461074,27.20614147914025,0.6354323008901774,0.9981707480458889,25.218106,635.952870227236,0.9795302657838054,5.163241925350947,-1975.039060987802,5414.846344365945,2714.46141517598,89.99227985132664,104.03624346792648,33.8
2019-02-10,38.8,41.0,37.4,8.1,9.5,6.6,11.7,225.65763571019536,25.218106,110.039197,173.73,35.71588399393853,11.04614968884697,27.36895554645451,0.6486295610349814,0.9981707480458889,25.218106,635.952870227236,0.9795302657838054,5.163241925350947,-1975.039060987802,5414.846344365945,2714.46141517598,89.99227985132664,104.03624346792648,34.0
2019-02-11,40.5,42.8,37.2,8.7,9.5,3.7,5.8,23.17658673712038,25.218106,110.039197,173.73,37.35257375852534,11.067429261785286,27.533323468296402,0.6616346182422783,0.9981707480458889,25.218106,635.952870227236,0.9795302657838054,5.163241925350947,-1975.039060987802,5414.846344365945,2714.46141517598,89.99227985132664,104.03624346792648,34.4
2019-02-12,42.7,44.6,39.4,6.1,3.9,4.2,7.8,60.6219229891669,25.218106,110.039197,173.73,39.458110129582984,11.088930247189596,27.699160756653704,0.6744436188329455,0.9981707480458889,25.218106,635.952870227236,0.9795302657838054,5.163241925350947,-1975.039060987802,5414.846344365945,2714.46141517598,89.99227985132664,104.03624346792648,40.5
2019-02-13,42.5,44.6,41.0,5.0,7.9,5.0,7.8,-111.28409380349618,25.218106,110.039197,173.73,39.35020235612971,11.110645371142505,27.866382282202476,0.6870527672236669,0.9981707480458889,25.218106,635.952870227236,0.9795302657838054,5.163241925350947,-1975.039060987802,5414.846344365945,2714.46141517598,89.99227985132664,104.03624346792648,40.0
2019-02-14,42.9,44.6,41.0,3.7,8.3,4.8,7.8,44.49580959954774,25.218106,110.039197,173.73,39.79892861642959,11.13256744515513,28.034902343657585,0.699458327051647,0.9981707480458889,25.218106,635.952870227236,0.9795302657838054,5.163241925350947,-1975.039060987802,5414.846344365945,2714.46141517598,89.99227985132664,104.03624346792648,39.6
2019-02-15,42.5,44.6,41.0,3.6,8.2,5.0,7.8,75.90105554026364,25.218106,110.039197,173.73,39.506191514737615,11.154689368867091,28.204634738495834,0.7116566222817746,0.9981707480458889,25.218106,635.952870227236,0.9795302657838054,5.163241925350947,-1975.039060987802,5414.846344365945,2714.46141517598,89.99227985132664,104.03624346792648,39.3
2019-02-16,41.9,44.6,40.6,2.8,8.3,5.4,9.7,81.45529237255187,25.218106,110.039197,173.73,39.02637276210242,11.177004132344369,28.37549283495821,0.7236440382959124,0.9981707480458889,25.218106,635.952870227236,0.9795302657838054,5.163241925350947,-1975.039060987802,5414.846344365945,2714.46141517598,89.99227985132664,104.03624346792648,38.7
2019-02-17,40.4,41.0,39.0,1.2,3.6,4.1,7.8,75.758983251901,25.218106,110.039197,173.73,37.70499955387788,11.199504817983529,28.5473896452328,0.7354170229639855,0.9981707480458889,25.218106,635.952870227236,0.9795302657838054,5.163241925350947,-1975.039060987802,5414.846344365945,2714.46141517598,89.99227985132664,104.03624346792648,38.9
2019-02-18,41.3,44.6,39.0,998.1,9.8,4.5,9.7,-41.015772261974604,25.218106,110.039197,173.73,38.62301867199178,11.222184602031511,28.720237899715045,0.7469720876965552,0.9981707480458889,25.218106,635.952870227236,0.9795302657838054,5.163241925350947,-1975.039060987802,5414.846344365945,2714.46141517598,89.99227985132664,104.03624346792648,37.6
2019-02-19,42.3,44.1,40.5,0.1,7.2,4.5,5.8,174.75269061101912,25.218106,110.039197,173.73,39.63875456395107,11.2450367557308,28.893950122237314,0.7583058084785624,0.9981707480458889,25.218106,635.952870227236,0.9795302657838054,5.163241925350947,-1975.039060987802,5414.846344365945,2714.46141517598,89.99227985132664,104.03624346792648,39.1
2019-02-20,43.2,44.8,41.0,1.2,7.7,4.5,7.8,226.66641304831592,25.218106,110.039197,173.73,40.56499672596132,11.268054646100367,29.068438706155565,0.7694148268839378,0.9981707480458889,25.218106,635.952870227236,0.9795302657838054,5.163241925350947,-1975.039060987802,5414.846344365945,2714.46141517598,89.99227985132664,104.03624346792648,40.9
2019-02-21,44.4,48.2,41.7,4.1,9.6,5.7,9.7,-96.80124072843668,25.218106,110.039197,173.73,41.777557424544,11.291231736363244,29.24361599117677,0.7802958510707755,0.9981707480458889,25.218106,635.952870227236,0.9795302657838054,5.163241925350947,-1975.039060987802,5414.846344365945,2714.46141517598,89.99227985132664,104.03624346792648,39.0
2019-02-22,45.7,50.0,42.1,2.1,5.4,6.4,9.7,142.30180644645844,25.218106,110.039197,173.73,43.0896220401384,11.314561586031965,29.41939434080684,0.7909456567567772,0.9981707480458889,25.218106,635.952870227236,0.9795302657838054,5.163241925350947,-1975.039060987802,5414.846344365945,2714.46141517598,89.99227985132664,104.03624346792648,38.8
2019-02-23,43.9,46.4,41.7,2.0,7.1,4.8,7.8,-28.028432143962505,25.218106,110.039197,173.73,41.478321803677304,11.3380378506635,29.59568622029576,0.8013610881746766,0.9981707480458889,25.218106,635.952870227236,0.9795302657838054,5.163241925350947,-1975.039060987802,5414.846344365945,2714.46141517598,89.99227985132664,104.03624346792648,39.9
2019-02-24,48.6,53.6,42.8,1.1,6.5,3.7,11.7,58.94511727084661,25.218106,110.039197,173.73,46.01469983924676,11.361654281295495,29.772404274953185,0.8115390590073611,0.9981707480458889,25.218106,635.952870227236,0.9795302657838054,5.163241925350947,-1975.039060987802,5414.846344365945,2714.46141517598,89.99227985132664,104.03624346792648,40.2
2019-02-25,51.9,56.5,46.4,0.5,4.9,3.5,9.7,-17.2112622388115,25.218106,110.039197,173.73,49.24187542946593,11.385404723575936,29.949461408704998,0.8214765533024142,0.9981707480458889,25.218106,635.952870227236,0.9795302657838054,5.163241925350947,-1975.039060987802,5414.846344365945,2714.46141517598,89.99227985132664,104.03624346792648,43.1
2019-02-26,49.2,50.0,48.2,998.4,2.9,3.4,5.8,163.7158495180458,25.218106,110.039197,173.73,46.778060778053586,11.409283116598436,30.1267708627591,0.8311706263658079,0.9981707480458889,25.218106,635.952870227236,0.9795302657838054,5.163241925350947,-1975.039060987802,5414.846344365945,2714.46141517598,89.99227985132664,104.03624346792648,47.2
2019-02-27,49.0,52.5,46.4,998.2,7.3,4.9,7.8,-85.78873752336824,25.218106,110.039197,173.73,46.68590759010988,11.43328349145548,30.304246294246447,0.8406184056344782,0.9981707480458889,25.218106,635.952870227236,0.9795302657838054,5.163241925350947,-1975.039060987802,5414.846344365945,2714.46141517598,89.99227985132664,104.03624346792648,45.6
2019-02-28,47.8,50.2,44.6,998.4,4.7,4.6,13.6,20.48082614407688,25.218106,110.039197,173.73,45.63864321192939,11.457399969522024,30.48180185470168,0.8498170915275278,0.9981707480458889,25.218106,635.952870227236,0.9795302657838054,5.163241925350947,-1975.039060987802,5414.846344365945,2714.46141517598,89.99227985132664,104.03624346792648,43.4
2019-03-01,47.9,48.6,45.7,996.2,3.9,2.6,5.8,-1.0012649231889803,25.218106,110.039197,173.73,45.83082681892335,11.481626760481841,30.65935226824629,0.8587639582758029,0.9981707480458889,25.218106,635.952870227236,0.9795302657838054,5.163241925350947,-1975.039060987802,5414.846344365945,2714.46141517598,89.99227985132664,104.03624346792648,46.2
2019-03-02,49.3,51.8,46.4,994.3,6.1,4.7,9.7,-18.29767029065074,25.218106,110.039197,173.73,47.27031144111456,11.50595816010902,30.836812909336388,0.8674563547295969,0.9981707480458889,25.218106,635.952870227236,0.9795302657838054,5.163241925350947,-1975.039060987802,5414.846344365945,2714.46141517598,89.99227985132664,104.03624346792648,47.6
2019-03-03,54.0,63.7,47.8,996.0,6.9,3.7,5.8,45.62423170436323,25.218106,110.039197,173.73,51.8867484651761,11.53038854781691,31.0140998799365,0.8758917051442429,0.9981707480458889,25.218106,635.952870227236,0.9795302657838054,5.163241925350947,-1975.039060987802,5414.846344365945,2714.46141517598,89.99227985132664,104.03624346792648,46.0
2019-03-04,52.1,55.4,49.6,992.5,2.0,2.7,5.8,-77.52653041910492,25.218106,110.039197,173.73,50.16757793380925,11.554912383986775,31.19113008598038,0.8840675099433636,0.9981707480458889,25.218106,635.952870227236,0.9795302657838054,5.163241925350947,-1975.039060987802,5414.846344365945,2714.46141517598,89.99227985132664,104.03624346792648,50.3
2019-03-05,56.0,59.4,50.9,993.6,5.0,3.8,7.8,61.90806527795883,25.218106,110.039197,173.73,54.03777963307876,11.579524207088307,31.367821312980436,0.8919813464595485,0.9981707480458889,25.218106,635.952870227236,0.9795302657838054,5.163241925350947,-1975.039060987802,5414.846344365945,2714.46141517598,89.99227985132664,104.03624346792648,53.9
2019-03-06,55.2,62.1,51.8,999.0,6.3,5.1,13.6,189.17203498648212,25.218106,110.039197,173.73,53.379405700778236,11.604218630603963,31.54409230064738,0.8996308696522433,0.9981707480458889,25.218106,635.952870227236,0.9795302657838054,5.163241925350947,-1975.039060987802,5414.846344365945,2714.46141517598,89.99227985132664,104.03624346792648,49.5
2019-03-07,51.0,53.6,49.5,999.7,2.8,3.0,7.8,84.87699066550884,25.218106,110.039197,173.73,49.42320894401835,11.628990339769024,31.719862816383053,0.9070138128026359,0.9981707480458889,25.218106,635.952870227236,0.9795302657838054,5.163241925350947,-1975.039060987802,5414.846344365945,2714.46141517598,89.99227985132664,104.03624346792648,48.4
2019-03-08,50.4,53.6,48.2,997.3,2.4,3.3,7.8,102.9696395786906,25.218106,110.039197,173.73,48.946103170183896,11.653834088139023,31.89505372751041,0.9141279881853337,0.9981707480458889,25.218106,635.952870227236,0.9795302657838054,5.163241925350947,-1975.039060987802,5414.846344365945,2714.46141517598,89.99227985132664,104.03624346792648,47.0
2019-03-09,53.3,60.3,48.2,996.6,7.2,3.6,11.7,-9.387660457792158,25.218106,110.039197,173.73,51.87309101583282,11.678744693996133,32.06958707210649,0.9209712877166346,0.9981707480458889,25.218106,635.952870227236,0.9795302657838054,5.163241925350947,-1975.039060987802,5414.846344365945,2714.46141517598,89.99227985132664,104.03624346792648,48.0
2019-03-10,58.2,68.2,48.2,997.0,5.7,2.6,5.8,-22.983063944801536,25.218106,110.039197,173.73,56.76302762753804,11.70371703660578,32.243386128306135,0.9275416835791966,0.9981707480458889,25.218106,635.952870227236,0.9795302657838054,5.163241925350947,-1975.039060987802,5414.846344365945,2714.46141517598,89.99227985132664,104.03624346792648,48.0
2019-03-11,61.0,76.3,46.4,997.0,7.0,3.2,5.8,17.870847039582436,25.218106,110.039197,173.73,59.621125766034794,11.728746052334714,32.41637548194663,0.9338372288229252,0.9981707480458889,25.218106,635.952870227236,0.9795302657838054,5.163241925350947,-1975.039060987802,5414.846344365945,2714.46141517598,89.99227985132664,104.03624346792648,43.5
2019-03-12,66.2,78.8,50.0,996.5,5.7,2.6,3.9,-125.47563728163271,25.218106,110.039197,173.73,64.84194413070554,11.753826730641487,32.588481092426555,0.9398560579418954,0.9981707480458889,25.218106,635.952870227236,0.9795302657838054,5.163241925350947,-1975.039060987802,5414.846344365945,2714.46141517598,89.99227985132664,104.03624346792648,51.3
2019-03-13,64.9,73.4,59.0,999.9,3.5,3.1,5.8,143.13633048494222,25.218106,110.039197,173.73,63.70451014464701,11.778954109950138,32.759630356654554,0.9455963874271426,0.9981707480458889,25.218106,635.952870227236,0.9795302657838054,5.163241925350947,-1975.039060987802,5414.846344365945,2714.46141517598,89.99227985132664,104.03624346792648,55.0
2019-03-14,60.4,68.0,57.2,2.8,5.5,6.2,13.6,-65.02358034938034,25.218106,110.039197,173.73,59.414087142869285,11.804123273417739,32.92975217096808,0.9510565162951535,0.9981707480458889,25.218106,635.952870227236,0.9795302657838054,5.163241925350947,-1975.039060987802,5414.846344365945,2714.46141517598,89.99227985132664,104.03624346792648,52.3
2019-03-15,58.2,60.8,55.4,3.7,4.6,3.0,7.8,119.75177006169385,25.218106,110.039197,173.73,57.37224732134017,11.829329344606219,33.09877699090534,0.9562348265919056,0.9981707480458889,25.218106,635.952870227236,0.9795302657838054,5.163241925350947,-1975.039060987802,5414.846344365945,2714.46141517598,89.99227985132664,104.03624346792648,51.4
2019-03-16,55.6,58.6,53.2,1.9,3.1,1.7,5.8,-99.63586144236604,25.218106,110.039197,173.73,54.926162671552085,11.854567483068795,33.26663688871817,0.9611297838723007,0.9981707480458889,25.218106,635.952870227236,0.9795302657838054,5.163241925350947,-1975.039060987802,5414.846344365945,2714.46141517598,89.99227985132664,104.03624346792648,52.4
2019-03-17,55.3,56.1,53.2,0.4,2.6,1.7,5.8,86.89723168760152,25.218106,110.039197,173.73,54.74622985469352,11.879832879861162,33.43326560851776,0.9657399376548549,0.9981707480458889,25.218106,635.952870227236,0.9795302657838054,5.163241925350947,-1975.039060987802,5414.846344365945,2714.46141517598,89.99227985132664,104.03624346792648,53.6
2019-03-18,58.6,60.8,55.0,997.7,3.5,1.7,3.9,-72.29555097862368,25.218106,110.039197,173.73,58.136673010421944,11.905120752987429,33.598598618950305,0.9700639218515071,0.9981707480458889,25.218106,635.952870227236,0.9795302657838054,5.163241925350947,-1975.039060987802,5414.846344365945,2714.46141517598,89.99227985132664,104.03624346792648,55.9
2019-03-19,62.7,71.6,57.2,992.1,1.9,2.8,13.6,-124.51588221284806,25.218106,110.039197,173.73,62.33647764108153,11.930426342790723,33.762573163304275,0.9741004551724205,0.9981707480458889,25.218106,635.952870227236,0.9795302657838054,5.163241925350947,-1975.039060987802,5414.846344365945,2714.46141517598,89.99227985132664,104.03624346792648,61.0
2019-03-20,74.3,80.2,61.3,989.0,5.9,7.9,15.5,68.49345572976456,25.218106,110.039197,173.73,74.02598721768818,11.955744907298227,33.92512830695659,0.9778483415056568,0.9981707480458889,25.218106,635.952870227236,0.9795302657838054,5.163241925350947,-1975.039060987802,5414.846344365945,2714.46141517598,89.99227985132664,104.03624346792648,68.0
2019-03-21,71.5,86.2,55.4,989.0,7.3,9.5,17.5,33.0,25.218106,110.039197,173.73,71.38721898361842,11.981071717530364,34.086204982070555,0.9813064702716093,0.9981707480458889,25.218106,635.952870227236,0.9795302657838054,5.163241925350947,-1975.039060987802,5414.846344365945,2714.46141517598,89.99227985132664,104.03624346792648,63.0
2019-03-22,53.5,59.0,49.8,998.7,9.7,8.9,13.6,-23.15576243978753,25.218106,110.039197,173.73,53.52854248532756,12.006402052783754,34.24574602946411,0.9844738167520922,0.9981707480458889,25.218106,635.952870227236,0.9795302657838054,5.163241925350947,-1975.039060987802,5414.846344365945,2714.46141517598,89.99227985132664,104.03624346792648,45.8
2019-03-23,50.4,53.6,48.2,3.9,7.0,6.1,13.6,67.5466144218853,25.218106,110.039197,173.73,50.53327102276946,12.031731195897493,34.40369623757312,0.9873494423939864,0.9981707480458889,25.218106,635.952870227236,0.9795302657838054,5.163241925350947,-1975.039060987802,5414.846344365945,2714.46141517598,89.99227985132664,104.03624346792648,44.7
2019-03-24,51.1,54.1,48.2,0.5,2.7,1.5,5.8,23.61288924404765,25.218106,110.039197,173.73,51.34295677474838,12.05705442851234,34.56000237844059,0.989932495087353,0.9981707480458889,25.218106,635.952870227236,0.9795302657838054,5.163241925350947,-1975.039060987802,5414.846344365945,2714.46141517598,89.99227985132664,104.03624346792648,47.6
2019-03-25,59.4,68.0,48.6,999.1,5.3,2.3,5.8,-86.75655942658021,25.218106,110.039197,173.73,59.80771678034481,12.082367026332285,34.71461324066924,0.9922222094179323,0.9981707480458889,25.218106,635.952870227236,0.9795302657838054,5.163241925350947,-1975.039060987802,5414.846344365945,2714.46141517598,89.99227985132664,104.03624346792648,53.4
2019-03-26,59.9,60.8,57.2,997.9,1.3,0.7,1.9,129.23185766080996,25.218106,110.039197,173.73,60.43742406987043,12.107664254398083,34.86747965928126,0.994217906893952,0.9981707480458889,25.218106,635.952870227236,0.9795302657838054,5.163241925350947,-1975.039060987802,5414.846344365945,2714.46141517598,89.99227985132664,104.03624346792648,58.9
2019-03-27,65.1,69.8,60.1,994.2,1.1,1.1,3.9,0.21287518535491756,25.218106,110.039197,173.73,65.8212068909237,12.132941362382253,35.01855454243625,0.995918996147179,0.9981707480458889,25.218106,635.952870227236,0.9795302657838054,5.163241925350947,-1975.039060987802,5414.846344365945,2714.46141517598,89.99227985132664,104.03624346792648,64.3
2019-03-28,70.3,78.8,60.8,990.9,3.3,3.9,7.8,25.3,25.218106,110.039197,173.73,71.22675072233642,12.158193579915178,35.16779289496462,0.9973249731081555,0.9981707480458889,25.218106,635.952870227236,0.9795302657838054,5.163241925350947,-1975.039060987802,5414.846344365945,2714.46141517598,89.99227985132664,104.03624346792648,66.9
2019-03-29,66.2,77.0,57.2,992.2,5.6,2.4,7.8,65.7157722108677,25.218106,110.039197,173.73,67.21184555093504,12.18341611195197,35.31515183868132,0.9984354211555643,0.9981707480458889,25.218106,635.952870227236,0.9795302657838054,5.163241925350947,-1975.039060987802,5414.846344365945,2714.46141517598,89.99227985132664,104.03624346792648,59.4
2019-03-30,73.6,83.7,59.0,993.8,6.3,4.5,9.7,16.255775461026214,25.218106,110.039197,173.73,74.8794386896975,12.208604134189809,35.46059062945125,0.9992500112396835,0.9981707480458889,25.218106,635.952870227236,0.9795302657838054,5.163241925350947,-1975.039060987802,5414.846344365945,2714.46141517598,89.99227985132664,104.03624346792648,60.0
2019-03-31,56.8,62.6,55.0,0.4,5.1,5.1,9.7,39.18690116612642,25.218106,110.039197,173.73,57.90642986578257,12.233752788545614,35.60407067098555,0.9997685019798909,0.9981707480458889,25.218106,635.952870227236,0.9795302657838054,5.163241925350947,-1975.039060987802,5414.846344365945,2714.46141517598,89.99227985132664,104.03624346792648,52.2
2019-04-01,57.7,60.8,55.4,1.3,5.0,2.5,5.8,-28.853722166604364,25.218106,110.039197,173.73,58.94467160093509,12.258857178704003,35.74555552535436,0.9999907397361901,0.9981707480458889,25.218106,635.952870227236,0.9795302657838054,5.163241925350947,-1975.039060987802,5414.846344365945,2714.46141517598,89.99227985132664,104.03624346792648,53.3
2019-04-02,59.8,60.8,55.9,996.8,1.9,1.9,11.7,-51.664945379496366,25.218106,110.039197,173.73,61.21482995596573,12.283912365745634,35.885010920209375,0.9999166586547379,0.9981707480458889,25.218106,635.952870227236,0.9795302657838054,5.163241925350947,-1975.039060987802,5414.846344365945,2714.46141517598,89.99227985132664,104.03624346792648,58.6
2019-04-03,59.3,64.4,55.4,999.7,7.0,4.8,9.7,26.744139952549965,25.218106,110.039197,173.73,60.82654687310491,12.308913363866086,36.0224047527165,0.9995462806873573,0.9981707480458889,25.218106,635.952870227236,0.9795302657838054,5.163241925350947,-1975.039060987802,5414.846344365945,2714.46141517598,89.99227985132664,104.03624346792648,54.9
2019-04-04,58.6,62.6,54.3,999.0,3.8,1.6,5.8,0.5337576529584105,25.218106,110.039197,173.73,60.230325915089296,12.33385513619576,36.157707090206216,0.9988797155850336,0.9981707480458889,25.218106,635.952870227236,0.9795302657838054,5.163241925350947,-1975.039060987802,5414.846344365945,2714.46141517598,89.99227985132664,104.03624346792648,56.2
2019-04-05,65.8,78.8,53.8,996.2,4.9,2.4,5.8,-9.413851463599588,25.218106,110.039197,173.73,67.76705037250974,12.358732590731261,36.290890167556185,0.9979171608653922,0.9981707480458889,25.218106,635.952870227236,0.9795302657838054,5.163241925350947,-1975.039060987802,5414.846344365945,2714.46141517598,89.99227985132664,104.03624346792648,59.4
2019-04-06,68.8,73.4,59.4,993.1,3.4,2.3,5.8,47.786601792958656,25.218106,110.039197,173.73,70.99896597129688,12.383540576388993,36.42192838132776,0.9966589017541702,0.9981707480458889,25.218106,635.952870227236,0.9795302657838054,5.163241925350947,-1975.039060987802,5414.846344365945,2714.46141517598,89.99227985132664,104.03624346792648,64.5
2019-04-07,74.8,87.8,64.4,991.3,4.2,3.4,13.6,59.38701181922047,25.218106,110.039197,173.73,77.34490718029613,12.408273879191894,36.55079828068523,0.9951053111006976,0.9981707480458889,25.218106,635.952870227236,0.9795302657838054,5.163241925350947,-1975.039060987802,5414.846344365945,2714.46141517598,89.99227985132664,104.03624346792648,66.4
2019-04-08,77.7,82.4,69.3,987.8,5.7,7.9,15.5,-115.08841044211312,25.218106,110.039197,173.73,80.50320374043721,12.432927218600343,36.6774785551332,0.9932568492674143,0.9981707480458889,25.218106,635.952870227236,0.9795302657838054,5.163241925350947,-1975.039060987802,5414.846344365945,2714.46141517598,89.99227985132664,104.03624346792648,69.3
2019-04-09,78.4,89.6,62.6,988.4,6.9,8.1,15.5,-11.821375269095274,25.218106,110.039197,173.73,81.38896892745701,12.45749524399852,36.80195001911438,0.9911140639934547,0.9981707480458889,25.218106,635.952870227236,0.9795302657838054,5.163241925350947,-1975.039060987802,5414.846344365945,2714.46141517598,89.99227985132664,104.03624346792648,67.5
2019-04-10,61.4,66.2,53.6,993.2,6.7,6.8,9.7,0.021555907109839012,25.218106,110.039197,173.73,63.86609278539549,12.481972531347653,36.9241955935167,0.9886775902323405,0.9981707480458889,25.218106,635.952870227236,0.9795302657838054,5.163241925350947,-1975.039060987802,5414.846344365945,2714.46141517598,89.99227985132664,104.03624346792648,51.5
2019-04-11,59.1,66.2,53.6,995.2,7.4,4.9,15.5,-82.48167539712244,25.218106,110.039197,173.73,61.59379138158736,12.506353580017736,37.04420028414492,0.9859481499638304,0.9981707480458889,25.218106,635.952870227236,0.9795302657838054,5.163241925350947,-1975.039060987802,5414.846344365945,2714.46141517598,89.99227985132664,104.03624346792648,51.8
2019-04-12,63.5,69.8,55.2,994.1,5.2,3.6,5.8,-44.946381945398215,25.218106,110.039197,173.73,66.30793195190893,12.53063280980956,37.16195115721835,0.9829265519799822,0.9981707480458889,25.218106,635.952870227236,0.9795302657838054,5.163241925350947,-1975.039060987802,5414.846344365945,2714.46141517598,89.99227985132664,104.03624346792648,56.0
2019-04-13,63.2,64.6,58.6,994.4,2.0,2.3,5.8,-120.25570019228196,25.218106,110.039197,173.73,66.12197067307557,12.554804558178905,37.2774373119621,0.9796136916454901,0.9981707480458889,25.218106,635.952870227236,0.9795302657838054,5.163241925350947,-1975.039060987802,5414.846344365945,2714.46141517598,89.99227985132664,104.03624346792648,61.4
2019-04-14,64.0,68.0,60.6,997.7,5.0,5.3,11.7,235.54583187220481,25.218106,110.039197,173.73,67.08726974760022,12.57886307767504,37.390649850365314,0.9760105506323683,0.9981707480458889,25.218106,635.952870227236,0.9795302657838054,5.163241925350947,-1975.039060987802,5414.846344365945,2714.46141517598,89.99227985132664,104.03624346792648,58.7
2019-04-15,60.6,66.2,57.2,996.3,3.0,2.9,5.8,64.6096022349045,25.218106,110.039197,173.73,63.64415279470869,12.60280253360568,37.501581844185246,0.9721181966290613,0.9981707480458889,25.218106,635.952870227236,0.9795302657838054,5.163241925350947,-1975.039060987802,5414.846344365945,2714.46141517598,89.99227985132664,104.03624346792648,57.3
2019-04-16,68.2,81.1,57.7,994.3,6.4,2.4,3.9,-97.83235774511543,25.218106,110.039197,173.73,71.76127329436294,12.626617001940692,37.610228299281374,0.9679377830240642,0.9981707480458889,25.218106,635.952870227236,0.9795302657838054,5.163241925350947,-1975.039060987802,5414.846344365945,2714.46141517598,89.99227985132664,104.03624346792648,61.0
2019-04-17,73.1,79.3,60.4,991.2,5.3,2.8,5.8,-154.31515872066328,25.218106,110.039197,173.73,77.06141368098615,12.650300467466948,37.71658611736902,0.9634705485641488,0.9981707480458889,25.218106,635.952870227236,0.9795302657838054,5.163241925350947,-1975.039060987802,5414.846344365945,2714.46141517598,89.99227985132664,104.03624346792648,66.1
2019-04-18,71.1,73.4,69.8,986.2,2.5,2.6,7.8,60.68959708349666,25.218106,110.039197,173.73,75.09254242157445,12.67384682220666,37.82065405528635,0.9587178169872964,0.9981707480458889,25.218106,635.952870227236,0.9795302657838054,5.163241925350947,-1975.039060987802,5414.846344365945,2714.46141517598,89.99227985132664,104.03624346792648,70.3
2019-04-19,74.5,81.7,69.8,985.3,3.2,3.2,7.8,1.7274036351419735,25.218106,110.039197,173.73,78.82875957302645,12.697249864111642,37.922432681873474,0.9536809966304457,0.9981707480458889,25.218106,635.952870227236,0.9795302657838054,5.163241925350947,-1975.039060987802,5414.846344365945,2714.46141517598,89.99227985132664,104.03624346792648,71.7
2019-04-20,75.8,78.8,70.3,985.7,4.4,2.6,3.9,74.7018027654639,25.218106,110.039197,173.73,80.35117915335647,12.72050329604588,38.02192433256636,0.9483615800121715,0.9981707480458889,25.218106,635.952870227236,0.9795302657838054,5.163241925350947,-1975.039060987802,5414.846344365945,2714.46141517598,89.99227985132664,104.03624346792648,71.9
2019-04-21,75.4,80.8,68.0,987.3,4.5,3.9,9.7,131.27512771231937,25.218106,110.039197,173.73,80.07229122251451,12.743600725068623,38.11913306181201,0.9427611433904207,0.9981707480458889,25.218106,635.952870227236,0.9795302657838054,5.163241925350947,-1975.039060987802,5414.846344365945,2714.46141517598,89.99227985132664,104.03624346792648,71.1
2019-04-22,74.7,81.7,67.6,988.9,6.4,3.6,7.8,35.07894851643132,25.218106,110.039197,173.73,79.47168449613827,12.766535662030241,38.21406459341542,0.9368813462954315,0.9981707480458889,25.218106,635.952870227236,0.9795302657838054,5.163241925350947,-1975.039060987802,5414.846344365945,2714.46141517598,89.99227985132664,104.03624346792648,69.1
2019-04-23,75.6,80.6,71.6,988.6,2.8,2.7,7.8,-58.5390725271166,25.218106,110.039197,173.73,80.57259958540425,12.789301521492739,38.306726268931364,0.9307239310379795,0.9981707480458889,25.218106,635.952870227236,0.9795302657838054,5.163241925350947,-1975.039060987802,5414.846344365945,2714.46141517598,89.99227985132664,104.03624346792648,72.4
2019-04-24,77.8,89.6,68.0,987.7,5.2,5.2,15.5,25.3,25.218106,110.039197,173.73,83.06376401588054,12.811891621986714,38.397126994217345,0.9242907221930933,0.9981707480458889,25.218106,635.952870227236,0.9795302657838054,5.163241925350947,-1975.039060987802,5414.846344365945,2714.46141517598,89.99227985132664,104.03624346792648,71.5
2019-04-25,76.3,84.7,68.5,989.4,4.3,2.0,5.8,75.15011340533806,25.218106,110.039197,173.73,81.6047523282345,12.834299186616175,38.48527718426663,0.9175836260593937,0.9981707480458889,25.218106,635.952870227236,0.9795302657838054,5.163241925350947,-1975.039060987802,5414.846344365945,2714.46141517598,89.99227985132664,104.03624346792648,71.6
2019-04-26,75.7,83.1,69.8,990.3,6.4,3.5,5.8,11.7,25.218106,110.039197,173.73,81.10319691187372,12.856517344022256,38.57118870644228,0.9106046300942162,0.9981707480458889,25.218106,635.952870227236,0.9795302657838054,5.163241925350947,-1975.039060987802,5414.846344365945,2714.46141517598,89.99227985132664,104.03624346792648,70.6
2019-04-27,72.5,76.5,69.8,991.4,7.2,2.7,9.7,154.37530012315955,25.218106,110.039197,173.73,77.80784057537049,12.878539129716495,38.654874822234746,0.9033558023246845,0.9981707480458889,25.218106,635.952870227236,0.9795302657838054,5.163241925350947,-1975.039060987802,5414.846344365945,2714.46141517598,89.99227985132664,104.03624346792648,68.9
2019-04-28,72.1,76.1,68.9,991.0,2.4,2.2,5.8,28.229285385016794,25.218106,110.039197,173.73,77.50964790582735,12.900357487793736,38.73635012766785,0.895839290734909,0.9981707480458889,25.218106,635.952870227236,0.9795302657838054,5.163241925350947,-1975.039060987802,5414.846344365945,2714.46141517598,89.99227985132664,104.03624346792648,70.7
2019-04-29,65.7,77.0,60.8,990.5,7.0,4.0,9.7,56.512322084993755,25.218106,110.039197,173.73,70.74775986986249,12.921965273034244,38.815630492478,0.8880573226294932,0.9981707480458889,25.218106,635.952870227236,0.9795302657838054,5.163241925350947,-1975.039060987802,5414.846344365945,2714.46141517598,89.99227985132664,104.03624346792648,62.3
2019-04-30,62.5,68.0,57.2,992.7,5.1,1.9,7.8,-19.445529693490904,25.218106,110.039197,173.73,67.41330861147813,12.9433552534038,38.89273299819322,0.8800122039735357,0.9981707480458889,25.218106,635.952870227236,0.9795302657838054,5.163241925350947,-1975.039060987802,5414.846344365945,2714.46141517598,89.99227985132664,104.03624346792648,59.6
2019-05-01,72.5,84.2,59.7,992.5,7.6,5.2,13.6,-4.144970073375049,25.218106,110.039197,173.73,78.32730901579974,12.964520112959956,38.96767587523841,0.8717063187093218,0.9981707480458889,25.218106,635.952870227236,0.9795302657838054,5.163241925350947,-1975.039060987802,5414.846344365945,2714.46141517598,89.99227985132664,104.03624346792648,55.9
2019-05-02,67.7,77.0,59.0,995.1,5.4,4.1,11.7,69.15604959079543,25.218106,110.039197,173.73,73.25959426792673,12.985452455171652,39.04047843919369,0.8631421280499114,0.9981707480458889,25.218106,635.952870227236,0.9795302657838054,5.163241925350947,-1975.039060987802,5414.846344365945,2714.46141517598,89.99227985132664,104.03624346792648,56.8
2019-05-03,68.7,77.0,61.5,995.3,4.1,1.9,3.9,129.29400996711712,25.218106,110.039197,173.73,74.46017901812007,13.006144806658526,39.111161026332056,0.854322169749827,0.9981707480458889,25.218106,635.952870227236,0.9795302657838054,5.163241925350947,-1975.039060987802,5414.846344365945,2714.46141517598,89.99227985132664,104.03624346792648,62.5
2019-05-04,66.6,68.0,64.4,993.0,2.1,0.9,3.9,36.50686114918969,25.218106,110.039197,173.73,72.29757239852171,13.026589621355265,39.17974492856238,0.8452490573530633,0.9981707480458889,25.218106,635.952870227236,0.9795302657838054,5.163241925350947,-1975.039060987802,5414.846344365945,2714.46141517598,89.99227985132664,104.03624346792648,65.6
2019-05-05,68.5,71.6,66.0,989.7,4.5,1.6,5.8,77.59906410244164,25.218106,110.039197,173.73,74.47536508580858,13.046779285105151,39.2462523279024,0.8359254794186372,0.9981707480458889,25.218106,635.952870227236,0.9795302657838054,5.163241925350947,-1975.039060987802,5414.846344365945,2714.46141517598,89.99227985132664,104.03624346792648,67.3
2019-05-06,66.5,69.8,64.4,991.5,8.7,4.9,9.7,-58.83381097803899,25.218106,110.039197,173.73,72.41132975213385,13.066706120685808,39.31070623060561,0.8263541987239096,0.9981707480458889,25.218106,635.952870227236,0.9795302657838054,5.163241925350947,-1975.039060987802,5414.846344365945,2714.46141517598,89.99227985132664,104.03624346792648,62.6
2019-05-07,63.5,66.2,60.6,991.7,6.8,3.3,7.8,-49.446859242169296,25.218106,110.039197,173.73,69.2486676643812,13.08636239326889,39.373130401063776,0.8165380514459161,0.9981707480458889,25.218106,635.952870227236,0.9795302657838054,5.163241925350947,-1975.039060987802,5414.846344365945,2714.46141517598,89.99227985132664,104.03624346792648,61.0
2019-05-08,65.0,69.8,60.6,992.0,7.7,3.9,7.8,22.373886390049414,25.218106,110.039197,173.73,70.98942671336745,13.10574031631399,39.433549295605495,0.8064799463209448,0.9981707480458889,25.218106,635.952870227236,0.9795302657838054,5.163241925350947,-1975.039060987802,5414.846344365945,2714.46141517598,89.99227985132664,104.03624346792648,58.7
2019-05-09,66.1,73.4,60.8,991.8,5.4,2.5,5.8,-61.90023014355263,25.218106,110.039197,173.73,72.2959499189085,13.124832057895647,39.491987996308644,0.7961828637826158,0.9981707480458889,25.218106,635.952870227236,0.9795302657838054,5.163241925350947,-1975.039060987802,5414.846344365945,2714.46141517598,89.99227985132664,104.03624346792648,60.5
2019-05-10,73.9,84.4,61.7,992.1,7.7,2.8,5.8,40.998103464010015,25.218106,110.039197,173.73,80.94285319477927,13.143629747460775,39.5484721449424,0.7856498550787147,0.9981707480458889,25.218106,635.952870227236,0.9795302657838054,5.163241925350947,-1975.039060987802,5414.846344365945,2714.46141517598,89.99227985132664,104.03624346792648,61.8
2019-05-11,75.8,82.4,67.1,992.0,5.1,1.9,3.9,-34.20289082198715,25.218106,110.039197,173.73,83.14075930102665,13.162125483012137,39.60302787715156,0.7748840413670407,0.9981707480458889,25.218106,635.952870227236,0.9795302657838054,5.163241925350947,-1975.039060987802,5414.846344365945,2714.46141517598,89.99227985132664,104.03624346792648,67.5
2019-05-12,77.4,84.2,69.8,990.0,2.8,1.4,5.8,76.81847217558266,25.218106,110.039197,173.73,85.01300813469159,13.180311338711872,39.655681756993154,0.7638886127905428,0.9981707480458889,25.218106,635.952870227236,0.9795302657838054,5.163241925350947,-1975.039060987802,5414.846344365945,2714.46141517598,89.99227985132664,104.03624346792648,73.3
2019-05-13,78.0,86.0,69.8,989.6,6.4,5.3,11.7,88.80084716858167,25.218106,110.039197,173.73,85.788165923832,13.19817937289723,39.706460711931925,0.7526668275320085,0.9981707480458889,25.218106,635.952870227236,0.9795302657838054,5.163241925350947,-1975.039060987802,5414.846344365945,2714.46141517598,89.99227985132664,104.03624346792648,70.5
2019-05-14,78.0,85.1,69.1,987.9,3.9,1.9,5.8,3.9633508679638654,25.218106,110.039197,173.73,85.90219063724251,13.215721636498849,39.75539196839826,0.7412220108485958,0.9981707480458889,25.218106,635.952870227236,0.9795302657838054,5.163241925350947,-1975.039060987802,5414.846344365945,2714.46141517598,89.99227985132664,104.03624346792648,72.7
2019-05-15,80.9,86.4,75.2,987.1,5.5,3.5,9.7,-58.52707050409861,25.218106,110.039197,173.73,89.21200430930557,13.232930181850023,39.80250298800773,0.7295575540864875,0.9981707480458889,25.218106,635.952870227236,0.9795302657838054,5.163241925350947,-1975.039060987802,5414.846344365945,2714.46141517598,89.99227985132664,104.03624346792648,76.0
2019-05-16,82.1,89.6,77.0,985.1,5.2,4.0,13.6,49.42814390324169,25.218106,110.039197,173.73,90.65069496673416,13.249797071873447,39.847821404538934,0.717676913675962,0.9981707480458889,25.218106,635.952870227236,0.9795302657838054,5.163241925350947,-1975.039060987802,5414.846344365945,2714.46141517598,89.99227985132664,104.03624346792648,76.7
2019-05-17,77.0,80.6,75.0,984.6,5.4,3.2,9.7,214.02891891027954,25.218106,110.039197,173.73,85.12551733345865,13.266314389629919,39.89137496176077,0.705583610107178,0.9981707480458889,25.218106,635.952870227236,0.9795302657838054,5.163241925350947,-1975.039060987802,5414.846344365945,2714.46141517598,89.99227985132664,104.03624346792648,73.7
2019-05-18,79.1,87.8,73.4,983.5,3.4,2.4,5.8,37.36958383346904,25.218106,110.039197,173.73,87.55364275279445,13.282474248211546,39.933191452197896,0.6932812268869777,0.9981707480458889,25.218106,635.952870227236,0.9795302657838054,5.163241925350947,-1975.039060987802,5414.846344365945,2714.46141517598,89.99227985132664,104.03624346792648,75.8
2019-05-19,81.1,91.8,71.6,986.9,5.5,5.4,17.5,-123.47646388623977,25.218106,110.039197,173.73,89.8741333131535,13.298268800959828,39.973298656917436,0.6807734094770161,0.9981707480458889,25.218106,635.952870227236,0.9795302657838054,5.163241925350947,-1975.039060987802,5414.846344365945,2714.46141517598,89.99227985132664,104.03624346792648,74.1
2019-05-20,72.4,80.6,68.0,993.6,7.2,6.4,13.6,-149.93487359952636,25.218106,110.039197,173.73,80.32593118698914,13.31369025198715,40.0117242864168,0.6680638642135335,0.9981707480458889,25.218106,635.952870227236,0.9795302657838054,5.163241925350947,-1975.039060987802,5414.846344365945,2714.46141517598,89.99227985132664,104.03624346792648,59.7
2019-05-21,71.4,77.0,68.0,993.2,6.2,2.4,5.8,-24.703516627646664,25.218106,110.039197,173.73,79.30594865851923,13.328730866978022,40.04849592268748,0.6551563572090853,0.9981707480458889,25.218106,635.952870227236,0.9795302657838054,5.163241925350947,-1975.039060987802,5414.846344365945,2714.46141517598,89.99227985132664,104.03624346792648,59.9
2019-05-22,73.2,82.6,64.4,991.5,4.6,2.5,3.9,-58.41563176065749,25.218106,110.039197,173.73,81.39463620389147,13.343382984244501,40.083640962525706,0.6420547132365637,0.9981707480458889,25.218106,635.952870227236,0.9795302657838054,5.163241925350947,-1975.039060987802,5414.846344365945,2714.46141517598,89.99227985132664,104.03624346792648,64.2
2019-05-23,78.8,89.6,65.3,990.3,5.7,2.3,5.8,83.90449260932424,25.218106,110.039197,173.73,87.71516293745442,13.35763902600829,40.11718656215611,0.6287628145958344,0.9981707480458889,25.218106,635.952870227236,0.9795302657838054,5.163241925350947,-1975.039060987802,5414.846344365945,2714.46141517598,89.99227985132664,104.03624346792648,66.3
2019-05-24,81.2,91.4,73.4,987.9,5.6,3.1,7.8,96.46007213728434,25.218106,110.039197,173.73,90.48042588352132,13.371491509879998,40.149159583230144,0.6152845999633276,0.9981707480458889,25.218106,635.952870227236,0.9795302657838054,5.163241925350947,-1975.039060987802,5414.846344365945,2714.46141517598,89.99227985132664,104.03624346792648,73.3
2019-05-25,79.3,84.2,75.0,985.5,8.4,3.0,7.8,-37.83955437580434,25.218106,110.039197,173.73,88.45209930816627,13.384933060504354,40.17958654025696,0.6016240632249226,0.9981707480458889,25.218106,635.952870227236,0.9795302657838054,5.163241925350947,-1975.039060987802,5414.846344365945,2714.46141517598,89.99227985132664,104.03624346792648,75.6
2019-05-26,78.6,84.6,75.2,985.6,5.4,2.9,5.8,-23.95051804254947,25.218106,110.039197,173.73,87.7566145597659,13.397956421338305,40.20849354951934,0.5877852522924732,0.9981707480458889,25.218106,635.952870227236,0.9795302657838054,5.163241925350947,-1975.039060987802,5414.846344365945,2714.46141517598,89.99227985132664,104.03624346792648,75.9
2019-05-27,76.7,82.4,69.8,988.9,7.5,4.9,13.6,-38.54192213039643,25.218106,110.039197,173.73,85.71579396522073,13.410554466527362,40.23590627952373,0.5737722679043246,0.9981707480458889,25.218106,635.952870227236,0.9795302657838054,5.163241925350947,-1975.039060987802,5414.846344365945,2714.46141517598,89.99227985132664,104.03624346792648,71.6
2019-05-28,75.0,80.6,71.6,991.9,7.9,7.4,11.7,127.84112436595255,25.218106,110.039197,173.73,83.89200133027481,13.422720212843968,40.26184990302877,0.5595892624101765,0.9981707480458889,25.218106,635.952870227236,0.9795302657838054,5.163241925350947,-1975.039060987802,5414.846344365945,2714.46141517598,89.99227985132664,104.03624346792648,64.8
2019-05-29,73.3,77.0,69.4,991.3,3.5,4.5,9.7,16.39343646269635,25.218106,110.039197,173.73,82.06207939666417,13.434446831650343,40.28634905069239,0.545240438540651,0.9981707480458889,25.218106,635.952870227236,0.9795302657838054,5.163241925350947,-1975.039060987802,5414.846344365945,2714.46141517598,89.99227985132664,104.03624346792648,65.4
2019-05-30,71.1,73.4,69.1,990.6,2.1,1.9,3.9,42.681929323214305,25.218106,110.039197,173.73,79.66593639051813,13.445727660846943,40.30942776637406,0.5307300481619334,0.9981707480458889,25.218106,635.952870227236,0.9795302657838054,5.163241925350947,-1975.039060987802,5414.846344365945,2714.46141517598,89.99227985132664,104.03624346792648,69.1
2019-05-31,77.9,86.0,70.2,989.5,7.8,4.0,7.8,-2.2294966532997975,25.218106,110.039197,173.73,87.35547744051037,13.45655621676668,40.3311094641245,0.5160623910158528,0.9981707480458889,25.218106,635.952870227236,0.9795302657838054,5.163241925350947,-1975.039060987802,5414.846344365945,2714.46141517598,89.99227985132664,104.03624346792648,69.0
2019-06-01,71.9,73.8,69.8,988.7,3.7,2.6,5.8,39.242758429741386,25.218106,110.039197,173.73,80.68933285079439,13.466926205974028,40.351416886891435,0.5012418134457758,0.9981707480458889,25.218106,635.952870227236,0.9795302657838054,5.163241925350947,-1975.039060987802,5414.846344365945,2714.46141517598,89.99227985132664,104.03624346792648,70.3
2019-06-02,77.8,87.8,68.0,987.3,7.1,2.9,5.8,-10.613882851936307,25.218106,110.039197,173.73,87.37479113108083,13.476831536927635,40.37037206696663,0.48627270710868997,0.9981707480458889,25.218106,635.952870227236,0.9795302657838054,5.163241925350947,-1975.039060987802,5414.846344365945,2714.46141517598,89.99227985132664,104.03624346792648,67.8
2019-06-03,81.3,91.4,69.8,987.0,6.0,3.9,7.8,-19.369357862393496,25.218106,110.039197,173.73,91.36945439567074,13.486266331464316,40.387996288195836,0.4711595076738638,0.9981707480458889,25.218106,635.952870227236,0.9795302657838054,5.163241925350947,-1975.039060987802,5414.846344365945,2714.46141517598,89.99227985132664,104.03624346792648,71.4
2019-06-04,82.2,95.0,73.4,987.4,7.2,4.2,19.4,33.0,25.218106,110.039197,173.73,92.44229081202649,13.495224936062261,40.40431004997039,0.4559066935084588,0.9981707480458889,25.218106,635.952870227236,0.9795302657838054,5.163241925350947,-1975.039060987802,5414.846344365945,2714.46141517598,89.99227985132664,104.03624346792648,73.1
2019-06-05,79.2,89.6,75.2,986.9,7.1,4.8,13.6,48.41171025956038,25.218106,110.039197,173.73,89.12443275675095,13.503701932841052,40.41933303301577,0.440518784350495,0.9981707480458889,25.218106,635.952870227236,0.9795302657838054,5.163241925350947,-1975.039060987802,5414.846344365945,2714.46141517598,89.99227985132664,104.03624346792648,75.8
2019-06-06,76.3,84.2,73.4,989.0,4.2,4.9,11.7,37.02976839747183,25.218106,110.039197,173.73,85.91184258871357,13.511692150256394,40.43308406699025,0.42500033996955416,0.9981707480458889,25.218106,635.952870227236,0.9795302657838054,5.163241925350947,-1975.039060987802,5414.846344365945,2714.46141517598,89.99227985132664,104.03624346792648,74.6
2019-06-07,81.5,87.8,73.9,988.5,6.3,3.7,7.8,13.6,25.218106,110.039197,173.73,91.81783665716625,13.519190673447792,40.44558109990371,0.4093559588156213,0.9981707480458889,25.218106,635.952870227236,0.9795302657838054,5.163241925350947,-1975.039060987802,5414.846344365945,2714.46141517598,89.99227985132664,104.03624346792648,77.1
2019-06-08,82.0,86.7,77.0,985.6,5.9,5.3,15.5,-23.357034419242904,25.218106,110.039197,173.73,92.42898450368733,13.526192854198147,40.45684116936474,0.39359027665646673,0.9981707480458889,25.218106,635.952870227236,0.9795302657838054,5.163241925350947,-1975.039060987802,5414.846344365945,2714.46141517598,89.99227985132664,104.03624346792648,77.0
2019-06-09,75.4,78.8,73.4,983.3,2.8,3.3,13.6,-65.96014592004533,25.218106,110.039197,173.73,85.03042931358915,13.532694320465115,40.46688037566186,0.3777079652039649,0.9981707480458889,25.218106,635.952870227236,0.9795302657838054,5.163241925350947,-1975.039060987802,5414.846344365945,2714.46141517598,89.99227985132664,104.03624346792648,74.1
2019-06-10,78.4,82.2,74.5,983.9,3.6,1.9,7.8,-14.254779082742454,25.218106,110.039197,173.73,88.45278110490887,13.538690985445234,40.47571385668304,0.36171373072976765,0.9981707480458889,25.218106,635.952870227236,0.9795302657838054,5.163241925350947,-1975.039060987802,5414.846344365945,2714.46141517598,89.99227985132664,104.03624346792648,76.5
2019-06-11,82.3,89.6,77.0,984.4,4.4,3.2,7.8,-3.5680084814131128,25.218106,110.039197,173.73,92.89049469331391,13.544179056133256,40.483355764675814,0.3456123126707335,0.9981707480458889,25.218106,635.952870227236,0.9795302657838054,5.163241925350947,-1975.039060987802,5414.846344365945,2714.46141517598,89.99227985132664,104.03624346792648,77.1
2019-06-12,79.4,86.0,73.4,984.3,6.0,2.9,7.8,40.661480565676044,25.218106,110.039197,173.73,89.6502425235381,13.54915504134077,40.48981924484924,0.3294084822245304,0.9981707480458889,25.218106,635.952870227236,0.9795302657838054,5.163241925350947,-1975.039060987802,5414.846344365945,2714.46141517598,89.99227985132664,104.03624346792648,76.3
2019-06-13,77.5,87.8,68.0,985.5,8.6,4.2,11.7,129.47751633029844,25.218106,110.039197,173.73,87.53376844444617,13.553615759140051,40.49511641581745,0.3131070409358269,0.9981707480458889,25.218106,635.952870227236,0.9795302657838054,5.163241925350947,-1975.039060987802,5414.846344365945,2714.46141517598,89.99227985132664,104.03624346792648,70.0
2019-06-14,79.6,91.4,68.0,985.7,7.9,4.5,9.7,-128.9133582227383,25.218106,110.039197,173.73,89.93180367988478,13.557558343701222,40.49925835188379,0.29671281927349075,0.9981707480458889,25.218106,635.952870227236,0.9795302657838054,5.163241925350947,-1975.039060987802,5414.846344365945,2714.46141517598,89.99227985132664,104.03624346792648,66.4
2019-06-15,82.5,89.6,72.0,985.1,6.2,3.6,5.8,-44.23288195991501,25.218106,110.039197,173.73,93.23173922901532,13.560980251493138,40.50225506716379,0.28023067519921585,0.9981707480458889,25.218106,635.952870227236,0.9795302657838054,5.163241925350947,-1975.039060987802,5414.846344365945,2714.46141517598,89.99227985132664,104.03624346792648,71.8
2019-06-16,77.6,81.1,75.2,985.4,2.2,3.0,5.8,-58.30466376121097,25.218106,110.039197,173.73,87.7130859254417,13.563879266820882,40.50411550154437,0.26366549272800704,0.9981707480458889,25.218106,635.952870227236,0.9795302657838054,5.163241925350947,-1975.039060987802,5414.846344365945,2714.46141517598,89.99227985132664,104.03624346792648,75.4
2019-06-17,80.8,87.6,76.8,986.7,4.7,3.0,7.8,14.458449928202736,25.218106,110.039197,173.73,91.34610694494881,13.566253506675567,40.5048475084768,0.24702218048093552,0.9981707480458889,25.218106,635.952870227236,0.9795302657838054,5.163241925350947,-1975.039060987802,5414.846344365945,2714.46141517598,89.99227985132664,104.03624346792648,77.5
2019-06-18,82.1,87.8,77.0,987.0,6.2,3.3,7.8,-0.3017673935780163,25.218106,110.039197,173.73,92.82842724851935,13.568101424874936,40.50445784460002,0.23030567023061221,0.9981707480458889,25.218106,635.952870227236,0.9795302657838054,5.163241925350947,-1975.039060987802,5414.846344365945,2714.46141517598,89.99227985132664,104.03624346792648,77.6
2019-06-19,82.9,93.2,77.0,986.5,7.8,4.4,11.7,67.95696225254038,25.218106,110.039197,173.73,93.74208904191585,13.569421815476357,40.50295216119158,0.21352091543979612,0.9981707480458889,25.218106,635.952870227236,0.9795302657838054,5.163241925350947,-1975.039060987802,5414.846344365945,2714.46141517598,89.99227985132664,104.03624346792648,77.3
2019-06-20,86.1,93.2,78.8,984.4,9.4,7.1,13.6,-36.038763249548886,25.218106,110.039197,173.73,97.36628412583165,13.570213815446921,40.500334997442856,0.19667288979357647,0.9981707480458889,25.218106,635.952870227236,0.9795302657838054,5.163241925350947,-1975.039060987802,5414.846344365945,2714.46141517598,89.99227985132664,104.03624346792648,77.4
2019-06-21,85.3,89.6,80.6,983.3,7.2,6.3,13.6,39.048917226160015,25.218106,110.039197,173.73,96.46347334426355,13.570476906578694,40.496609775555655,0.1797665857255624,0.9981707480458889,25.218106,635.952870227236,0.9795302657838054,5.163241925350947,-1975.039060987802,5414.846344365945,2714.46141517598,89.99227985132664,104.03624346792648,78.6
2019-06-22,82.4,91.4,73.4,982.8,6.8,5.7,13.6,116.49633634536954,25.218106,110.039197,173.73,93.18211496093127,13.570210916640477,40.49177879765763,0.16280701293851715,0.9981707480458889,25.218106,635.952870227236,0.9795302657838054,5.163241925350947,-1975.039060987802,5414.846344365945,2714.46141517598,89.99227985132664,104.03624346792648,77.0
2019-06-23,74.3,77.0,71.6,986.9,6.4,3.7,7.8,123.68321615735337,25.218106,110.039197,173.73,84.01730085568629,13.569416019760908,40.4858432445338,0.1457991969198751,0.9981707480458889,25.218106,635.952870227236,0.9795302657838054,5.163241925350947,-1975.039060987802,5414.846344365945,2714.46141517598,89.99227985132664,104.03624346792648,72.1
2019-06-24,80.3,87.8,72.7,987.4,6.9,3.5,7.8,155.13889923761297,25.218106,110.039197,173.73,90.79315389200859,13.568092736041136,40.47880317617223,0.12874817745258132,0.9981707480458889,25.218106,635.952870227236,0.9795302657838054,5.163241925350947,-1975.039060987802,5414.846344365945,2714.46141517598,89.99227985132664,104.03624346792648,71.6
2019-06-25,79.8,86.0,75.2,987.3,3.6,2.3,5.8,72.51711646625569,25.218106,110.039197,173.73,90.2155088371525,13.566241930398872,40.47065753412214,0.11165900712169512,0.9981707480458889,25.218106,635.952870227236,0.9795302657838054,5.163241925350947,-1975.039060987802,5414.846344365945,2714.46141517598,89.99227985132664,104.03624346792648,73.5
2019-06-26,80.0,84.2,76.8,983.7,2.6,2.8,3.9,116.80450728805991,25.218106,110.039197,173.73,90.42576540432643,13.563864810648965,40.46140414566271,0.09453674981719912,0.9981707480458889,25.218106,635.952870227236,0.9795302657838054,5.163241925350947,-1975.039060987802,5414.846344365945,2714.46141517598,89.99227985132664,104.03624346792648,76.6
2019-06-27,80.8,88.7,77.0,980.4,4.9,3.0,13.6,-39.93132336169384,25.218106,110.039197,173.73,91.31048369384992,13.560962924829196,40.45103972978178,0.07738647923346301,0.9981707480458889,25.218106,635.952870227236,0.9795302657838054,5.163241925350947,-1975.039060987802,5414.846344365945,2714.46141517598,89.99227985132664,104.03624346792648,77.8
2019-06-28,84.8,93.2,77.9,980.0,5.3,3.4,9.7,-53.57258701235328,25.218106,110.039197,173.73,95.80660298166838,13.557538157783261,40.43955990496326,0.06021327736579302,0.9981707480458889,25.218106,635.952870227236,0.9795302657838054,5.163241925350947,-1975.039060987802,5414.846344365945,2714.46141517598,89.99227985132664,104.03624346792648,79.7
2019-06-29,83.4,91.4,75.2,981.9,6.4,3.4,9.7,19.4,25.218106,110.039197,173.73,94.19746945276273,13.553592727016218,40.426959198782754,0.04302223300453059,0.9981707480458889,25.218106,635.952870227236,0.9795302657838054,5.163241925350947,-1975.039060987802,5414.846344365945,2714.46141517598,89.99227985132664,104.03624346792648,78.3
2019-06-30,85.5,94.1,77.5,982.9,7.6,3.8,11.7,-183.90433634423528,25.218106,110.039197,173.73,96.53754539211624,13.549129177840877,40.413231059310526,0.02581844022713308,0.9981707480458889,25.218106,635.952870227236,0.9795302657838054,5.163241925350947,-1975.039060987802,5414.846344365945,2714.46141517598,89.99227985132664,104.03624346792648,77.5
2019-07-01,85.0,95.0,77.0,983.8,7.7,5.4,11.7,62.53031335809816,25.218106,110.039197,173.73,95.93773184300909,13.544150377836578,40.39836786832166,0.008606996888688698,0.9981707480458889,25.218106,635.952870227236,0.9795302657838054,5.163241925350947,-1975.039060987802,5414.846344365945,2714.46141517598,89.99227985132664,104.03624346792648,76.1
2019-07-02,86.2,95.0,77.0,984.1,6.3,6.6,11.7,142.4564044661865,25.218106,110.039197,173.73,97.25270415146485,13.538659510644758,40.382360956311835,-0.008606996888688009,0.9981707480458889,25.218106,635.952870227236,0.9795302657838054,5.163241925350947,-1975.039060987802,5414.846344365945,2714.46141517598,89.99227985132664,104.03624346792648,74.1
2019-07-03,83.9,91.4,78.8,984.3,5.5,4.5,11.7,-54.48631655406991,25.218106,110.039197,173.73,94.61584831665591,13.53266006912838,40.36520061931853,-0.02581844022713239,0.9981707480458889,25.218106,635.952870227236,0.9795302657838054,5.163241925350947,-1975.039060987802,5414.846344365945,2714.46141517598,89.99227985132664,104.03624346792648,75.3
2019-07-04,84.7,93.6,77.0,985.2,7.6,2.8,5.8,40.99261569724834,25.218106,110.039197,173.73,95.47211669326946,13.526155847924835,40.346876137545365,-0.04302223300453034,0.9981707480458889,25.218106,635.952870227236,0.9795302657838054,5.163241925350947,-1975.039060987802,5414.846344365945,2714.46141517598,89.99227985132664,104.03624346792648,76.6
2019-07-05,83.2,90.0,78.1,983.4,7.6,3.8,9.7,69.9494807576397,25.218106,110.039197,173.73,93.73277981894171,13.519150935424284,40.32737579578791,-0.060213277365792774,0.9981707480458889,25.218106,635.952870227236,0.9795302657838054,5.163241925350947,-1975.039060987802,5414.846344365945,2714.46141517598,89.99227985132664,104.03624346792648,77.2
2019-07-06,79.5,81.5,77.0,981.8,4.3,3.4,7.8,11.7,25.218106,110.039197,173.73,89.5146792969993,13.511649705207441,40.30668690565766,-0.07738647923346322,0.9981707480458889,25.218106,635.952870227236,0.9795302657838054,5.163241925350947,-1975.039060987802,5414.846344365945,2714.46141517598,89.99227985132664,104.03624346792648,78.1
2019-07-07,75.6,78.4,75.2,983.4,3.4,2.5,7.8,131.87275810161378,25.218106,110.039197,173.73,85.07303788396631,13.50365680697878,40.28479582960032,-0.09453674981719933,0.9981707480458889,25.218106,635.952870227236,0.9795302657838054,5.163241925350947,-1975.039060987802,5414.846344365945,2714.46141517598,89.99227985132664,104.03624346792648,74.7
2019-07-08,80.0,86.0,73.4,982.3,3.6,3.6,13.6,48.57359955077491,25.218106,110.039197,173.73,89.96784771355165,13.495177157032746,40.26168800670309,-0.11165900712169444,0.9981707480458889,25.218106,635.952870227236,0.9795302657838054,5.163241925350947,-1975.039060987802,5414.846344365945,2714.46141517598,89.99227985132664,104.03624346792648,78.0
2019-07-09,72.9,75.2,71.2,984.4,6.7,3.4,9.7,169.0580611301615,25.218106,110.039197,173.73,81.92876176437326,13.486215928291895,40.23734798028415,-0.12874817745258066,0.9981707480458889,25.218106,635.952870227236,0.9795302657838054,5.163241925350947,-1975.039060987802,5414.846344365945,2714.46141517598,89.99227985132664,104.03624346792648,71.0
2019-07-10,76.3,82.4,69.8,986.3,6.4,3.6,5.8,-19.43590677657277,25.218106,110.039197,173.73,85.6898502165613,13.476778539957218,40.21175942725633,-0.14579919691987442,0.9981707480458889,25.218106,635.952870227236,0.9795302657838054,5.163241925350947,-1975.039060987802,5414.846344365945,2714.46141517598,89.99227985132664,104.03624346792648,69.0
2019-07-11,76.0,82.4,71.2,987.2,2.6,1.9,5.8,-19.618945646961656,25.218106,110.039197,173.73,85.2901807631403,13.466870646811625,40.184905189254394,-0.16280701293851646,0.9981707480458889,25.218106,635.952870227236,0.9795302657838054,5.163241925350947,-1975.039060987802,5414.846344365945,2714.46141517598,89.99227985132664,104.03624346792648,72.7
2019-07-12,78.1,82.4,73.9,984.4,3.1,3.2,9.7,23.66736915300757,25.218106,110.039197,173.73,87.57937531782113,13.456498128218355,40.15676730551371,-0.17976658572556214,0.9981707480458889,25.218106,635.952870227236,0.9795302657838054,5.163241925350947,-1975.039060987802,5414.846344365945,2714.46141517598,89.99227985132664,104.03624346792648,76.7
2019-07-13,76.0,78.8,72.7,983.7,4.5,2.4,7.8,11.7,25.218106,110.039197,173.73,85.15589148675761,13.445667076856465,40.12732704748601,-0.19667288979357622,0.9981707480458889,25.218106,635.952870227236,0.9795302657838054,5.163241925350947,-1975.039060987802,5414.846344365945,2714.46141517598,89.99227985132664,104.03624346792648,74.9
2019-07-14,77.6,84.2,72.5,983.9,6.3,3.2,11.7,-6.481430191329604,25.218106,110.039197,173.73,86.87568182412429,13.434383787235717,40.09656495517459,-0.2135209154397959,0.9981707480458889,25.218106,635.952870227236,0.9795302657838054,5.163241925350947,-1975.039060987802,5414.846344365945,2714.46141517598,89.99227985132664,104.03624346792648,75.1
2019-07-15,78.9,84.2,75.2,985.0,4.3,2.2,5.8,-229.85257844092726,25.218106,110.039197,173.73,88.2539549420179,13.42265474403314,40.06446087516964,-0.23030567023061196,0.9981707480458889,25.218106,635.952870227236,0.9795302657838054,5.163241925350947,-1975.039060987802,5414.846344365945,2714.46141517598,89.99227985132664,104.03624346792648,76.7
2019-07-16,83.3,93.2,77.0,985.2,5.9,2.5,5.8,62.62600135271531,25.218106,110.039197,173.73,93.09112788645233,13.410486610293253,40.03099400036051,-0.24702218048093527,0.9981707480458889,25.218106,635.952870227236,0.9795302657838054,5.163241925350947,-1975.039060987802,5414.846344365945,2714.46141517598,89.99227985132664,104.03624346792648,78.1
2019-07-17,85.5,95.9,75.2,983.3,5.7,3.1,7.8,68.7392485380434,25.218106,110.039197,173.73,95.45993928567583,13.39788621553345,39.99614291129939,-0.2636654927280072,0.9981707480458889,25.218106,635.952870227236,0.9795302657838054,5.163241925350947,-1975.039060987802,5414.846344365945,2714.46141517598,89.99227985132664,104.03624346792648,77.9
2019-07-18,87.6,98.6,79.3,981.3,7.1,3.6,5.8,66.76708710875285,25.218106,110.039197,173.73,97.70948196970622,13.384860543795373,39.959885619187155,-0.2802306751992161,0.9981707480458889,25.218106,635.952870227236,0.9795302657838054,5.163241925350947,-1975.039060987802,5414.846344365945,2714.46141517598,89.99227985132664,104.03624346792648,77.7
2019-07-19,84.7,93.2,78.8,982.7,7.2,3.7,9.7,-16.220425668141328,25.218106,110.039197,173.73,94.37991636053927,13.371416721682069,39.922199610448764,-0.2967128192734901,0.9981707480458889,25.218106,635.952870227236,0.9795302657838054,5.163241925350947,-1975.039060987802,5414.846344365945,2714.46141517598,89.99227985132664,104.03624346792648,77.0
2019-07-20,86.7,95.0,80.2,985.0,7.5,3.6,7.8,18.92773057271388,25.218106,110.039197,173.73,96.50838549638364,13.35756200641988,39.88306189286221,-0.3131070409358267,0.9981707480458889,25.218106,635.952870227236,0.9795302657838054,5.163241925350947,-1975.039060987802,5414.846344365945,2714.46141517598,89.99227985132664,104.03624346792648,78.1
2019-07-21,85.2,93.2,78.8,985.3,8.8,4.5,9.7,-12.41431898811804,25.218106,110.039197,173.73,94.73745679527593,13.343303773982525,39.84244904320119,-0.3294084822245302,0.9981707480458889,25.218106,635.952870227236,0.9795302657838054,5.163241925350947,-1975.039060987802,5414.846344365945,2714.46141517598,89.99227985132664,104.03624346792648,77.4
2019-07-22,84.0,93.2,77.0,984.6,9.5,4.9,9.7,-156.54462143398746,25.218106,110.039197,173.73,93.30054655119551,13.328649507313646,39.80033725634768,-0.3456123126707333,0.9981707480458889,25.218106,635.952870227236,0.9795302657838054,5.163241925350947,-1975.039060987802,5414.846344365945,2714.46141517598,89.99227985132664,104.03624346792648,76.7
2019-07-23,83.6,91.4,77.0,984.8,9.6,4.2,7.8,28.03015521061659,25.218106,110.039197,173.73,92.75146059995417,13.313606784682419,39.756702395827226,-0.3617137307297674,0.9981707480458889,25.218106,635.952870227236,0.9795302657838054,5.163241925350947,-1975.039060987802,5414.846344365945,2714.46141517598,89.99227985132664,104.03624346792648,75.4
2019-07-24,86.2,95.0,78.8,986.6,8.2,3.5,7.8,-79.2067687771643,25.218106,110.039197,173.73,95.52528314327452,13.298183268205268,39.71152004571491,-0.37770796520396466,0.9981707480458889,25.218106,635.952870227236,0.9795302657838054,5.163241925350947,-1975.039060987802,5414.846344365945,2714.46141517598,89.99227985132664,104.03624346792648,75.4
2019-07-25,86.0,93.2,77.0,987.4,9.4,3.2,7.8,-99.65098579073927,25.218106,110.039197,173.73,95.19043796338217,13.282386692564954,39.664765563856996,-0.39359027665646645,0.9981707480458889,25.218106,635.952870227236,0.9795302657838054,5.163241925350947,-1975.039060987802,5414.846344365945,2714.46141517598,89.99227985132664,104.03624346792648,77.0
2019-07-26,86.2,93.6,78.8,986.0,10.3,4.0,9.7,72.56198129299088,25.218106,110.039197,173.73,95.29571520092064,13.26622485395647,39.61641413634816,-0.4093559588156211,0.9981707480458889,25.218106,635.952870227236,0.9795302657838054,5.163241925350947,-1975.039060987802,5414.846344365945,2714.46141517598,89.99227985132664,104.03624346792648,76.6
2019-07-27,86.5,95.0,77.0,985.5,8.9,4.9,11.7,-172.14566122892487,25.218106,110.039197,173.73,95.50829452819555,13.249705599287243,39.56644083320078,-0.42500033996955394,0.9981707480458889,25.218106,635.952870227236,0.9795302657838054,5.163241925350947,-1975.039060987802,5414.846344365945,2714.46141517598,89.99227985132664,104.03624346792648,75.7
2019-07-28,86.8,95.0,78.8,985.8,8.6,5.0,13.6,160.49081455653987,25.218106,110.039197,173.73,95.7175196332543,13.232836815657278,39.51482066513847,-0.4405187843504952,0.9981707480458889,25.218106,635.952870227236,0.9795302657838054,5.163241925350947,-1975.039060987802,5414.846344365945,2714.46141517598,89.99227985132664,104.03624346792648,76.9
2019-07-29,85.5,95.0,78.8,999.9,7.7,5.1,13.6,22.947808258823652,25.218106,110.039197,173.73,94.16133824351716,13.21562642014276,39.46152864144201,-0.455906693508459,0.9981707480458889,25.218106,635.952870227236,0.9795302657838054,5.163241925350947,-1975.039060987802,5414.846344365945,2714.46141517598,89.99227985132664,104.03624346792648,76.7
2019-07-30,86.0,96.8,77.0,986.4,8.9,3.7,7.8,186.7485279349755,25.218106,110.039197,173.73,94.58625684098378,13.198082349904713,39.40653982877167,-0.47115950767386394,0.9981707480458889,25.218106,635.952870227236,0.9795302657838054,5.163241925350947,-1975.039060987802,5414.846344365945,2714.46141517598,89.99227985132664,104.03624346792648,75.2
2019-07-31,85.5,98.6,77.0,984.6,8.7,3.3,11.7,-109.21079925439834,25.218106,110.039197,173.73,93.90901443757582,13.180212552642221,39.349829410886294,-0.4862727071086902,0.9981707480458889,25.218106,635.952870227236,0.9795302657838054,5.163241925350947,-1975.039060987802,5414.846344365945,2714.46141517598,89.99227985132664,104.03624346792648,75.0
2019-08-01,86.4,93.2,78.8,981.9,10.3,8.0,15.5,39.63616488938818,25.218106,110.039197,173.73,94.76657983733551,13.16202497740771,39.29137274917546,-0.5012418134457756,0.9981707480458889,25.218106,635.952870227236,0.9795302657838054,5.163241925350947,-1975.039060987802,5414.846344365945,2714.46141517598,89.99227985132664,104.03624346792648,73.4
2019-08-02,83.8,87.8,78.8,982.2,10.3,6.6,15.5,-9.336183910941799,25.218106,110.039197,173.73,91.78563416783528,13.143527565799802,39.231145443917214,-0.5160623910158526,0.9981707480458889,25.218106,635.952870227236,0.9795302657838054,5.163241925350947,-1975.039060987802,5414.846344365945,2714.46141517598,89.99227985132664,104.03624346792648,73.6
2019-08-03,86.1,96.8,77.0,983.2,9.4,4.1,9.7,98.38249874848424,25.218106,110.039197,173.73,94.16992514745108,13.12472824354719,39.16912339617057,-0.5307300481619331,0.9981707480458889,25.218106,635.952870227236,0.9795302657838054,5.163241925350947,-1975.039060987802,5414.846344365945,2714.46141517598,89.99227985132664,104.03624346792648,74.4
2019-08-04,84.6,95.0,77.0,984.1,7.5,3.4,5.8,-15.687415725380232,25.218106,110.039197,173.73,92.39472613309088,13.105634912495162,39.105282870208065,-0.5452404385406507,0.9981707480458889,25.218106,635.952870227236,0.9795302657838054,5.163241925350947,-1975.039060987802,5414.846344365945,2714.46141517598,89.99227985132664,104.03624346792648,76.1
2019-08-05,85.0,96.8,77.0,984.9,7.2,3.5,13.6,-32.753335872114285,25.218106,110.039197,173.73,92.69430938794741,13.08625544300434,39.03960055639097,-0.5595892624101763,0.9981707480458889,25.218106,635.952870227236,0.9795302657838054,5.163241925350947,-1975.039060987802,5414.846344365945,2714.46141517598,89.99227985132664,104.03624346792648,75.8
2019-08-06,86.6,97.0,77.0,983.8,7.3,3.9,15.5,107.0327231421754,25.218106,110.039197,173.73,94.29727982852008,13.066597666769525,38.97205363438579,-0.5737722679043243,0.9981707480458889,25.218106,635.952870227236,0.9795302657838054,5.163241925350947,-1975.039060987802,5414.846344365945,2714.46141517598,89.99227985132664,104.03624346792648,76.5
2019-08-07,86.1,95.0,78.8,981.6,6.0,4.2,13.6,-7.087908630681561,25.218106,110.039197,173.73,93.60985273021369,13.046669370064626,38.90261983661893,-0.5877852522924734,0.9981707480458889,25.218106,635.952870227236,0.9795302657838054,5.163241925350947,-1975.039060987802,5414.846344365945,2714.46141517598,89.99227985132664,104.03624346792648,76.4
2019-08-08,85.3,97.3,77.0,981.7,5.8,3.9,15.5,-151.6146424919508,25.218106,110.039197,173.73,92.5965498263964,13.026478287418017,38.83127751186226,-0.6016240632249227,0.9981707480458889,25.218106,635.952870227236,0.9795302657838054,5.163241925350947,-1975.039060987802,5414.846344365945,2714.46141517598,89.99227985132664,104.03624346792648,75.8
2019-08-09,85.0,98.6,77.0,980.8,5.0,3.5,21.4,2.4973999308533337,25.218106,110.039197,173.73,92.1260606780237,13.006032095720995,38.75800568884139,-0.6152845999633277,0.9981707480458889,25.218106,635.952870227236,0.9795302657838054,5.163241925350947,-1975.039060987802,5414.846344365945,2714.46141517598,89.99227985132664,104.03624346792648,76.3
2019-08-10,86.2,100.4,77.0,980.4,5.6,3.5,11.7,49.7590261177976,25.218106,110.039197,173.73,93.27801423633471,12.985338408770494,38.68278413975491,-0.6287628145958345,0.9981707480458889,25.218106,635.952870227236,0.9795302657838054,5.163241925350947,-1975.039060987802,5414.846344365945,2714.46141517598,89.99227985132664,104.03624346792648,76.0
2019-08-11,84.7,100.4,75.2,981.6,5.7,4.5,17.5,-30.76004323437399,25.218106,110.039197,173.73,91.50709035076746,12.964404772245684,38.60559344359168,-0.6420547132365636,0.9981707480458889,25.218106,635.952870227236,0.9795302657838054,5.163241925350947,-1975.039060987802,5414.846344365945,2714.46141517598,89.99227985132664,104.03624346792648,74.7
2019-08-12,87.3,98.6,77.7,981.8,6.2,4.2,9.7,1.9312347584651661,25.218106,110.039197,173.73,94.16206124507478,12.943238659116808,38.52641504913149,-0.655156357209085,0.9981707480458889,25.218106,635.952870227236,0.9795302657838054,5.163241925350947,-1975.039060987802,5414.846344365945,2714.46141517598,89.99227985132664,104.03624346792648,77.3
2019-08-13,86.3,98.6,77.0,982.3,6.6,5.2,9.7,-111.6793470513116,25.218106,110.039197,173.73,92.92961968926642,12.921847465483165,38.44523133751234,-0.6680638642135333,0.9981707480458889,25.218106,635.952870227236,0.9795302657838054,5.163241925350947,-1975.039060987802,5414.846344365945,2714.46141517598,89.99227985132664,104.03624346792648,76.1
2019-08-14,84.6,98.6,75.2,983.3,6.3,3.0,5.8,31.0185652865042,25.218106,110.039197,173.73,90.9466814731946,12.900238506836114,38.36202568424753,-0.6807734094770159,0.9981707480458889,25.218106,635.952870227236,0.9795302657838054,5.163241925350947,-1975.039060987802,5414.846344365945,2714.46141517598,89.99227985132664,104.03624346792648,74.3
2019-08-15,84.9,96.8,77.0,982.2,5.7,3.0,7.8,13.6,25.218106,110.039197,173.73,91.11481452929782,12.878419014741741,38.27678252057387,-0.6932812268869771,0.9981707480458889,25.218106,635.952870227236,0.9795302657838054,5.163241925350947,-1975.039060987802,5414.846344365945,2714.46141517598,89.99227985132664,104.03624346792648,75.3
2019-08-16,85.6,95.5,77.0,983.2,6.9,4.5,11.7,73.98371148061551,25.218106,110.039197,173.73,91.7089590887495,12.856396133936846,38.18948739401241,-0.7055836101071774,0.9981707480458889,25.218106,635.952870227236,0.9795302657838054,5.163241925350947,-1975.039060987802,5414.846344365945,2714.46141517598,89.99227985132664,104.03624346792648,75.3
2019-08-17,86.4,96.8,78.8,984.8,9.1,5.2,11.7,0.9522196636568871,25.218106,110.039197,173.73,92.40607382278361,12.834176919831057,38.10012702802286,-0.7176769136759615,0.9981707480458889,25.218106,635.952870227236,0.9795302657838054,5.163241925350947,-1975.039060987802,5414.846344365945,2714.46141517598,89.99227985132664,104.03624346792648,74.1
2019-08-18,87.1,96.8,78.8,984.7,7.9,2.9,3.9,-5.198180035774353,25.218106,110.039197,173.73,92.99208517508659,12.811768336406878,38.00868938063248,-0.7295575540864876,0.9981707480458889,25.218106,635.952870227236,0.9795302657838054,5.163241925350947,-1975.039060987802,5414.846344365945,2714.46141517598,89.99227985132664,104.03624346792648,74.6
2019-08-19,86.6,100.4,77.0,984.9,6.4,3.4,7.8,15.5,25.218106,110.039197,173.73,92.29522918670571,12.789177254508877,37.91516370192126,-0.7412220108485957,0.9981707480458889,25.218106,635.952870227236,0.9795302657838054,5.163241925350947,-1975.039060987802,5414.846344365945,2714.46141517598,89.99227985132664,104.03624346792648,75.3
2019-08-20,87.3,100.4,75.2,985.6,6.5,3.3,5.8,15.5,25.218106,110.039197,173.73,92.87563602747825,12.766410450512474,37.81954059024545,-0.7526668275320083,0.9981707480458889,25.218106,635.952870227236,0.9795302657838054,5.163241925350947,-1975.039060987802,5414.846344365945,2714.46141517598,89.99227985132664,104.03624346792648,70.9
2019-08-21,85.8,98.6,75.2,986.8,6.1,4.0,9.7,-93.60717137412968,25.218106,110.039197,173.73,91.11584342833984,12.743474605362215,37.721812047083006,-0.7638886127905429,0.9981707480458889,25.218106,635.952870227236,0.9795302657838054,5.163241925350947,-1975.039060987802,5414.846344365945,2714.46141517598,89.99227985132664,104.03624346792648,72.4
2019-08-22,86.5,98.6,75.2,987.9,6.2,3.2,7.8,-53.78401379740603,25.218106,110.039197,173.73,91.69271252444243,12.720376303968893,37.621971530385295,-0.7748840413670406,0.9981707480458889,25.218106,635.952870227236,0.9795302657838054,5.163241925350947,-1975.039060987802,5414.846344365945,2714.46141517598,89.99227985132664,104.03624346792648,72.4
2019-08-23,84.8,96.8,77.0,988.7,5.5,4.1,9.7,-66.23374107484919,25.218106,110.039197,173.73,89.72632904701162,12.697122034954475,37.5200140063219,-0.7856498550787144,0.9981707480458889,25.218106,635.952870227236,0.9795302657838054,5.163241925350947,-1975.039060987802,5414.846344365945,2714.46141517598,89.99227985132664,104.03624346792648,73.3
2019-08-24,89.2,102.2,78.8,986.2,5.7,5.7,9.7,12.642215960490697,25.218106,110.039197,173.73,94.20797188445141,12.673718190733375,37.415935999306534,-0.7961828637826154,0.9981707480458889,25.218106,635.952870227236,0.9795302657838054,5.163241925350947,-1975.039060987802,5414.846344365945,2714.46141517598,89.99227985132664,104.03624346792648,73.5
2019-08-25,90.8,100.4,80.6,983.0,6.3,4.9,7.8,19.99618594703477,25.218106,110.039197,173.73,95.71962774724902,12.650171067918372,37.309735640195264,-0.8064799463209447,0.9981707480458889,25.218106,635.952870227236,0.9795302657838054,5.163241925350947,-1975.039060987802,5414.846344365945,2714.46141517598,89.99227985132664,104.03624346792648,72.8
2019-08-26,78.9,87.8,75.2,984.4,5.9,4.5,9.7,13.6,25.218106,110.039197,173.73,83.01915115735751,12.626486868039166,37.20141271255017,-0.8165380514459157,0.9981707480458889,25.218106,635.952870227236,0.9795302657838054,5.163241925350947,-1975.039060987802,5414.846344365945,2714.46141517598,89.99227985132664,104.03624346792648,74.4
2019-08-27,83.5,93.2,75.6,988.9,7.3,2.4,5.8,145.03510802291692,25.218106,110.039197,173.73,87.69359056915681,12.602671698561457,37.09096869686504,-0.8263541987239094,0.9981707480458889,25.218106,635.952870227236,0.9795302657838054,5.163241925350947,-1975.039060987802,5414.846344365945,2714.46141517598,89.99227985132664,104.03624346792648,75.2
2019-08-28,86.6,96.8,77.0,988.4,8.3,3.5,7.8,-103.26300988850889,25.218106,110.039197,173.73,90.77651286043482,12.578731574194203,36.97840681265267,-0.8359254794186365,0.9981707480458889,25.218106,635.952870227236,0.9795302657838054,5.163241925350947,-1975.039060987802,5414.846344365945,2714.46141517598,89.99227985132664,104.03624346792648,75.2
2019-08-29,85.5,96.8,75.2,988.3,7.0,7.0,13.6,40.76669724130196,25.218106,110.039197,173.73,89.45204098161847,12.554672418472766,36.86373205829725,-0.8452490573530634,0.9981707480458889,25.218106,635.952870227236,0.9795302657838054,5.163241925350947,-1975.039060987802,5414.846344365945,2714.46141517598,89.99227985132664,104.03624346792648,73.1
2019-08-30,81.7,87.8,75.2,989.8,8.1,5.2,11.7,23.635841086521488,25.218106,110.039197,173.73,85.31182127999735,12.530500065605484,36.746951248578554,-0.8543221697498269,0.9981707480458889,25.218106,635.952870227236,0.9795302657838054,5.163241925350947,-1975.039060987802,5414.846344365945,2714.46141517598,89.99227985132664,104.03624346792648,66.9
2019-08-31,82.9,91.4,77.0,990.3,8.2,6.1,11.7,22.349813803872664,25.218106,110.039197,173.73,86.39713831392997,12.506220262571286,36.628073049779644,-0.8631421280499115,0.9981707480458889,25.218106,635.952870227236,0.9795302657838054,5.163241925350947,-1975.039060987802,5414.846344365945,2714.46141517598,89.99227985132664,104.03624346792648,63.9
2019-09-01,78.2,84.2,73.4,991.8,8.3,6.2,13.6,113.18730081192035,25.218106,110.039197,173.73,81.33998200898844,12.481838671456025,36.50710801229327,-0.8717063187093217,0.9981707480458889,25.218106,635.952870227236,0.9795302657838054,5.163241925350947,-1975.039060987802,5414.846344365945,2714.46141517598,89.99227985132664,104.03624346792648,62.0
2019-09-02,78.2,86.0,71.6,992.3,5.9,7.2,15.5,-44.59347994934859,25.218106,110.039197,173.73,81.18046834929892,12.457360872015178,36.38406860064769,-0.8800122039735356,0.9981707480458889,25.218106,635.952870227236,0.9795302657838054,5.163241925350947,-1975.039060987802,5414.846344365945,2714.46141517598,89.99227985132664,104.03624346792648,68.0
2019-09-03,81.1,91.4,71.6,990.2,6.6,7.2,15.5,25.3,25.218106,110.039197,173.73,84.02495506307993,12.43279236445079,36.25896922087666,-0.888057322629493,0.9981707480458889,25.218106,635.952870227236,0.9795302657838054,5.163241925350947,-1975.039060987802,5414.846344365945,2714.46141517598,89.99227985132664,104.03624346792648,68.4
2019-09-04,83.7,95.0,71.6,987.3,6.8,7.1,13.6,-121.04532336309917,25.218106,110.039197,173.73,86.54676654242401,12.40813857239054,36.13182624516441,-0.8958392907349089,0.9981707480458889,25.218106,635.952870227236,0.9795302657838054,5.163241925350947,-1975.039060987802,5414.846344365945,2714.46141517598,89.99227985132664,104.03624346792648,67.4
2019-09-05,85.5,98.6,73.4,985.5,7.5,6.3,13.6,17.5,25.218106,110.039197,173.73,88.23175952815615,12.383404846057003,36.00265803370076,-0.9033558023246842,0.9981707480458889,25.218106,635.952870227236,0.9795302657838054,5.163241925350947,-1975.039060987802,5414.846344365945,2714.46141517598,89.99227985132664,104.03624346792648,67.8
2019-09-06,86.7,98.6,75.2,984.3,6.7,3.7,5.8,48.73637526200202,25.218106,110.039197,173.73,89.290859464071,12.358596465615364,35.87148495368796,-0.9106046300942162,0.9981707480458889,25.218106,635.952870227236,0.9795302657838054,5.163241925350947,-1975.039060987802,5414.846344365945,2714.46141517598,89.99227985132664,104.03624346792648,70.2
2019-09-07,86.2,96.8,77.0,985.2,4.8,2.8,7.8,-18.86390650156839,25.218106,110.039197,173.73,88.59721226434175,12.333718644687947,35.73832939544603,-0.9175836260593934,0.9981707480458889,25.218106,635.952870227236,0.9795302657838054,5.163241925350947,-1975.039060987802,5414.846344365945,2714.46141517598,89.99227985132664,104.03624346792648,72.6
2019-09-08,87.5,98.6,77.0,984.9,6.3,4.2,9.7,-155.045115964796,25.218106,110.039197,173.73,89.75149556059247,12.30877653402411,35.603215785569596,-0.9242907221930934,0.9981707480458889,25.218106,635.952870227236,0.9795302657838054,5.163241925350947,-1975.039060987802,5414.846344365945,2714.46141517598,89.99227985132664,104.03624346792648,74.7
2019-09-09,82.4,93.2,77.0,986.2,5.1,3.2,11.7,-36.769925358170894,25.218106,110.039197,173.73,84.3485898804915,12.283775225314296,35.466170597094816,-0.9307239310379793,0.9981707480458889,25.218106,635.952870227236,0.9795302657838054,5.163241925350947,-1975.039060987802,5414.846344365945,2714.46141517598,89.99227985132664,104.03624346792648,76.2
2019-09-10,79.8,89.6,73.4,990.5,4.5,3.8,17.5,-18.306638114871937,25.218106,110.039197,173.73,81.52048637166178,12.258719755137111,35.32722235664212,-0.9368813462954315,0.9981707480458889,25.218106,635.952870227236,0.9795302657838054,5.163241925350947,-1975.039060987802,5414.846344365945,2714.46141517598,89.99227985132664,104.03624346792648,74.8
2019-09-11,82.4,91.4,75.2,993.0,5.9,2.3,7.8,37.86931271799672,25.218106,110.039197,173.73,84.0041570819963,12.233615109028587,35.18640164850536,-0.9427611433904206,0.9981707480458889,25.218106,635.952870227236,0.9795302657838054,5.163241925350947,-1975.039060987802,5414.846344365945,2714.46141517598,89.99227985132664,104.03624346792648,74.1
2019-09-12,86.6,96.8,77.0,990.6,5.8,2.7,5.8,-64.57982336730086,25.218106,110.039197,173.73,88.10443126186719,12.20846622566289,35.04374111566612,-0.9483615800121716,0.9981707480458889,25.218106,635.952870227236,0.9795302657838054,5.163241925350947,-1975.039060987802,5414.846344365945,2714.46141517598,89.99227985132664,104.03624346792648,74.7
2019-09-13,87.4,98.8,77.0,989.1,6.3,3.4,9.7,-2.405662912105626,25.218106,110.039197,173.73,88.7348747749254,12.183278001133921,34.899275457716826,-0.9536809966304455,0.9981707480458889,25.218106,635.952870227236,0.9795302657838054,5.163241925350947,-1975.039060987802,5414.846344365945,2714.46141517598,89.99227985132664,104.03624346792648,75.1
2019-09-14,86.5,98.6,77.0,989.6,5.3,3.6,7.8,10.514311260916376,25.218106,110.039197,173.73,87.63931523940218,12.15805529332747,34.753041425684046,-0.9587178169872964,0.9981707480458889,25.218106,635.952870227236,0.9795302657838054,5.163241925350947,-1975.039060987802,5414.846344365945,2714.46141517598,89.99227985132664,104.03624346792648,74.8
2019-09-15,85.8,95.0,77.0,989.9,4.2,4.0,5.8,3.801418156595405,25.218106,110.039197,173.73,86.74954092357174,12.13280292637367,34.60507781374924,-0.9634705485641486,0.9981707480458889,25.218106,635.952870227236,0.9795302657838054,5.163241925350947,-1975.039060987802,5414.846344365945,2714.46141517598,89.99227985132664,104.03624346792648,73.8
2019-09-16,86.0,96.8,75.2,989.9,4.8,5.5,9.7,17.5,25.218106,110.039197,173.73,86.77060081538262,12.107525695169668,34.45542544787138,-0.9679377830240642,0.9981707480458889,25.218106,635.952870227236,0.9795302657838054,5.163241925350947,-1975.039060987802,5414.846344365945,2714.46141517598,89.99227985132664,104.03624346792648,71.8
2019-09-17,84.7,95.0,75.2,992.7,4.8,7.1,11.7,175.71405666573574,25.218106,110.039197,173.73,85.2803952446527,12.082228369962602,34.30412717132204,-0.9721181966290612,0.9981707480458889,25.218106,635.952870227236,0.9795302657838054,5.163241925350947,-1975.039060987802,5414.846344365945,2714.46141517598,89.99227985132664,104.03624346792648,70.0
2019-09-18,78.4,91.4,69.8,996.5,4.9,9.1,15.5,-113.83229799389107,25.218106,110.039197,173.73,78.7718492464221,12.056915700982973,34.15122782715065,-0.9760105506323682,0.9981707480458889,25.218106,635.952870227236,0.9795302657838054,5.163241925350947,-1975.039060987802,5414.846344365945,2714.46141517598,89.99227985132664,104.03624346792648,66.5
2019-09-19,79.0,91.4,68.0,995.7,6.1,6.9,13.6,154.63170960301437,25.218106,110.039197,173.73,79.20798345219853,12.031592423118765,33.99677423760378,-0.9796136916454901,0.9981707480458889,25.218106,635.952870227236,0.9795302657838054,5.163241925350947,-1975.039060987802,5414.846344365945,2714.46141517598,89.99227985132664,104.03624346792648,63.9
2019-09-20,79.8,89.6,69.8,993.9,6.5,5.6,9.7,33.49104627830077,25.218106,110.039197,173.73,79.84165068312673,12.00626326062056,33.8408151805292,-0.9829265519799822,0.9981707480458889,25.218106,635.952870227236,0.9795302657838054,5.163241925350947,-1975.039060987802,5414.846344365945,2714.46141517598,89.99227985132664,104.03624346792648,62.1
2019-09-21,76.1,89.6,64.4,995.5,7.8,6.4,13.6,88.02668193628028,25.218106,110.039197,173.73,75.9790830093433,11.980932931828116,33.68340136280172,-0.9859481499638303,0.9981707480458889,25.218106,635.952870227236,0.9795302657838054,5.163241925350947,-1975.039060987802,5414.846344365945,2714.46141517598,89.99227985132664,104.03624346792648,57.2
2019-09-22,76.1,89.6,60.8,998.2,7.6,5.5,11.7,17.5,25.218106,110.039197,173.73,75.81846902603853,11.955606153908835,33.52458539081439,-0.9886775902323404,0.9981707480458889,25.218106,635.952870227236,0.9795302657838054,5.163241925350947,-1975.039060987802,5414.846344365945,2714.46141517598,89.99227985132664,104.03624346792648,52.5
2019-09-23,76.2,91.4,59.0,999.8,7.6,5.1,11.7,4.246093277927718,25.218106,110.039197,173.73,75.75732656225084,11.930287647598558,33.36442173808469,-0.9911140639934546,0.9981707480458889,25.218106,635.952870227236,0.9795302657838054,5.163241925350947,-1975.039060987802,5414.846344365945,2714.46141517598,89.99227985132664,104.03624346792648,53.3
2019-09-24,76.6,90.0,60.8,999.7,7.7,3.3,5.8,3.6168081189476293,25.218106,110.039197,173.73,75.99346933935314,11.90498214193522,33.20296671003172,-0.9932568492674143,0.9981707480458889,25.218106,635.952870227236,0.9795302657838054,5.163241925350947,-1975.039060987802,5414.846344365945,2714.46141517598,89.99227985132664,104.03624346792648,53.3
2019-09-25,79.0,90.7,66.2,999.3,7.9,4.0,7.8,109.84615142587512,25.218106,110.039197,173.73,78.2079879949239,11.879694378975783,33.040278405986214,-0.9951053111006974,0.9981707480458889,25.218106,635.952870227236,0.9795302657838054,5.163241925350947,-1975.039060987802,5414.846344365945,2714.46141517598,89.99227985132664,104.03624346792648,53.3
2019-09-26,77.9,88.2,68.0,999.3,6.4,3.3,5.8,114.95050702303473,25.218106,110.039197,173.73,76.95500236084396,11.854429118486875,32.876416678501165,-0.99665890175417,0.9981707480458889,25.218106,635.952870227236,0.9795302657838054,5.163241925350947,-1975.039060987802,5414.846344365945,2714.46141517598,89.99227985132664,104.03624346792648,56.8
2019-09-27,78.5,95.0,62.6,998.4,7.2,3.5,7.8,-42.69626033456335,25.218106,110.039197,173.73,77.38262539117194,11.829191142599532,32.71144309003642,-0.9979171608653922,0.9981707480458889,25.218106,635.952870227236,0.9795302657838054,5.163241925350947,-1975.039060987802,5414.846344365945,2714.46141517598,89.99227985132664,104.03624346792648,53.9
2019-09-28,78.7,95.0,62.6,996.7,7.3,3.0,7.8,-53.80564932293661,25.218106,110.039197,173.73,77.41446999957677,11.803985260418314,32.54542086709612,-0.9988797155850335,0.9981707480458889,25.218106,635.952870227236,0.9795302657838054,5.163241925350947,-1975.039060987802,5414.846344365945,2714.46141517598,89.99227985132664,104.03624346792648,55.9
2019-09-29,79.0,96.8,62.6,994.5,6.7,3.0,5.8,12.344032174466992,25.218106,110.039197,173.73,77.54387405778569,11.778816312575042,32.378414851903145,-0.9995462806873573,0.9981707480458889,25.218106,635.952870227236,0.9795302657838054,5.163241925350947,-1975.039060987802,5414.846344365945,2714.46141517598,89.99227985132664,104.03624346792648,56.7
2019-09-30,79.5,95.9,62.6,991.5,6.8,2.5,7.8,118.1270930885383,25.218106,110.039197,173.73,77.8681907891266,11.753689175717223,32.21049145169945,-0.9999166586547379,0.9981707480458889,25.218106,635.952870227236,0.9795302657838054,5.163241925350947,-1975.039060987802,5414.846344365945,2714.46141517598,89.99227985132664,104.03624346792648,57.0
2019-10-01,80.4,96.8,66.2,991.1,6.2,2.4,5.8,15.5,25.218106,110.039197,173.73,78.58167873837192,11.728608766921182,32.04171858576641,-0.9999907397361901,0.9981707480458889,25.218106,635.952870227236,0.9795302657838054,5.163241925350947,-1975.039060987802,5414.846344365945,2714.46141517598,89.99227985132664,104.03624346792648,60.9
2019-10-02,82.4,95.0,68.0,999.9,5.1,2.9,5.8,-25.511263317736343,25.218106,110.039197,173.73,80.36458299640218,11.703580048019735,31.87216563026357,-0.9997685019798909,0.9981707480458889,25.218106,635.952870227236,0.9795302657838054,5.163241925350947,-1975.039060987802,5414.846344365945,2714.46141517598,89.99227985132664,104.03624346792648,64.5
2019-10-03,81.8,95.0,69.8,991.8,5.2,3.4,9.7,47.274816805965145,25.218106,110.039197,173.73,79.60917807003568,11.678608029834086,31.701903360988023,-0.9992500112396835,0.9981707480458889,25.218106,635.952870227236,0.9795302657838054,5.163241925350947,-1975.039060987802,5414.846344365945,2714.46141517598,89.99227985132664,104.03624346792648,65.2
2019-10-04,82.2,96.8,69.8,992.0,4.4,3.0,5.8,15.5,25.218106,110.039197,173.73,79.8278297676519,11.653697776299548,31.531003894161636,-0.9984354211555643,0.9981707480458889,25.218106,635.952870227236,0.9795302657838054,5.163241925350947,-1975.039060987802,5414.846344365945,2714.46141517598,89.99227985132664,104.03624346792648,67.7
2019-10-05,82.9,95.0,71.6,994.0,5.0,3.8,7.8,58.50584142538118,25.218106,110.039197,173.73,80.33600253854385,11.62885440847438,31.359540625355752,-0.9973249731081555,0.9981707480458889,25.218106,635.952870227236,0.9795302657838054,5.163241925350947,-1975.039060987802,5414.846344365945,2714.46141517598,89.99227985132664,104.03624346792648,65.4
2019-10-06,79.4,91.4,69.8,996.6,4.2,5.5,9.7,78.79517677337026,25.218106,110.039197,173.73,76.78034990071895,11.604083108420998,31.187588166667382,-0.9959189961471792,0.9981707480458889,25.218106,635.952870227236,0.9795302657838054,5.163241925350947,-1975.039060987802,5414.846344365945,2714.46141517598,89.99227985132664,104.03624346792648,64.9
2019-10-07,74.8,82.4,68.0,998.9,5.6,6.2,11.7,31.81139031812079,25.218106,110.039197,173.73,72.17819219971271,11.579389122948562,31.01522228226334,-0.994217906893952,0.9981707480458889,25.218106,635.952870227236,0.9795302657838054,5.163241925350947,-1975.039060987802,5414.846344365945,2714.46141517598,89.99227985132664,104.03624346792648,63.7
2019-10-08,72.2,78.8,68.0,999.5,5.5,5.5,11.7,-1.1782583660913275,25.218106,110.039197,173.73,69.52124623268787,11.55477776720574,30.842519822411642,-0.9922222094179324,0.9981707480458889,25.218106,635.952870227236,0.9795302657838054,5.163241925350947,-1975.039060987802,5414.846344365945,2714.46141517598,89.99227985132664,104.03624346792648,61.8
2019-10-09,78.2,87.8,69.3,995.4,4.3,4.4,11.7,166.48666264169748,25.218106,110.039197,173.73,75.13882468986563,11.530254428112372,30.669558656122103,-0.989932495087353,0.9981707480458889,25.218106,635.952870227236,0.9795302657838054,5.163241925350947,-1975.039060987802,5414.846344365945,2714.46141517598,89.99227985132664,104.03624346792648,67.5
2019-10-10,79.3,91.4,71.6,994.0,4.6,3.9,9.7,39.20235692971425,25.218106,110.039197,173.73,76.03432401767841,11.505824567618424,30.496417602519735,-0.9873494423939864,0.9981707480458889,25.218106,635.952870227236,0.9795302657838054,5.163241925350947,-1975.039060987802,5414.846344365945,2714.46141517598,89.99227985132664,104.03624346792648,71.1
2019-10-11,81.1,91.4,71.6,992.5,5.6,4.3,9.7,65.32914449014385,25.218106,110.039197,173.73,77.59576176338709,11.48149372577861,30.323176361076467,-0.9844738167520923,0.9981707480458889,25.218106,635.952870227236,0.9795302657838054,5.163241925350947,-1975.039060987802,5414.846344365945,2714.46141517598,89.99227985132664,104.03624346792648,69.8
2019-10-12,73.9,82.4,67.6,995.9,4.0,6.1,9.7,-15.263735477954665,25.218106,110.039197,173.73,70.55767249969291,11.457267523630783,30.14991544082833,-0.9813064702716093,0.9981707480458889,25.218106,635.952870227236,0.9795302657838054,5.163241925350947,-1975.039060987802,5414.846344365945,2714.46141517598,89.99227985132664,104.03624346792648,65.1
2019-10-13,69.5,73.4,66.2,999.9,4.7,4.9,7.8,50.8828637551631,25.218106,110.039197,173.73,66.21700339814113,11.433151665866093,29.97671608870549,-0.9778483415056567,0.9981707480458889,25.218106,635.952870227236,0.9795302657838054,5.163241925350947,-1975.039060987802,5414.846344365945,2714.46141517598,89.99227985132664,104.03624346792648,63.3
2019-10-14,67.9,71.6,66.2,3.0,5.3,4.2,9.7,-36.418102762331706,25.218106,110.039197,173.73,64.55678474571924,11.409151943278806,29.803660217104248,-0.9741004551724206,0.9981707480458889,25.218106,635.952870227236,0.9795302657838054,5.163241925350947,-1975.039060987802,5414.846344365945,2714.46141517598,89.99227985132664,104.03624346792648,65.0
2019-10-15,69.0,75.2,65.8,2.9,4.7,4.9,11.7,-37.82645834394748,25.218106,110.039197,173.73,65.4653268511551,11.385274234983495,29.630830330829415,-0.970063921851507,0.9981707480458889,25.218106,635.952870227236,0.9795302657838054,5.163241925350947,-1975.039060987802,5414.846344365945,2714.46141517598,89.99227985132664,104.03624346792648,61.5
2019-10-16,68.3,78.8,62.6,1.7,6.2,5.4,9.7,63.50137956269172,25.218106,110.039197,173.73,64.66601033828785,11.361524510387323,29.458309453536145,-0.965739937654855,0.9981707480458889,25.218106,635.952870227236,0.9795302657838054,5.163241925350947,-1975.039060987802,5414.846344365945,2714.46141517598,89.99227985132664,104.03624346792648,61.0
2019-10-17,62.0,66.2,60.1,3.0,6.9,5.1,9.7,21.87556450897131,25.218106,110.039197,173.73,58.57919562634251,11.337908830905002,29.286181053799563,-0.9611297838723007,0.9981707480458889,25.218106,635.952870227236,0.9795302657838054,5.163241925350947,-1975.039060987802,5414.846344365945,2714.46141517598,89.99227985132664,104.03624346792648,57.9
2019-10-18,66.3,74.7,57.2,1.5,6.7,4.1,7.8,53.585451428214974,25.218106,110.039197,173.73,62.512244266507246,11.314433351404027,29.114528970939865,-0.9562348265919058,0.9981707480458889,25.218106,635.952870227236,0.9795302657838054,5.163241925350947,-1975.039060987802,5414.846344365945,2714.46141517598,89.99227985132664,104.03624346792648,57.5
2019-10-19,70.9,82.4,60.8,999.8,6.3,2.9,3.9,-37.86446579103074,25.218106,110.039197,173.73,66.7116080320815,11.291104321367813,28.943437340729595,-0.9510565162951536,0.9981707480458889,25.218106,635.952870227236,0.9795302657838054,5.163241925350947,-1975.039060987802,5414.846344365945,2714.46141517598,89.99227985132664,104.03624346792648,60.0
2019-10-20,72.6,83.8,64.4,997.7,5.5,2.3,3.9,31.85204297631652,25.218106,110.039197,173.73,68.17096491887462,11.267928085764401,28.772990521108092,-0.9455963874271428,0.9981707480458889,25.218106,635.952870227236,0.9795302657838054,5.163241925350947,-1975.039060987802,5414.846344365945,2714.46141517598,89.99227985132664,104.03624346792648,62.2
2019-10-21,76.9,86.0,68.0,993.5,5.7,2.8,5.8,1.1368439840634412,25.218106,110.039197,173.73,72.06113854027429,11.24491108560847,28.603273018026634,-0.9398560579418953,0.9981707480458889,25.218106,635.952870227236,0.9795302657838054,5.163241925350947,-1975.039060987802,5414.846344365945,2714.46141517598,89.99227985132664,104.03624346792648,62.8
2019-10-22,67.6,73.8,62.6,991.5,3.4,4.3,11.7,37.858187683872885,25.218106,110.039197,173.73,63.21760386788623,11.222059858204657,28.434369411545706,-0.9338372288229252,0.9981707480458889,25.218106,635.952870227236,0.9795302657838054,5.163241925350947,-1975.039060987802,5414.846344365945,2714.46141517598,89.99227985132664,104.03624346792648,65.8
2019-10-23,64.1,65.5,62.6,996.0,5.7,3.6,7.8,-29.47760017553263,25.218106,110.039197,173.73,59.82336037296353,11.199381037060256,28.266364282302916,-0.9275416835791965,0.9981707480458889,25.218106,635.952870227236,0.9795302657838054,5.163241925350947,-1975.039060987802,5414.846344365945,2714.46141517598,89.99227985132664,104.03624346792648,61.5
2019-10-24,68.2,71.6,64.0,998.7,4.8,3.3,7.8,60.612616190152565,25.218106,110.039197,173.73,63.52194234744013,11.17688135145574,28.099342138468128,-0.9209712877166347,0.9981707480458889,25.218106,635.952870227236,0.9795302657838054,5.163241925350947,-1975.039060987802,5414.846344365945,2714.46141517598,89.99227985132664,104.03624346792648,60.9
2019-10-25,63.9,67.6,60.8,0.4,5.8,3.6,7.8,84.69859335272358,25.218106,110.039197,173.73,59.39807260664943,11.154567625661864,27.933387343298637,-0.9141279881853337,0.9981707480458889,25.218106,635.952870227236,0.9795302657838054,5.163241925350947,-1975.039060987802,5414.846344365945,2714.46141517598,89.99227985132664,104.03624346792648,62.0
2019-10-26,60.5,64.4,58.6,1.5,9.3,4.7,7.8,-35.636227406868116,25.218106,110.039197,173.73,56.126085838036886,11.13244677779244,27.768584043404243,-0.9070138128026362,0.9981707480458889,25.218106,635.952870227236,0.9795302657838054,5.163241925350947,-1975.039060987802,5414.846344365945,2714.46141517598,89.99227985132664,104.03624346792648,55.7
2019-10-27,58.9,60.8,56.8,999.6,5.6,3.2,5.8,-28.56516114890043,25.218106,110.039197,173.73,54.53416422473662,11.110525818282504,27.6050160978284,-0.8996308696522434,0.9981707480458889,25.218106,635.952870227236,0.9795302657838054,5.163241925350947,-1975.039060987802,5414.846344365945,2714.46141517598,89.99227985132664,104.03624346792648,55.4
2019-10-28,59.2,70.0,48.2,0.5,5.8,1.9,3.9,45.073154981212326,25.218106,110.039197,173.73,54.7048051167109,11.088811847981939,27.44276700804767,-0.8919813464595487,0.9981707480458889,25.218106,635.952870227236,0.9795302657838054,5.163241925350947,-1975.039060987802,5414.846344365945,2714.46141517598,89.99227985132664,104.03624346792648,55.7
2019-10-29,64.4,82.4,48.2,0.3,7.6,4.7,15.5,63.56693215867323,25.218106,110.039197,173.73,59.39457469975753,11.067312055855439,27.281919848987453,-0.8840675099433637,0.9981707480458889,25.218106,635.952870227236,0.9795302657838054,5.163241925350947,-1975.039060987802,5414.846344365945,2714.46141517598,89.99227985132664,104.03624346792648,49.3
2019-10-30,65.8,84.2,48.2,0.0,7.1,5.0,11.7,62.374248803595734,25.218106,110.039197,173.73,60.5690848776036,11.046033716280293,27.12255720114792,-0.8758917051442433,0.9981707480458889,25.218106,635.952870227236,0.9795302657838054,5.163241925350947,-1975.039060987802,5414.846344365945,2714.46141517598,89.99227985132664,104.03624346792648,45.9
2019-10-31,68.2,82.9,53.6,998.8,7.0,3.6,7.8,54.03051959713213,25.218106,110.039197,173.73,62.65866012339331,11.024984185934306,26.964761083928778,-0.8674563547295971,0.9981707480458889,25.218106,635.952870227236,0.9795302657838054,5.163241925350947,-1975.039060987802,5414.846344365945,2714.46141517598,89.99227985132664,104.03624346792648,48.8
2019-11-01,72.3,84.6,60.8,997.6,6.4,3.0,5.8,-8.73459283450283,25.218106,110.039197,173.73,66.300129674109,11.004170900267054,26.808612890237555,-0.858763958275803,0.9981707480458889,25.218106,635.952870227236,0.9795302657838054,5.163241925350947,-1975.039060987802,5414.846344365945,2714.46141517598,89.99227985132664,104.03624346792648,54.5
2019-11-02,70.6,80.1,64.2,997.5,4.4,3.4,7.8,-6.6825681015031915,25.218106,110.039197,173.73,64.62018805751124,10.983601369548655,26.65419332245991,-0.8498170915275277,0.9981707480458889,25.218106,635.952870227236,0.9795302657838054,5.163241925350947,-1975.039060987802,5414.846344365945,2714.46141517598,89.99227985132664,104.03624346792648,60.8
2019-11-03,66.7,80.6,53.6,999.8,5.3,5.3,15.5,-31.458038040964503,25.218106,110.039197,173.73,60.937582311547345,10.963283174491277,26.501582329866437,-0.8406184056344783,0.9981707480458889,25.218106,635.952870227236,0.9795302657838054,5.163241925350947,-1975.039060987802,5414.846344365945,2714.46141517598,89.99227985132664,104.03624346792648,55.7
2019-11-04,66.7,82.4,51.8,0.0,6.4,6.4,13.6,-60.97680826048733,25.218106,110.039197,173.73,60.826086519002814,10.943223961439786,26.350859047523855,-0.8311706263658079,0.9981707480458889,25.218106,635.952870227236,0.9795302657838054,5.163241925350947,-1975.039060987802,5414.846344365945,2714.46141517598,89.99227985132664,104.03624346792648,48.5
2019-11-05,66.1,78.8,55.4,996.9,5.5,4.9,11.7,21.4,25.218106,110.039197,173.73,60.16990149951971,10.923431437129146,26.202101736773752,-0.8214765533024145,0.9981707480458889,25.218106,635.952870227236,0.9795302657838054,5.163241925350947,-1975.039060987802,5414.846344365945,2714.46141517598,89.99227985132664,104.03624346792648,50.9
2019-11-06,64.4,73.4,55.4,996.9,3.6,4.6,9.7,57.49121360532764,25.218106,110.039197,173.73,58.51766838147406,10.903913363007588,26.05538772733603,-0.8115390590073611,0.9981707480458889,25.218106,635.952870227236,0.9795302657838054,5.163241925350947,-1975.039060987802,5414.846344365945,2714.46141517598,89.99227985132664,104.03624346792648,53.6
2019-11-07,65.9,75.2,51.8,999.9,4.5,4.9,9.7,-90.81699264347556,25.218106,110.039197,173.73,59.77502087394977,10.884677549125906,25.910793361088253,-0.801361088174677,0.9981707480458889,25.218106,635.952870227236,0.9795302657838054,5.163241925350947,-1975.039060987802,5414.846344365945,2714.46141517598,89.99227985132664,104.03624346792648,53.3
2019-11-08,64.6,77.0,50.0,2.8,5.8,5.7,11.7,142.9514175879051,25.218106,110.039197,173.73,58.49385644621866,10.865731847594798,25.768393937566444,-0.7909456567567774,0.9981707480458889,25.218106,635.952870227236,0.9795302657838054,5.163241925350947,-1975.039060987802,5414.846344365945,2714.46141517598,89.99227985132664,104.03624346792648,48.6
2019-11-09,64.2,78.8,51.8,1.0,5.4,2.9,7.8,91.08858993292124,25.218106,110.039197,173.73,58.03190017903373,10.84708414561378,25.62826366122683,-0.780295851070776,0.9981707480458889,25.218106,635.952870227236,0.9795302657838054,5.163241925350947,-1975.039060987802,5414.846344365945,2714.46141517598,89.99227985132664,104.03624346792648,50.2
2019-11-10,66.1,80.8,53.6,997.8,5.1,2.4,5.8,100.0887534660549,25.218106,110.039197,173.73,59.64832248907305,10.828742358076804,25.490475590501873,-0.7694148268839381,0.9981707480458889,25.218106,635.952870227236,0.9795302657838054,5.163241925350947,-1975.039060987802,5414.846344365945,2714.46141517598,89.99227985132664,104.03624346792648,52.8
2019-11-11,66.8,82.4,53.6,994.8,4.4,1.9,3.9,118.59793595219296,25.218106,110.039197,173.73,60.179643603339315,10.810714419761554,25.35510158867809,-0.7583058084785625,0.9981707480458889,25.218106,635.952870227236,0.9795302657838054,5.163241925350947,-1975.039060987802,5414.846344365945,2714.46141517598,89.99227985132664,104.03624346792648,54.8
2019-11-12,72.7,82.9,57.2,996.2,4.3,3.6,7.8,-5.07518370176288,25.218106,110.039197,173.73,65.38764181216474,10.7930082771111,25.222212276616837,-0.7469720876965551,0.9981707480458889,25.218106,635.952870227236,0.9795302657838054,5.163241925350947,-1975.039060987802,5414.846344365945,2714.46141517598,89.99227985132664,104.03624346792648,60.9
2019-11-13,62.3,69.1,55.4,5.1,8.3,7.0,13.6,104.26072130670119,25.218106,110.039197,173.73,55.94348884168638,10.775631879618565,25.091876987333713,-0.7354170229639858,0.9981707480458889,25.218106,635.952870227236,0.9795302657838054,5.163241925350947,-1975.039060987802,5414.846344365945,2714.46141517598,89.99227985132664,104.03624346792648,53.9
2019-11-14,61.8,77.0,48.2,1.8,8.7,3.5,7.8,-65.27542375128391,25.218106,110.039197,173.73,55.40675482976065,10.75859317082731,24.9641637224454,-0.7236440382959124,0.9981707480458889,25.218106,635.952870227236,0.9795302657838054,5.163241925350947,-1975.039060987802,5414.846344365945,2714.46141517598,89.99227985132664,104.03624346792648,43.2
2019-11-15,69.7,79.2,51.8,996.2,6.2,2.0,5.8,-152.14307287046512,25.218106,110.039197,173.73,62.39253629196595,10.74190007896114,24.839139110487682,-0.711656622281775,0.9981707480458889,25.218106,635.952870227236,0.9795302657838054,5.163241925350947,-1975.039060987802,5414.846344365945,2714.46141517598,89.99227985132664,104.03624346792648,55.1
2019-11-16,69.0,75.0,66.2,993.6,2.1,2.1,3.9,74.77027393238434,25.218106,110.039197,173.73,61.671972916405956,10.725560507201036,24.71686836710218,-0.6994583270516471,0.9981707480458889,25.218106,635.952870227236,0.9795302657838054,5.163241925350947,-1975.039060987802,5414.846344365945,2714.46141517598,89.99227985132664,104.03624346792648,63.7
2019-11-17,66.2,74.3,53.6,995.8,2.2,5.7,19.4,-93.2161582690579,25.218106,110.039197,173.73,59.081195818675376,10.709582323626956,24.59741525708336,-0.6870527672236675,0.9981707480458889,25.218106,635.952870227236,0.9795302657838054,5.163241925350947,-1975.039060987802,5414.846344365945,2714.46141517598,89.99227985132664,104.03624346792648,63.5
2019-11-18,52.0,62.6,46.4,6.2,7.7,7.9,11.7,206.03660765950323,25.218106,110.039197,173.73,46.34055118699584,10.693973350845194,24.4808420582724,-0.6744436188329457,0.9981707480458889,25.218106,635.952870227236,0.9795302657838054,5.163241925350947,-1975.039060987802,5414.846344365945,2714.46141517598,89.99227985132664,104.03624346792648,45.7
2019-11-19,56.4,68.0,48.2,4.2,7.8,5.4,15.5,59.829678765328104,25.218106,110.039197,173.73,50.190084370022696,10.678741355323979,24.367209527278405,-0.661634618242279,0.9981707480458889,25.218106,635.952870227236,0.9795302657838054,5.163241925350947,-1975.039060987802,5414.846344365945,2714.46141517598,89.99227985132664,104.03624346792648,44.6
2019-11-20,59.7,69.1,53.6,2.6,7.3,3.4,7.8,71.40027829460638,25.218106,110.039197,173.73,53.05287283139736,10.66389403646178,24.256576867002828,-0.6486295610349818,0.9981707480458889,25.218106,635.952870227236,0.9795302657838054,5.163241925350947,-1975.039060987802,5414.846344365945,2714.46141517598,89.99227985132664,104.03624346792648,46.5
2019-11-21,60.0,65.7,51.8,1.9,6.0,2.6,5.8,-43.02932268744756,25.218106,110.039197,173.73,53.24719507707509,10.649439015415018,24.149001695937557,-0.6354323008901775,0.9981707480458889,25.218106,635.952870227236,0.9795302657838054,5.163241925350947,-1975.039060987802,5414.846344365945,2714.46141517598,89.99227985132664,104.03624346792648,47.6
2019-11-22,63.3,77.0,54.1,998.3,5.1,2.6,3.9,49.07497741836392,25.218106,110.039197,173.73,56.101649670089074,10.63538382371357,24.044540019202344,-0.622046748440868,0.9981707480458889,25.218106,635.952870227236,0.9795302657838054,5.163241925350947,-1975.039060987802,5414.846344365945,2714.46141517598,89.99227985132664,104.03624346792648,52.0
2019-11-23,67.7,81.3,57.2,999.9,4.0,2.7,3.9,-127.13984521069136,25.218106,110.039197,173.73,59.92429332230991,10.621735891694518,23.943246201283053,-0.6084768701151264,0.9981707480458889,25.218106,635.952870227236,0.9795302657838054,5.163241925350947,-1975.039060987802,5414.846344365945,2714.46141517598,89.99227985132664,104.03624346792648,57.7
2019-11-24,68.6,81.5,59.0,0.1,4.0,5.3,13.6,99.66984723976714,25.218106,110.039197,173.73,60.64527283529479,10.608502536786261,23.84517294042747,-0.594726686960764,0.9981707480458889,25.218106,635.952870227236,0.9795302657838054,5.163241925350947,-1975.039060987802,5414.846344365945,2714.46141517598,89.99227985132664,104.03624346792648,56.7
2019-11-25,53.1,64.4,44.6,7.2,8.3,9.0,15.5,19.4,25.218106,110.039197,173.73,46.88593246117006,10.595690951676849,23.75037124465198,-0.5808002734538013,0.9981707480458889,25.218106,635.952870227236,0.9795302657838054,5.163241925350947,-1975.039060987802,5414.846344365945,2714.46141517598,89.99227985132664,104.03624346792648,43.3
2019-11-26,52.9,62.6,46.6,4.7,6.4,6.1,9.7,-58.68837778446216,25.218106,110.039197,173.73,46.65475028150562,10.583308192402031,23.658890409308334,-0.5667017562911184,0.9981707480458889,25.218106,635.952870227236,0.9795302657838054,5.163241925350947,-1975.039060987802,5414.846344365945,2714.46141517598,89.99227985132664,104.03624346792648,43.6
2019-11-27,47.7,49.3,46.0,8.4,8.1,6.7,9.7,61.016659614895104,25.218106,110.039197,173.73,42.021160636399685,10.571361166389856,23.570777996156803,-0.5524353131676203,0.9981707480458889,25.218106,635.952870227236,0.9795302657838054,5.163241925350947,-1975.039060987802,5414.846344365945,2714.46141517598,89.99227985132664,104.03624346792648,43.2
2019-11-28,48.0,55.4,44.6,9.2,4.7,7.9,15.5,-37.36170402874228,25.218106,110.039197,173.73,42.23942648200038,10.559856620500096,23.486079813888768,-0.5380051715382992,0.9981707480458889,25.218106,635.952870227236,0.9795302657838054,5.163241925350947,-1975.039060987802,5414.846344365945,2714.46141517598,89.99227985132664,104.03624346792648,39.4
2019-11-29,51.4,55.4,45.1,5.4,4.8,5.3,9.7,-103.34729351242643,25.218106,110.039197,173.73,45.1840315029692,10.548801129097868,23.404839900039708,-0.5234156073655503,0.9981707480458889,25.218106,635.952870227236,0.9795302657838054,5.163241925350947,-1975.039060987802,5414.846344365945,2714.46141517598,89.99227985132664,104.03624346792648,41.4
2019-11-30,51.4,53.6,48.2,3.5,3.6,4.0,9.7,12.739081213059007,25.218106,110.039197,173.73,45.138627968764446,10.538201082201816,23.32710050423073,-0.5086709438521042,0.9981707480458889,25.218106,635.952870227236,0.9795302657838054,5.163241925350947,-1975.039060987802,5414.846344365945,2714.46141517598,89.99227985132664,104.03624346792648,46.1
2019-12-01,46.2,51.8,39.2,8.2,6.8,5.3,13.6,-56.304309493322734,25.218106,110.039197,173.73,40.53304129392991,10.528062673748028,23.252902072675763,-0.49377555015997737,0.9981707480458889,25.218106,635.952870227236,0.9795302657838054,5.163241925350947,-1975.039060987802,5414.846344365945,2714.46141517598,89.99227985132664,104.03624346792648,41.4
2019-12-02,48.5,62.6,35.6,9.5,5.8,6.2,13.6,71.31948149642363,25.218106,110.039197,173.73,42.511833888796346,10.518391890011468,23.182283233889596,-0.4787338401157883,0.9981707480458889,25.218106,635.952870227236,0.9795302657838054,5.163241925350947,-1975.039060987802,5414.846344365945,2714.46141517598,89.99227985132664,104.03624346792648,34.4
2019-12-03,51.1,66.2,37.4,7.5,8.2,5.3,13.6,-36.02395039919511,25.218106,110.039197,173.73,44.75165323828364,10.509194498227076,23.115280785531393,-0.4635502709028512,0.9981707480458889,25.218106,635.952870227236,0.9795302657838054,5.163241925350947,-1975.039060987802,5414.846344365945,2714.46141517598,89.99227985132664,104.03624346792648,30.0
2019-12-04,51.5,68.0,37.4,8.8,7.6,5.8,13.6,15.2,25.218106,110.039197,173.73,45.06454298548523,10.50047603545287,23.05192968231776,-0.4482293417404106,0.9981707480458889,25.218106,635.952870227236,0.9795302657838054,5.163241925350947,-1975.039060987802,5414.846344365945,2714.46141517598,89.99227985132664,104.03624346792648,31.2
2019-12-05,56.0,69.8,37.4,10.4,8.5,6.6,15.5,17.1,25.218106,110.039197,173.73,48.96379505601421,10.49224179771733,22.992263024939202,-0.4327755925504317,0.9981707480458889,25.218106,635.952870227236,0.9795302657838054,5.163241925350947,-1975.039060987802,5414.846344365945,2714.46141517598,89.99227985132664,104.03624346792648,28.9
2019-12-06,51.1,68.0,33.8,10.7,6.9,5.2,11.7,16.1,25.218106,110.039197,173.73,44.646482332257726,10.484496829493008,22.936312049914598,-0.41719360261231697,0.9981707480458889,25.218106,635.952870227236,0.9795302657838054,5.163241925350947,-1975.039060987802,5414.846344365945,2714.46141517598,89.99227985132664,104.03624346792648,27.8
2019-12-07,51.7,69.8,32.0,8.9,7.0,3.6,7.8,15.3,25.218106,110.039197,173.73,45.139467810825415,10.477245913537814,22.884106120318613,-0.4014879892059737,0.9981707480458889,25.218106,635.952870227236,0.9795302657838054,5.163241925350947,-1975.039060987802,5414.846344365945,2714.46141517598,89.99227985132664,104.03624346792648,28.0
2019-12-08,51.6,69.8,35.6,6.4,7.0,2.3,4.7,-19.352793198221168,25.218106,110.039197,173.73,45.023122312921714,10.470493561144584,22.83567271731885,-0.38566340624360745,0.9981707480458889,25.218106,635.952870227236,0.9795302657838054,5.163241925350947,-1975.039060987802,5414.846344365945,2714.46141517598,89.99227985132664,104.03624346792648,30.9
2019-12-09,48.5,69.8,32.0,2.5,5.5,2.2,3.9,26.92722831433929,25.218106,110.039197,173.73,42.292986178139145,10.464244002838551,22.791037432460648,-0.3697245428906732,0.9981707480458889,25.218106,635.952870227236,0.9795302657838054,5.163241925350947,-1975.039060987802,5414.846344365945,2714.46141517598,89.99227985132664,104.03624346792648,34.3
2019-12-10,51.8,71.6,35.6,0.3,4.6,2.0,3.9,-33.63367748262115,25.218106,110.039197,173.73,45.145863425105055,10.458501179561017,22.750223960639964,-0.3536761221763721,0.9981707480458889,25.218106,635.952870227236,0.9795302657838054,5.163241925350947,-1975.039060987802,5414.846344365945,2714.46141517598,89.99227985132664,104.03624346792648,37.4
2019-12-11,54.9,74.7,37.4,0.5,5.0,2.2,5.8,9.7,25.218106,110.039197,173.73,47.82370445977013,10.453268734375984,22.71325409370706,-0.33752289959411347,0.9981707480458889,25.218106,635.952870227236,0.9795302657838054,5.163241925350947,-1975.039060987802,5414.846344365945,2714.46141517598,89.99227985132664,104.03624346792648,40.3
2019-12-12,55.6,74.7,39.2,1.7,4.8,2.0,5.8,-11.667460234853817,25.218106,110.039197,173.73,48.41161502193794,10.448550004734807,22.68014771464678,-0.32126966169236515,0.9981707480458889,25.218106,635.952870227236,0.9795302657838054,5.163241925350947,-1975.039060987802,5414.846344365945,2714.46141517598,89.99227985132664,104.03624346792648,42.7
2019-12-13,59.1,75.2,42.8,2.6,4.6,2.3,3.9,84.23879083093279,25.218106,110.039197,173.73,51.43841397550928,10.444348015331833,22.65092279228425,-0.3049212246562894,0.9981707480458889,25.218106,635.952870227236,0.9795302657838054,5.163241925350947,-1975.039060987802,5414.846344365945,2714.46141517598,89.99227985132664,104.03624346792648,47.6
2019-12-14,62.6,75.2,48.9,0.3,3.1,1.6,3.9,-64.16362682265873,25.218106,110.039197,173.73,54.4654715434185,10.440665471581822,22.62559537646884,-0.2884824328806098,0.9981707480458889,25.218106,635.952870227236,0.9795302657838054,5.163241925350947,-1975.039060987802,5414.846344365945,2714.46141517598,89.99227985132664,104.03624346792648,52.0
2019-12-15,68.4,78.4,57.6,996.6,5.9,5.6,13.6,-92.34263122779545,25.218106,110.039197,173.73,59.493777096361036,10.43750475374755,22.60417959369275,-0.27195815753410524,0.9981707480458889,25.218106,635.952870227236,0.9795302657838054,5.163241925350947,-1975.039060987802,5414.846344365945,2714.46141517598,89.99227985132664,104.03624346792648,56.7
2019-12-16,71.6,80.6,61.0,995.8,7.4,5.7,13.6,-15.634373601488846,25.218106,110.039197,173.73,62.261378540068286,10.43486791174329,22.586687643105247,-0.2553532951161881,0.9981707480458889,25.218106,635.952870227236,0.9795302657838054,5.163241925350947,-1975.039060987802,5414.846344365945,2714.46141517598,89.99227985132664,104.03624346792648,61.5
2019-12-17,66.6,80.6,53.6,998.9,4.3,6.7,15.5,17.3,25.218106,110.039197,173.73,57.90179946653592,10.432756660637104,22.573129792887933,-0.23867276600594997,0.9981707480458889,25.218106,635.952870227236,0.9795302657838054,5.163241925350947,-1975.039060987802,5414.846344365945,2714.46141517598,89.99227985132664,104.03624346792648,53.5
2019-12-18,51.3,80.4,44.6,4.4,3.4,6.6,9.7,18.1,25.218106,110.039197,173.73,44.593261911127584,10.43117237687195,22.563514376961205,-0.22192151300416674,0.9981707480458889,25.218106,635.952870227236,0.9795302657838054,5.163241925350947,-1975.039060987802,5414.846344365945,2714.46141517598,89.99227985132664,104.03624346792648,41.3
2019-12-19,47.5,56.3,44.4,5.8,6.2,5.7,13.6,15.0,25.218106,110.039197,173.73,41.28587621025546,10.43011609522243,22.557847791997233,-0.20510449986861926,0.9981707480458889,25.218106,635.952870227236,0.9795302657838054,5.163241925350947,-1975.039060987802,5414.846344365945,2714.46141517598,89.99227985132664,104.03624346792648,41.3
2019-12-20,47.1,52.3,44.4,3.6,6.3,4.3,7.8,13.8,25.218106,110.039197,173.73,40.936134888015694,10.429588506500814,22.55613449471988,-0.1882267098432439,0.9981707480458889,25.218106,635.952870227236,0.9795302657838054,5.163241925350947,-1975.039060987802,5414.846344365945,2714.46141517598,89.99227985132664,104.03624346792648,42.9
2019-12-21,47.1,48.4,44.6,1.6,5.3,3.1,6.8,11.1,25.218106,110.039197,173.73,40.936140577389,10.429589956022674,22.5583769994774,-0.1712931441814778,0.9981707480458889,25.218106,635.952870227236,0.9795302657838054,5.163241925350947,-1975.039060987802,5414.846344365945,2714.46141517598,89.99227985132664,104.03624346792648,44.6
2019-12-22,50.7,55.4,45.1,998.6,5.7,2.5,5.8,9.9,25.218106,110.039197,173.73,44.06725887099491,10.430120442839032,22.56457587607914,-0.154308820664281,0.9981707480458889,25.218106,635.952870227236,0.9795302657838054,5.163241925350947,-1975.039060987802,5414.846344365945,2714.46141517598,89.99227985132664,104.03624346792648,46.1
2019-12-23,50.3,53.8,47.1,999.7,5.3,3.5,7.8,10.5,25.218106,110.039197,173.73,43.724027906070354,10.431179619738455,22.574729747893212,-0.13727877211326517,0.9981707480458889,25.218106,635.952870227236,0.9795302657838054,5.163241925350947,-1975.039060987802,5414.846344365945,2714.46141517598,89.99227985132664,104.03624346792648,48.2
2019-12-24,50.9,55.4,48.2,0.0,5.6,4.0,7.8,10.5,25.218106,110.039197,173.73,44.25231915129785,10.43276679401914,22.58883529020743,-0.12020804489935275,0.9981707480458889,25.218106,635.952870227236,0.9795302657838054,5.163241925350947,-1975.039060987802,5414.846344365945,2714.46141517598,89.99227985132664,104.03624346792648,46.2
2019-12-25,52.1,53.6,49.1,997.5,3.1,3.7,9.7,20.4,25.218106,110.039197,173.73,45.30477470019424,10.434880929027463,22.60688722886173,-0.10310169744743544,0.9981707480458889,25.218106,635.952870227236,0.9795302657838054,5.163241925350947,-1975.039060987802,5414.846344365945,2714.46141517598,89.99227985132664,104.03624346792648,49.7
2019-12-26,47.9,53.6,42.8,6.7,4.6,7.3,15.5,21.6,25.218106,110.039197,173.73,41.66310324710388,10.437520646456086,22.628878339165496,-0.0859647987374467,0.9981707480458889,25.218106,635.952870227236,0.9795302657838054,5.163241925350947,-1975.039060987802,5414.846344365945,2714.46141517598,89.99227985132664,104.03624346792648,39.2
2019-12-27,54.0,62.6,42.8,4.0,4.9,4.8,7.8,13.8,25.218106,110.039197,173.73,46.98307903226077,10.440684229391282,22.654799445118947,-0.06880242680232064,0.9981707480458889,25.218106,635.952870227236,0.9795302657838054,5.163241925350947,-1975.039060987802,5414.846344365945,2714.46141517598,89.99227985132664,104.03624346792648,33.8
2019-12-28,53.1,61.7,45.5,1.6,2.9,2.6,5.8,11.3,25.218106,110.039197,173.73,46.21633559547397,10.444369626095813,22.684639418963183,-0.05161966722325418,0.9981707480458889,25.218106,635.952870227236,0.9795302657838054,5.163241925350947,-1975.039060987802,5414.846344365945,2714.46141517598,89.99227985132664,104.03624346792648,42.5
2019-12-29,55.4,62.6,50.0,0.2,2.1,1.5,2.3,-5.904533669847908,25.218106,110.039197,173.73,48.23758539832364,10.448574454510535,22.7183851810884,-0.034421611622745804,0.9981707480458889,25.218106,635.952870227236,0.9795302657838054,5.163241925350947,-1975.039060987802,5414.846344365945,2714.46141517598,89.99227985132664,104.03624346792648,48.2
2019-12-30,56.2,61.5,50.5,6.3,4.2,5.6,11.7,15.7,25.218106,110.039197,173.73,48.95626963491268,10.453296007454664,22.756021700335204,-0.01721335615583528,0.9981707480458889,25.218106,635.952870227236,0.9795302657838054,5.163241925350947,-1975.039060987802,5414.846344365945,2714.46141517598,89.99227985132664,104.03624346792648,49.4
2019-12-31,53.3,60.8,48.2,9.6,3.7,7.6,15.5,15.7,25.218106,110.039197,173.73,46.45330967317897,10.458531258501832,22.797531994728484,6.432490598706546e-16,0.9981707480458889,25.218106,635.952870227236,0.9795302657838054,5.163241925350947,-1975.039060987802,5414.846344365945,2714.46141517598,89.99227985132664,104.03624346792648,43.1
2020-01-01,53.6,59.0,48.2,5.6,2.5,2.1,5.8,21.138234074574715,25.218106,110.039197,173.73,46.74043667932743,10.464276868506142,22.842897132688286,0.017213356155834685,0.9981707480458889,25.218106,635.952870227236,0.9795302657838054,5.163241925350947,-1975.039060987802,5414.846344365945,2714.46141517598,89.99227985132664,104.03624346792648,47.5
2020-01-02,53.9,57.4,49.1,4.8,1.4,3.0,5.8,-14.056452409842917,25.218106,110.039197,173.73,47.03012695743468,10.470529192749837,22.892096234765884,0.03442161162274574,0.9981707480458889,25.218106,635.952870227236,0.9795302657838054,5.163241925350947,-1975.039060987802,5414.846344365945,2714.46141517598,89.99227985132664,104.03624346792648,52.0
2020-01-03,51.7,53.8,50.0,4.5,4.5,4.1,5.8,79.24535431544813,25.218106,110.039197,173.73,45.13963314373756,10.477284288681833,22.945106475957953,0.051619667223253764,0.9981707480458889,25.218106,635.952870227236,0.9795302657838054,5.163241925350947,-1975.039060987802,5414.846344365945,2714.46141517598,89.99227985132664,104.03624346792648,48.6
2020-01-04,52.0,55.4,46.4,2.4,3.5,3.3,5.8,10.5,25.218106,110.039197,173.73,45.43299767159408,10.484537924214019,23.001903088654633,0.06880242680231986,0.9981707480458889,25.218106,635.952870227236,0.9795302657838054,5.163241925350947,-1975.039060987802,5414.846344365945,2714.46141517598,89.99227985132664,104.03624346792648,46.6
2020-01-05,58.9,68.0,48.6,999.3,2.3,1.4,3.9,-131.76426983835898,25.218106,110.039197,173.73,51.49963508726893,10.49228558654036,23.062459366281505,0.08596479873744647,0.9981707480458889,25.218106,635.952870227236,0.9795302657838054,5.163241925350947,-1975.039060987802,5414.846344365945,2714.46141517598,89.99227985132664,104.03624346792648,53.2
2020-01-06,69.5,77.2,50.7,996.0,6.2,4.4,11.7,2.903962150261428,25.218106,110.039197,173.73,60.81552609626822,10.500522491441995,23.126746667697528,0.10310169744743485,0.9981707480458889,25.218106,635.952870227236,0.9795302657838054,5.163241925350947,-1975.039060987802,5414.846344365945,2714.46141517598,89.99227985132664,104.03624346792648,60.1
2020-01-07,63.9,80.6,51.8,0.0,8.4,5.8,17.5,0.4316776151087005,25.218106,110.039197,173.73,55.96172213293799,10.509243593039999,23.19473442241428,0.1202080448993527,0.9981707480458889,25.218106,635.952870227236,0.9795302657838054,5.163241925350947,-1975.039060987802,5414.846344365945,2714.46141517598,89.99227985132664,104.03624346792648,51.0
2020-01-08,56.8,78.6,53.1,0.3,7.4,4.4,9.7,14.0,25.218106,110.039197,173.73,49.787299678059505,10.518443593956233,23.266390136703574,0.13727877211326478,0.9981707480458889,25.218106,635.952870227236,0.9795302657838054,5.163241925350947,-1975.039060987802,5414.846344365945,2714.46141517598,89.99227985132664,104.03624346792648,44.4
2020-01-09,51.9,60.6,46.4,998.2,3.6,4.7,7.4,13.6,25.218106,110.039197,173.73,45.5341058340151,10.528116955841641,23.341679400662326,0.15430882066428117,0.9981707480458889,25.218106,635.952870227236,0.9795302657838054,5.163241925350947,-1975.039060987802,5414.846344365945,2714.46141517598,89.99227985132664,104.03624346792648,46.1
2020-01-10,44.9,56.5,41.0,999.7,7.1,5.4,8.2,15.3,25.218106,110.039197,173.73,39.43064834744587,10.538257910230522,23.42056589630496,0.1712931441814776,0.9981707480458889,25.218106,635.952870227236,0.9795302657838054,5.163241925350947,-1975.039060987802,5414.846344365945,2714.46141517598,89.99227985132664,104.03624346792648,41.3
2020-01-11,43.2,48.2,37.4,3.9,7.2,5.8,9.7,16.3,25.218106,110.039197,173.73,37.97589769084397,10.54886046967888,23.503011406754332,0.1882267098432442,0.9981707480458889,25.218106,635.952870227236,0.9795302657838054,5.163241925350947,-1975.039060987802,5414.846344365945,2714.46141517598,89.99227985132664,104.03624346792648,38.6
2020-01-12,49.1,60.8,35.6,0.8,6.7,4.1,9.7,16.1,25.218106,110.039197,173.73,43.20766628016639,10.559918439144536,23.58897582660263,0.2051044998686192,0.9981707480458889,25.218106,635.952870227236,0.9795302657838054,5.163241925350947,-1975.039060987802,5414.846344365945,2714.46141517598,89.99227985132664,104.03624346792648,37.0
2020-01-13,47.4,60.1,41.0,0.4,3.3,4.3,7.8,11.5,25.218106,110.039197,173.73,41.75713043888832,10.571425427566663,23.678417173513548,0.2219215130041655,0.9981707480458889,25.218106,635.952870227236,0.9795302657838054,5.163241925350947,-1975.039060987802,5414.846344365945,2714.46141517598,89.99227985132664,104.03624346792648,40.7
2020-01-14,43.6,52.7,42.4,1.8,4.8,4.2,7.8,14.2,25.218106,110.039197,173.73,38.45292865655621,10.583374859602626,23.771291601136827,0.2386727660059501,0.9981707480458889,25.218106,635.952870227236,0.9795302657838054,5.163241925350947,-1975.039060987802,5414.846344365945,2714.46141517598,89.99227985132664,104.03624346792648,41.8
2020-01-15,44.7,46.4,42.8,999.8,5.4,4.0,7.8,13.6,25.218106,110.039197,173.73,39.46920595336418,10.595759987480317,23.867553413404856,0.255353295116187,0.9981707480458889,25.218106,635.952870227236,0.9795302657838054,5.163241925350947,-1975.039060987802,5414.846344365945,2714.46141517598,89.99227985132664,104.03624346792648,43.0
2020-01-16,42.3,46.4,40.5,5.5,6.9,5.9,8.5,14.4,25.218106,110.039197,173.73,37.39522300781,10.608573902924824,23.967155080280104,0.2719581575341055,0.9981707480458889,25.218106,635.952870227236,0.9795302657838054,5.163241925350947,-1975.039060987802,5414.846344365945,2714.46141517598,89.99227985132664,104.03624346792648,38.3
2020-01-17,44.4,48.2,39.9,5.2,3.5,5.4,9.7,14.2,25.218106,110.039197,173.73,39.300695331740684,10.621809549119103,24.070047255019972,0.288482432880609,0.9981707480458889,25.218106,635.952870227236,0.9795302657838054,5.163241925350947,-1975.039060987802,5414.846344365945,2714.46141517598,89.99227985132664,104.03624346792648,34.8
2020-01-18,43.7,47.5,40.3,4.2,2.8,3.7,7.4,11.5,25.218106,110.039197,173.73,38.730799193100644,10.635459732659214,24.17617879302377,0.30492122465628907,0.9981707480458889,25.218106,635.952870227236,0.9795302657838054,5.163241925350947,-1975.039060987802,5414.846344365945,2714.46141517598,89.99227985132664,104.03624346792648,38.1
2020-01-19,51.7,57.9,42.1,4.5,4.6,3.3,6.4,11.5,25.218106,110.039197,173.73,45.88166965863253,10.649517135465963,24.285496772323434,0.3212696616923644,0.9981707480458889,25.218106,635.952870227236,0.9795302657838054,5.163241925350947,-1975.039060987802,5414.846344365945,2714.46141517598,89.99227985132664,104.03624346792648,39.2
2020-01-20,49.1,57.9,43.5,3.4,2.6,2.9,5.8,44.37330100476459,25.218106,110.039197,173.73,43.63342828640382,10.663974326616005,24.397946515777136,0.3375228995941133,0.9981707480458889,25.218106,635.952870227236,0.9795302657838054,5.163241925350947,-1975.039060987802,5414.846344365945,2714.46141517598,89.99227985132664,104.03624346792648,42.1
2020-01-21,51.3,53.6,46.8,0.2,1.3,1.9,3.9,158.5880474346339,25.218106,110.039197,173.73,45.65197163409374,10.678823774057017,24.513471615020997,0.3536761221763716,0.9981707480458889,25.218106,635.952870227236,0.9795302657838054,5.163241925350947,-1975.039060987802,5414.846344365945,2714.46141517598,89.99227985132664,104.03624346792648,50.4
2020-01-22,56.9,60.8,47.3,997.5,1.2,2.2,5.8,13.800192691841948,25.218106,110.039197,173.73,50.70765766802047,10.694057856173034,24.632013956230576,0.3697245428906731,0.9981707480458889,25.218106,635.952870227236,0.9795302657838054,5.163241925350947,-1975.039060987802,5414.846344365945,2714.46141517598,89.99227985132664,104.03624346792648,56.1
2020-01-23,52.0,58.8,48.2,998.9,8.1,4.7,7.8,16.5,25.218106,110.039197,173.73,46.408565117060704,10.709668873167855,24.75351374773983,0.38566340624360707,0.9981707480458889,25.218106,635.952870227236,0.9795302657838054,5.163241925350947,-1975.039060987802,5414.846344365945,2714.46141517598,89.99227985132664,104.03624346792648,47.6
2020-01-24,48.2,52.7,45.7,2.5,7.9,4.5,9.7,19.4,25.218106,110.039197,173.73,43.08135705058173,10.725649058236115,24.877909549560474,0.401487989205973,0.9981707480458889,25.218106,635.952870227236,0.9795302657838054,5.163241925350947,-1975.039060987802,5414.846344365945,2714.46141517598,89.99227985132664,104.03624346792648,44.9
2020-01-25,43.3,50.4,41.0,3.0,6.0,5.1,9.7,19.4,25.218106,110.039197,173.73,38.760682706814215,10.741990588493548,25.005138304840212,0.4171936026123168,0.9981707480458889,25.218106,635.952870227236,0.9795302657838054,5.163241925350947,-1975.039060987802,5414.846344365945,2714.46141517598,89.99227985132664,104.03624346792648,41.7
2020-01-26,45.1,52.0,41.0,3.5,8.6,8.3,13.6,15.0,25.218106,110.039197,173.73,40.434726696946605,10.758685595639895,25.135135373293235,0.4327755925504312,0.9981707480458889,25.218106,635.952870227236,0.9795302657838054,5.163241925350947,-1975.039060987802,5414.846344365945,2714.46141517598,89.99227985132664,104.03624346792648,36.6
2020-01-27,42.1,52.0,37.4,3.5,6.2,8.1,15.5,205.23095175236682,25.218106,110.039197,173.73,37.80483933529054,10.775726176329844,25.267834566630857,0.4482293417404106,0.9981707480458889,25.218106,635.952870227236,0.9795302657838054,5.163241925350947,-1975.039060987802,5414.846344365945,2714.46141517598,89.99227985132664,104.03624346792648,32.1
2020-01-28,44.2,53.6,37.4,4.7,6.2,5.1,9.7,13.6,25.218106,110.039197,173.73,39.754601214878555,10.79310440222947,25.403168186015204,0.4635502709028509,0.9981707480458889,25.218106,635.952870227236,0.9795302657838054,5.163241925350947,-1975.039060987802,5414.846344365945,2714.46141517598,89.99227985132664,104.03624346792648,33.2
2020-01-29,48.0,61.3,32.0,4.9,6.5,4.9,11.7,14.6,25.218106,110.039197,173.73,43.2432493189505,10.810812329737624,25.54106706155256,0.47873384011578846,0.9981707480458889,25.218106,635.952870227236,0.9795302657838054,5.163241925350947,-1975.039060987802,5414.846344365945,2714.46141517598,89.99227985132664,104.03624346792648,32.9
2020-01-30,51.0,66.2,33.8,3.7,7.6,3.5,7.8,15.5,25.218106,110.039197,173.73,46.022578539753276,10.828842009353712,25.681460593837517,0.49377555015997715,0.9981707480458889,25.218106,635.952870227236,0.9795302657838054,5.163241925350947,-1975.039060987802,5414.846344365945,2714.46141517598,89.99227985132664,104.03624346792648,32.9
2020-01-31,51.9,64.9,39.0,3.0,5.7,2.6,5.8,-28.223007238880903,25.218106,110.039197,173.73,46.91407726447138,10.847185494675465,25.824276797552763,0.5086709438521044,0.9981707480458889,25.218106,635.952870227236,0.9795302657838054,5.163241925350947,-1975.039060987802,5414.846344365945,2714.46141517598,89.99227985132664,104.03624346792648,37.0
2020-02-01,53.3,59.0,44.8,2.2,4.4,2.5,3.9,-140.16597970335985,25.218106,110.039197,173.73,48.262416463245515,10.865834851012124,25.969442347123397,0.5234156073655503,0.9981707480458889,25.218106,635.952870227236,0.9795302657838054,5.163241925350947,-1975.039060987802,5414.846344365945,2714.46141517598,89.99227985132664,104.03624346792648,42.1
2020-02-02,49.7,57.9,47.5,3.3,2.8,3.4,6.2,14.8,25.218106,110.039197,173.73,45.0811394609124,10.884782163600578,26.116882624418174,0.5380051715382996,0.9981707480458889,25.218106,635.952870227236,0.9795302657838054,5.163241925350947,-1975.039060987802,5414.846344365945,2714.46141517598,89.99227985132664,104.03624346792648,47.7
2020-02-03,49.0,54.5,46.4,4.4,4.5,4.6,9.7,15.2,25.218106,110.039197,173.73,44.52474647710638,10.904019545413808,26.26652176848382,0.5524353131676196,0.9981707480458889,25.218106,635.952870227236,0.9795302657838054,5.163241925350947,-1975.039060987802,5414.846344365945,2714.46141517598,89.99227985132664,104.03624346792648,46.1
2020-02-04,50.2,54.5,46.4,3.3,3.7,2.0,5.8,10.9,25.218106,110.039197,173.73,45.69680542137992,10.923539144552969,26.418282727292073,0.5667017562911176,0.9981707480458889,25.218106,635.952870227236,0.9795302657838054,5.163241925350947,-1975.039060987802,5414.846344365945,2714.46141517598,89.99227985132664,104.03624346792648,47.9
2020-02-05,50.8,54.3,47.5,0.2,2.6,2.3,5.8,-65.98173800668698,25.218106,110.039197,173.73,46.32677700681497,10.943333151216136,26.57208731147273,0.5808002734538009,0.9981707480458889,25.218106,635.952870227236,0.9795302657838054,5.163241925350947,-1975.039060987802,5414.846344365945,2714.46141517598,89.99227985132664,104.03624346792648,49.3
2020-02-06,51.4,55.0,47.7,1.1,7.4,4.5,9.7,14.8,25.218106,110.039197,173.73,46.9598701281554,10.963393804238615,26.72785624999939,0.5947266869607634,0.9981707480458889,25.218106,635.952870227236,0.9795302657838054,5.163241925350947,-1975.039060987802,5414.846344365945,2714.46141517598,89.99227985132664,104.03624346792648,49.3
2020-02-07,48.6,55.0,44.6,6.4,9.3,5.5,9.7,14.8,25.218106,110.039197,173.73,44.484039258665106,10.98371339720126,26.885509247788324,0.6084768701151261,0.9981707480458889,25.218106,635.952870227236,0.9795302657838054,5.163241925350947,-1975.039060987802,5414.846344365945,2714.46141517598,89.99227985132664,104.03624346792648,42.7
2020-02-08,46.6,52.9,44.6,9.7,8.1,3.6,7.8,12.4,25.218106,110.039197,173.73,42.73330396994084,11.004284284104937,27.044965045164172,0.6220467484408675,0.9981707480458889,25.218106,635.952870227236,0.9795302657838054,5.163241925350947,-1975.039060987802,5414.846344365945,2714.46141517598,89.99227985132664,104.03624346792648,43.4
2020-02-09,52.8,60.8,44.8,7.8,8.4,3.8,9.7,11.7,25.218106,110.039197,173.73,48.51043509228725,11.02509888461074,27.20614147914025,0.6354323008901774,0.9981707480458889,25.218106,635.952870227236,0.9795302657838054,5.163241925350947,-1975.039060987802,5414.846344365945,2714.46141517598,89.99227985132664,104.03624346792648,42.8
2020-02-10,54.5,60.6,46.2,2.2,5.6,1.8,3.9,-10.310837618280896,25.218106,110.039197,173.73,50.16792983684666,11.04614968884697,27.36895554645451,0.6486295610349814,0.9981707480458889,25.218106,635.952870227236,0.9795302657838054,5.163241925350947,-1975.039060987802,5414.846344365945,2714.46141517598,89.99227985132664,104.03624346792648,47.6
2020-02-11,55.2,58.8,50.2,999.5,1.3,1.5,3.9,-28.061300676242375,25.218106,110.039197,173.73,50.910174604212315,11.067429261785286,27.533323468296402,0.6616346182422783,0.9981707480458889,25.218106,635.952870227236,0.9795302657838054,5.163241925350947,-1975.039060987802,5414.846344365945,2714.46141517598,89.99227985132664,104.03624346792648,54.6
2020-02-12,59.2,60.8,53.4,996.3,1.6,1.6,3.9,-95.17928357324739,25.218106,110.039197,173.73,54.70538921946868,11.088930247189596,27.699160756653704,0.6744436188329455,0.9981707480458889,25.218106,635.952870227236,0.9795302657838054,5.163241925350947,-1975.039060987802,5414.846344365945,2714.46141517598,89.99227985132664,104.03624346792648,58.7
2020-02-13,66.8,76.5,55.6,991.5,4.6,2.5,9.7,15.9,25.218106,110.039197,173.73,61.84925923269328,11.110645371142505,27.866382282202476,0.6870527672236669,0.9981707480458889,25.218106,635.952870227236,0.9795302657838054,5.163241925350947,-1975.039060987802,5414.846344365945,2714.46141517598,89.99227985132664,104.03624346792648,63.6
2020-02-14,68.6,77.0,58.8,990.7,5.8,3.2,9.7,15.9,25.218106,110.039197,173.73,63.641177228136826,11.13256744515513,28.034902343657585,0.699458327051647,0.9981707480458889,25.218106,635.952870227236,0.9795302657838054,5.163241925350947,-1975.039060987802,5414.846344365945,2714.46141517598,89.99227985132664,104.03624346792648,66.1
2020-02-15,45.7,73.9,36.9,3.3,8.1,11.3,17.5,22.7,25.218106,110.039197,173.73,42.48077534643551,11.154689368867091,28.204634738495834,0.7116566222817746,0.9981707480458889,25.218106,635.952870227236,0.9795302657838054,5.163241925350947,-1975.039060987802,5414.846344365945,2714.46141517598,89.99227985132664,104.03624346792648,41.7
2020-02-16,48.1,61.7,36.7,9.8,10.3,7.2,13.6,18.8,25.218106,110.039197,173.73,44.80115823048035,11.177004132344369,28.37549283495821,0.7236440382959124,0.9981707480458889,25.218106,635.952870227236,0.9795302657838054,5.163241925350947,-1975.039060987802,5414.846344365945,2714.46141517598,89.99227985132664,104.03624346792648,27.7
2020-02-17,52.5,62.6,39.2,10.6,10.3,6.3,13.6,16.9,25.218106,110.039197,173.73,48.99783357867794,11.199504817983529,28.5473896452328,0.7354170229639855,0.9981707480458889,25.218106,635.952870227236,0.9795302657838054,5.163241925350947,-1975.039060987802,5414.846344365945,2714.46141517598,89.99227985132664,104.03624346792648,28.0
2020-02-18,56.0,66.2,41.0,6.1,10.3,2.6,5.8,10.3,25.218106,110.039197,173.73,52.37019480948038,11.222184602031511,28.720237899715045,0.7469720876965552,0.9981707480458889,25.218106,635.952870227236,0.9795302657838054,5.163241925350947,-1975.039060987802,5414.846344365945,2714.46141517598,89.99227985132664,104.03624346792648,32.8
2020-02-19,58.8,66.2,46.6,4.1,7.5,2.3,3.9,-2.4730572826881474,25.218106,110.039197,173.73,55.10068010308092,11.2450367557308,28.893950122237314,0.7583058084785624,0.9981707480458889,25.218106,635.952870227236,0.9795302657838054,5.163241925350947,-1975.039060987802,5414.846344365945,2714.46141517598,89.99227985132664,104.03624346792648,43.1
2020-02-20,58.0,65.8,52.2,5.7,5.0,1.6,3.9,-22.44338885787704,25.218106,110.039197,173.73,54.46226412281844,11.268054646100367,29.068438706155565,0.7694148268839378,0.9981707480458889,25.218106,635.952870227236,0.9795302657838054,5.163241925350947,-1975.039060987802,5414.846344365945,2714.46141517598,89.99227985132664,104.03624346792648,48.7
2020-02-21,55.9,62.2,53.6,9.6,3.2,2.5,5.8,12.0,25.218106,110.039197,173.73,52.59832117189211,11.291231736363244,29.24361599117677,0.7802958510707755,0.9981707480458889,25.218106,635.952870227236,0.9795302657838054,5.163241925350947,-1975.039060987802,5414.846344365945,2714.46141517598,89.99227985132664,104.03624346792648,51.9
2020-02-22,60.5,69.3,53.6,7.8,8.0,2.8,5.8,-80.22719766414652,25.218106,110.039197,173.73,57.04424799624449,11.314561586031965,29.41939434080684,0.7909456567567772,0.9981707480458889,25.218106,635.952870227236,0.9795302657838054,5.163241925350947,-1975.039060987802,5414.846344365945,2714.46141517598,89.99227985132664,104.03624346792648,51.6
2020-02-23,63.8,75.9,53.6,2.3,4.7,1.9,5.8,-30.815664777785123,25.218106,110.039197,173.73,60.280567906027606,11.3380378506635,29.59568622029576,0.8013610881746766,0.9981707480458889,25.218106,635.952870227236,0.9795302657838054,5.163241925350947,-1975.039060987802,5414.846344365945,2714.46141517598,89.99227985132664,104.03624346792648,55.0
2020-02-24,67.1,76.5,57.2,997.6,6.8,5.9,21.4,124.75517663758554,25.218106,110.039197,173.73,63.53058352291064,11.361654281295495,29.772404274953185,0.8115390590073611,0.9981707480458889,25.218106,635.952870227236,0.9795302657838054,5.163241925350947,-1975.039060987802,5414.846344365945,2714.46141517598,89.99227985132664,104.03624346792648,57.6
2020-02-25,66.7,76.5,59.0,997.8,5.4,2.4,9.7,-25.653475369837352,25.218106,110.039197,173.73,63.283874588542915,11.385404723575936,29.949461408704998,0.8214765533024142,0.9981707480458889,25.218106,635.952870227236,0.9795302657838054,5.163241925350947,-1975.039060987802,5414.846344365945,2714.46141517598,89.99227985132664,104.03624346792648,60.4
2020-02-26,70.7,83.1,60.8,998.8,5.4,2.3,3.9,57.444178133336116,25.218106,110.039197,173.73,67.21969302862578,11.409283116598436,30.1267708627591,0.8311706263658079,0.9981707480458889,25.218106,635.952870227236,0.9795302657838054,5.163241925350947,-1975.039060987802,5414.846344365945,2714.46141517598,89.99227985132664,104.03624346792648,62.2
2020-02-27,70.0,83.1,60.8,997.7,3.2,3.0,9.7,39.25040029072609,25.218106,110.039197,173.73,66.69415370015696,11.43328349145548,30.304246294246447,0.8406184056344782,0.9981707480458889,25.218106,635.952870227236,0.9795302657838054,5.163241925350947,-1975.039060987802,5414.846344365945,2714.46141517598,89.99227985132664,104.03624346792648,60.8
2020-02-28,70.5,80.4,62.6,995.8,7.4,4.4,11.7,4.096788674043374,25.218106,110.039197,173.73,67.31222482094189,11.457399969522024,30.48180185470168,0.8498170915275278,0.9981707480458889,25.218106,635.952870227236,0.9795302657838054,5.163241925350947,-1975.039060987802,5414.846344365945,2714.46141517598,89.99227985132664,104.03624346792648,62.2
2020-02-29,66.9,79.0,59.0,994.2,4.9,5.0,11.7,-38.25890845124025,25.218106,110.039197,173.73,64.01006918968626,11.481626760481841,30.65935226824629,0.8587639582758029,0.9981707480458889,25.218106,635.952870227236,0.9795302657838054,5.163241925350947,-1975.039060987802,5414.846344365945,2714.46141517598,89.99227985132664,104.03624346792648,62.7
2020-03-01,61.8,73.4,57.2,998.1,9.3,7.0,13.6,16.1,25.218106,110.039197,173.73,59.25568452456146,11.50595816010902,30.836812909336388,0.8674563547295969,0.9981707480458889,25.218106,635.952870227236,0.9795302657838054,5.163241925350947,-1975.039060987802,5414.846344365945,2714.46141517598,89.99227985132664,104.03624346792648,52.9
2020-03-02,56.4,66.7,51.8,998.8,5.5,4.8,9.1,15.3,25.218106,110.039197,173.73,54.19282617473947,11.53038854781691,31.0140998799365,0.8758917051442429,0.9981707480458889,25.218106,635.952870227236,0.9795302657838054,5.163241925350947,-1975.039060987802,5414.846344365945,2714.46141517598,89.99227985132664,104.03624346792648,50.6
2020-03-03,50.5,59.5,47.8,1.3,6.3,4.7,9.7,16.7,25.218106,110.039197,173.73,48.62692294927768,11.554912383986775,31.19113008598038,0.8840675099433636,0.9981707480458889,25.218106,635.952870227236,0.9795302657838054,5.163241925350947,-1975.039060987802,5414.846344365945,2714.46141517598,89.99227985132664,104.03624346792648,48.7
2020-03-04,50.5,53.6,47.8,3.9,8.4,3.9,7.8,14.4,25.218106,110.039197,173.73,48.73049770482996,11.579524207088307,31.367821312980436,0.8919813464595485,0.9981707480458889,25.218106,635.952870227236,0.9795302657838054,5.163241925350947,-1975.039060987802,5414.846344365945,2714.46141517598,89.99227985132664,104.03624346792648,46.1
2020-03-05,54.4,59.0,48.7,0.0,4.6,2.3,5.8,10.5,25.218106,110.039197,173.73,52.60579112540463,11.604218630603963,31.54409230064738,0.8996308696522433,0.9981707480458889,25.218106,635.952870227236,0.9795302657838054,5.163241925350947,-1975.039060987802,5414.846344365945,2714.46141517598,89.99227985132664,104.03624346792648,48.8
2020-03-06,56.2,58.1,50.2,994.8,1.8,1.0,3.9,-17.01884539715485,25.218106,110.039197,173.73,54.46243809125159,11.628990339769024,31.719862816383053,0.9070138128026359,0.9981707480458889,25.218106,635.952870227236,0.9795302657838054,5.163241925350947,-1975.039060987802,5414.846344365945,2714.46141517598,89.99227985132664,104.03624346792648,55.7
2020-03-07,62.7,68.0,52.5,991.3,3.7,2.8,5.8,31.163578940823406,25.218106,110.039197,173.73,60.891283110526395,11.653834088139023,31.89505372751041,0.9141279881853337,0.9981707480458889,25.218106,635.952870227236,0.9795302657838054,5.163241925350947,-1975.039060987802,5414.846344365945,2714.46141517598,89.99227985132664,104.03624346792648,60.1
2020-03-08,67.2,77.0,57.6,985.3,3.4,2.0,3.9,-20.167070556645722,25.218106,110.039197,173.73,65.40097028637835,11.678744693996133,32.06958707210649,0.9209712877166346,0.9981707480458889,25.218106,635.952870227236,0.9795302657838054,5.163241925350947,-1975.039060987802,5414.846344365945,2714.46141517598,89.99227985132664,104.03624346792648,63.6
2020-03-09,62.5,74.1,55.4,993.6,7.5,9.0,15.5,21.8,25.218106,110.039197,173.73,60.95685956565511,11.70371703660578,32.243386128306135,0.9275416835791966,0.9981707480458889,25.218106,635.952870227236,0.9795302657838054,5.163241925350947,-1975.039060987802,5414.846344365945,2714.46141517598,89.99227985132664,104.03624346792648,55.4
2020-03-10,61.5,71.6,53.6,0.2,9.5,6.5,13.6,21.8,25.218106,110.039197,173.73,60.10982351821541,11.728746052334714,32.41637548194663,0.9338372288229252,0.9981707480458889,25.218106,635.952870227236,0.9795302657838054,5.163241925350947,-1975.039060987802,5414.846344365945,2714.46141517598,89.99227985132664,104.03624346792648,43.8
2020-03-11,57.1,70.9,53.6,997.4,4.8,2.4,3.9,10.7,25.218106,110.039197,173.73,55.92862552663575,11.753826730641487,32.588481092426555,0.9398560579418954,0.9981707480458889,25.218106,635.952870227236,0.9795302657838054,5.163241925350947,-1975.039060987802,5414.846344365945,2714.46141517598,89.99227985132664,104.03624346792648,49.2
2020-03-12,56.8,60.8,53.2,995.3,1.7,1.9,3.9,-52.896195382519814,25.218106,110.039197,173.73,55.75371612043065,11.778954109950138,32.759630356654554,0.9455963874271426,0.9981707480458889,25.218106,635.952870227236,0.9795302657838054,5.163241925350947,-1975.039060987802,5414.846344365945,2714.46141517598,89.99227985132664,104.03624346792648,55.7
2020-03-13,60.2,64.4,53.6,1.0,5.3,5.2,9.7,17.3,25.218106,110.039197,173.73,59.21735175497899,11.804123273417739,32.92975217096808,0.9510565162951535,0.9981707480458889,25.218106,635.952870227236,0.9795302657838054,5.163241925350947,-1975.039060987802,5414.846344365945,2714.46141517598,89.99227985132664,104.03624346792648,53.8
2020-03-14,60.4,70.5,53.6,2.3,6.5,4.9,11.7,17.3,25.218106,110.039197,173.73,59.54095770118464,11.829329344606219,33.09877699090534,0.9562348265919056,0.9981707480458889,25.218106,635.952870227236,0.9795302657838054,5.163241925350947,-1975.039060987802,5414.846344365945,2714.46141517598,89.99227985132664,104.03624346792648,47.5
2020-03-15,61.3,70.5,57.2,999.7,5.5,2.3,5.8,-82.54410919293163,25.218106,110.039197,173.73,60.55708222600976,11.854567483068795,33.26663688871817,0.9611297838723007,0.9981707480458889,25.218106,635.952870227236,0.9795302657838054,5.163241925350947,-1975.039060987802,5414.846344365945,2714.46141517598,89.99227985132664,104.03624346792648,49.3
2020-03-16,60.2,66.6,57.2,999.5,2.6,2.5,6.2,108.72083239144825,25.218106,110.039197,173.73,59.597161613970165,11.879832879861162,33.43326560851776,0.9657399376548549,0.9981707480458889,25.218106,635.952870227236,0.9795302657838054,5.163241925350947,-1975.039060987802,5414.846344365945,2714.46141517598,89.99227985132664,104.03624346792648,55.9
2020-03-17,57.5,64.6,55.4,999.9,2.9,2.8,5.8,11.7,25.218106,110.039197,173.73,57.04537027473143,11.905120752987429,33.598598618950305,0.9700639218515071,0.9981707480458889,25.218106,635.952870227236,0.9795302657838054,5.163241925350947,-1975.039060987802,5414.846344365945,2714.46141517598,89.99227985132664,104.03624346792648,55.9
2020-03-18,58.2,63.5,55.4,996.2,2.4,2.3,3.9,-0.5101116345089576,25.218106,110.039197,173.73,57.86256776253501,11.930426342790723,33.762573163304275,0.9741004551724205,0.9981707480458889,25.218106,635.952870227236,0.9795302657838054,5.163241925350947,-1975.039060987802,5414.846344365945,2714.46141517598,89.99227985132664,104.03624346792648,56.7
2020-03-19,62.9,73.8,55.4,996.2,5.1,2.1,5.8,39.49318202380209,25.218106,110.039197,173.73,62.66802955575487,11.955744907298227,33.92512830695659,0.9778483415056568,0.9981707480458889,25.218106,635.952870227236,0.9795302657838054,5.163241925350947,-1975.039060987802,5414.846344365945,2714.46141517598,89.99227985132664,104.03624346792648,58.8
2020-03-20,63.6,73.8,56.1,993.9,1.8,0.8,1.9,7.125159434292536,25.218106,110.039197,173.73,63.499680102910936,11.981071717530364,34.086204982070555,0.9813064702716093,0.9981707480458889,25.218106,635.952870227236,0.9795302657838054,5.163241925350947,-1975.039060987802,5414.846344365945,2714.46141517598,89.99227985132664,104.03624346792648,61.6
2020-03-21,72.8,77.0,57.7,991.7,4.8,6.7,15.5,112.4108291082277,25.218106,110.039197,173.73,72.83883912022144,12.006402052783754,34.24574602946411,0.9844738167520922,0.9981707480458889,25.218106,635.952870227236,0.9795302657838054,5.163241925350947,-1975.039060987802,5414.846344365945,2714.46141517598,89.99227985132664,104.03624346792648,68.6
2020-03-22,76.0,87.8,64.2,992.9,6.9,4.8,11.7,27.93820677350105,25.218106,110.039197,173.73,76.20096424068412,12.031731195897493,34.40369623757312,0.9873494423939864,0.9981707480458889,25.218106,635.952870227236,0.9795302657838054,5.163241925350947,-1975.039060987802,5414.846344365945,2714.46141517598,89.99227985132664,104.03624346792648,67.0
2020-03-23,72.8,84.7,66.0,994.7,6.7,3.3,7.8,12.4,25.218106,110.039197,173.73,73.14613019964153,12.05705442851234,34.56000237844059,0.989932495087353,0.9981707480458889,25.218106,635.952870227236,0.9795302657838054,5.163241925350947,-1975.039060987802,5414.846344365945,2714.46141517598,89.99227985132664,104.03624346792648,65.7
2020-03-24,69.8,81.9,66.0,993.5,4.0,2.1,3.9,12.4,25.218106,110.039197,173.73,70.27910153649945,12.082367026332285,34.71461324066924,0.9922222094179323,0.9981707480458889,25.218106,635.952870227236,0.9795302657838054,5.163241925350947,-1975.039060987802,5414.846344365945,2714.46141517598,89.99227985132664,104.03624346792648,67.4
2020-03-25,67.6,77.0,62.6,991.7,5.1,3.9,15.5,17.778382016737524,25.218106,110.039197,173.73,68.2065086331092,12.107664254398083,34.86747965928126,0.994217906893952,0.9981707480458889,25.218106,635.952870227236,0.9795302657838054,5.163241925350947,-1975.039060987802,5414.846344365945,2714.46141517598,89.99227985132664,104.03624346792648,64.9
2020-03-26,69.6,76.8,64.4,990.9,2.5,1.7,5.8,128.49133657153197,25.218106,110.039197,173.73,70.37105990181706,12.132941362382253,35.01855454243625,0.995918996147179,0.9981707480458889,25.218106,635.952870227236,0.9795302657838054,5.163241925350947,-1975.039060987802,5414.846344365945,2714.46141517598,89.99227985132664,104.03624346792648,67.8
2020-03-27,59.6,73.9,50.0,995.5,7.5,7.7,17.5,73.32859880940009,25.218106,110.039197,173.73,60.38569478024539,12.158193579915178,35.16779289496462,0.9973249731081555,0.9981707480458889,25.218106,635.952870227236,0.9795302657838054,5.163241925350947,-1975.039060987802,5414.846344365945,2714.46141517598,89.99227985132664,104.03624346792648,56.3
2020-03-28,52.5,70.5,47.5,998.3,8.5,8.4,15.5,-71.80729407578,25.218106,110.039197,173.73,53.30244548978987,12.18341611195197,35.31515183868132,0.9984354211555643,0.9981707480458889,25.218106,635.952870227236,0.9795302657838054,5.163241925350947,-1975.039060987802,5414.846344365945,2714.46141517598,89.99227985132664,104.03624346792648,44.0
2020-03-29,47.9,58.3,46.4,996.9,5.0,4.7,7.8,-56.78749431940554,25.218106,110.039197,173.73,48.73267816897432,12.208604134189809,35.46059062945125,0.9992500112396835,0.9981707480458889,25.218106,635.952870227236,0.9795302657838054,5.163241925350947,-1975.039060987802,5414.846344365945,2714.46141517598,89.99227985132664,104.03624346792648,45.9
2020-03-30,50.0,51.8,47.1,996.9,9.3,3.6,7.8,81.47173982021418,25.218106,110.039197,173.73,50.97396995227339,12.233752788545614,35.60407067098555,0.9997685019798909,0.9981707480458889,25.218106,635.952870227236,0.9795302657838054,5.163241925350947,-1975.039060987802,5414.846344365945,2714.46141517598,89.99227985132664,104.03624346792648,45.7
2020-03-31,56.4,66.2,48.4,997.6,7.8,3.5,9.7,97.34437693710294,25.218106,110.039197,173.73,57.61662873990882,12.258857178704003,35.74555552535436,0.9999907397361901,0.9981707480458889,25.218106,635.952870227236,0.9795302657838054,5.163241925350947,-1975.039060987802,5414.846344365945,2714.46141517598,89.99227985132664,104.03624346792648,48.8
2020-04-01,57.2,65.5,49.6,997.5,4.2,1.9,7.8,24.038879592287252,25.218106,110.039197,173.73,58.553315610054185,12.283912365745634,35.885010920209375,0.9999166586547379,0.9981707480458889,25.218106,635.952870227236,0.9795302657838054,5.163241925350947,-1975.039060987802,5414.846344365945,2714.46141517598,89.99227985132664,104.03624346792648,51.6
2020-04-02,54.1,61.2,53.1,999.3,2.6,3.5,9.7,28.666379866266496,25.218106,110.039197,173.73,55.49268441542961,12.308913363866086,36.0224047527165,0.9995462806873573,0.9981707480458889,25.218106,635.952870227236,0.9795302657838054,5.163241925350947,-1975.039060987802,5414.846344365945,2714.46141517598,89.99227985132664,104.03624346792648,53.1
2020-04-03,55.9,59.0,53.1,1.0,8.4,3.0,7.4,15.0,25.218106,110.039197,173.73,57.45520850944525,12.33385513619576,36.157707090206216,0.9988797155850336,0.9981707480458889,25.218106,635.952870227236,0.9795302657838054,5.163241925350947,-1975.039060987802,5414.846344365945,2714.46141517598,89.99227985132664,104.03624346792648,53.2
2020-04-04,54.6,57.7,52.7,2.7,3.3,3.6,5.8,40.64522308003423,25.218106,110.039197,173.73,56.232233287827235,12.358732590731261,36.290890167556185,0.9979171608653922,0.9981707480458889,25.218106,635.952870227236,0.9795302657838054,5.163241925350947,-1975.039060987802,5414.846344365945,2714.46141517598,89.99227985132664,104.03624346792648,52.6
2020-04-05,56.3,60.3,52.7,1.7,2.7,1.9,3.9,-1.64249220032967,25.218106,110.039197,173.73,58.099444537558355,12.383540576388993,36.42192838132776,0.9966589017541702,0.9981707480458889,25.218106,635.952870227236,0.9795302657838054,5.163241925350947,-1975.039060987802,5414.846344365945,2714.46141517598,89.99227985132664,104.03624346792648,53.6
2020-04-06,59.7,66.2,53.6,998.8,2.6,2.4,5.8,50.79613674508904,25.218106,110.039197,173.73,61.731162548979675,12.408273879191894,36.55079828068523,0.9951053111006976,0.9981707480458889,25.218106,635.952870227236,0.9795302657838054,5.163241925350947,-1975.039060987802,5414.846344365945,2714.46141517598,89.99227985132664,104.03624346792648,54.1
2020-04-07,65.3,77.4,53.6,997.1,5.2,2.6,5.8,-86.77286405074562,25.218106,110.039197,173.73,67.65584561455019,12.432927218600343,36.6774785551332,0.9932568492674143,0.9981707480458889,25.218106,635.952870227236,0.9795302657838054,5.163241925350947,-1975.039060987802,5414.846344365945,2714.46141517598,89.99227985132664,104.03624346792648,53.7
2020-04-08,63.5,77.4,50.0,998.3,4.5,1.8,5.8,156.0504924670627,25.218106,110.039197,173.73,65.92091233282551,12.45749524399852,36.80195001911438,0.9911140639934547,0.9981707480458889,25.218106,635.952870227236,0.9795302657838054,5.163241925350947,-1975.039060987802,5414.846344365945,2714.46141517598,89.99227985132664,104.03624346792648,54.4
2020-04-09,70.6,82.6,54.1,997.1,6.2,2.0,5.8,66.89989533007832,25.218106,110.039197,173.73,73.43560505942868,12.481972531347653,36.9241955935167,0.9886775902323405,0.9981707480458889,25.218106,635.952870227236,0.9795302657838054,5.163241925350947,-1975.039060987802,5414.846344365945,2714.46141517598,89.99227985132664,104.03624346792648,56.1
2020-04-10,66.7,82.6,58.5,995.9,1.2,1.6,3.9,38.584952473101396,25.218106,110.039197,173.73,69.51448198226525,12.506353580017736,37.04420028414492,0.9859481499638304,0.9981707480458889,25.218106,635.952870227236,0.9795302657838054,5.163241925350947,-1975.039060987802,5414.846344365945,2714.46141517598,89.99227985132664,104.03624346792648,64.0
2020-04-11,55.7,69.6,46.4,2.2,8.6,8.1,15.5,-14.028449370416169,25.218106,110.039197,173.73,58.16302062553272,12.53063280980956,37.16195115721835,0.9829265519799822,0.9981707480458889,25.218106,635.952870227236,0.9795302657838054,5.163241925350947,-1975.039060987802,5414.846344365945,2714.46141517598,89.99227985132664,104.03624346792648,50.3
2020-04-12,59.4,73.8,46.4,3.7,9.3,4.9,11.7,-60.41486009745931,25.218106,110.039197,173.73,62.146282562985576,12.554804558178905,37.2774373119621,0.9796136916454901,0.9981707480458889,25.218106,635.952870227236,0.9795302657838054,5.163241925350947,-1975.039060987802,5414.846344365945,2714.46141517598,89.99227985132664,104.03624346792648,41.7
2020-04-13,61.2,73.8,51.8,0.8,6.9,2.2,5.8,-4.937989857098891,25.218106,110.039197,173.73,64.15220169614271,12.57886307767504,37.390649850365314,0.9760105506323683,0.9981707480458889,25.218106,635.952870227236,0.9795302657838054,5.163241925350947,-1975.039060987802,5414.846344365945,2714.46141517598,89.99227985132664,104.03624346792648,45.3
2020-04-14,62.2,75.2,50.0,997.3,7.4,3.8,9.7,51.438769292694595,25.218106,110.039197,173.73,65.32452646585611,12.60280253360568,37.501581844185246,0.9721181966290613,0.9981707480458889,25.218106,635.952870227236,0.9795302657838054,5.163241925350947,-1975.039060987802,5414.846344365945,2714.46141517598,89.99227985132664,104.03624346792648,47.9
2020-04-15,69.6,83.5,53.2,993.5,6.8,3.2,9.7,43.968463010418525,25.218106,110.039197,173.73,73.234378611256,12.626617001940692,37.610228299281374,0.9679377830240642,0.9981707480458889,25.218106,635.952870227236,0.9795302657838054,5.163241925350947,-1975.039060987802,5414.846344365945,2714.46141517598,89.99227985132664,104.03624346792648,56.9
2020-04-16,71.7,83.5,58.5,992.7,4.5,3.2,11.7,-6.972297821538987,25.218106,110.039197,173.73,75.58554529311502,12.650300467466948,37.71658611736902,0.9634705485641488,0.9981707480458889,25.218106,635.952870227236,0.9795302657838054,5.163241925350947,-1975.039060987802,5414.846344365945,2714.46141517598,89.99227985132664,104.03624346792648,66.2
2020-04-17,70.4,77.0,68.0,993.5,1.3,1.8,3.9,33.905328159506126,25.218106,110.039197,173.73,74.35323469027908,12.67384682220666,37.82065405528635,0.9587178169872964,0.9981707480458889,25.218106,635.952870227236,0.9795302657838054,5.163241925350947,-1975.039060987802,5414.846344365945,2714.46141517598,89.99227985132664,104.03624346792648,68.4
2020-04-18,70.3,73.4,68.0,991.2,2.1,2.4,7.8,85.76702261975237,25.218106,110.039197,173.73,74.38472212058737,12.697249864111642,37.922432681873474,0.9536809966304457,0.9981707480458889,25.218106,635.952870227236,0.9795302657838054,5.163241925350947,-1975.039060987802,5414.846344365945,2714.46141517598,89.99227985132664,104.03624346792648,69.1
2020-04-19,65.2,72.7,62.6,994.0,6.8,3.3,13.6,-136.5273370274266,25.218106,110.039197,173.73,69.11473457518262,12.72050329604588,38.02192433256636,0.9483615800121715,0.9981707480458889,25.218106,635.952870227236,0.9795302657838054,5.163241925350947,-1975.039060987802,5414.846344365945,2714.46141517598,89.99227985132664,104.03624346792648,61.6
2020-04-20,67.1,73.4,62.6,993.0,4.5,3.4,7.8,4.890803798132248,25.218106,110.039197,173.73,71.25796738767536,12.743600725068623,38.11913306181201,0.9427611433904207,0.9981707480458889,25.218106,635.952870227236,0.9795302657838054,5.163241925350947,-1975.039060987802,5414.846344365945,2714.46141517598,89.99227985132664,104.03624346792648,62.4
2020-04-21,61.4,72.0,57.0,996.4,8.7,5.5,9.7,76.3420443867655,25.218106,110.039197,173.73,65.3221074707214,12.766535662030241,38.21406459341542,0.9368813462954315,0.9981707480458889,25.218106,635.952870227236,0.9795302657838054,5.163241925350947,-1975.039060987802,5414.846344365945,2714.46141517598,89.99227985132664,104.03624346792648,56.1
2020-04-22,59.6,64.6,55.9,999.1,7.2,4.1,7.8,13.6,25.218106,110.039197,173.73,63.52019755674727,12.789301521492739,38.306726268931364,0.9307239310379795,0.9981707480458889,25.218106,635.952870227236,0.9795302657838054,5.163241925350947,-1975.039060987802,5414.846344365945,2714.46141517598,89.99227985132664,104.03624346792648,55.4
2020-04-23,59.4,64.4,55.4,2.1,6.9,5.1,11.7,28.49281862089574,25.218106,110.039197,173.73,63.41886352883424,12.811891621986714,38.397126994217345,0.9242907221930933,0.9981707480458889,25.218106,635.952870227236,0.9795302657838054,5.163241925350947,-1975.039060987802,5414.846344365945,2714.46141517598,89.99227985132664,104.03624346792648,52.9
2020-04-24,59.6,66.4,54.9,2.3,6.1,2.8,9.7,48.107800722220006,25.218106,110.039197,173.73,63.743685960193666,12.834299186616175,38.48527718426663,0.9175836260593937,0.9981707480458889,25.218106,635.952870227236,0.9795302657838054,5.163241925350947,-1975.039060987802,5414.846344365945,2714.46141517598,89.99227985132664,104.03624346792648,52.2
2020-04-25,63.7,74.1,55.8,0.3,5.8,1.9,3.9,14.830614149558635,25.218106,110.039197,173.73,68.24667956785147,12.856517344022256,38.57118870644228,0.9106046300942162,0.9981707480458889,25.218106,635.952870227236,0.9795302657838054,5.163241925350947,-1975.039060987802,5414.846344365945,2714.46141517598,89.99227985132664,104.03624346792648,55.1
2020-04-26,67.1,81.3,53.6,999.7,6.7,2.3,7.8,209.81085628052347,25.218106,110.039197,173.73,72.01249796699807,12.878539129716495,38.654874822234746,0.9033558023246845,0.9981707480458889,25.218106,635.952870227236,0.9795302657838054,5.163241925350947,-1975.039060987802,5414.846344365945,2714.46141517598,89.99227985132664,104.03624346792648,55.5
2020-04-27,71.7,87.8,57.2,998.9,7.1,2.1,5.8,-116.46168537208142,25.218106,110.039197,173.73,77.07963598956756,12.900357487793736,38.73635012766785,0.895839290734909,0.9981707480458889,25.218106,635.952870227236,0.9795302657838054,5.163241925350947,-1975.039060987802,5414.846344365945,2714.46141517598,89.99227985132664,104.03624346792648,54.2
2020-04-28,73.9,91.4,59.0,997.0,7.7,2.3,5.8,11.768749055627818,25.218106,110.039197,173.73,79.57776947310255,12.921965273034244,38.815630492478,0.8880573226294932,0.9981707480458889,25.218106,635.952870227236,0.9795302657838054,5.163241925350947,-1975.039060987802,5414.846344365945,2714.46141517598,89.99227985132664,104.03624346792648,55.1
2020-04-29,77.0,90.0,63.5,995.6,6.7,4.0,11.7,-90.08358971621348,25.218106,110.039197,173.73,83.05319620934105,12.9433552534038,38.89273299819322,0.8800122039735357,0.9981707480458889,25.218106,635.952870227236,0.9795302657838054,5.163241925350947,-1975.039060987802,5414.846344365945,2714.46141517598,89.99227985132664,104.03624346792648,61.9
2020-04-30,74.9,88.3,68.0,993.8,6.7,4.1,11.7,-61.59127624094162,25.218106,110.039197,173.73,80.92021303839174,12.964520112959956,38.96767587523841,0.8717063187093218,0.9981707480458889,25.218106,635.952870227236,0.9795302657838054,5.163241925350947,-1975.039060987802,5414.846344365945,2714.46141517598,89.99227985132664,104.03624346792648,66.5
2020-05-01,74.5,84.0,71.2,991.2,2.3,3.0,7.8,-9.70536572667786,25.218106,110.039197,173.73,80.61801732585734,12.985452455171652,39.04047843919369,0.8631421280499114,0.9981707480458889,25.218106,635.952870227236,0.9795302657838054,5.163241925350947,-1975.039060987802,5414.846344365945,2714.46141517598,89.99227985132664,104.03624346792648,71.1
2020-05-02,77.7,87.8,69.8,988.9,5.7,3.7,11.7,-64.32471519949367,25.218106,110.039197,173.73,84.21478762311396,13.006144806658526,39.111161026332056,0.854322169749827,0.9981707480458889,25.218106,635.952870227236,0.9795302657838054,5.163241925350947,-1975.039060987802,5414.846344365945,2714.46141517598,89.99227985132664,104.03624346792648,71.0
2020-05-03,79.5,89.6,71.6,988.9,5.3,3.9,13.6,164.5974674909378,25.218106,110.039197,173.73,86.30115624147862,13.026589621355265,39.17974492856238,0.8452490573530633,0.9981707480458889,25.218106,635.952870227236,0.9795302657838054,5.163241925350947,-1975.039060987802,5414.846344365945,2714.46141517598,89.99227985132664,104.03624346792648,72.4
2020-05-04,81.4,89.6,75.0,987.5,5.7,4.7,11.7,148.68139113301007,25.218106,110.039197,173.73,88.50065281729663,13.046779285105151,39.2462523279024,0.8359254794186372,0.9981707480458889,25.218106,635.952870227236,0.9795302657838054,5.163241925350947,-1975.039060987802,5414.846344365945,2714.46141517598,89.99227985132664,104.03624346792648,74.1
2020-05-05,85.0,95.0,77.0,985.8,8.0,4.8,11.7,-16.04787331672823,25.218106,110.039197,173.73,92.55583502152447,13.066706120685808,39.31070623060561,0.8263541987239096,0.9981707480458889,25.218106,635.952870227236,0.9795302657838054,5.163241925350947,-1975.039060987802,5414.846344365945,2714.46141517598,89.99227985132664,104.03624346792648,74.2
2020-05-06,86.5,97.9,75.2,984.7,8.1,6.2,17.5,52.01318168608329,25.218106,110.039197,173.73,94.33086225147991,13.08636239326889,39.373130401063776,0.8165380514459161,0.9981707480458889,25.218106,635.952870227236,0.9795302657838054,5.163241925350947,-1975.039060987802,5414.846344365945,2714.46141517598,89.99227985132664,104.03624346792648,72.5
2020-05-07,87.0,97.9,78.3,983.6,7.4,7.9,17.5,30.68382140492837,25.218106,110.039197,173.73,95.01661729327643,13.10574031631399,39.433549295605495,0.8064799463209448,0.9981707480458889,25.218106,635.952870227236,0.9795302657838054,5.163241925350947,-1975.039060987802,5414.846344365945,2714.46141517598,89.99227985132664,104.03624346792648,74.6
2020-05-08,87.5,95.0,80.1,985.2,8.6,5.9,15.5,94.13630402048162,25.218106,110.039197,173.73,95.70190042215576,13.124832057895647,39.491987996308644,0.7961828637826158,0.9981707480458889,25.218106,635.952870227236,0.9795302657838054,5.163241925350947,-1975.039060987802,5414.846344365945,2714.46141517598,89.99227985132664,104.03624346792648,76.6
2020-05-09,86.0,96.8,73.4,987.3,7.3,6.8,15.5,47.62480032664981,25.218106,110.039197,173.73,94.19601319013555,13.143629747460775,39.5484721449424,0.7856498550787147,0.9981707480458889,25.218106,635.952870227236,0.9795302657838054,5.163241925350947,-1975.039060987802,5414.846344365945,2714.46141517598,89.99227985132664,104.03624346792648,74.2
2020-05-10,77.9,96.3,73.0,992.1,7.8,5.4,9.7,-262.65900258444816,25.218106,110.039197,173.73,85.44413126055379,13.162125483012137,39.60302787715156,0.7748840413670407,0.9981707480458889,25.218106,635.952870227236,0.9795302657838054,5.163241925350947,-1975.039060987802,5414.846344365945,2714.46141517598,89.99227985132664,104.03624346792648,65.7
2020-05-11,72.0,82.8,64.4,994.0,5.6,4.1,11.7,76.56171857825018,25.218106,110.039197,173.73,79.08186803227125,13.180311338711872,39.655681756993154,0.7638886127905428,0.9981707480458889,25.218106,635.952870227236,0.9795302657838054,5.163241925350947,-1975.039060987802,5414.846344365945,2714.46141517598,89.99227985132664,104.03624346792648,66.4
2020-05-12,77.3,89.6,68.5,993.3,8.6,3.6,9.7,71.01595527162017,25.218106,110.039197,173.73,85.01827212707965,13.19817937289723,39.706460711931925,0.7526668275320085,0.9981707480458889,25.218106,635.952870227236,0.9795302657838054,5.163241925350947,-1975.039060987802,5414.846344365945,2714.46141517598,89.99227985132664,104.03624346792648,61.7
2020-05-13,79.7,87.4,71.6,990.0,6.4,3.3,11.7,19.18079998935954,25.218106,110.039197,173.73,87.77441786907985,13.215721636498849,39.75539196839826,0.7412220108485958,0.9981707480458889,25.218106,635.952870227236,0.9795302657838054,5.163241925350947,-1975.039060987802,5414.846344365945,2714.46141517598,89.99227985132664,104.03624346792648,70.1
2020-05-14,84.3,91.4,73.0,986.6,10.2,8.9,17.5,129.35913924580294,25.218106,110.039197,173.73,92.9613345274964,13.232930181850023,39.80250298800773,0.7295575540864875,0.9981707480458889,25.218106,635.952870227236,0.9795302657838054,5.163241925350947,-1975.039060987802,5414.846344365945,2714.46141517598,89.99227985132664,104.03624346792648,72.0
2020-05-15,81.9,90.3,75.2,985.6,9.1,5.3,13.6,128.23828572716542,25.218106,110.039197,173.73,90.4298650155363,13.249797071873447,39.847821404538934,0.717676913675962,0.9981707480458889,25.218106,635.952870227236,0.9795302657838054,5.163241925350947,-1975.039060987802,5414.846344365945,2714.46141517598,89.99227985132664,104.03624346792648,73.3
2020-05-16,70.1,90.1,68.0,988.8,3.4,2.5,11.7,24.567583199611384,25.218106,110.039197,173.73,77.49738655942143,13.266314389629919,39.89137496176077,0.705583610107178,0.9981707480458889,25.218106,635.952870227236,0.9795302657838054,5.163241925350947,-1975.039060987802,5414.846344365945,2714.46141517598,89.99227985132664,104.03624346792648,69.2
2020-05-17,73.7,80.1,69.1,986.4,3.5,1.9,5.8,34.25134828093043,25.218106,110.039197,173.73,81.57652934109926,13.282474248211546,39.933191452197896,0.6932812268869777,0.9981707480458889,25.218106,635.952870227236,0.9795302657838054,5.163241925350947,-1975.039060987802,5414.846344365945,2714.46141517598,89.99227985132664,104.03624346792648,71.4
2020-05-18,79.0,90.5,69.8,985.5,6.3,2.9,9.7,13.6,25.218106,110.039197,173.73,87.54693627298553,13.298268800959828,39.973298656917436,0.6807734094770161,0.9981707480458889,25.218106,635.952870227236,0.9795302657838054,5.163241925350947,-1975.039060987802,5414.846344365945,2714.46141517598,89.99227985132664,104.03624346792648,69.8
2020-05-19,81.9,92.5,73.4,985.3,6.3,2.9,5.8,231.43686494914766,25.218106,110.039197,173.73,90.8659359698123,13.31369025198715,40.0117242864168,0.6680638642135335,0.9981707480458889,25.218106,635.952870227236,0.9795302657838054,5.163241925350947,-1975.039060987802,5414.846344365945,2714.46141517598,89.99227985132664,104.03624346792648,69.4
2020-05-20,75.2,92.5,72.5,984.2,4.1,2.7,5.8,-28.291383732767116,25.218106,110.039197,173.73,83.52671343306227,13.328730866978022,40.04849592268748,0.6551563572090853,0.9981707480458889,25.218106,635.952870227236,0.9795302657838054,5.163241925350947,-1975.039060987802,5414.846344365945,2714.46141517598,89.99227985132664,104.03624346792648,72.9
2020-05-21,74.7,80.6,69.8,985.5,7.7,4.7,9.7,-19.779659797431044,25.218106,110.039197,173.73,83.06255907692203,13.343382984244501,40.083640962525706,0.6420547132365637,0.9981707480458889,25.218106,635.952870227236,0.9795302657838054,5.163241925350947,-1975.039060987802,5414.846344365945,2714.46141517598,89.99227985132664,104.03624346792648,70.7
2020-05-22,77.7,87.8,69.8,987.5,7.6,3.4,5.8,-59.80453293121693,25.218106,110.039197,173.73,86.49071269340367,13.35763902600829,40.11718656215611,0.6287628145958344,0.9981707480458889,25.218106,635.952870227236,0.9795302657838054,5.163241925350947,-1975.039060987802,5414.846344365945,2714.46141517598,89.99227985132664,104.03624346792648,68.7
2020-05-23,78.3,88.7,69.8,988.7,6.9,2.3,5.8,114.797735286792,25.218106,110.039197,173.73,87.24898210196699,13.371491509879998,40.149159583230144,0.6152845999633276,0.9981707480458889,25.218106,635.952870227236,0.9795302657838054,5.163241925350947,-1975.039060987802,5414.846344365945,2714.46141517598,89.99227985132664,104.03624346792648,68.8
2020-05-24,82.1,91.9,71.8,989.1,6.5,2.5,5.8,65.43992267433319,25.218106,110.039197,173.73,91.57525035561727,13.384933060504354,40.17958654025696,0.6016240632249226,0.9981707480458889,25.218106,635.952870227236,0.9795302657838054,5.163241925350947,-1975.039060987802,5414.846344365945,2714.46141517598,89.99227985132664,104.03624346792648,70.0
2020-05-25,71.4,91.9,66.2,990.0,7.7,3.1,5.8,-85.33015874026145,25.218106,110.039197,173.73,79.71784070696292,13.397956421338305,40.20849354951934,0.5877852522924732,0.9981707480458889,25.218106,635.952870227236,0.9795302657838054,5.163241925350947,-1975.039060987802,5414.846344365945,2714.46141517598,89.99227985132664,104.03624346792648,68.2
2020-05-26,75.0,82.9,68.0,991.8,9.4,3.3,7.8,184.96548554893656,25.218106,110.039197,173.73,83.81596541579601,13.410554466527362,40.23590627952373,0.5737722679043246,0.9981707480458889,25.218106,635.952870227236,0.9795302657838054,5.163241925350947,-1975.039060987802,5414.846344365945,2714.46141517598,89.99227985132664,104.03624346792648,65.7
2020-05-27,78.0,87.8,68.0,991.8,8.5,3.8,7.8,65.00625523762564,25.218106,110.039197,173.73,87.2476813834858,13.422720212843968,40.26184990302877,0.5595892624101765,0.9981707480458889,25.218106,635.952870227236,0.9795302657838054,5.163241925350947,-1975.039060987802,5414.846344365945,2714.46141517598,89.99227985132664,104.03624346792648,66.2
2020-05-28,79.7,88.3,71.4,990.9,6.7,1.6,4.3,95.11640361525032,25.218106,110.039197,173.73,89.2271177068777,13.434446831650343,40.28634905069239,0.545240438540651,0.9981707480458889,25.218106,635.952870227236,0.9795302657838054,5.163241925350947,-1975.039060987802,5414.846344365945,2714.46141517598,89.99227985132664,104.03624346792648,68.5
2020-05-29,78.6,89.6,72.3,988.3,4.7,3.8,9.7,-118.45517700528383,25.218106,110.039197,173.73,88.06951617854746,13.445727660846943,40.30942776637406,0.5307300481619334,0.9981707480458889,25.218106,635.952870227236,0.9795302657838054,5.163241925350947,-1975.039060987802,5414.846344365945,2714.46141517598,89.99227985132664,104.03624346792648,72.7
2020-05-30,79.9,89.2,72.1,990.3,6.1,3.0,7.8,15.279305814582687,25.218106,110.039197,173.73,89.59823680997148,13.45655621676668,40.3311094641245,0.5160623910158528,0.9981707480458889,25.218106,635.952870227236,0.9795302657838054,5.163241925350947,-1975.039060987802,5414.846344365945,2714.46141517598,89.99227985132664,104.03624346792648,74.1
2020-05-31,78.3,87.8,71.6,989.4,5.0,4.3,11.7,60.05988475428252,25.218106,110.039197,173.73,87.87169349398053,13.466926205974028,40.351416886891435,0.5012418134457758,0.9981707480458889,25.218106,635.952870227236,0.9795302657838054,5.163241925350947,-1975.039060987802,5414.846344365945,2714.46141517598,89.99227985132664,104.03624346792648,74.2
2020-06-01,79.3,87.8,71.6,989.3,7.1,3.4,9.7,24.826250711516444,25.218106,110.039197,173.73,89.05939507319678,13.476831536927635,40.37037206696663,0.48627270710868997,0.9981707480458889,25.218106,635.952870227236,0.9795302657838054,5.163241925350947,-1975.039060987802,5414.846344365945,2714.46141517598,89.99227985132664,104.03624346792648,74.2
2020-06-02,77.4,85.6,71.6,987.4,6.1,3.4,9.7,51.1017680719152,25.218106,110.039197,173.73,86.98641783794484,13.486266331464316,40.387996288195836,0.4711595076738638,0.9981707480458889,25.218106,635.952870227236,0.9795302657838054,5.163241925350947,-1975.039060987802,5414.846344365945,2714.46141517598,89.99227985132664,104.03624346792648,74.9
2020-06-03,75.9,83.5,71.6,987.3,4.8,2.4,9.7,89.20959029950795,25.218106,110.039197,173.73,85.3572977205938,13.495224936062261,40.40431004997039,0.4559066935084588,0.9981707480458889,25.218106,635.952870227236,0.9795302657838054,5.163241925350947,-1975.039060987802,5414.846344365945,2714.46141517598,89.99227985132664,104.03624346792648,73.1
2020-06-04,75.6,80.6,71.6,986.7,2.8,3.1,7.8,-12.318845820711518,25.218106,110.039197,173.73,85.07332217689863,13.503701932841052,40.41933303301577,0.440518784350495,0.9981707480458889,25.218106,635.952870227236,0.9795302657838054,5.163241925350947,-1975.039060987802,5414.846344365945,2714.46141517598,89.99227985132664,104.03624346792648,73.6
2020-06-05,77.6,84.2,73.2,986.6,7.9,3.0,7.8,98.45136704462799,25.218106,110.039197,173.73,87.37560923832469,13.511692150256394,40.43308406699025,0.42500033996955416,0.9981707480458889,25.218106,635.952870227236,0.9795302657838054,5.163241925350947,-1975.039060987802,5414.846344365945,2714.46141517598,89.99227985132664,104.03624346792648,73.5
2020-06-06,77.4,84.2,73.2,986.0,5.2,2.2,5.8,-67.19291297065391,25.218106,110.039197,173.73,87.19877984373827,13.519190673447792,40.44558109990371,0.4093559588156213,0.9981707480458889,25.218106,635.952870227236,0.9795302657838054,5.163241925350947,-1975.039060987802,5414.846344365945,2714.46141517598,89.99227985132664,104.03624346792648,74.8
2020-06-07,75.2,83.5,73.4,984.2,4.3,1.8,5.8,-36.653531592440046,25.218106,110.039197,173.73,84.7641418863084,13.526192854198147,40.45684116936474,0.39359027665646673,0.9981707480458889,25.218106,635.952870227236,0.9795302657838054,5.163241925350947,-1975.039060987802,5414.846344365945,2714.46141517598,89.99227985132664,104.03624346792648,73.6
2020-06-08,76.2,78.8,74.1,984.9,3.7,2.9,7.8,-125.22805314493424,25.218106,110.039197,173.73,85.93260893495349,13.532694320465115,40.46688037566186,0.3777079652039649,0.9981707480458889,25.218106,635.952870227236,0.9795302657838054,5.163241925350947,-1975.039060987802,5414.846344365945,2714.46141517598,89.99227985132664,104.03624346792648,74.8
2020-06-09,76.3,78.8,73.4,987.5,5.6,3.2,9.7,-12.55201395300309,25.218106,110.039197,173.73,86.08351018245594,13.538690985445234,40.47571385668304,0.36171373072976765,0.9981707480458889,25.218106,635.952870227236,0.9795302657838054,5.163241925350947,-1975.039060987802,5414.846344365945,2714.46141517598,89.99227985132664,104.03624346792648,74.5
2020-06-10,76.4,78.8,73.4,988.1,3.2,1.7,5.8,-13.521555660902953,25.218106,110.039197,173.73,86.2312733240484,13.544179056133256,40.483355764675814,0.3456123126707335,0.9981707480458889,25.218106,635.952870227236,0.9795302657838054,5.163241925350947,-1975.039060987802,5414.846344365945,2714.46141517598,89.99227985132664,104.03624346792648,74.8
2020-06-11,82.1,90.1,74.8,985.2,7.6,4.4,11.7,19.4,25.218106,110.039197,173.73,92.69880240783976,13.54915504134077,40.48981924484924,0.3294084822245304,0.9981707480458889,25.218106,635.952870227236,0.9795302657838054,5.163241925350947,-1975.039060987802,5414.846344365945,2714.46141517598,89.99227985132664,104.03624346792648,76.1
2020-06-12,82.6,90.5,75.6,983.6,7.6,2.9,7.8,84.02950967772416,25.218106,110.039197,173.73,93.29405514208068,13.553615759140051,40.49511641581745,0.3131070409358269,0.9981707480458889,25.218106,635.952870227236,0.9795302657838054,5.163241925350947,-1975.039060987802,5414.846344365945,2714.46141517598,89.99227985132664,104.03624346792648,77.1
2020-06-13,84.8,95.0,77.0,985.3,8.2,2.3,7.8,46.19568903126253,25.218106,110.039197,173.73,95.80674562882197,13.557558343701222,40.49925835188379,0.29671281927349075,0.9981707480458889,25.218106,635.952870227236,0.9795302657838054,5.163241925350947,-1975.039060987802,5414.846344365945,2714.46141517598,89.99227985132664,104.03624346792648,75.5
2020-06-14,83.8,96.8,77.0,987.6,7.0,3.4,15.5,8.196750731516591,25.218106,110.039197,173.73,94.70084542292707,13.560980251493138,40.50225506716379,0.28023067519921585,0.9981707480458889,25.218106,635.952870227236,0.9795302657838054,5.163241925350947,-1975.039060987802,5414.846344365945,2714.46141517598,89.99227985132664,104.03624346792648,76.6
2020-06-15,79.5,96.1,75.2,989.0,8.9,3.6,11.7,51.66021704593413,25.218106,110.039197,173.73,89.86070014268834,13.563879266820882,40.50411550154437,0.26366549272800704,0.9981707480458889,25.218106,635.952870227236,0.9795302657838054,5.163241925350947,-1975.039060987802,5414.846344365945,2714.46141517598,89.99227985132664,104.03624346792648,74.9
2020-06-16,81.8,89.8,77.0,986.3,9.1,5.4,11.7,-112.0474635937146,25.218106,110.039197,173.73,92.47662807050511,13.566253506675567,40.5048475084768,0.24702218048093552,0.9981707480458889,25.218106,635.952870227236,0.9795302657838054,5.163241925350947,-1975.039060987802,5414.846344365945,2714.46141517598,89.99227985132664,104.03624346792648,75.1
2020-06-17,82.0,89.8,77.7,985.3,9.0,5.3,21.4,35.0,25.218106,110.039197,173.73,92.7153597366454,13.568101424874936,40.50445784460002,0.23030567023061221,0.9981707480458889,25.218106,635.952870227236,0.9795302657838054,5.163241925350947,-1975.039060987802,5414.846344365945,2714.46141517598,89.99227985132664,104.03624346792648,76.0
2020-06-18,82.8,90.7,77.7,987.1,9.3,3.2,11.7,-55.99628095225342,25.218106,110.039197,173.73,93.62901052678687,13.569421815476357,40.50295216119158,0.21352091543979612,0.9981707480458889,25.218106,635.952870227236,0.9795302657838054,5.163241925350947,-1975.039060987802,5414.846344365945,2714.46141517598,89.99227985132664,104.03624346792648,76.8
2020-06-19,85.0,95.0,78.8,987.8,10.1,4.8,13.6,46.730984713854795,25.218106,110.039197,173.73,96.1223478594157,13.570213815446921,40.500334997442856,0.19667288979357647,0.9981707480458889,25.218106,635.952870227236,0.9795302657838054,5.163241925350947,-1975.039060987802,5414.846344365945,2714.46141517598,89.99227985132664,104.03624346792648,76.1
2020-06-20,83.8,94.1,80.6,985.9,9.7,6.2,11.7,49.42392752158389,25.218106,110.039197,173.73,94.76716373094122,13.570476906578694,40.496609775555655,0.1797665857255624,0.9981707480458889,25.218106,635.952870227236,0.9795302657838054,5.163241925350947,-1975.039060987802,5414.846344365945,2714.46141517598,89.99227985132664,104.03624346792648,76.6
2020-06-21,82.7,89.6,78.8,983.5,7.6,4.4,11.7,79.20466643732107,25.218106,110.039197,173.73,93.52137023384728,13.570210916640477,40.49177879765763,0.16280701293851715,0.9981707480458889,25.218106,635.952870227236,0.9795302657838054,5.163241925350947,-1975.039060987802,5414.846344365945,2714.46141517598,89.99227985132664,104.03624346792648,77.5
2020-06-22,86.6,93.2,80.6,983.9,9.4,6.9,17.5,3.6814423974012236,25.218106,110.039197,173.73,97.92595227594121,13.569416019760908,40.4858432445338,0.1457991969198751,0.9981707480458889,25.218106,635.952870227236,0.9795302657838054,5.163241925350947,-1975.039060987802,5414.846344365945,2714.46141517598,89.99227985132664,104.03624346792648,77.3
2020-06-23,85.7,92.8,80.6,985.1,8.7,4.6,13.6,67.5433104244854,25.218106,110.039197,173.73,96.8987956232271,13.568092736041136,40.47880317617223,0.12874817745258132,0.9981707480458889,25.218106,635.952870227236,0.9795302657838054,5.163241925350947,-1975.039060987802,5414.846344365945,2714.46141517598,89.99227985132664,104.03624346792648,77.8
2020-06-24,81.2,91.6,75.2,984.5,7.4,4.0,11.7,57.1911959204982,25.218106,110.039197,173.73,91.7982370623657,13.566241930398872,40.47065753412214,0.11165900712169512,0.9981707480458889,25.218106,635.952870227236,0.9795302657838054,5.163241925350947,-1975.039060987802,5414.846344365945,2714.46141517598,89.99227985132664,104.03624346792648,76.7
2020-06-25,77.4,91.6,75.2,984.5,6.5,2.9,9.7,162.77954850956564,25.218106,110.039197,173.73,87.48692802868582,13.563864810648965,40.46140414566271,0.09453674981719912,0.9981707480458889,25.218106,635.952870227236,0.9795302657838054,5.163241925350947,-1975.039060987802,5414.846344365945,2714.46141517598,89.99227985132664,104.03624346792648,75.3
2020-06-26,79.0,84.4,75.6,985.1,5.3,2.4,3.9,-53.084048680094966,25.218106,110.039197,173.73,89.27633925512555,13.560962924829196,40.45103972978178,0.07738647923346301,0.9981707480458889,25.218106,635.952870227236,0.9795302657838054,5.163241925350947,-1975.039060987802,5414.846344365945,2714.46141517598,89.99227985132664,104.03624346792648,77.2
2020-06-27,85.3,93.2,76.3,985.4,10.1,7.0,19.4,23.3,25.218106,110.039197,173.73,96.37150040490936,13.557538157783261,40.43955990496326,0.06021327736579302,0.9981707480458889,25.218106,635.952870227236,0.9795302657838054,5.163241925350947,-1975.039060987802,5414.846344365945,2714.46141517598,89.99227985132664,104.03624346792648,75.8
2020-06-28,83.8,91.4,78.8,985.4,9.2,6.7,15.5,32.93948336089792,25.218106,110.039197,173.73,94.64925587699659,13.553592727016218,40.426959198782754,0.04302223300453059,0.9981707480458889,25.218106,635.952870227236,0.9795302657838054,5.163241925350947,-1975.039060987802,5414.846344365945,2714.46141517598,89.99227985132664,104.03624346792648,76.6
2020-06-29,83.2,89.6,77.0,984.9,9.6,3.9,13.6,40.42174680573102,25.218106,110.039197,173.73,93.9406289663634,13.549129177840877,40.413231059310526,0.02581844022713308,0.9981707480458889,25.218106,635.952870227236,0.9795302657838054,5.163241925350947,-1975.039060987802,5414.846344365945,2714.46141517598,89.99227985132664,104.03624346792648,76.8
2020-06-30,84.3,92.1,77.0,984.3,8.2,2.8,9.7,258.778798765999,25.218106,110.039197,173.73,95.14765640430196,13.544150377836578,40.39836786832166,0.008606996888688698,0.9981707480458889,25.218106,635.952870227236,0.9795302657838054,5.163241925350947,-1975.039060987802,5414.846344365945,2714.46141517598,89.99227985132664,104.03624346792648,77.5
2020-07-01,85.8,95.0,78.8,983.9,9.1,3.2,9.7,-51.63618078347483,25.218106,110.039197,173.73,96.80141550111001,13.538659510644758,40.382360956311835,-0.008606996888688009,0.9981707480458889,25.218106,635.952870227236,0.9795302657838054,5.163241925350947,-1975.039060987802,5414.846344365945,2714.46141517598,89.99227985132664,104.03624346792648,77.8
2020-07-02,82.5,93.9,77.0,985.1,7.9,3.0,9.7,21.38938338944861,25.218106,110.039197,173.73,93.0370379752576,13.53266006912838,40.36520061931853,-0.02581844022713239,0.9981707480458889,25.218106,635.952870227236,0.9795302657838054,5.163241925350947,-1975.039060987802,5414.846344365945,2714.46141517598,89.99227985132664,104.03624346792648,77.2
2020-07-03,81.0,90.1,77.0,988.0,6.1,2.7,7.8,-17.492630735917896,25.218106,110.039197,173.73,91.30155197349264,13.526155847924835,40.346876137545365,-0.04302223300453034,0.9981707480458889,25.218106,635.952870227236,0.9795302657838054,5.163241925350947,-1975.039060987802,5414.846344365945,2714.46141517598,89.99227985132664,104.03624346792648,77.7
2020-07-04,82.8,93.2,77.0,987.6,9.6,3.0,11.7,23.672969940566706,25.218106,110.039197,173.73,93.28214145442756,13.519150935424284,40.32737579578791,-0.060213277365792774,0.9981707480458889,25.218106,635.952870227236,0.9795302657838054,5.163241925350947,-1975.039060987802,5414.846344365945,2714.46141517598,89.99227985132664,104.03624346792648,76.7
2020-07-05,84.0,93.2,77.5,984.8,10.3,6.4,13.6,-38.20320885060816,25.218106,110.039197,173.73,94.5815479364521,13.511649705207441,40.30668690565766,-0.07738647923346322,0.9981707480458889,25.218106,635.952870227236,0.9795302657838054,5.163241925350947,-1975.039060987802,5414.846344365945,2714.46141517598,89.99227985132664,104.03624346792648,76.3
2020-07-06,84.6,92.3,80.6,985.6,10.0,7.3,15.5,-112.265498873264,25.218106,110.039197,173.73,95.20078048920038,13.50365680697878,40.28479582960032,-0.09453674981719933,0.9981707480458889,25.218106,635.952870227236,0.9795302657838054,5.163241925350947,-1975.039060987802,5414.846344365945,2714.46141517598,89.99227985132664,104.03624346792648,76.0
2020-07-07,83.7,91.4,78.8,986.9,9.6,5.4,13.6,35.34530034509375,25.218106,110.039197,173.73,94.12886067030341,13.495177157032746,40.26168800670309,-0.11165900712169444,0.9981707480458889,25.218106,635.952870227236,0.9795302657838054,5.163241925350947,-1975.039060987802,5414.846344365945,2714.46141517598,89.99227985132664,104.03624346792648,77.5
2020-07-08,83.8,90.1,78.8,983.8,7.4,5.1,11.7,13.6,25.218106,110.039197,173.73,94.17874123257172,13.486215928291895,40.23734798028415,-0.12874817745258066,0.9981707480458889,25.218106,635.952870227236,0.9795302657838054,5.163241925350947,-1975.039060987802,5414.846344365945,2714.46141517598,89.99227985132664,104.03624346792648,77.6
2020-07-09,80.9,90.1,78.8,980.8,6.5,4.1,11.7,-15.76670944163395,25.218106,110.039197,173.73,90.85594865687824,13.476778539957218,40.21175942725633,-0.14579919691987442,0.9981707480458889,25.218106,635.952870227236,0.9795302657838054,5.163241925350947,-1975.039060987802,5414.846344365945,2714.46141517598,89.99227985132664,104.03624346792648,77.9
2020-07-10,80.1,84.2,77.0,981.6,6.8,4.5,11.7,-55.69142801542437,25.218106,110.039197,173.73,89.8913615674676,13.466870646811625,40.184905189254394,-0.16280701293851646,0.9981707480458889,25.218106,635.952870227236,0.9795302657838054,5.163241925350947,-1975.039060987802,5414.846344365945,2714.46141517598,89.99227985132664,104.03624346792648,77.7
2020-07-11,78.7,87.8,75.2,983.5,5.9,4.6,15.5,27.2,25.218106,110.039197,173.73,88.25220022423206,13.456498128218355,40.15676730551371,-0.17976658572556214,0.9981707480458889,25.218106,635.952870227236,0.9795302657838054,5.163241925350947,-1975.039060987802,5414.846344365945,2714.46141517598,89.99227985132664,104.03624346792648,75.6
2020-07-12,82.3,93.7,75.2,985.7,7.5,4.0,13.6,-17.206837021152726,25.218106,110.039197,173.73,92.21486670210724,13.445667076856465,40.12732704748601,-0.19667288979357622,0.9981707480458889,25.218106,635.952870227236,0.9795302657838054,5.163241925350947,-1975.039060987802,5414.846344365945,2714.46141517598,89.99227985132664,104.03624346792648,75.7
2020-07-13,84.7,95.0,76.6,987.9,9.8,2.9,7.8,-118.97208123705211,25.218106,110.039197,173.73,94.82435889823877,13.434383787235717,40.09656495517459,-0.2135209154397959,0.9981707480458889,25.218106,635.952870227236,0.9795302657838054,5.163241925350947,-1975.039060987802,5414.846344365945,2714.46141517598,89.99227985132664,104.03624346792648,75.7
2020-07-14,85.6,96.8,75.2,986.7,9.9,4.4,11.7,152.01278423250878,25.218106,110.039197,173.73,95.7482705074364,13.42265474403314,40.06446087516964,-0.23030567023061196,0.9981707480458889,25.218106,635.952870227236,0.9795302657838054,5.163241925350947,-1975.039060987802,5414.846344365945,2714.46141517598,89.99227985132664,104.03624346792648,75.9
2020-07-15,86.2,95.9,77.0,985.2,9.9,5.0,13.6,36.561213387258064,25.218106,110.039197,173.73,96.33199548393988,13.410486610293253,40.03099400036051,-0.24702218048093527,0.9981707480458889,25.218106,635.952870227236,0.9795302657838054,5.163241925350947,-1975.039060987802,5414.846344365945,2714.46141517598,89.99227985132664,104.03624346792648,75.5
2020-07-16,86.0,95.7,77.0,985.1,10.3,5.4,13.6,92.85850870795772,25.218106,110.039197,173.73,96.01818454465639,13.39788621553345,39.99614291129939,-0.2636654927280072,0.9981707480458889,25.218106,635.952870227236,0.9795302657838054,5.163241925350947,-1975.039060987802,5414.846344365945,2714.46141517598,89.99227985132664,104.03624346792648,73.7
2020-07-17,85.3,94.6,78.8,985.9,10.3,6.1,13.6,5.192046461158641,25.218106,110.039197,173.73,95.14405036547878,13.384860543795373,39.959885619187155,-0.2802306751992161,0.9981707480458889,25.218106,635.952870227236,0.9795302657838054,5.163241925350947,-1975.039060987802,5414.846344365945,2714.46141517598,89.99227985132664,104.03624346792648,76.0
2020-07-18,85.7,93.4,82.4,985.1,10.4,8.4,15.5,128.96958647844954,25.218106,110.039197,173.73,95.4942010873461,13.371416721682069,39.922199610448764,-0.2967128192734901,0.9981707480458889,25.218106,635.952870227236,0.9795302657838054,5.163241925350947,-1975.039060987802,5414.846344365945,2714.46141517598,89.99227985132664,104.03624346792648,75.6
2020-07-19,80.4,91.0,75.2,986.3,8.3,5.3,15.5,18.917192174555097,25.218106,110.039197,173.73,89.49566544301321,13.35756200641988,39.88306189286221,-0.3131070409358267,0.9981707480458889,25.218106,635.952870227236,0.9795302657838054,5.163241925350947,-1975.039060987802,5414.846344365945,2714.46141517598,89.99227985132664,104.03624346792648,75.8
2020-07-20,79.9,89.6,75.2,989.5,9.9,2.1,5.8,28.882741820631416,25.218106,110.039197,173.73,88.84416429510033,13.343303773982525,39.84244904320119,-0.3294084822245302,0.9981707480458889,25.218106,635.952870227236,0.9795302657838054,5.163241925350947,-1975.039060987802,5414.846344365945,2714.46141517598,89.99227985132664,104.03624346792648,75.6
2020-07-21,83.8,93.2,75.2,989.5,10.2,4.2,13.6,18.237156603966454,25.218106,110.039197,173.73,93.07840239274029,13.328649507313646,39.80033725634768,-0.3456123126707333,0.9981707480458889,25.218106,635.952870227236,0.9795302657838054,5.163241925350947,-1975.039060987802,5414.846344365945,2714.46141517598,89.99227985132664,104.03624346792648,75.4
2020-07-22,85.3,95.0,75.2,988.3,10.3,5.2,11.7,69.08052630792159,25.218106,110.039197,173.73,94.63755489445084,13.313606784682419,39.756702395827226,-0.3617137307297674,0.9981707480458889,25.218106,635.952870227236,0.9795302657838054,5.163241925350947,-1975.039060987802,5414.846344365945,2714.46141517598,89.99227985132664,104.03624346792648,74.0
2020-07-23,85.4,95.0,75.2,988.8,10.3,5.2,13.6,33.648520419112316,25.218106,110.039197,173.73,94.63873759206083,13.298183268205268,39.71152004571491,-0.37770796520396466,0.9981707480458889,25.218106,635.952870227236,0.9795302657838054,5.163241925350947,-1975.039060987802,5414.846344365945,2714.46141517598,89.99227985132664,104.03624346792648,73.1
2020-07-24,86.3,95.9,75.2,988.3,10.3,4.5,13.6,-29.724065654518537,25.218106,110.039197,173.73,95.52249763069628,13.282386692564954,39.664765563856996,-0.39359027665646645,0.9981707480458889,25.218106,635.952870227236,0.9795302657838054,5.163241925350947,-1975.039060987802,5414.846344365945,2714.46141517598,89.99227985132664,104.03624346792648,73.5
2020-07-25,86.5,96.8,75.2,986.9,10.3,4.3,13.6,-66.02871634966263,25.218106,110.039197,173.73,95.62737082226955,13.26622485395647,39.61641413634816,-0.4093559588156211,0.9981707480458889,25.218106,635.952870227236,0.9795302657838054,5.163241925350947,-1975.039060987802,5414.846344365945,2714.46141517598,89.99227985132664,104.03624346792648,73.2
2020-07-26,87.2,96.8,78.8,985.1,10.1,6.1,11.7,40.84904641603124,25.218106,110.039197,173.73,96.28119402148731,13.249705599287243,39.56644083320078,-0.42500033996955394,0.9981707480458889,25.218106,635.952870227236,0.9795302657838054,5.163241925350947,-1975.039060987802,5414.846344365945,2714.46141517598,89.99227985132664,104.03624346792648,75.4
2020-07-27,80.5,94.5,77.0,986.2,8.1,4.1,11.7,17.398011441147137,25.218106,110.039197,173.73,88.77028030503423,13.232836815657278,39.51482066513847,-0.4405187843504952,0.9981707480458889,25.218106,635.952870227236,0.9795302657838054,5.163241925350947,-1975.039060987802,5414.846344365945,2714.46141517598,89.99227985132664,104.03624346792648,76.4
2020-07-28,82.6,91.4,77.0,988.0,9.5,4.2,13.6,-85.60565677132787,25.218106,110.039197,173.73,90.96756185864933,13.21562642014276,39.46152864144201,-0.455906693508459,0.9981707480458889,25.218106,635.952870227236,0.9795302657838054,5.163241925350947,-1975.039060987802,5414.846344365945,2714.46141517598,89.99227985132664,104.03624346792648,75.7
2020-07-29,84.7,95.4,77.0,988.0,9.6,2.5,5.8,-8.192751760935325,25.218106,110.039197,173.73,93.15646458641076,13.198082349904713,39.40653982877167,-0.47115950767386394,0.9981707480458889,25.218106,635.952870227236,0.9795302657838054,5.163241925350947,-1975.039060987802,5414.846344365945,2714.46141517598,89.99227985132664,104.03624346792648,76.4
2020-07-30,83.2,95.4,75.2,987.9,9.3,3.2,7.8,18.352053986397692,25.218106,110.039197,173.73,91.38280703165273,13.180212552642221,39.349829410886294,-0.4862727071086902,0.9981707480458889,25.218106,635.952870227236,0.9795302657838054,5.163241925350947,-1975.039060987802,5414.846344365945,2714.46141517598,89.99227985132664,104.03624346792648,75.9
2020-07-31,85.7,96.8,77.0,986.5,10.2,3.6,7.8,13.6,25.218106,110.039197,173.73,93.99879504698673,13.16202497740771,39.29137274917546,-0.5012418134457756,0.9981707480458889,25.218106,635.952870227236,0.9795302657838054,5.163241925350947,-1975.039060987802,5414.846344365945,2714.46141517598,89.99227985132664,104.03624346792648,75.2
2020-08-01,85.1,96.3,78.6,985.5,10.4,5.8,13.6,97.47891589723623,25.218106,110.039197,173.73,93.20951632079692,13.143527565799802,39.231145443917214,-0.5160623910158526,0.9981707480458889,25.218106,635.952870227236,0.9795302657838054,5.163241925350947,-1975.039060987802,5414.846344365945,2714.46141517598,89.99227985132664,104.03624346792648,74.7
2020-08-02,82.6,93.2,77.0,985.0,9.5,3.4,11.7,-97.41470320908742,25.218106,110.039197,173.73,90.34187940974982,13.12472824354719,39.16912339617057,-0.5307300481619331,0.9981707480458889,25.218106,635.952870227236,0.9795302657838054,5.163241925350947,-1975.039060987802,5414.846344365945,2714.46141517598,89.99227985132664,104.03624346792648,75.6
2020-08-03,83.8,92.7,78.8,983.8,10.0,2.6,7.8,-16.45530752056965,25.218106,110.039197,173.73,91.52101713892455,13.105634912495162,39.105282870208065,-0.5452404385406507,0.9981707480458889,25.218106,635.952870227236,0.9795302657838054,5.163241925350947,-1975.039060987802,5414.846344365945,2714.46141517598,89.99227985132664,104.03624346792648,76.4
2020-08-04,83.2,91.4,77.0,984.2,9.0,1.9,3.9,86.30487086487825,25.218106,110.039197,173.73,90.73137107149677,13.08625544300434,39.03960055639097,-0.5595892624101763,0.9981707480458889,25.218106,635.952870227236,0.9795302657838054,5.163241925350947,-1975.039060987802,5414.846344365945,2714.46141517598,89.99227985132664,104.03624346792648,76.6
2020-08-05,82.1,91.4,77.0,987.5,8.2,3.7,7.8,46.19199453888521,25.218106,110.039197,173.73,89.39730570348149,13.066597666769525,38.97205363438579,-0.5737722679043243,0.9981707480458889,25.218106,635.952870227236,0.9795302657838054,5.163241925350947,-1975.039060987802,5414.846344365945,2714.46141517598,89.99227985132664,104.03624346792648,76.0
2020-08-06,81.3,90.9,77.0,989.4,8.1,2.8,11.7,-26.711550514232965,25.218106,110.039197,173.73,88.39118498218784,13.046669370064626,38.90261983661893,-0.5877852522924734,0.9981707480458889,25.218106,635.952870227236,0.9795302657838054,5.163241925350947,-1975.039060987802,5414.846344365945,2714.46141517598,89.99227985132664,104.03624346792648,75.9
2020-08-07,84.3,93.2,77.0,987.6,5.9,4.9,11.7,100.13934839303195,25.218106,110.039197,173.73,91.51100996911157,13.026478287418017,38.83127751186226,-0.6016240632249227,0.9981707480458889,25.218106,635.952870227236,0.9795302657838054,5.163241925350947,-1975.039060987802,5414.846344365945,2714.46141517598,89.99227985132664,104.03624346792648,75.2
2020-08-08,84.9,93.4,77.0,985.0,5.4,4.8,9.7,14.468194373412505,25.218106,110.039197,173.73,92.01767707722604,13.006032095720995,38.75800568884139,-0.6152845999633277,0.9981707480458889,25.218106,635.952870227236,0.9795302657838054,5.163241925350947,-1975.039060987802,5414.846344365945,2714.46141517598,89.99227985132664,104.03624346792648,74.4
2020-08-09,86.6,93.4,80.6,983.0,5.1,5.8,13.6,18.740559058651787,25.218106,110.039197,173.73,93.71085884996039,12.985338408770494,38.68278413975491,-0.6287628145958345,0.9981707480458889,25.218106,635.952870227236,0.9795302657838054,5.163241925350947,-1975.039060987802,5414.846344365945,2714.46141517598,89.99227985132664,104.03624346792648,75.5
2020-08-10,83.9,93.2,77.0,983.3,4.8,4.6,13.6,180.08414353725212,25.218106,110.039197,173.73,90.64279669928442,12.964404772245684,38.60559344359168,-0.6420547132365636,0.9981707480458889,25.218106,635.952870227236,0.9795302657838054,5.163241925350947,-1975.039060987802,5414.846344365945,2714.46141517598,89.99227985132664,104.03624346792648,76.6
2020-08-11,82.8,92.3,77.0,985.1,4.8,2.9,7.8,13.2,25.218106,110.039197,173.73,89.30834674790599,12.943238659116808,38.52641504913149,-0.655156357209085,0.9981707480458889,25.218106,635.952870227236,0.9795302657838054,5.163241925350947,-1975.039060987802,5414.846344365945,2714.46141517598,89.99227985132664,104.03624346792648,77.3
2020-08-12,83.7,94.8,77.0,988.5,4.9,3.1,15.5,151.27089184815338,25.218106,110.039197,173.73,90.12988607174508,12.921847465483165,38.44523133751234,-0.6680638642135333,0.9981707480458889,25.218106,635.952870227236,0.9795302657838054,5.163241925350947,-1975.039060987802,5414.846344365945,2714.46141517598,89.99227985132664,104.03624346792648,75.5
2020-08-13,81.4,94.8,75.2,989.6,5.0,3.6,9.7,-12.842039155093818,25.218106,110.039197,173.73,87.50661787137166,12.900238506836114,38.36202568424753,-0.6807734094770159,0.9981707480458889,25.218106,635.952870227236,0.9795302657838054,5.163241925350947,-1975.039060987802,5414.846344365945,2714.46141517598,89.99227985132664,104.03624346792648,74.9
2020-08-14,81.9,91.0,77.0,988.5,4.8,3.2,5.8,-74.6235592703342,25.218106,110.039197,173.73,87.89520977561239,12.878419014741741,38.27678252057387,-0.6932812268869771,0.9981707480458889,25.218106,635.952870227236,0.9795302657838054,5.163241925350947,-1975.039060987802,5414.846344365945,2714.46141517598,89.99227985132664,104.03624346792648,74.8
2020-08-15,79.4,89.4,73.4,988.4,4.5,2.8,5.8,-23.974925726067497,25.218106,110.039197,173.73,85.06648775288214,12.856396133936846,38.18948739401241,-0.7055836101071774,0.9981707480458889,25.218106,635.952870227236,0.9795302657838054,5.163241925350947,-1975.039060987802,5414.846344365945,2714.46141517598,89.99227985132664,104.03624346792648,73.9
2020-08-16,79.7,93.7,71.6,989.1,4.4,3.3,9.7,-135.6571872270416,25.218106,110.039197,173.73,85.2403250425446,12.834176919831057,38.10012702802286,-0.7176769136759615,0.9981707480458889,25.218106,635.952870227236,0.9795302657838054,5.163241925350947,-1975.039060987802,5414.846344365945,2714.46141517598,89.99227985132664,104.03624346792648,73.0
2020-08-17,82.2,93.7,73.4,989.4,5.0,2.3,3.9,-154.45264285123747,25.218106,110.039197,173.73,87.76061310438712,12.811768336406878,38.00868938063248,-0.7295575540864876,0.9981707480458889,25.218106,635.952870227236,0.9795302657838054,5.163241925350947,-1975.039060987802,5414.846344365945,2714.46141517598,89.99227985132664,104.03624346792648,73.8
2020-08-18,83.0,93.9,73.4,988.6,5.0,3.0,13.6,-3.187936986188536,25.218106,110.039197,173.73,88.45847601035305,12.789177254508877,37.91516370192126,-0.7412220108485957,0.9981707480458889,25.218106,635.952870227236,0.9795302657838054,5.163241925350947,-1975.039060987802,5414.846344365945,2714.46141517598,89.99227985132664,104.03624346792648,72.2
2020-08-19,80.7,93.9,75.2,986.9,4.6,4.8,11.7,145.3175407386453,25.218106,110.039197,173.73,85.8541102796964,12.766410450512474,37.81954059024545,-0.7526668275320083,0.9981707480458889,25.218106,635.952870227236,0.9795302657838054,5.163241925350947,-1975.039060987802,5414.846344365945,2714.46141517598,89.99227985132664,104.03624346792648,74.5
2020-08-20,76.5,91.6,75.2,990.2,4.3,2.3,7.8,107.4751199402567,25.218106,110.039197,173.73,81.23965060918412,12.743474605362215,37.721812047083006,-0.7638886127905429,0.9981707480458889,25.218106,635.952870227236,0.9795302657838054,5.163241925350947,-1975.039060987802,5414.846344365945,2714.46141517598,89.99227985132664,104.03624346792648,74.9
2020-08-21,81.3,91.6,73.4,990.6,4.9,2.2,5.8,14.46197616163967,25.218106,110.039197,173.73,86.18054945938924,12.720376303968893,37.621971530385295,-0.7748840413670406,0.9981707480458889,25.218106,635.952870227236,0.9795302657838054,5.163241925350947,-1975.039060987802,5414.846344365945,2714.46141517598,89.99227985132664,104.03624346792648,74.4
2020-08-22,84.5,95.5,75.2,989.0,4.9,2.3,5.8,25.175104287456882,25.218106,110.039197,173.73,89.40890099613776,12.697122034954475,37.5200140063219,-0.7856498550787144,0.9981707480458889,25.218106,635.952870227236,0.9795302657838054,5.163241925350947,-1975.039060987802,5414.846344365945,2714.46141517598,89.99227985132664,104.03624346792648,74.8
2020-08-23,84.9,95.5,75.2,986.6,4.7,3.6,7.8,-190.1575307582995,25.218106,110.039197,173.73,89.66655619943863,12.673718190733375,37.415935999306534,-0.7961828637826154,0.9981707480458889,25.218106,635.952870227236,0.9795302657838054,5.163241925350947,-1975.039060987802,5414.846344365945,2714.46141517598,89.99227985132664,104.03624346792648,75.2
2020-08-24,85.1,94.5,77.0,984.9,5.0,4.0,9.7,-48.32509089005727,25.218106,110.039197,173.73,89.71079648998779,12.650171067918372,37.309735640195264,-0.8064799463209447,0.9981707480458889,25.218106,635.952870227236,0.9795302657838054,5.163241925350947,-1975.039060987802,5414.846344365945,2714.46141517598,89.99227985132664,104.03624346792648,75.7
2020-08-25,82.3,93.9,75.2,984.3,4.9,4.0,7.8,-144.45924175858988,25.218106,110.039197,173.73,86.5966557699686,12.626486868039166,37.20141271255017,-0.8165380514459157,0.9981707480458889,25.218106,635.952870227236,0.9795302657838054,5.163241925350947,-1975.039060987802,5414.846344365945,2714.46141517598,89.99227985132664,104.03624346792648,75.6
2020-08-26,81.9,93.2,71.6,983.2,5.1,2.8,5.8,68.0450486227211,25.218106,110.039197,173.73,86.01323434268195,12.602671698561457,37.09096869686504,-0.8263541987239094,0.9981707480458889,25.218106,635.952870227236,0.9795302657838054,5.163241925350947,-1975.039060987802,5414.846344365945,2714.46141517598,89.99227985132664,104.03624346792648,73.5
2020-08-27,81.9,96.8,69.8,982.8,5.3,3.0,7.8,-71.29086570398607,25.218106,110.039197,173.73,85.84984299387544,12.578731574194203,36.97840681265267,-0.8359254794186365,0.9981707480458889,25.218106,635.952870227236,0.9795302657838054,5.163241925350947,-1975.039060987802,5414.846344365945,2714.46141517598,89.99227985132664,104.03624346792648,65.9
2020-08-28,83.5,96.8,72.5,984.9,5.0,2.3,5.8,103.02243139405437,25.218106,110.039197,173.73,87.35959557853967,12.554672418472766,36.86373205829725,-0.8452490573530634,0.9981707480458889,25.218106,635.952870227236,0.9795302657838054,5.163241925350947,-1975.039060987802,5414.846344365945,2714.46141517598,89.99227985132664,104.03624346792648,69.8
2020-08-29,84.0,96.8,75.2,986.4,5.1,3.6,11.7,47.21933435283584,25.218106,110.039197,173.73,87.71350045923839,12.530500065605484,36.746951248578554,-0.8543221697498269,0.9981707480458889,25.218106,635.952870227236,0.9795302657838054,5.163241925350947,-1975.039060987802,5414.846344365945,2714.46141517598,89.99227985132664,104.03624346792648,71.6
2020-08-30,83.9,98.6,73.4,987.8,5.4,3.6,11.7,-42.439415985614616,25.218106,110.039197,173.73,87.43932333581091,12.506220262571286,36.628073049779644,-0.8631421280499115,0.9981707480458889,25.218106,635.952870227236,0.9795302657838054,5.163241925350947,-1975.039060987802,5414.846344365945,2714.46141517598,89.99227985132664,104.03624346792648,70.9
2020-08-31,85.7,96.8,73.4,989.0,5.3,3.9,7.8,-67.6668203298824,25.218106,110.039197,173.73,89.14113117864845,12.481838671456025,36.50710801229327,-0.8717063187093217,0.9981707480458889,25.218106,635.952870227236,0.9795302657838054,5.163241925350947,-1975.039060987802,5414.846344365945,2714.46141517598,89.99227985132664,104.03624346792648,70.8
2020-09-01,84.8,96.8,73.4,988.7,4.6,3.2,7.8,39.95561844163559,25.218106,110.039197,173.73,88.03201682890726,12.457360872015178,36.38406860064769,-0.8800122039735356,0.9981707480458889,25.218106,635.952870227236,0.9795302657838054,5.163241925350947,-1975.039060987802,5414.846344365945,2714.46141517598,89.99227985132664,104.03624346792648,70.6
2020-09-02,84.9,96.8,73.4,989.4,4.8,4.0,7.8,118.1761883888033,25.218106,110.039197,173.73,87.96200597848936,12.43279236445079,36.25896922087666,-0.888057322629493,0.9981707480458889,25.218106,635.952870227236,0.9795302657838054,5.163241925350947,-1975.039060987802,5414.846344365945,2714.46141517598,89.99227985132664,104.03624346792648,69.7
2020-09-03,84.1,96.1,75.2,990.9,4.8,3.3,7.8,60.91234446883139,25.218106,110.039197,173.73,86.96037116150369,12.40813857239054,36.13182624516441,-0.8958392907349089,0.9981707480458889,25.218106,635.952870227236,0.9795302657838054,5.163241925350947,-1975.039060987802,5414.846344365945,2714.46141517598,89.99227985132664,104.03624346792648,70.3
2020-09-04,83.5,94.6,75.2,989.3,3.6,3.7,11.7,-14.597377749529507,25.218106,110.039197,173.73,86.16785872047998,12.383404846057003,36.00265803370076,-0.9033558023246842,0.9981707480458889,25.218106,635.952870227236,0.9795302657838054,5.163241925350947,-1975.039060987802,5414.846344365945,2714.46141517598,89.99227985132664,104.03624346792648,70.7
2020-09-05,81.5,94.5,73.4,987.8,3.1,3.7,7.8,32.184281429693705,25.218106,110.039197,173.73,83.93546766230435,12.358596465615364,35.87148495368796,-0.9106046300942162,0.9981707480458889,25.218106,635.952870227236,0.9795302657838054,5.163241925350947,-1975.039060987802,5414.846344365945,2714.46141517598,89.99227985132664,104.03624346792648,73.2
2020-09-06,79.1,88.3,75.2,987.1,3.8,2.8,5.8,-27.34383834770596,25.218106,110.039197,173.73,81.2997620662347,12.333718644687947,35.73832939544603,-0.9175836260593934,0.9981707480458889,25.218106,635.952870227236,0.9795302657838054,5.163241925350947,-1975.039060987802,5414.846344365945,2714.46141517598,89.99227985132664,104.03624346792648,75.1
2020-09-07,79.1,84.4,76.3,989.3,5.3,3.4,7.8,268.6831755997204,25.218106,110.039197,173.73,81.13535198677559,12.30877653402411,35.603215785569596,-0.9242907221930934,0.9981707480458889,25.218106,635.952870227236,0.9795302657838054,5.163241925350947,-1975.039060987802,5414.846344365945,2714.46141517598,89.99227985132664,104.03624346792648,74.2
2020-09-08,80.8,91.4,75.2,991.3,9.2,2.5,9.7,71.12414793197857,25.218106,110.039197,173.73,82.71075318378293,12.283775225314296,35.466170597094816,-0.9307239310379793,0.9981707480458889,25.218106,635.952870227236,0.9795302657838054,5.163241925350947,-1975.039060987802,5414.846344365945,2714.46141517598,89.99227985132664,104.03624346792648,74.6
2020-09-09,82.0,91.2,75.2,989.1,10.3,3.2,5.8,37.37055154608875,25.218106,110.039197,173.73,83.76791832677026,12.258719755137111,35.32722235664212,-0.9368813462954315,0.9981707480458889,25.218106,635.952870227236,0.9795302657838054,5.163241925350947,-1975.039060987802,5414.846344365945,2714.46141517598,89.99227985132664,104.03624346792648,74.3
2020-09-10,81.2,91.2,73.4,987.0,8.9,4.3,13.6,4.340001619771446,25.218106,110.039197,173.73,82.78079557109344,12.233615109028587,35.18640164850536,-0.9427611433904206,0.9981707480458889,25.218106,635.952870227236,0.9795302657838054,5.163241925350947,-1975.039060987802,5414.846344365945,2714.46141517598,89.99227985132664,104.03624346792648,75.1
2020-09-11,73.9,88.7,71.1,991.4,8.4,3.3,9.7,42.8525035438838,25.218106,110.039197,173.73,75.18380450637397,12.20846622566289,35.04374111566612,-0.9483615800121716,0.9981707480458889,25.218106,635.952870227236,0.9795302657838054,5.163241925350947,-1975.039060987802,5414.846344365945,2714.46141517598,89.99227985132664,104.03624346792648,70.4
2020-09-12,75.0,78.8,71.1,994.4,8.1,2.5,5.8,-20.0717989032318,25.218106,110.039197,173.73,76.14548750708701,12.183278001133921,34.899275457716826,-0.9536809966304455,0.9981707480458889,25.218106,635.952870227236,0.9795302657838054,5.163241925350947,-1975.039060987802,5414.846344365945,2714.46141517598,89.99227985132664,104.03624346792648,71.2
2020-09-13,78.2,83.5,72.7,993.9,9.5,4.5,7.8,10.5,25.218106,110.039197,173.73,79.22999366151736,12.15805529332747,34.753041425684046,-0.9587178169872964,0.9981707480458889,25.218106,635.952870227236,0.9795302657838054,5.163241925350947,-1975.039060987802,5414.846344365945,2714.46141517598,89.99227985132664,104.03624346792648,69.2
2020-09-14,78.8,85.6,75.2,991.3,6.7,2.5,5.8,-140.88491936047487,25.218106,110.039197,173.73,79.67207254985377,12.13280292637367,34.60507781374924,-0.9634705485641486,0.9981707480458889,25.218106,635.952870227236,0.9795302657838054,5.163241925350947,-1975.039060987802,5414.846344365945,2714.46141517598,89.99227985132664,104.03624346792648,71.8
2020-09-15,82.1,91.4,75.2,988.9,6.8,2.3,5.8,-9.002220600731517,25.218106,110.039197,173.73,82.83565496445247,12.107525695169668,34.45542544787138,-0.9679377830240642,0.9981707480458889,25.218106,635.952870227236,0.9795302657838054,5.163241925350947,-1975.039060987802,5414.846344365945,2714.46141517598,89.99227985132664,104.03624346792648,74.8
2020-09-16,83.1,91.4,75.2,988.3,8.4,3.8,7.8,134.66337260805273,25.218106,110.039197,173.73,83.66943146199101,12.082228369962602,34.30412717132204,-0.9721181966290612,0.9981707480458889,25.218106,635.952870227236,0.9795302657838054,5.163241925350947,-1975.039060987802,5414.846344365945,2714.46141517598,89.99227985132664,104.03624346792648,75.5
2020-09-17,75.1,91.4,68.0,992.6,10.0,8.5,13.6,49.76610225557451,25.218106,110.039197,173.73,75.45619742865176,12.056915700982973,34.15122782715065,-0.9760105506323682,0.9981707480458889,25.218106,635.952870227236,0.9795302657838054,5.163241925350947,-1975.039060987802,5414.846344365945,2714.46141517598,89.99227985132664,104.03624346792648,66.1
2020-09-18,71.6,80.6,67.6,995.2,9.3,6.4,15.5,-88.19568974798122,25.218106,110.039197,173.73,71.78850145794196,12.031592423118765,33.99677423760378,-0.9796136916454901,0.9981707480458889,25.218106,635.952870227236,0.9795302657838054,5.163241925350947,-1975.039060987802,5414.846344365945,2714.46141517598,89.99227985132664,104.03624346792648,64.0
2020-09-19,72.3,78.8,67.6,994.8,8.8,4.0,9.7,114.6404965857462,25.218106,110.039197,173.73,72.33773614523888,12.00626326062056,33.8408151805292,-0.9829265519799822,0.9981707480458889,25.218106,635.952870227236,0.9795302657838054,5.163241925350947,-1975.039060987802,5414.846344365945,2714.46141517598,89.99227985132664,104.03624346792648,67.9
2020-09-20,73.5,80.4,70.9,992.9,7.2,2.4,5.8,-36.400879354009604,25.218106,110.039197,173.73,73.38321420744721,11.980932931828116,33.68340136280172,-0.9859481499638303,0.9981707480458889,25.218106,635.952870227236,0.9795302657838054,5.163241925350947,-1975.039060987802,5414.846344365945,2714.46141517598,89.99227985132664,104.03624346792648,70.6
2020-09-21,75.7,82.6,70.7,991.1,5.2,2.3,3.9,-45.23023628250164,25.218106,110.039197,173.73,75.41994882090825,11.955606153908835,33.52458539081439,-0.9886775902323404,0.9981707480458889,25.218106,635.952870227236,0.9795302657838054,5.163241925350947,-1975.039060987802,5414.846344365945,2714.46141517598,89.99227985132664,104.03624346792648,72.8
2020-09-22,74.4,86.0,66.2,991.5,6.4,4.2,11.7,-24.58151297973735,25.218106,110.039197,173.73,73.96778341511106,11.930287647598558,33.36442173808469,-0.9911140639934546,0.9981707480458889,25.218106,635.952870227236,0.9795302657838054,5.163241925350947,-1975.039060987802,5414.846344365945,2714.46141517598,89.99227985132664,104.03624346792648,71.4
2020-09-23,69.6,81.7,66.2,995.4,7.0,5.3,9.7,34.55862886924197,25.218106,110.039197,173.73,69.04889642322426,11.90498214193522,33.20296671003172,-0.9932568492674143,0.9981707480458889,25.218106,635.952870227236,0.9795302657838054,5.163241925350947,-1975.039060987802,5414.846344365945,2714.46141517598,89.99227985132664,104.03624346792648,63.6
2020-09-24,68.4,72.5,66.2,994.8,4.4,2.6,5.8,22.002026632696165,25.218106,110.039197,173.73,67.71425796016197,11.879694378975783,33.040278405986214,-0.9951053111006974,0.9981707480458889,25.218106,635.952870227236,0.9795302657838054,5.163241925350947,-1975.039060987802,5414.846344365945,2714.46141517598,89.99227985132664,104.03624346792648,65.4
2020-09-25,68.4,71.6,66.7,992.0,3.0,2.6,5.8,10.739403565981613,25.218106,110.039197,173.73,67.57024597537519,11.854429118486875,32.876416678501165,-0.99665890175417,0.9981707480458889,25.218106,635.952870227236,0.9795302657838054,5.163241925350947,-1975.039060987802,5414.846344365945,2714.46141517598,89.99227985132664,104.03624346792648,66.7
2020-09-26,66.5,71.6,64.4,993.4,4.5,3.6,7.8,61.86498594920511,25.218106,110.039197,173.73,65.55343424857242,11.829191142599532,32.71144309003642,-0.9979171608653922,0.9981707480458889,25.218106,635.952870227236,0.9795302657838054,5.163241925350947,-1975.039060987802,5414.846344365945,2714.46141517598,89.99227985132664,104.03624346792648,64.6
2020-09-27,67.8,70.0,65.5,994.2,5.9,2.3,7.8,-24.280463535103614,25.218106,110.039197,173.73,66.69251672136346,11.803985260418314,32.54542086709612,-0.9988797155850335,0.9981707480458889,25.218106,635.952870227236,0.9795302657838054,5.163241925350947,-1975.039060987802,5414.846344365945,2714.46141517598,89.99227985132664,104.03624346792648,64.6
2020-09-28,71.2,75.2,66.4,992.7,4.2,1.7,3.9,73.558295193981,25.218106,110.039197,173.73,69.88764345461192,11.778816312575042,32.378414851903145,-0.9995462806873573,0.9981707480458889,25.218106,635.952870227236,0.9795302657838054,5.163241925350947,-1975.039060987802,5414.846344365945,2714.46141517598,89.99227985132664,104.03624346792648,67.2
2020-09-29,73.5,78.8,68.0,990.2,3.3,2.3,7.8,-62.22492230754952,25.218106,110.039197,173.73,71.99134620126799,11.753689175717223,32.21049145169945,-0.9999166586547379,0.9981707480458889,25.218106,635.952870227236,0.9795302657838054,5.163241925350947,-1975.039060987802,5414.846344365945,2714.46141517598,89.99227985132664,104.03624346792648,70.5
2020-09-30,72.3,78.8,69.8,991.2,5.4,2.8,7.8,78.15860708174583,25.218106,110.039197,173.73,70.66486782070011,11.728608766921182,32.04171858576641,-0.9999907397361901,0.9981707480458889,25.218106,635.952870227236,0.9795302657838054,5.163241925350947,-1975.039060987802,5414.846344365945,2714.46141517598,89.99227985132664,104.03624346792648,68.6
2020-10-01,74.3,78.8,69.8,991.4,4.8,1.2,3.9,44.517907515784245,25.218106,110.039197,173.73,72.46466646398885,11.703580048019735,31.87216563026357,-0.9997685019798909,0.9981707480458889,25.218106,635.952870227236,0.9795302657838054,5.163241925350947,-1975.039060987802,5414.846344365945,2714.46141517598,89.99227985132664,104.03624346792648,70.3
2020-10-02,79.6,88.0,70.7,991.0,3.3,1.9,3.9,48.44513107793186,25.218106,110.039197,173.73,77.46809993123277,11.678608029834086,31.701903360988023,-0.9992500112396835,0.9981707480458889,25.218106,635.952870227236,0.9795302657838054,5.163241925350947,-1975.039060987802,5414.846344365945,2714.46141517598,89.99227985132664,104.03624346792648,74.3
2020-10-03,80.4,88.9,73.6,991.3,4.6,2.0,9.7,11.180731888451325,25.218106,110.039197,173.73,78.07977510120698,11.653697776299548,31.531003894161636,-0.9984354211555643,0.9981707480458889,25.218106,635.952870227236,0.9795302657838054,5.163241925350947,-1975.039060987802,5414.846344365945,2714.46141517598,89.99227985132664,104.03624346792648,75.8
2020-10-04,68.9,88.9,62.6,994.6,8.3,7.0,9.7,55.739653291857564,25.218106,110.039197,173.73,66.76900572865708,11.62885440847438,31.359540625355752,-0.9973249731081555,0.9981707480458889,25.218106,635.952870227236,0.9795302657838054,5.163241925350947,-1975.039060987802,5414.846344365945,2714.46141517598,89.99227985132664,104.03624346792648,63.4
2020-10-05,62.9,74.8,57.2,999.0,8.6,7.4,11.7,-92.25450897932132,25.218106,110.039197,173.73,60.82473562664006,11.604083108420998,31.187588166667382,-0.9959189961471792,0.9981707480458889,25.218106,635.952870227236,0.9795302657838054,5.163241925350947,-1975.039060987802,5414.846344365945,2714.46141517598,89.99227985132664,104.03624346792648,56.0
2020-10-06,60.1,68.7,57.2,1.2,6.9,6.0,9.7,103.17043901663803,25.218106,110.039197,173.73,57.99344052410072,11.579389122948562,31.01522228226334,-0.994217906893952,0.9981707480458889,25.218106,635.952870227236,0.9795302657838054,5.163241925350947,-1975.039060987802,5414.846344365945,2714.46141517598,89.99227985132664,104.03624346792648,52.2
2020-10-07,62.1,69.8,57.2,1.8,6.1,6.0,9.7,20.0,25.218106,110.039197,173.73,59.79597494528971,11.55477776720574,30.842519822411642,-0.9922222094179324,0.9981707480458889,25.218106,635.952870227236,0.9795302657838054,5.163241925350947,-1975.039060987802,5414.846344365945,2714.46141517598,89.99227985132664,104.03624346792648,53.5
2020-10-08,65.7,73.4,58.8,1.6,6.5,6.2,9.7,20.0,25.218106,110.039197,173.73,63.12814299391524,11.530254428112372,30.669558656122103,-0.989932495087353,0.9981707480458889,25.218106,635.952870227236,0.9795302657838054,5.163241925350947,-1975.039060987802,5414.846344365945,2714.46141517598,89.99227985132664,104.03624346792648,56.0
2020-10-09,67.2,73.4,60.4,0.1,5.2,4.9,9.7,-112.85263553068965,25.218106,110.039197,173.73,64.43261757866317,11.505824567618424,30.496417602519735,-0.9873494423939864,0.9981707480458889,25.218106,635.952870227236,0.9795302657838054,5.163241925350947,-1975.039060987802,5414.846344365945,2714.46141517598,89.99227985132664,104.03624346792648,58.4
2020-10-10,68.6,77.0,59.0,996.7,5.2,4.6,9.7,-67.82090962989403,25.218106,110.039197,173.73,65.63587246570104,11.48149372577861,30.323176361076467,-0.9844738167520923,0.9981707480458889,25.218106,635.952870227236,0.9795302657838054,5.163241925350947,-1975.039060987802,5414.846344365945,2714.46141517598,89.99227985132664,104.03624346792648,58.7
2020-10-11,73.8,86.0,62.6,994.2,5.8,4.9,9.7,32.611421406003245,25.218106,110.039197,173.73,70.4621952703293,11.457267523630783,30.14991544082833,-0.9813064702716093,0.9981707480458889,25.218106,635.952870227236,0.9795302657838054,5.163241925350947,-1975.039060987802,5414.846344365945,2714.46141517598,89.99227985132664,104.03624346792648,60.5
2020-10-12,74.0,86.0,62.6,994.4,5.4,6.6,11.7,19.4,25.218106,110.039197,173.73,70.50443527284091,11.433151665866093,29.97671608870549,-0.9778483415056567,0.9981707480458889,25.218106,635.952870227236,0.9795302657838054,5.163241925350947,-1975.039060987802,5414.846344365945,2714.46141517598,89.99227985132664,104.03624346792648,60.9
2020-10-13,73.0,84.2,66.2,995.2,3.4,5.0,13.6,71.91051615173238,25.218106,110.039197,173.73,69.40567432161274,11.409151943278806,29.803660217104248,-0.9741004551724206,0.9981707480458889,25.218106,635.952870227236,0.9795302657838054,5.163241925350947,-1975.039060987802,5414.846344365945,2714.46141517598,89.99227985132664,104.03624346792648,64.8
2020-10-14,67.9,83.1,66.2,997.5,3.2,4.5,7.8,-99.04673002340803,25.218106,110.039197,173.73,64.42167671294828,11.385274234983495,29.630830330829415,-0.970063921851507,0.9981707480458889,25.218106,635.952870227236,0.9795302657838054,5.163241925350947,-1975.039060987802,5414.846344365945,2714.46141517598,89.99227985132664,104.03624346792648,65.7
2020-10-15,67.0,73.4,62.6,998.7,7.5,5.7,9.7,132.46715726369513,25.218106,110.039197,173.73,63.435178516329216,11.361524510387323,29.458309453536145,-0.965739937654855,0.9981707480458889,25.218106,635.952870227236,0.9795302657838054,5.163241925350947,-1975.039060987802,5414.846344365945,2714.46141517598,89.99227985132664,104.03624346792648,60.7
2020-10-16,65.7,73.4,60.8,1.7,8.1,7.8,13.6,178.84462696789652,25.218106,110.039197,173.73,62.07505084920489,11.337908830905002,29.286181053799563,-0.9611297838723007,0.9981707480458889,25.218106,635.952870227236,0.9795302657838054,5.163241925350947,-1975.039060987802,5414.846344365945,2714.46141517598,89.99227985132664,104.03624346792648,57.1
2020-10-17,65.2,71.6,61.9,2.1,7.5,7.4,13.6,43.39394278084899,25.218106,110.039197,173.73,61.47508787596188,11.314433351404027,29.114528970939865,-0.9562348265919058,0.9981707480458889,25.218106,635.952870227236,0.9795302657838054,5.163241925350947,-1975.039060987802,5414.846344365945,2714.46141517598,89.99227985132664,104.03624346792648,55.6
2020-10-18,64.2,71.6,59.0,2.1,6.1,6.9,13.6,17.208709896116442,25.218106,110.039197,173.73,60.4074081193178,11.291104321367813,28.943437340729595,-0.9510565162951536,0.9981707480458889,25.218106,635.952870227236,0.9795302657838054,5.163241925350947,-1975.039060987802,5414.846344365945,2714.46141517598,89.99227985132664,104.03624346792648,54.5
2020-10-19,63.5,69.8,59.0,2.0,5.2,5.8,11.7,20.6,25.218106,110.039197,173.73,59.62611945383662,11.267928085764401,28.772990521108092,-0.9455963874271428,0.9981707480458889,25.218106,635.952870227236,0.9795302657838054,5.163241925350947,-1975.039060987802,5414.846344365945,2714.46141517598,89.99227985132664,104.03624346792648,54.8
2020-10-20,65.3,71.6,60.8,2.1,5.5,5.6,11.7,71.17844282479317,25.218106,110.039197,173.73,61.19105782418609,11.24491108560847,28.603273018026634,-0.9398560579418953,0.9981707480458889,25.218106,635.952870227236,0.9795302657838054,5.163241925350947,-1975.039060987802,5414.846344365945,2714.46141517598,89.99227985132664,104.03624346792648,55.5
2020-10-21,65.0,77.0,53.6,998.9,7.0,5.1,9.7,-18.15563243383238,25.218106,110.039197,173.73,60.786157565275225,11.222059858204657,28.434369411545706,-0.9338372288229252,0.9981707480458889,25.218106,635.952870227236,0.9795302657838054,5.163241925350947,-1975.039060987802,5414.846344365945,2714.46141517598,89.99227985132664,104.03624346792648,52.9
2020-10-22,67.2,80.6,51.8,997.4,6.7,6.0,13.6,19.333203459298346,25.218106,110.039197,173.73,62.71653380753744,11.199381037060256,28.266364282302916,-0.9275416835791965,0.9981707480458889,25.218106,635.952870227236,0.9795302657838054,5.163241925350947,-1975.039060987802,5414.846344365945,2714.46141517598,89.99227985132664,104.03624346792648,47.8
2020-10-23,67.8,80.6,53.6,998.0,6.3,6.9,15.5,134.30570032917026,25.218106,110.039197,173.73,63.149379635724934,11.17688135145574,28.099342138468128,-0.9209712877166347,0.9981707480458889,25.218106,635.952870227236,0.9795302657838054,5.163241925350947,-1975.039060987802,5414.846344365945,2714.46141517598,89.99227985132664,104.03624346792648,46.9
2020-10-24,70.1,80.6,59.0,997.7,6.7,4.6,13.6,158.00208036471236,25.218106,110.039197,173.73,65.16126587990806,11.154567625661864,27.933387343298637,-0.9141279881853337,0.9981707480458889,25.218106,635.952870227236,0.9795302657838054,5.163241925350947,-1975.039060987802,5414.846344365945,2714.46141517598,89.99227985132664,104.03624346792648,46.8
2020-10-25,71.8,79.7,64.4,997.2,6.1,3.0,5.8,130.99679431291926,25.218106,110.039197,173.73,66.60913988712477,11.13244677779244,27.768584043404243,-0.9070138128026362,0.9981707480458889,25.218106,635.952870227236,0.9795302657838054,5.163241925350947,-1975.039060987802,5414.846344365945,2714.46141517598,89.99227985132664,104.03624346792648,55.8
2020-10-26,74.1,82.4,66.2,996.7,4.6,4.9,9.7,-35.10294870779057,25.218106,110.039197,173.73,68.60749692789446,11.110525818282504,27.6050160978284,-0.8996308696522434,0.9981707480458889,25.218106,635.952870227236,0.9795302657838054,5.163241925350947,-1975.039060987802,5414.846344365945,2714.46141517598,89.99227985132664,104.03624346792648,59.8
2020-10-27,74.2,82.4,67.6,996.8,5.2,4.2,9.7,-42.784766437131026,25.218106,110.039197,173.73,68.56581992668832,11.088811847981939,27.44276700804767,-0.8919813464595487,0.9981707480458889,25.218106,635.952870227236,0.9795302657838054,5.163241925350947,-1975.039060987802,5414.846344365945,2714.46141517598,89.99227985132664,104.03624346792648,61.1
2020-10-28,73.1,84.2,62.6,0.2,5.1,8.6,13.6,-22.337616156292526,25.218106,110.039197,173.73,67.41837594025272,11.067312055855439,27.281919848987453,-0.8840675099433637,0.9981707480458889,25.218106,635.952870227236,0.9795302657838054,5.163241925350947,-1975.039060987802,5414.846344365945,2714.46141517598,89.99227985132664,104.03624346792648,57.1
2020-10-29,62.6,80.4,60.8,3.3,1.5,2.9,7.8,4.047271823852082,25.218106,110.039197,173.73,57.62347588659553,11.046033716280293,27.12255720114792,-0.8758917051442433,0.9981707480458889,25.218106,635.952870227236,0.9795302657838054,5.163241925350947,-1975.039060987802,5414.846344365945,2714.46141517598,89.99227985132664,104.03624346792648,59.1
2020-10-30,70.5,77.4,60.8,1.3,3.8,4.8,9.7,-23.871023957505344,25.218106,110.039197,173.73,64.77178209236405,11.024984185934306,26.964761083928778,-0.8674563547295971,0.9981707480458889,25.218106,635.952870227236,0.9795302657838054,5.163241925350947,-1975.039060987802,5414.846344365945,2714.46141517598,89.99227985132664,104.03624346792648,58.5
2020-10-31,72.9,80.6,64.6,999.0,3.2,2.8,5.8,-13.893402115472984,25.218106,110.039197,173.73,66.85033821912236,11.004170900267054,26.808612890237555,-0.858763958275803,0.9981707480458889,25.218106,635.952870227236,0.9795302657838054,5.163241925350947,-1975.039060987802,5414.846344365945,2714.46141517598,89.99227985132664,104.03624346792648,61.9
2020-11-01,70.9,82.4,64.4,999.1,3.8,5.5,11.7,43.89190291508582,25.218106,110.039197,173.73,64.89477809174997,10.983601369548655,26.65419332245991,-0.8498170915275277,0.9981707480458889,25.218106,635.952870227236,0.9795302657838054,5.163241925350947,-1975.039060987802,5414.846344365945,2714.46141517598,89.99227985132664,104.03624346792648,61.4
2020-11-02,62.6,81.1,60.8,2.9,6.1,6.2,13.6,81.06165367515419,25.218106,110.039197,173.73,57.19179389359616,10.963283174491277,26.501582329866437,-0.8406184056344783,0.9981707480458889,25.218106,635.952870227236,0.9795302657838054,5.163241925350947,-1975.039060987802,5414.846344365945,2714.46141517598,89.99227985132664,104.03624346792648,54.0
2020-11-03,68.4,77.0,61.5,1.6,5.6,6.2,11.7,69.81851232097073,25.218106,110.039197,173.73,62.37637658020679,10.943223961439786,26.350859047523855,-0.8311706263658079,0.9981707480458889,25.218106,635.952870227236,0.9795302657838054,5.163241925350947,-1975.039060987802,5414.846344365945,2714.46141517598,89.99227985132664,104.03624346792648,51.9
2020-11-04,67.9,74.5,62.6,999.7,5.0,2.9,7.8,87.2187145600389,25.218106,110.039197,173.73,61.808416215089096,10.923431437129146,26.202101736773752,-0.8214765533024145,0.9981707480458889,25.218106,635.952870227236,0.9795302657838054,5.163241925350947,-1975.039060987802,5414.846344365945,2714.46141517598,89.99227985132664,104.03624346792648,52.6
2020-11-05,66.9,75.9,57.2,999.4,4.7,1.9,4.3,12.6,25.218106,110.039197,173.73,60.789316998767305,10.903913363007588,26.05538772733603,-0.8115390590073611,0.9981707480458889,25.218106,635.952870227236,0.9795302657838054,5.163241925350947,-1975.039060987802,5414.846344365945,2714.46141517598,89.99227985132664,104.03624346792648,54.9
2020-11-06,69.0,78.8,60.8,1.3,4.3,4.5,7.8,-135.22722422682932,25.218106,110.039197,173.73,62.58689590747395,10.884677549125906,25.910793361088253,-0.801361088174677,0.9981707480458889,25.218106,635.952870227236,0.9795302657838054,5.163241925350947,-1975.039060987802,5414.846344365945,2714.46141517598,89.99227985132664,104.03624346792648,57.7
2020-11-07,68.5,80.6,53.6,2.6,5.9,4.7,9.7,-119.03503900801462,25.218106,110.039197,173.73,62.02521929668697,10.865731847594798,25.768393937566444,-0.7909456567567774,0.9981707480458889,25.218106,635.952870227236,0.9795302657838054,5.163241925350947,-1975.039060987802,5414.846344365945,2714.46141517598,89.99227985132664,104.03624346792648,53.6
2020-11-08,66.5,80.6,48.2,3.9,6.7,5.9,13.6,85.00181866068176,25.218106,110.039197,173.73,60.110924640276366,10.84708414561378,25.62826366122683,-0.780295851070776,0.9981707480458889,25.218106,635.952870227236,0.9795302657838054,5.163241925350947,-1975.039060987802,5414.846344365945,2714.46141517598,89.99227985132664,104.03624346792648,45.7
2020-11-09,63.9,78.8,46.4,3.1,6.5,5.4,13.6,26.713726805597563,25.218106,110.039197,173.73,57.663053056758976,10.828742358076804,25.490475590501873,-0.7694148268839381,0.9981707480458889,25.218106,635.952870227236,0.9795302657838054,5.163241925350947,-1975.039060987802,5414.846344365945,2714.46141517598,89.99227985132664,104.03624346792648,42.2
2020-11-10,64.3,80.6,46.4,3.5,6.6,4.9,13.6,35.92104517224005,25.218106,110.039197,173.73,57.92741143255566,10.810714419761554,25.35510158867809,-0.7583058084785625,0.9981707480458889,25.218106,635.952870227236,0.9795302657838054,5.163241925350947,-1975.039060987802,5414.846344365945,2714.46141517598,89.99227985132664,104.03624346792648,40.9
2020-11-11,64.1,80.6,46.4,3.9,6.4,3.6,9.7,-114.9289961373207,25.218106,110.039197,173.73,57.65265254690179,10.7930082771111,25.222212276616837,-0.7469720876965551,0.9981707480458889,25.218106,635.952870227236,0.9795302657838054,5.163241925350947,-1975.039060987802,5414.846344365945,2714.46141517598,89.99227985132664,104.03624346792648,42.1
2020-11-12,64.2,80.6,48.2,2.8,6.5,3.9,7.8,-38.03081364749305,25.218106,110.039197,173.73,57.64963055595933,10.775631879618565,25.091876987333713,-0.7354170229639858,0.9981707480458889,25.218106,635.952870227236,0.9795302657838054,5.163241925350947,-1975.039060987802,5414.846344365945,2714.46141517598,89.99227985132664,104.03624346792648,45.6
2020-11-13,65.4,82.4,48.2,1.8,6.5,6.2,13.6,49.30327631244839,25.218106,110.039197,173.73,58.63433278100885,10.75859317082731,24.9641637224454,-0.7236440382959124,0.9981707480458889,25.218106,635.952870227236,0.9795302657838054,5.163241925350947,-1975.039060987802,5414.846344365945,2714.46141517598,89.99227985132664,104.03624346792648,44.9
2020-11-14,68.0,80.6,51.8,1.2,6.7,4.0,9.7,103.18601883168401,25.218106,110.039197,173.73,60.87076711411312,10.74190007896114,24.839139110487682,-0.711656622281775,0.9981707480458889,25.218106,635.952870227236,0.9795302657838054,5.163241925350947,-1975.039060987802,5414.846344365945,2714.46141517598,89.99227985132664,104.03624346792648,47.6
2020-11-15,68.5,79.9,62.6,1.1,5.0,1.5,5.8,124.91332301146694,25.218106,110.039197,173.73,61.225074561939245,10.725560507201036,24.71686836710218,-0.6994583270516471,0.9981707480458889,25.218106,635.952870227236,0.9795302657838054,5.163241925350947,-1975.039060987802,5414.846344365945,2714.46141517598,89.99227985132664,104.03624346792648,55.5
2020-11-16,70.3,77.0,66.2,998.2,2.9,1.5,3.9,10.705315296536831,25.218106,110.039197,173.73,62.740303112581245,10.709582323626956,24.59741525708336,-0.6870527672236675,0.9981707480458889,25.218106,635.952870227236,0.9795302657838054,5.163241925350947,-1975.039060987802,5414.846344365945,2714.46141517598,89.99227985132664,104.03624346792648,61.8
2020-11-17,74.1,78.8,66.2,993.0,4.5,4.7,9.7,24.980681844134487,25.218106,110.039197,173.73,66.03528544146907,10.693973350845194,24.4808420582724,-0.6744436188329457,0.9981707480458889,25.218106,635.952870227236,0.9795302657838054,5.163241925350947,-1975.039060987802,5414.846344365945,2714.46141517598,89.99227985132664,104.03624346792648,65.5
2020-11-18,76.6,84.2,68.0,991.1,7.2,7.4,13.6,99.06881800715442,25.218106,110.039197,173.73,68.16596565148473,10.678741355323979,24.367209527278405,-0.661634618242279,0.9981707480458889,25.218106,635.952870227236,0.9795302657838054,5.163241925350947,-1975.039060987802,5414.846344365945,2714.46141517598,89.99227985132664,104.03624346792648,67.4
2020-11-19,74.6,86.0,66.2,991.9,6.7,5.7,13.6,28.36279515811335,25.218106,110.039197,173.73,66.29387459333739,10.66389403646178,24.256576867002828,-0.6486295610349818,0.9981707480458889,25.218106,635.952870227236,0.9795302657838054,5.163241925350947,-1975.039060987802,5414.846344365945,2714.46141517598,89.99227985132664,104.03624346792648,63.7
2020-11-20,67.8,85.8,62.6,994.1,5.4,5.3,7.8,21.18166733989998,25.218106,110.039197,173.73,60.16933043709485,10.649439015415018,24.149001695937557,-0.6354323008901775,0.9981707480458889,25.218106,635.952870227236,0.9795302657838054,5.163241925350947,-1975.039060987802,5414.846344365945,2714.46141517598,89.99227985132664,104.03624346792648,57.8
2020-11-21,67.1,78.8,58.8,996.4,5.6,5.2,7.8,122.5899821936924,25.218106,110.039197,173.73,59.469521214265036,10.63538382371357,24.044540019202344,-0.622046748440868,0.9981707480458889,25.218106,635.952870227236,0.9795302657838054,5.163241925350947,-1975.039060987802,5414.846344365945,2714.46141517598,89.99227985132664,104.03624346792648,57.6
2020-11-22,54.2,74.7,50.0,4.6,10.0,8.6,11.7,89.5885363672793,25.218106,110.039197,173.73,47.97484044415358,10.621735891694518,23.943246201283053,-0.6084768701151264,0.9981707480458889,25.218106,635.952870227236,0.9795302657838054,5.163241925350947,-1975.039060987802,5414.846344365945,2714.46141517598,89.99227985132664,104.03624346792648,45.0
2020-11-23,50.0,57.7,47.8,5.9,7.4,4.3,7.8,125.43501393769964,25.218106,110.039197,173.73,44.202093903276094,10.608502536786261,23.84517294042747,-0.594726686960764,0.9981707480458889,25.218106,635.952870227236,0.9795302657838054,5.163241925350947,-1975.039060987802,5414.846344365945,2714.46141517598,89.99227985132664,104.03624346792648,45.9
2020-11-24,51.2,53.6,47.8,3.7,6.9,4.1,5.8,-48.722106141462774,25.218106,110.039197,173.73,45.208281393821224,10.595690951676849,23.75037124465198,-0.5808002734538013,0.9981707480458889,25.218106,635.952870227236,0.9795302657838054,5.163241925350947,-1975.039060987802,5414.846344365945,2714.46141517598,89.99227985132664,104.03624346792648,46.0
2020-11-25,51.3,53.6,49.3,3.4,5.7,4.4,7.8,20.858679165496593,25.218106,110.039197,173.73,45.24364252251868,10.583308192402031,23.658890409308334,-0.5667017562911184,0.9981707480458889,25.218106,635.952870227236,0.9795302657838054,5.163241925350947,-1975.039060987802,5414.846344365945,2714.46141517598,89.99227985132664,104.03624346792648,48.2
2020-11-26,51.0,55.4,48.2,7.3,8.0,5.6,7.8,16.3,25.218106,110.039197,173.73,44.92828495715689,10.571361166389856,23.570777996156803,-0.5524353131676203,0.9981707480458889,25.218106,635.952870227236,0.9795302657838054,5.163241925350947,-1975.039060987802,5414.846344365945,2714.46141517598,89.99227985132664,104.03624346792648,44.2
2020-11-27,51.2,55.4,48.6,9.3,6.5,6.2,9.7,100.00171794231784,25.218106,110.039197,173.73,45.05538824746708,10.559856620500096,23.486079813888768,-0.5380051715382992,0.9981707480458889,25.218106,635.952870227236,0.9795302657838054,5.163241925350947,-1975.039060987802,5414.846344365945,2714.46141517598,89.99227985132664,104.03624346792648,43.1
2020-11-28,49.6,55.4,44.6,9.8,3.6,6.6,9.7,-80.83823269621936,25.218106,110.039197,173.73,43.60171133360452,10.548801129097868,23.404839900039708,-0.5234156073655503,0.9981707480458889,25.218106,635.952870227236,0.9795302657838054,5.163241925350947,-1975.039060987802,5414.846344365945,2714.46141517598,89.99227985132664,104.03624346792648,41.1
2020-11-29,50.6,57.2,44.6,9.2,3.9,7.4,13.6,88.1090645426614,25.218106,110.039197,173.73,44.43608122995099,10.538201082201816,23.32710050423073,-0.5086709438521042,0.9981707480458889,25.218106,635.952870227236,0.9795302657838054,5.163241925350947,-1975.039060987802,5414.846344365945,2714.46141517598,89.99227985132664,104.03624346792648,39.2
2020-11-30,51.2,59.0,46.4,9.4,5.6,7.9,15.5,-49.41515091636627,25.218106,110.039197,173.73,44.91973407465826,10.528062673748028,23.252902072675763,-0.49377555015997737,0.9981707480458889,25.218106,635.952870227236,0.9795302657838054,5.163241925350947,-1975.039060987802,5414.846344365945,2714.46141517598,89.99227985132664,104.03624346792648,40.0
2020-12-01,53.6,59.2,48.0,7.3,4.9,5.3,7.8,86.54900360217458,25.218106,110.039197,173.73,46.98215044205122,10.518391890011468,23.182283233889596,-0.4787338401157883,0.9981707480458889,25.218106,635.952870227236,0.9795302657838054,5.163241925350947,-1975.039060987802,5414.846344365945,2714.46141517598,89.99227985132664,104.03624346792648,42.9
2020-12-02,51.5,59.2,46.6,7.9,5.1,8.8,13.6,45.653522594925946,25.218106,110.039197,173.73,45.10195972155787,10.509194498227076,23.115280785531393,-0.4635502709028512,0.9981707480458889,25.218106,635.952870227236,0.9795302657838054,5.163241925350947,-1975.039060987802,5414.846344365945,2714.46141517598,89.99227985132664,104.03624346792648,41.4
2020-12-03,47.8,57.4,44.4,9.4,8.8,8.6,11.7,-47.45946112484093,25.218106,110.039197,173.73,41.82689620788726,10.50047603545287,23.05192968231776,-0.4482293417404106,0.9981707480458889,25.218106,635.952870227236,0.9795302657838054,5.163241925350947,-1975.039060987802,5414.846344365945,2714.46141517598,89.99227985132664,104.03624346792648,38.5
2020-12-04,45.8,51.8,42.8,9.0,7.1,7.9,13.6,17.681857773185804,25.218106,110.039197,173.73,40.04538952795448,10.49224179771733,22.992263024939202,-0.4327755925504317,0.9981707480458889,25.218106,635.952870227236,0.9795302657838054,5.163241925350947,-1975.039060987802,5414.846344365945,2714.46141517598,89.99227985132664,104.03624346792648,36.9
2020-12-05,46.2,51.8,41.0,7.0,3.7,4.8,9.7,55.852583819501746,25.218106,110.039197,173.73,40.365312793548085,10.484496829493008,22.936312049914598,-0.41719360261231697,0.9981707480458889,25.218106,635.952870227236,0.9795302657838054,5.163241925350947,-1975.039060987802,5414.846344365945,2714.46141517598,89.99227985132664,104.03624346792648,36.6
2020-12-06,48.8,59.2,40.1,5.3,2.7,2.8,7.8,42.77564083203439,25.218106,110.039197,173.73,42.607466715053775,10.477245913537814,22.884106120318613,-0.4014879892059737,0.9981707480458889,25.218106,635.952870227236,0.9795302657838054,5.163241925350947,-1975.039060987802,5414.846344365945,2714.46141517598,89.99227985132664,104.03624346792648,40.3
2020-12-07,51.5,59.2,42.1,7.7,3.7,7.0,11.7,4.506029836131118,25.218106,110.039197,173.73,44.93586819991217,10.470493561144584,22.83567271731885,-0.38566340624360745,0.9981707480458889,25.218106,635.952870227236,0.9795302657838054,5.163241925350947,-1975.039060987802,5414.846344365945,2714.46141517598,89.99227985132664,104.03624346792648,40.7
2020-12-08,52.1,57.2,47.1,4.9,5.7,5.7,7.8,120.00705057884181,25.218106,110.039197,173.73,45.432259378990715,10.464244002838551,22.791037432460648,-0.3697245428906732,0.9981707480458889,25.218106,635.952870227236,0.9795302657838054,5.163241925350947,-1975.039060987802,5414.846344365945,2714.46141517598,89.99227985132664,104.03624346792648,40.6
2020-12-09,51.8,57.0,47.8,2.3,3.6,3.7,7.8,19.164658328041135,25.218106,110.039197,173.73,45.145863425105055,10.458501179561017,22.750223960639964,-0.3536761221763721,0.9981707480458889,25.218106,635.952870227236,0.9795302657838054,5.163241925350947,-1975.039060987802,5414.846344365945,2714.46141517598,89.99227985132664,104.03624346792648,43.2
2020-12-10,53.2,62.6,44.6,1.2,4.2,3.6,9.7,17.95528537783032,25.218106,110.039197,173.73,46.342824722400195,10.453268734375984,22.71325409370706,-0.33752289959411347,0.9981707480458889,25.218106,635.952870227236,0.9795302657838054,5.163241925350947,-1975.039060987802,5414.846344365945,2714.46141517598,89.99227985132664,104.03624346792648,44.3
2020-12-11,55.9,64.4,48.2,0.1,3.8,4.6,11.7,-106.07240042601481,25.218106,110.039197,173.73,48.672828772056306,10.448550004734807,22.68014771464678,-0.32126966169236515,0.9981707480458889,25.218106,635.952870227236,0.9795302657838054,5.163241925350947,-1975.039060987802,5414.846344365945,2714.46141517598,89.99227985132664,104.03624346792648,46.2
2020-12-12,56.6,64.4,50.0,997.4,3.8,4.3,7.8,130.9044331955924,25.218106,110.039197,173.73,49.262508138981815,10.444348015331833,22.65092279228425,-0.3049212246562894,0.9981707480458889,25.218106,635.952870227236,0.9795302657838054,5.163241925350947,-1975.039060987802,5414.846344365945,2714.46141517598,89.99227985132664,104.03624346792648,45.8
2020-12-13,49.6,61.7,42.8,999.5,4.1,5.8,9.7,-55.84605375146103,25.218106,110.039197,173.73,43.15475061587153,10.440665471581822,22.62559537646884,-0.2884824328806098,0.9981707480458889,25.218106,635.952870227236,0.9795302657838054,5.163241925350947,-1975.039060987802,5414.846344365945,2714.46141517598,89.99227985132664,104.03624346792648,46.4
2020-12-14,39.3,52.9,36.5,8.1,6.5,8.3,13.6,30.63454410572825,25.218106,110.039197,173.73,34.18282806852322,10.43750475374755,22.60417959369275,-0.27195815753410524,0.9981707480458889,25.218106,635.952870227236,0.9795302657838054,5.163241925350947,-1975.039060987802,5414.846344365945,2714.46141517598,89.99227985132664,104.03624346792648,34.8
2020-12-15,38.7,42.8,35.6,10.0,4.2,5.3,9.7,87.689799262788,25.218106,110.039197,173.73,33.65244901537211,10.43486791174329,22.586687643105247,-0.2553532951161881,0.9981707480458889,25.218106,635.952870227236,0.9795302657838054,5.163241925350947,-1975.039060987802,5414.846344365945,2714.46141517598,89.99227985132664,104.03624346792648,33.5
2020-12-16,40.0,42.8,36.0,9.7,4.4,5.6,9.7,-45.650780883642014,25.218106,110.039197,173.73,34.77585553545701,10.432756660637104,22.573129792887933,-0.23867276600594997,0.9981707480458889,25.218106,635.952870227236,0.9795302657838054,5.163241925350947,-1975.039060987802,5414.846344365945,2714.46141517598,89.99227985132664,104.03624346792648,32.6
2020-12-17,39.5,42.8,37.2,8.1,2.8,3.5,7.8,21.35086468723975,25.218106,110.039197,173.73,34.335942407203504,10.43117237687195,22.563514376961205,-0.22192151300416674,0.9981707480458889,25.218106,635.952870227236,0.9795302657838054,5.163241925350947,-1975.039060987802,5414.846344365945,2714.46141517598,89.99227985132664,104.03624346792648,35.1
2020-12-18,45.3,50.0,37.9,10.0,4.9,6.1,9.7,21.4,25.218106,110.039197,173.73,39.37368825946468,10.43011609522243,22.557847791997233,-0.20510449986861926,0.9981707480458889,25.218106,635.952870227236,0.9795302657838054,5.163241925350947,-1975.039060987802,5414.846344365945,2714.46141517598,89.99227985132664,104.03624346792648,32.9
2020-12-19,45.8,51.8,37.4,12.3,5.3,8.3,15.5,-33.53012218061346,25.218106,110.039197,173.73,39.806262799811435,10.429588506500814,22.55613449471988,-0.1882267098432439,0.9981707480458889,25.218106,635.952870227236,0.9795302657838054,5.163241925350947,-1975.039060987802,5414.846344365945,2714.46141517598,89.99227985132664,104.03624346792648,26.2
2020-12-20,45.6,57.2,32.0,10.8,5.5,5.9,11.7,76.97475777549771,25.218106,110.039197,173.73,39.632441832886165,10.429589956022674,22.5583769994774,-0.1712931441814778,0.9981707480458889,25.218106,635.952870227236,0.9795302657838054,5.163241925350947,-1975.039060987802,5414.846344365945,2714.46141517598,89.99227985132664,104.03624346792648,24.2
2020-12-21,47.2,59.0,33.8,6.7,4.6,3.3,7.8,28.533092839190534,25.218106,110.039197,173.73,41.02514040850019,10.430120442839032,22.56457587607914,-0.154308820664281,0.9981707480458889,25.218106,635.952870227236,0.9795302657838054,5.163241925350947,-1975.039060987802,5414.846344365945,2714.46141517598,89.99227985132664,104.03624346792648,27.7
2020-12-22,53.5,60.8,41.0,2.0,4.2,1.8,3.9,96.67859368803462,25.218106,110.039197,173.73,46.50567580466728,10.431179619738455,22.574729747893212,-0.13727877211326517,0.9981707480458889,25.218106,635.952870227236,0.9795302657838054,5.163241925350947,-1975.039060987802,5414.846344365945,2714.46141517598,89.99227985132664,104.03624346792648,35.0
2020-12-23,50.1,60.6,45.5,1.4,1.5,1.7,3.9,113.17039001105526,25.218106,110.039197,173.73,43.55680136502991,10.43276679401914,22.58883529020743,-0.12020804489935275,0.9981707480458889,25.218106,635.952870227236,0.9795302657838054,5.163241925350947,-1975.039060987802,5414.846344365945,2714.46141517598,89.99227985132664,104.03624346792648,47.5
2020-12-24,51.4,64.4,37.4,1.9,2.8,5.2,13.6,51.03235797400694,25.218106,110.039197,173.73,44.69607331266763,10.434880929027463,22.60688722886173,-0.10310169744743544,0.9981707480458889,25.218106,635.952870227236,0.9795302657838054,5.163241925350947,-1975.039060987802,5414.846344365945,2714.46141517598,89.99227985132664,104.03624346792648,38.8
2020-12-25,53.4,64.4,37.4,0.4,3.2,2.7,5.8,60.84568728499677,25.218106,110.039197,173.73,46.44696687672958,10.437520646456086,22.628878339165496,-0.0859647987374467,0.9981707480458889,25.218106,635.952870227236,0.9795302657838054,5.163241925350947,-1975.039060987802,5414.846344365945,2714.46141517598,89.99227985132664,104.03624346792648,38.8
2020-12-26,52.8,63.9,47.3,999.0,2.0,1.9,3.9,22.37863461601495,25.218106,110.039197,173.73,45.939010609321635,10.440684229391282,22.654799445118947,-0.06880242680232064,0.9981707480458889,25.218106,635.952870227236,0.9795302657838054,5.163241925350947,-1975.039060987802,5414.846344365945,2714.46141517598,89.99227985132664,104.03624346792648,46.5
2020-12-27,54.7,57.2,51.8,998.3,1.2,1.3,3.9,-13.096859866657338,25.218106,110.039197,173.73,47.60891821228675,10.444369626095813,22.684639418963183,-0.05161966722325418,0.9981707480458889,25.218106,635.952870227236,0.9795302657838054,5.163241925350947,-1975.039060987802,5414.846344365945,2714.46141517598,89.99227985132664,104.03624346792648,51.1
2020-12-28,58.2,64.4,52.7,994.7,1.3,1.9,3.9,41.80071554464061,25.218106,110.039197,173.73,50.6755861043761,10.448574454510535,22.7183851810884,-0.034421611622745804,0.9981707480458889,25.218106,635.952870227236,0.9795302657838054,5.163241925350947,-1975.039060987802,5414.846344365945,2714.46141517598,89.99227985132664,104.03624346792648,53.8
2020-12-29,48.4,60.3,41.0,6.0,5.5,9.8,17.5,134.51669703889237,25.218106,110.039197,173.73,42.16162723006715,10.453296007454664,22.756021700335204,-0.01721335615583528,0.9981707480458889,25.218106,635.952870227236,0.9795302657838054,5.163241925350947,-1975.039060987802,5414.846344365945,2714.46141517598,89.99227985132664,104.03624346792648,41.7
2020-12-30,43.0,57.7,37.4,14.0,7.7,11.6,19.4,29.1,25.218106,110.039197,173.73,37.47640367629823,10.458531258501832,22.797531994728484,6.432490598706546e-16,0.9981707480458889,25.218106,635.952870227236,0.9795302657838054,5.163241925350947,-1975.039060987802,5414.846344365945,2714.46141517598,89.99227985132664,104.03624346792648,16.3
2020-12-31,43.2,50.0,36.7,11.9,9.2,6.8,13.6,5.91434088937153,25.218106,110.039197,173.73,37.67139672662211,10.464276868506142,22.842897132688286,0.017213356155833904,0.9981707480458889,25.218106,635.952870227236,0.9795302657838054,5.163241925350947,-1975.039060987802,5414.846344365945,2714.46141517598,89.99227985132664,104.03624346792648,11.8
2021-01-01,44.5,59.0,32.0,7.3,7.3,2.3,5.8,-24.319956680406523,25.218106,110.039197,173.73,38.80502672071027,10.464276868506142,22.842897132688286,0.017213356155834685,0.9981707480458889,25.218106,635.952870227236,0.9795302657838054,5.163241925350947,-1975.039060987802,5414.846344365945,2714.46141517598,89.99227985132664,104.03624346792648,24.3
2021-01-02,47.3,59.0,33.8,4.1,6.5,2.1,3.9,-10.673824975627971,25.218106,110.039197,173.73,41.27133590142227,10.470529192749837,22.892096234765884,0.03442161162274574,0.9981707480458889,25.218106,635.952870227236,0.9795302657838054,5.163241925350947,-1975.039060987802,5414.846344365945,2714.46141517598,89.99227985132664,104.03624346792648,30.1
2021-01-03,50.0,62.6,35.6,5.9,5.3,3.6,7.8,2.3091649849632727,25.218106,110.039197,173.73,43.65535120284097,10.477284288681833,22.945106475957953,0.051619667223253764,0.9981707480458889,25.218106,635.952870227236,0.9795302657838054,5.163241925350947,-1975.039060987802,5414.846344365945,2714.46141517598,89.99227985132664,104.03624346792648,33.0
2021-01-04,49.8,62.6,35.6,3.9,4.3,2.6,5.8,-104.15260387288387,25.218106,110.039197,173.73,43.51083238548817,10.484537924214019,23.001903088654633,0.06880242680231986,0.9981707480458889,25.218106,635.952870227236,0.9795302657838054,5.163241925350947,-1975.039060987802,5414.846344365945,2714.46141517598,89.99227985132664,104.03624346792648,34.6
2021-01-05,49.5,62.6,37.4,6.0,4.3,6.2,11.7,19.507497669575535,25.218106,110.039197,173.73,43.28067804447898,10.49228558654036,23.062459366281505,0.08596479873744647,0.9981707480458889,25.218106,635.952870227236,0.9795302657838054,5.163241925350947,-1975.039060987802,5414.846344365945,2714.46141517598,89.99227985132664,104.03624346792648,32.9
2021-01-06,45.6,56.7,39.2,4.9,2.0,6.6,11.7,19.039886244868242,25.218106,110.039197,173.73,39.901985467479584,10.500522491441995,23.126746667697528,0.10310169744743485,0.9981707480458889,25.218106,635.952870227236,0.9795302657838054,5.163241925350947,-1975.039060987802,5414.846344365945,2714.46141517598,89.99227985132664,104.03624346792648,34.2
2021-01-07,36.2,49.6,32.0,10.9,7.2,9.2,11.7,42.060056689955296,25.218106,110.039197,173.73,31.702884839004,10.509243593039999,23.19473442241428,0.1202080448993527,0.9981707480458889,25.218106,635.952870227236,0.9795302657838054,5.163241925350947,-1975.039060987802,5414.846344365945,2714.46141517598,89.99227985132664,104.03624346792648,26.7
2021-01-08,39.8,44.8,32.5,11.3,9.8,7.8,15.5,-3.5973511482213993,25.218106,110.039197,173.73,34.886171253288175,10.518443593956233,23.266390136703574,0.13727877211326478,0.9981707480458889,25.218106,635.952870227236,0.9795302657838054,5.163241925350947,-1975.039060987802,5414.846344365945,2714.46141517598,89.99227985132664,104.03624346792648,10.6
2021-01-09,43.2,48.2,33.1,7.9,10.0,5.7,11.7,43.70160135049154,25.218106,110.039197,173.73,37.90122104102991,10.528116955841641,23.341679400662326,0.15430882066428117,0.9981707480458889,25.218106,635.952870227236,0.9795302657838054,5.163241925350947,-1975.039060987802,5414.846344365945,2714.46141517598,89.99227985132664,104.03624346792648,8.7
2021-01-10,43.4,46.4,38.8,8.7,7.7,5.7,9.7,113.24214844429042,25.218106,110.039197,173.73,38.11336610866705,10.538257910230522,23.42056589630496,0.1712931441814776,0.9981707480458889,25.218106,635.952870227236,0.9795302657838054,5.163241925350947,-1975.039060987802,5414.846344365945,2714.46141517598,89.99227985132664,104.03624346792648,14.7
2021-01-11,39.6,53.6,26.6,12.4,6.0,3.2,7.8,154.48049605900346,25.218106,110.039197,173.73,34.811239549940304,10.54886046967888,23.503011406754332,0.1882267098432442,0.9981707480458889,25.218106,635.952870227236,0.9795302657838054,5.163241925350947,-1975.039060987802,5414.846344365945,2714.46141517598,89.99227985132664,104.03624346792648,21.1
2021-01-12,42.6,62.6,26.6,4.9,5.6,1.9,3.9,30.45215644018168,25.218106,110.039197,173.73,37.48771045896311,10.559918439144536,23.58897582660263,0.2051044998686192,0.9981707480458889,25.218106,635.952870227236,0.9795302657838054,5.163241925350947,-1975.039060987802,5414.846344365945,2714.46141517598,89.99227985132664,104.03624346792648,25.0
2021-01-13,47.5,61.9,31.1,999.9,4.8,1.0,3.9,-127.47995235533254,25.218106,110.039197,173.73,41.845225650784705,10.571425427566663,23.678417173513548,0.2219215130041655,0.9981707480458889,25.218106,635.952870227236,0.9795302657838054,5.163241925350947,-1975.039060987802,5414.846344365945,2714.46141517598,89.99227985132664,104.03624346792648,31.5
2021-01-14,50.2,69.8,33.8,997.8,4.2,1.8,7.8,167.4353494349687,25.218106,110.039197,173.73,44.27378482933766,10.583374859602626,23.771291601136827,0.2386727660059501,0.9981707480458889,25.218106,635.952870227236,0.9795302657838054,5.163241925350947,-1975.039060987802,5414.846344365945,2714.46141517598,89.99227985132664,104.03624346792648,34.5
2021-01-15,55.4,73.4,35.6,996.7,4.1,1.4,3.9,55.4375705664563,25.218106,110.039197,173.73,48.9170919422008,10.595759987480317,23.867553413404856,0.255353295116187,0.9981707480458889,25.218106,635.952870227236,0.9795302657838054,5.163241925350947,-1975.039060987802,5414.846344365945,2714.46141517598,89.99227985132664,104.03624346792648,40.3
2021-01-16,55.2,71.8,40.8,3.4,4.1,9.0,17.5,-9.022199148198276,25.218106,110.039197,173.73,48.7994399534542,10.608573902924824,23.967155080280104,0.2719581575341055,0.9981707480458889,25.218106,635.952870227236,0.9795302657838054,5.163241925350947,-1975.039060987802,5414.846344365945,2714.46141517598,89.99227985132664,104.03624346792648,32.6
2021-01-17,44.0,62.1,33.8,12.2,6.1,5.0,15.5,-60.796480469652835,25.218106,110.039197,173.73,38.94663501343671,10.621809549119103,24.070047255019972,0.288482432880609,0.9981707480458889,25.218106,635.952870227236,0.9795302657838054,5.163241925350947,-1975.039060987802,5414.846344365945,2714.46141517598,89.99227985132664,104.03624346792648,31.2
2021-01-18,46.3,63.5,30.2,3.9,5.2,1.4,3.9,-74.03321054433343,25.218106,110.039197,173.73,41.03514880184347,10.635459732659214,24.17617879302377,0.30492122465628907,0.9981707480458889,25.218106,635.952870227236,0.9795302657838054,5.163241925350947,-1975.039060987802,5414.846344365945,2714.46141517598,89.99227985132664,104.03624346792648,31.2
2021-01-19,49.6,66.2,32.0,999.2,4.7,1.6,5.8,-64.28322335268058,25.218106,110.039197,173.73,44.01800415992599,10.649517135465963,24.285496772323434,0.3212696616923644,0.9981707480458889,25.218106,635.952870227236,0.9795302657838054,5.163241925350947,-1975.039060987802,5414.846344365945,2714.46141517598,89.99227985132664,104.03624346792648,34.7
2021-01-20,58.3,71.6,37.4,997.6,4.2,2.0,7.8,-123.18716405068218,25.218106,110.039197,173.73,51.80914193680942,10.663974326616005,24.397946515777136,0.3375228995941133,0.9981707480458889,25.218106,635.952870227236,0.9795302657838054,5.163241925350947,-1975.039060987802,5414.846344365945,2714.46141517598,89.99227985132664,104.03624346792648,45.4
2021-01-21,60.9,71.2,42.8,997.4,3.6,1.5,3.9,114.92897648377541,25.218106,110.039197,173.73,54.19503065333936,10.678823774057017,24.513471615020997,0.3536761221763716,0.9981707480458889,25.218106,635.952870227236,0.9795302657838054,5.163241925350947,-1975.039060987802,5414.846344365945,2714.46141517598,89.99227985132664,104.03624346792648,49.9
2021-01-22,58.3,71.6,44.6,997.5,3.5,1.9,5.8,21.28822762842557,25.218106,110.039197,173.73,51.95529775124065,10.694057856173034,24.632013956230576,0.3697245428906731,0.9981707480458889,25.218106,635.952870227236,0.9795302657838054,5.163241925350947,-1975.039060987802,5414.846344365945,2714.46141517598,89.99227985132664,104.03624346792648,46.6
2021-01-23,58.1,71.6,42.8,997.0,4.2,2.6,7.8,57.32094144270603,25.218106,110.039197,173.73,51.85264679425437,10.709668873167855,24.75351374773983,0.38566340624360707,0.9981707480458889,25.218106,635.952870227236,0.9795302657838054,5.163241925350947,-1975.039060987802,5414.846344365945,2714.46141517598,89.99227985132664,104.03624346792648,44.9
2021-01-24,58.8,70.9,51.6,995.4,3.1,1.8,3.9,88.79515187072808,25.218106,110.039197,173.73,52.555680385356965,10.725649058236115,24.877909549560474,0.401487989205973,0.9981707480458889,25.218106,635.952870227236,0.9795302657838054,5.163241925350947,-1975.039060987802,5414.846344365945,2714.46141517598,89.99227985132664,104.03624346792648,47.4
2021-01-25,52.1,65.3,48.2,1.0,4.6,4.6,7.8,82.98024996947754,25.218106,110.039197,173.73,46.63814247170949,10.741990588493548,25.005138304840212,0.4171936026123168,0.9981707480458889,25.218106,635.952870227236,0.9795302657838054,5.163241925350947,-1975.039060987802,5414.846344365945,2714.46141517598,89.99227985132664,104.03624346792648,48.3
2021-01-26,50.7,55.2,48.2,2.0,4.0,5.3,7.8,112.4968068176012,25.218106,110.039197,173.73,45.455446641578554,10.758685595639895,25.135135373293235,0.4327755925504312,0.9981707480458889,25.218106,635.952870227236,0.9795302657838054,5.163241925350947,-1975.039060987802,5414.846344365945,2714.46141517598,89.99227985132664,104.03624346792648,39.3
2021-01-27,50.2,55.4,46.4,2.7,2.2,4.7,9.7,166.22818754224372,25.218106,110.039197,173.73,45.07845450431318,10.775726176329844,25.267834566630857,0.4482293417404106,0.9981707480458889,25.218106,635.952870227236,0.9795302657838054,5.163241925350947,-1975.039060987802,5414.846344365945,2714.46141517598,89.99227985132664,104.03624346792648,42.2
2021-01-28,55.6,66.2,47.5,6.6,6.0,7.3,15.5,10.948431599405458,25.218106,110.039197,173.73,50.00805039699655,10.79310440222947,25.403168186015204,0.4635502709028509,0.9981707480458889,25.218106,635.952870227236,0.9795302657838054,5.163241925350947,-1975.039060987802,5414.846344365945,2714.46141517598,89.99227985132664,104.03624346792648,33.3
2021-01-29,55.1,64.6,49.3,3.1,5.7,2.2,7.8,148.91366308378383,25.218106,110.039197,173.73,49.63964661404526,10.810812329737624,25.54106706155256,0.47873384011578846,0.9981707480458889,25.218106,635.952870227236,0.9795302657838054,5.163241925350947,-1975.039060987802,5414.846344365945,2714.46141517598,89.99227985132664,104.03624346792648,36.6
2021-01-30,56.0,60.8,50.9,2.5,3.3,1.5,3.9,58.72235989750021,25.218106,110.039197,173.73,50.53459604365066,10.828842009353712,25.681460593837517,0.49377555015997715,0.9981707480458889,25.218106,635.952870227236,0.9795302657838054,5.163241925350947,-1975.039060987802,5414.846344365945,2714.46141517598,89.99227985132664,104.03624346792648,44.0
2021-01-31,57.1,62.6,53.6,1.0,2.4,0.9,3.9,-108.72446573726869,25.218106,110.039197,173.73,51.614524312164086,10.847185494675465,25.824276797552763,0.5086709438521044,0.9981707480458889,25.218106,635.952870227236,0.9795302657838054,5.163241925350947,-1975.039060987802,5414.846344365945,2714.46141517598,89.99227985132664,104.03624346792648,50.1
2021-02-01,59.4,66.2,54.9,1.0,2.5,2.9,5.8,51.04535187595859,25.218106,110.039197,173.73,53.785882512510014,10.865834851012124,25.969442347123397,0.5234156073655503,0.9981707480458889,25.218106,635.952870227236,0.9795302657838054,5.163241925350947,-1975.039060987802,5414.846344365945,2714.46141517598,89.99227985132664,104.03624346792648,51.2
2021-02-02,59.8,68.0,53.6,2.4,4.8,3.9,5.8,53.11730795237668,25.218106,110.039197,173.73,54.24249778194287,10.884782163600578,26.116882624418174,0.5380051715382996,0.9981707480458889,25.218106,635.952870227236,0.9795302657838054,5.163241925350947,-1975.039060987802,5414.846344365945,2714.46141517598,89.99227985132664,104.03624346792648,49.2
2021-02-03,59.2,69.8,52.9,2.5,3.4,3.3,5.8,120.14326305576768,25.218106,110.039197,173.73,53.79316309070812,10.904019545413808,26.26652176848382,0.5524353131676196,0.9981707480458889,25.218106,635.952870227236,0.9795302657838054,5.163241925350947,-1975.039060987802,5414.846344365945,2714.46141517598,89.99227985132664,104.03624346792648,52.3
2021-02-04,60.5,68.0,52.9,0.9,2.9,2.2,5.8,-14.137496780531432,25.218106,110.039197,173.73,55.07284318712122,10.923539144552969,26.418282727292073,0.5667017562911176,0.9981707480458889,25.218106,635.952870227236,0.9795302657838054,5.163241925350947,-1975.039060987802,5414.846344365945,2714.46141517598,89.99227985132664,104.03624346792648,53.5
2021-02-05,62.4,75.9,53.6,0.3,4.4,3.0,7.8,32.4520154207526,25.218106,110.039197,173.73,56.905332386323906,10.943333151216136,26.57208731147273,0.5808002734538009,0.9981707480458889,25.218106,635.952870227236,0.9795302657838054,5.163241925350947,-1975.039060987802,5414.846344365945,2714.46141517598,89.99227985132664,104.03624346792648,53.8
2021-02-06,60.7,75.9,50.0,997.7,4.9,1.5,3.9,-170.1849797092062,25.218106,110.039197,173.73,55.456500326440334,10.963393804238615,26.72785624999939,0.5947266869607634,0.9981707480458889,25.218106,635.952870227236,0.9795302657838054,5.163241925350947,-1975.039060987802,5414.846344365945,2714.46141517598,89.99227985132664,104.03624346792648,52.0
2021-02-07,67.4,80.6,51.8,998.6,5.4,3.0,7.8,-20.654915774954162,25.218106,110.039197,173.73,61.691856914280415,10.98371339720126,26.885509247788324,0.6084768701151261,0.9981707480458889,25.218106,635.952870227236,0.9795302657838054,5.163241925350947,-1975.039060987802,5414.846344365945,2714.46141517598,89.99227985132664,104.03624346792648,54.2
2021-02-08,55.6,78.8,51.8,3.3,7.7,5.5,7.8,-104.76899066396317,25.218106,110.039197,173.73,50.986517183019544,11.004284284104937,27.044965045164172,0.6220467484408675,0.9981707480458889,25.218106,635.952870227236,0.9795302657838054,5.163241925350947,-1975.039060987802,5414.846344365945,2714.46141517598,89.99227985132664,104.03624346792648,49.6
2021-02-09,50.8,60.3,49.3,1.1,5.5,2.9,7.8,20.956850165017283,25.218106,110.039197,173.73,46.672918611518796,11.02509888461074,27.20614147914025,0.6354323008901774,0.9981707480458889,25.218106,635.952870227236,0.9795302657838054,5.163241925350947,-1975.039060987802,5414.846344365945,2714.46141517598,89.99227985132664,104.03624346792648,48.7
2021-02-10,54.4,59.0,49.3,998.2,8.9,3.3,5.8,88.3778991235204,25.218106,110.039197,173.73,50.0758785894396,11.04614968884697,27.36895554645451,0.6486295610349814,0.9981707480458889,25.218106,635.952870227236,0.9795302657838054,5.163241925350947,-1975.039060987802,5414.846344365945,2714.46141517598,89.99227985132664,104.03624346792648,49.8
2021-02-13,58.6,72.5,50.0,998.1,6.2,1.7,3.9,-53.463184420538354,25.218106,110.039197,173.73,54.2569848957459,11.110645371142505,27.866382282202476,0.6870527672236669,0.9981707480458889,25.218106,635.952870227236,0.9795302657838054,5.163241925350947,-1975.039060987802,5414.846344365945,2714.46141517598,89.99227985132664,104.03624346792648,51.2
2021-02-14,63.3,78.8,50.0,996.2,6.6,2.5,5.8,19.643001019813372,25.218106,110.039197,173.73,58.72429327319331,11.13256744515513,28.034902343657585,0.699458327051647,0.9981707480458889,25.218106,635.952870227236,0.9795302657838054,5.163241925350947,-1975.039060987802,5414.846344365945,2714.46141517598,89.99227985132664,104.03624346792648,52.4
2021-02-15,66.1,77.9,50.0,994.8,5.6,2.4,5.8,-54.49062256027793,25.218106,110.039197,173.73,61.44374727350955,11.154689368867091,28.204634738495834,0.7116566222817746,0.9981707480458889,25.218106,635.952870227236,0.9795302657838054,5.163241925350947,-1975.039060987802,5414.846344365945,2714.46141517598,89.99227985132664,104.03624346792648,55.6
2021-02-16,54.6,76.8,46.4,1.2,6.6,4.1,7.8,-76.79653677992182,25.218106,110.039197,173.73,50.85536880216688,11.177004132344369,28.37549283495821,0.7236440382959124,0.9981707480458889,25.218106,635.952870227236,0.9795302657838054,5.163241925350947,-1975.039060987802,5414.846344365945,2714.46141517598,89.99227985132664,104.03624346792648,51.2
2021-02-17,59.2,73.4,48.2,5.0,9.8,6.8,13.6,20.4,25.218106,110.039197,173.73,55.250890435385415,11.199504817983529,28.5473896452328,0.7354170229639855,0.9981707480458889,25.218106,635.952870227236,0.9795302657838054,5.163241925350947,-1975.039060987802,5414.846344365945,2714.46141517598,89.99227985132664,104.03624346792648,37.2
2021-02-18,57.1,69.6,46.4,6.7,8.7,3.1,5.8,10.9,25.218106,110.039197,173.73,53.398895064666604,11.222184602031511,28.720237899715045,0.7469720876965552,0.9981707480458889,25.218106,635.952870227236,0.9795302657838054,5.163241925350947,-1975.039060987802,5414.846344365945,2714.46141517598,89.99227985132664,104.03624346792648,40.6
2021-02-19,60.0,68.0,48.0,5.3,6.7,2.6,5.8,14.955437606970882,25.218106,110.039197,173.73,56.225183778654,11.2450367557308,28.893950122237314,0.7583058084785624,0.9981707480458889,25.218106,635.952870227236,0.9795302657838054,5.163241925350947,-1975.039060987802,5414.846344365945,2714.46141517598,89.99227985132664,104.03624346792648,42.9
2021-02-21,61.4,77.2,48.6,996.3,3.2,1.2,3.9,-102.87508779129996,25.218106,110.039197,173.73,57.7734690510586,11.291231736363244,29.24361599117677,0.7802958510707755,0.9981707480458889,25.218106,635.952870227236,0.9795302657838054,5.163241925350947,-1975.039060987802,5414.846344365945,2714.46141517598,89.99227985132664,104.03624346792648,55.2
2021-02-22,68.4,82.4,57.2,995.6,4.5,1.8,5.8,30.829149650131498,25.218106,110.039197,173.73,64.49300104038221,11.314561586031965,29.41939434080684,0.7909456567567772,0.9981707480458889,25.218106,635.952870227236,0.9795302657838054,5.163241925350947,-1975.039060987802,5414.846344365945,2714.46141517598,89.99227985132664,104.03624346792648,58.6
2021-02-23,70.1,84.2,59.0,993.8,4.1,1.3,3.9,-139.80302062356816,25.218106,110.039197,173.73,66.23303777762594,11.3380378506635,29.59568622029576,0.8013610881746766,0.9981707480458889,25.218106,635.952870227236,0.9795302657838054,5.163241925350947,-1975.039060987802,5414.846344365945,2714.46141517598,89.99227985132664,104.03624346792648,59.9
2021-02-24,73.4,83.1,62.4,990.0,6.1,5.7,13.6,-80.84265670135345,25.218106,110.039197,173.73,69.49545202059079,11.361654281295495,29.772404274953185,0.8115390590073611,0.9981707480458889,25.218106,635.952870227236,0.9795302657838054,5.163241925350947,-1975.039060987802,5414.846344365945,2714.46141517598,89.99227985132664,104.03624346792648,60.3
2021-02-25,57.4,80.4,48.2,991.3,5.5,6.3,17.5,36.914507914682666,25.218106,110.039197,173.73,54.46018592777156,11.385404723575936,29.949461408704998,0.8214765533024142,0.9981707480458889,25.218106,635.952870227236,0.9795302657838054,5.163241925350947,-1975.039060987802,5414.846344365945,2714.46141517598,89.99227985132664,104.03624346792648,54.0
2021-02-26,47.6,70.2,46.0,997.9,9.6,6.6,7.8,40.79610983410251,25.218106,110.039197,173.73,45.256823029173795,11.409283116598436,30.1267708627591,0.8311706263658079,0.9981707480458889,25.218106,635.952870227236,0.9795302657838054,5.163241925350947,-1975.039060987802,5414.846344365945,2714.46141517598,89.99227985132664,104.03624346792648,41.7
2021-02-27,48.8,51.8,45.9,998.5,6.4,4.9,7.8,-136.598298462851,25.218106,110.039197,173.73,46.49535286525228,11.43328349145548,30.304246294246447,0.8406184056344782,0.9981707480458889,25.218106,635.952870227236,0.9795302657838054,5.163241925350947,-1975.039060987802,5414.846344365945,2714.46141517598,89.99227985132664,104.03624346792648,42.6
2021-02-28,50.6,53.6,46.2,995.5,2.2,2.0,3.9,26.413350952853442,25.218106,110.039197,173.73,48.312036538151204,11.457399969522024,30.48180185470168,0.8498170915275278,0.9981707480458889,25.218106,635.952870227236,0.9795302657838054,5.163241925350947,-1975.039060987802,5414.846344365945,2714.46141517598,89.99227985132664,104.03624346792648,49.6
2021-03-01,52.2,57.2,46.4,3.1,7.6,7.0,13.6,101.91149220146713,25.218106,110.039197,173.73,49.945076408096014,11.481626760481841,30.65935226824629,0.8587639582758029,0.9981707480458889,25.218106,635.952870227236,0.9795302657838054,5.163241925350947,-1975.039060987802,5414.846344365945,2714.46141517598,89.99227985132664,104.03624346792648,47.6
2021-03-02,55.7,60.8,48.6,3.8,9.4,6.4,13.6,69.37230477482878,25.218106,110.039197,173.73,53.406822459839375,11.50595816010902,30.836812909336388,0.8674563547295969,0.9981707480458889,25.218106,635.952870227236,0.9795302657838054,5.163241925350947,-1975.039060987802,5414.846344365945,2714.46141517598,89.99227985132664,104.03624346792648,40.3
2021-03-03,52.6,59.4,49.5,2.3,5.0,2.9,5.8,-76.80114372195638,25.218106,110.039197,173.73,50.54153646793079,11.53038854781691,31.0140998799365,0.8758917051442429,0.9981707480458889,25.218106,635.952870227236,0.9795302657838054,5.163241925350947,-1975.039060987802,5414.846344365945,2714.46141517598,89.99227985132664,104.03624346792648,46.5
2021-03-04,53.7,55.8,50.2,998.0,2.6,1.6,3.9,30.06579075723424,25.218106,110.039197,173.73,51.70823291834082,11.554912383986775,31.19113008598038,0.8840675099433636,0.9981707480458889,25.218106,635.952870227236,0.9795302657838054,5.163241925350947,-1975.039060987802,5414.846344365945,2714.46141517598,89.99227985132664,104.03624346792648,51.6
2021-03-05,56.8,59.0,50.9,995.0,2.9,2.4,5.8,48.602303780504826,25.218106,110.039197,173.73,54.80974791355131,11.579524207088307,31.367821312980436,0.8919813464595485,0.9981707480458889,25.218106,635.952870227236,0.9795302657838054,5.163241925350947,-1975.039060987802,5414.846344365945,2714.46141517598,89.99227985132664,104.03624346792648,55.5
2021-03-06,58.3,63.0,53.2,1.3,6.9,5.9,11.7,-125.259996072214,25.218106,110.039197,173.73,56.37716218035092,11.604218630603963,31.54409230064738,0.8996308696522433,0.9981707480458889,25.218106,635.952870227236,0.9795302657838054,5.163241925350947,-1975.039060987802,5414.846344365945,2714.46141517598,89.99227985132664,104.03624346792648,51.8
2021-03-07,55.9,66.2,50.0,2.9,8.0,7.1,15.5,109.90167917851439,25.218106,110.039197,173.73,54.17171333275736,11.628990339769024,31.719862816383053,0.9070138128026359,0.9981707480458889,25.218106,635.952870227236,0.9795302657838054,5.163241925350947,-1975.039060987802,5414.846344365945,2714.46141517598,89.99227985132664,104.03624346792648,46.8
2021-03-08,50.5,64.2,49.5,1.9,4.1,4.5,7.8,124.46424509029984,25.218106,110.039197,173.73,49.04321845425172,11.653834088139023,31.89505372751041,0.9141279881853337,0.9981707480458889,25.218106,635.952870227236,0.9795302657838054,5.163241925350947,-1975.039060987802,5414.846344365945,2714.46141517598,89.99227985132664,104.03624346792648,48.0
2021-03-09,50.3,51.8,48.9,2.7,4.5,4.0,5.8,98.06958335192728,25.218106,110.039197,173.73,48.95340484233379,11.678744693996133,32.06958707210649,0.9209712877166346,0.9981707480458889,25.218106,635.952870227236,0.9795302657838054,5.163241925350947,-1975.039060987802,5414.846344365945,2714.46141517598,89.99227985132664,104.03624346792648,48.7
2021-03-10,51.4,52.3,48.9,1.6,4.4,2.6,3.9,87.11307671257464,25.218106,110.039197,173.73,50.13092130679476,11.70371703660578,32.243386128306135,0.9275416835791966,0.9981707480458889,25.218106,635.952870227236,0.9795302657838054,5.163241925350947,-1975.039060987802,5414.846344365945,2714.46141517598,89.99227985132664,104.03624346792648,49.8
2021-03-11,54.2,57.2,49.5,2.6,6.9,2.8,5.8,66.87376824173933,25.218106,110.039197,173.73,52.97483633637846,11.728746052334714,32.41637548194663,0.9338372288229252,0.9981707480458889,25.218106,635.952870227236,0.9795302657838054,5.163241925350947,-1975.039060987802,5414.846344365945,2714.46141517598,89.99227985132664,104.03624346792648,52.1
2021-03-12,56.2,59.0,51.4,2.4,2.9,1.3,3.9,37.840059849769254,25.218106,110.039197,173.73,55.04708852183764,11.753826730641487,32.588481092426555,0.9398560579418954,0.9981707480458889,25.218106,635.952870227236,0.9795302657838054,5.163241925350947,-1975.039060987802,5414.846344365945,2714.46141517598,89.99227985132664,104.03624346792648,54.0
2021-03-13,60.1,63.7,54.7,999.7,3.0,1.5,3.9,48.274429393687726,25.218106,110.039197,173.73,58.99292850066695,11.778954109950138,32.759630356654554,0.9455963874271426,0.9981707480458889,25.218106,635.952870227236,0.9795302657838054,5.163241925350947,-1975.039060987802,5414.846344365945,2714.46141517598,89.99227985132664,104.03624346792648,57.3
2021-03-14,63.5,69.8,56.1,994.9,1.8,1.5,3.9,80.37923870408918,25.218106,110.039197,173.73,62.46348565516887,11.804123273417739,32.92975217096808,0.9510565162951535,0.9981707480458889,25.218106,635.952870227236,0.9795302657838054,5.163241925350947,-1975.039060987802,5414.846344365945,2714.46141517598,89.99227985132664,104.03624346792648,60.1
2021-03-15,64.4,68.0,59.5,992.6,0.8,1.9,3.9,44.053465963722076,25.218106,110.039197,173.73,63.48406748272005,11.829329344606219,33.09877699090534,0.9562348265919056,0.9981707480458889,25.218106,635.952870227236,0.9795302657838054,5.163241925350947,-1975.039060987802,5414.846344365945,2714.46141517598,89.99227985132664,104.03624346792648,63.4
2021-03-16,67.0,72.3,61.5,992.6,1.1,1.9,3.9,-26.008719799231937,25.218106,110.039197,173.73,66.18800178046745,11.854567483068795,33.26663688871817,0.9611297838723007,0.9981707480458889,25.218106,635.952870227236,0.9795302657838054,5.163241925350947,-1975.039060987802,5414.846344365945,2714.46141517598,89.99227985132664,104.03624346792648,65.4
2021-03-17,71.5,81.3,63.3,991.3,2.1,1.5,3.9,-15.35817294420022,25.218106,110.039197,173.73,70.78400424250609,11.879832879861162,33.43326560851776,0.9657399376548549,0.9981707480458889,25.218106,635.952870227236,0.9795302657838054,5.163241925350947,-1975.039060987802,5414.846344365945,2714.46141517598,89.99227985132664,104.03624346792648,67.6
2021-03-18,73.9,82.8,65.5,991.3,4.4,4.8,15.5,123.39599044021153,25.218106,110.039197,173.73,73.31570197048092,11.905120752987429,33.598598618950305,0.9700639218515071,0.9981707480458889,25.218106,635.952870227236,0.9795302657838054,5.163241925350947,-1975.039060987802,5414.846344365945,2714.46141517598,89.99227985132664,104.03624346792648,67.0
2021-03-19,63.6,82.8,53.6,991.8,5.3,5.6,11.7,-150.8923312825918,25.218106,110.039197,173.73,63.23125961679084,11.930426342790723,33.762573163304275,0.9741004551724205,0.9981707480458889,25.218106,635.952870227236,0.9795302657838054,5.163241925350947,-1975.039060987802,5414.846344365945,2714.46141517598,89.99227985132664,104.03624346792648,58.9
2021-03-20,53.5,69.1,50.0,998.6,6.9,7.9,11.7,65.3558303849135,25.218106,110.039197,173.73,53.302696045037926,11.955744907298227,33.92512830695659,0.9778483415056568,0.9981707480458889,25.218106,635.952870227236,0.9795302657838054,5.163241925350947,-1975.039060987802,5414.846344365945,2714.46141517598,89.99227985132664,104.03624346792648,46.1
2021-03-21,52.7,55.9,51.1,6.6,6.3,7.4,13.6,159.14953929817656,25.218106,110.039197,173.73,52.616873292820856,11.981071717530364,34.086204982070555,0.9813064702716093,0.9981707480458889,25.218106,635.952870227236,0.9795302657838054,5.163241925350947,-1975.039060987802,5414.846344365945,2714.46141517598,89.99227985132664,104.03624346792648,44.0
2021-03-22,59.2,68.0,51.3,6.0,6.3,6.0,11.7,18.6,25.218106,110.039197,173.73,59.231583460399854,12.006402052783754,34.24574602946411,0.9844738167520922,0.9981707480458889,25.218106,635.952870227236,0.9795302657838054,5.163241925350947,-1975.039060987802,5414.846344365945,2714.46141517598,89.99227985132664,104.03624346792648,41.0
2021-03-23,54.4,66.2,42.8,1.2,4.5,2.3,5.8,57.09930629449528,25.218106,110.039197,173.73,54.54384808806863,12.031731195897493,34.40369623757312,0.9873494423939864,0.9981707480458889,25.218106,635.952870227236,0.9795302657838054,5.163241925350947,-1975.039060987802,5414.846344365945,2714.46141517598,89.99227985132664,104.03624346792648,47.0
2021-03-24,63.9,78.8,47.5,996.6,5.3,2.0,3.9,214.65675318537663,25.218106,110.039197,173.73,64.20381483182821,12.05705442851234,34.56000237844059,0.989932495087353,0.9981707480458889,25.218106,635.952870227236,0.9795302657838054,5.163241925350947,-1975.039060987802,5414.846344365945,2714.46141517598,89.99227985132664,104.03624346792648,50.4
2021-03-25,62.8,78.1,49.8,996.0,3.0,1.9,7.8,54.14989807585623,25.218106,110.039197,173.73,63.23105410447229,12.082367026332285,34.71461324066924,0.9922222094179323,0.9981707480458889,25.218106,635.952870227236,0.9795302657838054,5.163241925350947,-1975.039060987802,5414.846344365945,2714.46141517598,89.99227985132664,104.03624346792648,57.1
2021-03-26,64.9,68.0,60.8,992.7,1.6,1.5,3.9,-137.42466591809128,25.218106,110.039197,173.73,65.48228417586964,12.107664254398083,34.86747965928126,0.994217906893952,0.9981707480458889,25.218106,635.952870227236,0.9795302657838054,5.163241925350947,-1975.039060987802,5414.846344365945,2714.46141517598,89.99227985132664,104.03624346792648,63.0
2021-03-27,66.6,69.8,62.2,991.4,1.5,2.2,3.9,86.59513896893668,25.218106,110.039197,173.73,67.3378245612215,12.132941362382253,35.01855454243625,0.995918996147179,0.9981707480458889,25.218106,635.952870227236,0.9795302657838054,5.163241925350947,-1975.039060987802,5414.846344365945,2714.46141517598,89.99227985132664,104.03624346792648,65.4
2021-03-28,68.4,75.2,64.4,988.9,2.0,1.0,3.9,-35.776323897476416,25.218106,110.039197,173.73,69.30170340551652,12.158193579915178,35.16779289496462,0.9973249731081555,0.9981707480458889,25.218106,635.952870227236,0.9795302657838054,5.163241925350947,-1975.039060987802,5414.846344365945,2714.46141517598,89.99227985132664,104.03624346792648,65.7
2021-03-29,78.1,88.3,64.9,983.1,4.4,5.9,15.5,9.573006962621237,25.218106,110.039197,173.73,79.2937331952874,12.18341611195197,35.31515183868132,0.9984354211555643,0.9981707480458889,25.218106,635.952870227236,0.9795302657838054,5.163241925350947,-1975.039060987802,5414.846344365945,2714.46141517598,89.99227985132664,104.03624346792648,69.9
2021-03-30,72.8,88.3,64.4,982.4,1.9,2.2,7.8,-25.358785287023753,25.218106,110.039197,173.73,74.06553174741818,12.208604134189809,35.46059062945125,0.9992500112396835,0.9981707480458889,25.218106,635.952870227236,0.9795302657838054,5.163241925350947,-1975.039060987802,5414.846344365945,2714.46141517598,89.99227985132664,104.03624346792648,69.6
2021-03-31,79.4,91.8,66.2,981.8,3.7,3.9,15.5,-30.208700765053305,25.218106,110.039197,173.73,80.94666428421014,12.233752788545614,35.60407067098555,0.9997685019798909,0.9981707480458889,25.218106,635.952870227236,0.9795302657838054,5.163241925350947,-1975.039060987802,5414.846344365945,2714.46141517598,89.99227985132664,104.03624346792648,70.9
2021-04-01,73.5,91.8,64.0,986.6,6.4,5.3,7.8,3.0171054151531234,25.218106,110.039197,173.73,75.08550021956202,12.258857178704003,35.74555552535436,0.9999907397361901,0.9981707480458889,25.218106,635.952870227236,0.9795302657838054,5.163241925350947,-1975.039060987802,5414.846344365945,2714.46141517598,89.99227985132664,104.03624346792648,63.8
2021-04-02,64.9,81.5,60.8,992.1,7.5,5.1,7.8,-6.707231824199756,25.218106,110.039197,173.73,66.43549271140763,12.283912365745634,35.885010920209375,0.9999166586547379,0.9981707480458889,25.218106,635.952870227236,0.9795302657838054,5.163241925350947,-1975.039060987802,5414.846344365945,2714.46141517598,89.99227985132664,104.03624346792648,56.8
2021-04-03,61.3,67.1,58.6,997.7,7.9,7.0,9.7,46.98927730213941,25.218106,110.039197,173.73,62.87803243374926,12.308913363866086,36.0224047527165,0.9995462806873573,0.9981707480458889,25.218106,635.952870227236,0.9795302657838054,5.163241925350947,-1975.039060987802,5414.846344365945,2714.46141517598,89.99227985132664,104.03624346792648,52.6
2021-04-04,57.8,64.6,53.6,0.7,5.4,5.9,9.7,89.99921146480465,25.218106,110.039197,173.73,59.408068906009575,12.33385513619576,36.157707090206216,0.9988797155850336,0.9981707480458889,25.218106,635.952870227236,0.9795302657838054,5.163241925350947,-1975.039060987802,5414.846344365945,2714.46141517598,89.99227985132664,104.03624346792648,49.8
2021-04-05,57.3,60.6,53.6,0.8,6.2,1.8,3.9,-31.795647219631405,25.218106,110.039197,173.73,59.01294812074176,12.358732590731261,36.290890167556185,0.9979171608653922,0.9981707480458889,25.218106,635.952870227236,0.9795302657838054,5.163241925350947,-1975.039060987802,5414.846344365945,2714.46141517598,89.99227985132664,104.03624346792648,53.8
2021-04-06,64.0,69.8,54.7,999.2,4.6,3.0,5.8,-51.60513638181545,25.218106,110.039197,173.73,66.0455497407413,12.383540576388993,36.42192838132776,0.9966589017541702,0.9981707480458889,25.218106,635.952870227236,0.9795302657838054,5.163241925350947,-1975.039060987802,5414.846344365945,2714.46141517598,89.99227985132664,104.03624346792648,57.2
2021-04-07,61.5,69.6,58.5,996.6,5.1,3.7,7.8,51.096203062403944,25.218106,110.039197,173.73,63.592403630858456,12.408273879191894,36.55079828068523,0.9951053111006976,0.9981707480458889,25.218106,635.952870227236,0.9795302657838054,5.163241925350947,-1975.039060987802,5414.846344365945,2714.46141517598,89.99227985132664,104.03624346792648,58.8
2021-04-08,58.7,66.2,53.6,999.6,7.0,6.2,13.6,57.69240588482917,25.218106,110.039197,173.73,60.81773564432001,12.432927218600343,36.6774785551332,0.9932568492674143,0.9981707480458889,25.218106,635.952870227236,0.9795302657838054,5.163241925350947,-1975.039060987802,5414.846344365945,2714.46141517598,89.99227985132664,104.03624346792648,52.9
2021-04-09,59.1,64.9,55.4,0.3,4.6,2.1,5.8,117.26795854775612,25.218106,110.039197,173.73,61.35316407669272,12.45749524399852,36.80195001911438,0.9911140639934547,0.9981707480458889,25.218106,635.952870227236,0.9795302657838054,5.163241925350947,-1975.039060987802,5414.846344365945,2714.46141517598,89.99227985132664,104.03624346792648,54.9
2021-04-10,58.1,63.0,57.0,0.4,2.1,2.0,5.8,-161.3871242992156,25.218106,110.039197,173.73,60.43355033927489,12.481972531347653,36.9241955935167,0.9886775902323405,0.9981707480458889,25.218106,635.952870227236,0.9795302657838054,5.163241925350947,-1975.039060987802,5414.846344365945,2714.46141517598,89.99227985132664,104.03624346792648,56.8
2021-04-11,60.6,62.6,57.2,998.1,2.7,1.4,3.9,95.61027880084862,25.218106,110.039197,173.73,63.157085579089575,12.506353580017736,37.04420028414492,0.9859481499638304,0.9981707480458889,25.218106,635.952870227236,0.9795302657838054,5.163241925350947,-1975.039060987802,5414.846344365945,2714.46141517598,89.99227985132664,104.03624346792648,59.0
2021-04-12,61.5,62.6,57.7,996.8,3.7,2.7,5.8,16.818444141262592,25.218106,110.039197,173.73,64.219493150274,12.53063280980956,37.16195115721835,0.9829265519799822,0.9981707480458889,25.218106,635.952870227236,0.9795302657838054,5.163241925350947,-1975.039060987802,5414.846344365945,2714.46141517598,89.99227985132664,104.03624346792648,60.1
2021-04-13,65.2,69.8,60.3,995.3,4.3,2.6,5.8,37.84244979636861,25.218106,110.039197,173.73,68.21443809943871,12.554804558178905,37.2774373119621,0.9796136916454901,0.9981707480458889,25.218106,635.952870227236,0.9795302657838054,5.163241925350947,-1975.039060987802,5414.846344365945,2714.46141517598,89.99227985132664,104.03624346792648,60.9
2021-04-14,63.7,69.4,60.8,994.8,7.0,2.8,5.8,-93.85312328112259,25.218106,110.039197,173.73,66.77279817065835,12.57886307767504,37.390649850365314,0.9760105506323683,0.9981707480458889,25.218106,635.952870227236,0.9795302657838054,5.163241925350947,-1975.039060987802,5414.846344365945,2714.46141517598,89.99227985132664,104.03624346792648,59.8
2021-04-15,62.6,66.6,60.8,994.7,5.0,2.2,3.9,-1.8903907917337701,25.218106,110.039197,173.73,65.74461988364297,12.60280253360568,37.501581844185246,0.9721181966290613,0.9981707480458889,25.218106,635.952870227236,0.9795302657838054,5.163241925350947,-1975.039060987802,5414.846344365945,2714.46141517598,89.99227985132664,104.03624346792648,61.0
2021-04-16,65.1,69.8,60.8,997.0,8.4,2.4,5.8,-46.76715273067061,25.218106,110.039197,173.73,68.49939723552825,12.626617001940692,37.610228299281374,0.9679377830240642,0.9981707480458889,25.218106,635.952870227236,0.9795302657838054,5.163241925350947,-1975.039060987802,5414.846344365945,2714.46141517598,89.99227985132664,104.03624346792648,61.0
2021-04-17,67.4,73.4,62.6,998.9,4.8,3.9,9.7,-36.993718237688356,25.218106,110.039197,173.73,71.05252095893935,12.650300467466948,37.71658611736902,0.9634705485641488,0.9981707480458889,25.218106,635.952870227236,0.9795302657838054,5.163241925350947,-1975.039060987802,5414.846344365945,2714.46141517598,89.99227985132664,104.03624346792648,61.1
2021-04-18,61.4,72.9,57.2,996.1,3.0,3.6,5.8,15.258762364969527,25.218106,110.039197,173.73,64.84784957362407,12.67384682220666,37.82065405528635,0.9587178169872964,0.9981707480458889,25.218106,635.952870227236,0.9795302657838054,5.163241925350947,-1975.039060987802,5414.846344365945,2714.46141517598,89.99227985132664,104.03624346792648,60.0
2021-04-19,60.8,64.2,57.9,993.3,3.8,2.9,5.8,85.09974414014405,25.218106,110.039197,173.73,64.33273264483232,12.697249864111642,37.922432681873474,0.9536809966304457,0.9981707480458889,25.218106,635.952870227236,0.9795302657838054,5.163241925350947,-1975.039060987802,5414.846344365945,2714.46141517598,89.99227985132664,104.03624346792648,59.7
2021-04-20,65.6,67.6,58.3,991.9,4.3,2.8,5.8,65.17854451838011,25.218106,110.039197,173.73,69.53875135171747,12.72050329604588,38.02192433256636,0.9483615800121715,0.9981707480458889,25.218106,635.952870227236,0.9795302657838054,5.163241925350947,-1975.039060987802,5414.846344365945,2714.46141517598,89.99227985132664,104.03624346792648,64.1
2021-04-21,72.2,79.3,61.9,991.2,3.2,1.9,5.8,30.02819398644765,25.218106,110.039197,173.73,76.67399769582954,12.743600725068623,38.11913306181201,0.9427611433904207,0.9981707480458889,25.218106,635.952870227236,0.9795302657838054,5.163241925350947,-1975.039060987802,5414.846344365945,2714.46141517598,89.99227985132664,104.03624346792648,69.2
2021-04-22,76.8,86.9,66.6,989.5,5.0,3.5,7.8,22.24810089907067,25.218106,110.039197,173.73,81.70582823699355,12.766535662030241,38.21406459341542,0.9368813462954315,0.9981707480458889,25.218106,635.952870227236,0.9795302657838054,5.163241925350947,-1975.039060987802,5414.846344365945,2714.46141517598,89.99227985132664,104.03624346792648,71.1
2021-04-23,77.7,87.8,70.7,987.9,6.2,3.6,7.8,0.10285826653859687,25.218106,110.039197,173.73,82.81072735166549,12.789301521492739,38.306726268931364,0.9307239310379795,0.9981707480458889,25.218106,635.952870227236,0.9795302657838054,5.163241925350947,-1975.039060987802,5414.846344365945,2714.46141517598,89.99227985132664,104.03624346792648,70.0
2021-04-24,72.3,87.8,62.6,990.4,5.2,3.6,15.5,177.3663923138302,25.218106,110.039197,173.73,77.19164702246995,12.811891621986714,38.397126994217345,0.9242907221930933,0.9981707480458889,25.218106,635.952870227236,0.9795302657838054,5.163241925350947,-1975.039060987802,5414.846344365945,2714.46141517598,89.99227985132664,104.03624346792648,68.5
2021-04-25,65.0,78.6,60.8,996.2,9.1,6.6,11.7,34.13210463552026,25.218106,110.039197,173.73,69.51912059417094,12.834299186616175,38.48527718426663,0.9175836260593937,0.9981707480458889,25.218106,635.952870227236,0.9795302657838054,5.163241925350947,-1975.039060987802,5414.846344365945,2714.46141517598,89.99227985132664,104.03624346792648,57.6
2021-04-26,63.3,69.8,59.9,996.7,8.3,3.2,7.8,-37.39991297955612,25.218106,110.039197,173.73,67.8181289897174,12.856517344022256,38.57118870644228,0.9106046300942162,0.9981707480458889,25.218106,635.952870227236,0.9795302657838054,5.163241925350947,-1975.039060987802,5414.846344365945,2714.46141517598,89.99227985132664,104.03624346792648,59.5
2021-04-27,65.4,69.8,60.1,997.8,9.2,2.7,5.8,-45.91116163151365,25.218106,110.039197,173.73,70.18803825695491,12.878539129716495,38.654874822234746,0.9033558023246845,0.9981707480458889,25.218106,635.952870227236,0.9795302657838054,5.163241925350947,-1975.039060987802,5414.846344365945,2714.46141517598,89.99227985132664,104.03624346792648,60.3
2021-04-28,63.6,69.1,59.0,999.4,4.9,2.7,5.8,36.22853741072868,25.218106,110.039197,173.73,68.3718946853068,12.900357487793736,38.73635012766785,0.895839290734909,0.9981707480458889,25.218106,635.952870227236,0.9795302657838054,5.163241925350947,-1975.039060987802,5414.846344365945,2714.46141517598,89.99227985132664,104.03624346792648,60.2
2021-04-29,69.8,84.2,55.4,995.1,6.6,2.1,5.8,17.727840219347577,25.218106,110.039197,173.73,75.1627646714825,12.921965273034244,38.815630492478,0.8880573226294932,0.9981707480458889,25.218106,635.952870227236,0.9795302657838054,5.163241925350947,-1975.039060987802,5414.846344365945,2714.46141517598,89.99227985132664,104.03624346792648,58.2
2021-04-30,75.0,89.6,59.2,992.8,7.6,3.4,9.7,-180.00246472744695,25.218106,110.039197,173.73,80.89597033377375,12.9433552534038,38.89273299819322,0.8800122039735357,0.9981707480458889,25.218106,635.952870227236,0.9795302657838054,5.163241925350947,-1975.039060987802,5414.846344365945,2714.46141517598,89.99227985132664,104.03624346792648,61.2
2021-05-01,78.7,91.4,66.4,992.0,7.0,2.8,5.8,90.21400186231783,25.218106,110.039197,173.73,85.02564440749572,12.964520112959956,38.96767587523841,0.8717063187093218,0.9981707480458889,25.218106,635.952870227236,0.9795302657838054,5.163241925350947,-1975.039060987802,5414.846344365945,2714.46141517598,89.99227985132664,104.03624346792648,66.6
2021-05-02,78.4,90.7,71.4,991.4,7.1,2.7,13.6,23.3,25.218106,110.039197,173.73,84.83828937378813,12.985452455171652,39.04047843919369,0.8631421280499114,0.9981707480458889,25.218106,635.952870227236,0.9795302657838054,5.163241925350947,-1975.039060987802,5414.846344365945,2714.46141517598,89.99227985132664,104.03624346792648,71.1
2021-05-03,76.1,89.6,68.9,988.9,7.6,5.7,15.5,66.27506206932804,25.218106,110.039197,173.73,82.48063498222615,13.006144806658526,39.111161026332056,0.854322169749827,0.9981707480458889,25.218106,635.952870227236,0.9795302657838054,5.163241925350947,-1975.039060987802,5414.846344365945,2714.46141517598,89.99227985132664,104.03624346792648,71.6
2021-05-04,69.6,82.8,64.4,994.0,6.8,4.0,9.7,51.93148047369824,25.218106,110.039197,173.73,75.55421980386053,13.026589621355265,39.17974492856238,0.8452490573530633,0.9981707480458889,25.218106,635.952870227236,0.9795302657838054,5.163241925350947,-1975.039060987802,5414.846344365945,2714.46141517598,89.99227985132664,104.03624346792648,65.3
2021-05-05,70.5,75.0,68.0,996.0,4.4,1.7,5.8,-107.95048925564213,25.218106,110.039197,173.73,76.64982829999276,13.046779285105151,39.2462523279024,0.8359254794186372,0.9981707480458889,25.218106,635.952870227236,0.9795302657838054,5.163241925350947,-1975.039060987802,5414.846344365945,2714.46141517598,89.99227985132664,104.03624346792648,65.1
2021-05-06,72.3,77.0,68.5,994.5,2.1,1.6,3.9,-18.572415892312428,25.218106,110.039197,173.73,78.72690437713199,13.066706120685808,39.31070623060561,0.8263541987239096,0.9981707480458889,25.218106,635.952870227236,0.9795302657838054,5.163241925350947,-1975.039060987802,5414.846344365945,2714.46141517598,89.99227985132664,104.03624346792648,69.6
2021-05-07,76.3,86.0,69.8,992.0,4.1,3.1,11.7,23.3,25.218106,110.039197,173.73,83.20745421720136,13.08636239326889,39.373130401063776,0.8165380514459161,0.9981707480458889,25.218106,635.952870227236,0.9795302657838054,5.163241925350947,-1975.039060987802,5414.846344365945,2714.46141517598,89.99227985132664,104.03624346792648,72.6
2021-05-08,77.7,86.0,69.8,989.6,7.6,2.6,5.8,135.85183104819836,25.218106,110.039197,173.73,84.85966854813309,13.10574031631399,39.433549295605495,0.8064799463209448,0.9981707480458889,25.218106,635.952870227236,0.9795302657838054,5.163241925350947,-1975.039060987802,5414.846344365945,2714.46141517598,89.99227985132664,104.03624346792648,71.7
2021-05-09,77.2,86.0,71.4,987.7,3.2,1.9,3.9,98.97000883286864,25.218106,110.039197,173.73,84.43641957246199,13.124832057895647,39.491987996308644,0.7961828637826158,0.9981707480458889,25.218106,635.952870227236,0.9795302657838054,5.163241925350947,-1975.039060987802,5414.846344365945,2714.46141517598,89.99227985132664,104.03624346792648,73.9
2021-05-10,82.4,87.8,72.5,985.3,7.9,6.2,15.5,-24.991040272525673,25.218106,110.039197,173.73,90.25292426589732,13.143629747460775,39.5484721449424,0.7856498550787147,0.9981707480458889,25.218106,635.952870227236,0.9795302657838054,5.163241925350947,-1975.039060987802,5414.846344365945,2714.46141517598,89.99227985132664,104.03624346792648,73.1
2021-05-11,81.8,93.7,71.6,986.1,7.4,6.5,13.6,-61.061765543553676,25.218106,110.039197,173.73,89.72182204253272,13.162125483012137,39.60302787715156,0.7748840413670407,0.9981707480458889,25.218106,635.952870227236,0.9795302657838054,5.163241925350947,-1975.039060987802,5414.846344365945,2714.46141517598,89.99227985132664,104.03624346792648,73.7
2021-05-12,76.2,93.7,69.8,987.0,6.9,2.2,5.8,22.0,25.218106,110.039197,173.73,83.6949770008204,13.180311338711872,39.655681756993154,0.7638886127905428,0.9981707480458889,25.218106,635.952870227236,0.9795302657838054,5.163241925350947,-1975.039060987802,5414.846344365945,2714.46141517598,89.99227985132664,104.03624346792648,72.4
2021-05-13,78.6,84.2,71.8,986.8,9.5,3.5,9.7,6.040885949265402,25.218106,110.039197,173.73,86.44807489247685,13.19817937289723,39.706460711931925,0.7526668275320085,0.9981707480458889,25.218106,635.952870227236,0.9795302657838054,5.163241925350947,-1975.039060987802,5414.846344365945,2714.46141517598,89.99227985132664,104.03624346792648,73.1
2021-05-14,83.7,91.4,74.8,985.5,8.8,8.2,17.5,22.5,25.218106,110.039197,173.73,92.17965841457948,13.215721636498849,39.75539196839826,0.7412220108485958,0.9981707480458889,25.218106,635.952870227236,0.9795302657838054,5.163241925350947,-1975.039060987802,5414.846344365945,2714.46141517598,89.99227985132664,104.03624346792648,75.2
2021-05-15,83.7,89.6,79.2,985.5,8.0,7.4,13.6,-9.219078266031065,25.218106,110.039197,173.73,92.29968801840391,13.232930181850023,39.80250298800773,0.7295575540864875,0.9981707480458889,25.218106,635.952870227236,0.9795302657838054,5.163241925350947,-1975.039060987802,5414.846344365945,2714.46141517598,89.99227985132664,104.03624346792648,76.1
2021-05-16,79.2,91.0,66.2,988.3,8.9,8.0,15.5,25.3,25.218106,110.039197,173.73,87.44866067436476,13.249797071873447,39.847821404538934,0.717676913675962,0.9981707480458889,25.218106,635.952870227236,0.9795302657838054,5.163241925350947,-1975.039060987802,5414.846344365945,2714.46141517598,89.99227985132664,104.03624346792648,72.2
2021-05-17,65.2,91.0,62.6,992.7,6.8,4.4,5.8,13.6,25.218106,110.039197,173.73,72.08030818365589,13.266314389629919,39.89137496176077,0.705583610107178,0.9981707480458889,25.218106,635.952870227236,0.9795302657838054,5.163241925350947,-1975.039060987802,5414.846344365945,2714.46141517598,89.99227985132664,104.03624346792648,61.8
2021-05-18,64.0,69.1,62.6,991.3,5.9,2.5,5.8,52.23115126189751,25.218106,110.039197,173.73,70.83986265712825,13.282474248211546,39.933191452197896,0.6932812268869777,0.9981707480458889,25.218106,635.952870227236,0.9795302657838054,5.163241925350947,-1975.039060987802,5414.846344365945,2714.46141517598,89.99227985132664,104.03624346792648,61.6
2021-05-19,65.7,67.5,62.8,988.2,4.5,2.3,7.8,162.43928358059506,25.218106,110.039197,173.73,72.80802168525506,13.298268800959828,39.973298656917436,0.6807734094770161,0.9981707480458889,25.218106,635.952870227236,0.9795302657838054,5.163241925350947,-1975.039060987802,5414.846344365945,2714.46141517598,89.99227985132664,104.03624346792648,64.1
2021-05-20,65.1,69.8,62.8,990.1,5.5,3.3,7.8,-13.060261183047722,25.218106,110.039197,173.73,72.22676961703029,13.31369025198715,40.0117242864168,0.6680638642135335,0.9981707480458889,25.218106,635.952870227236,0.9795302657838054,5.163241925350947,-1975.039060987802,5414.846344365945,2714.46141517598,89.99227985132664,104.03624346792648,62.6
2021-05-21,66.5,69.8,62.8,987.5,2.9,1.9,5.8,-112.48663436247014,25.218106,110.039197,173.73,73.8633835545032,13.328730866978022,40.04849592268748,0.6551563572090853,0.9981707480458889,25.218106,635.952870227236,0.9795302657838054,5.163241925350947,-1975.039060987802,5414.846344365945,2714.46141517598,89.99227985132664,104.03624346792648,64.3
2021-05-22,71.8,75.2,63.3,985.8,1.9,1.3,3.9,111.77520076108657,25.218106,110.039197,173.73,79.83790818906293,13.343382984244501,40.083640962525706,0.6420547132365637,0.9981707480458889,25.218106,635.952870227236,0.9795302657838054,5.163241925350947,-1975.039060987802,5414.846344365945,2714.46141517598,89.99227985132664,104.03624346792648,69.9
2021-05-23,73.6,84.2,66.2,990.3,4.4,4.0,9.7,-127.37663104416683,25.218106,110.039197,173.73,81.92685269285083,13.35763902600829,40.11718656215611,0.6287628145958344,0.9981707480458889,25.218106,635.952870227236,0.9795302657838054,5.163241925350947,-1975.039060987802,5414.846344365945,2714.46141517598,89.99227985132664,104.03624346792648,70.4
2021-05-24,72.0,82.8,66.0,994.3,5.6,3.1,7.8,150.79704894892004,25.218106,110.039197,173.73,80.22894905927998,13.371491509879998,40.149159583230144,0.6152845999633276,0.9981707480458889,25.218106,635.952870227236,0.9795302657838054,5.163241925350947,-1975.039060987802,5414.846344365945,2714.46141517598,89.99227985132664,104.03624346792648,66.1
2021-05-25,77.0,84.2,66.2,990.5,4.0,1.3,5.8,45.36248568946231,25.218106,110.039197,173.73,85.88665380490293,13.384933060504354,40.17958654025696,0.6016240632249226,0.9981707480458889,25.218106,635.952870227236,0.9795302657838054,5.163241925350947,-1975.039060987802,5414.846344365945,2714.46141517598,89.99227985132664,104.03624346792648,70.7
2021-05-26,80.7,90.7,72.3,988.5,6.2,3.5,9.7,143.12549562461692,25.218106,110.039197,173.73,90.10125693350011,13.397956421338305,40.20849354951934,0.5877852522924732,0.9981707480458889,25.218106,635.952870227236,0.9795302657838054,5.163241925350947,-1975.039060987802,5414.846344365945,2714.46141517598,89.99227985132664,104.03624346792648,76.1
2021-05-27,78.6,90.7,71.6,990.1,6.4,2.8,7.8,-53.37988117467287,25.218106,110.039197,173.73,87.83913175575422,13.410554466527362,40.23590627952373,0.5737722679043246,0.9981707480458889,25.218106,635.952870227236,0.9795302657838054,5.163241925350947,-1975.039060987802,5414.846344365945,2714.46141517598,89.99227985132664,104.03624346792648,72.7
2021-05-28,82.4,95.0,72.3,989.0,8.3,4.5,9.7,-124.27991738084643,25.218106,110.039197,173.73,92.1693454615286,13.422720212843968,40.26184990302877,0.5595892624101765,0.9981707480458889,25.218106,635.952870227236,0.9795302657838054,5.163241925350947,-1975.039060987802,5414.846344365945,2714.46141517598,89.99227985132664,104.03624346792648,72.6
2021-05-29,74.7,94.3,69.8,987.6,5.6,3.5,7.8,14.451196615674743,25.218106,110.039197,173.73,83.62943152702339,13.434446831650343,40.28634905069239,0.545240438540651,0.9981707480458889,25.218106,635.952870227236,0.9795302657838054,5.163241925350947,-1975.039060987802,5414.846344365945,2714.46141517598,89.99227985132664,104.03624346792648,70.0
2021-05-30,71.6,78.3,69.3,986.2,3.6,1.5,3.9,0.8906831543430549,25.218106,110.039197,173.73,80.22617504305342,13.445727660846943,40.30942776637406,0.5307300481619334,0.9981707480458889,25.218106,635.952870227236,0.9795302657838054,5.163241925350947,-1975.039060987802,5414.846344365945,2714.46141517598,89.99227985132664,104.03624346792648,69.8
2021-05-31,79.4,86.0,69.3,985.0,7.0,2.1,9.7,-20.47750285688165,25.218106,110.039197,173.73,89.0375469676062,13.45655621676668,40.3311094641245,0.5160623910158528,0.9981707480458889,25.218106,635.952870227236,0.9795302657838054,5.163241925350947,-1975.039060987802,5414.846344365945,2714.46141517598,89.99227985132664,104.03624346792648,72.6
2021-06-01,78.7,86.0,73.6,985.8,3.0,2.1,3.9,149.97889033640251,25.218106,110.039197,173.73,88.32059103417967,13.466926205974028,40.351416886891435,0.5012418134457758,0.9981707480458889,25.218106,635.952870227236,0.9795302657838054,5.163241925350947,-1975.039060987802,5414.846344365945,2714.46141517598,89.99227985132664,104.03624346792648,75.3
2021-06-02,76.9,83.7,75.0,986.3,5.4,2.4,9.7,90.95017790570837,25.218106,110.039197,173.73,86.36402876581127,13.476831536927635,40.37037206696663,0.48627270710868997,0.9981707480458889,25.218106,635.952870227236,0.9795302657838054,5.163241925350947,-1975.039060987802,5414.846344365945,2714.46141517598,89.99227985132664,104.03624346792648,74.6
2021-06-03,74.0,84.2,68.0,987.8,6.2,4.8,19.4,28.2,25.218106,110.039197,173.73,83.16530904402995,13.486266331464316,40.387996288195836,0.4711595076738638,0.9981707480458889,25.218106,635.952870227236,0.9795302657838054,5.163241925350947,-1975.039060987802,5414.846344365945,2714.46141517598,89.99227985132664,104.03624346792648,70.5
2021-06-04,73.5,82.9,64.4,989.4,9.2,2.9,7.8,49.055208489391035,25.218106,110.039197,173.73,82.65825273338135,13.495224936062261,40.40431004997039,0.4559066935084588,0.9981707480458889,25.218106,635.952870227236,0.9795302657838054,5.163241925350947,-1975.039060987802,5414.846344365945,2714.46141517598,89.99227985132664,104.03624346792648,63.3
2021-06-05,76.4,90.9,62.6,986.4,9.0,2.4,5.8,-66.22682491655559,25.218106,110.039197,173.73,85.97356897242138,13.503701932841052,40.41933303301577,0.440518784350495,0.9981707480458889,25.218106,635.952870227236,0.9795302657838054,5.163241925350947,-1975.039060987802,5414.846344365945,2714.46141517598,89.99227985132664,104.03624346792648,61.6
2021-06-06,80.0,96.1,66.4,986.2,7.9,2.3,5.8,63.87768973157779,25.218106,110.039197,173.73,90.07794766837597,13.511692150256394,40.43308406699025,0.42500033996955416,0.9981707480458889,25.218106,635.952870227236,0.9795302657838054,5.163241925350947,-1975.039060987802,5414.846344365945,2714.46141517598,89.99227985132664,104.03624346792648,65.4
2021-06-07,81.9,96.1,69.8,988.0,7.8,2.7,5.8,61.994160826280904,25.218106,110.039197,173.73,92.26847634628119,13.519190673447792,40.44558109990371,0.4093559588156213,0.9981707480458889,25.218106,635.952870227236,0.9795302657838054,5.163241925350947,-1975.039060987802,5414.846344365945,2714.46141517598,89.99227985132664,104.03624346792648,66.8
2021-06-08,83.9,95.7,73.4,988.1,6.6,2.3,5.8,-3.0305190852353654,25.218106,110.039197,173.73,94.57063170560205,13.526192854198147,40.45684116936474,0.39359027665646673,0.9981707480458889,25.218106,635.952870227236,0.9795302657838054,5.163241925350947,-1975.039060987802,5414.846344365945,2714.46141517598,89.99227985132664,104.03624346792648,70.3
2021-06-09,82.1,95.7,75.2,987.1,4.0,1.5,5.8,128.79467139270676,25.218106,110.039197,173.73,92.5861836425155,13.532694320465115,40.46688037566186,0.3777079652039649,0.9981707480458889,25.218106,635.952870227236,0.9795302657838054,5.163241925350947,-1975.039060987802,5414.846344365945,2714.46141517598,89.99227985132664,104.03624346792648,75.0
2021-06-10,82.8,91.4,75.2,986.4,4.7,3.2,5.8,-66.14144363839628,25.218106,110.039197,173.73,93.4169677995721,13.538690985445234,40.47571385668304,0.36171373072976765,0.9981707480458889,25.218106,635.952870227236,0.9795302657838054,5.163241925350947,-1975.039060987802,5414.846344365945,2714.46141517598,89.99227985132664,104.03624346792648,75.1
2021-06-11,82.3,93.2,75.2,987.7,5.0,3.0,7.8,-36.12850328001451,25.218106,110.039197,173.73,92.89049469331391,13.544179056133256,40.483355764675814,0.3456123126707335,0.9981707480458889,25.218106,635.952870227236,0.9795302657838054,5.163241925350947,-1975.039060987802,5414.846344365945,2714.46141517598,89.99227985132664,104.03624346792648,76.3
2021-06-12,84.7,93.6,77.0,987.9,8.2,3.3,7.8,-109.34792729862824,25.218106,110.039197,173.73,95.63445266679693,13.54915504134077,40.48981924484924,0.3294084822245304,0.9981707480458889,25.218106,635.952870227236,0.9795302657838054,5.163241925350947,-1975.039060987802,5414.846344365945,2714.46141517598,89.99227985132664,104.03624346792648,76.2
2021-06-13,83.2,93.6,77.0,986.7,10.0,3.2,7.8,82.38301530284664,25.218106,110.039197,173.73,93.9717359300377,13.553615759140051,40.49511641581745,0.3131070409358269,0.9981707480458889,25.218106,635.952870227236,0.9795302657838054,5.163241925350947,-1975.039060987802,5414.846344365945,2714.46141517598,89.99227985132664,104.03624346792648,75.5
2021-06-14,84.1,92.8,78.8,983.6,10.4,6.2,13.6,46.267072138613074,25.218106,110.039197,173.73,95.01588805877273,13.557558343701222,40.49925835188379,0.29671281927349075,0.9981707480458889,25.218106,635.952870227236,0.9795302657838054,5.163241925350947,-1975.039060987802,5414.846344365945,2714.46141517598,89.99227985132664,104.03624346792648,75.1
2021-06-15,82.9,91.4,77.0,982.9,8.2,4.4,11.7,-20.73227705400597,25.218106,110.039197,173.73,93.6837719040651,13.560980251493138,40.50225506716379,0.28023067519921585,0.9981707480458889,25.218106,635.952870227236,0.9795302657838054,5.163241925350947,-1975.039060987802,5414.846344365945,2714.46141517598,89.99227985132664,104.03624346792648,75.8
2021-06-16,82.7,91.4,77.7,985.2,6.7,2.5,7.8,-65.03534249949114,25.218106,110.039197,173.73,93.47773461384058,13.563879266820882,40.50411550154437,0.26366549272800704,0.9981707480458889,25.218106,635.952870227236,0.9795302657838054,5.163241925350947,-1975.039060987802,5414.846344365945,2714.46141517598,89.99227985132664,104.03624346792648,78.1
2021-06-17,87.6,95.2,79.9,986.0,9.7,4.8,9.7,-125.18511971616448,25.218106,110.039197,173.73,99.03365059873163,13.566253506675567,40.5048475084768,0.24702218048093552,0.9981707480458889,25.218106,635.952870227236,0.9795302657838054,5.163241925350947,-1975.039060987802,5414.846344365945,2714.46141517598,89.99227985132664,104.03624346792648,76.4
2021-06-18,87.1,95.2,78.8,984.8,9.5,5.7,13.6,-58.42400909396663,25.218106,110.039197,173.73,98.48180284221723,13.568101424874936,40.50445784460002,0.23030567023061221,0.9981707480458889,25.218106,635.952870227236,0.9795302657838054,5.163241925350947,-1975.039060987802,5414.846344365945,2714.46141517598,89.99227985132664,104.03624346792648,76.8
2021-06-19,86.9,95.2,80.6,982.5,8.4,4.1,13.6,9.829513216789607,25.218106,110.039197,173.73,98.26522964707463,13.569421815476357,40.50295216119158,0.21352091543979612,0.9981707480458889,25.218106,635.952870227236,0.9795302657838054,5.163241925350947,-1975.039060987802,5414.846344365945,2714.46141517598,89.99227985132664,104.03624346792648,78.1
2021-06-20,85.1,96.6,77.0,982.0,7.6,4.5,13.6,14.6,25.218106,110.039197,173.73,96.23543297454441,13.570213815446921,40.500334997442856,0.19667288979357647,0.9981707480458889,25.218106,635.952870227236,0.9795302657838054,5.163241925350947,-1975.039060987802,5414.846344365945,2714.46141517598,89.99227985132664,104.03624346792648,77.1
2021-06-21,79.4,96.6,75.2,984.8,4.0,2.7,5.8,-41.4594570268301,25.218106,110.039197,173.73,89.79132219852904,13.570476906578694,40.496609775555655,0.1797665857255624,0.9981707480458889,25.218106,635.952870227236,0.9795302657838054,5.163241925350947,-1975.039060987802,5414.846344365945,2714.46141517598,89.99227985132664,104.03624346792648,75.9
2021-06-22,83.9,93.2,76.3,986.1,6.6,2.9,9.7,-36.832124631444344,25.218106,110.039197,173.73,94.87839132551133,13.570210916640477,40.49177879765763,0.16280701293851715,0.9981707480458889,25.218106,635.952870227236,0.9795302657838054,5.163241925350947,-1975.039060987802,5414.846344365945,2714.46141517598,89.99227985132664,104.03624346792648,73.6
2021-06-23,83.0,92.5,77.0,986.4,5.6,2.7,7.8,107.54628838295342,25.218106,110.039197,173.73,93.85512747001296,13.569416019760908,40.4858432445338,0.1457991969198751,0.9981707480458889,25.218106,635.952870227236,0.9795302657838054,5.163241925350947,-1975.039060987802,5414.846344365945,2714.46141517598,89.99227985132664,104.03624346792648,74.1
2021-06-24,83.7,92.8,77.0,985.5,5.0,2.8,3.9,13.816085605939833,25.218106,110.039197,173.73,94.63744683388691,13.568092736041136,40.47880317617223,0.12874817745258132,0.9981707480458889,25.218106,635.952870227236,0.9795302657838054,5.163241925350947,-1975.039060987802,5414.846344365945,2714.46141517598,89.99227985132664,104.03624346792648,75.2
2021-06-25,84.0,92.8,77.0,985.2,9.6,4.0,11.7,67.79501450336309,25.218106,110.039197,173.73,94.9636935127921,13.566241930398872,40.47065753412214,0.11165900712169512,0.9981707480458889,25.218106,635.952870227236,0.9795302657838054,5.163241925350947,-1975.039060987802,5414.846344365945,2714.46141517598,89.99227985132664,104.03624346792648,75.4
2021-06-26,82.0,92.8,77.0,985.5,6.8,3.2,9.7,19.4,25.218106,110.039197,173.73,92.68640953943459,13.563864810648965,40.46140414566271,0.09453674981719912,0.9981707480458889,25.218106,635.952870227236,0.9795302657838054,5.163241925350947,-1975.039060987802,5414.846344365945,2714.46141517598,89.99227985132664,104.03624346792648,77.1
2021-06-27,83.9,93.2,77.5,983.6,6.9,4.1,11.7,-128.2432114827195,25.218106,110.039197,173.73,94.81373244943082,13.560962924829196,40.45103972978178,0.07738647923346301,0.9981707480458889,25.218106,635.952870227236,0.9795302657838054,5.163241925350947,-1975.039060987802,5414.846344365945,2714.46141517598,89.99227985132664,104.03624346792648,79.1
2021-06-28,80.4,90.9,77.0,983.1,5.1,2.7,9.7,-11.776844828816369,25.218106,110.039197,173.73,90.83550565714786,13.557538157783261,40.43955990496326,0.06021327736579302,0.9981707480458889,25.218106,635.952870227236,0.9795302657838054,5.163241925350947,-1975.039060987802,5414.846344365945,2714.46141517598,89.99227985132664,104.03624346792648,78.1
2021-06-29,79.8,91.6,76.8,983.6,5.3,2.8,7.8,11.7,25.218106,110.039197,173.73,90.13139163465785,13.553592727016218,40.426959198782754,0.04302223300453059,0.9981707480458889,25.218106,635.952870227236,0.9795302657838054,5.163241925350947,-1975.039060987802,5414.846344365945,2714.46141517598,89.99227985132664,104.03624346792648,76.5
2021-06-30,80.1,91.6,76.8,983.7,5.3,3.5,9.7,12.515410628427226,25.218106,110.039197,173.73,90.44043726208784,13.549129177840877,40.413231059310526,0.02581844022713308,0.9981707480458889,25.218106,635.952870227236,0.9795302657838054,5.163241925350947,-1975.039060987802,5414.846344365945,2714.46141517598,89.99227985132664,104.03624346792648,77.9
2021-07-01,80.2,84.2,77.0,983.0,3.9,3.9,9.7,-56.880943829105505,25.218106,110.039197,173.73,90.52007169187446,13.544150377836578,40.39836786832166,0.008606996888688698,0.9981707480458889,25.218106,635.952870227236,0.9795302657838054,5.163241925350947,-1975.039060987802,5414.846344365945,2714.46141517598,89.99227985132664,104.03624346792648,78.3
2021-07-02,81.5,86.0,78.8,983.6,6.2,5.2,11.7,-77.07937042253013,25.218106,110.039197,173.73,91.95006250979566,13.538659510644758,40.382360956311835,-0.008606996888688009,0.9981707480458889,25.218106,635.952870227236,0.9795302657838054,5.163241925350947,-1975.039060987802,5414.846344365945,2714.46141517598,89.99227985132664,104.03624346792648,78.4
2021-07-03,80.7,91.4,77.0,984.7,5.4,3.7,15.5,112.53464138208645,25.218106,110.039197,173.73,91.00713896488836,13.53266006912838,40.36520061931853,-0.02581844022713239,0.9981707480458889,25.218106,635.952870227236,0.9795302657838054,5.163241925350947,-1975.039060987802,5414.846344365945,2714.46141517598,89.99227985132664,104.03624346792648,77.6
2021-07-04,81.6,89.8,75.2,986.7,5.0,2.4,11.7,142.29151353833376,25.218106,110.039197,173.73,91.97785976588887,13.526155847924835,40.346876137545365,-0.04302223300453034,0.9981707480458889,25.218106,635.952870227236,0.9795302657838054,5.163241925350947,-1975.039060987802,5414.846344365945,2714.46141517598,89.99227985132664,104.03624346792648,77.8
2021-07-05,84.6,95.0,76.3,987.0,6.7,3.6,11.7,-97.06278559658563,25.218106,110.039197,173.73,95.31001409474119,13.519150935424284,40.32737579578791,-0.060213277365792774,0.9981707480458889,25.218106,635.952870227236,0.9795302657838054,5.163241925350947,-1975.039060987802,5414.846344365945,2714.46141517598,89.99227985132664,104.03624346792648,76.9
2021-07-06,86.0,96.6,77.0,986.8,7.9,2.9,9.7,-15.69856525226777,25.218106,110.039197,173.73,96.83348955398667,13.511649705207441,40.30668690565766,-0.07738647923346322,0.9981707480458889,25.218106,635.952870227236,0.9795302657838054,5.163241925350947,-1975.039060987802,5414.846344365945,2714.46141517598,89.99227985132664,104.03624346792648,76.7
2021-07-07,87.6,96.6,77.0,989.0,9.3,4.5,9.7,156.46790979006096,25.218106,110.039197,173.73,98.57669469094508,13.50365680697878,40.28479582960032,-0.09453674981719933,0.9981707480458889,25.218106,635.952870227236,0.9795302657838054,5.163241925350947,-1975.039060987802,5414.846344365945,2714.46141517598,89.99227985132664,104.03624346792648,74.7
2021-07-08,84.3,95.2,77.0,990.7,8.3,2.8,7.8,-97.43572919031823,25.218106,110.039197,173.73,94.80361952815504,13.495177157032746,40.26168800670309,-0.11165900712169444,0.9981707480458889,25.218106,635.952870227236,0.9795302657838054,5.163241925350947,-1975.039060987802,5414.846344365945,2714.46141517598,89.99227985132664,104.03624346792648,75.9
2021-07-09,85.1,94.5,75.2,990.3,8.3,4.0,11.7,47.44538795809204,25.218106,110.039197,173.73,95.63974795813667,13.486215928291895,40.23734798028415,-0.12874817745258066,0.9981707480458889,25.218106,635.952870227236,0.9795302657838054,5.163241925350947,-1975.039060987802,5414.846344365945,2714.46141517598,89.99227985132664,104.03624346792648,74.7
2021-07-10,85.6,96.3,75.2,989.8,7.2,4.6,11.7,172.86252449867152,25.218106,110.039197,173.73,96.13435358502814,13.476778539957218,40.21175942725633,-0.14579919691987442,0.9981707480458889,25.218106,635.952870227236,0.9795302657838054,5.163241925350947,-1975.039060987802,5414.846344365945,2714.46141517598,89.99227985132664,104.03624346792648,75.0
2021-07-11,86.2,96.3,77.0,989.8,7.9,6.7,15.5,185.32480934139622,25.218106,110.039197,173.73,96.73702081293018,13.466870646811625,40.184905189254394,-0.16280701293851646,0.9981707480458889,25.218106,635.952870227236,0.9795302657838054,5.163241925350947,-1975.039060987802,5414.846344365945,2714.46141517598,89.99227985132664,104.03624346792648,72.7
2021-07-12,87.3,96.1,80.6,987.9,7.9,6.9,13.6,14.558091002127597,25.218106,110.039197,173.73,97.89602388278854,13.456498128218355,40.15676730551371,-0.17976658572556214,0.9981707480458889,25.218106,635.952870227236,0.9795302657838054,5.163241925350947,-1975.039060987802,5414.846344365945,2714.46141517598,89.99227985132664,104.03624346792648,74.2
2021-07-13,87.0,97.0,77.0,986.9,8.3,6.8,15.5,-58.00310700573035,25.218106,110.039197,173.73,97.48108630720937,13.445667076856465,40.12732704748601,-0.19667288979357622,0.9981707480458889,25.218106,635.952870227236,0.9795302657838054,5.163241925350947,-1975.039060987802,5414.846344365945,2714.46141517598,89.99227985132664,104.03624346792648,73.9
2021-07-14,87.8,97.5,77.0,987.7,8.2,6.5,15.5,-46.29736746252406,25.218106,110.039197,173.73,98.29490804327466,13.434383787235717,40.09656495517459,-0.2135209154397959,0.9981707480458889,25.218106,635.952870227236,0.9795302657838054,5.163241925350947,-1975.039060987802,5414.846344365945,2714.46141517598,89.99227985132664,104.03624346792648,74.1
2021-07-15,87.1,97.5,77.0,988.8,7.3,4.6,13.6,118.3162260621116,25.218106,110.039197,173.73,97.42610235044054,13.42265474403314,40.06446087516964,-0.23030567023061196,0.9981707480458889,25.218106,635.952870227236,0.9795302657838054,5.163241925350947,-1975.039060987802,5414.846344365945,2714.46141517598,89.99227985132664,104.03624346792648,74.8
2021-07-16,87.3,99.0,75.2,987.8,7.7,4.3,11.7,127.00205892363707,25.218106,110.039197,173.73,97.56129008988341,13.410486610293253,40.03099400036051,-0.24702218048093527,0.9981707480458889,25.218106,635.952870227236,0.9795302657838054,5.163241925350947,-1975.039060987802,5414.846344365945,2714.46141517598,89.99227985132664,104.03624346792648,73.3
2021-07-17,87.5,100.4,78.8,984.7,6.9,3.1,5.8,35.064668050137755,25.218106,110.039197,173.73,97.69292032159808,13.39788621553345,39.99614291129939,-0.2636654927280072,0.9981707480458889,25.218106,635.952870227236,0.9795302657838054,5.163241925350947,-1975.039060987802,5414.846344365945,2714.46141517598,89.99227985132664,104.03624346792648,74.5
2021-07-18,82.2,98.1,75.2,984.5,6.1,3.4,15.5,80.31586623653715,25.218106,110.039197,173.73,91.68629472499832,13.384860543795373,39.959885619187155,-0.2802306751992161,0.9981707480458889,25.218106,635.952870227236,0.9795302657838054,5.163241925350947,-1975.039060987802,5414.846344365945,2714.46141517598,89.99227985132664,104.03624346792648,74.2
2021-07-19,82.3,95.0,75.2,985.0,5.9,3.2,13.6,71.4168823800702,25.218106,110.039197,173.73,91.70563301620284,13.371416721682069,39.922199610448764,-0.2967128192734901,0.9981707480458889,25.218106,635.952870227236,0.9795302657838054,5.163241925350947,-1975.039060987802,5414.846344365945,2714.46141517598,89.99227985132664,104.03624346792648,74.9
2021-07-20,84.0,98.6,77.0,984.3,6.1,4.0,11.7,52.24514311471248,25.218106,110.039197,173.73,93.50293404493917,13.35756200641988,39.88306189286221,-0.3131070409358267,0.9981707480458889,25.218106,635.952870227236,0.9795302657838054,5.163241925350947,-1975.039060987802,5414.846344365945,2714.46141517598,89.99227985132664,104.03624346792648,75.3
2021-07-21,84.8,98.6,78.8,983.0,6.1,3.7,11.7,94.7029497152743,25.218106,110.039197,173.73,94.29268000280985,13.343303773982525,39.84244904320119,-0.3294084822245302,0.9981707480458889,25.218106,635.952870227236,0.9795302657838054,5.163241925350947,-1975.039060987802,5414.846344365945,2714.46141517598,89.99227985132664,104.03624346792648,76.2
2021-07-22,82.9,94.3,77.0,982.0,6.4,2.5,7.8,53.664578664466745,25.218106,110.039197,173.73,92.07875367969177,13.328649507313646,39.80033725634768,-0.3456123126707333,0.9981707480458889,25.218106,635.952870227236,0.9795302657838054,5.163241925350947,-1975.039060987802,5414.846344365945,2714.46141517598,89.99227985132664,104.03624346792648,77.5
2021-07-23,87.6,100.4,75.2,981.1,7.9,5.7,13.6,26.636992157177332,25.218106,110.039197,173.73,97.18932952818164,13.313606784682419,39.756702395827226,-0.3617137307297674,0.9981707480458889,25.218106,635.952870227236,0.9795302657838054,5.163241925350947,-1975.039060987802,5414.846344365945,2714.46141517598,89.99227985132664,104.03624346792648,73.3
2021-07-24,85.6,98.6,75.2,981.7,7.6,5.6,17.5,-34.948504940386115,25.218106,110.039197,173.73,94.86037397986425,13.298183268205268,39.71152004571491,-0.37770796520396466,0.9981707480458889,25.218106,635.952870227236,0.9795302657838054,5.163241925350947,-1975.039060987802,5414.846344365945,2714.46141517598,89.99227985132664,104.03624346792648,73.5
2021-07-25,85.2,97.5,75.2,981.7,6.1,3.6,7.8,67.43887867869606,25.218106,110.039197,173.73,94.30494551721117,13.282386692564954,39.664765563856996,-0.39359027665646645,0.9981707480458889,25.218106,635.952870227236,0.9795302657838054,5.163241925350947,-1975.039060987802,5414.846344365945,2714.46141517598,89.99227985132664,104.03624346792648,74.6
2021-07-26,86.5,98.6,77.0,979.8,6.7,2.1,5.8,6.822473886226528,25.218106,110.039197,173.73,95.62737082226955,13.26622485395647,39.61641413634816,-0.4093559588156211,0.9981707480458889,25.218106,635.952870227236,0.9795302657838054,5.163241925350947,-1975.039060987802,5414.846344365945,2714.46141517598,89.99227985132664,104.03624346792648,75.3
2021-07-27,85.5,100.4,75.2,978.5,6.2,3.1,11.7,-26.19871372311704,25.218106,110.039197,173.73,94.40415239492161,13.249705599287243,39.56644083320078,-0.42500033996955394,0.9981707480458889,25.218106,635.952870227236,0.9795302657838054,5.163241925350947,-1975.039060987802,5414.846344365945,2714.46141517598,89.99227985132664,104.03624346792648,75.5
2021-07-28,87.1,99.3,77.0,979.1,7.3,3.2,13.6,87.55264160894774,25.218106,110.039197,173.73,96.04834055364573,13.232836815657278,39.51482066513847,-0.4405187843504952,0.9981707480458889,25.218106,635.952870227236,0.9795302657838054,5.163241925350947,-1975.039060987802,5414.846344365945,2714.46141517598,89.99227985132664,104.03624346792648,74.9
2021-07-29,86.7,99.5,78.8,980.8,7.0,2.5,5.8,54.533541525872124,25.218106,110.039197,173.73,95.48290088553145,13.21562642014276,39.46152864144201,-0.455906693508459,0.9981707480458889,25.218106,635.952870227236,0.9795302657838054,5.163241925350947,-1975.039060987802,5414.846344365945,2714.46141517598,89.99227985132664,104.03624346792648,75.6
2021-07-30,87.0,99.5,73.4,980.7,7.0,4.9,11.7,141.74269870026342,25.218106,110.039197,173.73,95.68609703680917,13.198082349904713,39.40653982877167,-0.47115950767386394,0.9981707480458889,25.218106,635.952870227236,0.9795302657838054,5.163241925350947,-1975.039060987802,5414.846344365945,2714.46141517598,89.99227985132664,104.03624346792648,76.4
2021-07-31,83.8,97.9,75.2,980.4,7.9,3.3,7.8,-63.575684181975326,25.218106,110.039197,173.73,92.04181765928485,13.180212552642221,39.349829410886294,-0.4862727071086902,0.9981707480458889,25.218106,635.952870227236,0.9795302657838054,5.163241925350947,-1975.039060987802,5414.846344365945,2714.46141517598,89.99227985132664,104.03624346792648,76.4
2021-08-01,87.3,99.3,78.8,979.4,7.1,2.7,3.9,42.222282214899366,25.218106,110.039197,173.73,95.75373171064109,13.16202497740771,39.29137274917546,-0.5012418134457756,0.9981707480458889,25.218106,635.952870227236,0.9795302657838054,5.163241925350947,-1975.039060987802,5414.846344365945,2714.46141517598,89.99227985132664,104.03624346792648,76.6
2021-08-02,89.9,104.0,77.0,979.4,6.9,4.7,15.5,-35.64320006799211,25.218106,110.039197,173.73,98.46692734711685,13.143527565799802,39.231145443917214,-0.5160623910158526,0.9981707480458889,25.218106,635.952870227236,0.9795302657838054,5.163241925350947,-1975.039060987802,5414.846344365945,2714.46141517598,89.99227985132664,104.03624346792648,72.9
2021-08-03,85.8,102.4,75.2,981.5,6.5,4.9,17.5,128.62362532224836,25.218106,110.039197,173.73,93.8418069413624,13.12472824354719,39.16912339617057,-0.5307300481619331,0.9981707480458889,25.218106,635.952870227236,0.9795302657838054,5.163241925350947,-1975.039060987802,5414.846344365945,2714.46141517598,89.99227985132664,104.03624346792648,73.5
2021-08-04,87.6,100.0,78.8,980.1,6.8,3.6,9.7,-88.11859403639096,25.218106,110.039197,173.73,95.67113486121468,13.105634912495162,39.105282870208065,-0.5452404385406507,0.9981707480458889,25.218106,635.952870227236,0.9795302657838054,5.163241925350947,-1975.039060987802,5414.846344365945,2714.46141517598,89.99227985132664,104.03624346792648,74.9
2021-08-05,84.6,100.0,77.0,979.8,7.4,3.3,5.8,46.43810047245139,25.218106,110.039197,173.73,92.2581008731806,13.08625544300434,39.03960055639097,-0.5595892624101763,0.9981707480458889,25.218106,635.952870227236,0.9795302657838054,5.163241925350947,-1975.039060987802,5414.846344365945,2714.46141517598,89.99227985132664,104.03624346792648,76.0
2021-08-06,83.6,96.3,77.0,981.2,8.6,2.7,7.8,17.5,25.218106,110.039197,173.73,91.03063041182769,13.066597666769525,38.97205363438579,-0.5737722679043243,0.9981707480458889,25.218106,635.952870227236,0.9795302657838054,5.163241925350947,-1975.039060987802,5414.846344365945,2714.46141517598,89.99227985132664,104.03624346792648,77.6
2021-08-07,87.8,100.4,80.6,983.0,8.0,2.4,7.8,80.20331214693925,25.218106,110.039197,173.73,95.45813089097285,13.046669370064626,38.90261983661893,-0.5877852522924734,0.9981707480458889,25.218106,635.952870227236,0.9795302657838054,5.163241925350947,-1975.039060987802,5414.846344365945,2714.46141517598,89.99227985132664,104.03624346792648,78.0
2021-08-08,86.6,100.4,78.8,984.5,8.3,2.8,7.8,-15.174824535923769,25.218106,110.039197,173.73,94.00775164086669,13.026478287418017,38.83127751186226,-0.6016240632249227,0.9981707480458889,25.218106,635.952870227236,0.9795302657838054,5.163241925350947,-1975.039060987802,5414.846344365945,2714.46141517598,89.99227985132664,104.03624346792648,78.9
2021-08-09,85.9,98.8,78.8,984.1,7.7,4.0,13.6,156.52372114006022,25.218106,110.039197,173.73,93.10151308520278,13.006032095720995,38.75800568884139,-0.6152845999633277,0.9981707480458889,25.218106,635.952870227236,0.9795302657838054,5.163241925350947,-1975.039060987802,5414.846344365945,2714.46141517598,89.99227985132664,104.03624346792648,79.2
2021-08-10,84.5,93.4,78.8,985.2,9.8,3.6,13.6,104.08536226801309,25.218106,110.039197,173.73,91.43842462842557,12.985338408770494,38.68278413975491,-0.6287628145958345,0.9981707480458889,25.218106,635.952870227236,0.9795302657838054,5.163241925350947,-1975.039060987802,5414.846344365945,2714.46141517598,89.99227985132664,104.03624346792648,77.5
2021-08-11,82.0,93.2,77.0,988.1,8.3,2.6,21.4,-18.01168752322503,25.218106,110.039197,173.73,88.59009927701217,12.964404772245684,38.60559344359168,-0.6420547132365636,0.9981707480458889,25.218106,635.952870227236,0.9795302657838054,5.163241925350947,-1975.039060987802,5414.846344365945,2714.46141517598,89.99227985132664,104.03624346792648,77.5
2021-08-12,84.7,93.4,78.6,987.0,9.7,3.1,7.8,-181.98861439886497,25.218106,110.039197,173.73,91.35769286893282,12.943238659116808,38.52641504913149,-0.655156357209085,0.9981707480458889,25.218106,635.952870227236,0.9795302657838054,5.163241925350947,-1975.039060987802,5414.846344365945,2714.46141517598,89.99227985132664,104.03624346792648,77.5
2021-08-13,82.8,93.4,77.0,984.2,8.6,4.1,11.7,-24.619549321671116,25.218106,110.039197,173.73,89.16074751183383,12.921847465483165,38.44523133751234,-0.6680638642135333,0.9981707480458889,25.218106,635.952870227236,0.9795302657838054,5.163241925350947,-1975.039060987802,5414.846344365945,2714.46141517598,89.99227985132664,104.03624346792648,77.0
2021-08-14,79.7,92.8,75.2,986.4,8.9,3.8,5.8,-32.069600132102224,25.218106,110.039197,173.73,85.6790840829032,12.900238506836114,38.36202568424753,-0.6807734094770159,0.9981707480458889,25.218106,635.952870227236,0.9795302657838054,5.163241925350947,-1975.039060987802,5414.846344365945,2714.46141517598,89.99227985132664,104.03624346792648,76.1
2021-08-15,79.7,89.8,75.2,990.8,8.2,2.5,7.8,114.58000091659731,25.218106,110.039197,173.73,85.53416628957639,12.878419014741741,38.27678252057387,-0.6932812268869771,0.9981707480458889,25.218106,635.952870227236,0.9795302657838054,5.163241925350947,-1975.039060987802,5414.846344365945,2714.46141517598,89.99227985132664,104.03624346792648,76.1
2021-08-16,80.9,89.6,76.6,992.1,9.3,2.0,7.8,164.08954953052265,25.218106,110.039197,173.73,86.67353726962425,12.856396133936846,38.18948739401241,-0.7055836101071774,0.9981707480458889,25.218106,635.952870227236,0.9795302657838054,5.163241925350947,-1975.039060987802,5414.846344365945,2714.46141517598,89.99227985132664,104.03624346792648,77.1
2021-08-17,83.7,91.8,77.0,989.9,8.7,3.5,11.7,-101.51365477682529,25.218106,110.039197,173.73,89.51838401582162,12.834176919831057,38.10012702802286,-0.7176769136759615,0.9981707480458889,25.218106,635.952870227236,0.9795302657838054,5.163241925350947,-1975.039060987802,5414.846344365945,2714.46141517598,89.99227985132664,104.03624346792648,77.0
2021-08-18,85.3,95.0,78.8,988.2,8.6,2.8,11.7,11.848405035319105,25.218106,110.039197,173.73,91.07031992462557,12.811768336406878,38.00868938063248,-0.7295575540864876,0.9981707480458889,25.218106,635.952870227236,0.9795302657838054,5.163241925350947,-1975.039060987802,5414.846344365945,2714.46141517598,89.99227985132664,104.03624346792648,76.2
2021-08-19,85.6,95.0,78.8,988.4,8.8,3.6,7.8,24.777555546122585,25.218106,110.039197,173.73,91.22946441549664,12.789177254508877,37.91516370192126,-0.7412220108485957,0.9981707480458889,25.218106,635.952870227236,0.9795302657838054,5.163241925350947,-1975.039060987802,5414.846344365945,2714.46141517598,89.99227985132664,104.03624346792648,76.9
2021-08-20,85.9,95.2,77.0,988.8,8.8,4.3,9.7,-90.86145040298311,25.218106,110.039197,173.73,91.38622147491847,12.766410450512474,37.81954059024545,-0.7526668275320083,0.9981707480458889,25.218106,635.952870227236,0.9795302657838054,5.163241925350947,-1975.039060987802,5414.846344365945,2714.46141517598,89.99227985132664,104.03624346792648,75.3
2021-08-21,85.2,95.7,77.0,987.6,8.1,4.6,11.7,11.8,25.218106,110.039197,173.73,90.47866969807173,12.743474605362215,37.721812047083006,-0.7638886127905429,0.9981707480458889,25.218106,635.952870227236,0.9795302657838054,5.163241925350947,-1975.039060987802,5414.846344365945,2714.46141517598,89.99227985132664,104.03624346792648,75.9
2021-08-22,86.4,95.7,78.8,985.6,10.1,6.3,13.6,-4.582960380191334,25.218106,110.039197,173.73,91.58670938857604,12.720376303968893,37.621971530385295,-0.7748840413670406,0.9981707480458889,25.218106,635.952870227236,0.9795302657838054,5.163241925350947,-1975.039060987802,5414.846344365945,2714.46141517598,89.99227985132664,104.03624346792648,75.5
2021-08-23,85.5,94.1,78.8,985.7,10.2,4.8,11.7,-19.86894047627629,25.218106,110.039197,173.73,90.46699449905063,12.697122034954475,37.5200140063219,-0.7856498550787144,0.9981707480458889,25.218106,635.952870227236,0.9795302657838054,5.163241925350947,-1975.039060987802,5414.846344365945,2714.46141517598,89.99227985132664,104.03624346792648,75.3
2021-08-24,84.2,94.1,77.0,987.1,9.1,3.8,9.7,24.027084398824996,25.218106,110.039197,173.73,88.92725597164585,12.673718190733375,37.415935999306534,-0.7961828637826154,0.9981707480458889,25.218106,635.952870227236,0.9795302657838054,5.163241925350947,-1975.039060987802,5414.846344365945,2714.46141517598,89.99227985132664,104.03624346792648,75.5
2021-08-25,85.9,96.8,77.0,988.6,9.3,3.9,9.7,50.27755648872555,25.218106,110.039197,173.73,90.55414122784902,12.650171067918372,37.309735640195264,-0.8064799463209447,0.9981707480458889,25.218106,635.952870227236,0.9795302657838054,5.163241925350947,-1975.039060987802,5414.846344365945,2714.46141517598,89.99227985132664,104.03624346792648,74.1
2021-08-26,83.5,95.7,75.2,991.2,8.1,3.2,7.8,58.3098903364465,25.218106,110.039197,173.73,87.85930445677252,12.626486868039166,37.20141271255017,-0.8165380514459157,0.9981707480458889,25.218106,635.952870227236,0.9795302657838054,5.163241925350947,-1975.039060987802,5414.846344365945,2714.46141517598,89.99227985132664,104.03624346792648,76.1
2021-08-27,82.5,93.2,75.2,992.0,8.6,2.7,5.8,-75.42864495640981,25.218106,110.039197,173.73,86.64336792761002,12.602671698561457,37.09096869686504,-0.8263541987239094,0.9981707480458889,25.218106,635.952870227236,0.9795302657838054,5.163241925350947,-1975.039060987802,5414.846344365945,2714.46141517598,89.99227985132664,104.03624346792648,75.5
2021-08-28,84.2,95.2,73.4,991.2,9.1,2.8,5.8,84.94796668327002,25.218106,110.039197,173.73,88.260766545596,12.578731574194203,36.97840681265267,-0.8359254794186365,0.9981707480458889,25.218106,635.952870227236,0.9795302657838054,5.163241925350947,-1975.039060987802,5414.846344365945,2714.46141517598,89.99227985132664,104.03624346792648,73.3
2021-08-29,82.7,95.2,75.2,992.1,10.2,3.2,9.7,54.77843520460462,25.218106,110.039197,173.73,86.52261741730815,12.554672418472766,36.86373205829725,-0.8452490573530634,0.9981707480458889,25.218106,635.952870227236,0.9795302657838054,5.163241925350947,-1975.039060987802,5414.846344365945,2714.46141517598,89.99227985132664,104.03624346792648,73.0
2021-08-30,85.1,95.5,77.0,991.6,9.8,2.9,7.8,113.90852023273565,25.218106,110.039197,173.73,88.86212963191889,12.530500065605484,36.746951248578554,-0.8543221697498269,0.9981707480458889,25.218106,635.952870227236,0.9795302657838054,5.163241925350947,-1975.039060987802,5414.846344365945,2714.46141517598,89.99227985132664,104.03624346792648,73.8
2021-08-31,86.2,96.4,77.0,991.4,10.1,2.6,5.8,2.703014638252494,25.218106,110.039197,173.73,89.83634888613707,12.506220262571286,36.628073049779644,-0.8631421280499115,0.9981707480458889,25.218106,635.952870227236,0.9795302657838054,5.163241925350947,-1975.039060987802,5414.846344365945,2714.46141517598,89.99227985132664,104.03624346792648,73.8
2021-09-01,84.5,96.4,75.2,990.8,9.3,2.7,7.8,9.9,25.218106,110.039197,173.73,87.89294731150285,12.481838671456025,36.50710801229327,-0.8717063187093217,0.9981707480458889,25.218106,635.952870227236,0.9795302657838054,5.163241925350947,-1975.039060987802,5414.846344365945,2714.46141517598,89.99227985132664,104.03624346792648,73.8
2021-09-02,85.8,96.8,75.2,989.2,8.6,3.2,7.8,115.52961316745709,25.218106,110.039197,173.73,89.07013023490852,12.457360872015178,36.38406860064769,-0.8800122039735356,0.9981707480458889,25.218106,635.952870227236,0.9795302657838054,5.163241925350947,-1975.039060987802,5414.846344365945,2714.46141517598,89.99227985132664,104.03624346792648,73.4
2021-09-03,86.1,97.3,75.2,987.1,9.0,3.1,5.8,102.58560779880096,25.218106,110.039197,173.73,89.20528521493442,12.43279236445079,36.25896922087666,-0.888057322629493,0.9981707480458889,25.218106,635.952870227236,0.9795302657838054,5.163241925350947,-1975.039060987802,5414.846344365945,2714.46141517598,89.99227985132664,104.03624346792648,74.4
2021-09-04,86.7,98.4,77.0,988.2,8.3,3.4,7.8,2.0510548637462254,25.218106,110.039197,173.73,89.64880118552165,12.40813857239054,36.13182624516441,-0.8958392907349089,0.9981707480458889,25.218106,635.952870227236,0.9795302657838054,5.163241925350947,-1975.039060987802,5414.846344365945,2714.46141517598,89.99227985132664,104.03624346792648,74.2
2021-09-05,86.7,98.4,75.2,990.7,8.4,2.0,5.8,-12.278965809796924,25.218106,110.039197,173.73,89.47010001276185,12.383404846057003,36.00265803370076,-0.9033558023246842,0.9981707480458889,25.218106,635.952870227236,0.9795302657838054,5.163241925350947,-1975.039060987802,5414.846344365945,2714.46141517598,89.99227985132664,104.03624346792648,74.6
2021-09-06,84.5,98.6,77.0,992.5,7.5,4.1,17.5,144.44731892859122,25.218106,110.039197,173.73,87.02511677870818,12.358596465615364,35.87148495368796,-0.9106046300942162,0.9981707480458889,25.218106,635.952870227236,0.9795302657838054,5.163241925350947,-1975.039060987802,5414.846344365945,2714.46141517598,89.99227985132664,104.03624346792648,74.5
2021-09-07,82.7,97.9,75.2,993.1,6.6,6.6,11.7,65.84555223945227,25.218106,110.039197,173.73,84.9998776596411,12.333718644687947,35.73832939544603,-0.9175836260593934,0.9981707480458889,25.218106,635.952870227236,0.9795302657838054,5.163241925350947,-1975.039060987802,5414.846344365945,2714.46141517598,89.99227985132664,104.03624346792648,72.6
2021-09-08,83.1,95.2,73.4,991.5,7.6,2.5,5.8,131.3953799195588,25.218106,110.039197,173.73,85.23827749811696,12.30877653402411,35.603215785569596,-0.9242907221930934,0.9981707480458889,25.218106,635.952870227236,0.9795302657838054,5.163241925350947,-1975.039060987802,5414.846344365945,2714.46141517598,89.99227985132664,104.03624346792648,72.6
2021-09-09,86.2,98.1,75.2,990.9,7.2,2.6,7.8,81.22999602009175,25.218106,110.039197,173.73,88.23845203517436,12.283775225314296,35.466170597094816,-0.9307239310379793,0.9981707480458889,25.218106,635.952870227236,0.9795302657838054,5.163241925350947,-1975.039060987802,5414.846344365945,2714.46141517598,89.99227985132664,104.03624346792648,73.5
2021-09-10,85.1,100.4,75.2,989.4,6.2,3.5,13.6,41.814191347482534,25.218106,110.039197,173.73,86.934754263514,12.258719755137111,35.32722235664212,-0.9368813462954315,0.9981707480458889,25.218106,635.952870227236,0.9795302657838054,5.163241925350947,-1975.039060987802,5414.846344365945,2714.46141517598,89.99227985132664,104.03624346792648,74.0
2021-09-11,87.9,100.4,77.5,985.8,6.8,2.9,5.8,-84.504798388798,25.218106,110.039197,173.73,89.6112306736344,12.233615109028587,35.18640164850536,-0.9427611433904206,0.9981707480458889,25.218106,635.952870227236,0.9795302657838054,5.163241925350947,-1975.039060987802,5414.846344365945,2714.46141517598,89.99227985132664,104.03624346792648,74.2
2021-09-12,86.8,99.9,75.2,985.6,7.8,4.7,7.8,-29.50620571506899,25.218106,110.039197,173.73,88.30790569896158,12.20846622566289,35.04374111566612,-0.9483615800121716,0.9981707480458889,25.218106,635.952870227236,0.9795302657838054,5.163241925350947,-1975.039060987802,5414.846344365945,2714.46141517598,89.99227985132664,104.03624346792648,71.5
2021-09-13,88.2,99.0,78.8,989.9,7.9,5.3,9.7,167.66561139874148,25.218106,110.039197,173.73,89.54709330833433,12.183278001133921,34.899275457716826,-0.9536809966304455,0.9981707480458889,25.218106,635.952870227236,0.9795302657838054,5.163241925350947,-1975.039060987802,5414.846344365945,2714.46141517598,89.99227985132664,104.03624346792648,71.1
2021-09-14,83.8,98.6,73.4,993.7,7.4,4.1,11.7,-19.69667114757336,25.218106,110.039197,173.73,84.9037527984035,12.15805529332747,34.753041425684046,-0.9587178169872964,0.9981707480458889,25.218106,635.952870227236,0.9795302657838054,5.163241925350947,-1975.039060987802,5414.846344365945,2714.46141517598,89.99227985132664,104.03624346792648,72.3
2021-09-15,81.3,97.0,73.4,993.4,5.7,3.4,15.5,-85.8018024030057,25.218106,110.039197,173.73,82.19973982618161,12.13280292637367,34.60507781374924,-0.9634705485641486,0.9981707480458889,25.218106,635.952870227236,0.9795302657838054,5.163241925350947,-1975.039060987802,5414.846344365945,2714.46141517598,89.99227985132664,104.03624346792648,74.4
2021-09-16,81.8,91.9,74.1,990.7,7.3,2.9,7.8,11.1,25.218106,110.039197,173.73,82.53296682207323,12.107525695169668,34.45542544787138,-0.9679377830240642,0.9981707480458889,25.218106,635.952870227236,0.9795302657838054,5.163241925350947,-1975.039060987802,5414.846344365945,2714.46141517598,89.99227985132664,104.03624346792648,74.8
2021-09-17,81.4,93.0,75.2,990.3,8.3,2.8,9.7,20.0,25.218106,110.039197,173.73,81.95778244291299,12.082228369962602,34.30412717132204,-0.9721181966290612,0.9981707480458889,25.218106,635.952870227236,0.9795302657838054,5.163241925350947,-1975.039060987802,5414.846344365945,2714.46141517598,89.99227985132664,104.03624346792648,75.8
2021-09-18,82.1,93.2,75.2,991.2,7.2,2.8,9.7,15.0,25.218106,110.039197,173.73,82.48939825422516,12.056915700982973,34.15122782715065,-0.9760105506323682,0.9981707480458889,25.218106,635.952870227236,0.9795302657838054,5.163241925350947,-1975.039060987802,5414.846344365945,2714.46141517598,89.99227985132664,104.03624346792648,75.5
2021-09-19,85.4,95.0,77.0,990.9,8.5,5.7,15.5,19.2,25.218106,110.039197,173.73,85.62483274452855,12.031592423118765,33.99677423760378,-0.9796136916454901,0.9981707480458889,25.218106,635.952870227236,0.9795302657838054,5.163241925350947,-1975.039060987802,5414.846344365945,2714.46141517598,89.99227985132664,104.03624346792648,74.1
2021-09-20,83.1,94.6,71.6,991.2,9.6,2.7,4.3,10.7,25.218106,110.039197,173.73,83.14337307979739,12.00626326062056,33.8408151805292,-0.9829265519799822,0.9981707480458889,25.218106,635.952870227236,0.9795302657838054,5.163241925350947,-1975.039060987802,5414.846344365945,2714.46141517598,89.99227985132664,104.03624346792648,69.8
2021-09-21,84.5,96.8,75.2,990.2,8.6,2.4,4.1,55.97955869966913,25.218106,110.039197,173.73,84.36573606162298,11.980932931828116,33.68340136280172,-0.9859481499638303,0.9981707480458889,25.218106,635.952870227236,0.9795302657838054,5.163241925350947,-1975.039060987802,5414.846344365945,2714.46141517598,89.99227985132664,104.03624346792648,71.8
2021-09-22,84.2,96.4,75.2,991.5,8.6,2.9,7.8,14.8,25.218106,110.039197,173.73,83.888503179927,11.955606153908835,33.52458539081439,-0.9886775902323404,0.9981707480458889,25.218106,635.952870227236,0.9795302657838054,5.163241925350947,-1975.039060987802,5414.846344365945,2714.46141517598,89.99227985132664,104.03624346792648,72.5
2021-09-23,82.3,95.5,73.4,994.5,8.3,3.1,9.7,25.4,25.218106,110.039197,173.73,81.8218894497801,11.930287647598558,33.36442173808469,-0.9911140639934546,0.9981707480458889,25.218106,635.952870227236,0.9795302657838054,5.163241925350947,-1975.039060987802,5414.846344365945,2714.46141517598,89.99227985132664,104.03624346792648,73.0
2021-09-24,83.1,95.5,73.4,994.4,10.0,3.3,13.6,25.3,25.218106,110.039197,173.73,82.44200133290138,11.90498214193522,33.20296671003172,-0.9932568492674143,0.9981707480458889,25.218106,635.952870227236,0.9795302657838054,5.163241925350947,-1975.039060987802,5414.846344365945,2714.46141517598,89.99227985132664,104.03624346792648,72.8
2021-09-25,83.2,95.0,71.6,993.7,8.7,2.5,5.8,16.3,25.218106,110.039197,173.73,82.36588102756542,11.879694378975783,33.040278405986214,-0.9951053111006974,0.9981707480458889,25.218106,635.952870227236,0.9795302657838054,5.163241925350947,-1975.039060987802,5414.846344365945,2714.46141517598,89.99227985132664,104.03624346792648,71.6
2021-09-26,84.7,96.8,73.4,992.8,8.9,2.4,5.8,10.3,25.218106,110.039197,173.73,83.6725121946532,11.854429118486875,32.876416678501165,-0.99665890175417,0.9981707480458889,25.218106,635.952870227236,0.9795302657838054,5.163241925350947,-1975.039060987802,5414.846344365945,2714.46141517598,89.99227985132664,104.03624346792648,71.7
2021-09-27,85.5,98.6,75.2,991.1,8.0,2.3,5.8,11.5,25.218106,110.039197,173.73,84.28298689102166,11.829191142599532,32.71144309003642,-0.9979171608653922,0.9981707480458889,25.218106,635.952870227236,0.9795302657838054,5.163241925350947,-1975.039060987802,5414.846344365945,2714.46141517598,89.99227985132664,104.03624346792648,72.6
2021-09-28,85.3,97.0,73.4,989.7,8.2,3.2,9.7,12.2,25.218106,110.039197,173.73,83.90666189280684,11.803985260418314,32.54542086709612,-0.9988797155850335,0.9981707480458889,25.218106,635.952870227236,0.9795302657838054,5.163241925350947,-1975.039060987802,5414.846344365945,2714.46141517598,89.99227985132664,104.03624346792648,71.9
2021-09-29,85.7,98.6,77.0,989.3,7.5,3.3,11.7,18.3,25.218106,110.039197,173.73,84.12037983230675,11.778816312575042,32.378414851903145,-0.9995462806873573,0.9981707480458889,25.218106,635.952870227236,0.9795302657838054,5.163241925350947,-1975.039060987802,5414.846344365945,2714.46141517598,89.99227985132664,104.03624346792648,73.0
2021-09-30,82.7,97.7,75.2,990.3,7.6,2.9,9.7,17.9,25.218106,110.039197,173.73,81.0025079026512,11.753689175717223,32.21049145169945,-0.9999166586547379,0.9981707480458889,25.218106,635.952870227236,0.9795302657838054,5.163241925350947,-1975.039060987802,5414.846344365945,2714.46141517598,89.99227985132664,104.03624346792648,73.5
2021-10-01,83.7,94.1,73.4,990.1,5.4,2.3,7.8,13.6,25.218106,110.039197,173.73,81.80704614927525,11.728608766921182,32.04171858576641,-0.9999907397361901,0.9981707480458889,25.218106,635.952870227236,0.9795302657838054,5.163241925350947,-1975.039060987802,5414.846344365945,2714.46141517598,89.99227985132664,104.03624346792648,74.0
2021-10-02,84.4,96.8,73.4,990.7,6.3,3.3,9.7,16.3,25.218106,110.039197,173.73,82.31517967107213,11.703580048019735,31.87216563026357,-0.9997685019798909,0.9981707480458889,25.218106,635.952870227236,0.9795302657838054,5.163241925350947,-1975.039060987802,5414.846344365945,2714.46141517598,89.99227985132664,104.03624346792648,73.8
2021-10-03,83.4,95.4,73.4,992.3,7.3,4.2,15.5,23.3,25.218106,110.039197,173.73,81.16632580734691,11.678608029834086,31.701903360988023,-0.9992500112396835,0.9981707480458889,25.218106,635.952870227236,0.9795302657838054,5.163241925350947,-1975.039060987802,5414.846344365945,2714.46141517598,89.99227985132664,104.03624346792648,69.7
2021-10-04,82.4,95.4,69.8,993.3,7.7,2.5,7.8,13.4,25.218106,110.039197,173.73,80.02205806392357,11.653697776299548,31.531003894161636,-0.9984354211555643,0.9981707480458889,25.218106,635.952870227236,0.9795302657838054,5.163241925350947,-1975.039060987802,5414.846344365945,2714.46141517598,89.99227985132664,104.03624346792648,71.3
2021-10-05,83.9,98.6,71.6,992.2,8.7,2.5,5.8,63.757509452819086,25.218106,110.039197,173.73,81.30507373925005,11.62885440847438,31.359540625355752,-0.9973249731081555,0.9981707480458889,25.218106,635.952870227236,0.9795302657838054,5.163241925350947,-1975.039060987802,5414.846344365945,2714.46141517598,89.99227985132664,104.03624346792648,68.5
2021-10-06,84.8,96.8,71.6,990.1,8.3,6.3,11.7,19.8,25.218106,110.039197,173.73,82.00218729950838,11.604083108420998,31.187588166667382,-0.9959189961471792,0.9981707480458889,25.218106,635.952870227236,0.9795302657838054,5.163241925350947,-1975.039060987802,5414.846344365945,2714.46141517598,89.99227985132664,104.03624346792648,65.9
2021-10-07,75.4,95.5,68.0,992.0,7.1,9.7,17.5,31.5,25.218106,110.039197,173.73,72.75716165586014,11.579389122948562,31.01522228226334,-0.994217906893952,0.9981707480458889,25.218106,635.952870227236,0.9795302657838054,5.163241925350947,-1975.039060987802,5414.846344365945,2714.46141517598,89.99227985132664,104.03624346792648,62.9
2021-10-08,73.3,84.2,67.1,991.8,6.0,8.8,17.5,27.2,25.218106,110.039197,173.73,70.58043419468173,11.55477776720574,30.842519822411642,-0.9922222094179324,0.9981707480458889,25.218106,635.952870227236,0.9795302657838054,5.163241925350947,-1975.039060987802,5414.846344365945,2714.46141517598,89.99227985132664,104.03624346792648,63.4
2021-10-09,70.3,79.7,67.1,991.2,6.2,6.9,13.6,25.3,25.218106,110.039197,173.73,67.54807385802498,11.530254428112372,30.669558656122103,-0.989932495087353,0.9981707480458889,25.218106,635.952870227236,0.9795302657838054,5.163241925350947,-1975.039060987802,5414.846344365945,2714.46141517598,89.99227985132664,104.03624346792648,67.7
2021-10-10,69.4,72.1,64.4,994.5,8.4,8.4,11.7,27.6,25.218106,110.039197,173.73,66.54201874939322,11.505824567618424,30.496417602519735,-0.9873494423939864,0.9981707480458889,25.218106,635.952870227236,0.9795302657838054,5.163241925350947,-1975.039060987802,5414.846344365945,2714.46141517598,89.99227985132664,104.03624346792648,65.3
2021-10-11,63.3,72.1,58.5,998.0,9.8,9.6,15.5,27.0,25.218106,110.039197,173.73,60.56487940348216,11.48149372577861,30.323176361076467,-0.9844738167520923,0.9981707480458889,25.218106,635.952870227236,0.9795302657838054,5.163241925350947,-1975.039060987802,5414.846344365945,2714.46141517598,89.99227985132664,104.03624346792648,54.1
2021-10-12,66.1,71.6,58.5,995.6,9.2,8.8,13.6,26.8,25.218106,110.039197,173.73,63.11044860933289,11.457267523630783,30.14991544082833,-0.9813064702716093,0.9981707480458889,25.218106,635.952870227236,0.9795302657838054,5.163241925350947,-1975.039060987802,5414.846344365945,2714.46141517598,89.99227985132664,104.03624346792648,54.4
2021-10-13,66.3,73.4,59.4,995.0,9.6,10.1,15.5,29.7,25.218106,110.039197,173.73,63.16816295391017,11.433151665866093,29.97671608870549,-0.9778483415056567,0.9981707480458889,25.218106,635.952870227236,0.9795302657838054,5.163241925350947,-1975.039060987802,5414.846344365945,2714.46141517598,89.99227985132664,104.03624346792648,56.2
2021-10-14,68.6,77.0,62.6,996.8,9.9,7.9,13.6,28.7,25.218106,110.039197,173.73,65.22231860907716,11.409151943278806,29.803660217104248,-0.9741004551724206,0.9981707480458889,25.218106,635.952870227236,0.9795302657838054,5.163241925350947,-1975.039060987802,5414.846344365945,2714.46141517598,89.99227985132664,104.03624346792648,59.2
2021-10-15,66.0,73.4,60.8,999.2,9.5,8.8,13.6,22.1,25.218106,110.039197,173.73,62.61900829240922,11.385274234983495,29.630830330829415,-0.970063921851507,0.9981707480458889,25.218106,635.952870227236,0.9795302657838054,5.163241925350947,-1975.039060987802,5414.846344365945,2714.46141517598,89.99227985132664,104.03624346792648,59.4
2021-10-16,60.8,70.3,59.0,5.5,8.2,6.8,13.6,28.9,25.218106,110.039197,173.73,57.56505751929576,11.361524510387323,29.458309453536145,-0.965739937654855,0.9981707480458889,25.218106,635.952870227236,0.9795302657838054,5.163241925350947,-1975.039060987802,5414.846344365945,2714.46141517598,89.99227985132664,104.03624346792648,56.1
2021-10-17,60.9,68.0,57.2,5.4,7.9,8.3,15.5,23.5,25.218106,110.039197,173.73,57.539887316842886,11.337908830905002,29.286181053799563,-0.9611297838723007,0.9981707480458889,25.218106,635.952870227236,0.9795302657838054,5.163241925350947,-1975.039060987802,5414.846344365945,2714.46141517598,89.99227985132664,104.03624346792648,51.2
2021-10-18,67.1,73.4,57.9,1.3,6.8,3.7,7.8,18.8,25.218106,110.039197,173.73,63.266539823267514,11.314433351404027,29.114528970939865,-0.9562348265919058,0.9981707480458889,25.218106,635.952870227236,0.9795302657838054,5.163241925350947,-1975.039060987802,5414.846344365945,2714.46141517598,89.99227985132664,104.03624346792648,54.3
2021-10-19,64.5,72.7,58.5,999.0,4.4,4.2,6.4,17.3,25.218106,110.039197,173.73,60.68968572735199,11.291104321367813,28.943437340729595,-0.9510565162951536,0.9981707480458889,25.218106,635.952870227236,0.9795302657838054,5.163241925350947,-1975.039060987802,5414.846344365945,2714.46141517598,89.99227985132664,104.03624346792648,59.1
2021-10-20,59.2,69.8,55.4,999.2,5.8,5.3,7.8,22.5,25.218106,110.039197,173.73,55.58844522310438,11.267928085764401,28.772990521108092,-0.9455963874271428,0.9981707480458889,25.218106,635.952870227236,0.9795302657838054,5.163241925350947,-1975.039060987802,5414.846344365945,2714.46141517598,89.99227985132664,104.03624346792648,57.5
2021-10-21,57.0,61.5,55.4,3.8,9.1,6.5,11.7,22.5,25.218106,110.039197,173.73,53.413327656640234,11.24491108560847,28.603273018026634,-0.9398560579418953,0.9981707480458889,25.218106,635.952870227236,0.9795302657838054,5.163241925350947,-1975.039060987802,5414.846344365945,2714.46141517598,89.99227985132664,104.03624346792648,50.9
2021-10-22,58.8,64.4,55.4,5.9,8.3,6.2,13.6,21.6,25.218106,110.039197,173.73,54.98809330520282,11.222059858204657,28.434369411545706,-0.9338372288229252,0.9981707480458889,25.218106,635.952870227236,0.9795302657838054,5.163241925350947,-1975.039060987802,5414.846344365945,2714.46141517598,89.99227985132664,104.03624346792648,48.6
2021-10-23,62.1,69.8,55.4,4.5,6.8,4.7,7.8,18.8,25.218106,110.039197,173.73,57.95679686678683,11.199381037060256,28.266364282302916,-0.9275416835791965,0.9981707480458889,25.218106,635.952870227236,0.9795302657838054,5.163241925350947,-1975.039060987802,5414.846344365945,2714.46141517598,89.99227985132664,104.03624346792648,50.3
2021-10-24,63.6,75.2,51.8,3.0,7.3,5.1,9.7,19.4,25.218106,110.039197,173.73,59.23747116271543,11.17688135145574,28.099342138468128,-0.9209712877166347,0.9981707480458889,25.218106,635.952870227236,0.9795302657838054,5.163241925350947,-1975.039060987802,5414.846344365945,2714.46141517598,89.99227985132664,104.03624346792648,48.3
2021-10-25,65.2,77.0,53.6,999.5,6.1,3.5,9.7,13.8,25.218106,110.039197,173.73,60.606484099429466,11.154567625661864,27.933387343298637,-0.9141279881853337,0.9981707480458889,25.218106,635.952870227236,0.9795302657838054,5.163241925350947,-1975.039060987802,5414.846344365945,2714.46141517598,89.99227985132664,104.03624346792648,50.5
2021-10-26,69.7,80.6,58.1,999.7,6.4,4.2,9.7,18.5,25.218106,110.039197,173.73,64.66096170101109,11.13244677779244,27.768584043404243,-0.9070138128026362,0.9981707480458889,25.218106,635.952870227236,0.9795302657838054,5.163241925350947,-1975.039060987802,5414.846344365945,2714.46141517598,89.99227985132664,104.03624346792648,54.9
2021-10-27,68.9,80.1,59.0,1.0,5.2,5.5,9.7,19.4,25.218106,110.039197,173.73,63.79293573997205,11.110525818282504,27.6050160978284,-0.8996308696522434,0.9981707480458889,25.218106,635.952870227236,0.9795302657838054,5.163241925350947,-1975.039060987802,5414.846344365945,2714.46141517598,89.99227985132664,104.03624346792648,56.0
2021-10-28,70.1,78.8,62.6,1.4,4.1,5.6,9.7,16.7,25.218106,110.039197,173.73,64.77714254529448,11.088811847981939,27.44276700804767,-0.8919813464595487,0.9981707480458889,25.218106,635.952870227236,0.9795302657838054,5.163241925350947,-1975.039060987802,5414.846344365945,2714.46141517598,89.99227985132664,104.03624346792648,57.1
2021-10-29,62.9,77.0,62.4,2.3,3.3,2.8,6.4,15.3,25.218106,110.039197,173.73,58.01116069277559,11.067312055855439,27.281919848987453,-0.8840675099433637,0.9981707480458889,25.218106,635.952870227236,0.9795302657838054,5.163241925350947,-1975.039060987802,5414.846344365945,2714.46141517598,89.99227985132664,104.03624346792648,62.0
2021-10-30,66.5,73.4,60.8,1.7,4.8,3.7,7.8,15.3,25.218106,110.039197,173.73,61.21343684438662,11.046033716280293,27.12255720114792,-0.8758917051442433,0.9981707480458889,25.218106,635.952870227236,0.9795302657838054,5.163241925350947,-1975.039060987802,5414.846344365945,2714.46141517598,89.99227985132664,104.03624346792648,59.9
2021-10-31,62.3,73.2,60.8,1.7,2.5,3.0,5.8,14.4,25.218106,110.039197,173.73,57.23804289864227,11.024984185934306,26.964761083928778,-0.8674563547295971,0.9981707480458889,25.218106,635.952870227236,0.9795302657838054,5.163241925350947,-1975.039060987802,5414.846344365945,2714.46141517598,89.99227985132664,104.03624346792648,61.7
2021-11-01,61.9,64.4,60.1,1.8,3.1,2.6,5.8,14.4,25.218106,110.039197,173.73,56.76318156054422,11.004170900267054,26.808612890237555,-0.858763958275803,0.9981707480458889,25.218106,635.952870227236,0.9795302657838054,5.163241925350947,-1975.039060987802,5414.846344365945,2714.46141517598,89.99227985132664,104.03624346792648,61.0
2021-11-02,63.6,69.8,60.1,1.3,5.1,3.3,5.8,13.6,25.218106,110.039197,173.73,58.21308725860787,10.983601369548655,26.65419332245991,-0.8498170915275277,0.9981707480458889,25.218106,635.952870227236,0.9795302657838054,5.163241925350947,-1975.039060987802,5414.846344365945,2714.46141517598,89.99227985132664,104.03624346792648,61.3
2021-11-03,63.1,67.5,60.4,998.2,3.1,1.7,3.9,10.9,25.218106,110.039197,173.73,57.64859735919996,10.963283174491277,26.501582329866437,-0.8406184056344783,0.9981707480458889,25.218106,635.952870227236,0.9795302657838054,5.163241925350947,-1975.039060987802,5414.846344365945,2714.46141517598,89.99227985132664,104.03624346792648,62.4
2021-11-04,64.6,66.2,61.9,994.1,2.3,1.0,3.9,-35.90127155465304,25.218106,110.039197,173.73,58.91102232575084,10.943223961439786,26.350859047523855,-0.8311706263658079,0.9981707480458889,25.218106,635.952870227236,0.9795302657838054,5.163241925350947,-1975.039060987802,5414.846344365945,2714.46141517598,89.99227985132664,104.03624346792648,64.2
2021-11-05,72.6,78.8,62.6,990.5,3.3,2.6,9.7,-28.452968636701506,25.218106,110.039197,173.73,66.08676019463132,10.923431437129146,26.202101736773752,-0.8214765533024145,0.9981707480458889,25.218106,635.952870227236,0.9795302657838054,5.163241925350947,-1975.039060987802,5414.846344365945,2714.46141517598,89.99227985132664,104.03624346792648,70.9
2021-11-06,72.3,82.4,65.7,991.0,6.4,4.3,9.7,12.8,25.218106,110.039197,173.73,65.69607801212071,10.903913363007588,26.05538772733603,-0.8115390590073611,0.9981707480458889,25.218106,635.952870227236,0.9795302657838054,5.163241925350947,-1975.039060987802,5414.846344365945,2714.46141517598,89.99227985132664,104.03624346792648,68.6
2021-11-07,57.0,79.3,46.4,2.4,8.9,9.9,19.4,29.3,25.218106,110.039197,173.73,51.70221835834805,10.884677549125906,25.910793361088253,-0.801361088174677,0.9981707480458889,25.218106,635.952870227236,0.9795302657838054,5.163241925350947,-1975.039060987802,5414.846344365945,2714.46141517598,89.99227985132664,104.03624346792648,49.9
2021-11-08,53.3,69.4,46.8,6.4,10.3,6.0,11.7,29.1,25.218106,110.039197,173.73,48.26195895640022,10.865731847594798,25.768393937566444,-0.7909456567567774,0.9981707480458889,25.218106,635.952870227236,0.9795302657838054,5.163241925350947,-1975.039060987802,5414.846344365945,2714.46141517598,89.99227985132664,104.03624346792648,34.7
2021-11-09,54.2,60.1,44.6,4.8,10.3,3.0,6.6,19.4,25.218106,110.039197,173.73,48.99266339102224,10.84708414561378,25.62826366122683,-0.780295851070776,0.9981707480458889,25.218106,635.952870227236,0.9795302657838054,5.163241925350947,-1975.039060987802,5414.846344365945,2714.46141517598,89.99227985132664,104.03624346792648,40.8
2021-11-10,59.0,73.4,46.4,1.5,9.5,3.1,5.8,15.3,25.218106,110.039197,173.73,53.24131659387762,10.828742358076804,25.490475590501873,-0.7694148268839381,0.9981707480458889,25.218106,635.952870227236,0.9795302657838054,5.163241925350947,-1975.039060987802,5414.846344365945,2714.46141517598,89.99227985132664,104.03624346792648,40.8
2021-11-11,63.2,73.6,50.0,1.2,9.9,3.6,9.7,15.9,25.218106,110.039197,173.73,56.93642927741085,10.810714419761554,25.35510158867809,-0.7583058084785625,0.9981707480458889,25.218106,635.952870227236,0.9795302657838054,5.163241925350947,-1975.039060987802,5414.846344365945,2714.46141517598,89.99227985132664,104.03624346792648,41.8
2021-11-12,55.5,73.6,44.6,4.0,7.9,2.9,5.4,15.9,25.218106,110.039197,173.73,49.91766328163884,10.7930082771111,25.222212276616837,-0.7469720876965551,0.9981707480458889,25.218106,635.952870227236,0.9795302657838054,5.163241925350947,-1975.039060987802,5414.846344365945,2714.46141517598,89.99227985132664,104.03624346792648,46.8
2021-11-13,58.5,71.6,46.4,1.7,8.2,2.2,5.8,11.1,25.218106,110.039197,173.73,52.531205413140505,10.775631879618565,25.091876987333713,-0.7354170229639858,0.9981707480458889,25.218106,635.952870227236,0.9795302657838054,5.163241925350947,-1975.039060987802,5414.846344365945,2714.46141517598,89.99227985132664,104.03624346792648,45.7
2021-11-14,62.4,75.2,50.0,0.1,5.2,2.0,3.9,4.85888111825565,25.218106,110.039197,173.73,55.944684488302016,10.75859317082731,24.9641637224454,-0.7236440382959124,0.9981707480458889,25.218106,635.952870227236,0.9795302657838054,5.163241925350947,-1975.039060987802,5414.846344365945,2714.46141517598,89.99227985132664,104.03624346792648,51.4
2021-11-15,59.3,74.7,54.1,999.5,4.0,2.2,4.1,-150.14701614051498,25.218106,110.039197,173.73,53.0828895568663,10.74190007896114,24.839139110487682,-0.711656622281775,0.9981707480458889,25.218106,635.952870227236,0.9795302657838054,5.163241925350947,-1975.039060987802,5414.846344365945,2714.46141517598,89.99227985132664,104.03624346792648,56.6
2021-11-16,58.9,61.3,56.1,0.7,2.4,3.3,5.8,15.0,25.218106,110.039197,173.73,52.64462615617842,10.725560507201036,24.71686836710218,-0.6994583270516471,0.9981707480458889,25.218106,635.952870227236,0.9795302657838054,5.163241925350947,-1975.039060987802,5414.846344365945,2714.46141517598,89.99227985132664,104.03624346792648,58.5
2021-11-17,57.1,60.4,50.0,2.1,4.8,2.3,6.0,15.0,25.218106,110.039197,173.73,50.9597625565916,10.709582323626956,24.59741525708336,-0.6870527672236675,0.9981707480458889,25.218106,635.952870227236,0.9795302657838054,5.163241925350947,-1975.039060987802,5414.846344365945,2714.46141517598,89.99227985132664,104.03624346792648,55.2
2021-11-18,61.1,71.6,51.8,995.8,5.3,2.1,3.9,11.5,25.218106,110.039197,173.73,54.45014764472012,10.693973350845194,24.4808420582724,-0.6744436188329457,0.9981707480458889,25.218106,635.952870227236,0.9795302657838054,5.163241925350947,-1975.039060987802,5414.846344365945,2714.46141517598,89.99227985132664,104.03624346792648,54.4
2021-11-19,61.7,70.3,55.4,993.2,2.3,2.4,3.9,76.63615915231104,25.218106,110.039197,173.73,54.906528468624124,10.678741355323979,24.367209527278405,-0.661634618242279,0.9981707480458889,25.218106,635.952870227236,0.9795302657838054,5.163241925350947,-1975.039060987802,5414.846344365945,2714.46141517598,89.99227985132664,104.03624346792648,57.9
2021-11-20,62.0,66.0,59.4,993.8,2.7,2.1,6.8,12.8,25.218106,110.039197,173.73,55.09678585505253,10.66389403646178,24.256576867002828,-0.6486295610349818,0.9981707480458889,25.218106,635.952870227236,0.9795302657838054,5.163241925350947,-1975.039060987802,5414.846344365945,2714.46141517598,89.99227985132664,104.03624346792648,60.8
2021-11-21,56.5,62.8,50.0,0.6,6.4,7.6,13.6,24.9,25.218106,110.039197,173.73,50.14110869757904,10.649439015415018,24.149001695937557,-0.6354323008901775,0.9981707480458889,25.218106,635.952870227236,0.9795302657838054,5.163241925350947,-1975.039060987802,5414.846344365945,2714.46141517598,89.99227985132664,104.03624346792648,53.3
2021-11-22,52.1,62.2,49.6,6.4,10.1,8.2,17.5,27.2,25.218106,110.039197,173.73,46.175291434623084,10.63538382371357,24.044540019202344,-0.622046748440868,0.9981707480458889,25.218106,635.952870227236,0.9795302657838054,5.163241925350947,-1975.039060987802,5414.846344365945,2714.46141517598,89.99227985132664,104.03624346792648,36.5
2021-11-23,53.2,60.8,49.6,5.5,9.4,3.6,7.8,19.6,25.218106,110.039197,173.73,47.089695786512365,10.621735891694518,23.943246201283053,-0.6084768701151264,0.9981707480458889,25.218106,635.952870227236,0.9795302657838054,5.163241925350947,-1975.039060987802,5414.846344365945,2714.46141517598,89.99227985132664,104.03624346792648,39.2
2021-11-24,52.0,62.6,42.8,3.1,6.7,2.0,3.9,14.0,25.218106,110.039197,173.73,45.970177659407135,10.608502536786261,23.84517294042747,-0.594726686960764,0.9981707480458889,25.218106,635.952870227236,0.9795302657838054,5.163241925350947,-1975.039060987802,5414.846344365945,2714.46141517598,89.99227985132664,104.03624346792648,42.8
2021-11-25,55.9,73.4,41.0,1.0,8.2,2.1,3.9,11.7,25.218106,110.039197,173.73,49.35826034989465,10.595690951676849,23.75037124465198,-0.5808002734538013,0.9981707480458889,25.218106,635.952870227236,0.9795302657838054,5.163241925350947,-1975.039060987802,5414.846344365945,2714.46141517598,89.99227985132664,104.03624346792648,42.1
2021-11-26,58.6,75.2,42.8,2.7,9.0,4.4,11.7,16.1,25.218106,110.039197,173.73,51.68182167289658,10.583308192402031,23.658890409308334,-0.5667017562911184,0.9981707480458889,25.218106,635.952870227236,0.9795302657838054,5.163241925350947,-1975.039060987802,5414.846344365945,2714.46141517598,89.99227985132664,104.03624346792648,38.6
2021-11-27,59.0,73.4,46.4,3.9,9.0,4.0,9.7,17.5,25.218106,110.039197,173.73,51.97585906808346,10.571361166389856,23.570777996156803,-0.5524353131676203,0.9981707480458889,25.218106,635.952870227236,0.9795302657838054,5.163241925350947,-1975.039060987802,5414.846344365945,2714.46141517598,89.99227985132664,104.03624346792648,39.2
2021-11-28,60.1,73.4,48.2,2.9,6.9,3.1,6.4,14.8,25.218106,110.039197,173.73,52.88728190767131,10.559856620500096,23.486079813888768,-0.5380051715382992,0.9981707480458889,25.218106,635.952870227236,0.9795302657838054,5.163241925350947,-1975.039060987802,5414.846344365945,2714.46141517598,89.99227985132664,104.03624346792648,45.4
2021-11-29,63.5,75.2,51.8,3.3,6.3,4.7,11.7,24.7,25.218106,110.039197,173.73,55.82073930814288,10.548801129097868,23.404839900039708,-0.5234156073655503,0.9981707480458889,25.218106,635.952870227236,0.9795302657838054,5.163241925350947,-1975.039060987802,5414.846344365945,2714.46141517598,89.99227985132664,104.03624346792648,47.0
2021-11-30,54.8,74.5,39.2,6.9,9.2,6.7,15.5,24.7,25.218106,110.039197,173.73,48.12445160872162,10.538201082201816,23.32710050423073,-0.5086709438521042,0.9981707480458889,25.218106,635.952870227236,0.9795302657838054,5.163241925350947,-1975.039060987802,5414.846344365945,2714.46141517598,89.99227985132664,104.03624346792648,36.3
2021-12-01,53.4,68.0,37.4,6.1,10.3,5.5,11.7,20.6,25.218106,110.039197,173.73,46.84987889817872,10.528062673748028,23.252902072675763,-0.49377555015997737,0.9981707480458889,25.218106,635.952870227236,0.9795302657838054,5.163241925350947,-1975.039060987802,5414.846344365945,2714.46141517598,89.99227985132664,104.03624346792648,31.3
2021-12-02,52.7,68.2,37.4,5.0,9.2,2.7,6.0,15.9,25.218106,110.039197,173.73,46.19327105030037,10.518391890011468,23.182283233889596,-0.4787338401157883,0.9981707480458889,25.218106,635.952870227236,0.9795302657838054,5.163241925350947,-1975.039060987802,5414.846344365945,2714.46141517598,89.99227985132664,104.03624346792648,34.9
2021-12-03,55.4,71.6,37.4,4.6,9.3,3.2,5.8,13.6,25.218106,110.039197,173.73,48.51744793348167,10.509194498227076,23.115280785531393,-0.4635502709028512,0.9981707480458889,25.218106,635.952870227236,0.9795302657838054,5.163241925350947,-1975.039060987802,5414.846344365945,2714.46141517598,89.99227985132664,104.03624346792648,35.3
2021-12-04,54.4,71.6,37.4,4.5,8.7,2.7,7.8,11.7,25.218106,110.039197,173.73,47.602158027386345,10.50047603545287,23.05192968231776,-0.4482293417404106,0.9981707480458889,25.218106,635.952870227236,0.9795302657838054,5.163241925350947,-1975.039060987802,5414.846344365945,2714.46141517598,89.99227985132664,104.03624346792648,34.4
2021-12-05,54.9,73.4,37.4,3.3,8.2,2.9,5.8,13.8,25.218106,110.039197,173.73,48.00200622455679,10.49224179771733,22.992263024939202,-0.4327755925504317,0.9981707480458889,25.218106,635.952870227236,0.9795302657838054,5.163241925350947,-1975.039060987802,5414.846344365945,2714.46141517598,89.99227985132664,104.03624346792648,36.4
2021-12-06,56.7,75.2,39.2,3.4,7.8,3.6,7.8,15.0,25.218106,110.039197,173.73,49.53924751935447,10.484496829493008,22.936312049914598,-0.41719360261231697,0.9981707480458889,25.218106,635.952870227236,0.9795302657838054,5.163241925350947,-1975.039060987802,5414.846344365945,2714.46141517598,89.99227985132664,104.03624346792648,37.0
2021-12-07,56.1,73.6,41.0,3.7,7.0,3.6,11.7,14.4,25.218106,110.039197,173.73,48.98112464578928,10.477245913537814,22.884106120318613,-0.4014879892059737,0.9981707480458889,25.218106,635.952870227236,0.9795302657838054,5.163241925350947,-1975.039060987802,5414.846344365945,2714.46141517598,89.99227985132664,104.03624346792648,38.0
2021-12-08,55.3,70.7,42.8,5.6,4.6,2.5,5.8,12.8,25.218106,110.039197,173.73,48.251524494274626,10.470493561144584,22.83567271731885,-0.38566340624360745,0.9981707480458889,25.218106,635.952870227236,0.9795302657838054,5.163241925350947,-1975.039060987802,5414.846344365945,2714.46141517598,89.99227985132664,104.03624346792648,44.5
2021-12-09,61.2,71.1,50.0,4.1,3.6,2.9,7.8,13.2,25.218106,110.039197,173.73,53.367644414476615,10.464244002838551,22.791037432460648,-0.3697245428906732,0.9981707480458889,25.218106,635.952870227236,0.9795302657838054,5.163241925350947,-1975.039060987802,5414.846344365945,2714.46141517598,89.99227985132664,104.03624346792648,45.4
2021-12-10,61.8,73.4,55.4,1.4,3.6,1.9,3.9,9.7,25.218106,110.039197,173.73,53.86128107473923,10.458501179561017,22.750223960639964,-0.3536761221763721,0.9981707480458889,25.218106,635.952870227236,0.9795302657838054,5.163241925350947,-1975.039060987802,5414.846344365945,2714.46141517598,89.99227985132664,104.03624346792648,50.1
2021-12-11,65.3,75.2,57.2,3.3,3.2,4.4,7.8,18.3,25.218106,110.039197,173.73,56.88320402956264,10.453268734375984,22.71325409370706,-0.33752289959411347,0.9981707480458889,25.218106,635.952870227236,0.9795302657838054,5.163241925350947,-1975.039060987802,5414.846344365945,2714.46141517598,89.99227985132664,104.03624346792648,51.1
2021-12-12,53.3,74.5,50.0,9.1,6.1,7.9,11.7,22.9,25.218106,110.039197,173.73,46.40897627103043,10.448550004734807,22.68014771464678,-0.32126966169236515,0.9981707480458889,25.218106,635.952870227236,0.9795302657838054,5.163241925350947,-1975.039060987802,5414.846344365945,2714.46141517598,89.99227985132664,104.03624346792648,43.0
2021-12-13,54.6,62.6,48.2,4.4,5.5,4.7,9.7,21.2,25.218106,110.039197,173.73,47.521783469759846,10.444348015331833,22.65092279228425,-0.3049212246562894,0.9981707480458889,25.218106,635.952870227236,0.9795302657838054,5.163241925350947,-1975.039060987802,5414.846344365945,2714.46141517598,89.99227985132664,104.03624346792648,42.9
2021-12-14,57.2,68.0,48.2,999.0,3.6,2.4,5.8,10.3,25.218106,110.039197,173.73,49.76717208120668,10.440665471581822,22.62559537646884,-0.2884824328806098,0.9981707480458889,25.218106,635.952870227236,0.9795302657838054,5.163241925350947,-1975.039060987802,5414.846344365945,2714.46141517598,89.99227985132664,104.03624346792648,48.1
2021-12-15,60.2,67.3,50.9,996.5,3.3,2.7,5.8,-25.814510313378996,25.218106,110.039197,173.73,52.36148218130021,10.43750475374755,22.60417959369275,-0.27195815753410524,0.9981707480458889,25.218106,635.952870227236,0.9795302657838054,5.163241925350947,-1975.039060987802,5414.846344365945,2714.46141517598,89.99227985132664,104.03624346792648,52.7
2021-12-16,60.8,71.6,52.9,1.5,4.6,7.3,17.5,23.3,25.218106,110.039197,173.73,52.86999741949933,10.43486791174329,22.586687643105247,-0.2553532951161881,0.9981707480458889,25.218106,635.952870227236,0.9795302657838054,5.163241925350947,-1975.039060987802,5414.846344365945,2714.46141517598,89.99227985132664,104.03624346792648,50.5
2021-12-17,54.9,69.3,44.6,7.8,7.5,9.1,15.5,26.6,25.218106,110.039197,173.73,47.729861722414746,10.432756660637104,22.573129792887933,-0.23867276600594997,0.9981707480458889,25.218106,635.952870227236,0.9795302657838054,5.163241925350947,-1975.039060987802,5414.846344365945,2714.46141517598,89.99227985132664,104.03624346792648,28.7
2021-12-18,49.6,62.8,35.6,8.5,7.0,5.7,13.6,22.7,25.218106,110.039197,173.73,43.11551249107073,10.43117237687195,22.563514376961205,-0.22192151300416674,0.9981707480458889,25.218106,635.952870227236,0.9795302657838054,5.163241925350947,-1975.039060987802,5414.846344365945,2714.46141517598,89.99227985132664,104.03624346792648,30.5
2021-12-19,52.6,65.7,37.4,3.8,7.4,3.0,5.8,14.6,25.218106,110.039197,173.73,45.71867555072499,10.43011609522243,22.557847791997233,-0.20510449986861926,0.9981707480458889,25.218106,635.952870227236,0.9795302657838054,5.163241925350947,-1975.039060987802,5414.846344365945,2714.46141517598,89.99227985132664,104.03624346792648,33.4
2021-12-20,50.5,65.7,45.5,1.5,3.0,1.9,5.2,14.0,25.218106,110.039197,173.73,43.891184964857594,10.429588506500814,22.55613449471988,-0.1882267098432439,0.9981707480458889,25.218106,635.952870227236,0.9795302657838054,5.163241925350947,-1975.039060987802,5414.846344365945,2714.46141517598,89.99227985132664,104.03624346792648,46.3
2021-12-21,56.1,71.6,41.0,998.7,5.5,2.6,5.8,14.0,25.218106,110.039197,173.73,48.758333044406,10.429589956022674,22.5583769994774,-0.1712931441814778,0.9981707480458889,25.218106,635.952870227236,0.9795302657838054,5.163241925350947,-1975.039060987802,5414.846344365945,2714.46141517598,89.99227985132664,104.03624346792648,46.4
2021-12-22,55.5,71.6,41.0,998.7,6.9,2.8,9.7,14.0,25.218106,110.039197,173.73,48.23930704813052,10.430120442839032,22.56457587607914,-0.154308820664281,0.9981707480458889,25.218106,635.952870227236,0.9795302657838054,5.163241925350947,-1975.039060987802,5414.846344365945,2714.46141517598,89.99227985132664,104.03624346792648,43.2
2021-12-23,56.1,71.6,42.8,997.1,4.8,1.5,5.8,99.03280875823164,25.218106,110.039197,173.73,48.765764722277275,10.431179619738455,22.574729747893212,-0.13727877211326517,0.9981707480458889,25.218106,635.952870227236,0.9795302657838054,5.163241925350947,-1975.039060987802,5414.846344365945,2714.46141517598,89.99227985132664,104.03624346792648,47.4
2021-12-24,54.7,69.6,47.1,1.6,3.5,4.0,8.7,20.0,25.218106,110.039197,173.73,47.55602863607058,10.43276679401914,22.58883529020743,-0.12020804489935275,0.9981707480458889,25.218106,635.952870227236,0.9795302657838054,5.163241925350947,-1975.039060987802,5414.846344365945,2714.46141517598,89.99227985132664,104.03624346792648,49.2
2021-12-25,46.5,59.0,41.0,8.7,7.7,8.3,11.7,26.0,25.218106,110.039197,173.73,40.435163599981415,10.434880929027463,22.60688722886173,-0.10310169744743544,0.9981707480458889,25.218106,635.952870227236,0.9795302657838054,5.163241925350947,-1975.039060987802,5414.846344365945,2714.46141517598,89.99227985132664,104.03624346792648,39.2
2021-12-26,35.8,51.8,33.1,14.2,5.8,7.4,12.0,26.2,25.218106,110.039197,173.73,31.13860326192732,10.437520646456086,22.628878339165496,-0.0859647987374467,0.9981707480458889,25.218106,635.952870227236,0.9795302657838054,5.163241925350947,-1975.039060987802,5414.846344365945,2714.46141517598,89.99227985132664,104.03624346792648,31.8
2021-12-27,35.9,41.0,33.1,12.7,4.4,5.2,8.4,25.8,25.218106,110.039197,173.73,31.23504698626225,10.440684229391282,22.654799445118947,-0.06880242680232064,0.9981707480458889,25.218106,635.952870227236,0.9795302657838054,5.163241925350947,-1975.039060987802,5414.846344365945,2714.46141517598,89.99227985132664,104.03624346792648,30.4
2021-12-28,38.6,39.6,34.2,8.1,3.8,3.0,5.8,14.2,25.218106,110.039197,173.73,33.5960556306082,10.444369626095813,22.684639418963183,-0.05161966722325418,0.9981707480458889,25.218106,635.952870227236,0.9795302657838054,5.163241925350947,-1975.039060987802,5414.846344365945,2714.46141517598,89.99227985132664,104.03624346792648,36.4
2021-12-29,44.9,48.2,35.6,9.4,8.4,3.0,7.0,17.3,25.218106,110.039197,173.73,39.095082750626915,10.448574454510535,22.7183851810884,-0.034421611622745804,0.9981707480458889,25.218106,635.952870227236,0.9795302657838054,5.163241925350947,-1975.039060987802,5414.846344365945,2714.46141517598,89.99227985132664,104.03624346792648,39.3
2021-12-30,50.1,55.4,39.9,9.3,6.4,3.6,7.8,17.3,25.218106,110.039197,173.73,43.642510831123225,10.453296007454664,22.756021700335204,-0.01721335615583528,0.9981707480458889,25.218106,635.952870227236,0.9795302657838054,5.163241925350947,-1975.039060987802,5414.846344365945,2714.46141517598,89.99227985132664,104.03624346792648,38.1
2021-12-31,49.9,54.3,44.6,8.1,4.7,3.6,7.8,13.4,25.218106,110.039197,173.73,43.49005914993678,10.458531258501832,22.797531994728484,6.432490598706546e-16,0.9981707480458889,25.218106,635.952870227236,0.9795302657838054,5.163241925350947,-1975.039060987802,5414.846344365945,2714.46141517598,89.99227985132664,104.03624346792648,39.4
2022-01-01,48.1,55.6,42.8,7.9,2.9,2.0,4.7,13.2,25.218106,110.039197,173.73,41.94430978126212,10.464276868506142,22.842897132688286,0.017213356155834685,0.9981707480458889,25.218106,635.952870227236,0.9795302657838054,5.163241925350947,-1975.039060987802,5414.846344365945,2714.46141517598,89.99227985132664,104.03624346792648,44.3
2022-01-02,55.0,62.8,44.2,4.2,5.5,2.4,4.1,10.3,25.218106,110.039197,173.73,47.98992546677008,10.470529192749837,22.892096234765884,0.03442161162274574,0.9981707480458889,25.218106,635.952870227236,0.9795302657838054,5.163241925350947,-1975.039060987802,5414.846344365945,2714.46141517598,89.99227985132664,104.03624346792648,42.8
2022-01-03,55.6,62.8,46.4,1.6,3.8,1.5,5.8,9.7,25.218106,110.039197,173.73,48.54475053755916,10.477284288681833,22.945106475957953,0.051619667223253764,0.9981707480458889,25.218106,635.952870227236,0.9795302657838054,5.163241925350947,-1975.039060987802,5414.846344365945,2714.46141517598,89.99227985132664,104.03624346792648,47.5
2022-01-04,59.9,68.0,53.6,998.6,2.3,2.1,3.9,80.36581273046224,25.218106,110.039197,173.73,52.33531847170164,10.484537924214019,23.001903088654633,0.06880242680231986,0.9981707480458889,25.218106,635.952870227236,0.9795302657838054,5.163241925350947,-1975.039060987802,5414.846344365945,2714.46141517598,89.99227985132664,104.03624346792648,53.0
2022-01-05,55.0,66.4,50.0,0.7,3.9,5.9,9.7,20.2,25.218106,110.039197,173.73,48.089642271643314,10.49228558654036,23.062459366281505,0.08596479873744647,0.9981707480458889,25.218106,635.952870227236,0.9795302657838054,5.163241925350947,-1975.039060987802,5414.846344365945,2714.46141517598,89.99227985132664,104.03624346792648,47.8
2022-01-06,47.5,59.2,44.6,5.3,5.9,5.7,9.7,20.2,25.218106,110.039197,173.73,41.56456819529123,10.500522491441995,23.126746667697528,0.10310169744743485,0.9981707480458889,25.218106,635.952870227236,0.9795302657838054,5.163241925350947,-1975.039060987802,5414.846344365945,2714.46141517598,89.99227985132664,104.03624346792648,41.2
2022-01-07,45.7,51.1,44.6,5.9,6.1,3.6,5.8,19.4,25.218106,110.039197,173.73,40.022702683494,10.509243593039999,23.19473442241428,0.1202080448993527,0.9981707480458889,25.218106,635.952870227236,0.9795302657838054,5.163241925350947,-1975.039060987802,5414.846344365945,2714.46141517598,89.99227985132664,104.03624346792648,42.0
2022-01-08,45.2,46.4,44.4,4.0,5.1,3.4,7.2,17.3,25.218106,110.039197,173.73,39.619470870568485,10.518443593956233,23.266390136703574,0.13727877211326478,0.9981707480458889,25.218106,635.952870227236,0.9795302657838054,5.163241925350947,-1975.039060987802,5414.846344365945,2714.46141517598,89.99227985132664,104.03624346792648,43.5
2022-01-09,47.2,50.0,44.4,1.0,4.9,3.0,3.9,15.9,25.218106,110.039197,173.73,41.41059335964379,10.528116955841641,23.341679400662326,0.15430882066428117,0.9981707480458889,25.218106,635.952870227236,0.9795302657838054,5.163241925350947,-1975.039060987802,5414.846344365945,2714.46141517598,89.99227985132664,104.03624346792648,43.2
2022-01-10,46.8,48.9,39.2,3.4,5.3,3.6,7.8,15.5,25.218106,110.039197,173.73,41.09920584989903,10.538257910230522,23.42056589630496,0.1712931441814776,0.9981707480458889,25.218106,635.952870227236,0.9795302657838054,5.163241925350947,-1975.039060987802,5414.846344365945,2714.46141517598,89.99227985132664,104.03624346792648,43.8
2022-01-11,49.4,60.8,39.2,3.8,4.7,4.6,13.6,18.1,25.218106,110.039197,173.73,43.42614226684472,10.54886046967888,23.503011406754332,0.1882267098432442,0.9981707480458889,25.218106,635.952870227236,0.9795302657838054,5.163241925350947,-1975.039060987802,5414.846344365945,2714.46141517598,89.99227985132664,104.03624346792648,37.8
2022-01-12,51.0,59.2,44.6,3.6,2.9,2.8,5.8,15.7,25.218106,110.039197,173.73,44.87965336636428,10.559918439144536,23.58897582660263,0.2051044998686192,0.9981707480458889,25.218106,635.952870227236,0.9795302657838054,5.163241925350947,-1975.039060987802,5414.846344365945,2714.46141517598,89.99227985132664,104.03624346792648,39.0
2022-01-13,53.7,60.8,46.9,3.9,4.8,6.4,13.6,18.8,25.218106,110.039197,173.73,47.30712878836082,10.571425427566663,23.678417173513548,0.2219215130041655,0.9981707480458889,25.218106,635.952870227236,0.9795302657838054,5.163241925350947,-1975.039060987802,5414.846344365945,2714.46141517598,89.99227985132664,104.03624346792648,35.4
2022-01-14,48.5,60.3,46.4,0.9,1.7,3.3,5.8,11.3,25.218106,110.039197,173.73,42.77447339089395,10.583374859602626,23.771291601136827,0.2386727660059501,0.9981707480458889,25.218106,635.952870227236,0.9795302657838054,5.163241925350947,-1975.039060987802,5414.846344365945,2714.46141517598,89.99227985132664,104.03624346792648,45.7
2022-01-15,47.5,50.5,46.4,2.1,2.6,3.9,7.8,14.0,25.218106,110.039197,173.73,41.94154995044292,10.595759987480317,23.867553413404856,0.255353295116187,0.9981707480458889,25.218106,635.952870227236,0.9795302657838054,5.163241925350947,-1975.039060987802,5414.846344365945,2714.46141517598,89.99227985132664,104.03624346792648,46.1
2022-01-16,47.1,48.7,46.4,4.5,3.6,2.6,5.8,14.0,25.218106,110.039197,173.73,41.638652568979936,10.608573902924824,23.967155080280104,0.2719581575341055,0.9981707480458889,25.218106,635.952870227236,0.9795302657838054,5.163241925350947,-1975.039060987802,5414.846344365945,2714.46141517598,89.99227985132664,104.03624346792648,45.6
2022-01-17,49.1,51.8,46.2,5.3,7.2,2.8,6.0,14.8,25.218106,110.039197,173.73,43.46090407181233,10.621809549119103,24.070047255019972,0.288482432880609,0.9981707480458889,25.218106,635.952870227236,0.9795302657838054,5.163241925350947,-1975.039060987802,5414.846344365945,2714.46141517598,89.99227985132664,104.03624346792648,45.8
2022-01-18,53.3,61.2,46.4,4.0,7.7,3.6,5.8,13.8,25.218106,110.039197,173.73,47.23916697922801,10.635459732659214,24.17617879302377,0.30492122465628907,0.9981707480458889,25.218106,635.952870227236,0.9795302657838054,5.163241925350947,-1975.039060987802,5414.846344365945,2714.46141517598,89.99227985132664,104.03624346792648,45.7
2022-01-19,52.4,62.8,44.6,1.0,6.1,2.7,5.8,10.9,25.218106,110.039197,173.73,46.502891491534704,10.649517135465963,24.285496772323434,0.3212696616923644,0.9981707480458889,25.218106,635.952870227236,0.9795302657838054,5.163241925350947,-1975.039060987802,5414.846344365945,2714.46141517598,89.99227985132664,104.03624346792648,44.0
2022-01-20,51.1,62.8,44.6,0.1,4.2,2.4,3.9,46.32143112871694,25.218106,110.039197,173.73,45.41075734083982,10.663974326616005,24.397946515777136,0.3375228995941133,0.9981707480458889,25.218106,635.952870227236,0.9795302657838054,5.163241925350947,-1975.039060987802,5414.846344365945,2714.46141517598,89.99227985132664,104.03624346792648,47.2
2022-01-21,53.7,56.8,48.6,997.6,3.0,1.8,3.9,-25.574406006568516,25.218106,110.039197,173.73,47.78773638890515,10.678823774057017,24.513471615020997,0.3536761221763716,0.9981707480458889,25.218106,635.952870227236,0.9795302657838054,5.163241925350947,-1975.039060987802,5414.846344365945,2714.46141517598,89.99227985132664,104.03624346792648,50.4
2022-01-22,53.7,56.8,50.0,993.1,5.2,3.3,7.8,15.2,25.218106,110.039197,173.73,47.85590890637433,10.694057856173034,24.632013956230576,0.3697245428906731,0.9981707480458889,25.218106,635.952870227236,0.9795302657838054,5.163241925350947,-1975.039060987802,5414.846344365945,2714.46141517598,89.99227985132664,104.03624346792648,52.5
2022-01-23,47.8,55.0,42.8,996.9,9.1,5.2,7.8,18.6,25.218106,110.039197,173.73,42.660181011451954,10.709668873167855,24.75351374773983,0.38566340624360707,0.9981707480458889,25.218106,635.952870227236,0.9795302657838054,5.163241925350947,-1975.039060987802,5414.846344365945,2714.46141517598,89.99227985132664,104.03624346792648,44.2
2022-01-24,45.9,51.8,42.8,0.0,9.6,5.3,9.7,17.7,25.218106,110.039197,173.73,41.02560764775314,10.725649058236115,24.877909549560474,0.401487989205973,0.9981707480458889,25.218106,635.952870227236,0.9795302657838054,5.163241925350947,-1975.039060987802,5414.846344365945,2714.46141517598,89.99227985132664,104.03624346792648,39.8
2022-01-25,44.0,49.3,42.8,999.9,6.5,4.2,6.2,12.8,25.218106,110.039197,173.73,39.387298824476346,10.741990588493548,25.005138304840212,0.4171936026123168,0.9981707480458889,25.218106,635.952870227236,0.9795302657838054,5.163241925350947,-1975.039060987802,5414.846344365945,2714.46141517598,89.99227985132664,104.03624346792648,40.9
2022-01-26,45.1,46.4,42.8,999.0,5.6,4.0,6.2,16.3,25.218106,110.039197,173.73,40.434726696946605,10.758685595639895,25.135135373293235,0.4327755925504312,0.9981707480458889,25.218106,635.952870227236,0.9795302657838054,5.163241925350947,-1975.039060987802,5414.846344365945,2714.46141517598,89.99227985132664,104.03624346792648,43.0
2022-01-27,44.1,46.4,41.0,1.9,9.7,4.7,7.8,17.5,25.218106,110.039197,173.73,39.600793698012176,10.775726176329844,25.267834566630857,0.4482293417404106,0.9981707480458889,25.218106,635.952870227236,0.9795302657838054,5.163241925350947,-1975.039060987802,5414.846344365945,2714.46141517598,89.99227985132664,104.03624346792648,40.2
2022-01-28,41.2,45.9,39.2,1.9,9.9,5.1,6.6,19.2,25.218106,110.039197,173.73,37.05632511432118,10.79310440222947,25.403168186015204,0.4635502709028509,0.9981707480458889,25.218106,635.952870227236,0.9795302657838054,5.163241925350947,-1975.039060987802,5414.846344365945,2714.46141517598,89.99227985132664,104.03624346792648,36.9
2022-01-29,39.7,43.2,37.4,2.2,6.9,6.2,7.8,23.7,25.218106,110.039197,173.73,35.76577079088198,10.810812329737624,25.54106706155256,0.47873384011578846,0.9981707480458889,25.218106,635.952870227236,0.9795302657838054,5.163241925350947,-1975.039060987802,5414.846344365945,2714.46141517598,89.99227985132664,104.03624346792648,35.2
2022-01-30,41.7,51.8,37.4,3.6,5.4,6.9,13.6,20.6,25.218106,110.039197,173.73,37.63022598250416,10.828842009353712,25.681460593837517,0.49377555015997715,0.9981707480458889,25.218106,635.952870227236,0.9795302657838054,5.163241925350947,-1975.039060987802,5414.846344365945,2714.46141517598,89.99227985132664,104.03624346792648,33.6
2022-01-31,41.0,48.6,37.4,4.4,5.6,5.0,9.7,19.2,25.218106,110.039197,173.73,37.06121710680784,10.847185494675465,25.824276797552763,0.5086709438521044,0.9981707480458889,25.218106,635.952870227236,0.9795302657838054,5.163241925350947,-1975.039060987802,5414.846344365945,2714.46141517598,89.99227985132664,104.03624346792648,36.9
2022-02-01,42.0,45.0,37.8,4.1,6.7,4.5,7.8,19.8,25.218106,110.039197,173.73,38.030421978542435,10.865834851012124,25.969442347123397,0.5234156073655503,0.9981707480458889,25.218106,635.952870227236,0.9795302657838054,5.163241925350947,-1975.039060987802,5414.846344365945,2714.46141517598,89.99227985132664,104.03624346792648,37.4
2022-02-02,41.0,44.8,38.7,5.3,6.8,5.3,9.7,20.2,25.218106,110.039197,173.73,37.18967239230197,10.884782163600578,26.116882624418174,0.5380051715382996,0.9981707480458889,25.218106,635.952870227236,0.9795302657838054,5.163241925350947,-1975.039060987802,5414.846344365945,2714.46141517598,89.99227985132664,104.03624346792648,37.5
2022-02-03,44.2,51.6,38.7,5.0,6.8,5.7,11.7,20.2,25.218106,110.039197,173.73,40.163138658940866,10.904019545413808,26.26652176848382,0.5524353131676196,0.9981707480458889,25.218106,635.952870227236,0.9795302657838054,5.163241925350947,-1975.039060987802,5414.846344365945,2714.46141517598,89.99227985132664,104.03624346792648,35.2
2022-02-04,45.9,57.2,33.8,6.6,7.5,5.0,11.7,16.5,25.218106,110.039197,173.73,41.78253722791511,10.923539144552969,26.418282727292073,0.5667017562911176,0.9981707480458889,25.218106,635.952870227236,0.9795302657838054,5.163241925350947,-1975.039060987802,5414.846344365945,2714.46141517598,89.99227985132664,104.03624346792648,33.4
2022-02-05,46.7,56.5,35.6,6.5,6.7,6.4,13.6,15.9,25.218106,110.039197,173.73,42.587804846816134,10.943333151216136,26.57208731147273,0.5808002734538009,0.9981707480458889,25.218106,635.952870227236,0.9795302657838054,5.163241925350947,-1975.039060987802,5414.846344365945,2714.46141517598,89.99227985132664,104.03624346792648,34.7
2022-02-06,42.6,54.0,40.8,2.3,3.6,3.7,6.4,16.9,25.218106,110.039197,173.73,38.920048005047086,10.963393804238615,26.72785624999939,0.5947266869607634,0.9981707480458889,25.218106,635.952870227236,0.9795302657838054,5.163241925350947,-1975.039060987802,5414.846344365945,2714.46141517598,89.99227985132664,104.03624346792648,40.5
2022-02-07,43.9,51.3,37.4,2.1,9.3,6.9,11.7,23.3,25.218106,110.039197,173.73,40.18208484476127,10.98371339720126,26.885509247788324,0.6084768701151261,0.9981707480458889,25.218106,635.952870227236,0.9795302657838054,5.163241925350947,-1975.039060987802,5414.846344365945,2714.46141517598,89.99227985132664,104.03624346792648,38.4
2022-02-08,38.1,51.3,37.0,4.6,7.7,5.6,9.7,24.7,25.218106,110.039197,173.73,34.93860260203318,11.004284284104937,27.044965045164172,0.6220467484408675,0.9981707480458889,25.218106,635.952870227236,0.9795302657838054,5.163241925350947,-1975.039060987802,5414.846344365945,2714.46141517598,89.99227985132664,104.03624346792648,34.0
2022-02-09,42.1,45.9,37.0,3.3,9.5,4.1,7.8,15.0,25.218106,110.039197,173.73,38.679721920176014,11.02509888461074,27.20614147914025,0.6354323008901774,0.9981707480458889,25.218106,635.952870227236,0.9795302657838054,5.163241925350947,-1975.039060987802,5414.846344365945,2714.46141517598,89.99227985132664,104.03624346792648,35.3
2022-02-10,42.0,45.9,37.2,999.5,4.7,3.8,7.8,11.3,25.218106,110.039197,173.73,38.6615239109644,11.04614968884697,27.36895554645451,0.6486295610349814,0.9981707480458889,25.218106,635.952870227236,0.9795302657838054,5.163241925350947,-1975.039060987802,5414.846344365945,2714.46141517598,89.99227985132664,104.03624346792648,39.7
2022-02-11,44.4,47.3,41.0,1.3,9.9,3.3,6.0,14.8,25.218106,110.039197,173.73,40.949488268605556,11.067429261785286,27.533323468296402,0.6616346182422783,0.9981707480458889,25.218106,635.952870227236,0.9795302657838054,5.163241925350947,-1975.039060987802,5414.846344365945,2714.46141517598,89.99227985132664,104.03624346792648,40.3
2022-02-12,44.3,48.2,41.7,0.5,4.9,4.1,7.8,16.3,25.218106,110.039197,173.73,40.936634162541594,11.088930247189596,27.699160756653704,0.6744436188329455,0.9981707480458889,25.218106,635.952870227236,0.9795302657838054,5.163241925350947,-1975.039060987802,5414.846344365945,2714.46141517598,89.99227985132664,104.03624346792648,40.4
2022-02-13,42.7,46.9,35.6,1.4,4.8,3.1,7.2,20.4,25.218106,110.039197,173.73,39.53537977898208,11.110645371142505,27.866382282202476,0.6870527672236669,0.9981707480458889,25.218106,635.952870227236,0.9795302657838054,5.163241925350947,-1975.039060987802,5414.846344365945,2714.46141517598,89.99227985132664,104.03624346792648,40.4
2022-02-14,50.9,63.3,37.4,0.5,5.9,3.5,7.8,16.7,25.218106,110.039197,173.73,47.22064024653301,11.13256744515513,28.034902343657585,0.699458327051647,0.9981707480458889,25.218106,635.952870227236,0.9795302657838054,5.163241925350947,-1975.039060987802,5414.846344365945,2714.46141517598,89.99227985132664,104.03624346792648,40.9
2022-02-15,49.8,63.3,41.7,0.0,5.1,4.2,7.8,14.4,25.218106,110.039197,173.73,46.29196088079842,11.154689368867091,28.204634738495834,0.7116566222817746,0.9981707480458889,25.218106,635.952870227236,0.9795302657838054,5.163241925350947,-1975.039060987802,5414.846344365945,2714.46141517598,89.99227985132664,104.03624346792648,41.2
2022-02-16,46.3,54.5,44.6,996.2,2.6,3.6,5.8,11.5,25.218106,110.039197,173.73,43.124607610628686,11.177004132344369,28.37549283495821,0.7236440382959124,0.9981707480458889,25.218106,635.952870227236,0.9795302657838054,5.163241925350947,-1975.039060987802,5414.846344365945,2714.46141517598,89.99227985132664,104.03624346792648,44.1
2022-02-17,46.0,49.1,42.6,996.7,5.4,4.6,7.8,20.14050850544984,25.218106,110.039197,173.73,42.93143513560353,11.199504817983529,28.5473896452328,0.7354170229639855,0.9981707480458889,25.218106,635.952870227236,0.9795302657838054,5.163241925350947,-1975.039060987802,5414.846344365945,2714.46141517598,89.99227985132664,104.03624346792648,43.7
2022-02-18,41.0,49.1,37.9,1.5,8.4,6.3,9.7,9.139604180645087,25.218106,110.039197,173.73,38.342464056941,11.222184602031511,28.720237899715045,0.7469720876965552,0.9981707480458889,25.218106,635.952870227236,0.9795302657838054,5.163241925350947,-1975.039060987802,5414.846344365945,2714.46141517598,89.99227985132664,104.03624346792648,37.9
2022-02-19,39.2,44.6,37.4,7.1,5.6,8.3,15.5,-8.753835069098706,25.218106,110.039197,173.73,36.733786735387284,11.2450367557308,28.893950122237314,0.7583058084785624,0.9981707480458889,25.218106,635.952870227236,0.9795302657838054,5.163241925350947,-1975.039060987802,5414.846344365945,2714.46141517598,89.99227985132664,104.03624346792648,35.1
2022-02-20,38.2,41.9,35.6,7.7,4.7,6.5,9.7,102.46733992713087,25.218106,110.039197,173.73,35.86997395675284,11.268054646100367,29.068438706155565,0.7694148268839378,0.9981707480458889,25.218106,635.952870227236,0.9795302657838054,5.163241925350947,-1975.039060987802,5414.846344365945,2714.46141517598,89.99227985132664,104.03624346792648,35.4
2022-02-21,38.3,41.5,35.6,8.5,6.6,6.0,11.7,19.6,25.218106,110.039197,173.73,36.03784795855935,11.291231736363244,29.24361599117677,0.7802958510707755,0.9981707480458889,25.218106,635.952870227236,0.9795302657838054,5.163241925350947,-1975.039060987802,5414.846344365945,2714.46141517598,89.99227985132664,104.03624346792648,33.1
2022-02-22,37.4,41.5,33.8,10.0,8.0,4.7,7.8,14.312979868329654,25.218106,110.039197,173.73,35.263716943132955,11.314561586031965,29.41939434080684,0.7909456567567772,0.9981707480458889,25.218106,635.952870227236,0.9795302657838054,5.163241925350947,-1975.039060987802,5414.846344365945,2714.46141517598,89.99227985132664,104.03624346792648,34.7
2022-02-23,42.2,46.4,35.6,11.4,8.3,6.4,13.6,100.4116845874144,25.218106,110.039197,173.73,39.872099774833316,11.3380378506635,29.59568622029576,0.8013610881746766,0.9981707480458889,25.218106,635.952870227236,0.9795302657838054,5.163241925350947,-1975.039060987802,5414.846344365945,2714.46141517598,89.99227985132664,104.03624346792648,33.5
2022-02-24,46.0,53.6,37.4,9.4,7.0,4.9,9.7,-83.27289469009884,25.218106,110.039197,173.73,43.5530080782994,11.361654281295495,29.772404274953185,0.8115390590073611,0.9981707480458889,25.218106,635.952870227236,0.9795302657838054,5.163241925350947,-1975.039060987802,5414.846344365945,2714.46141517598,89.99227985132664,104.03624346792648,34.0
2022-02-25,47.7,52.2,39.9,5.7,5.2,1.3,1.9,-77.49911962122147,25.218106,110.039197,173.73,45.256983776214355,11.385404723575936,29.949461408704998,0.8214765533024142,0.9981707480458889,25.218106,635.952870227236,0.9795302657838054,5.163241925350947,-1975.039060987802,5414.846344365945,2714.46141517598,89.99227985132664,104.03624346792648,39.1
2022-02-26,53.1,66.2,41.0,3.4,4.4,2.0,3.9,173.94969029809874,25.218106,110.039197,173.73,50.48607779094808,11.409283116598436,30.1267708627591,0.8311706263658079,0.9981707480458889,25.218106,635.952870227236,0.9795302657838054,5.163241925350947,-1975.039060987802,5414.846344365945,2714.46141517598,89.99227985132664,104.03624346792648,44.6
2022-02-27,59.5,73.4,42.8,997.6,4.4,4.1,17.5,40.78529391379173,25.218106,110.039197,173.73,56.69003064513342,11.43328349145548,30.304246294246447,0.8406184056344782,0.9981707480458889,25.218106,635.952870227236,0.9795302657838054,5.163241925350947,-1975.039060987802,5414.846344365945,2714.46141517598,89.99227985132664,104.03624346792648,49.7
2022-02-28,64.2,77.0,46.9,996.3,3.0,3.0,11.7,18.87869957713682,25.218106,110.039197,173.73,61.29708983694283,11.457399969522024,30.48180185470168,0.8498170915275278,0.9981707480458889,25.218106,635.952870227236,0.9795302657838054,5.163241925350947,-1975.039060987802,5414.846344365945,2714.46141517598,89.99227985132664,104.03624346792648,56.2
2022-03-01,57.4,74.3,51.8,1.1,4.7,4.5,11.7,24.8899488618247,25.218106,110.039197,173.73,54.9204480043048,11.481626760481841,30.65935226824629,0.8587639582758029,0.9981707480458889,25.218106,635.952870227236,0.9795302657838054,5.163241925350947,-1975.039060987802,5414.846344365945,2714.46141517598,89.99227985132664,104.03624346792648,50.7
2022-03-02,63.1,73.4,51.8,998.1,5.7,2.5,3.9,-52.07219443446879,25.218106,110.039197,173.73,60.50216332523994,11.50595816010902,30.836812909336388,0.8674563547295969,0.9981707480458889,25.218106,635.952870227236,0.9795302657838054,5.163241925350947,-1975.039060987802,5414.846344365945,2714.46141517598,89.99227985132664,104.03624346792648,48.9
2022-03-03,67.6,77.0,54.9,994.3,4.0,2.5,5.8,59.122813020353945,25.218106,110.039197,173.73,64.95452215270193,11.53038854781691,31.0140998799365,0.8758917051442429,0.9981707480458889,25.218106,635.952870227236,0.9795302657838054,5.163241925350947,-1975.039060987802,5414.846344365945,2714.46141517598,89.99227985132664,104.03624346792648,57.7
2022-03-04,69.7,81.0,60.3,993.9,5.4,3.6,9.7,-94.65868266602587,25.218106,110.039197,173.73,67.11478276365652,11.554912383986775,31.19113008598038,0.8840675099433636,0.9981707480458889,25.218106,635.952870227236,0.9795302657838054,5.163241925350947,-1975.039060987802,5414.846344365945,2714.46141517598,89.99227985132664,104.03624346792648,58.9
2022-03-05,63.5,81.0,59.0,994.1,2.7,2.8,5.8,29.78923074447796,25.218106,110.039197,173.73,61.274982262508956,11.579524207088307,31.367821312980436,0.8919813464595485,0.9981707480458889,25.218106,635.952870227236,0.9795302657838054,5.163241925350947,-1975.039060987802,5414.846344365945,2714.46141517598,89.99227985132664,104.03624346792648,56.8
2022-03-06,58.9,68.5,53.6,997.5,3.0,2.8,5.8,28.249646350752485,25.218106,110.039197,173.73,56.95737311188112,11.604218630603963,31.54409230064738,0.8996308696522433,0.9981707480458889,25.218106,635.952870227236,0.9795302657838054,5.163241925350947,-1975.039060987802,5414.846344365945,2714.46141517598,89.99227985132664,104.03624346792648,57.1
2022-03-07,60.6,75.2,44.6,1.3,8.3,3.6,9.7,127.82822273323838,25.218106,110.039197,173.73,58.72640121583357,11.628990339769024,31.719862816383053,0.9070138128026359,0.9981707480458889,25.218106,635.952870227236,0.9795302657838054,5.163241925350947,-1975.039060987802,5414.846344365945,2714.46141517598,89.99227985132664,104.03624346792648,46.8
2022-03-08,60.8,77.4,46.4,995.9,6.7,3.1,7.8,21.42186793613503,25.218106,110.039197,173.73,59.04609271323771,11.653834088139023,31.89505372751041,0.9141279881853337,0.9981707480458889,25.218106,635.952870227236,0.9795302657838054,5.163241925350947,-1975.039060987802,5414.846344365945,2714.46141517598,89.99227985132664,104.03624346792648,45.3
2022-03-09,64.9,77.9,50.0,995.2,7.1,2.5,7.8,-73.65008159749534,25.218106,110.039197,173.73,63.16254422002909,11.678744693996133,32.06958707210649,0.9209712877166346,0.9981707480458889,25.218106,635.952870227236,0.9795302657838054,5.163241925350947,-1975.039060987802,5414.846344365945,2714.46141517598,89.99227985132664,104.03624346792648,50.5
2022-03-10,66.0,77.9,54.1,995.1,6.1,2.3,5.8,28.13062696177905,25.218106,110.039197,173.73,64.3704437013318,11.70371703660578,32.243386128306135,0.9275416835791966,0.9981707480458889,25.218106,635.952870227236,0.9795302657838054,5.163241925350947,-1975.039060987802,5414.846344365945,2714.46141517598,89.99227985132664,104.03624346792648,56.4
2022-03-11,68.6,76.3,59.4,993.1,5.0,2.0,7.8,-94.0739162356652,25.218106,110.039197,173.73,67.0493315991801,11.728746052334714,32.41637548194663,0.9338372288229252,0.9981707480458889,25.218106,635.952870227236,0.9795302657838054,5.163241925350947,-1975.039060987802,5414.846344365945,2714.46141517598,89.99227985132664,104.03624346792648,60.6
2022-03-12,71.8,80.6,64.2,991.6,5.6,2.9,7.8,-52.481557168836375,25.218106,110.039197,173.73,70.32706327167156,11.753826730641487,32.588481092426555,0.9398560579418954,0.9981707480458889,25.218106,635.952870227236,0.9795302657838054,5.163241925350947,-1975.039060987802,5414.846344365945,2714.46141517598,89.99227985132664,104.03624346792648,62.6
2022-03-13,70.2,79.7,64.4,992.1,3.5,3.0,9.7,-135.00156979915778,25.218106,110.039197,173.73,68.90688154320831,11.778954109950138,32.759630356654554,0.9455963874271426,0.9981707480458889,25.218106,635.952870227236,0.9795302657838054,5.163241925350947,-1975.039060987802,5414.846344365945,2714.46141517598,89.99227985132664,104.03624346792648,64.8
2022-03-14,68.5,75.6,60.8,992.9,2.1,2.0,3.9,13.016790980884963,25.218106,110.039197,173.73,67.38187035242626,11.804123273417739,32.92975217096808,0.9510565162951535,0.9981707480458889,25.218106,635.952870227236,0.9795302657838054,5.163241925350947,-1975.039060987802,5414.846344365945,2714.46141517598,89.99227985132664,104.03624346792648,65.4
2022-03-15,74.9,87.8,62.6,990.0,4.3,2.4,5.8,-99.1199663589747,25.218106,110.039197,173.73,73.8347306592505,11.829329344606219,33.09877699090534,0.9562348265919056,0.9981707480458889,25.218106,635.952870227236,0.9795302657838054,5.163241925350947,-1975.039060987802,5414.846344365945,2714.46141517598,89.99227985132664,104.03624346792648,65.3
2022-03-16,71.5,87.8,65.8,988.9,4.4,5.3,13.6,15.1667398747379,25.218106,110.039197,173.73,70.63346458661823,11.854567483068795,33.26663688871817,0.9611297838723007,0.9981707480458889,25.218106,635.952870227236,0.9795302657838054,5.163241925350947,-1975.039060987802,5414.846344365945,2714.46141517598,89.99227985132664,104.03624346792648,65.8
2022-03-17,69.1,84.2,60.4,990.9,7.1,4.9,11.7,141.36799878363337,25.218106,110.039197,173.73,68.40803766653384,11.879832879861162,33.43326560851776,0.9657399376548549,0.9981707480458889,25.218106,635.952870227236,0.9795302657838054,5.163241925350947,-1975.039060987802,5414.846344365945,2714.46141517598,89.99227985132664,104.03624346792648,61.4
2022-03-18,69.4,83.5,60.3,991.0,7.9,3.6,9.7,64.98076403771304,25.218106,110.039197,173.73,68.85128168811063,11.905120752987429,33.598598618950305,0.9700639218515071,0.9981707480458889,25.218106,635.952870227236,0.9795302657838054,5.163241925350947,-1975.039060987802,5414.846344365945,2714.46141517598,89.99227985132664,104.03624346792648,58.2
2022-03-19,77.0,87.1,60.6,987.1,5.3,3.9,7.8,-101.73670438372513,25.218106,110.039197,173.73,76.55356903290713,11.930426342790723,33.762573163304275,0.9741004551724205,0.9981707480458889,25.218106,635.952870227236,0.9795302657838054,5.163241925350947,-1975.039060987802,5414.846344365945,2714.46141517598,89.99227985132664,104.03624346792648,66.6
2022-03-20,68.8,87.1,56.3,989.4,4.8,5.5,11.7,12.6,25.218106,110.039197,173.73,68.54627080184316,11.955744907298227,33.92512830695659,0.9778483415056568,0.9981707480458889,25.218106,635.952870227236,0.9795302657838054,5.163241925350947,-1975.039060987802,5414.846344365945,2714.46141517598,89.99227985132664,104.03624346792648,63.2
2022-03-21,54.3,75.9,49.1,992.7,4.6,5.8,9.7,-40.62766976701782,25.218106,110.039197,173.73,54.21434952182489,11.981071717530364,34.086204982070555,0.9813064702716093,0.9981707480458889,25.218106,635.952870227236,0.9795302657838054,5.163241925350947,-1975.039060987802,5414.846344365945,2714.46141517598,89.99227985132664,104.03624346792648,51.2
2022-03-22,49.8,57.6,48.2,999.7,6.5,5.7,9.7,56.269833299701055,25.218106,110.039197,173.73,49.82656851905257,12.006402052783754,34.24574602946411,0.9844738167520922,0.9981707480458889,25.218106,635.952870227236,0.9795302657838054,5.163241925350947,-1975.039060987802,5414.846344365945,2714.46141517598,89.99227985132664,104.03624346792648,46.1
2022-03-23,52.9,59.0,48.4,998.4,6.2,4.7,7.8,118.36680219909074,25.218106,110.039197,173.73,53.03988168858144,12.031731195897493,34.40369623757312,0.9873494423939864,0.9981707480458889,25.218106,635.952870227236,0.9795302657838054,5.163241925350947,-1975.039060987802,5414.846344365945,2714.46141517598,89.99227985132664,104.03624346792648,46.1
2022-03-24,54.1,57.4,50.0,990.6,2.5,2.0,5.8,-136.27285658001534,25.218106,110.039197,173.73,54.357220381876466,12.05705442851234,34.56000237844059,0.989932495087353,0.9981707480458889,25.218106,635.952870227236,0.9795302657838054,5.163241925350947,-1975.039060987802,5414.846344365945,2714.46141517598,89.99227985132664,104.03624346792648,53.1
2022-03-25,67.6,81.0,50.9,988.1,4.8,3.6,17.5,93.90933962451778,25.218106,110.039197,173.73,68.0640009150052,12.082367026332285,34.71461324066924,0.9922222094179323,0.9981707480458889,25.218106,635.952870227236,0.9795302657838054,5.163241925350947,-1975.039060987802,5414.846344365945,2714.46141517598,89.99227985132664,104.03624346792648,64.5
2022-03-26,60.1,81.0,54.5,996.7,7.8,6.4,9.7,33.86827251165024,25.218106,110.039197,173.73,60.63921847411041,12.107664254398083,34.86747965928126,0.994217906893952,0.9981707480458889,25.218106,635.952870227236,0.9795302657838054,5.163241925350947,-1975.039060987802,5414.846344365945,2714.46141517598,89.99227985132664,104.03624346792648,52.4
2022-03-27,54.1,66.2,48.2,0.7,8.0,4.7,7.8,26.835121594461242,25.218106,110.039197,173.73,54.699343975406656,12.132941362382253,35.01855454243625,0.995918996147179,0.9981707480458889,25.218106,635.952870227236,0.9795302657838054,5.163241925350947,-1975.039060987802,5414.846344365945,2714.46141517598,89.99227985132664,104.03624346792648,48.9
2022-03-28,61.6,75.4,50.0,998.0,8.1,3.5,9.7,157.83763095190528,25.218106,110.039197,173.73,62.41206037689792,12.158193579915178,35.16779289496462,0.9973249731081555,0.9981707480458889,25.218106,635.952870227236,0.9795302657838054,5.163241925350947,-1975.039060987802,5414.846344365945,2714.46141517598,89.99227985132664,104.03624346792648,50.7
2022-03-29,60.7,75.4,52.5,996.7,3.2,2.3,5.8,67.99551131764397,25.218106,110.039197,173.73,61.62777983295705,12.18341611195197,35.31515183868132,0.9984354211555643,0.9981707480458889,25.218106,635.952870227236,0.9795302657838054,5.163241925350947,-1975.039060987802,5414.846344365945,2714.46141517598,89.99227985132664,104.03624346792648,57.4
2022-03-30,63.3,65.5,58.1,997.0,2.4,1.3,3.9,94.05373149129268,25.218106,110.039197,173.73,64.40038680785123,12.208604134189809,35.46059062945125,0.9992500112396835,0.9981707480458889,25.218106,635.952870227236,0.9795302657838054,5.163241925350947,-1975.039060987802,5414.846344365945,2714.46141517598,89.99227985132664,104.03624346792648,62.1
2022-03-31,61.3,66.2,57.2,2.6,8.1,6.7,13.6,-8.97976272592723,25.218106,110.039197,173.73,62.49408716148717,12.233752788545614,35.60407067098555,0.9997685019798909,0.9981707480458889,25.218106,635.952870227236,0.9795302657838054,5.163241925350947,-1975.039060987802,5414.846344365945,2714.46141517598,89.99227985132664,104.03624346792648,57.6
2022-04-01,56.0,64.8,51.8,8.8,7.7,7.4,13.6,33.66974615982217,25.218106,110.039197,173.73,57.208000167285356,12.258857178704003,35.74555552535436,0.9999907397361901,0.9981707480458889,25.218106,635.952870227236,0.9795302657838054,5.163241925350947,-1975.039060987802,5414.846344365945,2714.46141517598,89.99227985132664,104.03624346792648,48.7
2022-04-02,58.2,70.5,46.4,7.0,8.2,3.6,5.8,38.162973247187445,25.218106,110.039197,173.73,59.57697497386632,12.283912365745634,35.885010920209375,0.9999166586547379,0.9981707480458889,25.218106,635.952870227236,0.9795302657838054,5.163241925350947,-1975.039060987802,5414.846344365945,2714.46141517598,89.99227985132664,104.03624346792648,45.2
2022-04-03,62.8,78.8,46.4,3.4,8.8,3.9,9.7,17.5,25.218106,110.039197,173.73,64.41664660423253,12.308913363866086,36.0224047527165,0.9995462806873573,0.9981707480458889,25.218106,635.952870227236,0.9795302657838054,5.163241925350947,-1975.039060987802,5414.846344365945,2714.46141517598,89.99227985132664,104.03624346792648,41.6
2022-04-04,65.4,80.8,51.6,2.0,6.9,2.3,5.8,-24.33113312699885,25.218106,110.039197,173.73,67.2195104922669,12.33385513619576,36.157707090206216,0.9988797155850336,0.9981707480458889,25.218106,635.952870227236,0.9795302657838054,5.163241925350947,-1975.039060987802,5414.846344365945,2714.46141517598,89.99227985132664,104.03624346792648,47.1
2022-04-05,67.3,80.8,55.4,0.5,6.4,2.3,5.8,27.260610391856062,25.218106,110.039197,173.73,69.31189194635115,12.358732590731261,36.290890167556185,0.9979171608653922,0.9981707480458889,25.218106,635.952870227236,0.9795302657838054,5.163241925350947,-1975.039060987802,5414.846344365945,2714.46141517598,89.99227985132664,104.03624346792648,50.1
2022-04-06,68.7,85.3,53.6,998.8,7.3,2.8,7.8,13.2,25.218106,110.039197,173.73,70.89576979982698,12.383540576388993,36.42192838132776,0.9966589017541702,0.9981707480458889,25.218106,635.952870227236,0.9795302657838054,5.163241925350947,-1975.039060987802,5414.846344365945,2714.46141517598,89.99227985132664,104.03624346792648,53.0
2022-04-07,70.5,89.6,50.0,997.7,8.2,3.6,9.7,18.3,25.218106,110.039197,173.73,72.89860904025238,12.408273879191894,36.55079828068523,0.9951053111006976,0.9981707480458889,25.218106,635.952870227236,0.9795302657838054,5.163241925350947,-1975.039060987802,5414.846344365945,2714.46141517598,89.99227985132664,104.03624346792648,44.3
2022-04-08,69.8,89.2,51.8,995.0,7.4,2.1,5.8,-44.52423570202617,25.218106,110.039197,173.73,72.31819332152533,12.432927218600343,36.6774785551332,0.9932568492674143,0.9981707480458889,25.218106,635.952870227236,0.9795302657838054,5.163241925350947,-1975.039060987802,5414.846344365945,2714.46141517598,89.99227985132664,104.03624346792648,48.7
2022-04-09,73.4,88.2,58.6,992.1,6.3,3.6,9.7,12.0,25.218106,110.039197,173.73,76.1983459091243,12.45749524399852,36.80195001911438,0.9911140639934547,0.9981707480458889,25.218106,635.952870227236,0.9795302657838054,5.163241925350947,-1975.039060987802,5414.846344365945,2714.46141517598,89.99227985132664,104.03624346792648,57.2
2022-04-10,72.1,87.3,57.2,991.6,6.7,4.0,13.6,15.2,25.218106,110.039197,173.73,74.99585162584714,12.481972531347653,36.9241955935167,0.9886775902323405,0.9981707480458889,25.218106,635.952870227236,0.9795302657838054,5.163241925350947,-1975.039060987802,5414.846344365945,2714.46141517598,89.99227985132664,104.03624346792648,56.1
2022-04-11,75.3,88.5,62.6,989.5,7.4,4.0,13.6,14.2,25.218106,110.039197,173.73,78.4773687146113,12.506353580017736,37.04420028414492,0.9859481499638304,0.9981707480458889,25.218106,635.952870227236,0.9795302657838054,5.163241925350947,-1975.039060987802,5414.846344365945,2714.46141517598,89.99227985132664,104.03624346792648,59.1
2022-04-12,73.4,88.5,66.9,987.0,4.2,3.3,11.7,12.8,25.218106,110.039197,173.73,76.64570402000183,12.53063280980956,37.16195115721835,0.9829265519799822,0.9981707480458889,25.218106,635.952870227236,0.9795302657838054,5.163241925350947,-1975.039060987802,5414.846344365945,2714.46141517598,89.99227985132664,104.03624346792648,66.8
2022-04-13,70.5,81.9,57.2,990.4,9.5,7.1,15.5,17.9,25.218106,110.039197,173.73,73.75947677930105,12.554804558178905,37.2774373119621,0.9796136916454901,0.9981707480458889,25.218106,635.952870227236,0.9795302657838054,5.163241925350947,-1975.039060987802,5414.846344365945,2714.46141517598,89.99227985132664,104.03624346792648,58.4
2022-04-14,72.4,84.2,60.8,991.5,8.3,7.1,13.6,18.3,25.218106,110.039197,173.73,75.89247390197275,12.57886307767504,37.390649850365314,0.9760105506323683,0.9981707480458889,25.218106,635.952870227236,0.9795302657838054,5.163241925350947,-1975.039060987802,5414.846344365945,2714.46141517598,89.99227985132664,104.03624346792648,57.7
2022-04-15,57.9,83.1,53.6,994.7,5.8,5.9,7.8,20.0,25.218106,110.039197,173.73,60.808522224647405,12.60280253360568,37.501581844185246,0.9721181966290613,0.9981707480458889,25.218106,635.952870227236,0.9795302657838054,5.163241925350947,-1975.039060987802,5414.846344365945,2714.46141517598,89.99227985132664,104.03624346792648,55.3
2022-04-16,54.8,62.1,51.8,998.3,7.4,5.2,7.8,20.0,25.218106,110.039197,173.73,57.66155097552915,12.626617001940692,37.610228299281374,0.9679377830240642,0.9981707480458889,25.218106,635.952870227236,0.9795302657838054,5.163241925350947,-1975.039060987802,5414.846344365945,2714.46141517598,89.99227985132664,104.03624346792648,51.1
2022-04-17,54.9,57.0,52.5,999.7,6.3,2.8,5.8,-72.26487673056667,25.218106,110.039197,173.73,57.87512463866128,12.650300467466948,37.71658611736902,0.9634705485641488,0.9981707480458889,25.218106,635.952870227236,0.9795302657838054,5.163241925350947,-1975.039060987802,5414.846344365945,2714.46141517598,89.99227985132664,104.03624346792648,52.2
2022-04-18,59.6,69.4,53.2,0.7,8.0,2.1,5.8,-12.096793826551561,25.218106,110.039197,173.73,62.94677255029308,12.67384682220666,37.82065405528635,0.9587178169872964,0.9981707480458889,25.218106,635.952870227236,0.9795302657838054,5.163241925350947,-1975.039060987802,5414.846344365945,2714.46141517598,89.99227985132664,104.03624346792648,53.5
2022-04-19,64.2,79.2,55.0,998.7,7.8,2.3,7.8,68.22536892911725,25.218106,110.039197,173.73,67.93028677299729,12.697249864111642,37.922432681873474,0.9536809966304457,0.9981707480458889,25.218106,635.952870227236,0.9795302657838054,5.163241925350947,-1975.039060987802,5414.846344365945,2714.46141517598,89.99227985132664,104.03624346792648,54.9
2022-04-20,61.7,79.2,51.8,995.0,4.9,2.3,7.8,127.87586580885394,25.218106,110.039197,173.73,65.40458778050257,12.72050329604588,38.02192433256636,0.9483615800121715,0.9981707480458889,25.218106,635.952870227236,0.9795302657838054,5.163241925350947,-1975.039060987802,5414.846344365945,2714.46141517598,89.99227985132664,104.03624346792648,55.4
2022-04-21,71.7,81.1,55.4,991.8,6.1,4.2,13.6,10.068480479063187,25.218106,110.039197,173.73,76.14301433228502,12.743600725068623,38.11913306181201,0.9427611433904207,0.9981707480458889,25.218106,635.952870227236,0.9795302657838054,5.163241925350947,-1975.039060987802,5414.846344365945,2714.46141517598,89.99227985132664,104.03624346792648,62.9
2022-04-22,71.9,81.1,59.4,989.9,3.8,3.7,15.5,49.53294494301804,25.218106,110.039197,173.73,76.49282617499787,12.766535662030241,38.21406459341542,0.9368813462954315,0.9981707480458889,25.218106,635.952870227236,0.9795302657838054,5.163241925350947,-1975.039060987802,5414.846344365945,2714.46141517598,89.99227985132664,104.03624346792648,70.3
2022-04-23,76.7,87.8,69.8,988.8,4.1,2.0,5.8,-90.01670766317508,25.218106,110.039197,173.73,81.74495222487442,12.789301521492739,38.306726268931364,0.9307239310379795,0.9981707480458889,25.218106,635.952870227236,0.9795302657838054,5.163241925350947,-1975.039060987802,5414.846344365945,2714.46141517598,89.99227985132664,104.03624346792648,72.2
2022-04-24,76.9,86.7,69.8,985.2,5.5,4.3,13.6,125.53337712271019,25.218106,110.039197,173.73,82.10287214423154,12.811891621986714,38.397126994217345,0.9242907221930933,0.9981707480458889,25.218106,635.952870227236,0.9795302657838054,5.163241925350947,-1975.039060987802,5414.846344365945,2714.46141517598,89.99227985132664,104.03624346792648,73.4
2022-04-25,78.9,87.8,70.9,984.7,6.4,4.2,11.7,31.861024214527895,25.218106,110.039197,173.73,84.38551715200134,12.834299186616175,38.48527718426663,0.9175836260593937,0.9981707480458889,25.218106,635.952870227236,0.9795302657838054,5.163241925350947,-1975.039060987802,5414.846344365945,2714.46141517598,89.99227985132664,104.03624346792648,74.0
2022-04-26,75.7,87.8,72.1,986.7,6.0,3.2,7.8,78.3687857150505,25.218106,110.039197,173.73,81.10319691187372,12.856517344022256,38.57118870644228,0.9106046300942162,0.9981707480458889,25.218106,635.952870227236,0.9795302657838054,5.163241925350947,-1975.039060987802,5414.846344365945,2714.46141517598,89.99227985132664,104.03624346792648,73.5
2022-04-27,79.7,88.0,73.2,987.9,4.5,2.3,5.8,78.67937754263922,25.218106,110.039197,173.73,85.5349640532004,12.878539129716495,38.654874822234746,0.9033558023246845,0.9981707480458889,25.218106,635.952870227236,0.9795302657838054,5.163241925350947,-1975.039060987802,5414.846344365945,2714.46141517598,89.99227985132664,104.03624346792648,74.9
2022-04-28,78.0,90.1,62.6,989.8,6.5,7.9,15.5,-31.08641317259961,25.218106,110.039197,173.73,83.85232367065927,12.900357487793736,38.73635012766785,0.895839290734909,0.9981707480458889,25.218106,635.952870227236,0.9795302657838054,5.163241925350947,-1975.039060987802,5414.846344365945,2714.46141517598,89.99227985132664,104.03624346792648,71.8
2022-04-29,64.6,90.1,59.0,995.2,8.8,6.9,9.7,28.083549027360828,25.218106,110.039197,173.73,69.563246386501,12.921965273034244,38.815630492478,0.8880573226294932,0.9981707480458889,25.218106,635.952870227236,0.9795302657838054,5.163241925350947,-1975.039060987802,5414.846344365945,2714.46141517598,89.99227985132664,104.03624346792648,57.2
2022-04-30,58.8,68.2,57.2,997.8,5.6,4.8,7.8,159.67285817160362,25.218106,110.039197,173.73,63.422440741678614,12.9433552534038,38.89273299819322,0.8800122039735357,0.9981707480458889,25.218106,635.952870227236,0.9795302657838054,5.163241925350947,-1975.039060987802,5414.846344365945,2714.46141517598,89.99227985132664,104.03624346792648,56.8
2022-05-01,57.4,60.8,51.8,0.2,5.5,4.9,11.7,-90.52584588273024,25.218106,110.039197,173.73,62.01362120699179,12.964520112959956,38.96767587523841,0.8717063187093218,0.9981707480458889,25.218106,635.952870227236,0.9795302657838054,5.163241925350947,-1975.039060987802,5414.846344365945,2714.46141517598,89.99227985132664,104.03624346792648,53.6
2022-05-02,66.1,80.6,51.8,998.7,9.5,4.6,9.7,56.780946700594974,25.218106,110.039197,173.73,71.52820060723717,12.985452455171652,39.04047843919369,0.8631421280499114,0.9981707480458889,25.218106,635.952870227236,0.9795302657838054,5.163241925350947,-1975.039060987802,5414.846344365945,2714.46141517598,89.99227985132664,104.03624346792648,48.0
2022-05-03,70.4,86.0,55.4,997.5,9.7,3.6,11.7,163.19754768853872,25.218106,110.039197,173.73,76.30271619906337,13.006144806658526,39.111161026332056,0.854322169749827,0.9981707480458889,25.218106,635.952870227236,0.9795302657838054,5.163241925350947,-1975.039060987802,5414.846344365945,2714.46141517598,89.99227985132664,104.03624346792648,49.3
2022-05-04,72.1,86.4,59.0,994.8,8.9,2.8,3.9,-29.88991006192507,25.218106,110.039197,173.73,78.26809264164288,13.026589621355265,39.17974492856238,0.8452490573530633,0.9981707480458889,25.218106,635.952870227236,0.9795302657838054,5.163241925350947,-1975.039060987802,5414.846344365945,2714.46141517598,89.99227985132664,104.03624346792648,52.7
2022-05-05,75.1,88.7,62.1,992.1,8.8,3.3,7.8,103.45729283911376,25.218106,110.039197,173.73,81.6510936926164,13.046779285105151,39.2462523279024,0.8359254794186372,0.9981707480458889,25.218106,635.952870227236,0.9795302657838054,5.163241925350947,-1975.039060987802,5414.846344365945,2714.46141517598,89.99227985132664,104.03624346792648,58.9
2022-05-06,73.4,88.7,66.2,992.5,5.8,3.6,11.7,140.88359548620468,25.218106,110.039197,173.73,79.9246857715282,13.066706120685808,39.31070623060561,0.8263541987239096,0.9981707480458889,25.218106,635.952870227236,0.9795302657838054,5.163241925350947,-1975.039060987802,5414.846344365945,2714.46141517598,89.99227985132664,104.03624346792648,65.1
2022-05-07,71.0,83.5,68.0,993.4,2.1,1.8,3.9,65.53652727571047,25.218106,110.039197,173.73,77.42764416017427,13.08636239326889,39.373130401063776,0.8165380514459161,0.9981707480458889,25.218106,635.952870227236,0.9795302657838054,5.163241925350947,-1975.039060987802,5414.846344365945,2714.46141517598,89.99227985132664,104.03624346792648,69.1
2022-05-08,69.5,76.3,68.0,993.4,3.0,2.3,5.8,-46.62520292361001,25.218106,110.039197,173.73,75.90407933198519,13.10574031631399,39.433549295605495,0.8064799463209448,0.9981707480458889,25.218106,635.952870227236,0.9795302657838054,5.163241925350947,-1975.039060987802,5414.846344365945,2714.46141517598,89.99227985132664,104.03624346792648,68.5
2022-05-09,70.6,73.4,68.7,990.2,2.4,2.8,7.8,-21.039445832045693,25.218106,110.039197,173.73,77.21776194061938,13.124832057895647,39.491987996308644,0.7961828637826158,0.9981707480458889,25.218106,635.952870227236,0.9795302657838054,5.163241925350947,-1975.039060987802,5414.846344365945,2714.46141517598,89.99227985132664,104.03624346792648,70.0
2022-05-10,70.7,77.4,66.2,988.9,7.2,4.0,11.7,-127.31304672461806,25.218106,110.039197,173.73,77.43788526212306,13.143629747460775,39.5484721449424,0.7856498550787147,0.9981707480458889,25.218106,635.952870227236,0.9795302657838054,5.163241925350947,-1975.039060987802,5414.846344365945,2714.46141517598,89.99227985132664,104.03624346792648,67.8
2022-05-11,70.3,80.6,65.8,989.3,6.6,4.8,9.7,95.75541515986495,25.218106,110.039197,173.73,77.10811845464609,13.162125483012137,39.60302787715156,0.7748840413670407,0.9981707480458889,25.218106,635.952870227236,0.9795302657838054,5.163241925350947,-1975.039060987802,5414.846344365945,2714.46141517598,89.99227985132664,104.03624346792648,64.8
2022-05-12,68.9,77.9,65.8,988.0,7.2,2.5,5.8,98.0486458995775,25.218106,110.039197,173.73,75.67695426977068,13.180311338711872,39.655681756993154,0.7638886127905428,0.9981707480458889,25.218106,635.952870227236,0.9795302657838054,5.163241925350947,-1975.039060987802,5414.846344365945,2714.46141517598,89.99227985132664,104.03624346792648,66.7
2022-05-13,70.5,75.7,67.3,989.5,9.2,6.3,15.5,50.53786033860716,25.218106,110.039197,173.73,77.53930381577122,13.19817937289723,39.706460711931925,0.7526668275320085,0.9981707480458889,25.218106,635.952870227236,0.9795302657838054,5.163241925350947,-1975.039060987802,5414.846344365945,2714.46141517598,89.99227985132664,104.03624346792648,64.6
2022-05-14,68.9,77.0,60.8,992.1,9.0,6.7,13.6,-9.073902206735426,25.218106,110.039197,173.73,75.88026839623089,13.215721636498849,39.75539196839826,0.7412220108485958,0.9981707480458889,25.218106,635.952870227236,0.9795302657838054,5.163241925350947,-1975.039060987802,5414.846344365945,2714.46141517598,89.99227985132664,104.03624346792648,63.0
2022-05-15,61.6,76.6,59.0,996.7,9.7,6.4,9.7,-94.571767634258,25.218106,110.039197,173.73,67.92904160016346,13.232930181850023,39.80250298800773,0.7295575540864875,0.9981707480458889,25.218106,635.952870227236,0.9795302657838054,5.163241925350947,-1975.039060987802,5414.846344365945,2714.46141517598,89.99227985132664,104.03624346792648,56.5
2022-05-16,66.6,78.8,55.4,996.3,8.3,3.8,7.8,71.54808261392007,25.218106,110.039197,173.73,73.53637374889763,13.249797071873447,39.847821404538934,0.717676913675962,0.9981707480458889,25.218106,635.952870227236,0.9795302657838054,5.163241925350947,-1975.039060987802,5414.846344365945,2714.46141517598,89.99227985132664,104.03624346792648,56.1
2022-05-17,72.6,84.2,59.7,994.6,9.2,3.1,7.8,64.06747962733232,25.218106,110.039197,173.73,80.261202057261,13.266314389629919,39.89137496176077,0.705583610107178,0.9981707480458889,25.218106,635.952870227236,0.9795302657838054,5.163241925350947,-1975.039060987802,5414.846344365945,2714.46141517598,89.99227985132664,104.03624346792648,56.1
2022-05-18,77.2,86.0,62.6,993.3,8.0,3.4,7.8,124.02600352612984,25.218106,110.039197,173.73,85.45058433016095,13.282474248211546,39.933191452197896,0.6932812268869777,0.9981707480458889,25.218106,635.952870227236,0.9795302657838054,5.163241925350947,-1975.039060987802,5414.846344365945,2714.46141517598,89.99227985132664,104.03624346792648,62.7
2022-05-19,73.1,85.8,69.8,992.4,4.0,2.3,5.8,63.39855476435819,25.218106,110.039197,173.73,81.00862077918028,13.298268800959828,39.973298656917436,0.6807734094770161,0.9981707480458889,25.218106,635.952870227236,0.9795302657838054,5.163241925350947,-1975.039060987802,5414.846344365945,2714.46141517598,89.99227985132664,104.03624346792648,66.4
2022-05-20,70.4,77.9,66.2,991.4,8.4,3.4,7.8,92.81686835996386,25.218106,110.039197,173.73,78.10698281165796,13.31369025198715,40.0117242864168,0.6680638642135335,0.9981707480458889,25.218106,635.952870227236,0.9795302657838054,5.163241925350947,-1975.039060987802,5414.846344365945,2714.46141517598,89.99227985132664,104.03624346792648,64.2
2022-05-21,69.8,75.0,66.2,989.9,4.6,1.9,3.9,64.69662142877846,25.218106,110.039197,173.73,77.52878454292215,13.328730866978022,40.04849592268748,0.6551563572090853,0.9981707480458889,25.218106,635.952870227236,0.9795302657838054,5.163241925350947,-1975.039060987802,5414.846344365945,2714.46141517598,89.99227985132664,104.03624346792648,65.6
2022-05-22,66.5,75.0,65.7,988.5,3.5,2.4,7.8,42.25223500509227,25.218106,110.039197,173.73,73.94458070435495,13.343382984244501,40.083640962525706,0.6420547132365637,0.9981707480458889,25.218106,635.952870227236,0.9795302657838054,5.163241925350947,-1975.039060987802,5414.846344365945,2714.46141517598,89.99227985132664,104.03624346792648,65.5
2022-05-23,67.7,68.4,65.7,989.5,3.1,1.9,3.9,-4.590263337264087,25.218106,110.039197,173.73,75.35934683839676,13.35763902600829,40.11718656215611,0.6287628145958344,0.9981707480458889,25.218106,635.952870227236,0.9795302657838054,5.163241925350947,-1975.039060987802,5414.846344365945,2714.46141517598,89.99227985132664,104.03624346792648,66.7
2022-05-24,70.5,73.4,66.0,990.8,4.7,1.5,3.9,115.20531549825259,25.218106,110.039197,173.73,78.557512620545,13.371491509879998,40.149159583230144,0.6152845999633276,0.9981707480458889,25.218106,635.952870227236,0.9795302657838054,5.163241925350947,-1975.039060987802,5414.846344365945,2714.46141517598,89.99227985132664,104.03624346792648,69.4
2022-05-25,74.1,78.4,67.5,987.6,2.9,1.9,3.9,41.19873139158862,25.218106,110.039197,173.73,82.65196164861437,13.384933060504354,40.17958654025696,0.6016240632249226,0.9981707480458889,25.218106,635.952870227236,0.9795302657838054,5.163241925350947,-1975.039060987802,5414.846344365945,2714.46141517598,89.99227985132664,104.03624346792648,72.0
2022-05-26,73.9,82.0,69.8,984.8,5.7,3.1,9.7,-4.429793722256221,25.218106,110.039197,173.73,82.50908162807507,13.397956421338305,40.20849354951934,0.5877852522924732,0.9981707480458889,25.218106,635.952870227236,0.9795302657838054,5.163241925350947,-1975.039060987802,5414.846344365945,2714.46141517598,89.99227985132664,104.03624346792648,71.7
2022-05-27,72.6,82.0,69.8,984.8,5.0,1.6,3.9,-100.3801363660149,25.218106,110.039197,173.73,81.13385452249054,13.410554466527362,40.23590627952373,0.5737722679043246,0.9981707480458889,25.218106,635.952870227236,0.9795302657838054,5.163241925350947,-1975.039060987802,5414.846344365945,2714.46141517598,89.99227985132664,104.03624346792648,70.3
2022-05-28,76.1,82.4,70.3,984.2,3.4,1.5,5.8,-33.19995966319186,25.218106,110.039197,173.73,85.1224173497855,13.422720212843968,40.26184990302877,0.5595892624101765,0.9981707480458889,25.218106,635.952870227236,0.9795302657838054,5.163241925350947,-1975.039060987802,5414.846344365945,2714.46141517598,89.99227985132664,104.03624346792648,74.6
2022-05-29,81.0,90.0,70.9,984.3,6.7,3.2,9.7,24.417960165452794,25.218106,110.039197,173.73,90.68251611363982,13.434446831650343,40.28634905069239,0.545240438540651,0.9981707480458889,25.218106,635.952870227236,0.9795302657838054,5.163241925350947,-1975.039060987802,5414.846344365945,2714.46141517598,89.99227985132664,104.03624346792648,76.8
2022-05-30,76.2,90.0,71.6,986.9,7.6,3.9,13.6,-27.309476524936347,25.218106,110.039197,173.73,85.38037064637808,13.445727660846943,40.30942776637406,0.5307300481619334,0.9981707480458889,25.218106,635.952870227236,0.9795302657838054,5.163241925350947,-1975.039060987802,5414.846344365945,2714.46141517598,89.99227985132664,104.03624346792648,72.9
2022-05-31,75.5,82.6,69.8,987.0,4.4,1.7,5.8,-50.24218028626905,25.218106,110.039197,173.73,84.66416619715703,13.45655621676668,40.3311094641245,0.5160623910158528,0.9981707480458889,25.218106,635.952870227236,0.9795302657838054,5.163241925350947,-1975.039060987802,5414.846344365945,2714.46141517598,89.99227985132664,104.03624346792648,73.5
2022-06-01,81.4,91.6,70.3,984.8,7.6,3.4,7.8,19.943956824919535,25.218106,110.039197,173.73,91.35064943052383,13.466926205974028,40.351416886891435,0.5012418134457758,0.9981707480458889,25.218106,635.952870227236,0.9795302657838054,5.163241925350947,-1975.039060987802,5414.846344365945,2714.46141517598,89.99227985132664,104.03624346792648,76.5
2022-06-02,81.0,91.6,75.4,983.4,7.4,5.4,11.7,-58.31096296294007,25.218106,110.039197,173.73,90.96861287426154,13.476831536927635,40.37037206696663,0.48627270710868997,0.9981707480458889,25.218106,635.952870227236,0.9795302657838054,5.163241925350947,-1975.039060987802,5414.846344365945,2714.46141517598,89.99227985132664,104.03624346792648,76.9
2022-06-03,81.8,90.0,75.2,982.1,8.9,4.6,13.6,88.31360915162338,25.218106,110.039197,173.73,91.93138215948176,13.486266331464316,40.387996288195836,0.4711595076738638,0.9981707480458889,25.218106,635.952870227236,0.9795302657838054,5.163241925350947,-1975.039060987802,5414.846344365945,2714.46141517598,89.99227985132664,104.03624346792648,77.6
2022-06-04,74.6,87.6,72.9,983.1,2.7,2.6,11.7,14.977386968823978,25.218106,110.039197,173.73,83.89531501918705,13.495224936062261,40.40431004997039,0.4559066935084588,0.9981707480458889,25.218106,635.952870227236,0.9795302657838054,5.163241925350947,-1975.039060987802,5414.846344365945,2714.46141517598,89.99227985132664,104.03624346792648,74.1
2022-06-05,78.2,83.7,72.9,983.5,6.9,4.0,9.7,31.305984271496904,25.218106,110.039197,173.73,87.99912426234754,13.503701932841052,40.41933303301577,0.440518784350495,0.9981707480458889,25.218106,635.952870227236,0.9795302657838054,5.163241925350947,-1975.039060987802,5414.846344365945,2714.46141517598,89.99227985132664,104.03624346792648,76.3
2022-06-06,78.1,85.6,73.8,984.5,6.7,2.8,5.8,-71.80450486828522,25.218106,110.039197,173.73,87.93859641125204,13.511692150256394,40.43308406699025,0.42500033996955416,0.9981707480458889,25.218106,635.952870227236,0.9795302657838054,5.163241925350947,-1975.039060987802,5414.846344365945,2714.46141517598,89.99227985132664,104.03624346792648,74.1
2022-06-07,81.8,93.2,74.7,984.6,7.0,2.9,7.8,-22.1163424746162,25.218106,110.039197,173.73,92.15581642400245,13.519190673447792,40.44558109990371,0.4093559588156213,0.9981707480458889,25.218106,635.952870227236,0.9795302657838054,5.163241925350947,-1975.039060987802,5414.846344365945,2714.46141517598,89.99227985132664,104.03624346792648,73.6
2022-06-08,83.9,95.0,73.4,984.2,8.1,3.4,7.8,-3.8726805882432807,25.218106,110.039197,173.73,94.57063170560205,13.526192854198147,40.45684116936474,0.39359027665646673,0.9981707480458889,25.218106,635.952870227236,0.9795302657838054,5.163241925350947,-1975.039060987802,5414.846344365945,2714.46141517598,89.99227985132664,104.03624346792648,73.5
2022-06-09,84.2,94.8,75.2,984.1,8.4,2.5,3.9,81.945192782271,25.218106,110.039197,173.73,94.9544051485969,13.532694320465115,40.46688037566186,0.3777079652039649,0.9981707480458889,25.218106,635.952870227236,0.9795302657838054,5.163241925350947,-1975.039060987802,5414.846344365945,2714.46141517598,89.99227985132664,104.03624346792648,74.0
2022-06-10,78.3,94.8,71.4,985.0,5.2,2.4,11.7,78.17427117816803,25.218106,110.039197,173.73,88.33995868003015,13.538690985445234,40.47571385668304,0.36171373072976765,0.9981707480458889,25.218106,635.952870227236,0.9795302657838054,5.163241925350947,-1975.039060987802,5414.846344365945,2714.46141517598,89.99227985132664,104.03624346792648,74.3
2022-06-11,74.4,85.8,71.4,985.8,5.8,2.3,7.8,-46.44659599211377,25.218106,110.039197,173.73,83.97391014802619,13.544179056133256,40.483355764675814,0.3456123126707335,0.9981707480458889,25.218106,635.952870227236,0.9795302657838054,5.163241925350947,-1975.039060987802,5414.846344365945,2714.46141517598,89.99227985132664,104.03624346792648,73.1
2022-06-12,78.1,84.0,73.4,985.6,7.4,2.9,11.7,41.52611101233869,25.218106,110.039197,173.73,88.1824173940595,13.54915504134077,40.48981924484924,0.3294084822245304,0.9981707480458889,25.218106,635.952870227236,0.9795302657838054,5.163241925350947,-1975.039060987802,5414.846344365945,2714.46141517598,89.99227985132664,104.03624346792648,75.4
2022-06-13,73.1,84.0,71.6,987.0,7.3,2.1,5.8,-42.06535598698663,25.218106,110.039197,173.73,82.56410933276148,13.553615759140051,40.49511641581745,0.3131070409358269,0.9981707480458889,25.218106,635.952870227236,0.9795302657838054,5.163241925350947,-1975.039060987802,5414.846344365945,2714.46141517598,89.99227985132664,104.03624346792648,72.0
2022-06-14,79.5,88.3,72.0,988.0,8.2,2.2,5.8,196.45988979738135,25.218106,110.039197,173.73,89.81882402702061,13.557558343701222,40.49925835188379,0.29671281927349075,0.9981707480458889,25.218106,635.952870227236,0.9795302657838054,5.163241925350947,-1975.039060987802,5414.846344365945,2714.46141517598,89.99227985132664,104.03624346792648,73.7
2022-06-15,79.9,88.3,73.4,988.8,9.3,2.9,7.8,150.0548236057399,25.218106,110.039197,173.73,90.29352684119182,13.560980251493138,40.50225506716379,0.28023067519921585,0.9981707480458889,25.218106,635.952870227236,0.9795302657838054,5.163241925350947,-1975.039060987802,5414.846344365945,2714.46141517598,89.99227985132664,104.03624346792648,73.3
2022-06-16,73.6,87.8,71.6,988.0,5.6,2.0,3.9,25.692530320811972,25.218106,110.039197,173.73,83.1917928365014,13.563879266820882,40.50411550154437,0.26366549272800704,0.9981707480458889,25.218106,635.952870227236,0.9795302657838054,5.163241925350947,-1975.039060987802,5414.846344365945,2714.46141517598,89.99227985132664,104.03624346792648,72.3
2022-06-17,74.7,77.2,72.0,984.5,4.1,1.7,5.8,53.89934073240377,25.218106,110.039197,173.73,84.44992807905541,13.566253506675567,40.5048475084768,0.24702218048093552,0.9981707480458889,25.218106,635.952870227236,0.9795302657838054,5.163241925350947,-1975.039060987802,5414.846344365945,2714.46141517598,89.99227985132664,104.03624346792648,74.0
2022-06-18,78.0,80.6,72.7,982.6,3.7,2.4,5.8,79.88717698396417,25.218106,110.039197,173.73,88.19265926168708,13.568101424874936,40.50445784460002,0.23030567023061221,0.9981707480458889,25.218106,635.952870227236,0.9795302657838054,5.163241925350947,-1975.039060987802,5414.846344365945,2714.46141517598,89.99227985132664,104.03624346792648,77.2
2022-06-19,78.6,85.1,75.2,982.2,5.2,2.1,5.8,59.84945289287786,25.218106,110.039197,173.73,88.87971289137013,13.569421815476357,40.50295216119158,0.21352091543979612,0.9981707480458889,25.218106,635.952870227236,0.9795302657838054,5.163241925350947,-1975.039060987802,5414.846344365945,2714.46141517598,89.99227985132664,104.03624346792648,77.1
2022-06-20,74.9,85.1,73.4,982.1,4.4,1.9,5.8,55.69921562770996,25.218106,110.039197,173.73,84.70075123141454,13.570213815446921,40.500334997442856,0.19667288979357647,0.9981707480458889,25.218106,635.952870227236,0.9795302657838054,5.163241925350947,-1975.039060987802,5414.846344365945,2714.46141517598,89.99227985132664,104.03624346792648,74.3
2022-06-21,73.8,77.0,73.0,983.8,3.4,2.2,7.8,154.2432239851016,25.218106,110.039197,173.73,83.45843297545898,13.570476906578694,40.496609775555655,0.1797665857255624,0.9981707480458889,25.218106,635.952870227236,0.9795302657838054,5.163241925350947,-1975.039060987802,5414.846344365945,2714.46141517598,89.99227985132664,104.03624346792648,73.4
2022-06-22,79.0,89.6,73.0,987.9,6.2,2.9,11.7,25.3,25.218106,110.039197,173.73,89.33722186788313,13.570210916640477,40.49177879765763,0.16280701293851715,0.9981707480458889,25.218106,635.952870227236,0.9795302657838054,5.163241925350947,-1975.039060987802,5414.846344365945,2714.46141517598,89.99227985132664,104.03624346792648,76.6
2022-06-23,84.0,93.2,74.7,988.6,10.2,5.2,13.6,39.972354114021094,25.218106,110.039197,173.73,94.98591213832636,13.569416019760908,40.4858432445338,0.1457991969198751,0.9981707480458889,25.218106,635.952870227236,0.9795302657838054,5.163241925350947,-1975.039060987802,5414.846344365945,2714.46141517598,89.99227985132664,104.03624346792648,76.6
2022-06-24,83.8,93.9,75.2,987.1,10.1,4.5,11.7,46.900239989647716,25.218106,110.039197,173.73,94.75051427335391,13.568092736041136,40.47880317617223,0.12874817745258132,0.9981707480458889,25.218106,635.952870227236,0.9795302657838054,5.163241925350947,-1975.039060987802,5414.846344365945,2714.46141517598,89.99227985132664,104.03624346792648,75.2
2022-06-25,85.4,94.5,77.0,986.2,10.3,6.3,15.5,105.90584344134393,25.218106,110.039197,173.73,96.54642173800532,13.566241930398872,40.47065753412214,0.11165900712169512,0.9981707480458889,25.218106,635.952870227236,0.9795302657838054,5.163241925350947,-1975.039060987802,5414.846344365945,2714.46141517598,89.99227985132664,104.03624346792648,74.7
2022-06-26,86.1,95.0,78.8,986.8,10.3,8.3,13.6,57.23830798609029,25.218106,110.039197,173.73,97.32073001640632,13.563864810648965,40.46140414566271,0.09453674981719912,0.9981707480458889,25.218106,635.952870227236,0.9795302657838054,5.163241925350947,-1975.039060987802,5414.846344365945,2714.46141517598,89.99227985132664,104.03624346792648,74.8
2022-06-27,84.6,92.7,80.6,984.9,10.3,7.0,13.6,71.88944564722055,25.218106,110.039197,173.73,95.60478862004584,13.560962924829196,40.45103972978178,0.07738647923346301,0.9981707480458889,25.218106,635.952870227236,0.9795302657838054,5.163241925350947,-1975.039060987802,5414.846344365945,2714.46141517598,89.99227985132664,104.03624346792648,75.9
2022-06-28,80.6,91.4,75.2,983.6,8.9,4.1,11.7,-39.79032604529319,25.218106,110.039197,173.73,91.06146462644423,13.557538157783261,40.43955990496326,0.06021327736579302,0.9981707480458889,25.218106,635.952870227236,0.9795302657838054,5.163241925350947,-1975.039060987802,5414.846344365945,2714.46141517598,89.99227985132664,104.03624346792648,76.5
2022-06-29,76.8,87.6,73.4,984.3,6.4,1.2,3.9,-14.975135759050529,25.218106,110.039197,173.73,86.7429934529038,13.553592727016218,40.426959198782754,0.04302223300453059,0.9981707480458889,25.218106,635.952870227236,0.9795302657838054,5.163241925350947,-1975.039060987802,5414.846344365945,2714.46141517598,89.99227985132664,104.03624346792648,75.4
2022-06-30,82.1,93.9,73.4,984.8,8.9,2.8,7.8,-69.95072587265804,25.218106,110.039197,173.73,92.69862545839466,13.549129177840877,40.413231059310526,0.02581844022713308,0.9981707480458889,25.218106,635.952870227236,0.9795302657838054,5.163241925350947,-1975.039060987802,5414.846344365945,2714.46141517598,89.99227985132664,104.03624346792648,75.4
2022-07-01,85.3,97.3,77.0,982.7,9.8,4.1,15.5,27.2,25.218106,110.039197,173.73,96.276335602455,13.544150377836578,40.39836786832166,0.008606996888688698,0.9981707480458889,25.218106,635.952870227236,0.9795302657838054,5.163241925350947,-1975.039060987802,5414.846344365945,2714.46141517598,89.99227985132664,104.03624346792648,75.2
2022-07-02,82.3,97.3,75.2,979.5,9.8,7.4,13.6,23.577464130029238,25.218106,110.039197,173.73,92.8526398105053,13.538659510644758,40.382360956311835,-0.008606996888688009,0.9981707480458889,25.218106,635.952870227236,0.9795302657838054,5.163241925350947,-1975.039060987802,5414.846344365945,2714.46141517598,89.99227985132664,104.03624346792648,74.4
2022-07-03,77.1,87.8,76.1,976.8,4.7,3.4,9.7,7.955007039997554,25.218106,110.039197,173.73,86.94734094414983,13.53266006912838,40.36520061931853,-0.02581844022713239,0.9981707480458889,25.218106,635.952870227236,0.9795302657838054,5.163241925350947,-1975.039060987802,5414.846344365945,2714.46141517598,89.99227985132664,104.03624346792648,76.0
2022-07-04,82.6,93.2,76.1,979.5,9.5,4.1,9.7,241.4235001165327,25.218106,110.039197,173.73,93.1050394198826,13.526155847924835,40.346876137545365,-0.04302223300453034,0.9981707480458889,25.218106,635.952870227236,0.9795302657838054,5.163241925350947,-1975.039060987802,5414.846344365945,2714.46141517598,89.99227985132664,104.03624346792648,77.5
2022-07-05,82.3,92.1,76.8,982.9,9.2,4.9,11.7,41.98922627571511,25.218106,110.039197,173.73,92.71884349878488,13.519150935424284,40.32737579578791,-0.060213277365792774,0.9981707480458889,25.218106,635.952870227236,0.9795302657838054,5.163241925350947,-1975.039060987802,5414.846344365945,2714.46141517598,89.99227985132664,104.03624346792648,78.4
2022-07-06,82.7,91.0,77.0,984.3,9.7,5.7,11.7,83.61816324099215,25.218106,110.039197,173.73,93.11778588505463,13.511649705207441,40.30668690565766,-0.07738647923346322,0.9981707480458889,25.218106,635.952870227236,0.9795302657838054,5.163241925350947,-1975.039060987802,5414.846344365945,2714.46141517598,89.99227985132664,104.03624346792648,75.9
2022-07-07,80.9,91.0,77.0,986.3,9.7,3.0,9.7,-17.51840158165963,25.218106,110.039197,173.73,91.03715297371528,13.50365680697878,40.28479582960032,-0.09453674981719933,0.9981707480458889,25.218106,635.952870227236,0.9795302657838054,5.163241925350947,-1975.039060987802,5414.846344365945,2714.46141517598,89.99227985132664,104.03624346792648,76.9
2022-07-08,82.5,93.0,77.0,987.0,10.2,2.7,7.8,93.3118901648879,25.218106,110.039197,173.73,92.77934295460014,13.495177157032746,40.26168800670309,-0.11165900712169444,0.9981707480458889,25.218106,635.952870227236,0.9795302657838054,5.163241925350947,-1975.039060987802,5414.846344365945,2714.46141517598,89.99227985132664,104.03624346792648,77.6
2022-07-09,84.8,95.0,77.0,986.1,10.3,2.9,7.8,38.76316665869943,25.218106,110.039197,173.73,95.30259255992938,13.486215928291895,40.23734798028415,-0.12874817745258066,0.9981707480458889,25.218106,635.952870227236,0.9795302657838054,5.163241925350947,-1975.039060987802,5414.846344365945,2714.46141517598,89.99227985132664,104.03624346792648,76.8
2022-07-10,86.3,95.0,78.8,986.3,10.1,3.2,7.8,56.617298498309296,25.218106,110.039197,173.73,96.92049899985898,13.476778539957218,40.21175942725633,-0.14579919691987442,0.9981707480458889,25.218106,635.952870227236,0.9795302657838054,5.163241925350947,-1975.039060987802,5414.846344365945,2714.46141517598,89.99227985132664,104.03624346792648,77.2
2022-07-11,86.4,95.2,77.0,986.9,10.3,4.1,11.7,-25.79486981622703,25.218106,110.039197,173.73,96.96146865704371,13.466870646811625,40.184905189254394,-0.16280701293851646,0.9981707480458889,25.218106,635.952870227236,0.9795302657838054,5.163241925350947,-1975.039060987802,5414.846344365945,2714.46141517598,89.99227985132664,104.03624346792648,76.9
2022-07-12,86.7,96.8,77.0,986.1,10.4,5.1,13.6,29.989785905307492,25.218106,110.039197,173.73,97.22319897637762,13.456498128218355,40.15676730551371,-0.17976658572556214,0.9981707480458889,25.218106,635.952870227236,0.9795302657838054,5.163241925350947,-1975.039060987802,5414.846344365945,2714.46141517598,89.99227985132664,104.03624346792648,76.6
2022-07-13,86.5,97.2,75.2,985.6,10.3,4.1,9.7,44.25792004968689,25.218106,110.039197,173.73,96.92085017900702,13.445667076856465,40.12732704748601,-0.19667288979357622,0.9981707480458889,25.218106,635.952870227236,0.9795302657838054,5.163241925350947,-1975.039060987802,5414.846344365945,2714.46141517598,89.99227985132664,104.03624346792648,76.1
2022-07-14,87.4,97.3,77.0,985.6,9.8,4.2,9.7,34.599151812307326,25.218106,110.039197,173.73,97.8470952503668,13.434383787235717,40.09656495517459,-0.2135209154397959,0.9981707480458889,25.218106,635.952870227236,0.9795302657838054,5.163241925350947,-1975.039060987802,5414.846344365945,2714.46141517598,89.99227985132664,104.03624346792648,76.4
2022-07-15,88.1,97.3,80.6,985.3,10.1,4.9,9.7,128.28142721581048,25.218106,110.039197,173.73,98.5446569124433,13.42265474403314,40.06446087516964,-0.23030567023061196,0.9981707480458889,25.218106,635.952870227236,0.9795302657838054,5.163241925350947,-1975.039060987802,5414.846344365945,2714.46141517598,89.99227985132664,104.03624346792648,76.6
2022-07-16,86.8,97.2,80.6,984.6,10.3,5.2,9.7,120.693254156537,25.218106,110.039197,173.73,97.00251981445453,13.410486610293253,40.03099400036051,-0.24702218048093527,0.9981707480458889,25.218106,635.952870227236,0.9795302657838054,5.163241925350947,-1975.039060987802,5414.846344365945,2714.46141517598,89.99227985132664,104.03624346792648,77.6
2022-07-17,84.8,93.9,80.6,983.7,9.2,4.6,9.7,170.9311829303713,25.218106,110.039197,173.73,94.67839592310304,13.39788621553345,39.99614291129939,-0.2636654927280072,0.9981707480458889,25.218106,635.952870227236,0.9795302657838054,5.163241925350947,-1975.039060987802,5414.846344365945,2714.46141517598,89.99227985132664,104.03624346792648,78.8
2022-07-18,81.9,91.2,77.0,983.5,9.4,4.4,13.6,55.51750034855589,25.218106,110.039197,173.73,91.35167321140344,13.384860543795373,39.959885619187155,-0.2802306751992161,0.9981707480458889,25.218106,635.952870227236,0.9795302657838054,5.163241925350947,-1975.039060987802,5414.846344365945,2714.46141517598,89.99227985132664,104.03624346792648,77.4
2022-07-19,84.1,93.2,77.0,985.3,9.2,2.3,7.8,169.26935780576952,25.218106,110.039197,173.73,93.71134552445515,13.371416721682069,39.922199610448764,-0.2967128192734901,0.9981707480458889,25.218106,635.952870227236,0.9795302657838054,5.163241925350947,-1975.039060987802,5414.846344365945,2714.46141517598,89.99227985132664,104.03624346792648,78.8
2022-07-20,83.3,95.0,75.2,990.0,10.0,4.7,9.7,95.66026358441854,25.218106,110.039197,173.73,92.723742927898,13.35756200641988,39.88306189286221,-0.3131070409358267,0.9981707480458889,25.218106,635.952870227236,0.9795302657838054,5.163241925350947,-1975.039060987802,5414.846344365945,2714.46141517598,89.99227985132664,104.03624346792648,76.1
2022-07-21,84.0,94.3,75.2,992.3,9.5,3.2,11.7,-31.521560325393104,25.218106,110.039197,173.73,93.40312641787769,13.343303773982525,39.84244904320119,-0.3294084822245302,0.9981707480458889,25.218106,635.952870227236,0.9795302657838054,5.163241925350947,-1975.039060987802,5414.846344365945,2714.46141517598,89.99227985132664,104.03624346792648,75.7
2022-07-22,85.5,97.0,75.2,991.0,9.3,4.1,9.7,1.7746744306586812,25.218106,110.039197,173.73,94.96662773960972,13.328649507313646,39.80033725634768,-0.3456123126707333,0.9981707480458889,25.218106,635.952870227236,0.9795302657838054,5.163241925350947,-1975.039060987802,5414.846344365945,2714.46141517598,89.99227985132664,104.03624346792648,74.8
2022-07-23,86.3,99.3,75.2,988.9,9.0,4.1,11.7,-39.512686567769464,25.218106,110.039197,173.73,95.74702212650772,13.313606784682419,39.756702395827226,-0.3617137307297674,0.9981707480458889,25.218106,635.952870227236,0.9795302657838054,5.163241925350947,-1975.039060987802,5414.846344365945,2714.46141517598,89.99227985132664,104.03624346792648,74.2
2022-07-24,86.9,99.5,75.2,987.5,8.9,3.9,11.7,-195.7792707994314,25.218106,110.039197,173.73,96.30101050058649,13.298183268205268,39.71152004571491,-0.37770796520396466,0.9981707480458889,25.218106,635.952870227236,0.9795302657838054,5.163241925350947,-1975.039060987802,5414.846344365945,2714.46141517598,89.99227985132664,104.03624346792648,74.7
2022-07-25,87.6,100.9,75.2,987.6,8.8,4.4,11.7,-53.736810870861426,25.218106,110.039197,173.73,96.96142285572415,13.282386692564954,39.664765563856996,-0.39359027665646645,0.9981707480458889,25.218106,635.952870227236,0.9795302657838054,5.163241925350947,-1975.039060987802,5414.846344365945,2714.46141517598,89.99227985132664,104.03624346792648,74.6
2022-07-26,87.6,102.0,75.2,986.8,9.1,4.9,11.7,-196.06972125912947,25.218106,110.039197,173.73,96.84344143388222,13.26622485395647,39.61641413634816,-0.4093559588156211,0.9981707480458889,25.218106,635.952870227236,0.9795302657838054,5.163241925350947,-1975.039060987802,5414.846344365945,2714.46141517598,89.99227985132664,104.03624346792648,71.5
2022-07-27,87.5,102.0,75.2,986.9,9.2,5.2,11.7,65.85720397611244,25.218106,110.039197,173.73,96.61243666146949,13.249705599287243,39.56644083320078,-0.42500033996955394,0.9981707480458889,25.218106,635.952870227236,0.9795302657838054,5.163241925350947,-1975.039060987802,5414.846344365945,2714.46141517598,89.99227985132664,104.03624346792648,73.4
2022-07-28,88.6,100.6,78.8,986.4,9.1,3.6,7.8,-0.42551388224290854,25.218106,110.039197,173.73,97.70244515560289,13.232836815657278,39.51482066513847,-0.4405187843504952,0.9981707480458889,25.218106,635.952870227236,0.9795302657838054,5.163241925350947,-1975.039060987802,5414.846344365945,2714.46141517598,89.99227985132664,104.03624346792648,75.2
2022-07-29,84.5,100.2,75.2,986.3,9.3,3.1,7.8,-23.9928726862,25.218106,110.039197,173.73,93.06003604183861,13.21562642014276,39.46152864144201,-0.455906693508459,0.9981707480458889,25.218106,635.952870227236,0.9795302657838054,5.163241925350947,-1975.039060987802,5414.846344365945,2714.46141517598,89.99227985132664,104.03624346792648,71.0
2022-07-30,81.9,95.4,75.2,985.8,9.3,2.8,5.8,71.81367343299888,25.218106,110.039197,173.73,90.07691203809966,13.198082349904713,39.40653982877167,-0.47115950767386394,0.9981707480458889,25.218106,635.952870227236,0.9795302657838054,5.163241925350947,-1975.039060987802,5414.846344365945,2714.46141517598,89.99227985132664,104.03624346792648,67.6
2022-07-31,84.1,97.2,73.4,985.2,8.4,2.5,5.8,91.1107234785406,25.218106,110.039197,173.73,92.37132297310089,13.180212552642221,39.349829410886294,-0.4862727071086902,0.9981707480458889,25.218106,635.952870227236,0.9795302657838054,5.163241925350947,-1975.039060987802,5414.846344365945,2714.46141517598,89.99227985132664,104.03624346792648,72.3
2022-08-01,87.0,98.6,75.2,986.3,8.1,3.1,7.8,173.36803211327484,25.218106,110.039197,173.73,95.4246810862059,13.16202497740771,39.29137274917546,-0.5012418134457756,0.9981707480458889,25.218106,635.952870227236,0.9795302657838054,5.163241925350947,-1975.039060987802,5414.846344365945,2714.46141517598,89.99227985132664,104.03624346792648,73.8
2022-08-02,88.1,100.8,75.2,987.5,9.2,3.5,7.8,43.97298167842773,25.218106,110.039197,173.73,96.49539821224687,13.143527565799802,39.231145443917214,-0.5160623910158526,0.9981707480458889,25.218106,635.952870227236,0.9795302657838054,5.163241925350947,-1975.039060987802,5414.846344365945,2714.46141517598,89.99227985132664,104.03624346792648,72.8
2022-08-03,87.6,100.8,77.0,986.4,9.1,3.2,7.8,6.949684984648,25.218106,110.039197,173.73,95.81051617789448,13.12472824354719,39.16912339617057,-0.5307300481619331,0.9981707480458889,25.218106,635.952870227236,0.9795302657838054,5.163241925350947,-1975.039060987802,5414.846344365945,2714.46141517598,89.99227985132664,104.03624346792648,74.4
2022-08-04,85.0,102.2,77.0,984.6,8.1,4.0,9.7,-23.715817643024554,25.218106,110.039197,173.73,92.83158063017407,13.105634912495162,39.105282870208065,-0.5452404385406507,0.9981707480458889,25.218106,635.952870227236,0.9795302657838054,5.163241925350947,-1975.039060987802,5414.846344365945,2714.46141517598,89.99227985132664,104.03624346792648,75.8
2022-08-05,78.4,100.4,75.2,986.4,7.0,3.5,11.7,-41.36646044688236,25.218106,110.039197,173.73,85.49686889429503,13.08625544300434,39.03960055639097,-0.5595892624101763,0.9981707480458889,25.218106,635.952870227236,0.9795302657838054,5.163241925350947,-1975.039060987802,5414.846344365945,2714.46141517598,89.99227985132664,104.03624346792648,76.7
2022-08-06,84.1,93.6,75.2,987.5,8.9,2.8,5.8,-51.64779973359781,25.218106,110.039197,173.73,91.57507198127642,13.066597666769525,38.97205363438579,-0.5737722679043243,0.9981707480458889,25.218106,635.952870227236,0.9795302657838054,5.163241925350947,-1975.039060987802,5414.846344365945,2714.46141517598,89.99227985132664,104.03624346792648,75.4
2022-08-07,85.3,96.6,75.2,987.5,9.8,2.5,5.8,-5.587885809533349,25.218106,110.039197,173.73,92.74007477220938,13.046669370064626,38.90261983661893,-0.5877852522924734,0.9981707480458889,25.218106,635.952870227236,0.9795302657838054,5.163241925350947,-1975.039060987802,5414.846344365945,2714.46141517598,89.99227985132664,104.03624346792648,75.3
2022-08-08,85.8,96.6,75.2,987.0,9.6,3.5,7.8,209.2188257666473,25.218106,110.039197,173.73,93.13931975503881,13.026478287418017,38.83127751186226,-0.6016240632249227,0.9981707480458889,25.218106,635.952870227236,0.9795302657838054,5.163241925350947,-1975.039060987802,5414.846344365945,2714.46141517598,89.99227985132664,104.03624346792648,73.7
2022-08-09,85.1,97.3,77.0,985.1,10.0,3.4,7.8,19.4,25.218106,110.039197,173.73,92.23444427882137,13.006032095720995,38.75800568884139,-0.6152845999633277,0.9981707480458889,25.218106,635.952870227236,0.9795302657838054,5.163241925350947,-1975.039060987802,5414.846344365945,2714.46141517598,89.99227985132664,104.03624346792648,73.6
2022-08-10,84.9,97.3,78.8,984.9,9.3,5.0,13.6,-233.44796454978683,25.218106,110.039197,173.73,91.87126924205124,12.985338408770494,38.68278413975491,-0.6287628145958345,0.9981707480458889,25.218106,635.952870227236,0.9795302657838054,5.163241925350947,-1975.039060987802,5414.846344365945,2714.46141517598,89.99227985132664,104.03624346792648,74.8
2022-08-11,83.0,93.4,75.2,987.8,9.4,3.3,9.7,-52.38721073647193,25.218106,110.039197,173.73,89.67046634136598,12.964404772245684,38.60559344359168,-0.6420547132365636,0.9981707480458889,25.218106,635.952870227236,0.9795302657838054,5.163241925350947,-1975.039060987802,5414.846344365945,2714.46141517598,89.99227985132664,104.03624346792648,75.6
2022-08-12,85.1,95.0,77.0,988.0,9.8,4.0,7.8,-56.35204751992886,25.218106,110.039197,173.73,91.78913415757003,12.943238659116808,38.52641504913149,-0.655156357209085,0.9981707480458889,25.218106,635.952870227236,0.9795302657838054,5.163241925350947,-1975.039060987802,5414.846344365945,2714.46141517598,89.99227985132664,104.03624346792648,74.2
2022-08-13,83.9,94.1,75.2,987.4,10.0,4.1,7.8,61.96901530459159,25.218106,110.039197,173.73,90.34525019616979,12.921847465483165,38.44523133751234,-0.6680638642135333,0.9981707480458889,25.218106,635.952870227236,0.9795302657838054,5.163241925350947,-1975.039060987802,5414.846344365945,2714.46141517598,89.99227985132664,104.03624346792648,75.1
2022-08-14,85.1,94.8,77.0,986.9,9.7,3.2,7.8,-15.803127399876324,25.218106,110.039197,173.73,91.48419141097945,12.900238506836114,38.36202568424753,-0.6807734094770159,0.9981707480458889,25.218106,635.952870227236,0.9795302657838054,5.163241925350947,-1975.039060987802,5414.846344365945,2714.46141517598,89.99227985132664,104.03624346792648,75.5
2022-08-15,87.9,99.1,78.8,985.7,9.6,3.3,7.8,6.1047505106968885,25.218106,110.039197,173.73,94.33441928298325,12.878419014741741,38.27678252057387,-0.6932812268869771,0.9981707480458889,25.218106,635.952870227236,0.9795302657838054,5.163241925350947,-1975.039060987802,5414.846344365945,2714.46141517598,89.99227985132664,104.03624346792648,76.2
2022-08-16,88.1,99.1,78.8,985.6,8.9,4.1,11.7,-66.55823687349819,25.218106,110.039197,173.73,94.38737494998634,12.856396133936846,38.18948739401241,-0.7055836101071774,0.9981707480458889,25.218106,635.952870227236,0.9795302657838054,5.163241925350947,-1975.039060987802,5414.846344365945,2714.46141517598,89.99227985132664,104.03624346792648,76.2
2022-08-17,87.8,98.6,78.8,985.4,9.6,2.6,5.8,-6.576372667595933,25.218106,110.039197,173.73,93.90339446343056,12.834176919831057,38.10012702802286,-0.7176769136759615,0.9981707480458889,25.218106,635.952870227236,0.9795302657838054,5.163241925350947,-1975.039060987802,5414.846344365945,2714.46141517598,89.99227985132664,104.03624346792648,76.3
2022-08-18,87.4,97.9,78.8,985.1,10.0,2.9,5.8,-89.23554221617466,25.218106,110.039197,173.73,93.31237938349678,12.811768336406878,38.00868938063248,-0.7295575540864876,0.9981707480458889,25.218106,635.952870227236,0.9795302657838054,5.163241925350947,-1975.039060987802,5414.846344365945,2714.46141517598,89.99227985132664,104.03624346792648,75.9
2022-08-19,88.3,99.1,78.8,984.7,9.9,2.9,5.8,19.724265050194415,25.218106,110.039197,173.73,94.10702929776114,12.789177254508877,37.91516370192126,-0.7412220108485957,0.9981707480458889,25.218106,635.952870227236,0.9795302657838054,5.163241925350947,-1975.039060987802,5414.846344365945,2714.46141517598,89.99227985132664,104.03624346792648,75.3
2022-08-20,86.5,99.1,78.8,986.3,9.7,4.8,11.7,-85.80424696272303,25.218106,110.039197,173.73,92.02454199744409,12.766410450512474,37.81954059024545,-0.7526668275320083,0.9981707480458889,25.218106,635.952870227236,0.9795302657838054,5.163241925350947,-1975.039060987802,5414.846344365945,2714.46141517598,89.99227985132664,104.03624346792648,73.6
2022-08-21,84.2,98.8,75.2,987.4,10.4,3.6,7.8,81.47161773432273,25.218106,110.039197,173.73,89.41671348095821,12.743474605362215,37.721812047083006,-0.7638886127905429,0.9981707480458889,25.218106,635.952870227236,0.9795302657838054,5.163241925350947,-1975.039060987802,5414.846344365945,2714.46141517598,89.99227985132664,104.03624346792648,73.8
2022-08-22,84.5,94.1,75.2,987.3,9.6,3.3,11.7,31.376846303125454,25.218106,110.039197,173.73,89.57264980711429,12.720376303968893,37.621971530385295,-0.7748840413670406,0.9981707480458889,25.218106,635.952870227236,0.9795302657838054,5.163241925350947,-1975.039060987802,5414.846344365945,2714.46141517598,89.99227985132664,104.03624346792648,75.3
2022-08-23,88.5,100.4,78.8,986.5,9.3,2.8,5.8,61.15141369050796,25.218106,110.039197,173.73,93.64127500778925,12.697122034954475,37.5200140063219,-0.7856498550787144,0.9981707480458889,25.218106,635.952870227236,0.9795302657838054,5.163241925350947,-1975.039060987802,5414.846344365945,2714.46141517598,89.99227985132664,104.03624346792648,75.6
2022-08-24,86.4,102.6,77.0,984.4,9.1,4.8,21.4,31.1,25.218106,110.039197,173.73,91.2507709732803,12.673718190733375,37.415935999306534,-0.7961828637826154,0.9981707480458889,25.218106,635.952870227236,0.9795302657838054,5.163241925350947,-1975.039060987802,5414.846344365945,2714.46141517598,89.99227985132664,104.03624346792648,76.0
2022-08-25,86.4,102.6,75.2,986.3,9.9,5.8,13.6,4.401993549161265,25.218106,110.039197,173.73,91.08123168901228,12.650171067918372,37.309735640195264,-0.8064799463209447,0.9981707480458889,25.218106,635.952870227236,0.9795302657838054,5.163241925350947,-1975.039060987802,5414.846344365945,2714.46141517598,89.99227985132664,104.03624346792648,73.0
2022-08-26,81.1,99.3,73.4,990.6,9.5,2.8,7.8,-8.027907754276463,25.218106,110.039197,173.73,85.33400708316468,12.626486868039166,37.20141271255017,-0.8165380514459157,0.9981707480458889,25.218106,635.952870227236,0.9795302657838054,5.163241925350947,-1975.039060987802,5414.846344365945,2714.46141517598,89.99227985132664,104.03624346792648,73.2
2022-08-27,83.8,95.0,77.0,989.4,9.3,3.0,7.8,-89.47092155486123,25.218106,110.039197,173.73,88.00865736162085,12.602671698561457,37.09096869686504,-0.8263541987239094,0.9981707480458889,25.218106,635.952870227236,0.9795302657838054,5.163241925350947,-1975.039060987802,5414.846344365945,2714.46141517598,89.99227985132664,104.03624346792648,74.9
2022-08-28,86.5,100.0,75.2,988.4,9.7,4.5,11.7,23.381554690793767,25.218106,110.039197,173.73,90.67169009731654,12.578731574194203,36.97840681265267,-0.8359254794186365,0.9981707480458889,25.218106,635.952870227236,0.9795302657838054,5.163241925350947,-1975.039060987802,5414.846344365945,2714.46141517598,89.99227985132664,104.03624346792648,74.2
2022-08-29,87.9,100.4,75.2,990.0,9.4,4.7,13.6,22.500533885347032,25.218106,110.039197,173.73,91.96297546531302,12.554672418472766,36.86373205829725,-0.8452490573530634,0.9981707480458889,25.218106,635.952870227236,0.9795302657838054,5.163241925350947,-1975.039060987802,5414.846344365945,2714.46141517598,89.99227985132664,104.03624346792648,72.8
2022-08-30,87.6,100.4,78.8,989.7,8.8,4.6,9.7,10.478759853065707,25.218106,110.039197,173.73,91.47265047892003,12.530500065605484,36.746951248578554,-0.8543221697498269,0.9981707480458889,25.218106,635.952870227236,0.9795302657838054,5.163241925350947,-1975.039060987802,5414.846344365945,2714.46141517598,89.99227985132664,104.03624346792648,73.5
2022-08-31,82.4,98.6,76.8,991.3,8.4,7.4,13.6,74.74894422034376,25.218106,110.039197,173.73,85.87604580298951,12.506220262571286,36.628073049779644,-0.8631421280499115,0.9981707480458889,25.218106,635.952870227236,0.9795302657838054,5.163241925350947,-1975.039060987802,5414.846344365945,2714.46141517598,89.99227985132664,104.03624346792648,68.7
2022-09-01,79.7,89.6,69.8,992.9,8.9,5.3,9.7,95.36131551001567,25.218106,110.039197,173.73,82.90021184292044,12.481838671456025,36.50710801229327,-0.8717063187093217,0.9981707480458889,25.218106,635.952870227236,0.9795302657838054,5.163241925350947,-1975.039060987802,5414.846344365945,2714.46141517598,89.99227985132664,104.03624346792648,67.0
2022-09-02,80.8,93.2,68.0,990.5,9.1,6.0,13.6,19.4,25.218106,110.039197,173.73,83.8795632049022,12.457360872015178,36.38406860064769,-0.8800122039735356,0.9981707480458889,25.218106,635.952870227236,0.9795302657838054,5.163241925350947,-1975.039060987802,5414.846344365945,2714.46141517598,89.99227985132664,104.03624346792648,65.2
2022-09-03,84.2,95.0,73.4,988.3,9.8,5.2,11.7,17.5,25.218106,110.039197,173.73,87.23675975722972,12.43279236445079,36.25896922087666,-0.888057322629493,0.9981707480458889,25.218106,635.952870227236,0.9795302657838054,5.163241925350947,-1975.039060987802,5414.846344365945,2714.46141517598,89.99227985132664,104.03624346792648,61.6
2022-09-04,81.8,95.0,68.0,988.5,9.7,5.1,11.7,23.3,25.218106,110.039197,173.73,84.5821446017955,12.40813857239054,36.13182624516441,-0.8958392907349089,0.9981707480458889,25.218106,635.952870227236,0.9795302657838054,5.163241925350947,-1975.039060987802,5414.846344365945,2714.46141517598,89.99227985132664,104.03624346792648,59.9
2022-09-05,83.1,98.6,66.2,988.4,9.7,4.0,9.7,21.4,25.218106,110.039197,173.73,85.75507855894473,12.383404846057003,36.00265803370076,-0.9033558023246842,0.9981707480458889,25.218106,635.952870227236,0.9795302657838054,5.163241925350947,-1975.039060987802,5414.846344365945,2714.46141517598,89.99227985132664,104.03624346792648,60.2
2022-09-06,86.1,100.4,72.5,991.1,9.8,3.7,7.8,69.89340363557466,25.218106,110.039197,173.73,88.67292964079023,12.358596465615364,35.87148495368796,-0.9106046300942162,0.9981707480458889,25.218106,635.952870227236,0.9795302657838054,5.163241925350947,-1975.039060987802,5414.846344365945,2714.46141517598,89.99227985132664,104.03624346792648,59.2
2022-09-07,87.6,102.2,73.4,993.8,9.3,2.7,5.8,-73.38006883208041,25.218106,110.039197,173.73,90.036146106222,12.333718644687947,35.73832939544603,-0.9175836260593934,0.9981707480458889,25.218106,635.952870227236,0.9795302657838054,5.163241925350947,-1975.039060987802,5414.846344365945,2714.46141517598,89.99227985132664,104.03624346792648,63.2
2022-09-08,81.2,100.8,75.2,995.2,6.1,4.0,15.5,47.73350097702786,25.218106,110.039197,173.73,83.28938788022981,12.30877653402411,35.603215785569596,-0.9242907221930934,0.9981707480458889,25.218106,635.952870227236,0.9795302657838054,5.163241925350947,-1975.039060987802,5414.846344365945,2714.46141517598,89.99227985132664,104.03624346792648,73.5
2022-09-09,81.8,98.2,73.4,994.0,7.0,2.1,5.8,-100.19305655129085,25.218106,110.039197,173.73,83.73440111922578,12.283775225314296,35.466170597094816,-0.9307239310379793,0.9981707480458889,25.218106,635.952870227236,0.9795302657838054,5.163241925350947,-1975.039060987802,5414.846344365945,2714.46141517598,89.99227985132664,104.03624346792648,72.9
2022-09-10,84.3,98.6,75.2,999.9,7.3,2.6,5.8,54.424971154158705,25.218106,110.039197,173.73,86.1175062798382,12.258719755137111,35.32722235664212,-0.9368813462954315,0.9981707480458889,25.218106,635.952870227236,0.9795302657838054,5.163241925350947,-1975.039060987802,5414.846344365945,2714.46141517598,89.99227985132664,104.03624346792648,69.1
2022-09-11,82.0,98.8,73.4,990.9,8.6,3.2,9.7,-6.953514754021867,25.218106,110.039197,173.73,83.59636991169535,12.233615109028587,35.18640164850536,-0.9427611433904206,0.9981707480458889,25.218106,635.952870227236,0.9795302657838054,5.163241925350947,-1975.039060987802,5414.846344365945,2714.46141517598,89.99227985132664,104.03624346792648,67.8
2022-09-12,80.6,92.3,73.4,990.6,8.1,2.3,3.9,-78.47159507645833,25.218106,110.039197,173.73,82.00019814903574,12.20846622566289,35.04374111566612,-0.9483615800121716,0.9981707480458889,25.218106,635.952870227236,0.9795302657838054,5.163241925350947,-1975.039060987802,5414.846344365945,2714.46141517598,89.99227985132664,104.03624346792648,68.3
2022-09-13,79.6,91.2,69.8,991.2,7.6,2.4,5.8,101.25429593812271,25.218106,110.039197,173.73,80.81574407418833,12.183278001133921,34.899275457716826,-0.9536809966304455,0.9981707480458889,25.218106,635.952870227236,0.9795302657838054,5.163241925350947,-1975.039060987802,5414.846344365945,2714.46141517598,89.99227985132664,104.03624346792648,68.8
2022-09-14,84.0,97.5,71.6,989.9,9.3,3.7,5.8,37.02717337189826,25.218106,110.039197,173.73,85.1063870532923,12.15805529332747,34.753041425684046,-0.9587178169872964,0.9981707480458889,25.218106,635.952870227236,0.9795302657838054,5.163241925350947,-1975.039060987802,5414.846344365945,2714.46141517598,89.99227985132664,104.03624346792648,64.9
2022-09-15,83.3,97.5,71.6,987.7,9.1,2.9,5.8,-16.781913673364294,25.218106,110.039197,173.73,84.2218736472439,12.13280292637367,34.60507781374924,-0.9634705485641486,0.9981707480458889,25.218106,635.952870227236,0.9795302657838054,5.163241925350947,-1975.039060987802,5414.846344365945,2714.46141517598,89.99227985132664,104.03624346792648,66.0
2022-09-16,84.1,96.8,73.4,986.6,8.2,2.8,5.8,-138.5859718714584,25.218106,110.039197,173.73,84.85357591364742,12.107525695169668,34.45542544787138,-0.9679377830240642,0.9981707480458889,25.218106,635.952870227236,0.9795302657838054,5.163241925350947,-1975.039060987802,5414.846344365945,2714.46141517598,89.99227985132664,104.03624346792648,69.2
2022-09-17,85.7,99.1,75.2,987.2,7.5,2.5,5.8,15.5,25.218106,110.039197,173.73,86.28724760881624,12.082228369962602,34.30412717132204,-0.9721181966290612,0.9981707480458889,25.218106,635.952870227236,0.9795302657838054,5.163241925350947,-1975.039060987802,5414.846344365945,2714.46141517598,89.99227985132664,104.03624346792648,72.2
2022-09-18,86.6,101.3,77.0,987.3,7.8,2.8,5.8,20.79188287850765,25.218106,110.039197,173.73,87.01074164209378,12.056915700982973,34.15122782715065,-0.9760105506323682,0.9981707480458889,25.218106,635.952870227236,0.9795302657838054,5.163241925350947,-1975.039060987802,5414.846344365945,2714.46141517598,89.99227985132664,104.03624346792648,72.2
2022-09-19,87.6,101.3,77.0,988.3,9.6,5.1,11.7,134.48287177184196,25.218106,110.039197,173.73,87.83062468876697,12.031592423118765,33.99677423760378,-0.9796136916454901,0.9981707480458889,25.218106,635.952870227236,0.9795302657838054,5.163241925350947,-1975.039060987802,5414.846344365945,2714.46141517598,89.99227985132664,104.03624346792648,65.7
2022-09-20,86.1,99.1,73.4,990.2,9.4,5.8,11.7,38.53403650388893,25.218106,110.039197,173.73,86.14493889495252,12.00626326062056,33.8408151805292,-0.9829265519799822,0.9981707480458889,25.218106,635.952870227236,0.9795302657838054,5.163241925350947,-1975.039060987802,5414.846344365945,2714.46141517598,89.99227985132664,104.03624346792648,63.8
2022-09-21,83.8,98.1,71.6,991.7,9.4,4.8,9.7,15.5,25.218106,110.039197,173.73,83.66684830726635,11.980932931828116,33.68340136280172,-0.9859481499638303,0.9981707480458889,25.218106,635.952870227236,0.9795302657838054,5.163241925350947,-1975.039060987802,5414.846344365945,2714.46141517598,89.99227985132664,104.03624346792648,62.5
2022-09-22,83.6,95.4,71.6,992.2,9.3,4.5,13.6,174.1862840461843,25.218106,110.039197,173.73,83.29072287223154,11.955606153908835,33.52458539081439,-0.9886775902323404,0.9981707480458889,25.218106,635.952870227236,0.9795302657838054,5.163241925350947,-1975.039060987802,5414.846344365945,2714.46141517598,89.99227985132664,104.03624346792648,62.8
2022-09-23,78.9,95.4,68.0,993.9,9.8,4.6,9.7,-70.71260245818021,25.218106,110.039197,173.73,78.44164128296052,11.930287647598558,33.36442173808469,-0.9911140639934546,0.9981707480458889,25.218106,635.952870227236,0.9795302657838054,5.163241925350947,-1975.039060987802,5414.846344365945,2714.46141517598,89.99227985132664,104.03624346792648,62.3
2022-09-24,82.0,92.3,71.6,993.1,9.1,4.6,7.8,29.274238322865845,25.218106,110.039197,173.73,81.350711303224,11.90498214193522,33.20296671003172,-0.9932568492674143,0.9981707480458889,25.218106,635.952870227236,0.9795302657838054,5.163241925350947,-1975.039060987802,5414.846344365945,2714.46141517598,89.99227985132664,104.03624346792648,63.1
2022-09-25,81.7,94.6,69.8,992.8,9.2,4.4,5.8,81.62433315996893,25.218106,110.039197,173.73,80.88091923019346,11.879694378975783,33.040278405986214,-0.9951053111006974,0.9981707480458889,25.218106,635.952870227236,0.9795302657838054,5.163241925350947,-1975.039060987802,5414.846344365945,2714.46141517598,89.99227985132664,104.03624346792648,61.0
2022-09-26,82.3,96.8,68.0,991.3,9.1,3.7,5.8,18.701131162381007,25.218106,110.039197,173.73,81.30162637095582,11.854429118486875,32.876416678501165,-0.99665890175417,0.9981707480458889,25.218106,635.952870227236,0.9795302657838054,5.163241925350947,-1975.039060987802,5414.846344365945,2714.46141517598,89.99227985132664,104.03624346792648,63.0
2022-09-27,84.9,97.7,73.4,989.8,9.3,4.5,9.7,-91.28192860621456,25.218106,110.039197,173.73,83.6915273338917,11.829191142599532,32.71144309003642,-0.9979171608653922,0.9981707480458889,25.218106,635.952870227236,0.9795302657838054,5.163241925350947,-1975.039060987802,5414.846344365945,2714.46141517598,89.99227985132664,104.03624346792648,63.1
2022-09-28,85.4,98.6,73.4,990.0,10.0,5.6,9.7,34.41413388966595,25.218106,110.039197,173.73,84.00502843664367,11.803985260418314,32.54542086709612,-0.9988797155850335,0.9981707480458889,25.218106,635.952870227236,0.9795302657838054,5.163241925350947,-1975.039060987802,5414.846344365945,2714.46141517598,89.99227985132664,104.03624346792648,63.8
2022-09-29,82.5,96.4,75.2,991.2,9.4,2.6,9.7,40.03103155791264,25.218106,110.039197,173.73,80.97936214895341,11.778816312575042,32.378414851903145,-0.9995462806873573,0.9981707480458889,25.218106,635.952870227236,0.9795302657838054,5.163241925350947,-1975.039060987802,5414.846344365945,2714.46141517598,89.99227985132664,104.03624346792648,65.8
2022-09-30,84.2,94.8,77.0,992.1,9.5,3.5,7.8,64.65786031439397,25.218106,110.039197,173.73,82.47171904961586,11.753689175717223,32.21049145169945,-0.9999166586547379,0.9981707480458889,25.218106,635.952870227236,0.9795302657838054,5.163241925350947,-1975.039060987802,5414.846344365945,2714.46141517598,89.99227985132664,104.03624346792648,70.2
2022-10-01,82.1,94.8,75.2,992.6,10.4,3.2,9.7,74.97398563847298,25.218106,110.039197,173.73,80.24323164701907,11.728608766921182,32.04171858576641,-0.9999907397361901,0.9981707480458889,25.218106,635.952870227236,0.9795302657838054,5.163241925350947,-1975.039060987802,5414.846344365945,2714.46141517598,89.99227985132664,104.03624346792648,72.1
2022-10-02,81.3,93.6,73.4,993.2,10.3,2.8,11.7,78.70801642734045,25.218106,110.039197,173.73,79.2917548253337,11.703580048019735,31.87216563026357,-0.9997685019798909,0.9981707480458889,25.218106,635.952870227236,0.9795302657838054,5.163241925350947,-1975.039060987802,5414.846344365945,2714.46141517598,89.99227985132664,104.03624346792648,73.1
2022-10-03,84.4,96.8,73.4,993.9,10.3,2.9,9.7,50.65531822543058,25.218106,110.039197,173.73,82.1395431431664,11.678608029834086,31.701903360988023,-0.9992500112396835,0.9981707480458889,25.218106,635.952870227236,0.9795302657838054,5.163241925350947,-1975.039060987802,5414.846344365945,2714.46141517598,89.99227985132664,104.03624346792648,71.3
2022-10-04,85.5,100.0,73.4,994.6,10.1,4.0,7.8,13.6,25.218106,110.039197,173.73,83.03259665613429,11.653697776299548,31.531003894161636,-0.9984354211555643,0.9981707480458889,25.218106,635.952870227236,0.9795302657838054,5.163241925350947,-1975.039060987802,5414.846344365945,2714.46141517598,89.99227985132664,104.03624346792648,67.9
2022-10-05,79.6,100.0,66.2,996.2,9.7,6.2,9.7,-44.697307936236726,25.218106,110.039197,173.73,77.13806757621339,11.62885440847438,31.359540625355752,-0.9973249731081555,0.9981707480458889,25.218106,635.952870227236,0.9795302657838054,5.163241925350947,-1975.039060987802,5414.846344365945,2714.46141517598,89.99227985132664,104.03624346792648,62.7
2022-10-06,66.0,91.9,59.0,999.5,8.7,6.4,9.7,2.0360503107661074,25.218106,110.039197,173.73,63.82245709631549,11.604083108420998,31.187588166667382,-0.9959189961471792,0.9981707480458889,25.218106,635.952870227236,0.9795302657838054,5.163241925350947,-1975.039060987802,5414.846344365945,2714.46141517598,89.99227985132664,104.03624346792648,57.5
2022-10-07,63.5,73.0,59.0,1.3,10.1,6.2,9.7,80.70270538523538,25.218106,110.039197,173.73,61.274267442269476,11.579389122948562,31.01522228226334,-0.994217906893952,0.9981707480458889,25.218106,635.952870227236,0.9795302657838054,5.163241925350947,-1975.039060987802,5414.846344365945,2714.46141517598,89.99227985132664,104.03624346792648,51.4
2022-10-08,69.9,77.2,60.1,999.5,10.2,4.9,7.8,152.2690624082372,25.218106,110.039197,173.73,67.30658049397344,11.55477776720574,30.842519822411642,-0.9922222094179324,0.9981707480458889,25.218106,635.952870227236,0.9795302657838054,5.163241925350947,-1975.039060987802,5414.846344365945,2714.46141517598,89.99227985132664,104.03624346792648,55.9
2022-10-09,64.6,77.2,60.8,5.8,9.7,7.8,11.7,-92.62033564282929,25.218106,110.039197,173.73,62.071203004671595,11.530254428112372,30.669558656122103,-0.989932495087353,0.9981707480458889,25.218106,635.952870227236,0.9795302657838054,5.163241925350947,-1975.039060987802,5414.846344365945,2714.46141517598,89.99227985132664,104.03624346792648,50.3
2022-10-10,67.2,78.8,57.2,3.6,9.8,7.8,15.5,17.5,25.218106,110.039197,173.73,64.43261757866317,11.505824567618424,30.496417602519735,-0.9873494423939864,0.9981707480458889,25.218106,635.952870227236,0.9795302657838054,5.163241925350947,-1975.039060987802,5414.846344365945,2714.46141517598,89.99227985132664,104.03624346792648,32.8
2022-10-11,67.3,80.6,55.4,0.3,10.3,6.8,13.6,29.0271565353943,25.218106,110.039197,173.73,64.3920439787417,11.48149372577861,30.323176361076467,-0.9844738167520923,0.9981707480458889,25.218106,635.952870227236,0.9795302657838054,5.163241925350947,-1975.039060987802,5414.846344365945,2714.46141517598,89.99227985132664,104.03624346792648,38.6
2022-10-12,69.3,84.2,51.8,998.7,10.3,4.9,13.6,-18.697476455363198,25.218106,110.039197,173.73,66.16571994896776,11.457267523630783,30.14991544082833,-0.9813064702716093,0.9981707480458889,25.218106,635.952870227236,0.9795302657838054,5.163241925350947,-1975.039060987802,5414.846344365945,2714.46141517598,89.99227985132664,104.03624346792648,38.1
2022-10-13,72.1,86.0,53.6,997.4,10.7,5.4,11.7,19.4,25.218106,110.039197,173.73,68.69418625907878,11.433151665866093,29.97671608870549,-0.9778483415056567,0.9981707480458889,25.218106,635.952870227236,0.9795302657838054,5.163241925350947,-1975.039060987802,5414.846344365945,2714.46141517598,89.99227985132664,104.03624346792648,41.3
2022-10-14,71.3,86.0,53.6,996.0,10.1,4.9,11.7,-41.936467945505484,25.218106,110.039197,173.73,67.7893777963149,11.409151943278806,29.803660217104248,-0.9741004551724206,0.9981707480458889,25.218106,635.952870227236,0.9795302657838054,5.163241925350947,-1975.039060987802,5414.846344365945,2714.46141517598,89.99227985132664,104.03624346792648,45.1
2022-10-15,71.0,86.5,53.6,996.4,9.8,4.1,9.7,18.593714369104145,25.218106,110.039197,173.73,67.36287255698568,11.385274234983495,29.630830330829415,-0.970063921851507,0.9981707480458889,25.218106,635.952870227236,0.9795302657838054,5.163241925350947,-1975.039060987802,5414.846344365945,2714.46141517598,89.99227985132664,104.03624346792648,46.4
2022-10-16,75.9,88.0,57.2,997.5,10.7,5.3,11.7,40.41028953578598,25.218106,110.039197,173.73,71.86164252819982,11.361524510387323,29.458309453536145,-0.965739937654855,0.9981707480458889,25.218106,635.952870227236,0.9795302657838054,5.163241925350947,-1975.039060987802,5414.846344365945,2714.46141517598,89.99227985132664,104.03624346792648,50.1
2022-10-17,76.9,89.6,62.6,998.5,7.3,9.1,17.5,-164.71459456237096,25.218106,110.039197,173.73,72.65709909138289,11.337908830905002,29.286181053799563,-0.9611297838723007,0.9981707480458889,25.218106,635.952870227236,0.9795302657838054,5.163241925350947,-1975.039060987802,5414.846344365945,2714.46141517598,89.99227985132664,104.03624346792648,45.5
2022-10-18,68.9,84.2,50.0,0.1,9.1,8.2,19.4,25.3,25.218106,110.039197,173.73,64.96370482597813,11.314433351404027,29.114528970939865,-0.9562348265919058,0.9981707480458889,25.218106,635.952870227236,0.9795302657838054,5.163241925350947,-1975.039060987802,5414.846344365945,2714.46141517598,89.99227985132664,104.03624346792648,39.2
2022-10-19,71.6,84.2,51.8,999.4,10.3,6.2,13.6,83.23293229337887,25.218106,110.039197,173.73,67.37025578416127,11.291104321367813,28.943437340729595,-0.9510565162951536,0.9981707480458889,25.218106,635.952870227236,0.9795302657838054,5.163241925350947,-1975.039060987802,5414.846344365945,2714.46141517598,89.99227985132664,104.03624346792648,34.4
2022-10-20,74.2,83.3,63.7,999.0,10.2,3.0,5.8,87.8686577530151,25.218106,110.039197,173.73,69.67335533030987,11.267928085764401,28.772990521108092,-0.9455963874271428,0.9981707480458889,25.218106,635.952870227236,0.9795302657838054,5.163241925350947,-1975.039060987802,5414.846344365945,2714.46141517598,89.99227985132664,104.03624346792648,44.4
2022-10-21,80.4,92.7,68.4,998.2,10.1,3.2,5.8,161.03687860092958,25.218106,110.039197,173.73,75.34090427357675,11.24491108560847,28.603273018026634,-0.9398560579418953,0.9981707480458889,25.218106,635.952870227236,0.9795302657838054,5.163241925350947,-1975.039060987802,5414.846344365945,2714.46141517598,89.99227985132664,104.03624346792648,53.8
2022-10-22,82.0,95.0,66.2,998.8,9.8,6.1,9.7,19.4,25.218106,110.039197,173.73,76.68407569773183,11.222059858204657,28.434369411545706,-0.9338372288229252,0.9981707480458889,25.218106,635.952870227236,0.9795302657838054,5.163241925350947,-1975.039060987802,5414.846344365945,2714.46141517598,89.99227985132664,104.03624346792648,54.9
2022-10-23,78.6,93.9,60.8,998.0,10.3,6.4,11.7,-54.56219840153179,25.218106,110.039197,173.73,73.35594579274468,11.199381037060256,28.266364282302916,-0.9275416835791965,0.9981707480458889,25.218106,635.952870227236,0.9795302657838054,5.163241925350947,-1975.039060987802,5414.846344365945,2714.46141517598,89.99227985132664,104.03624346792648,47.7
2022-10-24,76.5,91.4,59.0,998.8,8.8,5.1,9.7,19.4,25.218106,110.039197,173.73,71.25261861553035,11.17688135145574,28.099342138468128,-0.9209712877166347,0.9981707480458889,25.218106,635.952870227236,0.9795302657838054,5.163241925350947,-1975.039060987802,5414.846344365945,2714.46141517598,89.99227985132664,104.03624346792648,47.6
2022-10-25,74.8,90.5,60.8,997.3,10.1,2.5,7.8,34.9702379039389,25.218106,110.039197,173.73,69.53013819995896,11.154567625661864,27.933387343298637,-0.9141279881853337,0.9981707480458889,25.218106,635.952870227236,0.9795302657838054,5.163241925350947,-1975.039060987802,5414.846344365945,2714.46141517598,89.99227985132664,104.03624346792648,53.7
2022-10-26,78.0,88.9,62.6,995.7,7.8,2.3,9.7,0.19145116224343006,25.218106,110.039197,173.73,72.36090405565086,11.13244677779244,27.768584043404243,-0.9070138128026362,0.9981707480458889,25.218106,635.952870227236,0.9795302657838054,5.163241925350947,-1975.039060987802,5414.846344365945,2714.46141517598,89.99227985132664,104.03624346792648,62.1
2022-10-27,69.4,88.2,63.1,999.8,9.6,8.6,13.6,-10.030208610591298,25.218106,110.039197,173.73,64.25587431573382,11.110525818282504,27.6050160978284,-0.8996308696522434,0.9981707480458889,25.218106,635.952870227236,0.9795302657838054,5.163241925350947,-1975.039060987802,5414.846344365945,2714.46141517598,89.99227985132664,104.03624346792648,53.9
2022-10-28,67.8,77.0,62.6,0.5,9.8,6.8,13.6,35.314377086376865,25.218106,110.039197,173.73,62.65178694109795,11.088811847981939,27.44276700804767,-0.8919813464595487,0.9981707480458889,25.218106,635.952870227236,0.9795302657838054,5.163241925350947,-1975.039060987802,5414.846344365945,2714.46141517598,89.99227985132664,104.03624346792648,54.2
2022-10-29,70.6,80.6,63.9,999.4,10.0,8.1,13.6,86.07659578141441,25.218106,110.039197,173.73,65.11268592861616,11.067312055855439,27.281919848987453,-0.8840675099433637,0.9981707480458889,25.218106,635.952870227236,0.9795302657838054,5.163241925350947,-1975.039060987802,5414.846344365945,2714.46141517598,89.99227985132664,104.03624346792648,56.1
2022-10-30,68.7,80.6,57.2,999.2,9.7,8.3,15.5,-137.5564802612743,25.218106,110.039197,173.73,63.23854302570468,11.046033716280293,27.12255720114792,-0.8758917051442433,0.9981707480458889,25.218106,635.952870227236,0.9795302657838054,5.163241925350947,-1975.039060987802,5414.846344365945,2714.46141517598,89.99227985132664,104.03624346792648,55.7
2022-10-31,69.1,80.6,53.6,998.9,10.1,7.9,15.5,175.07689059069446,25.218106,110.039197,173.73,63.485533937338374,11.024984185934306,26.964761083928778,-0.8674563547295971,0.9981707480458889,25.218106,635.952870227236,0.9795302657838054,5.163241925350947,-1975.039060987802,5414.846344365945,2714.46141517598,89.99227985132664,104.03624346792648,48.2
2022-11-01,68.9,84.2,51.8,996.7,10.1,6.6,15.5,94.32575875212828,25.218106,110.039197,173.73,63.18228125236668,11.004170900267054,26.808612890237555,-0.858763958275803,0.9981707480458889,25.218106,635.952870227236,0.9795302657838054,5.163241925350947,-1975.039060987802,5414.846344365945,2714.46141517598,89.99227985132664,104.03624346792648,47.6
2022-11-02,70.1,84.2,55.4,994.2,10.3,5.9,11.7,75.02976098129079,25.218106,110.039197,173.73,64.16253800044672,10.983601369548655,26.65419332245991,-0.8498170915275277,0.9981707480458889,25.218106,635.952870227236,0.9795302657838054,5.163241925350947,-1975.039060987802,5414.846344365945,2714.46141517598,89.99227985132664,104.03624346792648,47.8
2022-11-03,72.4,82.2,62.6,997.6,10.4,7.3,13.6,23.3,25.218106,110.039197,173.73,66.1451418194307,10.963283174491277,26.501582329866437,-0.8406184056344783,0.9981707480458889,25.218106,635.952870227236,0.9795302657838054,5.163241925350947,-1975.039060987802,5414.846344365945,2714.46141517598,89.99227985132664,104.03624346792648,52.5
2022-11-04,70.3,80.6,59.0,1.0,9.0,7.7,13.6,78.58624986579966,25.218106,110.039197,173.73,64.10905370743474,10.943223961439786,26.350859047523855,-0.8311706263658079,0.9981707480458889,25.218106,635.952870227236,0.9795302657838054,5.163241925350947,-1975.039060987802,5414.846344365945,2714.46141517598,89.99227985132664,104.03624346792648,49.9
2022-11-05,67.3,77.2,57.2,1.8,7.5,5.7,11.7,-3.968006352151498,25.218106,110.039197,173.73,61.26224464323263,10.923431437129146,26.202101736773752,-0.8214765533024145,0.9981707480458889,25.218106,635.952870227236,0.9795302657838054,5.163241925350947,-1975.039060987802,5414.846344365945,2714.46141517598,89.99227985132664,104.03624346792648,49.7
2022-11-06,67.0,80.6,53.6,999.1,8.3,2.1,3.9,67.32169441539912,25.218106,110.039197,173.73,60.880182943459026,10.903913363007588,26.05538772733603,-0.8115390590073611,0.9981707480458889,25.218106,635.952870227236,0.9795302657838054,5.163241925350947,-1975.039060987802,5414.846344365945,2714.46141517598,89.99227985132664,104.03624346792648,52.1
2022-11-07,70.7,84.6,55.4,998.1,9.9,2.4,3.9,-11.047327162248193,25.218106,110.039197,173.73,64.12889189360013,10.884677549125906,25.910793361088253,-0.801361088174677,0.9981707480458889,25.218106,635.952870227236,0.9795302657838054,5.163241925350947,-1975.039060987802,5414.846344365945,2714.46141517598,89.99227985132664,104.03624346792648,54.3
2022-11-08,72.7,86.0,57.2,997.7,10.7,2.1,5.8,116.81519544612387,25.218106,110.039197,173.73,65.82822544334515,10.865731847594798,25.768393937566444,-0.7909456567567774,0.9981707480458889,25.218106,635.952870227236,0.9795302657838054,5.163241925350947,-1975.039060987802,5414.846344365945,2714.46141517598,89.99227985132664,104.03624346792648,56.4
2022-11-09,74.9,86.0,62.6,997.3,10.1,2.3,3.9,-63.10575013695416,25.218106,110.039197,173.73,67.70388354220601,10.84708414561378,25.62826366122683,-0.780295851070776,0.9981707480458889,25.218106,635.952870227236,0.9795302657838054,5.163241925350947,-1975.039060987802,5414.846344365945,2714.46141517598,89.99227985132664,104.03624346792648,60.7
2022-11-10,76.1,87.8,66.2,995.4,9.8,3.1,11.7,-25.679165158268848,25.218106,110.039197,173.73,68.67227445413705,10.828742358076804,25.490475590501873,-0.7694148268839381,0.9981707480458889,25.218106,635.952870227236,0.9795302657838054,5.163241925350947,-1975.039060987802,5414.846344365945,2714.46141517598,89.99227985132664,104.03624346792648,64.2
2022-11-11,76.6,89.6,62.6,995.2,10.1,4.6,15.5,32.32680005314944,25.218106,110.039197,173.73,69.00839371281124,10.810714419761554,25.35510158867809,-0.7583058084785625,0.9981707480458889,25.218106,635.952870227236,0.9795302657838054,5.163241925350947,-1975.039060987802,5414.846344365945,2714.46141517598,89.99227985132664,104.03624346792648,63.5
2022-11-12,75.1,88.5,64.4,995.4,9.0,3.2,11.7,-19.382939060929246,25.218106,110.039197,173.73,67.54624346758696,10.7930082771111,25.222212276616837,-0.7469720876965551,0.9981707480458889,25.218106,635.952870227236,0.9795302657838054,5.163241925350947,-1975.039060987802,5414.846344365945,2714.46141517598,89.99227985132664,104.03624346792648,61.9
2022-11-13,70.1,88.5,60.8,999.0,9.7,7.4,15.5,9.505619812709147,25.218106,110.039197,173.73,62.947649563438446,10.775631879618565,25.091876987333713,-0.7354170229639858,0.9981707480458889,25.218106,635.952870227236,0.9795302657838054,5.163241925350947,-1975.039060987802,5414.846344365945,2714.46141517598,89.99227985132664,104.03624346792648,52.9
2022-11-14,62.1,80.1,55.4,0.1,8.1,5.2,9.7,17.906018376495396,25.218106,110.039197,173.73,55.67571965903134,10.75859317082731,24.9641637224454,-0.7236440382959124,0.9981707480458889,25.218106,635.952870227236,0.9795302657838054,5.163241925350947,-1975.039060987802,5414.846344365945,2714.46141517598,89.99227985132664,104.03624346792648,48.8
2022-11-15,56.1,64.6,55.2,999.1,4.8,2.8,5.8,101.12145285514127,25.218106,110.039197,173.73,50.218382869143326,10.74190007896114,24.839139110487682,-0.711656622281775,0.9981707480458889,25.218106,635.952870227236,0.9795302657838054,5.163241925350947,-1975.039060987802,5414.846344365945,2714.46141517598,89.99227985132664,104.03624346792648,53.3
2022-11-16,58.5,59.0,55.4,999.9,2.6,1.6,3.9,15.272092241836347,25.218106,110.039197,173.73,52.28710747260505,10.725560507201036,24.71686836710218,-0.6994583270516471,0.9981707480458889,25.218106,635.952870227236,0.9795302657838054,5.163241925350947,-1975.039060987802,5414.846344365945,2714.46141517598,89.99227985132664,104.03624346792648,56.8
2022-11-17,59.3,60.8,57.2,999.9,2.6,3.5,5.8,-15.429036675239805,25.218106,110.039197,173.73,52.92318598258987,10.709582323626956,24.59741525708336,-0.6870527672236675,0.9981707480458889,25.218106,635.952870227236,0.9795302657838054,5.163241925350947,-1975.039060987802,5414.846344365945,2714.46141517598,89.99227985132664,104.03624346792648,57.8
2022-11-18,61.6,62.8,58.6,998.4,8.1,3.2,7.8,-39.7288960268353,25.218106,110.039197,173.73,54.895729867671996,10.693973350845194,24.4808420582724,-0.6744436188329457,0.9981707480458889,25.218106,635.952870227236,0.9795302657838054,5.163241925350947,-1975.039060987802,5414.846344365945,2714.46141517598,89.99227985132664,104.03624346792648,58.7
2022-11-19,59.8,62.8,59.0,999.3,5.5,2.7,7.8,-3.3107212738537033,25.218106,110.039197,173.73,53.21572775403116,10.678741355323979,24.367209527278405,-0.661634618242279,0.9981707480458889,25.218106,635.952870227236,0.9795302657838054,5.163241925350947,-1975.039060987802,5414.846344365945,2714.46141517598,89.99227985132664,104.03624346792648,57.5
2022-11-20,63.4,66.6,59.0,996.4,5.3,1.6,3.9,14.320912993221102,25.218106,110.039197,173.73,56.34090682597307,10.66389403646178,24.256576867002828,-0.6486295610349818,0.9981707480458889,25.218106,635.952870227236,0.9795302657838054,5.163241925350947,-1975.039060987802,5414.846344365945,2714.46141517598,89.99227985132664,104.03624346792648,59.7
2022-11-21,69.7,79.2,60.3,994.4,4.7,1.5,3.9,64.48349649278987,25.218106,110.039197,173.73,61.855491614535566,10.649439015415018,24.149001695937557,-0.6354323008901775,0.9981707480458889,25.218106,635.952870227236,0.9795302657838054,5.163241925350947,-1975.039060987802,5414.846344365945,2714.46141517598,89.99227985132664,104.03624346792648,64.5
2022-11-22,65.9,79.2,59.0,996.5,7.7,4.9,11.7,-74.51036374000698,25.218106,110.039197,173.73,58.40598283189369,10.63538382371357,24.044540019202344,-0.622046748440868,0.9981707480458889,25.218106,635.952870227236,0.9795302657838054,5.163241925350947,-1975.039060987802,5414.846344365945,2714.46141517598,89.99227985132664,104.03624346792648,61.0
2022-11-23,64.5,72.7,59.7,997.6,9.6,5.3,9.7,-43.20807628683022,25.218106,110.039197,173.73,57.091830417858034,10.621735891694518,23.943246201283053,-0.6084768701151264,0.9981707480458889,25.218106,635.952870227236,0.9795302657838054,5.163241925350947,-1975.039060987802,5414.846344365945,2714.46141517598,89.99227985132664,104.03624346792648,55.9
2022-11-24,66.0,71.6,60.8,997.7,7.8,3.5,5.8,-10.720043038313824,25.218106,110.039197,173.73,58.34676395232444,10.608502536786261,23.84517294042747,-0.594726686960764,0.9981707480458889,25.218106,635.952870227236,0.9795302657838054,5.163241925350947,-1975.039060987802,5414.846344365945,2714.46141517598,89.99227985132664,104.03624346792648,58.0
2022-11-25,63.4,71.4,60.8,997.5,4.0,1.1,1.9,-18.873595725001266,25.218106,110.039197,173.73,55.98056719469268,10.595690951676849,23.75037124465198,-0.5808002734538013,0.9981707480458889,25.218106,635.952870227236,0.9795302657838054,5.163241925350947,-1975.039060987802,5414.846344365945,2714.46141517598,89.99227985132664,104.03624346792648,61.3
2022-11-26,66.2,71.4,62.1,993.5,4.5,1.7,5.8,-9.653742888832415,25.218106,110.039197,173.73,58.38458352808454,10.583308192402031,23.658890409308334,-0.5667017562911184,0.9981707480458889,25.218106,635.952870227236,0.9795302657838054,5.163241925350947,-1975.039060987802,5414.846344365945,2714.46141517598,89.99227985132664,104.03624346792648,63.2
2022-11-27,72.9,77.0,64.2,987.9,6.1,6.0,15.5,87.38861227508525,25.218106,110.039197,173.73,64.22101908581838,10.571361166389856,23.570777996156803,-0.5524353131676203,0.9981707480458889,25.218106,635.952870227236,0.9795302657838054,5.163241925350947,-1975.039060987802,5414.846344365945,2714.46141517598,89.99227985132664,104.03624346792648,70.3
2022-11-28,76.4,82.4,66.9,989.6,8.7,5.1,17.5,-14.178134309483351,25.218106,110.039197,173.73,67.23108715051728,10.559856620500096,23.486079813888768,-0.5380051715382992,0.9981707480458889,25.218106,635.952870227236,0.9795302657838054,5.163241925350947,-1975.039060987802,5414.846344365945,2714.46141517598,89.99227985132664,104.03624346792648,71.6
2022-11-29,55.5,82.0,46.4,998.9,9.9,9.6,17.5,30.326014771718086,25.218106,110.039197,173.73,48.788205222077636,10.548801129097868,23.404839900039708,-0.5234156073655503,0.9981707480458889,25.218106,635.952870227236,0.9795302657838054,5.163241925350947,-1975.039060987802,5414.846344365945,2714.46141517598,89.99227985132664,104.03624346792648,49.7
2022-11-30,41.8,63.9,37.4,8.1,9.6,9.6,13.6,52.76785944397404,25.218106,110.039197,173.73,36.70806710300299,10.538201082201816,23.32710050423073,-0.5086709438521042,0.9981707480458889,25.218106,635.952870227236,0.9795302657838054,5.163241925350947,-1975.039060987802,5414.846344365945,2714.46141517598,89.99227985132664,104.03624346792648,36.9
2022-12-01,36.9,45.5,35.2,9.7,7.6,6.7,11.7,-36.808434270956,25.218106,110.039197,173.73,32.37379272177519,10.528062673748028,23.252902072675763,-0.49377555015997737,0.9981707480458889,25.218106,635.952870227236,0.9795302657838054,5.163241925350947,-1975.039060987802,5414.846344365945,2714.46141517598,89.99227985132664,104.03624346792648,33.8
2022-12-02,39.9,42.8,35.2,5.0,7.5,3.9,5.8,62.03522638680786,25.218106,110.039197,173.73,34.97365303428813,10.518391890011468,23.182283233889596,-0.4787338401157883,0.9981707480458889,25.218106,635.952870227236,0.9795302657838054,5.163241925350947,-1975.039060987802,5414.846344365945,2714.46141517598,89.99227985132664,104.03624346792648,34.7
2022-12-03,43.6,44.6,37.4,2.9,7.3,3.0,5.8,23.48017453816056,25.218106,110.039197,173.73,38.183406676891714,10.509194498227076,23.115280785531393,-0.4635502709028512,0.9981707480458889,25.218106,635.952870227236,0.9795302657838054,5.163241925350947,-1975.039060987802,5414.846344365945,2714.46141517598,89.99227985132664,104.03624346792648,41.3
2022-12-04,44.0,46.4,39.4,7.4,7.7,6.0,7.8,6.4008890198256445,25.218106,110.039197,173.73,38.50174546332719,10.50047603545287,23.05192968231776,-0.4482293417404106,0.9981707480458889,25.218106,635.952870227236,0.9795302657838054,5.163241925350947,-1975.039060987802,5414.846344365945,2714.46141517598,89.99227985132664,104.03624346792648,40.4
2022-12-05,46.4,51.8,42.3,7.6,6.7,8.4,11.7,92.52659562564901,25.218106,110.039197,173.73,40.57000161784035,10.49224179771733,22.992263024939202,-0.4327755925504317,0.9981707480458889,25.218106,635.952870227236,0.9795302657838054,5.163241925350947,-1975.039060987802,5414.846344365945,2714.46141517598,89.99227985132664,104.03624346792648,36.2
2022-12-06,47.9,53.6,42.4,4.0,9.9,5.7,9.7,-37.07319403415132,25.218106,110.039197,173.73,41.85061651105959,10.484496829493008,22.936312049914598,-0.41719360261231697,0.9981707480458889,25.218106,635.952870227236,0.9795302657838054,5.163241925350947,-1975.039060987802,5414.846344365945,2714.46141517598,89.99227985132664,104.03624346792648,36.3
2022-12-07,51.0,55.4,43.7,3.0,10.2,4.2,7.8,113.05684262700888,25.218106,110.039197,173.73,44.52829513253571,10.477245913537814,22.884106120318613,-0.4014879892059737,0.9981707480458889,25.218106,635.952870227236,0.9795302657838054,5.163241925350947,-1975.039060987802,5414.846344365945,2714.46141517598,89.99227985132664,104.03624346792648,39.1
2022-12-08,51.4,55.4,46.0,2.3,8.1,2.7,5.8,26.454307855389185,25.218106,110.039197,173.73,44.848614086902636,10.470493561144584,22.83567271731885,-0.38566340624360745,0.9981707480458889,25.218106,635.952870227236,0.9795302657838054,5.163241925350947,-1975.039060987802,5414.846344365945,2714.46141517598,89.99227985132664,104.03624346792648,42.7
2022-12-09,55.9,66.2,46.4,999.6,9.2,3.5,7.8,17.5,25.218106,110.039197,173.73,48.74593664655625,10.464244002838551,22.791037432460648,-0.3697245428906732,0.9981707480458889,25.218106,635.952870227236,0.9795302657838054,5.163241925350947,-1975.039060987802,5414.846344365945,2714.46141517598,89.99227985132664,104.03624346792648,41.7
2022-12-10,57.2,66.7,48.2,0.8,8.7,6.0,11.7,42.56971511141535,25.218106,110.039197,173.73,49.852188955907515,10.458501179561017,22.750223960639964,-0.3536761221763721,0.9981707480458889,25.218106,635.952870227236,0.9795302657838054,5.163241925350947,-1975.039060987802,5414.846344365945,2714.46141517598,89.99227985132664,104.03624346792648,39.5
2022-12-11,53.7,66.7,46.4,3.1,4.9,7.6,13.6,115.66140855726499,25.218106,110.039197,173.73,46.77837758633253,10.453268734375984,22.71325409370706,-0.33752289959411347,0.9981707480458889,25.218106,635.952870227236,0.9795302657838054,5.163241925350947,-1975.039060987802,5414.846344365945,2714.46141517598,89.99227985132664,104.03624346792648,35.4
2022-12-12,48.5,61.0,33.8,4.8,7.9,5.0,9.7,91.68640878218477,25.218106,110.039197,173.73,42.22955626913651,10.448550004734807,22.68014771464678,-0.32126966169236515,0.9981707480458889,25.218106,635.952870227236,0.9795302657838054,5.163241925350947,-1975.039060987802,5414.846344365945,2714.46141517598,89.99227985132664,104.03624346792648,27.1
2022-12-13,50.2,62.6,35.6,4.9,8.6,5.7,11.7,40.99966856703388,25.218106,110.039197,173.73,43.69218919747151,10.444348015331833,22.65092279228425,-0.3049212246562894,0.9981707480458889,25.218106,635.952870227236,0.9795302657838054,5.163241925350947,-1975.039060987802,5414.846344365945,2714.46141517598,89.99227985132664,104.03624346792648,29.5
2022-12-14,50.6,64.4,35.6,4.2,10.2,4.5,13.6,77.1197192850753,25.218106,110.039197,173.73,44.02480607183668,10.440665471581822,22.62559537646884,-0.2884824328806098,0.9981707480458889,25.218106,635.952870227236,0.9795302657838054,5.163241925350947,-1975.039060987802,5414.846344365945,2714.46141517598,89.99227985132664,104.03624346792648,26.4
2022-12-15,52.2,66.2,37.4,998.7,9.9,2.2,5.8,1.4704737691784189,25.218106,110.039197,173.73,45.40314567880184,10.43750475374755,22.60417959369275,-0.27195815753410524,0.9981707480458889,25.218106,635.952870227236,0.9795302657838054,5.163241925350947,-1975.039060987802,5414.846344365945,2714.46141517598,89.99227985132664,104.03624346792648,33.7
2022-12-16,52.8,65.1,44.6,7.4,8.2,11.7,17.5,37.45013449752121,25.218106,110.039197,173.73,45.91341881167047,10.43486791174329,22.586687643105247,-0.2553532951161881,0.9981707480458889,25.218106,635.952870227236,0.9795302657838054,5.163241925350947,-1975.039060987802,5414.846344365945,2714.46141517598,89.99227985132664,104.03624346792648,32.8
2022-12-17,46.9,61.2,33.8,15.2,10.1,9.6,19.4,31.1,25.218106,110.039197,173.73,40.774690615323344,10.432756660637104,22.573129792887933,-0.23867276600594997,0.9981707480458889,25.218106,635.952870227236,0.9795302657838054,5.163241925350947,-1975.039060987802,5414.846344365945,2714.46141517598,89.99227985132664,104.03624346792648,19.0
2022-12-18,45.8,57.2,33.8,8.4,10.1,3.6,7.8,-107.50644953284339,25.218106,110.039197,173.73,39.812307905061274,10.43117237687195,22.563514376961205,-0.22192151300416674,0.9981707480458889,25.218106,635.952870227236,0.9795302657838054,5.163241925350947,-1975.039060987802,5414.846344365945,2714.46141517598,89.99227985132664,104.03624346792648,23.7
2022-12-19,46.4,60.8,35.6,1.2,9.4,1.7,3.9,-95.00729312270423,25.218106,110.039197,173.73,40.32978223486007,10.43011609522243,22.557847791997233,-0.20510449986861926,0.9981707480458889,25.218106,635.952870227236,0.9795302657838054,5.163241925350947,-1975.039060987802,5414.846344365945,2714.46141517598,89.99227985132664,104.03624346792648,26.9
2022-12-20,49.1,60.6,35.6,2.0,8.9,3.0,9.7,94.7459641076285,25.218106,110.039197,173.73,42.674399639099164,10.429588506500814,22.55613449471988,-0.1882267098432439,0.9981707480458889,25.218106,635.952870227236,0.9795302657838054,5.163241925350947,-1975.039060987802,5414.846344365945,2714.46141517598,89.99227985132664,104.03624346792648,34.5
2022-12-21,50.6,68.0,37.4,0.2,10.0,2.2,5.8,-110.82402769678966,25.218106,110.039197,173.73,43.97810431456227,10.429589956022674,22.5583769994774,-0.1712931441814778,0.9981707480458889,25.218106,635.952870227236,0.9795302657838054,5.163241925350947,-1975.039060987802,5414.846344365945,2714.46141517598,89.99227985132664,104.03624346792648,30.4
2022-12-22,54.3,66.9,42.8,999.8,10.2,1.9,5.8,-62.406708992866825,25.218106,110.039197,173.73,47.196295003846615,10.430120442839032,22.56457587607914,-0.154308820664281,0.9981707480458889,25.218106,635.952870227236,0.9795302657838054,5.163241925350947,-1975.039060987802,5414.846344365945,2714.46141517598,89.99227985132664,104.03624346792648,36.0
2022-12-23,55.6,65.3,45.3,1.7,9.9,1.7,3.9,79.49476203333225,25.218106,110.039197,173.73,48.331132238121505,10.431179619738455,22.574729747893212,-0.13727877211326517,0.9981707480458889,25.218106,635.952870227236,0.9795302657838054,5.163241925350947,-1975.039060987802,5414.846344365945,2714.46141517598,89.99227985132664,104.03624346792648,37.0
2022-12-24,55.3,71.6,41.0,2.4,9.7,2.4,5.8,-232.41080850716386,25.218106,110.039197,173.73,48.077666975771535,10.43276679401914,22.58883529020743,-0.12020804489935275,0.9981707480458889,25.218106,635.952870227236,0.9795302657838054,5.163241925350947,-1975.039060987802,5414.846344365945,2714.46141517598,89.99227985132664,104.03624346792648,34.2
2022-12-25,56.6,69.1,41.0,2.5,10.0,2.5,5.8,-32.70387213678977,25.218106,110.039197,173.73,49.21785504857954,10.434880929027463,22.60688722886173,-0.10310169744743544,0.9981707480458889,25.218106,635.952870227236,0.9795302657838054,5.163241925350947,-1975.039060987802,5414.846344365945,2714.46141517598,89.99227985132664,104.03624346792648,36.9
2022-12-26,55.0,66.6,49.1,4.6,8.2,6.2,9.7,36.66734490526643,25.218106,110.039197,173.73,47.83863629625706,10.437520646456086,22.628878339165496,-0.0859647987374467,0.9981707480458889,25.218106,635.952870227236,0.9795302657838054,5.163241925350947,-1975.039060987802,5414.846344365945,2714.46141517598,89.99227985132664,104.03624346792648,31.3
2022-12-27,49.4,61.3,45.9,6.4,6.2,6.6,11.7,41.07438620422037,25.218106,110.039197,173.73,42.98081674432744,10.440684229391282,22.654799445118947,-0.06880242680232064,0.9981707480458889,25.218106,635.952870227236,0.9795302657838054,5.163241925350947,-1975.039060987802,5414.846344365945,2714.46141517598,89.99227985132664,104.03624346792648,31.1
2022-12-28,42.3,52.0,39.0,10.5,7.1,6.6,13.6,85.17305948262342,25.218106,110.039197,173.73,36.81640293198774,10.444369626095813,22.684639418963183,-0.05161966722325418,0.9981707480458889,25.218106,635.952870227236,0.9795302657838054,5.163241925350947,-1975.039060987802,5414.846344365945,2714.46141517598,89.99227985132664,104.03624346792648,36.0
2022-12-29,43.6,50.0,39.0,11.6,6.5,5.4,11.7,21.61742239390188,25.218106,110.039197,173.73,37.96315385138828,10.448574454510535,22.7183851810884,-0.034421611622745804,0.9981707480458889,25.218106,635.952870227236,0.9795302657838054,5.163241925350947,-1975.039060987802,5414.846344365945,2714.46141517598,89.99227985132664,104.03624346792648,36.1
2022-12-30,45.3,55.4,37.4,10.3,5.5,5.0,9.7,20.374386169398363,25.218106,110.039197,173.73,39.46119242814136,10.453296007454664,22.756021700335204,-0.01721335615583528,0.9981707480458889,25.218106,635.952870227236,0.9795302657838054,5.163241925350947,-1975.039060987802,5414.846344365945,2714.46141517598,89.99227985132664,104.03624346792648,34.9
2022-12-31,46.0,53.8,35.6,9.1,5.0,4.7,11.7,67.50001713395095,25.218106,110.039197,173.73,40.09103649092369,10.458531258501832,22.797531994728484,6.432490598706546e-16,0.9981707480458889,25.218106,635.952870227236,0.9795302657838054,5.163241925350947,-1975.039060987802,5414.846344365945,2714.46141517598,89.99227985132664,104.03624346792648,36.6
2023-01-01,50.5,62.6,37.4,7.9,4.4,4.3,13.6,19.857384124324465,25.218106,110.039197,173.73,44.03716515496335,10.464276868506142,22.842897132688286,0.017213356155834685,0.9981707480458889,25.218106,635.952870227236,0.9795302657838054,5.163241925350947,-1975.039060987802,5414.846344365945,2714.46141517598,89.99227985132664,104.03624346792648,39.3
2023-01-02,50.2,59.5,42.3,9.9,3.1,5.8,9.7,40.052895011656105,25.218106,110.039197,173.73,43.80171378967015,10.470529192749837,22.892096234765884,0.03442161162274574,0.9981707480458889,25.218106,635.952870227236,0.9795302657838054,5.163241925350947,-1975.039060987802,5414.846344365945,2714.46141517598,89.99227985132664,104.03624346792648,38.9
2023-01-03,50.7,60.8,41.0,8.1,4.8,4.9,9.7,120.44935433352234,25.218106,110.039197,173.73,44.26652611968075,10.477284288681833,22.945106475957953,0.051619667223253764,0.9981707480458889,25.218106,635.952870227236,0.9795302657838054,5.163241925350947,-1975.039060987802,5414.846344365945,2714.46141517598,89.99227985132664,104.03624346792648,37.5
2023-01-04,54.1,59.7,42.8,5.5,4.5,2.2,3.9,-9.560833404178384,25.218106,110.039197,173.73,47.26779180833153,10.484537924214019,23.001903088654633,0.06880242680231986,0.9981707480458889,25.218106,635.952870227236,0.9795302657838054,5.163241925350947,-1975.039060987802,5414.846344365945,2714.46141517598,89.99227985132664,104.03624346792648,41.3
2023-01-05,57.0,64.9,47.5,7.1,3.9,2.2,3.9,-12.719481321283162,25.218106,110.039197,173.73,49.83835653606671,10.49228558654036,23.062459366281505,0.08596479873744647,0.9981707480458889,25.218106,635.952870227236,0.9795302657838054,5.163241925350947,-1975.039060987802,5414.846344365945,2714.46141517598,89.99227985132664,104.03624346792648,45.1
2023-01-06,56.0,69.8,39.2,7.1,3.7,2.8,7.8,-204.0102062991425,25.218106,110.039197,173.73,49.002438293395976,10.500522491441995,23.126746667697528,0.10310169744743485,0.9981707480458889,25.218106,635.952870227236,0.9795302657838054,5.163241925350947,-1975.039060987802,5414.846344365945,2714.46141517598,89.99227985132664,104.03624346792648,43.5
2023-01-07,54.8,75.2,39.2,1.5,6.1,1.8,3.9,36.02672004601877,25.218106,110.039197,173.73,47.992212408216,10.509243593039999,23.19473442241428,0.1202080448993527,0.9981707480458889,25.218106,635.952870227236,0.9795302657838054,5.163241925350947,-1975.039060987802,5414.846344365945,2714.46141517598,89.99227985132664,104.03624346792648,38.8
2023-01-08,57.7,73.4,46.2,1.3,4.2,1.5,5.8,-139.55708171791318,25.218106,110.039197,173.73,50.57618294760623,10.518443593956233,23.266390136703574,0.13727877211326478,0.9981707480458889,25.218106,635.952870227236,0.9795302657838054,5.163241925350947,-1975.039060987802,5414.846344365945,2714.46141517598,89.99227985132664,104.03624346792648,50.5
2023-01-09,58.9,73.4,44.6,1.5,4.9,1.9,5.8,13.647721821042357,25.218106,110.039197,173.73,51.67550739158939,10.528116955841641,23.341679400662326,0.15430882066428117,0.9981707480458889,25.218106,635.952870227236,0.9795302657838054,5.163241925350947,-1975.039060987802,5414.846344365945,2714.46141517598,89.99227985132664,104.03624346792648,52.1
2023-01-10,60.3,73.4,44.6,0.5,5.6,4.0,9.7,85.80726838743351,25.218106,110.039197,173.73,52.954745998908365,10.538257910230522,23.42056589630496,0.1712931441814776,0.9981707480458889,25.218106,635.952870227236,0.9795302657838054,5.163241925350947,-1975.039060987802,5414.846344365945,2714.46141517598,89.99227985132664,104.03624346792648,46.4
2023-01-11,54.7,71.4,51.8,997.0,1.3,1.4,3.9,23.295892146947168,25.218106,110.039197,173.73,48.08522230761957,10.54886046967888,23.503011406754332,0.1882267098432442,0.9981707480458889,25.218106,635.952870227236,0.9795302657838054,5.163241925350947,-1975.039060987802,5414.846344365945,2714.46141517598,89.99227985132664,104.03624346792648,51.5
2023-01-12,59.0,61.3,53.8,991.7,1.2,0.7,3.9,-39.963422023159566,25.218106,110.039197,173.73,51.919598992460635,10.559918439144536,23.58897582660263,0.2051044998686192,0.9981707480458889,25.218106,635.952870227236,0.9795302657838054,5.163241925350947,-1975.039060987802,5414.846344365945,2714.46141517598,89.99227985132664,104.03624346792648,58.1
2023-01-13,65.8,77.0,55.2,987.9,5.7,2.5,15.5,85.14587272989155,25.218106,110.039197,173.73,57.96664942782387,10.571425427566663,23.678417173513548,0.2219215130041655,0.9981707480458889,25.218106,635.952870227236,0.9795302657838054,5.163241925350947,-1975.039060987802,5414.846344365945,2714.46141517598,89.99227985132664,104.03624346792648,61.9
2023-01-14,51.1,77.0,41.0,996.5,9.9,11.1,17.5,-19.08792033481214,25.218106,110.039197,173.73,45.06753794380786,10.583374859602626,23.771291601136827,0.2386727660059501,0.9981707480458889,25.218106,635.952870227236,0.9795302657838054,5.163241925350947,-1975.039060987802,5414.846344365945,2714.46141517598,89.99227985132664,104.03624346792648,43.5
2023-01-15,38.1,62.6,35.4,7.7,9.8,11.3,17.5,82.29189306910654,25.218106,110.039197,173.73,33.641537960250005,10.595759987480317,23.867553413404856,0.255353295116187,0.9981707480458889,25.218106,635.952870227236,0.9795302657838054,5.163241925350947,-1975.039060987802,5414.846344365945,2714.46141517598,89.99227985132664,104.03624346792648,26.9
2023-01-16,38.8,42.8,35.4,8.4,9.7,6.6,9.7,42.963836685347715,25.218106,110.039197,173.73,34.30105561945693,10.608573902924824,23.967155080280104,0.2719581575341055,0.9981707480458889,25.218106,635.952870227236,0.9795302657838054,5.163241925350947,-1975.039060987802,5414.846344365945,2714.46141517598,89.99227985132664,104.03624346792648,21.2
2023-01-17,43.5,48.2,35.6,9.5,9.5,4.9,9.7,-58.6948873902734,25.218106,110.039197,173.73,38.50405961555675,10.621809549119103,24.070047255019972,0.288482432880609,0.9981707480458889,25.218106,635.952870227236,0.9795302657838054,5.163241925350947,-1975.039060987802,5414.846344365945,2714.46141517598,89.99227985132664,104.03624346792648,22.6
2023-01-18,48.6,55.0,37.2,7.0,9.6,2.5,7.8,121.861075490526,25.218106,110.039197,173.73,43.07361191726982,10.635459732659214,24.17617879302377,0.30492122465628907,0.9981707480458889,25.218106,635.952870227236,0.9795302657838054,5.163241925350947,-1975.039060987802,5414.846344365945,2714.46141517598,89.99227985132664,104.03624346792648,24.3
2023-01-19,49.9,60.8,41.0,5.1,8.2,2.5,5.8,-53.331945880161975,25.218106,110.039197,173.73,44.28424208831263,10.649517135465963,24.285496772323434,0.3212696616923644,0.9981707480458889,25.218106,635.952870227236,0.9795302657838054,5.163241925350947,-1975.039060987802,5414.846344365945,2714.46141517598,89.99227985132664,104.03624346792648,32.4
2023-01-20,52.0,59.9,45.5,4.4,8.5,3.6,11.7,206.81286324395933,25.218106,110.039197,173.73,46.21055541533602,10.663974326616005,24.397946515777136,0.3375228995941133,0.9981707480458889,25.218106,635.952870227236,0.9795302657838054,5.163241925350947,-1975.039060987802,5414.846344365945,2714.46141517598,89.99227985132664,104.03624346792648,30.0
2023-01-21,54.2,59.2,48.2,998.3,6.3,2.4,5.8,-183.96429273638455,25.218106,110.039197,173.73,48.23268737949086,10.678823774057017,24.513471615020997,0.3536761221763716,0.9981707480458889,25.218106,635.952870227236,0.9795302657838054,5.163241925350947,-1975.039060987802,5414.846344365945,2714.46141517598,89.99227985132664,104.03624346792648,37.6
2023-01-22,46.6,59.2,44.6,0.0,4.0,4.2,7.8,-33.83459214825281,25.218106,110.039197,173.73,41.52859134147195,10.694057856173034,24.632013956230576,0.3697245428906731,0.9981707480458889,25.218106,635.952870227236,0.9795302657838054,5.163241925350947,-1975.039060987802,5414.846344365945,2714.46141517598,89.99227985132664,104.03624346792648,42.5
2023-01-23,46.6,50.0,42.8,6.3,5.4,7.2,13.6,23.3,25.218106,110.039197,173.73,41.589214124135175,10.709668873167855,24.75351374773983,0.38566340624360707,0.9981707480458889,25.218106,635.952870227236,0.9795302657838054,5.163241925350947,-1975.039060987802,5414.846344365945,2714.46141517598,89.99227985132664,104.03624346792648,37.2
2023-01-24,44.7,57.2,30.2,11.6,7.6,8.2,17.5,-42.36479369409862,25.218106,110.039197,173.73,39.95304274192953,10.725649058236115,24.877909549560474,0.401487989205973,0.9981707480458889,25.218106,635.952870227236,0.9795302657838054,5.163241925350947,-1975.039060987802,5414.846344365945,2714.46141517598,89.99227985132664,104.03624346792648,17.1
2023-01-25,44.0,54.3,30.2,2.4,7.6,3.1,5.8,-163.66964684227014,25.218106,110.039197,173.73,39.387298824476346,10.741990588493548,25.005138304840212,0.4171936026123168,0.9981707480458889,25.218106,635.952870227236,0.9795302657838054,5.163241925350947,-1975.039060987802,5414.846344365945,2714.46141517598,89.99227985132664,104.03624346792648,23.3
2023-01-26,45.0,51.8,36.9,4.5,5.9,3.6,7.8,66.18469750809197,25.218106,110.039197,173.73,40.345070983649606,10.758685595639895,25.135135373293235,0.4327755925504312,0.9981707480458889,25.218106,635.952870227236,0.9795302657838054,5.163241925350947,-1975.039060987802,5414.846344365945,2714.46141517598,89.99227985132664,104.03624346792648,35.2
2023-01-27,44.1,53.6,33.8,11.0,8.3,6.6,15.5,64.94875050594791,25.218106,110.039197,173.73,39.600793698012176,10.775726176329844,25.267834566630857,0.4482293417404106,0.9981707480458889,25.218106,635.952870227236,0.9795302657838054,5.163241925350947,-1975.039060987802,5414.846344365945,2714.46141517598,89.99227985132664,104.03624346792648,19.9
2023-01-28,45.3,57.2,33.8,7.6,9.1,3.3,7.8,82.94871496582562,25.218106,110.039197,173.73,40.74396911841625,10.79310440222947,25.403168186015204,0.4635502709028509,0.9981707480458889,25.218106,635.952870227236,0.9795302657838054,5.163241925350947,-1975.039060987802,5414.846344365945,2714.46141517598,89.99227985132664,104.03624346792648,20.4
2023-01-29,48.2,66.4,28.4,5.3,8.3,2.5,5.8,-38.48136540665764,25.218106,110.039197,173.73,43.42342952444613,10.810812329737624,25.54106706155256,0.47873384011578846,0.9981707480458889,25.218106,635.952870227236,0.9795302657838054,5.163241925350947,-1975.039060987802,5414.846344365945,2714.46141517598,89.99227985132664,104.03624346792648,23.6
2023-01-30,49.0,69.8,30.2,0.8,7.6,1.5,5.8,3.057294618986873,25.218106,110.039197,173.73,44.21777153819433,10.828842009353712,25.681460593837517,0.49377555015997715,0.9981707480458889,25.218106,635.952870227236,0.9795302657838054,5.163241925350947,-1975.039060987802,5414.846344365945,2714.46141517598,89.99227985132664,104.03624346792648,26.9
2023-01-31,58.7,71.6,33.8,994.8,7.2,3.4,13.6,25.3,25.218106,110.039197,173.73,53.06081571145415,10.847185494675465,25.824276797552763,0.5086709438521044,0.9981707480458889,25.218106,635.952870227236,0.9795302657838054,5.163241925350947,-1975.039060987802,5414.846344365945,2714.46141517598,89.99227985132664,104.03624346792648,43.2
2023-02-01,57.2,70.3,39.9,996.7,2.6,2.7,5.8,45.876058031796696,25.218106,110.039197,173.73,51.79381278982446,10.865834851012124,25.969442347123397,0.5234156073655503,0.9981707480458889,25.218106,635.952870227236,0.9795302657838054,5.163241925350947,-1975.039060987802,5414.846344365945,2714.46141517598,89.99227985132664,104.03624346792648,55.5
2023-02-02,49.0,59.5,44.6,2.0,4.6,4.5,7.8,4.5693297387120655,25.218106,110.039197,173.73,44.446193834702356,10.884782163600578,26.116882624418174,0.5380051715382996,0.9981707480458889,25.218106,635.952870227236,0.9795302657838054,5.163241925350947,-1975.039060987802,5414.846344365945,2714.46141517598,89.99227985132664,104.03624346792648,45.0
2023-02-03,44.0,51.8,42.3,0.9,4.0,3.0,5.8,56.692524278105346,25.218106,110.039197,173.73,39.98140499985063,10.904019545413808,26.26652176848382,0.5524353131676196,0.9981707480458889,25.218106,635.952870227236,0.9795302657838054,5.163241925350947,-1975.039060987802,5414.846344365945,2714.46141517598,89.99227985132664,104.03624346792648,40.9
2023-02-04,44.1,46.4,42.3,0.2,7.1,3.9,7.8,44.32642240306051,25.218106,110.039197,173.73,40.14400635623216,10.923539144552969,26.418282727292073,0.5667017562911176,0.9981707480458889,25.218106,635.952870227236,0.9795302657838054,5.163241925350947,-1975.039060987802,5414.846344365945,2714.46141517598,89.99227985132664,104.03624346792648,41.9
2023-02-05,45.4,46.6,42.3,998.1,6.0,2.1,3.9,-84.77014348686969,25.218106,110.039197,173.73,41.40227708876771,10.943333151216136,26.57208731147273,0.5808002734538009,0.9981707480458889,25.218106,635.952870227236,0.9795302657838054,5.163241925350947,-1975.039060987802,5414.846344365945,2714.46141517598,89.99227985132664,104.03624346792648,43.6
2023-02-06,47.9,49.3,43.7,996.7,6.5,2.2,5.8,76.85729218032984,25.218106,110.039197,173.73,43.76221360191914,10.963393804238615,26.72785624999939,0.5947266869607634,0.9981707480458889,25.218106,635.952870227236,0.9795302657838054,5.163241925350947,-1975.039060987802,5414.846344365945,2714.46141517598,89.99227985132664,104.03624346792648,46.3
2023-02-07,51.0,55.4,45.3,998.8,7.7,2.8,5.8,61.99670532401994,25.218106,110.039197,173.73,46.680781938105355,10.98371339720126,26.885509247788324,0.6084768701151261,0.9981707480458889,25.218106,635.952870227236,0.9795302657838054,5.163241925350947,-1975.039060987802,5414.846344365945,2714.46141517598,89.99227985132664,104.03624346792648,47.7
2023-02-08,50.5,53.4,48.6,997.4,4.7,2.7,5.8,46.66078563571691,25.218106,110.039197,173.73,46.30969636227494,11.004284284104937,27.044965045164172,0.6220467484408675,0.9981707480458889,25.218106,635.952870227236,0.9795302657838054,5.163241925350947,-1975.039060987802,5414.846344365945,2714.46141517598,89.99227985132664,104.03624346792648,48.7
2023-02-09,52.7,55.4,49.5,998.3,8.2,2.7,5.8,-67.61305128825553,25.218106,110.039197,173.73,48.418559268248835,11.02509888461074,27.20614147914025,0.6354323008901774,0.9981707480458889,25.218106,635.952870227236,0.9795302657838054,5.163241925350947,-1975.039060987802,5414.846344365945,2714.46141517598,89.99227985132664,104.03624346792648,49.1
2023-02-10,50.0,54.5,48.2,996.3,5.3,3.3,5.8,-35.28797384056287,25.218106,110.039197,173.73,46.02562370352904,11.04614968884697,27.36895554645451,0.6486295610349814,0.9981707480458889,25.218106,635.952870227236,0.9795302657838054,5.163241925350947,-1975.039060987802,5414.846344365945,2714.46141517598,89.99227985132664,104.03624346792648,47.2
2023-02-11,50.7,51.8,48.2,992.0,4.3,2.1,5.8,-8.566173304190485,25.218106,110.039197,173.73,46.759888631042834,11.067429261785286,27.533323468296402,0.6616346182422783,0.9981707480458889,25.218106,635.952870227236,0.9795302657838054,5.163241925350947,-1975.039060987802,5414.846344365945,2714.46141517598,89.99227985132664,104.03624346792648,48.7
2023-02-12,54.6,64.4,48.2,992.6,7.4,4.9,9.7,-28.280762685784907,25.218106,110.039197,173.73,50.454632624712666,11.088930247189596,27.699160756653704,0.6744436188329455,0.9981707480458889,25.218106,635.952870227236,0.9795302657838054,5.163241925350947,-1975.039060987802,5414.846344365945,2714.46141517598,89.99227985132664,104.03624346792648,49.2
2023-02-13,48.0,60.4,43.9,3.3,10.2,8.8,13.6,-35.49256855980235,25.218106,110.039197,173.73,44.44258148457002,11.110645371142505,27.866382282202476,0.6870527672236669,0.9981707480458889,25.218106,635.952870227236,0.9795302657838054,5.163241925350947,-1975.039060987802,5414.846344365945,2714.46141517598,89.99227985132664,104.03624346792648,39.9
2023-02-14,44.3,51.6,35.6,7.5,6.9,7.5,13.6,92.16225926425562,25.218106,110.039197,173.73,41.09772815169769,11.13256744515513,28.034902343657585,0.699458327051647,0.9981707480458889,25.218106,635.952870227236,0.9795302657838054,5.163241925350947,-1975.039060987802,5414.846344365945,2714.46141517598,89.99227985132664,104.03624346792648,35.7
2023-02-15,51.0,62.6,35.6,7.7,8.3,6.4,11.7,48.73059970158811,25.218106,110.039197,173.73,47.407429817685134,11.154689368867091,28.204634738495834,0.7116566222817746,0.9981707480458889,25.218106,635.952870227236,0.9795302657838054,5.163241925350947,-1975.039060987802,5414.846344365945,2714.46141517598,89.99227985132664,104.03624346792648,32.3
2023-02-16,56.4,63.5,41.0,4.7,7.8,2.3,5.8,25.84828465560293,25.218106,110.039197,173.73,52.531919422018525,11.177004132344369,28.37549283495821,0.7236440382959124,0.9981707480458889,25.218106,635.952870227236,0.9795302657838054,5.163241925350947,-1975.039060987802,5414.846344365945,2714.46141517598,89.99227985132664,104.03624346792648,39.7
2023-02-17,57.6,63.5,47.1,999.9,5.0,1.4,3.9,-50.005027032556434,25.218106,110.039197,173.73,53.757623126320944,11.199504817983529,28.5473896452328,0.7354170229639855,0.9981707480458889,25.218106,635.952870227236,0.9795302657838054,5.163241925350947,-1975.039060987802,5414.846344365945,2714.46141517598,89.99227985132664,104.03624346792648,46.9
2023-02-18,61.4,68.0,53.6,0.1,4.1,3.3,11.7,130.0632030380455,25.218106,110.039197,173.73,57.42017788039456,11.222184602031511,28.720237899715045,0.7469720876965552,0.9981707480458889,25.218106,635.952870227236,0.9795302657838054,5.163241925350947,-1975.039060987802,5414.846344365945,2714.46141517598,89.99227985132664,104.03624346792648,54.1
2023-02-19,57.3,69.8,42.8,4.1,6.4,5.6,11.7,-51.719792007672694,25.218106,110.039197,173.73,53.695050508614564,11.2450367557308,28.893950122237314,0.7583058084785624,0.9981707480458889,25.218106,635.952870227236,0.9795302657838054,5.163241925350947,-1975.039060987802,5414.846344365945,2714.46141517598,89.99227985132664,104.03624346792648,41.9
2023-02-20,60.4,73.4,44.6,2.2,6.3,4.7,7.8,82.08093990722293,25.218106,110.039197,173.73,56.71587505203851,11.268054646100367,29.068438706155565,0.7694148268839378,0.9981707480458889,25.218106,635.952870227236,0.9795302657838054,5.163241925350947,-1975.039060987802,5414.846344365945,2714.46141517598,89.99227985132664,104.03624346792648,40.1
2023-02-21,57.2,72.3,50.0,4.3,5.2,4.0,7.8,165.19840756232347,25.218106,110.039197,173.73,53.821537943331464,11.291231736363244,29.24361599117677,0.7802958510707755,0.9981707480458889,25.218106,635.952870227236,0.9795302657838054,5.163241925350947,-1975.039060987802,5414.846344365945,2714.46141517598,89.99227985132664,104.03624346792648,39.2
2023-02-22,57.2,62.6,52.5,2.0,4.5,4.0,5.8,62.546183651747185,25.218106,110.039197,173.73,53.932743560085704,11.314561586031965,29.41939434080684,0.7909456567567772,0.9981707480458889,25.218106,635.952870227236,0.9795302657838054,5.163241925350947,-1975.039060987802,5414.846344365945,2714.46141517598,89.99227985132664,104.03624346792648,39.7
2023-02-23,55.1,62.6,49.8,0.7,3.4,4.1,7.8,213.89685303921107,25.218106,110.039197,173.73,52.06049046429658,11.3380378506635,29.59568622029576,0.8013610881746766,0.9981707480458889,25.218106,635.952870227236,0.9795302657838054,5.163241925350947,-1975.039060987802,5414.846344365945,2714.46141517598,89.99227985132664,104.03624346792648,42.8
2023-02-24,49.3,61.0,37.4,7.8,6.0,4.8,7.8,47.89047430839476,25.218106,110.039197,173.73,46.67746300565566,11.361654281295495,29.772404274953185,0.8115390590073611,0.9981707480458889,25.218106,635.952870227236,0.9795302657838054,5.163241925350947,-1975.039060987802,5414.846344365945,2714.46141517598,89.99227985132664,104.03624346792648,40.2
2023-02-25,53.0,66.2,39.2,12.7,7.0,7.3,11.7,21.4,25.218106,110.039197,173.73,50.285537529127055,11.385404723575936,29.949461408704998,0.8214765533024142,0.9981707480458889,25.218106,635.952870227236,0.9795302657838054,5.163241925350947,-1975.039060987802,5414.846344365945,2714.46141517598,89.99227985132664,104.03624346792648,36.8
2023-02-26,53.3,66.2,39.2,11.0,5.9,5.2,11.7,-44.07967044329779,25.218106,110.039197,173.73,50.67623250955805,11.409283116598436,30.1267708627591,0.8311706263658079,0.9981707480458889,25.218106,635.952870227236,0.9795302657838054,5.163241925350947,-1975.039060987802,5414.846344365945,2714.46141517598,89.99227985132664,104.03624346792648,36.0
2023-02-27,55.0,69.8,41.0,5.9,5.3,1.5,3.9,-55.4770961957056,25.218106,110.039197,173.73,52.40254933583761,11.43328349145548,30.304246294246447,0.8406184056344782,0.9981707480458889,25.218106,635.952870227236,0.9795302657838054,5.163241925350947,-1975.039060987802,5414.846344365945,2714.46141517598,89.99227985132664,104.03624346792648,40.9
2023-02-28,61.3,75.2,44.6,2.4,5.1,2.2,7.8,-22.954820425657637,25.218106,110.039197,173.73,58.52821817764167,11.457399969522024,30.48180185470168,0.8498170915275278,0.9981707480458889,25.218106,635.952870227236,0.9795302657838054,5.163241925350947,-1975.039060987802,5414.846344365945,2714.46141517598,89.99227985132664,104.03624346792648,48.6
2023-03-01,62.7,74.1,49.5,5.0,5.7,4.7,9.7,-182.03017864644784,25.218106,110.039197,173.73,59.99149982351762,11.481626760481841,30.65935226824629,0.8587639582758029,0.9981707480458889,25.218106,635.952870227236,0.9795302657838054,5.163241925350947,-1975.039060987802,5414.846344365945,2714.46141517598,89.99227985132664,104.03624346792648,47.4
2023-03-02,65.1,73.9,51.8,5.1,5.0,3.5,11.7,55.137145120325826,25.218106,110.039197,173.73,62.41982301859144,11.50595816010902,30.836812909336388,0.8674563547295969,0.9981707480458889,25.218106,635.952870227236,0.9795302657838054,5.163241925350947,-1975.039060987802,5414.846344365945,2714.46141517598,89.99227985132664,104.03624346792648,47.5
2023-03-03,54.4,72.7,48.9,7.5,1.7,1.9,3.9,-37.23551736414304,25.218106,110.039197,173.73,52.27109475010332,11.53038854781691,31.0140998799365,0.8758917051442429,0.9981707480458889,25.218106,635.952870227236,0.9795302657838054,5.163241925350947,-1975.039060987802,5414.846344365945,2714.46141517598,89.99227985132664,104.03624346792648,51.4
2023-03-04,59.2,76.1,44.6,5.6,6.8,2.4,5.8,86.52810509860134,25.218106,110.039197,173.73,57.004234427668095,11.554912383986775,31.19113008598038,0.8840675099433636,0.9981707480458889,25.218106,635.952870227236,0.9795302657838054,5.163241925350947,-1975.039060987802,5414.846344365945,2714.46141517598,89.99227985132664,104.03624346792648,44.9
2023-03-05,62.1,78.8,46.4,2.4,7.4,1.7,5.8,-15.967177232707696,25.218106,110.039197,173.73,59.92403777168199,11.579524207088307,31.367821312980436,0.8919813464595485,0.9981707480458889,25.218106,635.952870227236,0.9795302657838054,5.163241925350947,-1975.039060987802,5414.846344365945,2714.46141517598,89.99227985132664,104.03624346792648,46.2
2023-03-06,62.2,77.9,51.8,0.7,4.4,1.2,5.8,8.828422130675836,25.218106,110.039197,173.73,60.148533235297215,11.604218630603963,31.54409230064738,0.8996308696522433,0.9981707480458889,25.218106,635.952870227236,0.9795302657838054,5.163241925350947,-1975.039060987802,5414.846344365945,2714.46141517598,89.99227985132664,104.03624346792648,54.1
2023-03-07,64.6,71.6,54.7,999.3,4.7,1.1,3.9,158.09481257936912,25.218106,110.039197,173.73,62.6027313290899,11.628990339769024,31.719862816383053,0.9070138128026359,0.9981707480458889,25.218106,635.952870227236,0.9795302657838054,5.163241925350947,-1975.039060987802,5414.846344365945,2714.46141517598,89.99227985132664,104.03624346792648,54.8
2023-03-08,61.2,71.4,57.2,0.4,1.8,1.4,5.8,-44.24957460255886,25.218106,110.039197,173.73,59.43455384950902,11.653834088139023,31.89505372751041,0.9141279881853337,0.9981707480458889,25.218106,635.952870227236,0.9795302657838054,5.163241925350947,-1975.039060987802,5414.846344365945,2714.46141517598,89.99227985132664,104.03624346792648,58.3
2023-03-09,66.6,83.1,51.8,998.3,6.8,2.5,5.8,61.36693192523251,25.218106,110.039197,173.73,64.81703305167854,11.678744693996133,32.06958707210649,0.9209712877166346,0.9981707480458889,25.218106,635.952870227236,0.9795302657838054,5.163241925350947,-1975.039060987802,5414.846344365945,2714.46141517598,89.99227985132664,104.03624346792648,55.1
2023-03-10,67.4,83.1,55.4,995.6,5.6,1.8,5.8,69.42218728597676,25.218106,110.039197,173.73,65.73587735560247,11.70371703660578,32.243386128306135,0.9275416835791966,0.9981707480458889,25.218106,635.952870227236,0.9795302657838054,5.163241925350947,-1975.039060987802,5414.846344365945,2714.46141517598,89.99227985132664,104.03624346792648,58.1
2023-03-11,70.0,79.5,58.8,998.3,7.5,2.7,21.4,-37.010886947531155,25.218106,110.039197,173.73,68.41768530528583,11.728746052334714,32.41637548194663,0.9338372288229252,0.9981707480458889,25.218106,635.952870227236,0.9795302657838054,5.163241925350947,-1975.039060987802,5414.846344365945,2714.46141517598,89.99227985132664,104.03624346792648,57.5
2023-03-12,61.7,78.4,53.6,6.4,8.4,8.4,25.3,36.9,25.218106,110.039197,173.73,60.43425910671498,11.753826730641487,32.588481092426555,0.9398560579418954,0.9981707480458889,25.218106,635.952870227236,0.9795302657838054,5.163241925350947,-1975.039060987802,5414.846344365945,2714.46141517598,89.99227985132664,104.03624346792648,38.1
2023-03-13,57.1,68.9,42.8,1.5,8.2,3.0,11.7,18.54230010841112,25.218106,110.039197,173.73,56.04818997317941,11.778954109950138,32.759630356654554,0.9455963874271426,0.9981707480458889,25.218106,635.952870227236,0.9795302657838054,5.163241925350947,-1975.039060987802,5414.846344365945,2714.46141517598,89.99227985132664,104.03624346792648,38.1
2023-03-14,64.5,73.4,46.4,994.5,7.4,3.7,15.5,-10.75056007648946,25.218106,110.039197,173.73,63.44716259462035,11.804123273417739,32.92975217096808,0.9510565162951535,0.9981707480458889,25.218106,635.952870227236,0.9795302657838054,5.163241925350947,-1975.039060987802,5414.846344365945,2714.46141517598,89.99227985132664,104.03624346792648,49.9
2023-03-15,65.4,72.5,50.7,997.3,3.6,1.3,3.9,70.00119342461653,25.218106,110.039197,173.73,64.4698449281039,11.829329344606219,33.09877699090534,0.9562348265919056,0.9981707480458889,25.218106,635.952870227236,0.9795302657838054,5.163241925350947,-1975.039060987802,5414.846344365945,2714.46141517598,89.99227985132664,104.03624346792648,58.9
2023-03-16,69.6,77.0,62.6,995.8,3.9,2.6,7.8,39.3948874125344,25.218106,110.039197,173.73,68.75649140179901,11.854567483068795,33.26663688871817,0.9611297838723007,0.9981707480458889,25.218106,635.952870227236,0.9795302657838054,5.163241925350947,-1975.039060987802,5414.846344365945,2714.46141517598,89.99227985132664,104.03624346792648,62.8
2023-03-17,53.7,75.9,48.2,999.1,7.9,5.3,15.5,19.4,25.218106,110.039197,173.73,53.1622521373787,11.879832879861162,33.43326560851776,0.9657399376548549,0.9981707480458889,25.218106,635.952870227236,0.9795302657838054,5.163241925350947,-1975.039060987802,5414.846344365945,2714.46141517598,89.99227985132664,104.03624346792648,48.8
2023-03-18,50.6,68.0,48.2,998.6,6.5,4.5,7.8,14.3415891407423,25.218106,110.039197,173.73,50.19992584176366,11.905120752987429,33.598598618950305,0.9700639218515071,0.9981707480458889,25.218106,635.952870227236,0.9795302657838054,5.163241925350947,-1975.039060987802,5414.846344365945,2714.46141517598,89.99227985132664,104.03624346792648,44.3
2023-03-19,49.4,52.2,47.8,994.6,3.9,3.5,5.8,76.80766005301392,25.218106,110.039197,173.73,49.11358844448848,11.930426342790723,33.762573163304275,0.9741004551724205,0.9981707480458889,25.218106,635.952870227236,0.9795302657838054,5.163241925350947,-1975.039060987802,5414.846344365945,2714.46141517598,89.99227985132664,104.03624346792648,47.5
2023-03-20,54.2,57.2,48.0,988.8,3.3,1.2,1.9,-49.23083206159882,25.218106,110.039197,173.73,54.00011449796366,11.955744907298227,33.92512830695659,0.9778483415056568,0.9981707480458889,25.218106,635.952870227236,0.9795302657838054,5.163241925350947,-1975.039060987802,5414.846344365945,2714.46141517598,89.99227985132664,104.03624346792648,52.7
2023-03-21,74.2,89.6,50.0,983.7,5.1,4.2,17.5,76.72926772873399,25.218106,110.039197,173.73,74.08296012006275,11.981071717530364,34.086204982070555,0.9813064702716093,0.9981707480458889,25.218106,635.952870227236,0.9795302657838054,5.163241925350947,-1975.039060987802,5414.846344365945,2714.46141517598,89.99227985132664,104.03624346792648,66.4
2023-03-22,73.5,93.2,57.6,984.9,7.2,6.7,13.6,111.17085570993531,25.218106,110.039197,173.73,73.53921257330049,12.006402052783754,34.24574602946411,0.9844738167520922,0.9981707480458889,25.218106,635.952870227236,0.9795302657838054,5.163241925350947,-1975.039060987802,5414.846344365945,2714.46141517598,89.99227985132664,104.03624346792648,60.3
2023-03-23,61.3,83.8,58.6,989.3,7.4,4.9,7.8,114.31150827509971,25.218106,110.039197,173.73,61.46209352570968,12.031731195897493,34.40369623757312,0.9873494423939864,0.9981707480458889,25.218106,635.952870227236,0.9795302657838054,5.163241925350947,-1975.039060987802,5414.846344365945,2714.46141517598,89.99227985132664,104.03624346792648,56.4
2023-03-24,58.5,68.0,50.9,994.8,8.5,6.7,11.7,84.6508823109453,25.218106,110.039197,173.73,58.77814033899766,12.05705442851234,34.56000237844059,0.989932495087353,0.9981707480458889,25.218106,635.952870227236,0.9795302657838054,5.163241925350947,-1975.039060987802,5414.846344365945,2714.46141517598,89.99227985132664,104.03624346792648,52.5
2023-03-25,52.8,65.5,50.7,998.0,7.7,5.3,9.7,1.584167173767387,25.218106,110.039197,173.73,53.16241491586205,12.082367026332285,34.71461324066924,0.9922222094179323,0.9981707480458889,25.218106,635.952870227236,0.9795302657838054,5.163241925350947,-1975.039060987802,5414.846344365945,2714.46141517598,89.99227985132664,104.03624346792648,48.0
2023-03-26,54.3,59.0,51.3,998.4,5.9,5.4,11.7,189.63157545700489,25.218106,110.039197,173.73,54.787180751151325,12.107664254398083,34.86747965928126,0.994217906893952,0.9981707480458889,25.218106,635.952870227236,0.9795302657838054,5.163241925350947,-1975.039060987802,5414.846344365945,2714.46141517598,89.99227985132664,104.03624346792648,47.5
2023-03-27,57.1,64.4,51.1,0.1,8.3,4.8,9.7,-6.826471451145196,25.218106,110.039197,173.73,57.732579316002216,12.132941362382253,35.01855454243625,0.995918996147179,0.9981707480458889,25.218106,635.952870227236,0.9795302657838054,5.163241925350947,-1975.039060987802,5414.846344365945,2714.46141517598,89.99227985132664,104.03624346792648,49.1
2023-03-28,56.5,64.4,52.0,999.7,5.7,3.4,5.8,43.47209918828011,25.218106,110.039197,173.73,57.24482810543397,12.158193579915178,35.16779289496462,0.9973249731081555,0.9981707480458889,25.218106,635.952870227236,0.9795302657838054,5.163241925350947,-1975.039060987802,5414.846344365945,2714.46141517598,89.99227985132664,104.03624346792648,50.4
2023-03-29,56.5,59.9,53.2,997.4,3.3,2.1,3.9,-68.70323356010522,25.218106,110.039197,173.73,57.36358419377386,12.18341611195197,35.31515183868132,0.9984354211555643,0.9981707480458889,25.218106,635.952870227236,0.9795302657838054,5.163241925350947,-1975.039060987802,5414.846344365945,2714.46141517598,89.99227985132664,104.03624346792648,54.1
2023-03-30,61.4,71.6,51.8,994.6,6.0,3.3,7.8,182.80087104985822,25.218106,110.039197,173.73,62.46735781993785,12.208604134189809,35.46059062945125,0.9992500112396835,0.9981707480458889,25.218106,635.952870227236,0.9795302657838054,5.163241925350947,-1975.039060987802,5414.846344365945,2714.46141517598,89.99227985132664,104.03624346792648,53.1
2023-03-31,66.2,75.2,54.9,993.9,7.2,2.0,7.8,57.98456563078098,25.218106,110.039197,173.73,67.48953621680997,12.233752788545614,35.60407067098555,0.9997685019798909,0.9981707480458889,25.218106,635.952870227236,0.9795302657838054,5.163241925350947,-1975.039060987802,5414.846344365945,2714.46141517598,89.99227985132664,104.03624346792648,57.2
2023-04-01,69.1,77.0,58.5,991.1,5.4,3.1,5.8,68.26615447452684,25.218106,110.039197,173.73,70.59058592070389,12.258857178704003,35.74555552535436,0.9999907397361901,0.9981707480458889,25.218106,635.952870227236,0.9795302657838054,5.163241925350947,-1975.039060987802,5414.846344365945,2714.46141517598,89.99227985132664,104.03624346792648,62.8
2023-04-02,69.1,76.6,64.0,987.1,3.4,2.6,7.8,-107.91147946291896,25.218106,110.039197,173.73,70.7348620394186,12.283912365745634,35.885010920209375,0.9999166586547379,0.9981707480458889,25.218106,635.952870227236,0.9795302657838054,5.163241925350947,-1975.039060987802,5414.846344365945,2714.46141517598,89.99227985132664,104.03624346792648,68.1
2023-04-03,74.9,77.0,66.7,984.6,5.7,8.7,15.5,23.3,25.218106,110.039197,173.73,76.82813424613083,12.308913363866086,36.0224047527165,0.9995462806873573,0.9981707480458889,25.218106,635.952870227236,0.9795302657838054,5.163241925350947,-1975.039060987802,5414.846344365945,2714.46141517598,89.99227985132664,104.03624346792648,70.9
2023-04-04,75.9,87.8,62.6,999.9,5.8,10.4,19.4,84.42133919667425,25.218106,110.039197,173.73,78.01163373643818,12.33385513619576,36.157707090206216,0.9988797155850336,0.9981707480458889,25.218106,635.952870227236,0.9795302657838054,5.163241925350947,-1975.039060987802,5414.846344365945,2714.46141517598,89.99227985132664,104.03624346792648,68.8
2023-04-05,61.9,84.2,57.9,992.7,8.1,6.6,11.7,84.44756729268394,25.218106,110.039197,173.73,63.75046228052208,12.358732590731261,36.290890167556185,0.9979171608653922,0.9981707480458889,25.218106,635.952870227236,0.9795302657838054,5.163241925350947,-1975.039060987802,5414.846344365945,2714.46141517598,89.99227985132664,104.03624346792648,53.8
2023-04-06,59.0,66.6,51.8,998.2,9.6,5.7,9.7,55.10953236373719,25.218106,110.039197,173.73,60.88574116724588,12.383540576388993,36.42192838132776,0.9966589017541702,0.9981707480458889,25.218106,635.952870227236,0.9795302657838054,5.163241925350947,-1975.039060987802,5414.846344365945,2714.46141517598,89.99227985132664,104.03624346792648,50.7
2023-04-07,65.4,73.4,55.8,0.3,9.7,6.2,13.6,-23.413444142841286,25.218106,110.039197,173.73,67.62509264159583,12.408273879191894,36.55079828068523,0.9951053111006976,0.9981707480458889,25.218106,635.952870227236,0.9795302657838054,5.163241925350947,-1975.039060987802,5414.846344365945,2714.46141517598,89.99227985132664,104.03624346792648,46.7
2023-04-08,67.5,76.1,59.0,1.4,9.1,5.3,9.7,15.442692030586336,25.218106,110.039197,173.73,69.93521560462693,12.432927218600343,36.6774785551332,0.9932568492674143,0.9981707480458889,25.218106,635.952870227236,0.9795302657838054,5.163241925350947,-1975.039060987802,5414.846344365945,2714.46141517598,89.99227985132664,104.03624346792648,49.2
2023-04-09,65.8,76.1,59.0,997.0,6.7,1.6,3.9,-87.09392852793505,25.218106,110.039197,173.73,68.30859892125855,12.45749524399852,36.80195001911438,0.9911140639934547,0.9981707480458889,25.218106,635.952870227236,0.9795302657838054,5.163241925350947,-1975.039060987802,5414.846344365945,2714.46141517598,89.99227985132664,104.03624346792648,54.9
2023-04-10,62.6,71.2,60.4,992.9,2.2,2.2,5.8,7.578362287352027,25.218106,110.039197,173.73,65.11429003853026,12.481972531347653,36.9241955935167,0.9886775902323405,0.9981707480458889,25.218106,635.952870227236,0.9795302657838054,5.163241925350947,-1975.039060987802,5414.846344365945,2714.46141517598,89.99227985132664,104.03624346792648,61.8
2023-04-11,67.0,68.0,60.6,992.2,1.5,1.0,1.9,-48.770668719588,25.218106,110.039197,173.73,69.8271408217657,12.506353580017736,37.04420028414492,0.9859481499638304,0.9981707480458889,25.218106,635.952870227236,0.9795302657838054,5.163241925350947,-1975.039060987802,5414.846344365945,2714.46141517598,89.99227985132664,104.03624346792648,66.3
2023-04-12,71.9,78.6,63.9,991.8,3.2,1.6,5.8,-19.891227444647186,25.218106,110.039197,173.73,75.07937491877563,12.53063280980956,37.16195115721835,0.9829265519799822,0.9981707480458889,25.218106,635.952870227236,0.9795302657838054,5.163241925350947,-1975.039060987802,5414.846344365945,2714.46141517598,89.99227985132664,104.03624346792648,68.7
2023-04-13,74.0,80.6,67.6,990.0,3.2,2.5,11.7,-63.18045140803274,25.218106,110.039197,173.73,77.42129477543658,12.554804558178905,37.2774373119621,0.9796136916454901,0.9981707480458889,25.218106,635.952870227236,0.9795302657838054,5.163241925350947,-1975.039060987802,5414.846344365945,2714.46141517598,89.99227985132664,104.03624346792648,69.7
2023-04-14,71.4,79.5,66.2,991.8,5.3,3.8,7.8,-44.665114775223174,25.218106,110.039197,173.73,74.8442353121665,12.57886307767504,37.390649850365314,0.9760105506323683,0.9981707480458889,25.218106,635.952870227236,0.9795302657838054,5.163241925350947,-1975.039060987802,5414.846344365945,2714.46141517598,89.99227985132664,104.03624346792648,67.9
2023-04-15,68.6,83.7,55.4,993.3,5.6,2.7,7.8,-100.7542985837161,25.218106,110.039197,173.73,72.0460211504458,12.60280253360568,37.501581844185246,0.9721181966290613,0.9981707480458889,25.218106,635.952870227236,0.9795302657838054,5.163241925350947,-1975.039060987802,5414.846344365945,2714.46141517598,89.99227985132664,104.03624346792648,58.4
2023-04-16,74.2,90.1,59.0,989.0,5.8,2.9,9.7,129.8939809493233,25.218106,110.039197,173.73,78.07458179533327,12.626617001940692,37.610228299281374,0.9679377830240642,0.9981707480458889,25.218106,635.952870227236,0.9795302657838054,5.163241925350947,-1975.039060987802,5414.846344365945,2714.46141517598,89.99227985132664,104.03624346792648,61.2
2023-04-17,72.8,90.1,63.7,988.4,2.0,1.8,5.8,19.03573603085492,25.218106,110.039197,173.73,76.74515616929948,12.650300467466948,37.71658611736902,0.9634705485641488,0.9981707480458889,25.218106,635.952870227236,0.9795302657838054,5.163241925350947,-1975.039060987802,5414.846344365945,2714.46141517598,89.99227985132664,104.03624346792648,69.6
2023-04-18,73.1,80.4,70.0,985.8,1.4,2.8,11.7,-4.32636511831647,25.218106,110.039197,173.73,77.20485022527556,12.67384682220666,37.82065405528635,0.9587178169872964,0.9981707480458889,25.218106,635.952870227236,0.9795302657838054,5.163241925350947,-1975.039060987802,5414.846344365945,2714.46141517598,89.99227985132664,104.03624346792648,71.9
2023-04-19,73.1,84.2,66.2,984.8,5.5,3.9,13.6,27.04325681982249,25.218106,110.039197,173.73,77.34741375554675,12.697249864111642,37.922432681873474,0.9536809966304457,0.9981707480458889,25.218106,635.952870227236,0.9795302657838054,5.163241925350947,-1975.039060987802,5414.846344365945,2714.46141517598,89.99227985132664,104.03624346792648,68.5
2023-04-20,77.8,87.8,67.3,984.4,6.5,2.9,3.9,37.70822889536168,25.218106,110.039197,173.73,82.47126303603079,12.72050329604588,38.02192433256636,0.9483615800121715,0.9981707480458889,25.218106,635.952870227236,0.9795302657838054,5.163241925350947,-1975.039060987802,5414.846344365945,2714.46141517598,89.99227985132664,104.03624346792648,68.5
2023-04-21,76.9,87.6,68.0,985.2,5.1,3.1,5.8,127.71440919621821,25.218106,110.039197,173.73,81.66524131314809,12.743600725068623,38.11913306181201,0.9427611433904207,0.9981707480458889,25.218106,635.952870227236,0.9795302657838054,5.163241925350947,-1975.039060987802,5414.846344365945,2714.46141517598,89.99227985132664,104.03624346792648,71.3
2023-04-22,68.1,83.1,58.8,989.1,6.8,5.3,9.7,-56.12428415700361,25.218106,110.039197,173.73,72.45008988202162,12.766535662030241,38.21406459341542,0.9368813462954315,0.9981707480458889,25.218106,635.952870227236,0.9795302657838054,5.163241925350947,-1975.039060987802,5414.846344365945,2714.46141517598,89.99227985132664,104.03624346792648,65.0
2023-04-23,55.9,75.0,51.8,995.6,8.7,6.4,9.7,-21.843626800053013,25.218106,110.039197,173.73,59.57682958762034,12.789301521492739,38.306726268931364,0.9307239310379795,0.9981707480458889,25.218106,635.952870227236,0.9795302657838054,5.163241925350947,-1975.039060987802,5414.846344365945,2714.46141517598,89.99227985132664,104.03624346792648,52.5
2023-04-24,55.4,59.0,51.8,999.9,7.1,6.2,11.7,180.28000943848085,25.218106,110.039197,173.73,59.148232988172,12.811891621986714,38.397126994217345,0.9242907221930933,0.9981707480458889,25.218106,635.952870227236,0.9795302657838054,5.163241925350947,-1975.039060987802,5414.846344365945,2714.46141517598,89.99227985132664,104.03624346792648,49.3
2023-04-25,61.1,72.0,51.8,999.0,8.6,3.4,5.8,-11.732519778598459,25.218106,110.039197,173.73,65.34797335852069,12.834299186616175,38.48527718426663,0.9175836260593937,0.9981707480458889,25.218106,635.952870227236,0.9795302657838054,5.163241925350947,-1975.039060987802,5414.846344365945,2714.46141517598,89.99227985132664,104.03624346792648,53.0
2023-04-26,71.4,82.4,54.0,994.9,9.5,4.0,7.8,17.5,25.218106,110.039197,173.73,76.49627819693242,12.856517344022256,38.57118870644228,0.9106046300942162,0.9981707480458889,25.218106,635.952870227236,0.9795302657838054,5.163241925350947,-1975.039060987802,5414.846344365945,2714.46141517598,89.99227985132664,104.03624346792648,50.0
2023-04-27,66.5,82.2,58.8,993.0,3.7,2.0,5.8,-148.63080161651044,25.218106,110.039197,173.73,71.36857101051226,12.878539129716495,38.654874822234746,0.9033558023246845,0.9981707480458889,25.218106,635.952870227236,0.9795302657838054,5.163241925350947,-1975.039060987802,5414.846344365945,2714.46141517598,89.99227985132664,104.03624346792648,60.7
2023-04-28,67.6,70.3,60.8,992.3,2.0,4.5,15.5,-65.00230748003393,25.218106,110.039197,173.73,72.6720138479047,12.900357487793736,38.73635012766785,0.895839290734909,0.9981707480458889,25.218106,635.952870227236,0.9795302657838054,5.163241925350947,-1975.039060987802,5414.846344365945,2714.46141517598,89.99227985132664,104.03624346792648,66.9
2023-04-29,63.5,73.4,53.6,997.2,7.2,6.1,15.5,-134.2170702377725,25.218106,110.039197,173.73,68.37873290313954,12.921965273034244,38.815630492478,0.8880573226294932,0.9981707480458889,25.218106,635.952870227236,0.9795302657838054,5.163241925350947,-1975.039060987802,5414.846344365945,2714.46141517598,89.99227985132664,104.03624346792648,51.8
2023-04-30,67.3,81.7,53.6,994.6,6.9,2.7,7.8,203.55332498054148,25.218106,110.039197,173.73,72.59065071283965,12.9433552534038,38.89273299819322,0.8800122039735357,0.9981707480458889,25.218106,635.952870227236,0.9795302657838054,5.163241925350947,-1975.039060987802,5414.846344365945,2714.46141517598,89.99227985132664,104.03624346792648,48.4
2023-05-01,75.9,84.4,57.0,992.9,7.5,2.9,9.7,-32.891341336434465,25.218106,110.039197,173.73,82.00058971447173,12.964520112959956,38.96767587523841,0.8717063187093218,0.9981707480458889,25.218106,635.952870227236,0.9795302657838054,5.163241925350947,-1975.039060987802,5414.846344365945,2714.46141517598,89.99227985132664,104.03624346792648,60.2
2023-05-02,73.5,84.4,61.2,991.3,3.7,3.9,11.7,133.01651841220206,25.218106,110.039197,173.73,79.53589628792636,12.985452455171652,39.04047843919369,0.8631421280499114,0.9981707480458889,25.218106,635.952870227236,0.9795302657838054,5.163241925350947,-1975.039060987802,5414.846344365945,2714.46141517598,89.99227985132664,104.03624346792648,70.6
2023-05-03,76.9,79.0,72.3,988.0,7.3,7.0,11.7,232.9509895248909,25.218106,110.039197,173.73,83.34771130267006,13.006144806658526,39.111161026332056,0.854322169749827,0.9981707480458889,25.218106,635.952870227236,0.9795302657838054,5.163241925350947,-1975.039060987802,5414.846344365945,2714.46141517598,89.99227985132664,104.03624346792648,72.1
2023-05-04,79.1,84.7,73.4,984.1,6.3,5.7,13.6,40.21028966426361,25.218106,110.039197,173.73,85.86693658743344,13.026589621355265,39.17974492856238,0.8452490573530633,0.9981707480458889,25.218106,635.952870227236,0.9795302657838054,5.163241925350947,-1975.039060987802,5414.846344365945,2714.46141517598,89.99227985132664,104.03624346792648,73.6
2023-05-05,79.0,86.2,75.2,981.4,3.9,2.6,5.8,-136.48655734709845,25.218106,110.039197,173.73,85.89129696027558,13.046779285105151,39.2462523279024,0.8359254794186372,0.9981707480458889,25.218106,635.952870227236,0.9795302657838054,5.163241925350947,-1975.039060987802,5414.846344365945,2714.46141517598,89.99227985132664,104.03624346792648,75.1
2023-05-06,75.9,89.6,66.2,984.6,8.0,7.1,15.5,25.3,25.218106,110.039197,173.73,82.64691621333775,13.066706120685808,39.31070623060561,0.8263541987239096,0.9981707480458889,25.218106,635.952870227236,0.9795302657838054,5.163241925350947,-1975.039060987802,5414.846344365945,2714.46141517598,89.99227985132664,104.03624346792648,68.9
2023-05-07,66.1,82.9,61.9,992.5,7.7,8.2,15.5,-87.42762167885064,25.218106,110.039197,173.73,72.08404618292279,13.08636239326889,39.373130401063776,0.8165380514459161,0.9981707480458889,25.218106,635.952870227236,0.9795302657838054,5.163241925350947,-1975.039060987802,5414.846344365945,2714.46141517598,89.99227985132664,104.03624346792648,58.8
2023-05-08,67.0,72.3,61.9,995.4,5.1,5.8,11.7,15.156504394029092,25.218106,110.039197,173.73,73.17371676608644,13.10574031631399,39.433549295605495,0.8064799463209448,0.9981707480458889,25.218106,635.952870227236,0.9795302657838054,5.163241925350947,-1975.039060987802,5414.846344365945,2714.46141517598,89.99227985132664,104.03624346792648,60.2
2023-05-09,66.3,72.3,64.2,993.9,2.7,3.6,5.8,-5.848006756223047,25.218106,110.039197,173.73,72.51469711987345,13.124832057895647,39.491987996308644,0.7961828637826158,0.9981707480458889,25.218106,635.952870227236,0.9795302657838054,5.163241925350947,-1975.039060987802,5414.846344365945,2714.46141517598,89.99227985132664,104.03624346792648,63.6
2023-05-10,65.7,71.1,62.6,994.8,3.2,3.2,5.8,34.97750169480309,25.218106,110.039197,173.73,71.96137286734773,13.143629747460775,39.5484721449424,0.7856498550787147,0.9981707480458889,25.218106,635.952870227236,0.9795302657838054,5.163241925350947,-1975.039060987802,5414.846344365945,2714.46141517598,89.99227985132664,104.03624346792648,64.5
2023-05-11,63.8,69.8,57.2,998.6,6.6,4.2,9.7,4.694214534867374,25.218106,110.039197,173.73,69.97863381801452,13.162125483012137,39.60302787715156,0.7748840413670407,0.9981707480458889,25.218106,635.952870227236,0.9795302657838054,5.163241925350947,-1975.039060987802,5414.846344365945,2714.46141517598,89.99227985132664,104.03624346792648,59.7
2023-05-12,70.5,78.8,62.1,997.2,8.1,3.9,9.7,139.16969517947643,25.218106,110.039197,173.73,77.43432911493225,13.180311338711872,39.655681756993154,0.7638886127905428,0.9981707480458889,25.218106,635.952870227236,0.9795302657838054,5.163241925350947,-1975.039060987802,5414.846344365945,2714.46141517598,89.99227985132664,104.03624346792648,58.4
2023-05-13,70.5,77.7,64.2,995.0,4.6,2.0,5.8,19.540521337489675,25.218106,110.039197,173.73,77.53930381577122,13.19817937289723,39.706460711931925,0.7526668275320085,0.9981707480458889,25.218106,635.952870227236,0.9795302657838054,5.163241925350947,-1975.039060987802,5414.846344365945,2714.46141517598,89.99227985132664,104.03624346792648,63.5
2023-05-14,70.6,77.0,64.4,992.1,3.0,1.0,3.9,51.10199920302846,25.218106,110.039197,173.73,77.75249562806822,13.215721636498849,39.75539196839826,0.7412220108485958,0.9981707480458889,25.218106,635.952870227236,0.9795302657838054,5.163241925350947,-1975.039060987802,5414.846344365945,2714.46141517598,89.99227985132664,104.03624346792648,66.4
2023-05-15,77.7,88.7,64.4,988.8,6.3,3.3,9.7,117.83755244472476,25.218106,110.039197,173.73,85.6832229274789,13.232930181850023,39.80250298800773,0.7295575540864875,0.9981707480458889,25.218106,635.952870227236,0.9795302657838054,5.163241925350947,-1975.039060987802,5414.846344365945,2714.46141517598,89.99227985132664,104.03624346792648,67.0
2023-05-16,77.9,88.7,69.1,985.1,5.0,5.6,13.6,-65.24268566380255,25.218106,110.039197,173.73,86.01326599157846,13.249797071873447,39.847821404538934,0.717676913675962,0.9981707480458889,25.218106,635.952870227236,0.9795302657838054,5.163241925350947,-1975.039060987802,5414.846344365945,2714.46141517598,89.99227985132664,104.03624346792648,73.2
2023-05-17,82.3,91.4,72.9,985.6,5.9,3.6,7.8,-45.91156514330052,25.218106,110.039197,173.73,90.98480618887852,13.266314389629919,39.89137496176077,0.705583610107178,0.9981707480458889,25.218106,635.952870227236,0.9795302657838054,5.163241925350947,-1975.039060987802,5414.846344365945,2714.46141517598,89.99227985132664,104.03624346792648,74.7
2023-05-18,82.8,95.0,71.6,987.9,9.3,4.1,9.7,-83.79541051159339,25.218106,110.039197,173.73,91.64907231265967,13.282474248211546,39.933191452197896,0.6932812268869777,0.9981707480458889,25.218106,635.952870227236,0.9795302657838054,5.163241925350947,-1975.039060987802,5414.846344365945,2714.46141517598,89.99227985132664,104.03624346792648,65.7
2023-05-19,80.5,94.1,75.2,987.9,7.8,3.2,5.8,-73.44761997088374,25.218106,110.039197,173.73,89.20921987310551,13.298268800959828,39.973298656917436,0.6807734094770161,0.9981707480458889,25.218106,635.952870227236,0.9795302657838054,5.163241925350947,-1975.039060987802,5414.846344365945,2714.46141517598,89.99227985132664,104.03624346792648,71.0
2023-05-20,79.3,86.9,75.2,986.8,4.2,2.4,5.8,14.846016978836328,25.218106,110.039197,173.73,87.98130308188175,13.31369025198715,40.0117242864168,0.6680638642135335,0.9981707480458889,25.218106,635.952870227236,0.9795302657838054,5.163241925350947,-1975.039060987802,5414.846344365945,2714.46141517598,89.99227985132664,104.03624346792648,75.4
2023-05-21,83.8,93.0,69.8,986.2,5.3,6.5,17.5,-15.734655640648551,25.218106,110.039197,173.73,93.0789705543965,13.328730866978022,40.04849592268748,0.6551563572090853,0.9981707480458889,25.218106,635.952870227236,0.9795302657838054,5.163241925350947,-1975.039060987802,5414.846344365945,2714.46141517598,89.99227985132664,104.03624346792648,77.0
2023-05-22,65.7,93.0,62.6,992.8,7.4,7.4,11.7,8.439965672075438,25.218106,110.039197,173.73,73.05502183873865,13.343382984244501,40.083640962525706,0.6420547132365637,0.9981707480458889,25.218106,635.952870227236,0.9795302657838054,5.163241925350947,-1975.039060987802,5414.846344365945,2714.46141517598,89.99227985132664,104.03624346792648,59.6
2023-05-23,65.5,68.9,63.5,992.6,6.7,2.8,5.8,184.52291244235403,25.218106,110.039197,173.73,72.91044635029525,13.35763902600829,40.11718656215611,0.6287628145958344,0.9981707480458889,25.218106,635.952870227236,0.9795302657838054,5.163241925350947,-1975.039060987802,5414.846344365945,2714.46141517598,89.99227985132664,104.03624346792648,59.8
2023-05-24,72.0,80.2,63.7,991.1,4.5,2.0,3.9,-70.95621549664264,25.218106,110.039197,173.73,80.22894905927998,13.371491509879998,40.149159583230144,0.6152845999633276,0.9981707480458889,25.218106,635.952870227236,0.9795302657838054,5.163241925350947,-1975.039060987802,5414.846344365945,2714.46141517598,89.99227985132664,104.03624346792648,66.7
2023-05-25,74.4,82.2,64.9,990.7,3.8,2.2,3.9,18.55496256565283,25.218106,110.039197,173.73,82.98658497512699,13.384933060504354,40.17958654025696,0.6016240632249226,0.9981707480458889,25.218106,635.952870227236,0.9795302657838054,5.163241925350947,-1975.039060987802,5414.846344365945,2714.46141517598,89.99227985132664,104.03624346792648,72.3
2023-05-26,79.6,89.8,69.4,989.6,6.3,2.8,13.6,-85.82666359109771,25.218106,110.039197,173.73,88.87311092821075,13.397956421338305,40.20849354951934,0.5877852522924732,0.9981707480458889,25.218106,635.952870227236,0.9795302657838054,5.163241925350947,-1975.039060987802,5414.846344365945,2714.46141517598,89.99227985132664,104.03624346792648,75.1
2023-05-27,80.9,91.4,74.1,988.5,6.7,3.3,11.7,-20.407674647842853,25.218106,110.039197,173.73,90.40948802850531,13.410554466527362,40.23590627952373,0.5737722679043246,0.9981707480458889,25.218106,635.952870227236,0.9795302657838054,5.163241925350947,-1975.039060987802,5414.846344365945,2714.46141517598,89.99227985132664,104.03624346792648,76.1
2023-05-28,84.2,93.2,75.2,989.3,8.0,4.3,11.7,23.37999928645867,25.218106,110.039197,173.73,94.18275349345518,13.422720212843968,40.26184990302877,0.5595892624101765,0.9981707480458889,25.218106,635.952870227236,0.9795302657838054,5.163241925350947,-1975.039060987802,5414.846344365945,2714.46141517598,89.99227985132664,104.03624346792648,75.4
2023-05-29,85.2,96.4,73.4,988.7,7.1,3.2,7.8,144.6951693419991,25.218106,110.039197,173.73,95.38457250471744,13.434446831650343,40.28634905069239,0.545240438540651,0.9981707480458889,25.218106,635.952870227236,0.9795302657838054,5.163241925350947,-1975.039060987802,5414.846344365945,2714.46141517598,89.99227985132664,104.03624346792648,75.7
2023-05-30,88.5,100.6,77.0,986.3,7.8,3.2,5.8,-9.845497038678108,25.218106,110.039197,173.73,99.1622414987462,13.445727660846943,40.30942776637406,0.5307300481619334,0.9981707480458889,25.218106,635.952870227236,0.9795302657838054,5.163241925350947,-1975.039060987802,5414.846344365945,2714.46141517598,89.99227985132664,104.03624346792648,74.8
2023-05-31,87.8,100.6,78.8,984.6,6.7,5.4,9.7,-106.03051732833215,25.218106,110.039197,173.73,98.45713631934287,13.45655621676668,40.3311094641245,0.5160623910158528,0.9981707480458889,25.218106,635.952870227236,0.9795302657838054,5.163241925350947,-1975.039060987802,5414.846344365945,2714.46141517598,89.99227985132664,104.03624346792648,74.7
2023-06-01,87.1,96.8,77.7,984.1,5.4,4.3,9.7,-7.583531707916354,25.218106,110.039197,173.73,97.74743937836148,13.466926205974028,40.351416886891435,0.5012418134457758,0.9981707480458889,25.218106,635.952870227236,0.9795302657838054,5.163241925350947,-1975.039060987802,5414.846344365945,2714.46141517598,89.99227985132664,104.03624346792648,76.1
2023-06-02,84.8,96.1,75.2,986.0,6.0,4.3,7.8,-70.97841428260897,25.218106,110.039197,173.73,95.23627619428862,13.476831536927635,40.37037206696663,0.48627270710868997,0.9981707480458889,25.218106,635.952870227236,0.9795302657838054,5.163241925350947,-1975.039060987802,5414.846344365945,2714.46141517598,89.99227985132664,104.03624346792648,77.2
2023-06-03,85.6,97.2,77.0,987.4,6.5,2.3,9.7,-44.48461324192674,25.218106,110.039197,173.73,96.20203316444545,13.486266331464316,40.387996288195836,0.4711595076738638,0.9981707480458889,25.218106,635.952870227236,0.9795302657838054,5.163241925350947,-1975.039060987802,5414.846344365945,2714.46141517598,89.99227985132664,104.03624346792648,77.0
2023-06-04,84.1,97.2,76.1,987.7,6.2,2.8,7.8,38.85827311999822,25.218106,110.039197,173.73,94.57903476023634,13.495224936062261,40.40431004997039,0.4559066935084588,0.9981707480458889,25.218106,635.952870227236,0.9795302657838054,5.163241925350947,-1975.039060987802,5414.846344365945,2714.46141517598,89.99227985132664,104.03624346792648,77.6
2023-06-05,81.2,94.1,75.2,988.7,6.0,3.5,7.8,-105.97087843308506,25.218106,110.039197,173.73,91.37504974555779,13.503701932841052,40.41933303301577,0.440518784350495,0.9981707480458889,25.218106,635.952870227236,0.9795302657838054,5.163241925350947,-1975.039060987802,5414.846344365945,2714.46141517598,89.99227985132664,104.03624346792648,76.2
2023-06-06,81.7,93.2,75.2,989.1,7.1,4.8,9.7,9.997056246026709,25.218106,110.039197,173.73,91.99210405632896,13.511692150256394,40.43308406699025,0.42500033996955416,0.9981707480458889,25.218106,635.952870227236,0.9795302657838054,5.163241925350947,-1975.039060987802,5414.846344365945,2714.46141517598,89.99227985132664,104.03624346792648,73.3
2023-06-07,81.9,91.8,76.1,988.5,7.1,3.2,9.7,38.838565595161676,25.218106,110.039197,173.73,92.26847634628119,13.519190673447792,40.44558109990371,0.4093559588156213,0.9981707480458889,25.218106,635.952870227236,0.9795302657838054,5.163241925350947,-1975.039060987802,5414.846344365945,2714.46141517598,89.99227985132664,104.03624346792648,75.1
2023-06-08,83.2,93.2,76.6,986.7,7.3,3.4,5.8,-2.7476276850204098,25.218106,110.039197,173.73,93.78160378910715,13.526192854198147,40.45684116936474,0.39359027665646673,0.9981707480458889,25.218106,635.952870227236,0.9795302657838054,5.163241925350947,-1975.039060987802,5414.846344365945,2714.46141517598,89.99227985132664,104.03624346792648,75.8
2023-06-09,78.5,91.9,75.2,985.1,6.2,2.9,9.7,-150.79663535795135,25.218106,110.039197,173.73,88.52637534637597,13.532694320465115,40.46688037566186,0.3777079652039649,0.9981707480458889,25.218106,635.952870227236,0.9795302657838054,5.163241925350947,-1975.039060987802,5414.846344365945,2714.46141517598,89.99227985132664,104.03624346792648,75.5
2023-06-10,82.8,94.8,75.2,983.2,7.8,2.2,3.9,188.59142317247304,25.218106,110.039197,173.73,93.4169677995721,13.538690985445234,40.47571385668304,0.36171373072976765,0.9981707480458889,25.218106,635.952870227236,0.9795302657838054,5.163241925350947,-1975.039060987802,5414.846344365945,2714.46141517598,89.99227985132664,104.03624346792648,73.9
2023-06-11,84.6,97.7,75.2,983.1,6.9,2.6,3.9,-16.18837366823397,25.218106,110.039197,173.73,95.48646234573945,13.544179056133256,40.483355764675814,0.3456123126707335,0.9981707480458889,25.218106,635.952870227236,0.9795302657838054,5.163241925350947,-1975.039060987802,5414.846344365945,2714.46141517598,89.99227985132664,104.03624346792648,72.6
2023-06-12,83.1,97.7,73.4,983.5,7.4,3.9,11.7,80.56232353407705,25.218106,110.039197,173.73,93.82789866128482,13.54915504134077,40.48981924484924,0.3294084822245304,0.9981707480458889,25.218106,635.952870227236,0.9795302657838054,5.163241925350947,-1975.039060987802,5414.846344365945,2714.46141517598,89.99227985132664,104.03624346792648,70.9
2023-06-13,74.3,95.4,71.6,986.2,7.0,4.3,7.8,-18.51346561015728,25.218106,110.039197,173.73,83.91947090867548,13.553615759140051,40.49511641581745,0.3131070409358269,0.9981707480458889,25.218106,635.952870227236,0.9795302657838054,5.163241925350947,-1975.039060987802,5414.846344365945,2714.46141517598,89.99227985132664,104.03624346792648,70.4
2023-06-14,80.5,89.6,71.6,987.4,8.0,5.4,11.7,13.46755460734887,25.218106,110.039197,173.73,90.94862055566237,13.557558343701222,40.49925835188379,0.29671281927349075,0.9981707480458889,25.218106,635.952870227236,0.9795302657838054,5.163241925350947,-1975.039060987802,5414.846344365945,2714.46141517598,89.99227985132664,104.03624346792648,69.9
2023-06-15,83.6,91.4,77.0,999.9,6.2,3.5,7.8,-8.790852850464102,25.218106,110.039197,173.73,94.47482908540219,13.560980251493138,40.50225506716379,0.28023067519921585,0.9981707480458889,25.218106,635.952870227236,0.9795302657838054,5.163241925350947,-1975.039060987802,5414.846344365945,2714.46141517598,89.99227985132664,104.03624346792648,71.9
2023-06-16,81.5,89.6,77.0,999.9,5.8,2.7,7.8,-18.633596784982938,25.218106,110.039197,173.73,92.12134668715849,13.563879266820882,40.50411550154437,0.26366549272800704,0.9981707480458889,25.218106,635.952870227236,0.9795302657838054,5.163241925350947,-1975.039060987802,5414.846344365945,2714.46141517598,89.99227985132664,104.03624346792648,76.8
2023-06-17,80.7,86.0,77.0,999.9,5.4,2.6,7.8,-149.66124877862228,25.218106,110.039197,173.73,91.2330548323932,13.566253506675567,40.5048475084768,0.24702218048093552,0.9981707480458889,25.218106,635.952870227236,0.9795302657838054,5.163241925350947,-1975.039060987802,5414.846344365945,2714.46141517598,89.99227985132664,104.03624346792648,77.5
2023-06-18,81.7,87.8,77.0,999.9,5.6,4.8,11.7,-11.316958864608612,25.218106,110.039197,173.73,92.37615720102353,13.568101424874936,40.50445784460002,0.23030567023061221,0.9981707480458889,25.218106,635.952870227236,0.9795302657838054,5.163241925350947,-1975.039060987802,5414.846344365945,2714.46141517598,89.99227985132664,104.03624346792648,78.0
2023-06-19,82.1,91.4,77.0,999.9,4.9,4.9,13.6,118.70645297647229,25.218106,110.039197,173.73,92.83746092088407,13.569421815476357,40.50295216119158,0.21352091543979612,0.9981707480458889,25.218106,635.952870227236,0.9795302657838054,5.163241925350947,-1975.039060987802,5414.846344365945,2714.46141517598,89.99227985132664,104.03624346792648,78.4
2023-06-20,81.2,89.6,77.0,999.9,5.1,2.8,5.8,52.94558503601681,25.218106,110.039197,173.73,91.82511348452417,13.570213815446921,40.500334997442856,0.19667288979357647,0.9981707480458889,25.218106,635.952870227236,0.9795302657838054,5.163241925350947,-1975.039060987802,5414.846344365945,2714.46141517598,89.99227985132664,104.03624346792648,78.8
2023-06-21,81.2,89.6,75.2,999.9,4.7,3.6,9.7,19.4,25.218106,110.039197,173.73,91.82689373451583,13.570476906578694,40.496609775555655,0.1797665857255624,0.9981707480458889,25.218106,635.952870227236,0.9795302657838054,5.163241925350947,-1975.039060987802,5414.846344365945,2714.46141517598,89.99227985132664,104.03624346792648,78.4
2023-06-22,76.5,89.6,74.8,986.2,4.6,3.1,9.7,-68.44641364751065,25.218106,110.039197,173.73,86.51009459358303,13.570210916640477,40.49177879765763,0.16280701293851715,0.9981707480458889,25.218106,635.952870227236,0.9795302657838054,5.163241925350947,-1975.039060987802,5414.846344365945,2714.46141517598,89.99227985132664,104.03624346792648,75.4
2023-06-23,76.4,81.5,73.4,986.3,5.9,3.3,7.8,33.27356024185707,25.218106,110.039197,173.73,86.39194865914446,13.569416019760908,40.4858432445338,0.1457991969198751,0.9981707480458889,25.218106,635.952870227236,0.9795302657838054,5.163241925350947,-1975.039060987802,5414.846344365945,2714.46141517598,89.99227985132664,104.03624346792648,74.3
2023-06-24,74.7,81.5,72.7,987.0,4.0,2.2,3.9,111.55315707287154,25.218106,110.039197,173.73,84.46137728185607,13.568092736041136,40.47880317617223,0.12874817745258132,0.9981707480458889,25.218106,635.952870227236,0.9795302657838054,5.163241925350947,-1975.039060987802,5414.846344365945,2714.46141517598,89.99227985132664,104.03624346792648,73.3
2023-06-25,76.1,80.6,72.7,988.4,4.7,2.6,7.8,56.37557849532124,25.218106,110.039197,173.73,86.03258424194618,13.566241930398872,40.47065753412214,0.11165900712169512,0.9981707480458889,25.218106,635.952870227236,0.9795302657838054,5.163241925350947,-1975.039060987802,5414.846344365945,2714.46141517598,89.99227985132664,104.03624346792648,74.5
2023-06-26,76.6,85.3,73.4,989.5,5.2,2.3,7.8,-69.909092573537,25.218106,110.039197,173.73,86.58267037464255,13.563864810648965,40.46140414566271,0.09453674981719912,0.9981707480458889,25.218106,635.952870227236,0.9795302657838054,5.163241925350947,-1975.039060987802,5414.846344365945,2714.46141517598,89.99227985132664,104.03624346792648,74.9
2023-06-27,81.5,91.4,73.9,989.6,8.1,4.1,15.5,25.3,25.218106,110.039197,173.73,92.10153986446497,13.560962924829196,40.45103972978178,0.07738647923346301,0.9981707480458889,25.218106,635.952870227236,0.9795302657838054,5.163241925350947,-1975.039060987802,5414.846344365945,2714.46141517598,89.99227985132664,104.03624346792648,75.1
2023-06-28,84.5,93.2,76.8,988.2,9.3,5.6,13.6,110.7080661596593,25.218106,110.039197,173.73,95.4676645277238,13.557538157783261,40.43955990496326,0.06021327736579302,0.9981707480458889,25.218106,635.952870227236,0.9795302657838054,5.163241925350947,-1975.039060987802,5414.846344365945,2714.46141517598,89.99227985132664,104.03624346792648,75.5
2023-06-29,85.5,93.2,78.8,985.4,8.9,4.9,13.6,-22.392046093405945,25.218106,110.039197,173.73,96.56934817999056,13.553592727016218,40.426959198782754,0.04302223300453059,0.9981707480458889,25.218106,635.952870227236,0.9795302657838054,5.163241925350947,-1975.039060987802,5414.846344365945,2714.46141517598,89.99227985132664,104.03624346792648,76.8
2023-06-30,85.0,92.7,78.8,984.0,7.2,3.9,11.7,8.191979160491998,25.218106,110.039197,173.73,95.97299834303954,13.549129177840877,40.413231059310526,0.02581844022713308,0.9981707480458889,25.218106,635.952870227236,0.9795302657838054,5.163241925350947,-1975.039060987802,5414.846344365945,2714.46141517598,89.99227985132664,104.03624346792648,78.3
2023-07-01,87.5,95.4,80.6,985.0,9.5,4.6,11.7,23.470735114510937,25.218106,110.039197,173.73,98.75942983839171,13.544150377836578,40.39836786832166,0.008606996888688698,0.9981707480458889,25.218106,635.952870227236,0.9795302657838054,5.163241925350947,-1975.039060987802,5414.846344365945,2714.46141517598,89.99227985132664,104.03624346792648,78.5
2023-07-02,87.4,96.4,78.8,985.9,10.1,5.3,9.7,15.5,25.218106,110.039197,173.73,98.60657010252933,13.538659510644758,40.382360956311835,-0.008606996888688009,0.9981707480458889,25.218106,635.952870227236,0.9795302657838054,5.163241925350947,-1975.039060987802,5414.846344365945,2714.46141517598,89.99227985132664,104.03624346792648,77.8
2023-07-03,86.7,96.4,78.8,986.1,9.6,6.2,13.6,104.72538296585898,25.218106,110.039197,173.73,97.77346899945253,13.53266006912838,40.36520061931853,-0.02581844022713239,0.9981707480458889,25.218106,635.952870227236,0.9795302657838054,5.163241925350947,-1975.039060987802,5414.846344365945,2714.46141517598,89.99227985132664,104.03624346792648,76.5
2023-07-04,83.6,94.5,78.6,986.9,9.7,4.8,17.5,144.42705250151724,25.218106,110.039197,173.73,94.23221907387634,13.526155847924835,40.346876137545365,-0.04302223300453034,0.9981707480458889,25.218106,635.952870227236,0.9795302657838054,5.163241925350947,-1975.039060987802,5414.846344365945,2714.46141517598,89.99227985132664,104.03624346792648,77.3
2023-07-05,86.2,93.7,80.2,985.9,10.4,7.9,15.5,142.287228120259,25.218106,110.039197,173.73,97.11256755279777,13.519150935424284,40.32737579578791,-0.060213277365792774,0.9981707480458889,25.218106,635.952870227236,0.9795302657838054,5.163241925350947,-1975.039060987802,5414.846344365945,2714.46141517598,89.99227985132664,104.03624346792648,76.1
2023-07-06,87.9,95.0,82.4,985.5,8.3,9.4,15.5,23.3,25.218106,110.039197,173.73,98.97283409064453,13.511649705207441,40.30668690565766,-0.07738647923346322,0.9981707480458889,25.218106,635.952870227236,0.9795302657838054,5.163241925350947,-1975.039060987802,5414.846344365945,2714.46141517598,89.99227985132664,104.03624346792648,75.6
2023-07-07,87.3,94.1,82.4,986.5,9.5,7.3,13.6,-174.51743263919576,25.218106,110.039197,173.73,98.23910327077061,13.50365680697878,40.28479582960032,-0.09453674981719933,0.9981707480458889,25.218106,635.952870227236,0.9795302657838054,5.163241925350947,-1975.039060987802,5414.846344365945,2714.46141517598,89.99227985132664,104.03624346792648,77.2
2023-07-08,85.9,92.5,78.8,988.0,10.3,5.8,13.6,135.12777344328222,25.218106,110.039197,173.73,96.60297648242609,13.495177157032746,40.26168800670309,-0.11165900712169444,0.9981707480458889,25.218106,635.952870227236,0.9795302657838054,5.163241925350947,-1975.039060987802,5414.846344365945,2714.46141517598,89.99227985132664,104.03624346792648,77.3
2023-07-09,87.0,97.2,77.0,988.0,10.3,5.6,13.6,-109.75599195353561,25.218106,110.039197,173.73,97.77506548011623,13.486215928291895,40.23734798028415,-0.12874817745258066,0.9981707480458889,25.218106,635.952870227236,0.9795302657838054,5.163241925350947,-1975.039060987802,5414.846344365945,2714.46141517598,89.99227985132664,104.03624346792648,75.0
2023-07-10,87.9,97.2,80.6,986.5,10.3,7.4,13.6,-29.54796977977919,25.218106,110.039197,173.73,98.71740280518662,13.476778539957218,40.21175942725633,-0.14579919691987442,0.9981707480458889,25.218106,635.952870227236,0.9795302657838054,5.163241925350947,-1975.039060987802,5414.846344365945,2714.46141517598,89.99227985132664,104.03624346792648,75.9
2023-07-11,88.5,97.0,82.4,986.2,10.2,8.2,15.5,25.992440740711466,25.218106,110.039197,173.73,99.31817102023574,13.466870646811625,40.184905189254394,-0.16280701293851646,0.9981707480458889,25.218106,635.952870227236,0.9795302657838054,5.163241925350947,-1975.039060987802,5414.846344365945,2714.46141517598,89.99227985132664,104.03624346792648,75.2
2023-07-12,88.7,97.0,80.6,986.0,10.3,7.0,13.6,16.57420789687317,25.218106,110.039197,173.73,99.46594866441401,13.456498128218355,40.15676730551371,-0.17976658572556214,0.9981707480458889,25.218106,635.952870227236,0.9795302657838054,5.163241925350947,-1975.039060987802,5414.846344365945,2714.46141517598,89.99227985132664,104.03624346792648,75.7
2023-07-13,87.3,96.8,78.8,985.4,9.9,5.3,13.6,41.598505577667325,25.218106,110.039197,173.73,97.81722798413078,13.445667076856465,40.12732704748601,-0.19667288979357622,0.9981707480458889,25.218106,635.952870227236,0.9795302657838054,5.163241925350947,-1975.039060987802,5414.846344365945,2714.46141517598,89.99227985132664,104.03624346792648,76.2
2023-07-14,87.6,96.8,78.8,984.8,8.6,3.7,7.8,10.28631217739223,25.218106,110.039197,173.73,98.07100164682072,13.434383787235717,40.09656495517459,-0.2135209154397959,0.9981707480458889,25.218106,635.952870227236,0.9795302657838054,5.163241925350947,-1975.039060987802,5414.846344365945,2714.46141517598,89.99227985132664,104.03624346792648,77.0
2023-07-15,87.4,97.3,77.0,983.4,9.2,4.5,11.7,140.19533402363206,25.218106,110.039197,173.73,97.76166871904138,13.42265474403314,40.06446087516964,-0.23030567023061196,0.9981707480458889,25.218106,635.952870227236,0.9795302657838054,5.163241925350947,-1975.039060987802,5414.846344365945,2714.46141517598,89.99227985132664,104.03624346792648,75.5
2023-07-16,88.3,100.4,77.0,982.5,9.9,6.6,13.6,-36.51947723863209,25.218106,110.039197,173.73,98.6788306407412,13.410486610293253,40.03099400036051,-0.24702218048093527,0.9981707480458889,25.218106,635.952870227236,0.9795302657838054,5.163241925350947,-1975.039060987802,5414.846344365945,2714.46141517598,89.99227985132664,104.03624346792648,68.9
2023-07-17,82.7,99.3,73.4,983.4,7.6,8.4,19.4,-21.96884616462223,25.218106,110.039197,173.73,92.3337658353847,13.39788621553345,39.99614291129939,-0.2636654927280072,0.9981707480458889,25.218106,635.952870227236,0.9795302657838054,5.163241925350947,-1975.039060987802,5414.846344365945,2714.46141517598,89.99227985132664,104.03624346792648,72.0
2023-07-18,79.4,89.8,75.9,985.4,6.1,4.7,11.7,133.12850068195152,25.218106,110.039197,173.73,88.56316059811273,13.384860543795373,39.959885619187155,-0.2802306751992161,0.9981707480458889,25.218106,635.952870227236,0.9795302657838054,5.163241925350947,-1975.039060987802,5414.846344365945,2714.46141517598,89.99227985132664,104.03624346792648,77.4
2023-07-19,82.7,92.5,77.0,988.0,8.5,3.4,13.6,-95.97607486425444,25.218106,110.039197,173.73,92.15134690692558,13.371416721682069,39.922199610448764,-0.2967128192734901,0.9981707480458889,25.218106,635.952870227236,0.9795302657838054,5.163241925350947,-1975.039060987802,5414.846344365945,2714.46141517598,89.99227985132664,104.03624346792648,76.8
2023-07-20,82.7,93.6,77.0,988.7,7.7,3.1,15.5,43.585544136671224,25.218106,110.039197,173.73,92.05586482757701,13.35756200641988,39.88306189286221,-0.3131070409358267,0.9981707480458889,25.218106,635.952870227236,0.9795302657838054,5.163241925350947,-1975.039060987802,5414.846344365945,2714.46141517598,89.99227985132664,104.03624346792648,77.2
2023-07-21,85.7,95.4,78.8,989.8,9.0,3.0,5.8,51.50553607713628,25.218106,110.039197,173.73,95.29342778585854,13.343303773982525,39.84244904320119,-0.3294084822245302,0.9981707480458889,25.218106,635.952870227236,0.9795302657838054,5.163241925350947,-1975.039060987802,5414.846344365945,2714.46141517598,89.99227985132664,104.03624346792648,78.0
2023-07-22,87.7,97.2,78.8,989.7,10.1,4.9,11.7,19.522805689336018,25.218106,110.039197,173.73,97.41021348261722,13.328649507313646,39.80033725634768,-0.3456123126707333,0.9981707480458889,25.218106,635.952870227236,0.9795302657838054,5.163241925350947,-1975.039060987802,5414.846344365945,2714.46141517598,89.99227985132664,104.03624346792648,77.2
2023-07-23,87.1,97.2,77.0,988.3,9.1,5.3,13.6,60.93008504641673,25.218106,110.039197,173.73,96.63459591215322,13.313606784682419,39.756702395827226,-0.3617137307297674,0.9981707480458889,25.218106,635.952870227236,0.9795302657838054,5.163241925350947,-1975.039060987802,5414.846344365945,2714.46141517598,89.99227985132664,104.03624346792648,76.8
2023-07-24,88.3,98.6,78.8,987.1,8.7,4.4,9.7,-60.163926421044394,25.218106,110.039197,173.73,97.85246521521043,13.298183268205268,39.71152004571491,-0.37770796520396466,0.9981707480458889,25.218106,635.952870227236,0.9795302657838054,5.163241925350947,-1975.039060987802,5414.846344365945,2714.46141517598,89.99227985132664,104.03624346792648,76.4
2023-07-25,87.3,98.6,78.8,986.5,9.2,4.4,9.7,101.71595559093234,25.218106,110.039197,173.73,96.62936318841003,13.282386692564954,39.664765563856996,-0.39359027665646645,0.9981707480458889,25.218106,635.952870227236,0.9795302657838054,5.163241925350947,-1975.039060987802,5414.846344365945,2714.46141517598,89.99227985132664,104.03624346792648,76.3
2023-07-26,87.0,100.4,77.0,984.8,8.5,4.0,13.6,-67.91741768444597,25.218106,110.039197,173.73,96.1801301911844,13.26622485395647,39.61641413634816,-0.4093559588156211,0.9981707480458889,25.218106,635.952870227236,0.9795302657838054,5.163241925350947,-1975.039060987802,5414.846344365945,2714.46141517598,89.99227985132664,104.03624346792648,76.3
2023-07-27,90.3,100.8,78.8,981.4,10.1,6.4,11.7,-1.727080753485712,25.218106,110.039197,173.73,99.7040346346365,13.249705599287243,39.56644083320078,-0.42500033996955394,0.9981707480458889,25.218106,635.952870227236,0.9795302657838054,5.163241925350947,-1975.039060987802,5414.846344365945,2714.46141517598,89.99227985132664,104.03624346792648,74.5
2023-07-28,86.5,101.8,77.0,980.2,8.7,4.4,21.4,-90.20768014614178,25.218106,110.039197,173.73,95.38669871286288,13.232836815657278,39.51482066513847,-0.4405187843504952,0.9981707480458889,25.218106,635.952870227236,0.9795302657838054,5.163241925350947,-1975.039060987802,5414.846344365945,2714.46141517598,89.99227985132664,104.03624346792648,75.8
2023-07-29,86.8,101.8,77.0,982.3,8.3,3.9,9.7,26.02459163570085,25.218106,110.039197,173.73,95.5930311056993,13.21562642014276,39.46152864144201,-0.455906693508459,0.9981707480458889,25.218106,635.952870227236,0.9795302657838054,5.163241925350947,-1975.039060987802,5414.846344365945,2714.46141517598,89.99227985132664,104.03624346792648,77.0
2023-07-30,79.8,99.0,77.0,985.3,6.0,2.0,5.8,50.2184730089068,25.218106,110.039197,173.73,87.76724762686634,13.198082349904713,39.40653982877167,-0.47115950767386394,0.9981707480458889,25.218106,635.952870227236,0.9795302657838054,5.163241925350947,-1975.039060987802,5414.846344365945,2714.46141517598,89.99227985132664,104.03624346792648,77.5
2023-07-31,82.3,95.0,75.2,986.2,8.3,2.5,5.8,140.37884017706855,25.218106,110.039197,173.73,90.39429109020456,13.180212552642221,39.349829410886294,-0.4862727071086902,0.9981707480458889,25.218106,635.952870227236,0.9795302657838054,5.163241925350947,-1975.039060987802,5414.846344365945,2714.46141517598,89.99227985132664,104.03624346792648,77.1
2023-08-01,82.0,92.7,77.0,985.2,6.4,3.2,9.7,68.35577978310619,25.218106,110.039197,173.73,89.94050401228601,13.16202497740771,39.29137274917546,-0.5012418134457756,0.9981707480458889,25.218106,635.952870227236,0.9795302657838054,5.163241925350947,-1975.039060987802,5414.846344365945,2714.46141517598,89.99227985132664,104.03624346792648,76.9
2023-08-02,81.7,91.6,77.0,984.7,6.6,2.8,9.7,24.55628798635727,25.218106,110.039197,173.73,89.48551684382032,13.143527565799802,39.231145443917214,-0.5160623910158526,0.9981707480458889,25.218106,635.952870227236,0.9795302657838054,5.163241925350947,-1975.039060987802,5414.846344365945,2714.46141517598,89.99227985132664,104.03624346792648,77.1
2023-08-03,85.9,96.8,77.0,983.6,8.4,3.3,11.7,138.87104724003575,25.218106,110.039197,173.73,93.9511796767253,13.12472824354719,39.16912339617057,-0.5307300481619331,0.9981707480458889,25.218106,635.952870227236,0.9795302657838054,5.163241925350947,-1975.039060987802,5414.846344365945,2714.46141517598,89.99227985132664,104.03624346792648,76.7
2023-08-04,89.3,98.6,80.4,984.0,8.6,3.5,7.8,9.875556801699187,25.218106,110.039197,173.73,97.52776647381816,13.105634912495162,39.105282870208065,-0.5452404385406507,0.9981707480458889,25.218106,635.952870227236,0.9795302657838054,5.163241925350947,-1975.039060987802,5414.846344365945,2714.46141517598,89.99227985132664,104.03624346792648,77.2
2023-08-05,86.4,97.2,78.8,983.0,10.3,4.8,15.5,34.32447033541243,25.218106,110.039197,173.73,94.22103918963126,13.08625544300434,39.03960055639097,-0.5595892624101763,0.9981707480458889,25.218106,635.952870227236,0.9795302657838054,5.163241925350947,-1975.039060987802,5414.846344365945,2714.46141517598,89.99227985132664,104.03624346792648,77.3
2023-08-06,85.6,95.4,77.0,981.1,10.3,3.8,9.7,36.380614779084894,25.218106,110.039197,173.73,93.2083966896226,13.066597666769525,38.97205363438579,-0.5737722679043243,0.9981707480458889,25.218106,635.952870227236,0.9795302657838054,5.163241925350947,-1975.039060987802,5414.846344365945,2714.46141517598,89.99227985132664,104.03624346792648,76.2
2023-08-07,85.4,93.2,78.8,981.5,9.9,3.9,9.7,-1.8668688610716409,25.218106,110.039197,173.73,92.84879701695994,13.046669370064626,38.90261983661893,-0.5877852522924734,0.9981707480458889,25.218106,635.952870227236,0.9795302657838054,5.163241925350947,-1975.039060987802,5414.846344365945,2714.46141517598,89.99227985132664,104.03624346792648,77.2
2023-08-08,85.8,95.9,78.8,983.6,10.0,3.1,9.7,96.6538019587929,25.218106,110.039197,173.73,93.13931975503881,13.026478287418017,38.83127751186226,-0.6016240632249227,0.9981707480458889,25.218106,635.952870227236,0.9795302657838054,5.163241925350947,-1975.039060987802,5414.846344365945,2714.46141517598,89.99227985132664,104.03624346792648,76.3
2023-08-09,85.1,96.8,78.8,985.6,8.9,3.8,9.7,19.4,25.218106,110.039197,173.73,92.23444427882137,13.006032095720995,38.75800568884139,-0.6152845999633277,0.9981707480458889,25.218106,635.952870227236,0.9795302657838054,5.163241925350947,-1975.039060987802,5414.846344365945,2714.46141517598,89.99227985132664,104.03624346792648,76.7
2023-08-10,84.9,98.8,75.2,985.3,8.5,3.8,15.5,-51.30718835742218,25.218106,110.039197,173.73,91.87126924205124,12.985338408770494,38.68278413975491,-0.6287628145958345,0.9981707480458889,25.218106,635.952870227236,0.9795302657838054,5.163241925350947,-1975.039060987802,5414.846344365945,2714.46141517598,89.99227985132664,104.03624346792648,76.6
2023-08-11,84.2,98.8,77.0,983.4,8.0,3.0,7.8,26.559317372784736,25.218106,110.039197,173.73,90.96690681859056,12.964404772245684,38.60559344359168,-0.6420547132365636,0.9981707480458889,25.218106,635.952870227236,0.9795302657838054,5.163241925350947,-1975.039060987802,5414.846344365945,2714.46141517598,89.99227985132664,104.03624346792648,78.3
2023-08-12,86.3,96.8,78.3,982.7,7.9,3.1,7.8,62.23551770512215,25.218106,110.039197,173.73,93.08345802348171,12.943238659116808,38.52641504913149,-0.655156357209085,0.9981707480458889,25.218106,635.952870227236,0.9795302657838054,5.163241925350947,-1975.039060987802,5414.846344365945,2714.46141517598,89.99227985132664,104.03624346792648,76.3
2023-08-13,86.1,96.4,77.0,983.5,7.3,4.3,9.7,121.85242660472987,25.218106,110.039197,173.73,92.7142555648417,12.921847465483165,38.44523133751234,-0.6680638642135333,0.9981707480458889,25.218106,635.952870227236,0.9795302657838054,5.163241925350947,-1975.039060987802,5414.846344365945,2714.46141517598,89.99227985132664,104.03624346792648,77.1
2023-08-14,83.5,96.1,77.0,985.7,9.1,3.7,7.8,112.6068775827789,25.218106,110.039197,173.73,89.76415961006796,12.900238506836114,38.36202568424753,-0.6807734094770159,0.9981707480458889,25.218106,635.952870227236,0.9795302657838054,5.163241925350947,-1975.039060987802,5414.846344365945,2714.46141517598,89.99227985132664,104.03624346792648,75.6
2023-08-15,83.5,94.5,77.0,987.1,8.9,4.2,17.5,24.972064285133627,25.218106,110.039197,173.73,89.61233231091127,12.878419014741741,38.27678252057387,-0.6932812268869771,0.9981707480458889,25.218106,635.952870227236,0.9795302657838054,5.163241925350947,-1975.039060987802,5414.846344365945,2714.46141517598,89.99227985132664,104.03624346792648,76.7
2023-08-16,84.9,94.5,77.0,986.9,8.1,2.5,5.8,42.407944474487564,25.218106,110.039197,173.73,90.9590026476032,12.856396133936846,38.18948739401241,-0.7055836101071774,0.9981707480458889,25.218106,635.952870227236,0.9795302657838054,5.163241925350947,-1975.039060987802,5414.846344365945,2714.46141517598,89.99227985132664,104.03624346792648,77.9
2023-08-17,84.6,95.0,77.0,985.6,8.8,4.1,7.8,-6.476652211580554,25.218106,110.039197,173.73,90.48094728480893,12.834176919831057,38.10012702802286,-0.7176769136759615,0.9981707480458889,25.218106,635.952870227236,0.9795302657838054,5.163241925350947,-1975.039060987802,5414.846344365945,2714.46141517598,89.99227985132664,104.03624346792648,78.5
2023-08-18,83.9,98.1,77.0,985.5,7.4,3.1,9.7,10.280290049167236,25.218106,110.039197,173.73,89.57561361871143,12.811768336406878,38.00868938063248,-0.7295575540864876,0.9981707480458889,25.218106,635.952870227236,0.9795302657838054,5.163241925350947,-1975.039060987802,5414.846344365945,2714.46141517598,89.99227985132664,104.03624346792648,78.2
2023-08-19,86.6,100.4,77.0,986.1,8.0,3.4,7.8,121.73767919877045,25.218106,110.039197,173.73,92.29522918670571,12.789177254508877,37.91516370192126,-0.7412220108485957,0.9981707480458889,25.218106,635.952870227236,0.9795302657838054,5.163241925350947,-1975.039060987802,5414.846344365945,2714.46141517598,89.99227985132664,104.03624346792648,76.1
2023-08-20,82.3,100.4,77.0,987.9,7.3,3.3,7.8,15.5,25.218106,110.039197,173.73,87.55629833976472,12.766410450512474,37.81954059024545,-0.7526668275320083,0.9981707480458889,25.218106,635.952870227236,0.9795302657838054,5.163241925350947,-1975.039060987802,5414.846344365945,2714.46141517598,89.99227985132664,104.03624346792648,77.0
2023-08-21,80.9,92.5,77.0,987.8,7.0,2.6,3.9,132.19390872109946,25.218106,110.039197,173.73,85.91225796448362,12.743474605362215,37.721812047083006,-0.7638886127905429,0.9981707480458889,25.218106,635.952870227236,0.9795302657838054,5.163241925350947,-1975.039060987802,5414.846344365945,2714.46141517598,89.99227985132664,104.03624346792648,78.2
2023-08-22,79.9,88.3,77.0,986.1,5.7,2.3,9.7,117.68010723226578,25.218106,110.039197,173.73,84.69650555725956,12.720376303968893,37.621971530385295,-0.7748840413670406,0.9981707480458889,25.218106,635.952870227236,0.9795302657838054,5.163241925350947,-1975.039060987802,5414.846344365945,2714.46141517598,89.99227985132664,104.03624346792648,78.0
2023-08-23,75.7,88.3,73.4,987.3,4.6,1.9,13.6,-68.58541385932594,25.218106,110.039197,173.73,80.09767817050448,12.697122034954475,37.5200140063219,-0.7856498550787144,0.9981707480458889,25.218106,635.952870227236,0.9795302657838054,5.163241925350947,-1975.039060987802,5414.846344365945,2714.46141517598,89.99227985132664,104.03624346792648,74.5
2023-08-24,81.7,92.7,73.9,999.9,7.4,2.6,3.9,95.57974657900617,25.218106,110.039197,173.73,86.28689801524305,12.673718190733375,37.415935999306534,-0.7961828637826154,0.9981707480458889,25.218106,635.952870227236,0.9795302657838054,5.163241925350947,-1975.039060987802,5414.846344365945,2714.46141517598,89.99227985132664,104.03624346792648,76.4
2023-08-25,82.1,91.4,77.0,999.9,6.1,2.7,5.8,144.86644180290344,25.218106,110.039197,173.73,86.54825372300819,12.650171067918372,37.309735640195264,-0.8064799463209447,0.9981707480458889,25.218106,635.952870227236,0.9795302657838054,5.163241925350947,-1975.039060987802,5414.846344365945,2714.46141517598,89.99227985132664,104.03624346792648,77.5
2023-08-26,83.5,93.2,77.0,983.7,7.6,3.9,9.7,-12.298460534806878,25.218106,110.039197,173.73,87.85930445677252,12.626486868039166,37.20141271255017,-0.8165380514459157,0.9981707480458889,25.218106,635.952870227236,0.9795302657838054,5.163241925350947,-1975.039060987802,5414.846344365945,2714.46141517598,89.99227985132664,104.03624346792648,77.5
2023-08-27,80.8,92.3,73.4,982.6,5.0,3.4,9.7,19.78699124350936,25.218106,110.039197,173.73,84.85798943698047,12.602671698561457,37.09096869686504,-0.8263541987239094,0.9981707480458889,25.218106,635.952870227236,0.9795302657838054,5.163241925350947,-1975.039060987802,5414.846344365945,2714.46141517598,89.99227985132664,104.03624346792648,78.2
2023-08-28,72.9,87.8,70.7,987.1,8.3,5.8,9.7,82.03397225861741,25.218106,110.039197,173.73,76.41579431322978,12.578731574194203,36.97840681265267,-0.8359254794186365,0.9981707480458889,25.218106,635.952870227236,0.9795302657838054,5.163241925350947,-1975.039060987802,5414.846344365945,2714.46141517598,89.99227985132664,104.03624346792648,69.6
2023-08-29,76.4,84.2,70.7,989.3,7.9,5.7,13.6,33.324146849688766,25.218106,110.039197,173.73,79.93141439760996,12.554672418472766,36.86373205829725,-0.8452490573530634,0.9981707480458889,25.218106,635.952870227236,0.9795302657838054,5.163241925350947,-1975.039060987802,5414.846344365945,2714.46141517598,89.99227985132664,104.03624346792648,68.2
2023-08-30,77.7,82.4,73.4,990.1,7.4,4.9,11.7,219.5491889874494,25.218106,110.039197,173.73,81.13498792479551,12.530500065605484,36.746951248578554,-0.8543221697498269,0.9981707480458889,25.218106,635.952870227236,0.9795302657838054,5.163241925350947,-1975.039060987802,5414.846344365945,2714.46141517598,89.99227985132664,104.03624346792648,69.2
2023-08-31,81.1,89.6,71.6,988.9,8.6,5.3,11.7,9.407967686740474,25.218106,110.039197,173.73,84.52120527454427,12.506220262571286,36.628073049779644,-0.8631421280499115,0.9981707480458889,25.218106,635.952870227236,0.9795302657838054,5.163241925350947,-1975.039060987802,5414.846344365945,2714.46141517598,89.99227985132664,104.03624346792648,69.0
2023-09-01,84.8,95.0,73.4,987.3,8.9,6.1,11.7,64.36753463797866,25.218106,110.039197,173.73,88.20499327828925,12.481838671456025,36.50710801229327,-0.8717063187093217,0.9981707480458889,25.218106,635.952870227236,0.9795302657838054,5.163241925350947,-1975.039060987802,5414.846344365945,2714.46141517598,89.99227985132664,104.03624346792648,70.1
2023-09-02,76.8,93.6,69.8,987.4,6.5,5.4,11.7,86.0773373673287,25.218106,110.039197,173.73,79.72710958089714,12.457360872015178,36.38406860064769,-0.8800122039735356,0.9981707480458889,25.218106,635.952870227236,0.9795302657838054,5.163241925350947,-1975.039060987802,5414.846344365945,2714.46141517598,89.99227985132664,104.03624346792648,68.2
2023-09-03,76.2,84.9,69.8,987.5,9.4,6.6,15.5,21.747594539937555,25.218106,110.039197,173.73,78.94823151426253,12.43279236445079,36.25896922087666,-0.888057322629493,0.9981707480458889,25.218106,635.952870227236,0.9795302657838054,5.163241925350947,-1975.039060987802,5414.846344365945,2714.46141517598,89.99227985132664,104.03624346792648,69.8
2023-09-04,80.9,89.6,73.2,988.5,9.1,5.6,11.7,105.44463855893393,25.218106,110.039197,173.73,83.65153420886622,12.40813857239054,36.13182624516441,-0.8958392907349089,0.9981707480458889,25.218106,635.952870227236,0.9795302657838054,5.163241925350947,-1975.039060987802,5414.846344365945,2714.46141517598,89.99227985132664,104.03624346792648,71.4
2023-09-05,83.6,93.2,73.4,988.9,7.0,5.0,9.7,25.653363846164915,25.218106,110.039197,173.73,86.27105376086378,12.383404846057003,36.00265803370076,-0.9033558023246842,0.9981707480458889,25.218106,635.952870227236,0.9795302657838054,5.163241925350947,-1975.039060987802,5414.846344365945,2714.46141517598,89.99227985132664,104.03624346792648,73.1
2023-09-06,82.8,93.2,77.0,989.7,7.4,5.5,11.7,0.8370197099196197,25.218106,110.039197,173.73,85.27431561274601,12.358596465615364,35.87148495368796,-0.9106046300942162,0.9981707480458889,25.218106,635.952870227236,0.9795302657838054,5.163241925350947,-1975.039060987802,5414.846344365945,2714.46141517598,89.99227985132664,104.03624346792648,74.6
2023-09-07,84.0,91.4,77.0,989.0,9.0,5.7,9.7,-83.2472095381801,25.218106,110.039197,173.73,86.33603051281563,12.333718644687947,35.73832939544603,-0.9175836260593934,0.9981707480458889,25.218106,635.952870227236,0.9795302657838054,5.163241925350947,-1975.039060987802,5414.846344365945,2714.46141517598,89.99227985132664,104.03624346792648,75.1
2023-09-08,83.8,95.0,77.0,988.2,10.5,4.8,13.6,-1.1325814284657127,25.218106,110.039197,173.73,85.9562894626017,12.30877653402411,35.603215785569596,-0.9242907221930934,0.9981707480458889,25.218106,635.952870227236,0.9795302657838054,5.163241925350947,-1975.039060987802,5414.846344365945,2714.46141517598,89.99227985132664,104.03624346792648,75.2
2023-09-09,81.3,93.7,75.2,987.5,8.0,3.1,7.8,66.06498020160066,25.218106,110.039197,173.73,83.22257715150435,12.283775225314296,35.466170597094816,-0.9307239310379793,0.9981707480458889,25.218106,635.952870227236,0.9795302657838054,5.163241925350947,-1975.039060987802,5414.846344365945,2714.46141517598,89.99227985132664,104.03624346792648,76.8
2023-09-10,81.7,93.2,75.2,986.6,8.5,3.0,9.7,131.33116639531175,25.218106,110.039197,173.73,83.46145033289183,12.258719755137111,35.32722235664212,-0.9368813462954315,0.9981707480458889,25.218106,635.952870227236,0.9795302657838054,5.163241925350947,-1975.039060987802,5414.846344365945,2714.46141517598,89.99227985132664,104.03624346792648,76.1
2023-09-11,81.0,91.6,77.0,986.5,7.9,2.6,11.7,-35.99557034666924,25.218106,110.039197,173.73,82.57690198594295,12.233615109028587,35.18640164850536,-0.9427611433904206,0.9981707480458889,25.218106,635.952870227236,0.9795302657838054,5.163241925350947,-1975.039060987802,5414.846344365945,2714.46141517598,89.99227985132664,104.03624346792648,75.9
2023-09-12,81.2,89.6,77.0,986.7,7.6,2.9,7.8,-15.22157489982024,25.218106,110.039197,173.73,82.6106214603189,12.20846622566289,35.04374111566612,-0.9483615800121716,0.9981707480458889,25.218106,635.952870227236,0.9795302657838054,5.163241925350947,-1975.039060987802,5414.846344365945,2714.46141517598,89.99227985132664,104.03624346792648,76.8
2023-09-13,74.0,87.8,71.6,989.9,8.7,4.6,9.7,-63.6380533108855,25.218106,110.039197,173.73,75.13021434032585,12.183278001133921,34.899275457716826,-0.9536809966304455,0.9981707480458889,25.218106,635.952870227236,0.9795302657838054,5.163241925350947,-1975.039060987802,5414.846344365945,2714.46141517598,89.99227985132664,104.03624346792648,72.0
2023-09-14,71.7,78.4,70.7,991.3,5.2,2.9,7.8,55.492527279332144,25.218106,110.039197,173.73,72.64438037763163,12.15805529332747,34.753041425684046,-0.9587178169872964,0.9981707480458889,25.218106,635.952870227236,0.9795302657838054,5.163241925350947,-1975.039060987802,5414.846344365945,2714.46141517598,89.99227985132664,104.03624346792648,70.8
2023-09-15,79.7,88.0,71.2,991.5,8.6,3.6,7.8,156.95275673411606,25.218106,110.039197,173.73,80.58203276933179,12.13280292637367,34.60507781374924,-0.9634705485641486,0.9981707480458889,25.218106,635.952870227236,0.9795302657838054,5.163241925350947,-1975.039060987802,5414.846344365945,2714.46141517598,89.99227985132664,104.03624346792648,71.3
2023-09-16,81.4,90.5,73.4,991.4,7.8,2.6,3.9,40.58087410969602,25.218106,110.039197,173.73,82.12938263223425,12.107525695169668,34.45542544787138,-0.9679377830240642,0.9981707480458889,25.218106,635.952870227236,0.9795302657838054,5.163241925350947,-1975.039060987802,5414.846344365945,2714.46141517598,89.99227985132664,104.03624346792648,73.0
2023-09-17,83.3,93.4,76.6,990.6,8.9,2.7,7.8,39.009539331372096,25.218106,110.039197,173.73,83.87080193482372,12.082228369962602,34.30412717132204,-0.9721181966290612,0.9981707480458889,25.218106,635.952870227236,0.9795302657838054,5.163241925350947,-1975.039060987802,5414.846344365945,2714.46141517598,89.99227985132664,104.03624346792648,75.2
2023-09-18,84.2,94.3,77.0,991.3,9.8,3.0,9.7,27.458127559845195,25.218106,110.039197,173.73,84.59935850189719,12.056915700982973,34.15122782715065,-0.9760105506323682,0.9981707480458889,25.218106,635.952870227236,0.9795302657838054,5.163241925350947,-1975.039060987802,5414.846344365945,2714.46141517598,89.99227985132664,104.03624346792648,74.7
2023-09-19,86.1,94.3,75.2,991.2,10.1,6.0,9.7,-92.51530557555311,25.218106,110.039197,173.73,86.32667563587714,12.031592423118765,33.99677423760378,-0.9796136916454901,0.9981707480458889,25.218106,635.952870227236,0.9795302657838054,5.163241925350947,-1975.039060987802,5414.846344365945,2714.46141517598,89.99227985132664,104.03624346792648,75.3
2023-09-20,83.2,91.4,75.2,999.9,6.2,4.4,13.6,68.49476319914972,25.218106,110.039197,173.73,83.24342527363589,12.00626326062056,33.8408151805292,-0.9829265519799822,0.9981707480458889,25.218106,635.952870227236,0.9795302657838054,5.163241925350947,-1975.039060987802,5414.846344365945,2714.46141517598,89.99227985132664,104.03624346792648,75.5
2023-09-21,81.3,91.4,73.4,999.9,6.1,5.3,11.7,39.2609513091293,25.218106,110.039197,173.73,81.17082061313549,11.980932931828116,33.68340136280172,-0.9859481499638303,0.9981707480458889,25.218106,635.952870227236,0.9795302657838054,5.163241925350947,-1975.039060987802,5414.846344365945,2714.46141517598,89.99227985132664,104.03624346792648,73.2
2023-09-22,78.9,86.0,73.4,999.9,6.2,5.3,11.7,52.0977502755801,25.218106,110.039197,173.73,78.6081104619506,11.955606153908835,33.52458539081439,-0.9886775902323404,0.9981707480458889,25.218106,635.952870227236,0.9795302657838054,5.163241925350947,-1975.039060987802,5414.846344365945,2714.46141517598,89.99227985132664,104.03624346792648,69.2
2023-09-23,81.1,89.6,74.3,999.9,6.3,3.7,5.8,116.31634201595999,25.218106,110.039197,173.73,80.62886068502024,11.930287647598558,33.36442173808469,-0.9911140639934546,0.9981707480458889,25.218106,635.952870227236,0.9795302657838054,5.163241925350947,-1975.039060987802,5414.846344365945,2714.46141517598,89.99227985132664,104.03624346792648,72.4
2023-09-24,82.5,91.4,75.2,999.9,5.1,2.9,3.9,74.45773210656809,25.218106,110.039197,173.73,81.84675222580464,11.90498214193522,33.20296671003172,-0.9932568492674143,0.9981707480458889,25.218106,635.952870227236,0.9795302657838054,5.163241925350947,-1975.039060987802,5414.846344365945,2714.46141517598,89.99227985132664,104.03624346792648,74.1
2023-09-25,83.2,95.0,73.4,999.9,5.6,4.3,11.7,80.45868849114056,25.218106,110.039197,173.73,82.36588102756542,11.879694378975783,33.040278405986214,-0.9951053111006974,0.9981707480458889,25.218106,635.952870227236,0.9795302657838054,5.163241925350947,-1975.039060987802,5414.846344365945,2714.46141517598,89.99227985132664,104.03624346792648,72.3
2023-09-26,82.8,93.2,73.4,999.9,5.9,4.5,7.8,132.54680985141022,25.218106,110.039197,173.73,81.79556091755944,11.854429118486875,32.876416678501165,-0.99665890175417,0.9981707480458889,25.218106,635.952870227236,0.9795302657838054,5.163241925350947,-1975.039060987802,5414.846344365945,2714.46141517598,89.99227985132664,104.03624346792648,72.1
2023-09-27,83.5,95.0,75.2,992.9,6.8,4.6,9.7,204.97995516348044,25.218106,110.039197,173.73,82.31145503392175,11.829191142599532,32.71144309003642,-0.9979171608653922,0.9981707480458889,25.218106,635.952870227236,0.9795302657838054,5.163241925350947,-1975.039060987802,5414.846344365945,2714.46141517598,89.99227985132664,104.03624346792648,72.6
2023-09-28,83.7,95.0,75.2,993.8,6.0,4.1,11.7,34.32840923673476,25.218106,110.039197,173.73,82.33279719141774,11.803985260418314,32.54542086709612,-0.9988797155850335,0.9981707480458889,25.218106,635.952870227236,0.9795302657838054,5.163241925350947,-1975.039060987802,5414.846344365945,2714.46141517598,89.99227985132664,104.03624346792648,73.4
2023-09-29,84.5,95.5,77.0,993.4,5.9,3.3,5.8,-87.09876687965388,25.218106,110.039197,173.73,82.94249820104925,11.778816312575042,32.378414851903145,-0.9995462806873573,0.9981707480458889,25.218106,635.952870227236,0.9795302657838054,5.163241925350947,-1975.039060987802,5414.846344365945,2714.46141517598,89.99227985132664,104.03624346792648,73.9
2023-09-30,85.0,95.5,77.0,991.6,7.7,3.4,5.8,4.76668600270844,25.218106,110.039197,173.73,83.255298327997,11.753689175717223,32.21049145169945,-0.9999166586547379,0.9981707480458889,25.218106,635.952870227236,0.9795302657838054,5.163241925350947,-1975.039060987802,5414.846344365945,2714.46141517598,89.99227985132664,104.03624346792648,74.2
2023-10-01,82.7,94.8,77.0,991.7,5.1,4.5,9.7,81.38647564010049,25.218106,110.039197,173.73,80.82966208536514,11.728608766921182,32.04171858576641,-0.9999907397361901,0.9981707480458889,25.218106,635.952870227236,0.9795302657838054,5.163241925350947,-1975.039060987802,5414.846344365945,2714.46141517598,89.99227985132664,104.03624346792648,72.0
2023-10-02,80.3,91.8,73.4,993.0,4.1,2.7,5.8,-142.66405647528262,25.218106,110.039197,173.73,78.31645648799872,11.703580048019735,31.87216563026357,-0.9997685019798909,0.9981707480458889,25.218106,635.952870227236,0.9795302657838054,5.163241925350947,-1975.039060987802,5414.846344365945,2714.46141517598,89.99227985132664,104.03624346792648,73.7
2023-10-03,83.1,93.6,75.2,992.3,5.6,2.5,5.8,-115.83230689950487,25.218106,110.039197,173.73,80.87436060660104,11.678608029834086,31.701903360988023,-0.9992500112396835,0.9981707480458889,25.218106,635.952870227236,0.9795302657838054,5.163241925350947,-1975.039060987802,5414.846344365945,2714.46141517598,89.99227985132664,104.03624346792648,73.4
2023-10-04,80.8,93.6,71.6,992.3,7.3,5.6,13.6,-100.8696763970123,25.218106,110.039197,173.73,78.46823169375028,11.653697776299548,31.531003894161636,-0.9984354211555643,0.9981707480458889,25.218106,635.952870227236,0.9795302657838054,5.163241925350947,-1975.039060987802,5414.846344365945,2714.46141517598,89.99227985132664,104.03624346792648,70.0
2023-10-05,76.8,91.4,66.2,993.4,9.6,7.8,15.5,73.76164220666956,25.218106,110.039197,173.73,74.42466821423604,11.62885440847438,31.359540625355752,-0.9973249731081555,0.9981707480458889,25.218106,635.952870227236,0.9795302657838054,5.163241925350947,-1975.039060987802,5414.846344365945,2714.46141517598,89.99227985132664,104.03624346792648,65.2
2023-10-06,76.5,86.0,68.0,994.6,7.0,10.0,15.5,23.856813053809493,25.218106,110.039197,173.73,73.97602981618387,11.604083108420998,31.187588166667382,-0.9959189961471792,0.9981707480458889,25.218106,635.952870227236,0.9795302657838054,5.163241925350947,-1975.039060987802,5414.846344365945,2714.46141517598,89.99227985132664,104.03624346792648,61.2
2023-10-07,68.3,83.1,62.6,997.8,7.6,8.8,15.5,-2.0115557648893088,25.218106,110.039197,173.73,65.9060230914489,11.579389122948562,31.01522228226334,-0.994217906893952,0.9981707480458889,25.218106,635.952870227236,0.9795302657838054,5.163241925350947,-1975.039060987802,5414.846344365945,2714.46141517598,89.99227985132664,104.03624346792648,56.6
2023-10-08,70.1,77.0,64.4,999.6,6.8,9.0,15.5,23.3,25.218106,110.039197,173.73,67.49916012342686,11.55477776720574,30.842519822411642,-0.9922222094179324,0.9981707480458889,25.218106,635.952870227236,0.9795302657838054,5.163241925350947,-1975.039060987802,5414.846344365945,2714.46141517598,89.99227985132664,104.03624346792648,56.4
2023-10-09,69.1,75.2,64.4,0.9,8.8,6.9,11.7,-81.61776807834323,25.218106,110.039197,173.73,66.39504841521374,11.530254428112372,30.669558656122103,-0.989932495087353,0.9981707480458889,25.218106,635.952870227236,0.9795302657838054,5.163241925350947,-1975.039060987802,5414.846344365945,2714.46141517598,89.99227985132664,104.03624346792648,59.1
2023-10-10,68.6,73.4,64.4,1.6,7.3,6.5,9.7,67.73452662517073,25.218106,110.039197,173.73,65.77496377821865,11.505824567618424,30.496417602519735,-0.9873494423939864,0.9981707480458889,25.218106,635.952870227236,0.9795302657838054,5.163241925350947,-1975.039060987802,5414.846344365945,2714.46141517598,89.99227985132664,104.03624346792648,59.9
2023-10-11,67.5,72.9,66.2,1.6,5.1,2.8,5.8,-24.703588780432156,25.218106,110.039197,173.73,64.58340220750468,11.48149372577861,30.323176361076467,-0.9844738167520923,0.9981707480458889,25.218106,635.952870227236,0.9795302657838054,5.163241925350947,-1975.039060987802,5414.846344365945,2714.46141517598,89.99227985132664,104.03624346792648,61.3
2023-10-12,73.7,78.4,67.3,0.8,6.7,4.7,7.8,-36.3876250347968,25.218106,110.039197,173.73,70.36671804096572,11.457267523630783,30.14991544082833,-0.9813064702716093,0.9981707480458889,25.218106,635.952870227236,0.9795302657838054,5.163241925350947,-1975.039060987802,5414.846344365945,2714.46141517598,89.99227985132664,104.03624346792648,59.7
2023-10-13,71.8,80.6,66.2,998.8,5.3,5.3,13.6,52.108540763906106,25.218106,110.039197,173.73,68.40835746743213,11.433151665866093,29.97671608870549,-0.9778483415056567,0.9981707480458889,25.218106,635.952870227236,0.9795302657838054,5.163241925350947,-1975.039060987802,5414.846344365945,2714.46141517598,89.99227985132664,104.03624346792648,59.6
2023-10-14,67.1,78.6,57.2,997.1,4.8,3.2,5.8,25.506516934108454,25.218106,110.039197,173.73,63.79617461616731,11.409151943278806,29.803660217104248,-0.9741004551724206,0.9981707480458889,25.218106,635.952870227236,0.9795302657838054,5.163241925350947,-1975.039060987802,5414.846344365945,2714.46141517598,89.99227985132664,104.03624346792648,59.7
2023-10-15,70.8,86.7,55.4,996.7,8.5,3.6,7.8,-12.755254063965706,25.218106,110.039197,173.73,67.17311798640262,11.385274234983495,29.630830330829415,-0.970063921851507,0.9981707480458889,25.218106,635.952870227236,0.9795302657838054,5.163241925350947,-1975.039060987802,5414.846344365945,2714.46141517598,89.99227985132664,104.03624346792648,53.3
2023-10-16,72.1,88.3,55.4,997.7,7.1,3.2,9.7,45.88257706902389,25.218106,110.039197,173.73,68.26382643324382,11.361524510387323,29.458309453536145,-0.965739937654855,0.9981707480458889,25.218106,635.952870227236,0.9795302657838054,5.163241925350947,-1975.039060987802,5414.846344365945,2714.46141517598,89.99227985132664,104.03624346792648,53.8
2023-10-17,72.9,88.9,59.0,996.7,6.6,2.1,3.9,-37.63998473863509,25.218106,110.039197,173.73,68.87779614774789,11.337908830905002,29.286181053799563,-0.9611297838723007,0.9981707480458889,25.218106,635.952870227236,0.9795302657838054,5.163241925350947,-1975.039060987802,5414.846344365945,2714.46141517598,89.99227985132664,104.03624346792648,56.3
2023-10-18,78.4,89.2,64.4,995.4,7.1,3.3,7.8,80.84270357448489,25.218106,110.039197,173.73,73.92096456250631,11.314433351404027,29.114528970939865,-0.9562348265919058,0.9981707480458889,25.218106,635.952870227236,0.9795302657838054,5.163241925350947,-1975.039060987802,5414.846344365945,2714.46141517598,89.99227985132664,104.03624346792648,66.3
2023-10-19,72.7,89.2,62.6,996.7,6.5,5.1,17.5,-35.89543252151394,25.218106,110.039197,173.73,68.40527368028667,11.291104321367813,28.943437340729595,-0.9510565162951536,0.9981707480458889,25.218106,635.952870227236,0.9795302657838054,5.163241925350947,-1975.039060987802,5414.846344365945,2714.46141517598,89.99227985132664,104.03624346792648,69.3
2023-10-20,64.6,79.9,57.2,3.2,10.3,7.0,13.6,-57.93896097031885,25.218106,110.039197,173.73,60.65901286169835,11.267928085764401,28.772990521108092,-0.9455963874271428,0.9981707480458889,25.218106,635.952870227236,0.9795302657838054,5.163241925350947,-1975.039060987802,5414.846344365945,2714.46141517598,89.99227985132664,104.03624346792648,54.6
2023-10-21,67.3,78.8,57.2,2.5,9.9,5.1,11.7,82.72049350083137,25.218106,110.039197,173.73,63.0652096717875,11.24491108560847,28.603273018026634,-0.9398560579418953,0.9981707480458889,25.218106,635.952870227236,0.9795302657838054,5.163241925350947,-1975.039060987802,5414.846344365945,2714.46141517598,89.99227985132664,104.03624346792648,52.1
2023-10-22,69.3,84.2,57.2,0.8,8.4,3.7,7.8,59.96192660444797,25.218106,110.039197,173.73,64.8073956811319,11.222059858204657,28.434369411545706,-0.9338372288229252,0.9981707480458889,25.218106,635.952870227236,0.9795302657838054,5.163241925350947,-1975.039060987802,5414.846344365945,2714.46141517598,89.99227985132664,104.03624346792648,52.3
2023-10-23,74.2,86.0,62.6,998.4,7.9,2.4,3.9,-61.66044830986145,25.218106,110.039197,173.73,69.24950607915592,11.199381037060256,28.266364282302916,-0.9275416835791965,0.9981707480458889,25.218106,635.952870227236,0.9795302657838054,5.163241925350947,-1975.039060987802,5414.846344365945,2714.46141517598,89.99227985132664,104.03624346792648,59.8
2023-10-24,76.0,88.9,66.2,997.1,7.5,1.9,3.9,-85.05330891220535,25.218106,110.039197,173.73,70.78691522588636,11.17688135145574,28.099342138468128,-0.9209712877166347,0.9981707480458889,25.218106,635.952870227236,0.9795302657838054,5.163241925350947,-1975.039060987802,5414.846344365945,2714.46141517598,89.99227985132664,104.03624346792648,66.3
2023-10-25,78.1,90.7,68.0,995.5,6.9,2.3,5.8,93.0322425376899,25.218106,110.039197,173.73,72.59764429701596,11.154567625661864,27.933387343298637,-0.9141279881853337,0.9981707480458889,25.218106,635.952870227236,0.9795302657838054,5.163241925350947,-1975.039060987802,5414.846344365945,2714.46141517598,89.99227985132664,104.03624346792648,68.6
2023-10-26,73.4,90.7,68.0,996.2,6.5,3.6,9.7,79.88771206679229,25.218106,110.039197,173.73,68.09346612416377,11.13244677779244,27.768584043404243,-0.9070138128026362,0.9981707480458889,25.218106,635.952870227236,0.9795302657838054,5.163241925350947,-1975.039060987802,5414.846344365945,2714.46141517598,89.99227985132664,104.03624346792648,68.3
2023-10-27,69.3,81.9,66.2,996.9,9.0,3.5,7.8,-19.09510043828252,25.218106,110.039197,173.73,64.16328660058146,11.110525818282504,27.6050160978284,-0.8996308696522434,0.9981707480458889,25.218106,635.952870227236,0.9795302657838054,5.163241925350947,-1975.039060987802,5414.846344365945,2714.46141517598,89.99227985132664,104.03624346792648,65.4
2023-10-28,73.2,82.9,66.2,997.1,7.1,2.8,5.8,46.574714588265536,25.218106,110.039197,173.73,67.64175227268983,11.088811847981939,27.44276700804767,-0.8919813464595487,0.9981707480458889,25.218106,635.952870227236,0.9795302657838054,5.163241925350947,-1975.039060987802,5414.846344365945,2714.46141517598,89.99227985132664,104.03624346792648,63.5
2023-10-29,67.2,82.9,60.8,999.3,3.3,1.9,3.9,-81.29418585240259,25.218106,110.039197,173.73,61.97694751279046,11.067312055855439,27.281919848987453,-0.8840675099433637,0.9981707480458889,25.218106,635.952870227236,0.9795302657838054,5.163241925350947,-1975.039060987802,5414.846344365945,2714.46141517598,89.99227985132664,104.03624346792648,65.1
2023-10-30,70.6,86.0,57.2,0.3,7.6,3.2,7.8,16.435885589725533,25.218106,110.039197,173.73,64.98749836411572,11.046033716280293,27.12255720114792,-0.8758917051442433,0.9981707480458889,25.218106,635.952870227236,0.9795302657838054,5.163241925350947,-1975.039060987802,5414.846344365945,2714.46141517598,89.99227985132664,104.03624346792648,59.6
2023-10-31,69.7,85.8,55.4,0.5,7.3,2.3,3.9,-157.06677800702943,25.218106,110.039197,173.73,64.0367831466351,11.024984185934306,26.964761083928778,-0.8674563547295971,0.9981707480458889,25.218106,635.952870227236,0.9795302657838054,5.163241925350947,-1975.039060987802,5414.846344365945,2714.46141517598,89.99227985132664,104.03624346792648,55.4
2023-11-01,69.7,85.8,57.2,998.0,6.1,2.3,5.8,-8.688248546110097,25.218106,110.039197,173.73,63.91589264571781,11.004170900267054,26.808612890237555,-0.858763958275803,0.9981707480458889,25.218106,635.952870227236,0.9795302657838054,5.163241925350947,-1975.039060987802,5414.846344365945,2714.46141517598,89.99227985132664,104.03624346792648,58.9
2023-11-02,70.9,84.6,59.0,995.1,5.6,3.2,9.7,-100.25877495147961,25.218106,110.039197,173.73,64.89477809174997,10.983601369548655,26.65419332245991,-0.8498170915275277,0.9981707480458889,25.218106,635.952870227236,0.9795302657838054,5.163241925350947,-1975.039060987802,5414.846344365945,2714.46141517598,89.99227985132664,104.03624346792648,61.1
2023-11-03,75.0,84.6,62.6,993.2,4.6,1.9,5.8,6.580836428132583,25.218106,110.039197,173.73,68.52051984057047,10.963283174491277,26.501582329866437,-0.8406184056344783,0.9981707480458889,25.218106,635.952870227236,0.9795302657838054,5.163241925350947,-1975.039060987802,5414.846344365945,2714.46141517598,89.99227985132664,104.03624346792648,67.4
2023-11-04,76.6,85.6,67.1,993.0,6.3,4.0,11.7,1.7035065596917711,25.218106,110.039197,173.73,69.85424628719063,10.943223961439786,26.350859047523855,-0.8311706263658079,0.9981707480458889,25.218106,635.952870227236,0.9795302657838054,5.163241925350947,-1975.039060987802,5414.846344365945,2714.46141517598,89.99227985132664,104.03624346792648,69.6
2023-11-05,74.3,85.6,62.6,995.7,8.4,7.0,19.4,21.4,25.218106,110.039197,173.73,67.6342463148913,10.923431437129146,26.202101736773752,-0.8214765533024145,0.9981707480458889,25.218106,635.952870227236,0.9795302657838054,5.163241925350947,-1975.039060987802,5414.846344365945,2714.46141517598,89.99227985132664,104.03624346792648,66.3
2023-11-06,66.6,85.5,57.2,1.3,10.0,4.7,9.7,7.802065943233876,25.218106,110.039197,173.73,60.516719164692105,10.903913363007588,26.05538772733603,-0.8115390590073611,0.9981707480458889,25.218106,635.952870227236,0.9795302657838054,5.163241925350947,-1975.039060987802,5414.846344365945,2714.46141517598,89.99227985132664,104.03624346792648,50.4
2023-11-07,62.8,74.5,57.2,998.8,7.0,2.0,3.9,-124.13556113526278,25.218106,110.039197,173.73,56.96314584042557,10.884677549125906,25.910793361088253,-0.801361088174677,0.9981707480458889,25.218106,635.952870227236,0.9795302657838054,5.163241925350947,-1975.039060987802,5414.846344365945,2714.46141517598,89.99227985132664,104.03624346792648,57.4
2023-11-08,66.7,69.8,60.4,995.6,3.6,1.6,1.9,-20.070050389482184,25.218106,110.039197,173.73,60.39535951954775,10.865731847594798,25.768393937566444,-0.7909456567567774,0.9981707480458889,25.218106,635.952870227236,0.9795302657838054,5.163241925350947,-1975.039060987802,5414.846344365945,2714.46141517598,89.99227985132664,104.03624346792648,64.3
2023-11-09,71.7,80.6,63.1,995.3,4.3,2.7,7.8,70.44575451208341,25.218106,110.039197,173.73,64.81132777004234,10.84708414561378,25.62826366122683,-0.780295851070776,0.9981707480458889,25.218106,635.952870227236,0.9795302657838054,5.163241925350947,-1975.039060987802,5414.846344365945,2714.46141517598,89.99227985132664,104.03624346792648,68.6
2023-11-10,66.8,77.5,60.8,999.0,10.2,4.7,5.8,-11.250775303932352,25.218106,110.039197,173.73,60.27999912662754,10.828742358076804,25.490475590501873,-0.7694148268839381,0.9981707480458889,25.218106,635.952870227236,0.9795302657838054,5.163241925350947,-1975.039060987802,5414.846344365945,2714.46141517598,89.99227985132664,104.03624346792648,61.2
2023-11-11,58.6,70.3,53.1,3.1,9.0,6.7,9.7,65.76903615624529,25.218106,110.039197,173.73,52.79232208316892,10.810714419761554,25.35510158867809,-0.7583058084785625,0.9981707480458889,25.218106,635.952870227236,0.9795302657838054,5.163241925350947,-1975.039060987802,5414.846344365945,2714.46141517598,89.99227985132664,104.03624346792648,52.9
2023-11-12,50.3,62.4,48.0,9.2,9.1,7.1,11.7,-4.4513763024308695,25.218106,110.039197,173.73,45.24069302822402,10.7930082771111,25.222212276616837,-0.7469720876965551,0.9981707480458889,25.218106,635.952870227236,0.9795302657838054,5.163241925350947,-1975.039060987802,5414.846344365945,2714.46141517598,89.99227985132664,104.03624346792648,45.5
2023-11-13,49.5,53.1,47.1,10.0,5.3,4.6,7.8,0.49022592052951275,25.218106,110.039197,173.73,44.44948150342658,10.775631879618565,25.091876987333713,-0.7354170229639858,0.9981707480458889,25.218106,635.952870227236,0.9795302657838054,5.163241925350947,-1975.039060987802,5414.846344365945,2714.46141517598,89.99227985132664,104.03624346792648,46.2
2023-11-14,53.0,55.4,47.1,6.7,4.7,2.9,5.8,25.84597530390407,25.218106,110.039197,173.73,47.51711983782062,10.75859317082731,24.9641637224454,-0.7236440382959124,0.9981707480458889,25.218106,635.952870227236,0.9795302657838054,5.163241925350947,-1975.039060987802,5414.846344365945,2714.46141517598,89.99227985132664,104.03624346792648,47.5
2023-11-15,53.6,55.8,48.7,6.9,3.7,3.3,7.8,148.20114439876744,25.218106,110.039197,173.73,47.98048701935976,10.74190007896114,24.839139110487682,-0.711656622281775,0.9981707480458889,25.218106,635.952870227236,0.9795302657838054,5.163241925350947,-1975.039060987802,5414.846344365945,2714.46141517598,89.99227985132664,104.03624346792648,51.3
2023-11-16,54.2,66.2,41.0,11.9,6.5,3.9,11.7,-81.1869761097409,25.218106,110.039197,173.73,48.443781624191345,10.725560507201036,24.71686836710218,-0.6994583270516471,0.9981707480458889,25.218106,635.952870227236,0.9795302657838054,5.163241925350947,-1975.039060987802,5414.846344365945,2714.46141517598,89.99227985132664,104.03624346792648,45.4
2023-11-17,58.6,75.2,44.6,7.2,9.1,2.7,5.8,-134.51001127023417,25.218106,110.039197,173.73,52.298460347044966,10.709582323626956,24.59741525708336,-0.6870527672236675,0.9981707480458889,25.218106,635.952870227236,0.9795302657838054,5.163241925350947,-1975.039060987802,5414.846344365945,2714.46141517598,89.99227985132664,104.03624346792648,43.2
2023-11-18,62.2,74.5,47.3,4.8,8.9,3.2,9.7,38.883492973389224,25.218106,110.039197,173.73,55.43042853521426,10.693973350845194,24.4808420582724,-0.6744436188329457,0.9981707480458889,25.218106,635.952870227236,0.9795302657838054,5.163241925350947,-1975.039060987802,5414.846344365945,2714.46141517598,89.99227985132664,104.03624346792648,43.5
2023-11-19,61.1,77.2,46.4,1.1,7.3,2.1,3.9,144.6581983066676,25.218106,110.039197,173.73,54.37259140085792,10.678741355323979,24.367209527278405,-0.661634618242279,0.9981707480458889,25.218106,635.952870227236,0.9795302657838054,5.163241925350947,-1975.039060987802,5414.846344365945,2714.46141517598,89.99227985132664,104.03624346792648,46.7
2023-11-20,60.2,79.9,46.4,999.9,6.1,1.7,3.9,200.68170170721174,25.218106,110.039197,173.73,53.49720174958327,10.66389403646178,24.256576867002828,-0.6486295610349818,0.9981707480458889,25.218106,635.952870227236,0.9795302657838054,5.163241925350947,-1975.039060987802,5414.846344365945,2714.46141517598,89.99227985132664,104.03624346792648,47.7
2023-11-21,61.6,79.9,48.2,996.9,6.2,1.9,3.9,9.589561901660835,25.218106,110.039197,173.73,54.66712027913043,10.649439015415018,24.149001695937557,-0.6354323008901775,0.9981707480458889,25.218106,635.952870227236,0.9795302657838054,5.163241925350947,-1975.039060987802,5414.846344365945,2714.46141517598,89.99227985132664,104.03624346792648,51.3
2023-11-22,65.6,78.8,51.8,997.1,5.3,2.4,7.8,8.148964652077563,25.218106,110.039197,173.73,58.140098236300844,10.63538382371357,24.044540019202344,-0.622046748440868,0.9981707480458889,25.218106,635.952870227236,0.9795302657838054,5.163241925350947,-1975.039060987802,5414.846344365945,2714.46141517598,89.99227985132664,104.03624346792648,56.9
2023-11-23,65.0,77.7,53.6,999.3,5.0,2.8,5.8,43.61858942160258,25.218106,110.039197,173.73,57.534402746678644,10.621735891694518,23.943246201283053,-0.6084768701151264,0.9981707480458889,25.218106,635.952870227236,0.9795302657838054,5.163241925350947,-1975.039060987802,5414.846344365945,2714.46141517598,89.99227985132664,104.03624346792648,57.2
2023-11-24,64.9,77.7,55.4,1.9,5.8,3.6,9.7,28.085864660609598,25.218106,110.039197,173.73,57.374317886452374,10.608502536786261,23.84517294042747,-0.594726686960764,0.9981707480458889,25.218106,635.952870227236,0.9795302657838054,5.163241925350947,-1975.039060987802,5414.846344365945,2714.46141517598,89.99227985132664,104.03624346792648,52.1
2023-11-25,63.5,71.6,57.2,2.4,5.4,3.6,5.8,41.18010096882724,25.218106,110.039197,173.73,56.06886461928999,10.595690951676849,23.75037124465198,-0.5808002734538013,0.9981707480458889,25.218106,635.952870227236,0.9795302657838054,5.163241925350947,-1975.039060987802,5414.846344365945,2714.46141517598,89.99227985132664,104.03624346792648,51.6
2023-11-26,61.3,71.6,50.0,999.9,3.8,2.7,5.8,105.87479791233726,25.218106,110.039197,173.73,54.06306601618704,10.583308192402031,23.658890409308334,-0.5667017562911184,0.9981707480458889,25.218106,635.952870227236,0.9795302657838054,5.163241925350947,-1975.039060987802,5414.846344365945,2714.46141517598,89.99227985132664,104.03624346792648,52.8
2023-11-27,61.6,77.7,46.4,0.8,5.2,2.6,3.9,65.37063245873524,25.218106,110.039197,173.73,54.266320654134596,10.571361166389856,23.570777996156803,-0.5524353131676203,0.9981707480458889,25.218106,635.952870227236,0.9795302657838054,5.163241925350947,-1975.039060987802,5414.846344365945,2714.46141517598,89.99227985132664,104.03624346792648,51.8
2023-11-28,60.4,77.7,46.4,999.4,6.0,1.9,3.9,11.961378688789488,25.218106,110.039197,173.73,53.15127832318381,10.559856620500096,23.486079813888768,-0.5380051715382992,0.9981707480458889,25.218106,635.952870227236,0.9795302657838054,5.163241925350947,-1975.039060987802,5414.846344365945,2714.46141517598,89.99227985132664,104.03624346792648,48.5
2023-11-29,67.3,77.9,50.0,0.5,5.7,4.6,11.7,21.4,25.218106,110.039197,173.73,59.16119299902387,10.548801129097868,23.404839900039708,-0.5234156073655503,0.9981707480458889,25.218106,635.952870227236,0.9795302657838054,5.163241925350947,-1975.039060987802,5414.846344365945,2714.46141517598,89.99227985132664,104.03624346792648,54.2
2023-11-30,56.9,77.9,50.0,7.2,3.6,8.6,11.7,14.427280158766983,25.218106,110.039197,173.73,49.96863679810694,10.538201082201816,23.32710050423073,-0.5086709438521042,0.9981707480458889,25.218106,635.952870227236,0.9795302657838054,5.163241925350947,-1975.039060987802,5414.846344365945,2714.46141517598,89.99227985132664,104.03624346792648,41.5
2023-12-01,53.2,61.9,46.4,7.3,5.1,7.3,13.6,50.69206128839306,25.218106,110.039197,173.73,46.6744111869496,10.528062673748028,23.252902072675763,-0.49377555015997737,0.9981707480458889,25.218106,635.952870227236,0.9795302657838054,5.163241925350947,-1975.039060987802,5414.846344365945,2714.46141517598,89.99227985132664,104.03624346792648,38.2
2023-12-02,48.6,58.3,46.4,5.8,2.6,3.1,5.8,5.413225586302266,25.218106,110.039197,173.73,42.599487154546445,10.518391890011468,23.182283233889596,-0.4787338401157883,0.9981707480458889,25.218106,635.952870227236,0.9795302657838054,5.163241925350947,-1975.039060987802,5414.846344365945,2714.46141517598,89.99227985132664,104.03624346792648,45.5
2023-12-03,48.9,50.5,47.7,4.5,2.9,3.6,5.8,4.906665471560679,25.218106,110.039197,173.73,42.824967580275334,10.509194498227076,23.115280785531393,-0.4635502709028512,0.9981707480458889,25.218106,635.952870227236,0.9795302657838054,5.163241925350947,-1975.039060987802,5414.846344365945,2714.46141517598,89.99227985132664,104.03624346792648,47.0
2023-12-04,53.2,59.9,48.0,0.8,6.7,2.3,3.9,-160.81925855515473,25.218106,110.039197,173.73,46.55211042384106,10.50047603545287,23.05192968231776,-0.4482293417404106,0.9981707480458889,25.218106,635.952870227236,0.9795302657838054,5.163241925350947,-1975.039060987802,5414.846344365945,2714.46141517598,89.99227985132664,104.03624346792648,49.2
2023-12-05,57.0,61.5,48.6,998.4,5.7,2.2,3.9,-64.45608935141115,25.218106,110.039197,173.73,49.838148539157324,10.49224179771733,22.992263024939202,-0.4327755925504317,0.9981707480458889,25.218106,635.952870227236,0.9795302657838054,5.163241925350947,-1975.039060987802,5414.846344365945,2714.46141517598,89.99227985132664,104.03624346792648,51.5
2023-12-06,58.4,75.2,41.0,2.1,6.7,3.2,9.7,14.462406440547591,25.218106,110.039197,173.73,51.024551236865975,10.484496829493008,22.936312049914598,-0.41719360261231697,0.9981707480458889,25.218106,635.952870227236,0.9795302657838054,5.163241925350947,-1975.039060987802,5414.846344365945,2714.46141517598,89.99227985132664,104.03624346792648,47.8
2023-12-07,56.8,75.2,42.8,998.7,6.3,1.9,3.9,88.11764372273863,25.218106,110.039197,173.73,49.592297324078984,10.477245913537814,22.884106120318613,-0.4014879892059737,0.9981707480458889,25.218106,635.952870227236,0.9795302657838054,5.163241925350947,-1975.039060987802,5414.846344365945,2714.46141517598,89.99227985132664,104.03624346792648,44.7
2023-12-08,62.9,75.2,46.4,994.7,6.3,2.1,5.8,-34.67901772576874,25.218106,110.039197,173.73,54.88283708299953,10.470493561144584,22.83567271731885,-0.38566340624360745,0.9981707480458889,25.218106,635.952870227236,0.9795302657838054,5.163241925350947,-1975.039060987802,5414.846344365945,2714.46141517598,89.99227985132664,104.03624346792648,52.0
2023-12-09,62.9,74.3,50.5,992.5,2.1,1.8,3.9,15.274192957159578,25.218106,110.039197,173.73,54.85007898154541,10.464244002838551,22.791037432460648,-0.3697245428906732,0.9981707480458889,25.218106,635.952870227236,0.9795302657838054,5.163241925350947,-1975.039060987802,5414.846344365945,2714.46141517598,89.99227985132664,104.03624346792648,60.5
2023-12-10,70.5,78.8,61.0,991.9,4.0,2.9,7.8,-18.348760293598147,25.218106,110.039197,173.73,61.443694429920974,10.458501179561017,22.750223960639964,-0.3536761221763721,0.9981707480458889,25.218106,635.952870227236,0.9795302657838054,5.163241925350947,-1975.039060987802,5414.846344365945,2714.46141517598,89.99227985132664,104.03624346792648,67.3
2023-12-11,62.2,82.4,49.6,998.2,8.6,6.9,13.6,-78.25638498353405,25.218106,110.039197,173.73,54.182776273182185,10.453268734375984,22.71325409370706,-0.33752289959411347,0.9981707480458889,25.218106,635.952870227236,0.9795302657838054,5.163241925350947,-1975.039060987802,5414.846344365945,2714.46141517598,89.99227985132664,104.03624346792648,54.3
2023-12-12,53.6,79.3,48.9,2.2,7.0,5.7,9.7,161.87811701672229,25.218106,110.039197,173.73,46.670190021148805,10.448550004734807,22.68014771464678,-0.32126966169236515,0.9981707480458889,25.218106,635.952870227236,0.9795302657838054,5.163241925350947,-1975.039060987802,5414.846344365945,2714.46141517598,89.99227985132664,104.03624346792648,43.9
2023-12-13,57.6,60.8,50.7,999.1,3.2,1.4,3.9,96.22462617255775,25.218106,110.039197,173.73,50.1328704735928,10.444348015331833,22.65092279228425,-0.3049212246562894,0.9981707480458889,25.218106,635.952870227236,0.9795302657838054,5.163241925350947,-1975.039060987802,5414.846344365945,2714.46141517598,89.99227985132664,104.03624346792648,53.4
2023-12-14,66.2,72.7,51.4,996.2,2.0,2.2,5.8,-103.79724027446244,25.218106,110.039197,173.73,57.59767118489305,10.440665471581822,22.62559537646884,-0.2884824328806098,0.9981707480458889,25.218106,635.952870227236,0.9795302657838054,5.163241925350947,-1975.039060987802,5414.846344365945,2714.46141517598,89.99227985132664,104.03624346792648,64.3
2023-12-15,52.9,77.0,41.0,2.9,8.2,9.8,17.5,27.2,25.218106,110.039197,173.73,46.012000122770445,10.43750475374755,22.60417959369275,-0.27195815753410524,0.9981707480458889,25.218106,635.952870227236,0.9795302657838054,5.163241925350947,-1975.039060987802,5414.846344365945,2714.46141517598,89.99227985132664,104.03624346792648,47.1
2023-12-16,39.9,42.8,36.9,12.9,8.4,8.9,11.7,69.46874966398502,25.218106,110.039197,173.73,34.69593580654644,10.43486791174329,22.586687643105247,-0.2553532951161881,0.9981707480458889,25.218106,635.952870227236,0.9795302657838054,5.163241925350947,-1975.039060987802,5414.846344365945,2714.46141517598,89.99227985132664,104.03624346792648,26.8
2023-12-17,38.2,42.8,35.4,9.0,5.2,5.6,7.8,-14.256770670916769,25.218106,110.039197,173.73,33.21094203636145,10.432756660637104,22.573129792887933,-0.23867276600594997,0.9981707480458889,25.218106,635.952870227236,0.9795302657838054,5.163241925350947,-1975.039060987802,5414.846344365945,2714.46141517598,89.99227985132664,104.03624346792648,30.3
2023-12-18,37.9,41.5,35.4,8.7,7.5,5.2,7.8,225.71798007233284,25.218106,110.039197,173.73,32.945119423620575,10.43117237687195,22.563514376961205,-0.22192151300416674,0.9981707480458889,25.218106,635.952870227236,0.9795302657838054,5.163241925350947,-1975.039060987802,5414.846344365945,2714.46141517598,89.99227985132664,104.03624346792648,34.0
2023-12-19,40.7,42.8,36.3,10.1,6.6,5.5,9.7,-23.48634059924904,25.218106,110.039197,173.73,35.37547708962941,10.43011609522243,22.557847791997233,-0.20510449986861926,0.9981707480458889,25.218106,635.952870227236,0.9795302657838054,5.163241925350947,-1975.039060987802,5414.846344365945,2714.46141517598,89.99227985132664,104.03624346792648,31.7
2023-12-20,42.0,51.8,33.8,11.2,6.0,6.7,11.7,23.3,25.218106,110.039197,173.73,36.50355977275285,10.429588506500814,22.55613449471988,-0.1882267098432439,0.9981707480458889,25.218106,635.952870227236,0.9795302657838054,5.163241925350947,-1975.039060987802,5414.846344365945,2714.46141517598,89.99227985132664,104.03624346792648,29.5
2023-12-21,40.0,48.7,30.2,16.0,6.6,9.3,17.5,23.3,25.218106,110.039197,173.73,34.76529985340891,10.429589956022674,22.5583769994774,-0.1712931441814778,0.9981707480458889,25.218106,635.952870227236,0.9795302657838054,5.163241925350947,-1975.039060987802,5414.846344365945,2714.46141517598,89.99227985132664,104.03624346792648,24.4
2023-12-22,41.2,51.8,32.0,15.9,8.6,6.6,13.6,-34.449933139638674,25.218106,110.039197,173.73,35.81008018708068,10.430120442839032,22.56457587607914,-0.154308820664281,0.9981707480458889,25.218106,635.952870227236,0.9795302657838054,5.163241925350947,-1975.039060987802,5414.846344365945,2714.46141517598,89.99227985132664,104.03624346792648,16.5
2023-12-23,42.1,54.3,26.6,13.9,8.0,4.0,7.8,30.529388113147398,25.218106,110.039197,173.73,36.59605516591574,10.431179619738455,22.574729747893212,-0.13727877211326517,0.9981707480458889,25.218106,635.952870227236,0.9795302657838054,5.163241925350947,-1975.039060987802,5414.846344365945,2714.46141517598,89.99227985132664,104.03624346792648,19.9
2023-12-24,44.5,57.2,30.2,13.2,7.6,4.2,7.8,95.72684288660429,25.218106,110.039197,173.73,38.68817686115431,10.43276679401914,22.58883529020743,-0.12020804489935275,0.9981707480458889,25.218106,635.952870227236,0.9795302657838054,5.163241925350947,-1975.039060987802,5414.846344365945,2714.46141517598,89.99227985132664,104.03624346792648,21.6
2023-12-25,48.6,62.6,32.0,7.9,6.9,2.3,5.8,-56.60358426476666,25.218106,110.039197,173.73,42.261267762561225,10.434880929027463,22.60688722886173,-0.10310169744743544,0.9981707480458889,25.218106,635.952870227236,0.9795302657838054,5.163241925350947,-1975.039060987802,5414.846344365945,2714.46141517598,89.99227985132664,104.03624346792648,28.8
2023-12-26,49.0,66.2,35.6,6.1,5.6,1.9,3.9,57.49794501868017,25.218106,110.039197,173.73,42.61987597302902,10.437520646456086,22.628878339165496,-0.0859647987374467,0.9981707480458889,25.218106,635.952870227236,0.9795302657838054,5.163241925350947,-1975.039060987802,5414.846344365945,2714.46141517598,89.99227985132664,104.03624346792648,35.3
2023-12-27,52.3,70.0,39.2,5.1,5.4,2.0,3.9,-112.38956015749528,25.218106,110.039197,173.73,45.50398209976367,10.440684229391282,22.654799445118947,-0.06880242680232064,0.9981707480458889,25.218106,635.952870227236,0.9795302657838054,5.163241925350947,-1975.039060987802,5414.846344365945,2714.46141517598,89.99227985132664,104.03624346792648,40.1
2023-12-28,56.2,72.3,39.2,3.3,5.5,2.0,3.9,124.8930631458246,25.218106,110.039197,173.73,48.91446441554873,10.444369626095813,22.684639418963183,-0.05161966722325418,0.9981707480458889,25.218106,635.952870227236,0.9795302657838054,5.163241925350947,-1975.039060987802,5414.846344365945,2714.46141517598,89.99227985132664,104.03624346792648,43.7
2023-12-29,60.7,75.2,44.8,0.9,3.7,1.8,3.9,-102.65785986015014,25.218106,110.039197,173.73,52.85237244906579,10.448574454510535,22.7183851810884,-0.034421611622745804,0.9981707480458889,25.218106,635.952870227236,0.9795302657838054,5.163241925350947,-1975.039060987802,5414.846344365945,2714.46141517598,89.99227985132664,104.03624346792648,48.6
2023-12-30,60.9,74.7,49.1,999.1,2.4,1.8,3.9,122.18501869695395,25.218106,110.039197,173.73,53.050477237832425,10.453296007454664,22.756021700335204,-0.01721335615583528,0.9981707480458889,25.218106,635.952870227236,0.9795302657838054,5.163241925350947,-1975.039060987802,5414.846344365945,2714.46141517598,89.99227985132664,104.03624346792648,53.2
2023-12-31,62.8,73.2,53.6,0.7,2.6,4.4,9.7,14.233922645861787,25.218106,110.039197,173.73,54.73298025282625,10.458531258501832,22.797531994728484,6.432490598706546e-16,0.9981707480458889,25.218106,635.952870227236,0.9795302657838054,5.163241925350947,-1975.039060987802,5414.846344365945,2714.46141517598,89.99227985132664,104.03624346792648,50.9
2024-01-01,55.1,70.0,51.4,1.2,2.3,4.1,7.8,5.931890625608768,25.218106,110.039197,173.73,48.0484712878907,10.464276868506142,22.842897132688286,0.017213356155834685,0.9981707480458889,25.218106,635.952870227236,0.9795302657838054,5.163241925350947,-1975.039060987802,5414.846344365945,2714.46141517598,89.99227985132664,104.03624346792648,50.4
2024-01-02,51.4,60.1,44.6,3.0,3.5,5.2,7.8,172.63441088183913,25.218106,110.039197,173.73,44.84876670894513,10.470529192749837,22.892096234765884,0.03442161162274574,0.9981707480458889,25.218106,635.952870227236,0.9795302657838054,5.163241925350947,-1975.039060987802,5414.846344365945,2714.46141517598,89.99227985132664,104.03624346792648,48.1
2024-01-03,51.0,62.6,41.0,5.4,6.6,5.6,15.5,212.75361779356558,25.218106,110.039197,173.73,44.52845822689779,10.477284288681833,22.945106475957953,0.051619667223253764,0.9981707480458889,25.218106,635.952870227236,0.9795302657838054,5.163241925350947,-1975.039060987802,5414.846344365945,2714.46141517598,89.99227985132664,104.03624346792648,36.4
2024-01-04,55.4,63.0,44.6,0.7,6.6,2.2,5.8,44.227233846488424,25.218106,110.039197,173.73,48.40361675012138,10.484537924214019,23.001903088654633,0.06880242680231986,0.9981707480458889,25.218106,635.952870227236,0.9795302657838054,5.163241925350947,-1975.039060987802,5414.846344365945,2714.46141517598,89.99227985132664,104.03624346792648,42.7
2024-01-05,56.4,63.0,45.5,1.1,3.4,2.0,5.8,-80.55953423206351,25.218106,110.039197,173.73,49.31374225673969,10.49228558654036,23.062459366281505,0.08596479873744647,0.9981707480458889,25.218106,635.952870227236,0.9795302657838054,5.163241925350947,-1975.039060987802,5414.846344365945,2714.46141517598,89.99227985132664,104.03624346792648,52.7
2024-01-06,56.8,60.8,53.1,3.0,2.5,2.6,5.8,13.701457653813216,25.218106,110.039197,173.73,49.70247312615877,10.500522491441995,23.126746667697528,0.10310169744743485,0.9981707480458889,25.218106,635.952870227236,0.9795302657838054,5.163241925350947,-1975.039060987802,5414.846344365945,2714.46141517598,89.99227985132664,104.03624346792648,51.6
2024-01-07,53.6,58.8,51.3,1.7,2.4,3.6,7.8,20.95679970915389,25.218106,110.039197,173.73,46.941288048912,10.509243593039999,23.19473442241428,0.1202080448993527,0.9981707480458889,25.218106,635.952870227236,0.9795302657838054,5.163241925350947,-1975.039060987802,5414.846344365945,2714.46141517598,89.99227985132664,104.03624346792648,51.8
2024-01-08,51.5,55.4,50.0,0.6,3.7,2.7,7.8,17.947412698863875,25.218106,110.039197,173.73,45.1416537573955,10.518443593956233,23.266390136703574,0.13727877211326478,0.9981707480458889,25.218106,635.952870227236,0.9795302657838054,5.163241925350947,-1975.039060987802,5414.846344365945,2714.46141517598,89.99227985132664,104.03624346792648,49.6
2024-01-09,54.2,57.4,50.2,0.7,3.6,1.8,5.8,26.576784166404327,25.218106,110.039197,173.73,47.55199491721808,10.528116955841641,23.341679400662326,0.15430882066428117,0.9981707480458889,25.218106,635.952870227236,0.9795302657838054,5.163241925350947,-1975.039060987802,5414.846344365945,2714.46141517598,89.99227985132664,104.03624346792648,50.9
2024-01-10,58.1,66.2,51.4,2.0,3.7,5.7,13.6,-148.38203158444568,25.218106,110.039197,173.73,51.022732048699446,10.538257910230522,23.42056589630496,0.1712931441814776,0.9981707480458889,25.218106,635.952870227236,0.9795302657838054,5.163241925350947,-1975.039060987802,5414.846344365945,2714.46141517598,89.99227985132664,104.03624346792648,49.4
2024-01-11,54.3,65.5,51.8,1.4,1.7,1.8,3.9,57.11682989041264,25.218106,110.039197,173.73,47.73359362529693,10.54886046967888,23.503011406754332,0.1882267098432442,0.9981707480458889,25.218106,635.952870227236,0.9795302657838054,5.163241925350947,-1975.039060987802,5414.846344365945,2714.46141517598,89.99227985132664,104.03624346792648,52.3
2024-01-12,56.9,59.7,52.2,0.2,1.3,1.2,1.9,53.60246173946048,25.218106,110.039197,173.73,50.07161326561034,10.559918439144536,23.58897582660263,0.2051044998686192,0.9981707480458889,25.218106,635.952870227236,0.9795302657838054,5.163241925350947,-1975.039060987802,5414.846344365945,2714.46141517598,89.99227985132664,104.03624346792648,55.7
2024-01-13,58.5,60.8,54.3,0.9,1.7,1.4,1.9,-88.84763382129151,25.218106,110.039197,173.73,51.53569895938748,10.571425427566663,23.678417173513548,0.2219215130041655,0.9981707480458889,25.218106,635.952870227236,0.9795302657838054,5.163241925350947,-1975.039060987802,5414.846344365945,2714.46141517598,89.99227985132664,104.03624346792648,57.9
2024-01-14,60.8,69.4,53.6,1.9,1.7,1.8,3.9,24.754017424190614,25.218106,110.039197,173.73,53.62243262198664,10.583374859602626,23.771291601136827,0.2386727660059501,0.9981707480458889,25.218106,635.952870227236,0.9795302657838054,5.163241925350947,-1975.039060987802,5414.846344365945,2714.46141517598,89.99227985132664,104.03624346792648,58.3
2024-01-15,60.1,69.8,54.1,2.2,2.3,4.5,7.8,29.089520782831563,25.218106,110.039197,173.73,53.067097937297255,10.595759987480317,23.867553413404856,0.255353295116187,0.9981707480458889,25.218106,635.952870227236,0.9795302657838054,5.163241925350947,-1975.039060987802,5414.846344365945,2714.46141517598,89.99227985132664,104.03624346792648,53.7
2024-01-16,61.5,71.1,54.0,0.9,2.1,2.5,3.9,49.338646026617724,25.218106,110.039197,173.73,54.368941252489726,10.608573902924824,23.967155080280104,0.2719581575341055,0.9981707480458889,25.218106,635.952870227236,0.9795302657838054,5.163241925350947,-1975.039060987802,5414.846344365945,2714.46141517598,89.99227985132664,104.03624346792648,54.0
2024-01-17,63.3,71.6,54.1,998.5,2.6,2.3,3.9,-100.07666154332516,25.218106,110.039197,173.73,56.030045371603265,10.621809549119103,24.070047255019972,0.288482432880609,0.9981707480458889,25.218106,635.952870227236,0.9795302657838054,5.163241925350947,-1975.039060987802,5414.846344365945,2714.46141517598,89.99227985132664,104.03624346792648,56.9
2024-01-18,57.1,70.7,50.4,997.4,3.1,4.7,9.7,44.389488284123644,25.218106,110.039197,173.73,50.607062561236766,10.635459732659214,24.17617879302377,0.30492122465628907,0.9981707480458889,25.218106,635.952870227236,0.9795302657838054,5.163241925350947,-1975.039060987802,5414.846344365945,2714.46141517598,89.99227985132664,104.03624346792648,52.9
2024-01-19,47.1,59.4,41.7,0.2,7.5,5.5,7.8,-28.78088339586797,25.218106,110.039197,173.73,41.799354756703906,10.649517135465963,24.285496772323434,0.3212696616923644,0.9981707480458889,25.218106,635.952870227236,0.9795302657838054,5.163241925350947,-1975.039060987802,5414.846344365945,2714.46141517598,89.99227985132664,104.03624346792648,43.6
2024-01-20,44.5,50.2,41.5,5.3,8.0,6.2,9.7,21.035224651179508,25.218106,110.039197,173.73,39.545571461201014,10.663974326616005,24.397946515777136,0.3375228995941133,0.9981707480458889,25.218106,635.952870227236,0.9795302657838054,5.163241925350947,-1975.039060987802,5414.846344365945,2714.46141517598,89.99227985132664,104.03624346792648,38.7
2024-01-21,41.1,47.3,37.4,7.5,5.4,6.9,9.7,80.27396302140386,25.218106,110.039197,173.73,36.57497142614528,10.678823774057017,24.513471615020997,0.3536761221763716,0.9981707480458889,25.218106,635.952870227236,0.9795302657838054,5.163241925350947,-1975.039060987802,5414.846344365945,2714.46141517598,89.99227985132664,104.03624346792648,36.2
2024-01-22,34.6,45.0,31.1,14.4,5.5,9.6,13.6,26.4,25.218106,110.039197,173.73,30.834533485298916,10.694057856173034,24.632013956230576,0.3697245428906731,0.9981707480458889,25.218106,635.952870227236,0.9795302657838054,5.163241925350947,-1975.039060987802,5414.846344365945,2714.46141517598,89.99227985132664,104.03624346792648,28.8
2024-01-23,35.0,41.0,30.6,15.6,8.2,9.4,13.6,27.4,25.218106,110.039197,173.73,31.236534213406244,10.709668873167855,24.75351374773983,0.38566340624360707,0.9981707480458889,25.218106,635.952870227236,0.9795302657838054,5.163241925350947,-1975.039060987802,5414.846344365945,2714.46141517598,89.99227985132664,104.03624346792648,20.3
2024-01-24,35.5,39.2,30.6,14.0,6.7,4.9,7.8,61.1403511135721,25.218106,110.039197,173.73,31.730045130615174,10.725649058236115,24.877909549560474,0.401487989205973,0.9981707480458889,25.218106,635.952870227236,0.9795302657838054,5.163241925350947,-1975.039060987802,5414.846344365945,2714.46141517598,89.99227985132664,104.03624346792648,22.3
2024-01-25,42.2,47.1,30.9,11.9,8.3,3.9,7.8,-79.58474777141126,25.218106,110.039197,173.73,37.776000236202314,10.741990588493548,25.005138304840212,0.4171936026123168,0.9981707480458889,25.218106,635.952870227236,0.9795302657838054,5.163241925350947,-1975.039060987802,5414.846344365945,2714.46141517598,89.99227985132664,104.03624346792648,22.6
2024-01-26,40.9,47.1,36.0,11.0,4.6,2.7,5.8,33.03052117570281,25.218106,110.039197,173.73,36.66918673847264,10.758685595639895,25.135135373293235,0.4327755925504312,0.9981707480458889,25.218106,635.952870227236,0.9795302657838054,5.163241925350947,-1975.039060987802,5414.846344365945,2714.46141517598,89.99227985132664,104.03624346792648,33.4
2024-01-27,43.4,47.1,38.7,10.4,4.5,2.6,7.8,166.64976229595982,25.218106,110.039197,173.73,38.9722096710596,10.775726176329844,25.267834566630857,0.4482293417404106,0.9981707480458889,25.218106,635.952870227236,0.9795302657838054,5.163241925350947,-1975.039060987802,5414.846344365945,2714.46141517598,89.99227985132664,104.03624346792648,38.7
2024-01-28,42.9,47.1,39.9,9.1,3.2,2.4,5.8,-68.00829967995116,25.218106,110.039197,173.73,38.58534823797036,10.79310440222947,25.403168186015204,0.4635502709028509,0.9981707480458889,25.218106,635.952870227236,0.9795302657838054,5.163241925350947,-1975.039060987802,5414.846344365945,2714.46141517598,89.99227985132664,104.03624346792648,39.6
2024-01-29,44.1,45.5,41.0,4.0,2.0,1.5,3.9,95.96748728566526,25.218106,110.039197,173.73,39.729735311785774,10.810812329737624,25.54106706155256,0.47873384011578846,0.9981707480458889,25.218106,635.952870227236,0.9795302657838054,5.163241925350947,-1975.039060987802,5414.846344365945,2714.46141517598,89.99227985132664,104.03624346792648,43.3
2024-01-30,48.6,50.0,41.5,0.2,1.9,1.5,1.9,51.576812198591114,25.218106,110.039197,173.73,43.85681013788254,10.828842009353712,25.681460593837517,0.49377555015997715,0.9981707480458889,25.218106,635.952870227236,0.9795302657838054,5.163241925350947,-1975.039060987802,5414.846344365945,2714.46141517598,89.99227985132664,104.03624346792648,47.9
2024-01-31,54.0,57.2,45.0,997.2,1.4,1.8,5.8,72.7017040341022,25.218106,110.039197,173.73,48.81233472603959,10.847185494675465,25.824276797552763,0.5086709438521044,0.9981707480458889,25.218106,635.952870227236,0.9795302657838054,5.163241925350947,-1975.039060987802,5414.846344365945,2714.46141517598,89.99227985132664,104.03624346792648,53.7
2024-02-01,57.2,73.4,46.4,997.9,7.6,5.0,9.7,-27.457964483280435,25.218106,110.039197,173.73,51.79381278982446,10.865834851012124,25.969442347123397,0.5234156073655503,0.9981707480458889,25.218106,635.952870227236,0.9795302657838054,5.163241925350947,-1975.039060987802,5414.846344365945,2714.46141517598,89.99227985132664,104.03624346792648,52.9
2024-02-02,45.0,61.9,41.0,0.6,9.5,5.6,9.7,-23.960826563022074,25.218106,110.039197,173.73,40.817933113502164,10.884782163600578,26.116882624418174,0.5380051715382996,0.9981707480458889,25.218106,635.952870227236,0.9795302657838054,5.163241925350947,-1975.039060987802,5414.846344365945,2714.46141517598,89.99227985132664,104.03624346792648,40.1
2024-02-03,39.8,48.0,36.7,2.1,9.0,6.1,7.8,125.78179707743824,25.218106,110.039197,173.73,36.1649981589558,10.904019545413808,26.26652176848382,0.5524353131676196,0.9981707480458889,25.218106,635.952870227236,0.9795302657838054,5.163241925350947,-1975.039060987802,5414.846344365945,2714.46141517598,89.99227985132664,104.03624346792648,35.9
2024-02-04,39.7,42.8,36.5,3.3,7.8,5.5,7.8,-11.409270799657936,25.218106,110.039197,173.73,36.138708669896076,10.923539144552969,26.418282727292073,0.5667017562911176,0.9981707480458889,25.218106,635.952870227236,0.9795302657838054,5.163241925350947,-1975.039060987802,5414.846344365945,2714.46141517598,89.99227985132664,104.03624346792648,35.8
2024-02-05,38.1,42.8,35.6,4.5,5.9,5.7,9.7,-104.74019744194632,25.218106,110.039197,173.73,34.745082755111234,10.943333151216136,26.57208731147273,0.5808002734538009,0.9981707480458889,25.218106,635.952870227236,0.9795302657838054,5.163241925350947,-1975.039060987802,5414.846344365945,2714.46141517598,89.99227985132664,104.03624346792648,34.2
2024-02-06,37.4,40.3,35.6,5.2,8.8,4.4,5.8,36.89422262746339,25.218106,110.039197,173.73,34.169244023210354,10.963393804238615,26.72785624999939,0.5947266869607634,0.9981707480458889,25.218106,635.952870227236,0.9795302657838054,5.163241925350947,-1975.039060987802,5414.846344365945,2714.46141517598,89.99227985132664,104.03624346792648,34.3
2024-02-07,37.9,41.0,35.6,4.3,7.9,5.4,7.8,-75.38273889037737,25.218106,110.039197,173.73,34.69022814616064,10.98371339720126,26.885509247788324,0.6084768701151261,0.9981707480458889,25.218106,635.952870227236,0.9795302657838054,5.163241925350947,-1975.039060987802,5414.846344365945,2714.46141517598,89.99227985132664,104.03624346792648,33.9
2024-02-08,40.2,42.8,36.3,5.7,4.7,4.9,7.8,83.67733489245474,25.218106,110.039197,173.73,36.86435235175154,11.004284284104937,27.044965045164172,0.6220467484408675,0.9981707480458889,25.218106,635.952870227236,0.9795302657838054,5.163241925350947,-1975.039060987802,5414.846344365945,2714.46141517598,89.99227985132664,104.03624346792648,33.6
2024-02-09,46.5,59.0,32.0,8.7,5.0,3.7,7.8,45.112782866720394,25.218106,110.039197,173.73,42.72225817786662,11.02509888461074,27.20614147914025,0.6354323008901774,0.9981707480458889,25.218106,635.952870227236,0.9795302657838054,5.163241925350947,-1975.039060987802,5414.846344365945,2714.46141517598,89.99227985132664,104.03624346792648,34.9
2024-02-10,48.9,68.9,33.8,9.0,5.1,1.9,3.9,106.02006635415393,25.218106,110.039197,173.73,45.0130599820514,11.04614968884697,27.36895554645451,0.6486295610349814,0.9981707480458889,25.218106,635.952870227236,0.9795302657838054,5.163241925350947,-1975.039060987802,5414.846344365945,2714.46141517598,89.99227985132664,104.03624346792648,36.6
2024-02-11,53.1,73.4,37.4,7.3,6.1,1.9,3.9,76.71794283404073,25.218106,110.039197,173.73,48.97337448339989,11.067429261785286,27.533323468296402,0.6616346182422783,0.9981707480458889,25.218106,635.952870227236,0.9795302657838054,5.163241925350947,-1975.039060987802,5414.846344365945,2714.46141517598,89.99227985132664,104.03624346792648,39.4
2024-02-12,59.0,73.6,38.7,2.9,6.2,2.7,11.7,-81.30864221921367,25.218106,110.039197,173.73,54.52057371534885,11.088930247189596,27.699160756653704,0.6744436188329455,0.9981707480458889,25.218106,635.952870227236,0.9795302657838054,5.163241925350947,-1975.039060987802,5414.846344365945,2714.46141517598,89.99227985132664,104.03624346792648,45.1
2024-02-13,56.3,73.6,44.6,1.0,1.6,1.8,3.9,-13.029074506487882,25.218106,110.039197,173.73,52.127444532943585,11.110645371142505,27.866382282202476,0.6870527672236669,0.9981707480458889,25.218106,635.952870227236,0.9795302657838054,5.163241925350947,-1975.039060987802,5414.846344365945,2714.46141517598,89.99227985132664,104.03624346792648,54.8
2024-02-14,61.7,66.7,56.1,998.9,2.2,1.5,3.9,71.67583882045565,25.218106,110.039197,173.73,57.23995094717263,11.13256744515513,28.034902343657585,0.699458327051647,0.9981707480458889,25.218106,635.952870227236,0.9795302657838054,5.163241925350947,-1975.039060987802,5414.846344365945,2714.46141517598,89.99227985132664,104.03624346792648,59.8
2024-02-15,53.2,66.7,48.2,4.9,6.3,5.4,19.4,9.844259148659368,25.218106,110.039197,173.73,49.45245620197744,11.154689368867091,28.204634738495834,0.7116566222817746,0.9981707480458889,25.218106,635.952870227236,0.9795302657838054,5.163241925350947,-1975.039060987802,5414.846344365945,2714.46141517598,89.99227985132664,104.03624346792648,49.0
2024-02-16,54.1,59.7,48.2,998.8,6.0,2.1,3.9,167.69774968451844,25.218106,110.039197,173.73,50.38966029665253,11.177004132344369,28.37549283495821,0.7236440382959124,0.9981707480458889,25.218106,635.952870227236,0.9795302657838054,5.163241925350947,-1975.039060987802,5414.846344365945,2714.46141517598,89.99227985132664,104.03624346792648,46.9
2024-02-17,57.3,69.8,48.7,992.8,2.2,3.1,15.5,17.5,25.218106,110.039197,173.73,53.47763550587135,11.199504817983529,28.5473896452328,0.7354170229639855,0.9981707480458889,25.218106,635.952870227236,0.9795302657838054,5.163241925350947,-1975.039060987802,5414.846344365945,2714.46141517598,89.99227985132664,104.03624346792648,55.9
2024-02-18,71.7,78.1,53.6,990.3,6.9,8.3,17.5,23.3,25.218106,110.039197,173.73,67.05255299713828,11.222184602031511,28.720237899715045,0.7469720876965552,0.9981707480458889,25.218106,635.952870227236,0.9795302657838054,5.163241925350947,-1975.039060987802,5414.846344365945,2714.46141517598,89.99227985132664,104.03624346792648,64.0
2024-02-19,74.6,86.0,59.2,990.0,6.8,5.9,15.5,23.3,25.218106,110.039197,173.73,69.90664516479313,11.2450367557308,28.893950122237314,0.7583058084785624,0.9981707480458889,25.218106,635.952870227236,0.9795302657838054,5.163241925350947,-1975.039060987802,5414.846344365945,2714.46141517598,89.99227985132664,104.03624346792648,65.7
2024-02-20,76.9,84.2,64.4,988.1,6.4,9.9,19.4,25.3,25.218106,110.039197,173.73,72.20945019042652,11.268054646100367,29.068438706155565,0.7694148268839378,0.9981707480458889,25.218106,635.952870227236,0.9795302657838054,5.163241925350947,-1975.039060987802,5414.846344365945,2714.46141517598,89.99227985132664,104.03624346792648,66.6
2024-02-21,51.8,78.8,37.4,997.0,9.2,10.6,17.5,80.86933000865398,25.218106,110.039197,173.73,48.740483661968,11.291231736363244,29.24361599117677,0.7802958510707755,0.9981707480458889,25.218106,635.952870227236,0.9795302657838054,5.163241925350947,-1975.039060987802,5414.846344365945,2714.46141517598,89.99227985132664,104.03624346792648,42.8
2024-02-22,36.3,59.0,33.8,6.0,10.1,8.4,11.7,-148.75376245240386,25.218106,110.039197,173.73,34.226548797746695,11.314561586031965,29.41939434080684,0.7909456567567772,0.9981707480458889,25.218106,635.952870227236,0.9795302657838054,5.163241925350947,-1975.039060987802,5414.846344365945,2714.46141517598,89.99227985132664,104.03624346792648,29.2
2024-02-23,34.2,37.9,32.0,8.1,8.6,6.6,9.7,115.675815528323,25.218106,110.039197,173.73,32.31340787439098,11.3380378506635,29.59568622029576,0.8013610881746766,0.9981707480458889,25.218106,635.952870227236,0.9795302657838054,5.163241925350947,-1975.039060987802,5414.846344365945,2714.46141517598,89.99227985132664,104.03624346792648,29.8
2024-02-24,34.5,36.3,32.0,8.9,9.6,5.2,7.8,-85.23936691937953,25.218106,110.039197,173.73,32.66475605872455,11.361654281295495,29.772404274953185,0.8115390590073611,0.9981707480458889,25.218106,635.952870227236,0.9795302657838054,5.163241925350947,-1975.039060987802,5414.846344365945,2714.46141517598,89.99227985132664,104.03624346792648,30.8
2024-02-25,37.7,41.0,32.5,6.8,7.1,4.3,7.8,18.1,25.218106,110.039197,173.73,35.769146506567736,11.385404723575936,29.949461408704998,0.8214765533024142,0.9981707480458889,25.218106,635.952870227236,0.9795302657838054,5.163241925350947,-1975.039060987802,5414.846344365945,2714.46141517598,89.99227985132664,104.03624346792648,33.7
2024-02-26,39.6,41.9,35.6,7.3,7.7,4.8,7.8,-70.24334666543,25.218106,110.039197,173.73,37.65063428477484,11.409283116598436,30.1267708627591,0.8311706263658079,0.9981707480458889,25.218106,635.952870227236,0.9795302657838054,5.163241925350947,-1975.039060987802,5414.846344365945,2714.46141517598,89.99227985132664,104.03624346792648,35.8
2024-02-27,41.9,46.4,36.7,4.6,4.5,4.2,7.8,66.87867162081218,25.218106,110.039197,173.73,39.92121485766538,11.43328349145548,30.304246294246447,0.8406184056344782,0.9981707480458889,25.218106,635.952870227236,0.9795302657838054,5.163241925350947,-1975.039060987802,5414.846344365945,2714.46141517598,89.99227985132664,104.03624346792648,36.2
2024-02-28,42.5,45.5,39.4,1.7,2.1,4.2,7.8,104.91429880169036,25.218106,110.039197,173.73,40.57829155872383,11.457399969522024,30.48180185470168,0.8498170915275278,0.9981707480458889,25.218106,635.952870227236,0.9795302657838054,5.163241925350947,-1975.039060987802,5414.846344365945,2714.46141517598,89.99227985132664,104.03624346792648,40.9
2024-02-29,44.9,48.2,39.6,6.3,5.9,8.1,15.5,31.04931982831541,25.218106,110.039197,173.73,42.96042012880289,11.481626760481841,30.65935226824629,0.8587639582758029,0.9981707480458889,25.218106,635.952870227236,0.9795302657838054,5.163241925350947,-1975.039060987802,5414.846344365945,2714.46141517598,89.99227985132664,104.03624346792648,37.4
2024-03-01,45.4,51.3,40.5,7.7,4.1,7.8,13.6,-23.01088223589398,25.218106,110.039197,173.73,43.53087503907913,11.50595816010902,30.836812909336388,0.8674563547295969,0.9981707480458889,25.218106,635.952870227236,0.9795302657838054,5.163241925350947,-1975.039060987802,5414.846344365945,2714.46141517598,89.99227985132664,104.03624346792648,33.8
2024-03-02,50.1,59.7,42.6,2.3,6.2,3.4,9.7,-13.360477208966987,25.218106,110.039197,173.73,48.1393721871356,11.53038854781691,31.0140998799365,0.8758917051442429,0.9981707480458889,25.218106,635.952870227236,0.9795302657838054,5.163241925350947,-1975.039060987802,5414.846344365945,2714.46141517598,89.99227985132664,104.03624346792648,37.0
2024-03-03,48.6,59.7,42.8,994.1,2.3,2.2,3.9,-19.978004112712735,25.218106,110.039197,173.73,46.79739515514644,11.554912383986775,31.19113008598038,0.8840675099433636,0.9981707480458889,25.218106,635.952870227236,0.9795302657838054,5.163241925350947,-1975.039060987802,5414.846344365945,2714.46141517598,89.99227985132664,104.03624346792648,45.9
2024-03-04,56.4,59.0,46.9,986.3,1.3,1.7,3.9,-26.538060789656118,25.218106,110.039197,173.73,54.42376377331504,11.579524207088307,31.367821312980436,0.8919813464595485,0.9981707480458889,25.218106,635.952870227236,0.9795302657838054,5.163241925350947,-1975.039060987802,5414.846344365945,2714.46141517598,89.99227985132664,104.03624346792648,55.7
2024-03-05,56.2,62.6,49.6,992.0,7.1,6.6,9.7,-37.57007786123731,25.218106,110.039197,173.73,54.34642391999523,11.604218630603963,31.54409230064738,0.8996308696522433,0.9981707480458889,25.218106,635.952870227236,0.9795302657838054,5.163241925350947,-1975.039060987802,5414.846344365945,2714.46141517598,89.99227985132664,104.03624346792648,49.7
2024-03-06,57.3,66.2,51.4,998.5,5.2,8.3,15.5,46.51013775308335,25.218106,110.039197,173.73,55.52842887239708,11.628990339769024,31.719862816383053,0.9070138128026359,0.9981707480458889,25.218106,635.952870227236,0.9795302657838054,5.163241925350947,-1975.039060987802,5414.846344365945,2714.46141517598,89.99227985132664,104.03624346792648,39.6
2024-03-07,56.1,64.8,51.3,1.5,5.3,5.7,9.7,122.19653437836207,25.218106,110.039197,173.73,54.48167436204994,11.653834088139023,31.89505372751041,0.9141279881853337,0.9981707480458889,25.218106,635.952870227236,0.9795302657838054,5.163241925350947,-1975.039060987802,5414.846344365945,2714.46141517598,89.99227985132664,104.03624346792648,42.7
2024-03-08,58.8,66.9,51.4,0.5,5.9,4.1,9.7,-23.913738013634926,25.218106,110.039197,173.73,57.22584900058105,11.678744693996133,32.06958707210649,0.9209712877166346,0.9981707480458889,25.218106,635.952870227236,0.9795302657838054,5.163241925350947,-1975.039060987802,5414.846344365945,2714.46141517598,89.99227985132664,104.03624346792648,44.0
2024-03-09,53.0,66.9,51.4,1.6,2.5,2.8,5.8,-57.40527253678753,25.218106,110.039197,173.73,51.69141691167553,11.70371703660578,32.243386128306135,0.9275416835791966,0.9981707480458889,25.218106,635.952870227236,0.9795302657838054,5.163241925350947,-1975.039060987802,5414.846344365945,2714.46141517598,89.99227985132664,104.03624346792648,49.3
2024-03-10,53.0,56.8,51.3,2.6,2.5,2.6,3.9,91.62310654239351,25.218106,110.039197,173.73,51.801961731144985,11.728746052334714,32.41637548194663,0.9338372288229252,0.9981707480458889,25.218106,635.952870227236,0.9795302657838054,5.163241925350947,-1975.039060987802,5414.846344365945,2714.46141517598,89.99227985132664,104.03624346792648,50.6
2024-03-11,59.2,75.2,46.4,1.4,6.4,2.8,3.9,65.10768816497693,25.218106,110.039197,173.73,57.98554520449801,11.753826730641487,32.588481092426555,0.9398560579418954,0.9981707480458889,25.218106,635.952870227236,0.9795302657838054,5.163241925350947,-1975.039060987802,5414.846344365945,2714.46141517598,89.99227985132664,104.03624346792648,50.6
2024-03-12,64.7,77.0,48.2,999.9,5.7,2.6,5.8,132.91736061050048,25.218106,110.039197,173.73,63.508194242814504,11.778954109950138,32.759630356654554,0.9455963874271426,0.9981707480458889,25.218106,635.952870227236,0.9795302657838054,5.163241925350947,-1975.039060987802,5414.846344365945,2714.46141517598,89.99227985132664,104.03624346792648,52.3
2024-03-13,56.8,60.8,55.4,999.9,4.8,2.4,5.8,-64.9239327129591,25.218106,110.039197,173.73,55.87285016084396,11.804123273417739,32.92975217096808,0.9510565162951535,0.9981707480458889,25.218106,635.952870227236,0.9795302657838054,5.163241925350947,-1975.039060987802,5414.846344365945,2714.46141517598,89.99227985132664,104.03624346792648,53.9
2024-03-14,57.5,59.2,55.4,999.9,2.4,1.9,3.9,-74.9710063772026,25.218106,110.039197,173.73,56.68220310957147,11.829329344606219,33.09877699090534,0.9562348265919056,0.9981707480458889,25.218106,635.952870227236,0.9795302657838054,5.163241925350947,-1975.039060987802,5414.846344365945,2714.46141517598,89.99227985132664,104.03624346792648,55.9
2024-03-15,58.7,59.9,56.5,996.8,1.8,2.3,3.9,19.31914034468885,25.218106,110.039197,173.73,57.98859260467819,11.854567483068795,33.26663688871817,0.9611297838723007,0.9981707480458889,25.218106,635.952870227236,0.9795302657838054,5.163241925350947,-1975.039060987802,5414.846344365945,2714.46141517598,89.99227985132664,104.03624346792648,57.9
2024-03-16,62.5,65.1,56.5,996.6,2.1,1.5,3.9,33.6118735104617,25.218106,110.039197,173.73,61.874129582610216,11.879832879861162,33.43326560851776,0.9657399376548549,0.9981707480458889,25.218106,635.952870227236,0.9795302657838054,5.163241925350947,-1975.039060987802,5414.846344365945,2714.46141517598,89.99227985132664,104.03624346792648,61.3
2024-03-17,68.3,78.8,59.0,995.6,4.1,3.0,11.7,13.599915233995011,25.218106,110.039197,173.73,67.75997895242011,11.905120752987429,33.598598618950305,0.9700639218515071,0.9981707480458889,25.218106,635.952870227236,0.9795302657838054,5.163241925350947,-1975.039060987802,5414.846344365945,2714.46141517598,89.99227985132664,104.03624346792648,63.7
2024-03-18,58.0,78.8,52.9,0.9,7.6,5.9,13.6,43.94887804844055,25.218106,110.039197,173.73,57.663727323488494,11.930426342790723,33.762573163304275,0.9741004551724205,0.9981707480458889,25.218106,635.952870227236,0.9795302657838054,5.163241925350947,-1975.039060987802,5414.846344365945,2714.46141517598,89.99227985132664,104.03624346792648,53.3
2024-03-19,58.4,69.8,50.0,5.8,8.8,5.6,15.5,-50.8469318382484,25.218106,110.039197,173.73,58.18462521551804,11.955744907298227,33.92512830695659,0.9778483415056568,0.9981707480458889,25.218106,635.952870227236,0.9795302657838054,5.163241925350947,-1975.039060987802,5414.846344365945,2714.46141517598,89.99227985132664,104.03624346792648,40.8
2024-03-20,62.8,70.9,52.5,3.0,6.9,3.2,7.8,10.489666434792326,25.218106,110.039197,173.73,62.70094198840891,11.981071717530364,34.086204982070555,0.9813064702716093,0.9981707480458889,25.218106,635.952870227236,0.9795302657838054,5.163241925350947,-1975.039060987802,5414.846344365945,2714.46141517598,89.99227985132664,104.03624346792648,43.8
2024-03-21,61.6,70.9,56.7,993.8,4.2,2.2,5.8,46.65253857508263,25.218106,110.039197,173.73,61.6328638709566,12.006402052783754,34.24574602946411,0.9844738167520922,0.9981707480458889,25.218106,635.952870227236,0.9795302657838054,5.163241925350947,-1975.039060987802,5414.846344365945,2714.46141517598,89.99227985132664,104.03624346792648,54.0
2024-03-22,63.9,66.2,59.0,988.5,1.2,2.1,3.9,-3.6622615523254574,25.218106,110.039197,173.73,64.06896861815414,12.031731195897493,34.40369623757312,0.9873494423939864,0.9981707480458889,25.218106,635.952870227236,0.9795302657838054,5.163241925350947,-1975.039060987802,5414.846344365945,2714.46141517598,89.99227985132664,104.03624346792648,63.2
2024-03-23,75.6,82.6,60.1,988.5,6.0,6.6,17.5,59.91345826542553,25.218106,110.039197,173.73,75.95944289962773,12.05705442851234,34.56000237844059,0.989932495087353,0.9981707480458889,25.218106,635.952870227236,0.9795302657838054,5.163241925350947,-1975.039060987802,5414.846344365945,2714.46141517598,89.99227985132664,104.03624346792648,68.5
2024-03-24,79.6,87.8,66.0,990.8,5.9,8.0,17.5,27.2,25.218106,110.039197,173.73,80.14636794133749,12.082367026332285,34.71461324066924,0.9922222094179323,0.9981707480458889,25.218106,635.952870227236,0.9795302657838054,5.163241925350947,-1975.039060987802,5414.846344365945,2714.46141517598,89.99227985132664,104.03624346792648,69.2
2024-03-25,69.4,85.5,57.2,996.8,9.3,8.1,13.6,13.031813061206249,25.218106,110.039197,173.73,70.02265827126892,12.107664254398083,34.86747965928126,0.994217906893952,0.9981707480458889,25.218106,635.952870227236,0.9795302657838054,5.163241925350947,-1975.039060987802,5414.846344365945,2714.46141517598,89.99227985132664,104.03624346792648,59.3
2024-03-26,66.5,84.6,59.0,0.4,10.7,3.4,7.8,-17.423142025293856,25.218106,110.039197,173.73,67.23671671653499,12.132941362382253,35.01855454243625,0.995918996147179,0.9981707480458889,25.218106,635.952870227236,0.9795302657838054,5.163241925350947,-1975.039060987802,5414.846344365945,2714.46141517598,89.99227985132664,104.03624346792648,51.1
2024-03-27,68.2,73.2,63.0,994.4,4.1,2.2,5.8,-29.265681337699416,25.218106,110.039197,173.73,69.09906684585127,12.158193579915178,35.16779289496462,0.9973249731081555,0.9981707480458889,25.218106,635.952870227236,0.9795302657838054,5.163241925350947,-1975.039060987802,5414.846344365945,2714.46141517598,89.99227985132664,104.03624346792648,62.0
2024-04-01,78.0,81.7,70.0,999.9,6.1,5.8,9.7,-2.1288173502589203,25.218106,110.039197,173.73,79.84543037734662,12.283912365745634,35.885010920209375,0.9999166586547379,0.9981707480458889,25.218106,635.952870227236,0.9795302657838054,5.163241925350947,-1975.039060987802,5414.846344365945,2714.46141517598,89.99227985132664,104.03624346792648,70.1
2024-04-02,79.7,89.6,70.0,999.9,6.1,7.3,19.4,-136.64519550510468,25.218106,110.039197,173.73,81.75169959167727,12.308913363866086,36.0224047527165,0.9995462806873573,0.9981707480458889,25.218106,635.952870227236,0.9795302657838054,5.163241925350947,-1975.039060987802,5414.846344365945,2714.46141517598,89.99227985132664,104.03624346792648,71.8
2024-04-03,74.3,92.8,64.4,987.9,7.8,6.2,17.5,60.51559954239359,25.218106,110.039197,173.73,76.36711971827874,12.33385513619576,36.157707090206216,0.9988797155850336,0.9981707480458889,25.218106,635.952870227236,0.9795302657838054,5.163241925350947,-1975.039060987802,5414.846344365945,2714.46141517598,89.99227985132664,104.03624346792648,67.3
2024-04-04,63.5,86.2,59.0,993.3,8.6,6.2,9.7,103.89607476003175,25.218106,110.039197,173.73,65.39829329261958,12.358732590731261,36.290890167556185,0.9979171608653922,0.9981707480458889,25.218106,635.952870227236,0.9795302657838054,5.163241925350947,-1975.039060987802,5414.846344365945,2714.46141517598,89.99227985132664,104.03624346792648,58.1
2024-04-05,60.1,66.2,58.1,994.0,6.1,3.7,7.8,-13.924438148508955,25.218106,110.039197,173.73,62.02089905341487,12.383540576388993,36.42192838132776,0.9966589017541702,0.9981707480458889,25.218106,635.952870227236,0.9795302657838054,5.163241925350947,-1975.039060987802,5414.846344365945,2714.46141517598,89.99227985132664,104.03624346792648,58.2
2024-04-06,58.6,62.1,56.8,994.6,6.1,3.2,5.8,-122.28876794383083,25.218106,110.039197,173.73,60.593737443387084,12.408273879191894,36.55079828068523,0.9951053111006976,0.9981707480458889,25.218106,635.952870227236,0.9795302657838054,5.163241925350947,-1975.039060987802,5414.846344365945,2714.46141517598,89.99227985132664,104.03624346792648,56.8
2024-04-07,59.8,62.6,56.8,994.3,7.9,3.2,5.8,194.18542085580677,25.218106,110.039197,173.73,61.95742063935837,12.432927218600343,36.6774785551332,0.9932568492674143,0.9981707480458889,25.218106,635.952870227236,0.9795302657838054,5.163241925350947,-1975.039060987802,5414.846344365945,2714.46141517598,89.99227985132664,104.03624346792648,56.2
2024-04-08,67.4,77.0,57.2,996.8,9.2,4.1,7.8,-35.11433177266368,25.218106,110.039197,173.73,69.96959828712504,12.45749524399852,36.80195001911438,0.9911140639934547,0.9981707480458889,25.218106,635.952870227236,0.9795302657838054,5.163241925350947,-1975.039060987802,5414.846344365945,2714.46141517598,89.99227985132664,104.03624346792648,57.7
2024-04-09,72.3,82.0,60.6,997.1,8.8,4.2,11.7,-74.06945637750377,25.218106,110.039197,173.73,75.2038845013696,12.481972531347653,36.9241955935167,0.9886775902323405,0.9981707480458889,25.218106,635.952870227236,0.9795302657838054,5.163241925350947,-1975.039060987802,5414.846344365945,2714.46141517598,89.99227985132664,104.03624346792648,57.0
2024-04-10,65.0,82.0,64.4,997.1,2.4,2.3,3.9,-13.531978409130435,25.218106,110.039197,173.73,67.74274855842941,12.506353580017736,37.04420028414492,0.9859481499638304,0.9981707480458889,25.218106,635.952870227236,0.9795302657838054,5.163241925350947,-1975.039060987802,5414.846344365945,2714.46141517598,89.99227985132664,104.03624346792648,62.9
2024-04-11,67.9,69.8,64.4,995.0,2.5,1.9,3.9,61.93634773369911,25.218106,110.039197,173.73,70.90249731550577,12.53063280980956,37.16195115721835,0.9829265519799822,0.9981707480458889,25.218106,635.952870227236,0.9795302657838054,5.163241925350947,-1975.039060987802,5414.846344365945,2714.46141517598,89.99227985132664,104.03624346792648,67.2
2024-04-12,72.9,80.6,64.9,991.8,2.2,2.4,7.8,-30.649811266241635,25.218106,110.039197,173.73,76.27043769093684,12.554804558178905,37.2774373119621,0.9796136916454901,0.9981707480458889,25.218106,635.952870227236,0.9795302657838054,5.163241925350947,-1975.039060987802,5414.846344365945,2714.46141517598,89.99227985132664,104.03624346792648,70.9
2024-04-13,77.7,84.6,68.7,988.5,6.3,5.8,15.5,36.34011658093937,25.218106,110.039197,173.73,81.44813842794589,12.57886307767504,37.390649850365314,0.9760105506323683,0.9981707480458889,25.218106,635.952870227236,0.9795302657838054,5.163241925350947,-1975.039060987802,5414.846344365945,2714.46141517598,89.99227985132664,104.03624346792648,71.9
2024-04-14,77.7,86.2,69.8,990.1,4.9,4.0,13.6,1.6303702092998549,25.218106,110.039197,173.73,81.60314640509678,12.60280253360568,37.501581844185246,0.9721181966290613,0.9981707480458889,25.218106,635.952870227236,0.9795302657838054,5.163241925350947,-1975.039060987802,5414.846344365945,2714.46141517598,89.99227985132664,104.03624346792648,72.3
2024-04-15,78.9,86.2,72.0,990.9,4.3,2.7,5.8,-84.1174280484672,25.218106,110.039197,173.73,83.02000678776005,12.626617001940692,37.610228299281374,0.9679377830240642,0.9981707480458889,25.218106,635.952870227236,0.9795302657838054,5.163241925350947,-1975.039060987802,5414.846344365945,2714.46141517598,89.99227985132664,104.03624346792648,73.7
2024-04-16,74.6,84.6,66.2,988.8,5.2,4.7,13.6,-15.905522964532654,25.218106,110.039197,173.73,78.64270123941952,12.650300467466948,37.71658611736902,0.9634705485641488,0.9981707480458889,25.218106,635.952870227236,0.9795302657838054,5.163241925350947,-1975.039060987802,5414.846344365945,2714.46141517598,89.99227985132664,104.03624346792648,70.3
2024-04-17,69.9,82.9,66.4,990.6,4.6,3.1,9.7,65.77846087081552,25.218106,110.039197,173.73,73.8251577393538,12.67384682220666,37.82065405528635,0.9587178169872964,0.9981707480458889,25.218106,635.952870227236,0.9795302657838054,5.163241925350947,-1975.039060987802,5414.846344365945,2714.46141517598,89.99227985132664,104.03624346792648,67.8
2024-04-18,70.4,74.5,68.0,986.4,5.9,3.6,11.7,41.15716124712135,25.218106,110.039197,173.73,74.49053253612165,12.697249864111642,37.922432681873474,0.9536809966304457,0.9981707480458889,25.218106,635.952870227236,0.9795302657838054,5.163241925350947,-1975.039060987802,5414.846344365945,2714.46141517598,89.99227985132664,104.03624346792648,68.6
2024-04-19,72.8,79.5,68.0,984.5,5.3,3.2,7.8,-80.65031809797205,25.218106,110.039197,173.73,77.171053329345,12.72050329604588,38.02192433256636,0.9483615800121715,0.9981707480458889,25.218106,635.952870227236,0.9795302657838054,5.163241925350947,-1975.039060987802,5414.846344365945,2714.46141517598,89.99227985132664,104.03624346792648,70.6
2024-04-20,70.3,79.5,66.0,986.5,6.9,4.3,5.8,-64.85979715590375,25.218106,110.039197,173.73,74.65626091436035,12.743600725068623,38.11913306181201,0.9427611433904207,0.9981707480458889,25.218106,635.952870227236,0.9795302657838054,5.163241925350947,-1975.039060987802,5414.846344365945,2714.46141517598,89.99227985132664,104.03624346792648,67.6
2024-04-21,69.6,78.1,66.0,989.6,9.7,2.9,7.8,45.52562038879225,25.218106,110.039197,173.73,74.0459068397754,12.766535662030241,38.21406459341542,0.9368813462954315,0.9981707480458889,25.218106,635.952870227236,0.9795302657838054,5.163241925350947,-1975.039060987802,5414.846344365945,2714.46141517598,89.99227985132664,104.03624346792648,65.4
2024-04-22,71.8,77.0,66.9,989.2,6.9,2.4,5.8,85.15379756738486,25.218106,110.039197,173.73,76.52265410359821,12.789301521492739,38.306726268931364,0.9307239310379795,0.9981707480458889,25.218106,635.952870227236,0.9795302657838054,5.163241925350947,-1975.039060987802,5414.846344365945,2714.46141517598,89.99227985132664,104.03624346792648,66.8
2024-04-23,75.0,85.1,66.2,990.1,9.0,3.9,7.8,-15.640332794794949,25.218106,110.039197,173.73,80.07432263741697,12.811891621986714,38.397126994217345,0.9242907221930933,0.9981707480458889,25.218106,635.952870227236,0.9795302657838054,5.163241925350947,-1975.039060987802,5414.846344365945,2714.46141517598,89.99227985132664,104.03624346792648,64.8
2024-04-24,72.6,85.1,68.0,989.2,8.4,3.3,5.8,34.46804956541381,25.218106,110.039197,173.73,77.64751007902784,12.834299186616175,38.48527718426663,0.9175836260593937,0.9981707480458889,25.218106,635.952870227236,0.9795302657838054,5.163241925350947,-1975.039060987802,5414.846344365945,2714.46141517598,89.99227985132664,104.03624346792648,63.5
2024-04-25,73.4,80.6,68.0,985.6,6.1,4.4,9.7,-60.324736264428765,25.218106,110.039197,173.73,78.6390310876028,12.856517344022256,38.57118870644228,0.9106046300942162,0.9981707480458889,25.218106,635.952870227236,0.9795302657838054,5.163241925350947,-1975.039060987802,5414.846344365945,2714.46141517598,89.99227985132664,104.03624346792648,68.0
2024-04-26,75.2,82.4,68.0,984.5,6.5,2.6,7.8,-25.597993876161254,25.218106,110.039197,173.73,80.70551187955671,12.878539129716495,38.654874822234746,0.9033558023246845,0.9981707480458889,25.218106,635.952870227236,0.9795302657838054,5.163241925350947,-1975.039060987802,5414.846344365945,2714.46141517598,89.99227985132664,104.03624346792648,69.9
2024-04-27,74.5,82.0,68.0,984.7,7.6,2.2,5.8,-152.97793427236581,25.218106,110.039197,173.73,80.0897194033861,12.900357487793736,38.73635012766785,0.895839290734909,0.9981707480458889,25.218106,635.952870227236,0.9795302657838054,5.163241925350947,-1975.039060987802,5414.846344365945,2714.46141517598,89.99227985132664,104.03624346792648,70.3
2024-04-28,81.2,91.4,68.5,986.3,6.6,2.3,5.8,71.3202727627407,25.218106,110.039197,173.73,87.43863168086504,12.921965273034244,38.815630492478,0.8880573226294932,0.9981707480458889,25.218106,635.952870227236,0.9795302657838054,5.163241925350947,-1975.039060987802,5414.846344365945,2714.46141517598,89.99227985132664,104.03624346792648,73.7
2024-04-29,78.7,91.4,67.6,983.1,5.7,4.1,21.4,31.1,25.218106,110.039197,173.73,84.88683820357326,12.9433552534038,38.89273299819322,0.8800122039735357,0.9981707480458889,25.218106,635.952870227236,0.9795302657838054,5.163241925350947,-1975.039060987802,5414.846344365945,2714.46141517598,89.99227985132664,104.03624346792648,73.7
2024-04-30,70.8,88.2,60.8,988.5,9.8,7.2,11.7,21.4,25.218106,110.039197,173.73,76.49066866646375,12.964520112959956,38.96767587523841,0.8717063187093218,0.9981707480458889,25.218106,635.952870227236,0.9795302657838054,5.163241925350947,-1975.039060987802,5414.846344365945,2714.46141517598,89.99227985132664,104.03624346792648,63.1
2024-05-02,62.9,70.9,59.7,993.6,5.4,3.2,7.8,-4.469735058815532,25.218106,110.039197,173.73,68.17387569490178,13.006144806658526,39.111161026332056,0.854322169749827,0.9981707480458889,25.218106,635.952870227236,0.9795302657838054,5.163241925350947,-1975.039060987802,5414.846344365945,2714.46141517598,89.99227985132664,104.03624346792648,59.9
2024-05-03,65.1,66.2,60.8,990.9,3.7,1.9,3.9,83.3986897970028,25.218106,110.039197,173.73,70.6692486958523,13.026589621355265,39.17974492856238,0.8452490573530633,0.9981707480458889,25.218106,635.952870227236,0.9795302657838054,5.163241925350947,-1975.039060987802,5414.846344365945,2714.46141517598,89.99227985132664,104.03624346792648,64.0
2024-05-04,67.1,69.8,61.5,988.8,7.8,3.2,5.8,57.82823684781451,25.218106,110.039197,173.73,72.95324083587964,13.046779285105151,39.2462523279024,0.8359254794186372,0.9981707480458889,25.218106,635.952870227236,0.9795302657838054,5.163241925350947,-1975.039060987802,5414.846344365945,2714.46141517598,89.99227985132664,104.03624346792648,64.8
2024-05-05,73.8,84.7,63.5,992.1,9.1,3.0,5.8,90.72959384318702,25.218106,110.039197,173.73,80.36024264221771,13.066706120685808,39.31070623060561,0.8263541987239096,0.9981707480458889,25.218106,635.952870227236,0.9795302657838054,5.163241925350947,-1975.039060987802,5414.846344365945,2714.46141517598,89.99227985132664,104.03624346792648,65.2
2024-05-06,71.4,84.7,64.4,994.3,5.7,1.8,3.9,-33.85557394479583,25.218106,110.039197,173.73,77.8638562399499,13.08636239326889,39.373130401063776,0.8165380514459161,0.9981707480458889,25.218106,635.952870227236,0.9795302657838054,5.163241925350947,-1975.039060987802,5414.846344365945,2714.46141517598,89.99227985132664,104.03624346792648,67.5
2024-05-07,77.5,86.4,67.6,995.2,7.9,3.4,7.8,-57.932092393282616,25.218106,110.039197,173.73,84.64123954286119,13.10574031631399,39.433549295605495,0.8064799463209448,0.9981707480458889,25.218106,635.952870227236,0.9795302657838054,5.163241925350947,-1975.039060987802,5414.846344365945,2714.46141517598,89.99227985132664,104.03624346792648,68.8
2024-05-08,73.3,86.4,68.0,996.3,6.3,3.6,7.8,170.79990156517988,25.218106,110.039197,173.73,80.1708491536459,13.124832057895647,39.491987996308644,0.7961828637826158,0.9981707480458889,25.218106,635.952870227236,0.9795302657838054,5.163241925350947,-1975.039060987802,5414.846344365945,2714.46141517598,89.99227985132664,104.03624346792648,67.4
2024-05-09,69.1,80.8,66.2,996.5,3.8,3.1,7.8,62.221534297991234,25.218106,110.039197,173.73,75.68540129579495,13.143629747460775,39.5484721449424,0.7856498550787147,0.9981707480458889,25.218106,635.952870227236,0.9795302657838054,5.163241925350947,-1975.039060987802,5414.846344365945,2714.46141517598,89.99227985132664,104.03624346792648,66.4
2024-05-10,71.0,76.6,66.4,993.4,2.7,1.6,3.9,88.94273531858741,25.218106,110.039197,173.73,77.8759091078218,13.162125483012137,39.60302787715156,0.7748840413670407,0.9981707480458889,25.218106,635.952870227236,0.9795302657838054,5.163241925350947,-1975.039060987802,5414.846344365945,2714.46141517598,89.99227985132664,104.03624346792648,69.2
2024-05-11,75.6,85.1,68.0,992.6,6.1,4.0,11.7,-162.01029882952338,25.218106,110.039197,173.73,83.0359614338848,13.180311338711872,39.655681756993154,0.7638886127905428,0.9981707480458889,25.218106,635.952870227236,0.9795302657838054,5.163241925350947,-1975.039060987802,5414.846344365945,2714.46141517598,89.99227985132664,104.03624346792648,72.6
2024-05-12,73.1,85.1,64.4,994.3,8.7,3.5,7.8,-14.3276311187111,25.218106,110.039197,173.73,80.39890934656562,13.19817937289723,39.706460711931925,0.7526668275320085,0.9981707480458889,25.218106,635.952870227236,0.9795302657838054,5.163241925350947,-1975.039060987802,5414.846344365945,2714.46141517598,89.99227985132664,104.03624346792648,66.4
2024-05-13,75.0,89.1,60.8,994.2,9.8,4.0,7.8,68.68064323397235,25.218106,110.039197,173.73,82.59826022811781,13.215721636498849,39.75539196839826,0.7412220108485958,0.9981707480458889,25.218106,635.952870227236,0.9795302657838054,5.163241925350947,-1975.039060987802,5414.846344365945,2714.46141517598,89.99227985132664,104.03624346792648,55.4
2024-05-14,77.5,90.3,62.8,993.6,8.8,2.5,3.9,-103.52757637174192,25.218106,110.039197,173.73,85.46267409111474,13.232930181850023,39.80250298800773,0.7295575540864875,0.9981707480458889,25.218106,635.952870227236,0.9795302657838054,5.163241925350947,-1975.039060987802,5414.846344365945,2714.46141517598,89.99227985132664,104.03624346792648,60.8
2024-05-15,77.4,90.7,68.0,996.1,9.5,3.0,7.8,29.462731741287637,25.218106,110.039197,173.73,85.46119111358374,13.249797071873447,39.847821404538934,0.717676913675962,0.9981707480458889,25.218106,635.952870227236,0.9795302657838054,5.163241925350947,-1975.039060987802,5414.846344365945,2714.46141517598,89.99227985132664,104.03624346792648,61.7
2024-05-16,76.9,90.7,69.8,994.3,8.3,2.5,5.8,-0.3809590727190386,25.218106,110.039197,173.73,85.01496471354507,13.266314389629919,39.89137496176077,0.705583610107178,0.9981707480458889,25.218106,635.952870227236,0.9795302657838054,5.163241925350947,-1975.039060987802,5414.846344365945,2714.46141517598,89.99227985132664,104.03624346792648,64.4
2024-05-17,71.8,86.7,68.0,992.3,3.7,3.0,7.8,-154.89352391950897,25.218106,110.039197,173.73,79.47347091846575,13.282474248211546,39.933191452197896,0.6932812268869777,0.9981707480458889,25.218106,635.952870227236,0.9795302657838054,5.163241925350947,-1975.039060987802,5414.846344365945,2714.46141517598,89.99227985132664,104.03624346792648,67.7
2024-05-18,68.1,79.2,68.0,988.9,2.3,3.7,5.8,-43.96571975158882,25.218106,110.039197,173.73,75.46767544544701,13.298268800959828,39.973298656917436,0.6807734094770161,0.9981707480458889,25.218106,635.952870227236,0.9795302657838054,5.163241925350947,-1975.039060987802,5414.846344365945,2714.46141517598,89.99227985132664,104.03624346792648,67.6
2024-05-19,70.3,73.0,68.0,987.8,3.9,2.0,3.9,-35.419856745484466,25.218106,110.039197,173.73,77.99603539289139,13.31369025198715,40.0117242864168,0.6680638642135335,0.9981707480458889,25.218106,635.952870227236,0.9795302657838054,5.163241925350947,-1975.039060987802,5414.846344365945,2714.46141517598,89.99227985132664,104.03624346792648,69.5
2024-05-20,79.3,89.6,68.9,989.2,9.2,5.5,11.7,-79.65733034588466,25.218106,110.039197,173.73,88.08069647927975,13.328730866978022,40.04849592268748,0.6551563572090853,0.9981707480458889,25.218106,635.952870227236,0.9795302657838054,5.163241925350947,-1975.039060987802,5414.846344365945,2714.46141517598,89.99227985132664,104.03624346792648,69.2
2024-05-21,78.0,88.0,71.6,991.1,8.6,4.5,11.7,46.223323040500496,25.218106,110.039197,173.73,86.73198939758926,13.343382984244501,40.083640962525706,0.6420547132365637,0.9981707480458889,25.218106,635.952870227236,0.9795302657838054,5.163241925350947,-1975.039060987802,5414.846344365945,2714.46141517598,89.99227985132664,104.03624346792648,69.5
2024-05-22,77.0,87.4,69.8,991.0,7.0,3.3,5.8,-43.077024584008065,25.218106,110.039197,173.73,85.71151708355319,13.35763902600829,40.11718656215611,0.6287628145958344,0.9981707480458889,25.218106,635.952870227236,0.9795302657838054,5.163241925350947,-1975.039060987802,5414.846344365945,2714.46141517598,89.99227985132664,104.03624346792648,69.9
2024-05-23,81.5,93.4,71.6,988.9,7.3,2.8,5.8,-34.87063318939085,25.218106,110.039197,173.73,90.81471317126832,13.371491509879998,40.149159583230144,0.6152845999633276,0.9981707480458889,25.218106,635.952870227236,0.9795302657838054,5.163241925350947,-1975.039060987802,5414.846344365945,2714.46141517598,89.99227985132664,104.03624346792648,70.8
2024-05-24,83.3,95.7,73.4,988.7,8.1,2.8,5.8,116.14849792870058,25.218106,110.039197,173.73,92.91374366166771,13.384933060504354,40.17958654025696,0.6016240632249226,0.9981707480458889,25.218106,635.952870227236,0.9795302657838054,5.163241925350947,-1975.039060987802,5414.846344365945,2714.46141517598,89.99227985132664,104.03624346792648,71.7
2024-05-25,84.6,95.7,75.2,988.1,8.9,5.9,9.7,10.704578652136767,25.218106,110.039197,173.73,94.45559277043505,13.397956421338305,40.20849354951934,0.5877852522924732,0.9981707480458889,25.218106,635.952870227236,0.9795302657838054,5.163241925350947,-1975.039060987802,5414.846344365945,2714.46141517598,89.99227985132664,104.03624346792648,73.3
2024-05-26,78.5,93.9,75.2,984.6,7.4,5.2,11.7,-1.8939674254566938,25.218106,110.039197,173.73,87.72737713519983,13.410554466527362,40.23590627952373,0.5737722679043246,0.9981707480458889,25.218106,635.952870227236,0.9795302657838054,5.163241925350947,-1975.039060987802,5414.846344365945,2714.46141517598,89.99227985132664,104.03624346792648,76.5
2024-05-27,81.9,92.8,75.2,983.6,9.4,4.0,11.7,18.3,25.218106,110.039197,173.73,91.6100654526601,13.422720212843968,40.26184990302877,0.5595892624101765,0.9981707480458889,25.218106,635.952870227236,0.9795302657838054,5.163241925350947,-1975.039060987802,5414.846344365945,2714.46141517598,89.99227985132664,104.03624346792648,75.3
2024-05-28,82.6,92.8,75.2,985.2,10.0,6.2,13.6,19.4,25.218106,110.039197,173.73,92.4737756911932,13.434446831650343,40.28634905069239,0.545240438540651,0.9981707480458889,25.218106,635.952870227236,0.9795302657838054,5.163241925350947,-1975.039060987802,5414.846344365945,2714.46141517598,89.99227985132664,104.03624346792648,65.8
2024-05-29,76.2,90.3,73.4,985.1,6.3,3.5,5.8,13.0,25.218106,110.039197,173.73,85.38037064637808,13.445727660846943,40.30942776637406,0.5307300481619334,0.9981707480458889,25.218106,635.952870227236,0.9795302657838054,5.163241925350947,-1975.039060987802,5414.846344365945,2714.46141517598,89.99227985132664,104.03624346792648,71.6
2024-05-30,72.6,80.6,68.0,988.1,7.0,3.3,5.8,17.7,25.218106,110.039197,173.73,81.4121651114384,13.45655621676668,40.3311094641245,0.5160623910158528,0.9981707480458889,25.218106,635.952870227236,0.9795302657838054,5.163241925350947,-1975.039060987802,5414.846344365945,2714.46141517598,89.99227985132664,104.03624346792648,70.3
2024-05-31,75.7,82.4,69.8,989.7,9.6,5.1,7.8,18.1,25.218106,110.039197,173.73,84.95385948268616,13.466926205974028,40.351416886891435,0.5012418134457758,0.9981707480458889,25.218106,635.952870227236,0.9795302657838054,5.163241925350947,-1975.039060987802,5414.846344365945,2714.46141517598,89.99227985132664,104.03624346792648,68.2
2024-06-01,75.5,82.4,69.6,990.0,10.0,3.9,9.7,18.3,25.218106,110.039197,173.73,84.7917317531697,13.476831536927635,40.37037206696663,0.48627270710868997,0.9981707480458889,25.218106,635.952870227236,0.9795302657838054,5.163241925350947,-1975.039060987802,5414.846344365945,2714.46141517598,89.99227985132664,104.03624346792648,70.1
2024-06-02,81.4,89.2,70.9,988.8,10.2,3.7,9.7,15.3,25.218106,110.039197,173.73,91.48183994843295,13.486266331464316,40.387996288195836,0.4711595076738638,0.9981707480458889,25.218106,635.952870227236,0.9795302657838054,5.163241925350947,-1975.039060987802,5414.846344365945,2714.46141517598,89.99227985132664,104.03624346792648,70.7
2024-06-03,74.4,89.2,69.8,989.0,5.5,4.3,9.7,17.7,25.218106,110.039197,173.73,83.67039460358602,13.495224936062261,40.40431004997039,0.4559066935084588,0.9981707480458889,25.218106,635.952870227236,0.9795302657838054,5.163241925350947,-1975.039060987802,5414.846344365945,2714.46141517598,89.99227985132664,104.03624346792648,69.4
2024-06-04,71.7,81.3,69.8,990.1,6.5,3.1,5.8,17.7,25.218106,110.039197,173.73,80.6846190487253,13.503701932841052,40.41933303301577,0.440518784350495,0.9981707480458889,25.218106,635.952870227236,0.9795302657838054,5.163241925350947,-1975.039060987802,5414.846344365945,2714.46141517598,89.99227985132664,104.03624346792648,69.7
2024-06-05,75.0,84.2,70.0,992.5,9.0,5.2,9.7,17.5,25.218106,110.039197,173.73,84.44807593910247,13.511692150256394,40.43308406699025,0.42500033996955416,0.9981707480458889,25.218106,635.952870227236,0.9795302657838054,5.163241925350947,-1975.039060987802,5414.846344365945,2714.46141517598,89.99227985132664,104.03624346792648,66.4
2024-06-06,78.3,86.0,70.3,990.8,9.6,5.7,9.7,13.0,25.218106,110.039197,173.73,88.21271914424685,13.519190673447792,40.44558109990371,0.4093559588156213,0.9981707480458889,25.218106,635.952870227236,0.9795302657838054,5.163241925350947,-1975.039060987802,5414.846344365945,2714.46141517598,89.99227985132664,104.03624346792648,65.5
2024-06-07,80.9,90.0,72.7,987.7,8.4,3.6,7.8,12.0,25.218106,110.039197,173.73,91.18908349205252,13.526192854198147,40.45684116936474,0.39359027665646673,0.9981707480458889,25.218106,635.952870227236,0.9795302657838054,5.163241925350947,-1975.039060987802,5414.846344365945,2714.46141517598,89.99227985132664,104.03624346792648,70.5
2024-06-08,79.6,90.0,74.3,986.7,6.0,3.4,5.8,14.4,25.218106,110.039197,173.73,89.76687232575193,13.532694320465115,40.46688037566186,0.3777079652039649,0.9981707480458889,25.218106,635.952870227236,0.9795302657838054,5.163241925350947,-1975.039060987802,5414.846344365945,2714.46141517598,89.99227985132664,104.03624346792648,74.1
2024-06-09,77.0,87.3,74.5,988.1,3.2,2.6,3.9,14.4,25.218106,110.039197,173.73,86.87326715660691,13.538690985445234,40.47571385668304,0.36171373072976765,0.9981707480458889,25.218106,635.952870227236,0.9795302657838054,5.163241925350947,-1975.039060987802,5414.846344365945,2714.46141517598,89.99227985132664,104.03624346792648,74.9
2024-06-10,77.3,85.3,74.8,988.0,5.0,2.2,9.7,23.3,25.218106,110.039197,173.73,87.24708675325839,13.544179056133256,40.483355764675814,0.3456123126707335,0.9981707480458889,25.218106,635.952870227236,0.9795302657838054,5.163241925350947,-1975.039060987802,5414.846344365945,2714.46141517598,89.99227985132664,104.03624346792648,75.6
2024-06-11,80.7,87.8,75.2,986.5,6.5,3.1,7.8,10.7,25.218106,110.039197,173.73,91.11806765301668,13.54915504134077,40.48981924484924,0.3294084822245304,0.9981707480458889,25.218106,635.952870227236,0.9795302657838054,5.163241925350947,-1975.039060987802,5414.846344365945,2714.46141517598,89.99227985132664,104.03624346792648,78.0
2024-06-12,80.5,84.4,76.8,985.2,5.7,3.7,9.7,12.8,25.218106,110.039197,173.73,90.92217238423117,13.553615759140051,40.49511641581745,0.3131070409358269,0.9981707480458889,25.218106,635.952870227236,0.9795302657838054,5.163241925350947,-1975.039060987802,5414.846344365945,2714.46141517598,89.99227985132664,104.03624346792648,77.9
2024-06-13,78.1,83.7,76.6,983.2,4.8,2.5,5.8,12.8,25.218106,110.039197,173.73,88.23710888692212,13.557558343701222,40.49925835188379,0.29671281927349075,0.9981707480458889,25.218106,635.952870227236,0.9795302657838054,5.163241925350947,-1975.039060987802,5414.846344365945,2714.46141517598,89.99227985132664,104.03624346792648,77.1
2024-06-14,77.0,82.4,75.2,982.8,5.1,2.1,5.8,60.6815491636879,25.218106,110.039197,173.73,87.01628994708096,13.560980251493138,40.50225506716379,0.28023067519921585,0.9981707480458889,25.218106,635.952870227236,0.9795302657838054,5.163241925350947,-1975.039060987802,5414.846344365945,2714.46141517598,89.99227985132664,104.03624346792648,76.2
2024-06-15,82.6,92.8,76.1,983.5,7.0,3.0,9.7,14.2,25.218106,110.039197,173.73,93.36470228661707,13.563879266820882,40.50411550154437,0.26366549272800704,0.9981707480458889,25.218106,635.952870227236,0.9795302657838054,5.163241925350947,-1975.039060987802,5414.846344365945,2714.46141517598,89.99227985132664,104.03624346792648,77.0
2024-06-16,80.3,92.8,77.0,984.3,6.7,2.9,7.8,15.9,25.218106,110.039197,173.73,90.78084638217067,13.566253506675567,40.5048475084768,0.24702218048093552,0.9981707480458889,25.218106,635.952870227236,0.9795302657838054,5.163241925350947,-1975.039060987802,5414.846344365945,2714.46141517598,89.99227985132664,104.03624346792648,77.6
2024-06-17,75.9,87.4,73.4,984.2,3.6,4.0,11.7,16.7,25.218106,110.039197,173.73,85.81824151233398,13.568101424874936,40.50445784460002,0.23030567023061221,0.9981707480458889,25.218106,635.952870227236,0.9795302657838054,5.163241925350947,-1975.039060987802,5414.846344365945,2714.46141517598,89.99227985132664,104.03624346792648,74.8
2024-06-18,78.0,81.7,74.8,984.0,5.0,3.5,7.8,122.55145621023733,25.218106,110.039197,173.73,88.20124180059632,13.569421815476357,40.50295216119158,0.21352091543979612,0.9981707480458889,25.218106,635.952870227236,0.9795302657838054,5.163241925350947,-1975.039060987802,5414.846344365945,2714.46141517598,89.99227985132664,104.03624346792648,76.7
2024-06-19,79.4,82.4,76.3,983.4,4.8,2.3,5.8,-147.02989502411984,25.218106,110.039197,173.73,89.78958141220714,13.570213815446921,40.500334997442856,0.19667288979357647,0.9981707480458889,25.218106,635.952870227236,0.9795302657838054,5.163241925350947,-1975.039060987802,5414.846344365945,2714.46141517598,89.99227985132664,104.03624346792648,78.4
2024-06-20,82.9,91.4,77.7,983.5,8.0,3.8,9.7,29.5,25.218106,110.039197,173.73,93.74937796294782,13.570476906578694,40.496609775555655,0.1797665857255624,0.9981707480458889,25.218106,635.952870227236,0.9795302657838054,5.163241925350947,-1975.039060987802,5414.846344365945,2714.46141517598,89.99227985132664,104.03624346792648,78.2
2024-06-21,85.6,93.9,77.7,984.0,10.4,6.3,13.6,14.0,25.218106,110.039197,173.73,96.80083787203539,13.570210916640477,40.49177879765763,0.16280701293851715,0.9981707480458889,25.218106,635.952870227236,0.9795302657838054,5.163241925350947,-1975.039060987802,5414.846344365945,2714.46141517598,89.99227985132664,104.03624346792648,77.6
2024-06-22,85.5,94.1,77.0,985.4,10.3,5.0,13.6,14.0,25.218106,110.039197,173.73,96.68208914079648,13.569416019760908,40.4858432445338,0.1457991969198751,0.9981707480458889,25.218106,635.952870227236,0.9795302657838054,5.163241925350947,-1975.039060987802,5414.846344365945,2714.46141517598,89.99227985132664,104.03624346792648,77.3
2024-06-23,85.2,95.0,77.0,985.5,9.5,4.5,11.7,16.1,25.218106,110.039197,173.73,96.33345842589206,13.568092736041136,40.47880317617223,0.12874817745258132,0.9981707480458889,25.218106,635.952870227236,0.9795302657838054,5.163241925350947,-1975.039060987802,5414.846344365945,2714.46141517598,89.99227985132664,104.03624346792648,77.9
2024-06-24,80.2,92.7,73.4,986.8,6.9,3.7,7.8,14.8,25.218106,110.039197,173.73,90.66771690149913,13.566241930398872,40.47065753412214,0.11165900712169512,0.9981707480458889,25.218106,635.952870227236,0.9795302657838054,5.163241925350947,-1975.039060987802,5414.846344365945,2714.46141517598,89.99227985132664,104.03624346792648,76.9
2024-06-25,74.4,89.8,71.6,990.5,5.5,3.7,7.8,13.6,25.218106,110.039197,173.73,84.09596182602358,13.563864810648965,40.46140414566271,0.09453674981719912,0.9981707480458889,25.218106,635.952870227236,0.9795302657838054,5.163241925350947,-1975.039060987802,5414.846344365945,2714.46141517598,89.99227985132664,104.03624346792648,72.6
2024-06-26,76.3,83.7,71.8,992.4,5.6,2.8,7.8,20.8,25.218106,110.039197,173.73,86.22512259703898,13.560962924829196,40.45103972978178,0.07738647923346301,0.9981707480458889,25.218106,635.952870227236,0.9795302657838054,5.163241925350947,-1975.039060987802,5414.846344365945,2714.46141517598,89.99227985132664,104.03624346792648,73.3
2024-06-27,79.5,88.2,72.1,990.3,7.1,3.0,7.8,14.2,25.218106,110.039197,173.73,89.81869029531411,13.557538157783261,40.43955990496326,0.06021327736579302,0.9981707480458889,25.218106,635.952870227236,0.9795302657838054,5.163241925350947,-1975.039060987802,5414.846344365945,2714.46141517598,89.99227985132664,104.03624346792648,75.3
2024-06-28,81.7,88.2,74.7,986.3,10.2,6.4,13.6,14.2,25.218106,110.039197,173.73,92.27737714976875,13.553592727016218,40.426959198782754,0.04302223300453059,0.9981707480458889,25.218106,635.952870227236,0.9795302657838054,5.163241925350947,-1975.039060987802,5414.846344365945,2714.46141517598,89.99227985132664,104.03624346792648,76.2
2024-06-29,81.6,86.4,75.2,984.3,9.8,6.0,11.7,20.0,25.218106,110.039197,173.73,92.13407840931795,13.549129177840877,40.413231059310526,0.02581844022713308,0.9981707480458889,25.218106,635.952870227236,0.9795302657838054,5.163241925350947,-1975.039060987802,5414.846344365945,2714.46141517598,89.99227985132664,104.03624346792648,76.9
2024-06-30,76.8,85.3,75.2,983.6,5.7,3.1,9.7,20.0,25.218106,110.039197,173.73,86.68256241815409,13.544150377836578,40.39836786832166,0.008606996888688698,0.9981707480458889,25.218106,635.952870227236,0.9795302657838054,5.163241925350947,-1975.039060987802,5414.846344365945,2714.46141517598,89.99227985132664,104.03624346792648,75.5
2024-07-01,80.2,86.4,74.7,981.4,7.6,5.3,13.6,19.2,25.218106,110.039197,173.73,90.48337439614247,13.538659510644758,40.382360956311835,-0.008606996888688009,0.9981707480458889,25.218106,635.952870227236,0.9795302657838054,5.163241925350947,-1975.039060987802,5414.846344365945,2714.46141517598,89.99227985132664,104.03624346792648,77.0
2024-07-02,78.9,86.4,74.7,986.3,7.6,4.0,9.7,19.2,25.218106,110.039197,173.73,88.97723995451909,13.53266006912838,40.36520061931853,-0.02581844022713239,0.9981707480458889,25.218106,635.952870227236,0.9795302657838054,5.163241925350947,-1975.039060987802,5414.846344365945,2714.46141517598,89.99227985132664,104.03624346792648,75.9
2024-07-03,78.5,83.5,75.2,990.7,5.7,2.1,4.1,0.40904580395366175,25.218106,110.039197,173.73,88.48360283850829,13.526155847924835,40.346876137545365,-0.04302223300453034,0.9981707480458889,25.218106,635.952870227236,0.9795302657838054,5.163241925350947,-1975.039060987802,5414.846344365945,2714.46141517598,89.99227985132664,104.03624346792648,77.2
2024-07-04,84.6,93.2,75.9,990.0,10.0,5.1,9.7,11.7,25.218106,110.039197,173.73,95.31001409474119,13.519150935424284,40.32737579578791,-0.060213277365792774,0.9981707480458889,25.218106,635.952870227236,0.9795302657838054,5.163241925350947,-1975.039060987802,5414.846344365945,2714.46141517598,89.99227985132664,104.03624346792648,76.1
2024-07-05,84.9,93.2,77.0,987.2,10.3,5.6,13.6,15.0,25.218106,110.039197,173.73,95.59492166434266,13.511649705207441,40.30668690565766,-0.07738647923346322,0.9981707480458889,25.218106,635.952870227236,0.9795302657838054,5.163241925350947,-1975.039060987802,5414.846344365945,2714.46141517598,89.99227985132664,104.03624346792648,75.7
2024-07-06,84.6,91.4,77.0,987.4,9.2,4.2,13.6,42.118449974007305,25.218106,110.039197,173.73,95.20078048920038,13.50365680697878,40.28479582960032,-0.09453674981719933,0.9981707480458889,25.218106,635.952870227236,0.9795302657838054,5.163241925350947,-1975.039060987802,5414.846344365945,2714.46141517598,89.99227985132664,104.03624346792648,76.0
2024-07-07,87.3,95.0,78.8,987.1,10.3,7.6,15.5,17.1,25.218106,110.039197,173.73,98.17741381741322,13.495177157032746,40.26168800670309,-0.11165900712169444,0.9981707480458889,25.218106,635.952870227236,0.9795302657838054,5.163241925350947,-1975.039060987802,5414.846344365945,2714.46141517598,89.99227985132664,104.03624346792648,75.3
2024-07-08,86.7,94.6,78.8,986.2,10.3,6.3,13.6,16.9,25.218106,110.039197,173.73,97.43791008190894,13.486215928291895,40.23734798028415,-0.12874817745258066,0.9981707480458889,25.218106,635.952870227236,0.9795302657838054,5.163241925350947,-1975.039060987802,5414.846344365945,2714.46141517598,89.99227985132664,104.03624346792648,75.8
2024-07-09,87.0,96.1,78.8,986.6,9.8,6.0,15.5,-16.411137492960258,25.218106,110.039197,173.73,97.70664441468982,13.476778539957218,40.21175942725633,-0.14579919691987442,0.9981707480458889,25.218106,635.952870227236,0.9795302657838054,5.163241925350947,-1975.039060987802,5414.846344365945,2714.46141517598,89.99227985132664,104.03624346792648,75.5
2024-07-10,88.2,96.8,80.6,986.5,10.4,6.2,15.5,82.49792089737085,25.218106,110.039197,173.73,98.98149925406545,13.466870646811625,40.184905189254394,-0.16280701293851646,0.9981707480458889,25.218106,635.952870227236,0.9795302657838054,5.163241925350947,-1975.039060987802,5414.846344365945,2714.46141517598,89.99227985132664,104.03624346792648,76.0
2024-07-11,87.4,96.1,78.8,984.5,10.3,5.4,11.7,16.7,25.218106,110.039197,173.73,98.00816136719037,13.456498128218355,40.15676730551371,-0.17976658572556214,0.9981707480458889,25.218106,635.952870227236,0.9795302657838054,5.163241925350947,-1975.039060987802,5414.846344365945,2714.46141517598,89.99227985132664,104.03624346792648,75.9
2024-07-12,87.0,95.9,78.8,982.9,9.1,4.4,11.7,16.3,25.218106,110.039197,173.73,97.48108630720937,13.445667076856465,40.12732704748601,-0.19667288979357622,0.9981707480458889,25.218106,635.952870227236,0.9795302657838054,5.163241925350947,-1975.039060987802,5414.846344365945,2714.46141517598,89.99227985132664,104.03624346792648,76.2
2024-07-13,86.9,96.8,78.8,999.9,8.3,5.4,13.6,14.6,25.218106,110.039197,173.73,97.28732925923198,13.434383787235717,40.09656495517459,-0.2135209154397959,0.9981707480458889,25.218106,635.952870227236,0.9795302657838054,5.163241925350947,-1975.039060987802,5414.846344365945,2714.46141517598,89.99227985132664,104.03624346792648,76.6
2024-07-14,89.1,95.2,78.8,987.8,12.0,4.1,9.7,13.8,25.218106,110.039197,173.73,99.66321147444606,13.42265474403314,40.06446087516964,-0.23030567023061196,0.9981707480458889,25.218106,635.952870227236,0.9795302657838054,5.163241925350947,-1975.039060987802,5414.846344365945,2714.46141517598,89.99227985132664,104.03624346792648,74.9
2024-07-15,86.9,97.3,77.0,988.5,9.8,3.0,5.8,24.3,25.218106,110.039197,173.73,97.11427386954031,13.410486610293253,40.03099400036051,-0.24702218048093527,0.9981707480458889,25.218106,635.952870227236,0.9795302657838054,5.163241925350947,-1975.039060987802,5414.846344365945,2714.46141517598,89.99227985132664,104.03624346792648,75.9
2024-07-16,88.1,98.2,78.8,988.0,9.9,3.7,7.8,12.8,25.218106,110.039197,173.73,98.36281463237474,13.39788621553345,39.99614291129939,-0.2636654927280072,0.9981707480458889,25.218106,635.952870227236,0.9795302657838054,5.163241925350947,-1975.039060987802,5414.846344365945,2714.46141517598,89.99227985132664,104.03624346792648,75.7
2024-07-17,88.1,98.2,80.6,988.2,10.2,3.9,7.0,15.5,25.218106,110.039197,173.73,98.26718449236436,13.384860543795373,39.959885619187155,-0.2802306751992161,0.9981707480458889,25.218106,635.952870227236,0.9795302657838054,5.163241925350947,-1975.039060987802,5414.846344365945,2714.46141517598,89.99227985132664,104.03624346792648,74.4
2024-07-18,84.1,96.3,77.0,988.2,10.4,3.9,9.7,27.0,25.218106,110.039197,173.73,93.71134552445515,13.371416721682069,39.922199610448764,-0.2967128192734901,0.9981707480458889,25.218106,635.952870227236,0.9795302657838054,5.163241925350947,-1975.039060987802,5414.846344365945,2714.46141517598,89.99227985132664,104.03624346792648,74.9
2024-07-19,82.1,95.4,77.0,987.1,9.2,3.1,7.8,17.9,25.218106,110.039197,173.73,91.387986727256,13.35756200641988,39.88306189286221,-0.3131070409358267,0.9981707480458889,25.218106,635.952870227236,0.9795302657838054,5.163241925350947,-1975.039060987802,5414.846344365945,2714.46141517598,89.99227985132664,104.03624346792648,76.1
2024-07-20,86.5,97.3,78.8,987.4,10.4,3.5,9.7,16.9,25.218106,110.039197,173.73,96.18298137079071,13.343303773982525,39.84244904320119,-0.3294084822245302,0.9981707480458889,25.218106,635.952870227236,0.9795302657838054,5.163241925350947,-1975.039060987802,5414.846344365945,2714.46141517598,89.99227985132664,104.03624346792648,75.9
2024-07-21,88.8,99.5,78.8,986.9,10.1,2.9,5.8,12.4,25.218106,110.039197,173.73,98.63200635412097,13.328649507313646,39.80033725634768,-0.3456123126707333,0.9981707480458889,25.218106,635.952870227236,0.9795302657838054,5.163241925350947,-1975.039060987802,5414.846344365945,2714.46141517598,89.99227985132664,104.03624346792648,75.7
2024-07-22,89.1,99.9,78.8,984.2,9.9,3.7,7.0,14.8,25.218106,110.039197,173.73,98.85353037626695,13.313606784682419,39.756702395827226,-0.3617137307297674,0.9981707480458889,25.218106,635.952870227236,0.9795302657838054,5.163241925350947,-1975.039060987802,5414.846344365945,2714.46141517598,89.99227985132664,104.03624346792648,74.9
2024-07-23,86.3,99.9,78.8,980.8,9.9,2.8,5.8,14.8,25.218106,110.039197,173.73,95.63610133717621,13.298183268205268,39.71152004571491,-0.37770796520396466,0.9981707480458889,25.218106,635.952870227236,0.9795302657838054,5.163241925350947,-1975.039060987802,5414.846344365945,2714.46141517598,89.99227985132664,104.03624346792648,75.5
2024-07-24,89.0,100.9,80.6,977.3,9.1,2.4,4.5,10.3,25.218106,110.039197,173.73,98.5110346365234,13.282386692564954,39.664765563856996,-0.39359027665646645,0.9981707480458889,25.218106,635.952870227236,0.9795302657838054,5.163241925350947,-1975.039060987802,5414.846344365945,2714.46141517598,89.99227985132664,104.03624346792648,76.5
2024-07-25,86.7,102.2,78.8,974.8,8.7,3.3,25.3,36.9,25.218106,110.039197,173.73,95.84847456983549,13.26622485395647,39.61641413634816,-0.4093559588156211,0.9981707480458889,25.218106,635.952870227236,0.9795302657838054,5.163241925350947,-1975.039060987802,5414.846344365945,2714.46141517598,89.99227985132664,104.03624346792648,77.7
2024-07-26,91.5,104.5,81.3,976.2,9.1,2.5,5.8,11.3,25.218106,110.039197,173.73,101.02900519456523,13.249705599287243,39.56644083320078,-0.42500033996955394,0.9981707480458889,25.218106,635.952870227236,0.9795302657838054,5.163241925350947,-1975.039060987802,5414.846344365945,2714.46141517598,89.99227985132664,104.03624346792648,77.5
2024-07-27,85.4,104.5,77.0,982.3,6.4,4.0,11.7,17.3,25.218106,110.039197,173.73,94.17368867142763,13.232836815657278,39.51482066513847,-0.4405187843504952,0.9981707480458889,25.218106,635.952870227236,0.9795302657838054,5.163241925350947,-1975.039060987802,5414.846344365945,2714.46141517598,89.99227985132664,104.03624346792648,78.2
2024-07-28,78.4,96.6,76.1,984.8,5.7,2.3,5.8,14.2,25.218106,110.039197,173.73,86.34209261159938,13.21562642014276,39.46152864144201,-0.455906693508459,0.9981707480458889,25.218106,635.952870227236,0.9795302657838054,5.163241925350947,-1975.039060987802,5414.846344365945,2714.46141517598,89.99227985132664,104.03624346792648,76.7
2024-07-29,79.3,86.0,76.6,985.4,8.4,2.6,5.8,13.2,25.218106,110.039197,173.73,87.21732752895365,13.198082349904713,39.40653982877167,-0.47115950767386394,0.9981707480458889,25.218106,635.952870227236,0.9795302657838054,5.163241925350947,-1975.039060987802,5414.846344365945,2714.46141517598,89.99227985132664,104.03624346792648,77.0
2024-07-30,82.8,93.6,77.0,985.1,8.6,2.6,3.9,17.9,25.218106,110.039197,173.73,90.94346661323132,13.180212552642221,39.349829410886294,-0.4862727071086902,0.9981707480458889,25.218106,635.952870227236,0.9795302657838054,5.163241925350947,-1975.039060987802,5414.846344365945,2714.46141517598,89.99227985132664,104.03624346792648,76.5
2024-07-31,80.8,93.6,77.0,985.8,7.8,3.3,13.6,20.8,25.218106,110.039197,173.73,88.62430151454524,13.16202497740771,39.29137274917546,-0.5012418134457756,0.9981707480458889,25.218106,635.952870227236,0.9795302657838054,5.163241925350947,-1975.039060987802,5414.846344365945,2714.46141517598,89.99227985132664,104.03624346792648,76.9
2024-08-01,80.6,91.2,77.0,985.9,7.1,3.6,9.7,15.9,25.218106,110.039197,173.73,88.28069348362199,13.143527565799802,39.231145443917214,-0.5160623910158526,0.9981707480458889,25.218106,635.952870227236,0.9795302657838054,5.163241925350947,-1975.039060987802,5414.846344365945,2714.46141517598,89.99227985132664,104.03624346792648,77.7
2024-08-02,81.3,91.8,77.0,986.6,7.1,3.2,7.8,17.5,25.218106,110.039197,173.73,88.92003385003221,13.12472824354719,39.16912339617057,-0.5307300481619331,0.9981707480458889,25.218106,635.952870227236,0.9795302657838054,5.163241925350947,-1975.039060987802,5414.846344365945,2714.46141517598,89.99227985132664,104.03624346792648,77.0
2024-08-03,84.4,93.6,77.0,988.6,8.9,2.7,5.8,11.1,25.218106,110.039197,173.73,92.17629888454931,13.105634912495162,39.105282870208065,-0.5452404385406507,0.9981707480458889,25.218106,635.952870227236,0.9795302657838054,5.163241925350947,-1975.039060987802,5414.846344365945,2714.46141517598,89.99227985132664,104.03624346792648,77.0
2024-08-04,85.9,96.1,75.2,988.6,9.7,3.3,7.8,14.2,25.218106,110.039197,173.73,93.67577854617275,13.08625544300434,39.03960055639097,-0.5595892624101763,0.9981707480458889,25.218106,635.952870227236,0.9795302657838054,5.163241925350947,-1975.039060987802,5414.846344365945,2714.46141517598,89.99227985132664,104.03624346792648,75.4
2024-08-05,85.5,96.1,75.2,986.8,9.3,3.6,9.7,14.8,25.218106,110.039197,173.73,93.09950837573287,13.066597666769525,38.97205363438579,-0.5737722679043243,0.9981707480458889,25.218106,635.952870227236,0.9795302657838054,5.163241925350947,-1975.039060987802,5414.846344365945,2714.46141517598,89.99227985132664,104.03624346792648,75.7
2024-08-06,87.3,98.4,77.0,986.1,9.5,3.6,9.7,11.7,25.218106,110.039197,173.73,94.91451966722016,13.046669370064626,38.90261983661893,-0.5877852522924734,0.9981707480458889,25.218106,635.952870227236,0.9795302657838054,5.163241925350947,-1975.039060987802,5414.846344365945,2714.46141517598,89.99227985132664,104.03624346792648,76.6
2024-08-07,87.7,98.6,77.0,986.4,10.1,4.6,9.7,13.4,25.218106,110.039197,173.73,95.20184548388,13.026478287418017,38.83127751186226,-0.6016240632249227,0.9981707480458889,25.218106,635.952870227236,0.9795302657838054,5.163241925350947,-1975.039060987802,5414.846344365945,2714.46141517598,89.99227985132664,104.03624346792648,75.3
2024-08-08,88.2,98.6,80.6,985.6,10.3,5.3,11.7,15.9,25.218106,110.039197,173.73,95.59433590354931,13.006032095720995,38.75800568884139,-0.6152845999633277,0.9981707480458889,25.218106,635.952870227236,0.9795302657838054,5.163241925350947,-1975.039060987802,5414.846344365945,2714.46141517598,89.99227985132664,104.03624346792648,75.9
2024-08-09,87.5,97.2,80.6,983.8,10.4,5.9,13.6,14.6,25.218106,110.039197,173.73,94.68475923061818,12.985338408770494,38.68278413975491,-0.6287628145958345,0.9981707480458889,25.218106,635.952870227236,0.9795302657838054,5.163241925350947,-1975.039060987802,5414.846344365945,2714.46141517598,89.99227985132664,104.03624346792648,77.3
2024-08-10,84.8,95.9,77.0,983.3,9.2,3.2,9.7,14.6,25.218106,110.039197,173.73,91.61512705720283,12.964404772245684,38.60559344359168,-0.6420547132365636,0.9981707480458889,25.218106,635.952870227236,0.9795302657838054,5.163241925350947,-1975.039060987802,5414.846344365945,2714.46141517598,89.99227985132664,104.03624346792648,77.6
2024-08-11,85.5,93.7,78.8,983.4,10.1,3.1,9.7,10.5,25.218106,110.039197,173.73,92.22057544620726,12.943238659116808,38.52641504913149,-0.655156357209085,0.9981707480458889,25.218106,635.952870227236,0.9795302657838054,5.163241925350947,-1975.039060987802,5414.846344365945,2714.46141517598,89.99227985132664,104.03624346792648,76.9
2024-08-12,81.0,93.2,77.0,985.2,16.1,2.4,3.1,16.3,25.218106,110.039197,173.73,87.22247039201136,12.921847465483165,38.44523133751234,-0.6680638642135333,0.9981707480458889,25.218106,635.952870227236,0.9795302657838054,5.163241925350947,-1975.039060987802,5414.846344365945,2714.46141517598,89.99227985132664,104.03624346792648,76.3
2024-08-13,79.1,88.0,77.0,987.5,7.2,2.1,5.8,167.63705831802264,25.218106,110.039197,173.73,85.03407215756138,12.900238506836114,38.36202568424753,-0.6807734094770159,0.9981707480458889,25.218106,635.952870227236,0.9795302657838054,5.163241925350947,-1975.039060987802,5414.846344365945,2714.46141517598,89.99227985132664,104.03624346792648,76.7
2024-08-14,79.6,89.1,77.0,987.4,6.3,2.3,9.7,11.5,25.218106,110.039197,173.73,85.4268461311202,12.878419014741741,38.27678252057387,-0.6932812268869771,0.9981707480458889,25.218106,635.952870227236,0.9795302657838054,5.163241925350947,-1975.039060987802,5414.846344365945,2714.46141517598,89.99227985132664,104.03624346792648,76.5
2024-08-15,80.4,93.2,77.0,985.9,7.7,3.3,15.5,22.7,25.218106,110.039197,173.73,86.13785409737687,12.856396133936846,38.18948739401241,-0.7055836101071774,0.9981707480458889,25.218106,635.952870227236,0.9795302657838054,5.163241925350947,-1975.039060987802,5414.846344365945,2714.46141517598,89.99227985132664,104.03624346792648,76.0
2024-08-16,80.2,90.3,77.0,986.1,7.8,3.0,7.0,14.8,25.218106,110.039197,173.73,85.77508241420422,12.834176919831057,38.10012702802286,-0.7176769136759615,0.9981707480458889,25.218106,635.952870227236,0.9795302657838054,5.163241925350947,-1975.039060987802,5414.846344365945,2714.46141517598,89.99227985132664,104.03624346792648,76.5
2024-08-17,81.6,87.8,77.0,987.2,9.6,3.6,9.7,16.9,25.218106,110.039197,173.73,87.12002468756677,12.811768336406878,38.00868938063248,-0.7295575540864876,0.9981707480458889,25.218106,635.952870227236,0.9795302657838054,5.163241925350947,-1975.039060987802,5414.846344365945,2714.46141517598,89.99227985132664,104.03624346792648,76.0
2024-08-18,82.2,93.2,78.8,985.9,6.9,2.9,17.5,151.08835364841366,25.218106,110.039197,173.73,87.6058641933858,12.789177254508877,37.91516370192126,-0.7412220108485957,0.9981707480458889,25.218106,635.952870227236,0.9795302657838054,5.163241925350947,-1975.039060987802,5414.846344365945,2714.46141517598,89.99227985132664,104.03624346792648,77.2
2024-08-19,84.5,96.3,75.2,984.6,7.5,3.2,7.8,9.9,25.218106,110.039197,173.73,89.89680692235868,12.766410450512474,37.81954059024545,-0.7526668275320083,0.9981707480458889,25.218106,635.952870227236,0.9795302657838054,5.163241925350947,-1975.039060987802,5414.846344365945,2714.46141517598,89.99227985132664,104.03624346792648,76.9
2024-08-20,82.5,96.3,77.0,986.7,10.6,2.2,3.9,13.8,25.218106,110.039197,173.73,87.61138791186524,12.743474605362215,37.721812047083006,-0.7638886127905429,0.9981707480458889,25.218106,635.952870227236,0.9795302657838054,5.163241925350947,-1975.039060987802,5414.846344365945,2714.46141517598,89.99227985132664,104.03624346792648,77.6
2024-08-21,84.5,91.2,77.5,988.3,10.3,5.6,13.6,-30.400695537409252,25.218106,110.039197,173.73,89.57264980711429,12.720376303968893,37.621971530385295,-0.7748840413670406,0.9981707480458889,25.218106,635.952870227236,0.9795302657838054,5.163241925350947,-1975.039060987802,5414.846344365945,2714.46141517598,89.99227985132664,104.03624346792648,77.5
2024-08-22,81.6,90.9,75.2,989.9,9.8,4.3,13.6,15.5,25.218106,110.039197,173.73,86.34042983769042,12.697122034954475,37.5200140063219,-0.7856498550787144,0.9981707480458889,25.218106,635.952870227236,0.9795302657838054,5.163241925350947,-1975.039060987802,5414.846344365945,2714.46141517598,89.99227985132664,104.03624346792648,76.4
2024-08-23,80.0,91.4,73.4,990.6,8.8,3.2,9.7,16.7,25.218106,110.039197,173.73,84.49145460488916,12.673718190733375,37.415935999306534,-0.7961828637826154,0.9981707480458889,25.218106,635.952870227236,0.9795302657838054,5.163241925350947,-1975.039060987802,5414.846344365945,2714.46141517598,89.99227985132664,104.03624346792648,75.7
2024-08-24,83.7,94.6,75.2,989.5,9.5,2.4,3.9,-49.15203863126234,25.218106,110.039197,173.73,88.23494319873065,12.650171067918372,37.309735640195264,-0.8064799463209447,0.9981707480458889,25.218106,635.952870227236,0.9795302657838054,5.163241925350947,-1975.039060987802,5414.846344365945,2714.46141517598,89.99227985132664,104.03624346792648,75.6
2024-08-25,85.5,95.7,77.0,988.0,9.5,3.2,7.8,11.7,25.218106,110.039197,173.73,89.96371893477905,12.626486868039166,37.20141271255017,-0.8165380514459157,0.9981707480458889,25.218106,635.952870227236,0.9795302657838054,5.163241925350947,-1975.039060987802,5414.846344365945,2714.46141517598,89.99227985132664,104.03624346792648,76.4
2024-08-26,86.1,96.8,77.0,986.9,9.9,3.5,9.7,13.6,25.218106,110.039197,173.73,90.42416943717845,12.602671698561457,37.09096869686504,-0.8263541987239094,0.9981707480458889,25.218106,635.952870227236,0.9795302657838054,5.163241925350947,-1975.039060987802,5414.846344365945,2714.46141517598,89.99227985132664,104.03624346792648,76.6
2024-08-27,87.5,98.1,80.6,986.3,8.6,4.5,9.7,11.7,25.218106,110.039197,173.73,91.7199177284994,12.578731574194203,36.97840681265267,-0.8359254794186365,0.9981707480458889,25.218106,635.952870227236,0.9795302657838054,5.163241925350947,-1975.039060987802,5414.846344365945,2714.46141517598,89.99227985132664,104.03624346792648,77.7
2024-08-28,84.2,98.1,78.8,986.2,9.7,4.3,11.7,17.9,25.218106,110.039197,173.73,88.09195146961724,12.554672418472766,36.86373205829725,-0.8452490573530634,0.9981707480458889,25.218106,635.952870227236,0.9795302657838054,5.163241925350947,-1975.039060987802,5414.846344365945,2714.46141517598,89.99227985132664,104.03624346792648,74.6
2024-08-29,84.2,95.2,77.0,986.7,9.4,3.4,7.8,17.9,25.218106,110.039197,173.73,87.92234212699849,12.530500065605484,36.746951248578554,-0.8543221697498269,0.9981707480458889,25.218106,635.952870227236,0.9795302657838054,5.163241925350947,-1975.039060987802,5414.846344365945,2714.46141517598,89.99227985132664,104.03624346792648,73.6
2024-08-30,84.6,95.2,77.0,988.2,8.2,2.7,5.8,14.8,25.218106,110.039197,173.73,88.16885285112757,12.506220262571286,36.628073049779644,-0.8631421280499115,0.9981707480458889,25.218106,635.952870227236,0.9795302657838054,5.163241925350947,-1975.039060987802,5414.846344365945,2714.46141517598,89.99227985132664,104.03624346792648,75.3
2024-08-31,84.6,96.8,77.0,989.3,7.8,2.3,9.7,21.8,25.218106,110.039197,173.73,87.99696263376498,12.481838671456025,36.50710801229327,-0.8717063187093217,0.9981707480458889,25.218106,635.952870227236,0.9795302657838054,5.163241925350947,-1975.039060987802,5414.846344365945,2714.46141517598,89.99227985132664,104.03624346792648,76.8
2024-09-01,86.5,97.0,77.0,988.8,8.9,2.7,5.8,152.3442752630944,25.218106,110.039197,173.73,89.79680961910941,12.457360872015178,36.38406860064769,-0.8800122039735356,0.9981707480458889,25.218106,635.952870227236,0.9795302657838054,5.163241925350947,-1975.039060987802,5414.846344365945,2714.46141517598,89.99227985132664,104.03624346792648,76.6
2024-09-02,88.3,100.4,77.0,989.0,9.7,3.4,9.7,15.5,25.218106,110.039197,173.73,91.4846304817504,12.43279236445079,36.25896922087666,-0.888057322629493,0.9981707480458889,25.218106,635.952870227236,0.9795302657838054,5.163241925350947,-1975.039060987802,5414.846344365945,2714.46141517598,89.99227985132664,104.03624346792648,76.2
2024-09-03,84.2,100.4,75.2,987.8,8.6,3.4,7.8,17.1,25.218106,110.039197,173.73,87.06377231627361,12.40813857239054,36.13182624516441,-0.8958392907349089,0.9981707480458889,25.218106,635.952870227236,0.9795302657838054,5.163241925350947,-1975.039060987802,5414.846344365945,2714.46141517598,89.99227985132664,104.03624346792648,74.4
2024-09-04,87.1,100.4,75.7,983.9,7.4,2.8,7.8,12.6,25.218106,110.039197,173.73,89.88288017429707,12.383404846057003,36.00265803370076,-0.9033558023246842,0.9981707480458889,25.218106,635.952870227236,0.9795302657838054,5.163241925350947,-1975.039060987802,5414.846344365945,2714.46141517598,89.99227985132664,104.03624346792648,76.1
2024-09-05,88.5,102.2,78.8,983.4,8.6,6.1,13.6,19.2,25.218106,110.039197,173.73,91.1446489339133,12.358596465615364,35.87148495368796,-0.9106046300942162,0.9981707480458889,25.218106,635.952870227236,0.9795302657838054,5.163241925350947,-1975.039060987802,5414.846344365945,2714.46141517598,89.99227985132664,104.03624346792648,75.0
2024-09-06,86.4,100.4,78.8,985.4,9.1,7.9,15.5,20.6,25.218106,110.039197,173.73,88.80277424175323,12.333718644687947,35.73832939544603,-0.9175836260593934,0.9981707480458889,25.218106,635.952870227236,0.9795302657838054,5.163241925350947,-1975.039060987802,5414.846344365945,2714.46141517598,89.99227985132664,104.03624346792648,75.1
2024-09-07,82.9,95.7,78.8,988.6,9.3,5.2,13.6,19.4,25.218106,110.039197,173.73,85.0331312225499,12.30877653402411,35.603215785569596,-0.9242907221930934,0.9981707480458889,25.218106,635.952870227236,0.9795302657838054,5.163241925350947,-1975.039060987802,5414.846344365945,2714.46141517598,89.99227985132664,104.03624346792648,75.6
2024-09-08,80.8,93.2,77.0,989.1,7.8,2.8,7.8,17.7,25.218106,110.039197,173.73,82.71075318378293,12.283775225314296,35.466170597094816,-0.9307239310379793,0.9981707480458889,25.218106,635.952870227236,0.9795302657838054,5.163241925350947,-1975.039060987802,5414.846344365945,2714.46141517598,89.99227985132664,104.03624346792648,76.5
2024-09-09,81.6,93.2,75.2,988.3,8.6,2.8,13.6,23.3,25.218106,110.039197,173.73,83.35929433493234,12.258719755137111,35.32722235664212,-0.9368813462954315,0.9981707480458889,25.218106,635.952870227236,0.9795302657838054,5.163241925350947,-1975.039060987802,5414.846344365945,2714.46141517598,89.99227985132664,104.03624346792648,75.6
2024-09-10,82.5,93.6,75.2,989.0,7.8,2.5,4.1,12.4,25.218106,110.039197,173.73,84.10610387457153,12.233615109028587,35.18640164850536,-0.9427611433904206,0.9981707480458889,25.218106,635.952870227236,0.9795302657838054,5.163241925350947,-1975.039060987802,5414.846344365945,2714.46141517598,89.99227985132664,104.03624346792648,76.4
2024-09-11,82.0,96.3,73.4,990.2,8.2,3.8,15.5,15.9,25.218106,110.039197,173.73,83.42451920869642,12.20846622566289,35.04374111566612,-0.9483615800121716,0.9981707480458889,25.218106,635.952870227236,0.9795302657838054,5.163241925350947,-1975.039060987802,5414.846344365945,2714.46141517598,89.99227985132664,104.03624346792648,74.4
2024-09-12,84.0,96.3,75.2,988.9,9.1,3.4,5.8,13.4,25.218106,110.039197,173.73,85.28294600793745,12.183278001133921,34.899275457716826,-0.9536809966304455,0.9981707480458889,25.218106,635.952870227236,0.9795302657838054,5.163241925350947,-1975.039060987802,5414.846344365945,2714.46141517598,89.99227985132664,104.03624346792648,72.8
2024-09-13,85.7,95.0,75.2,986.8,8.8,3.6,5.8,12.6,25.218106,110.039197,173.73,86.82877821984702,12.15805529332747,34.753041425684046,-0.9587178169872964,0.9981707480458889,25.218106,635.952870227236,0.9795302657838054,5.163241925350947,-1975.039060987802,5414.846344365945,2714.46141517598,89.99227985132664,104.03624346792648,73.2
2024-09-14,83.3,94.6,73.4,984.7,8.7,3.2,5.8,4.802517100696596,25.218106,110.039197,173.73,84.2218736472439,12.13280292637367,34.60507781374924,-0.9634705485641486,0.9981707480458889,25.218106,635.952870227236,0.9795302657838054,5.163241925350947,-1975.039060987802,5414.846344365945,2714.46141517598,89.99227985132664,104.03624346792648,71.7
2024-09-15,79.3,94.6,75.2,986.2,7.7,4.0,11.7,-46.16703553125324,25.218106,110.039197,173.73,80.01056563557955,12.107525695169668,34.45542544787138,-0.9679377830240642,0.9981707480458889,25.218106,635.952870227236,0.9795302657838054,5.163241925350947,-1975.039060987802,5414.846344365945,2714.46141517598,89.99227985132664,104.03624346792648,73.1
2024-09-16,81.0,90.9,77.0,988.7,6.4,4.1,7.8,59.51445558407767,25.218106,110.039197,173.73,81.55504149724756,12.082228369962602,34.30412717132204,-0.9721181966290612,0.9981707480458889,25.218106,635.952870227236,0.9795302657838054,5.163241925350947,-1975.039060987802,5414.846344365945,2714.46141517598,89.99227985132664,104.03624346792648,74.8
2024-09-17,84.1,95.0,75.2,989.1,8.9,6.6,13.6,-25.389098767461373,25.218106,110.039197,173.73,84.49888420438899,12.056915700982973,34.15122782715065,-0.9760105506323682,0.9981707480458889,25.218106,635.952870227236,0.9795302657838054,5.163241925350947,-1975.039060987802,5414.846344365945,2714.46141517598,89.99227985132664,104.03624346792648,72.6
2024-09-18,86.3,96.8,77.0,986.6,8.7,5.9,13.6,-30.18398728189856,25.218106,110.039197,173.73,86.52720217626245,12.031592423118765,33.99677423760378,-0.9796136916454901,0.9981707480458889,25.218106,635.952870227236,0.9795302657838054,5.163241925350947,-1975.039060987802,5414.846344365945,2714.46141517598,89.99227985132664,104.03624346792648,73.8
2024-09-19,86.6,96.8,77.0,986.0,9.1,6.1,11.7,113.68374190503945,25.218106,110.039197,173.73,86.64519986414504,12.00626326062056,33.8408151805292,-0.9829265519799822,0.9981707480458889,25.218106,635.952870227236,0.9795302657838054,5.163241925350947,-1975.039060987802,5414.846344365945,2714.46141517598,89.99227985132664,104.03624346792648,74.5
2024-09-20,82.9,95.7,77.0,986.9,7.4,3.6,9.7,-62.827844090405776,25.218106,110.039197,173.73,82.76827833737924,11.980932931828116,33.68340136280172,-0.9859481499638303,0.9981707480458889,25.218106,635.952870227236,0.9795302657838054,5.163241925350947,-1975.039060987802,5414.846344365945,2714.46141517598,89.99227985132664,104.03624346792648,74.7
2024-09-21,79.4,91.2,73.4,989.5,9.1,7.6,13.6,-100.94299590553814,25.218106,110.039197,173.73,79.10626071836347,11.955606153908835,33.52458539081439,-0.9886775902323404,0.9981707480458889,25.218106,635.952870227236,0.9795302657838054,5.163241925350947,-1975.039060987802,5414.846344365945,2714.46141517598,89.99227985132664,104.03624346792648,71.8
2024-09-22,73.1,88.2,68.0,994.4,10.3,8.0,15.5,-24.638382726308077,25.218106,110.039197,173.73,72.6753355866212,11.930287647598558,33.36442173808469,-0.9911140639934546,0.9981707480458889,25.218106,635.952870227236,0.9795302657838054,5.163241925350947,-1975.039060987802,5414.846344365945,2714.46141517598,89.99227985132664,104.03624346792648,59.1
2024-09-23,76.6,86.0,69.8,993.7,10.1,7.4,15.5,21.0,25.218106,110.039197,173.73,75.99346933935314,11.90498214193522,33.20296671003172,-0.9932568492674143,0.9981707480458889,25.218106,635.952870227236,0.9795302657838054,5.163241925350947,-1975.039060987802,5414.846344365945,2714.46141517598,89.99227985132664,104.03624346792648,59.0
2024-09-24,76.3,84.7,68.0,992.5,9.4,4.6,9.7,39.265136537513776,25.218106,110.039197,173.73,75.53505675965435,11.879694378975783,33.040278405986214,-0.9951053111006974,0.9981707480458889,25.218106,635.952870227236,0.9795302657838054,5.163241925350947,-1975.039060987802,5414.846344365945,2714.46141517598,89.99227985132664,104.03624346792648,62.5
2024-09-25,77.9,84.7,69.8,992.8,7.0,2.8,5.8,-81.44391558447279,25.218106,110.039197,173.73,76.95500236084396,11.854429118486875,32.876416678501165,-0.99665890175417,0.9981707480458889,25.218106,635.952870227236,0.9795302657838054,5.163241925350947,-1975.039060987802,5414.846344365945,2714.46141517598,89.99227985132664,104.03624346792648,68.7
2024-09-26,80.9,91.2,71.6,992.2,7.0,2.8,5.8,6.959336496637294,25.218106,110.039197,173.73,79.74846361969185,11.829191142599532,32.71144309003642,-0.9979171608653922,0.9981707480458889,25.218106,635.952870227236,0.9795302657838054,5.163241925350947,-1975.039060987802,5414.846344365945,2714.46141517598,89.99227985132664,104.03624346792648,71.0
2024-09-27,82.1,92.5,73.4,990.8,6.9,2.5,5.8,38.92283660592727,25.218106,110.039197,173.73,80.75893249002861,11.803985260418314,32.54542086709612,-0.9988797155850335,0.9981707480458889,25.218106,635.952870227236,0.9795302657838054,5.163241925350947,-1975.039060987802,5414.846344365945,2714.46141517598,89.99227985132664,104.03624346792648,72.2
2024-09-28,84.7,93.7,77.0,989.6,7.0,3.1,5.8,96.16455746071139,25.218106,110.039197,173.73,83.13881180625884,11.778816312575042,32.378414851903145,-0.9995462806873573,0.9981707480458889,25.218106,635.952870227236,0.9795302657838054,5.163241925350947,-1975.039060987802,5414.846344365945,2714.46141517598,89.99227985132664,104.03624346792648,73.9
2024-09-29,82.9,94.1,75.2,989.0,6.9,3.0,9.7,-43.86388658564351,25.218106,110.039197,173.73,81.19840272224648,11.753689175717223,32.21049145169945,-0.9999166586547379,0.9981707480458889,25.218106,635.952870227236,0.9795302657838054,5.163241925350947,-1975.039060987802,5414.846344365945,2714.46141517598,89.99227985132664,104.03624346792648,74.9
2024-09-30,85.2,96.3,73.4,989.2,8.6,6.4,15.5,95.01951796041965,25.218106,110.039197,173.73,83.27312224514039,11.728608766921182,32.04171858576641,-0.9999907397361901,0.9981707480458889,25.218106,635.952870227236,0.9795302657838054,5.163241925350947,-1975.039060987802,5414.846344365945,2714.46141517598,89.99227985132664,104.03624346792648,71.2
2024-10-01,68.3,96.3,64.4,998.3,10.4,7.8,15.5,-30.7680626365499,25.218106,110.039197,173.73,66.61287643997899,11.703580048019735,31.87216563026357,-0.9997685019798909,0.9981707480458889,25.218106,635.952870227236,0.9795302657838054,5.163241925350947,-1975.039060987802,5414.846344365945,2714.46141517598,89.99227985132664,104.03624346792648,55.5
2024-10-02,71.5,78.8,60.8,998.8,10.3,6.0,15.5,59.58549051383039,25.218106,110.039197,173.73,69.58503951109476,11.678608029834086,31.701903360988023,-0.9992500112396835,0.9981707480458889,25.218106,635.952870227236,0.9795302657838054,5.163241925350947,-1975.039060987802,5414.846344365945,2714.46141517598,89.99227985132664,104.03624346792648,47.1
2024-10-03,71.8,84.2,57.2,999.0,10.3,6.5,13.6,7.257291348407318,25.218106,110.039197,173.73,69.72795836152562,11.653697776299548,31.531003894161636,-0.9984354211555643,0.9981707480458889,25.218106,635.952870227236,0.9795302657838054,5.163241925350947,-1975.039060987802,5414.846344365945,2714.46141517598,89.99227985132664,104.03624346792648,45.2
2024-10-04,71.2,84.4,57.2,998.2,10.3,4.1,7.8,-81.26496668609767,25.218106,110.039197,173.73,68.99786949028133,11.62885440847438,31.359540625355752,-0.9973249731081555,0.9981707480458889,25.218106,635.952870227236,0.9795302657838054,5.163241925350947,-1975.039060987802,5414.846344365945,2714.46141517598,89.99227985132664,104.03624346792648,47.8
2024-10-05,74.3,87.8,60.8,997.2,10.0,4.3,9.7,63.4000164209161,25.218106,110.039197,173.73,71.84861457964001,11.604083108420998,31.187588166667382,-0.9959189961471792,0.9981707480458889,25.218106,635.952870227236,0.9795302657838054,5.163241925350947,-1975.039060987802,5414.846344365945,2714.46141517598,89.99227985132664,104.03624346792648,54.3
2024-10-06,77.4,91.4,64.4,998.0,9.5,4.6,11.7,-44.17304293897557,25.218106,110.039197,173.73,74.68705984301823,11.579389122948562,31.01522228226334,-0.994217906893952,0.9981707480458889,25.218106,635.952870227236,0.9795302657838054,5.163241925350947,-1975.039060987802,5414.846344365945,2714.46141517598,89.99227985132664,104.03624346792648,57.7
2024-10-07,74.0,89.4,60.8,0.1,9.2,5.7,13.6,-54.499710590116145,25.218106,110.039197,173.73,71.25446289776873,11.55477776720574,30.842519822411642,-0.9922222094179324,0.9981707480458889,25.218106,635.952870227236,0.9795302657838054,5.163241925350947,-1975.039060987802,5414.846344365945,2714.46141517598,89.99227985132664,104.03624346792648,55.4
2024-10-08,71.6,84.6,62.6,999.2,8.8,5.7,13.6,-7.796404147025317,25.218106,110.039197,173.73,68.79718475440382,11.530254428112372,30.669558656122103,-0.989932495087353,0.9981707480458889,25.218106,635.952870227236,0.9795302657838054,5.163241925350947,-1975.039060987802,5414.846344365945,2714.46141517598,89.99227985132664,104.03624346792648,55.2
2024-10-09,71.3,82.4,59.0,996.9,8.6,4.2,11.7,50.64453454194718,25.218106,110.039197,173.73,68.3637743059328,11.505824567618424,30.496417602519735,-0.9873494423939864,0.9981707480458889,25.218106,635.952870227236,0.9795302657838054,5.163241925350947,-1975.039060987802,5414.846344365945,2714.46141517598,89.99227985132664,104.03624346792648,58.2
2024-10-10,74.7,87.8,64.4,995.7,9.2,4.2,9.7,-41.15966636537796,25.218106,110.039197,173.73,71.47229844297185,11.48149372577861,30.323176361076467,-0.9844738167520923,0.9981707480458889,25.218106,635.952870227236,0.9795302657838054,5.163241925350947,-1975.039060987802,5414.846344365945,2714.46141517598,89.99227985132664,104.03624346792648,55.4
2024-10-11,76.3,89.6,62.6,995.3,8.3,3.0,7.8,-58.17472427985026,25.218106,110.039197,173.73,72.84912600441906,11.457267523630783,30.14991544082833,-0.9813064702716093,0.9981707480458889,25.218106,635.952870227236,0.9795302657838054,5.163241925350947,-1975.039060987802,5414.846344365945,2714.46141517598,89.99227985132664,104.03624346792648,58.3
2024-10-12,77.2,89.8,66.2,995.5,7.3,2.6,5.8,-175.5557555182601,25.218106,110.039197,173.73,73.55327571707187,11.433151665866093,29.97671608870549,-0.9778483415056567,0.9981707480458889,25.218106,635.952870227236,0.9795302657838054,5.163241925350947,-1975.039060987802,5414.846344365945,2714.46141517598,89.99227985132664,104.03624346792648,61.2
2024-10-13,80.1,89.8,68.0,994.6,6.7,3.1,5.8,6.583857846069594,25.218106,110.039197,173.73,76.15608922138603,11.409151943278806,29.803660217104248,-0.9741004551724206,0.9981707480458889,25.218106,635.952870227236,0.9795302657838054,5.163241925350947,-1975.039060987802,5414.846344365945,2714.46141517598,89.99227985132664,104.03624346792648,66.1
2024-10-14,70.5,89.8,67.8,995.5,4.4,3.7,7.8,2.6353077304923023,25.218106,110.039197,173.73,66.88848613052804,11.385274234983495,29.630830330829415,-0.970063921851507,0.9981707480458889,25.218106,635.952870227236,0.9795302657838054,5.163241925350947,-1975.039060987802,5414.846344365945,2714.46141517598,89.99227985132664,104.03624346792648,68.0
2024-10-15,72.7,78.6,67.8,996.6,6.5,2.9,5.8,-45.70365916609566,25.218106,110.039197,173.73,68.8319026587632,11.361524510387323,29.458309453536145,-0.965739937654855,0.9981707480458889,25.218106,635.952870227236,0.9795302657838054,5.163241925350947,-1975.039060987802,5414.846344365945,2714.46141517598,89.99227985132664,104.03624346792648,68.1
2024-10-16,75.5,82.4,69.6,996.4,8.0,3.7,7.8,-115.29108555254248,25.218106,110.039197,173.73,71.33434306111064,11.337908830905002,29.286181053799563,-0.9611297838723007,0.9981707480458889,25.218106,635.952870227236,0.9795302657838054,5.163241925350947,-1975.039060987802,5414.846344365945,2714.46141517598,89.99227985132664,104.03624346792648,67.8
2024-10-17,75.8,83.5,71.2,993.6,3.7,2.2,3.9,-3.639369452854684,25.218106,110.039197,173.73,71.46950400303544,11.314433351404027,29.114528970939865,-0.9562348265919058,0.9981707480458889,25.218106,635.952870227236,0.9795302657838054,5.163241925350947,-1975.039060987802,5414.846344365945,2714.46141517598,89.99227985132664,104.03624346792648,71.9
2024-10-18,75.8,84.2,71.8,994.5,6.4,2.5,7.8,79.67644538915084,25.218106,110.039197,173.73,71.32214229664001,11.291104321367813,28.943437340729595,-0.9510565162951536,0.9981707480458889,25.218106,635.952870227236,0.9795302657838054,5.163241925350947,-1975.039060987802,5414.846344365945,2714.46141517598,89.99227985132664,104.03624346792648,73.6
2024-10-19,70.5,81.0,66.2,999.5,9.5,6.5,13.6,68.57362422303434,25.218106,110.039197,173.73,66.19907750386585,11.267928085764401,28.772990521108092,-0.9455963874271428,0.9981707480458889,25.218106,635.952870227236,0.9795302657838054,5.163241925350947,-1975.039060987802,5414.846344365945,2714.46141517598,89.99227985132664,104.03624346792648,63.2
2024-10-20,71.2,78.8,66.2,0.3,10.3,4.9,7.8,104.1050527924338,25.218106,110.039197,173.73,66.71980577461025,11.24491108560847,28.603273018026634,-0.9398560579418953,0.9981707480458889,25.218106,635.952870227236,0.9795302657838054,5.163241925350947,-1975.039060987802,5414.846344365945,2714.46141517598,89.99227985132664,104.03624346792648,61.9
2024-10-21,72.8,82.4,67.1,997.6,8.6,3.2,5.8,-175.55476802993206,25.218106,110.039197,173.73,68.08049647310825,11.222059858204657,28.434369411545706,-0.9338372288229252,0.9981707480458889,25.218106,635.952870227236,0.9795302657838054,5.163241925350947,-1975.039060987802,5414.846344365945,2714.46141517598,89.99227985132664,104.03624346792648,65.1
2024-10-22,64.6,82.4,55.4,1.7,9.6,6.3,13.6,21.4,25.218106,110.039197,173.73,60.29000124950771,11.199381037060256,28.266364282302916,-0.9275416835791965,0.9981707480458889,25.218106,635.952870227236,0.9795302657838054,5.163241925350947,-1975.039060987802,5414.846344365945,2714.46141517598,89.99227985132664,104.03624346792648,56.6
2024-10-23,65.3,80.6,50.0,999.8,10.3,5.7,11.7,168.80896498762306,25.218106,110.039197,173.73,60.82086268750499,11.17688135145574,28.099342138468128,-0.9209712877166347,0.9981707480458889,25.218106,635.952870227236,0.9795302657838054,5.163241925350947,-1975.039060987802,5414.846344365945,2714.46141517598,89.99227985132664,104.03624346792648,48.3
2024-10-24,66.8,82.4,53.6,995.5,10.3,4.7,11.7,-12.85760346809375,25.218106,110.039197,173.73,62.093759782851045,11.154567625661864,27.933387343298637,-0.9141279881853337,0.9981707480458889,25.218106,635.952870227236,0.9795302657838054,5.163241925350947,-1975.039060987802,5414.846344365945,2714.46141517598,89.99227985132664,104.03624346792648,48.4
2024-10-25,70.0,84.2,57.2,994.4,10.3,5.7,11.7,210.05442888245824,25.218106,110.039197,173.73,64.93927287045591,11.13244677779244,27.768584043404243,-0.9070138128026362,0.9981707480458889,25.218106,635.952870227236,0.9795302657838054,5.163241925350947,-1975.039060987802,5414.846344365945,2714.46141517598,89.99227985132664,104.03624346792648,48.8
2024-10-26,72.2,82.4,62.6,995.0,9.5,8.6,13.6,-31.571313821654687,25.218106,110.039197,173.73,66.84833033999973,11.110525818282504,27.6050160978284,-0.8996308696522434,0.9981707480458889,25.218106,635.952870227236,0.9795302657838054,5.163241925350947,-1975.039060987802,5414.846344365945,2714.46141517598,89.99227985132664,104.03624346792648,55.2
2024-10-27,64.4,79.5,60.8,997.4,9.2,5.6,7.8,13.020149476420094,25.218106,110.039197,173.73,59.509956917503075,11.088811847981939,27.44276700804767,-0.8919813464595487,0.9981707480458889,25.218106,635.952870227236,0.9795302657838054,5.163241925350947,-1975.039060987802,5414.846344365945,2714.46141517598,89.99227985132664,104.03624346792648,57.4
2024-10-28,66.8,75.2,60.8,996.0,5.7,6.0,11.7,-10.84361124416439,25.218106,110.039197,173.73,61.608037110928606,11.067312055855439,27.281919848987453,-0.8840675099433637,0.9981707480458889,25.218106,635.952870227236,0.9795302657838054,5.163241925350947,-1975.039060987802,5414.846344365945,2714.46141517598,89.99227985132664,104.03624346792648,57.6
2024-10-29,66.4,77.0,59.0,995.6,6.9,4.1,7.8,-13.79252740425336,25.218106,110.039197,173.73,61.12138656341762,11.046033716280293,27.12255720114792,-0.8758917051442433,0.9981707480458889,25.218106,635.952870227236,0.9795302657838054,5.163241925350947,-1975.039060987802,5414.846344365945,2714.46141517598,89.99227985132664,104.03624346792648,56.3
2024-10-30,68.6,80.6,55.4,995.2,9.0,4.5,11.7,100.4934460849066,25.218106,110.039197,173.73,63.02615959625778,11.024984185934306,26.964761083928778,-0.8674563547295971,0.9981707480458889,25.218106,635.952870227236,0.9795302657838054,5.163241925350947,-1975.039060987802,5414.846344365945,2714.46141517598,89.99227985132664,104.03624346792648,53.9
2024-10-31,69.8,84.2,55.4,994.1,9.6,5.4,13.6,23.3,25.218106,110.039197,173.73,64.0075940698867,11.004170900267054,26.808612890237555,-0.858763958275803,0.9981707480458889,25.218106,635.952870227236,0.9795302657838054,5.163241925350947,-1975.039060987802,5414.846344365945,2714.46141517598,89.99227985132664,104.03624346792648,51.5
2024-11-01,68.1,82.8,53.6,999.2,9.2,5.7,11.7,73.74540704049545,25.218106,110.039197,173.73,62.33193777218861,10.983601369548655,26.65419332245991,-0.8498170915275277,0.9981707480458889,25.218106,635.952870227236,0.9795302657838054,5.163241925350947,-1975.039060987802,5414.846344365945,2714.46141517598,89.99227985132664,104.03624346792648,50.7
2024-11-02,67.7,80.6,55.4,1.3,6.0,5.4,11.7,21.4,25.218106,110.039197,173.73,61.851189242754955,10.963283174491277,26.501582329866437,-0.8406184056344783,0.9981707480458889,25.218106,635.952870227236,0.9795302657838054,5.163241925350947,-1975.039060987802,5414.846344365945,2714.46141517598,89.99227985132664,104.03624346792648,51.4
2024-11-03,69.4,79.5,57.2,0.3,5.7,2.8,5.8,208.0063478349915,25.218106,110.039197,173.73,63.28831191032677,10.943223961439786,26.350859047523855,-0.8311706263658079,0.9981707480458889,25.218106,635.952870227236,0.9795302657838054,5.163241925350947,-1975.039060987802,5414.846344365945,2714.46141517598,89.99227985132664,104.03624346792648,56.1
2024-11-04,70.5,80.6,57.2,1.5,6.1,5.2,9.7,39.491703294924235,25.218106,110.039197,173.73,64.17515969313374,10.923431437129146,26.202101736773752,-0.8214765533024145,0.9981707480458889,25.218106,635.952870227236,0.9795302657838054,5.163241925350947,-1975.039060987802,5414.846344365945,2714.46141517598,89.99227985132664,104.03624346792648,55.5
2024-11-05,69.5,82.4,57.2,3.0,5.5,6.8,13.6,12.870240973362662,25.218106,110.039197,173.73,63.15183156075228,10.903913363007588,26.05538772733603,-0.8115390590073611,0.9981707480458889,25.218106,635.952870227236,0.9795302657838054,5.163241925350947,-1975.039060987802,5414.846344365945,2714.46141517598,89.99227985132664,104.03624346792648,54.3
2024-11-06,67.4,80.6,53.6,3.5,8.0,5.3,13.6,-88.32488199791445,25.218106,110.039197,173.73,61.1356055675905,10.884677549125906,25.910793361088253,-0.801361088174677,0.9981707480458889,25.218106,635.952870227236,0.9795302657838054,5.163241925350947,-1975.039060987802,5414.846344365945,2714.46141517598,89.99227985132664,104.03624346792648,50.6
2024-11-07,66.7,82.4,50.0,2.5,9.7,4.3,11.7,237.92577212575662,25.218106,110.039197,173.73,60.39535951954775,10.865731847594798,25.768393937566444,-0.7909456567567774,0.9981707480458889,25.218106,635.952870227236,0.9795302657838054,5.163241925350947,-1975.039060987802,5414.846344365945,2714.46141517598,89.99227985132664,104.03624346792648,47.4
2024-11-08,66.8,84.2,50.0,999.7,9.7,4.5,11.7,13.6,25.218106,110.039197,173.73,60.38210174391671,10.84708414561378,25.62826366122683,-0.780295851070776,0.9981707480458889,25.218106,635.952870227236,0.9795302657838054,5.163241925350947,-1975.039060987802,5414.846344365945,2714.46141517598,89.99227985132664,104.03624346792648,44.1
2024-11-09,69.8,82.4,55.4,998.5,9.5,3.6,5.8,24.63668135094541,25.218106,110.039197,173.73,62.98718471614674,10.828742358076804,25.490475590501873,-0.7694148268839381,0.9981707480458889,25.218106,635.952870227236,0.9795302657838054,5.163241925350947,-1975.039060987802,5414.846344365945,2714.46141517598,89.99227985132664,104.03624346792648,50.7
2024-11-10,69.8,84.2,55.4,998.4,8.3,3.8,7.8,58.391214512329576,25.218106,110.039197,173.73,62.8823222082797,10.810714419761554,25.35510158867809,-0.7583058084785625,0.9981707480458889,25.218106,635.952870227236,0.9795302657838054,5.163241925350947,-1975.039060987802,5414.846344365945,2714.46141517598,89.99227985132664,104.03624346792648,53.4
2024-11-11,72.6,84.2,59.0,997.0,8.6,3.6,5.8,-5.455611619014858,25.218106,110.039197,173.73,65.29770007652215,10.7930082771111,25.222212276616837,-0.7469720876965551,0.9981707480458889,25.218106,635.952870227236,0.9795302657838054,5.163241925350947,-1975.039060987802,5414.846344365945,2714.46141517598,89.99227985132664,104.03624346792648,58.2
2024-11-12,72.4,86.7,59.0,994.5,7.4,2.7,7.8,24.74566672009844,25.218106,110.039197,173.73,65.01297900703202,10.775631879618565,25.091876987333713,-0.7354170229639858,0.9981707480458889,25.218106,635.952870227236,0.9795302657838054,5.163241925350947,-1975.039060987802,5414.846344365945,2714.46141517598,89.99227985132664,104.03624346792648,61.1
2024-11-13,74.0,87.8,64.4,999.9,4.5,2.3,3.9,139.26562322303866,25.218106,110.039197,173.73,66.34465788676842,10.75859317082731,24.9641637224454,-0.7236440382959124,0.9981707480458889,25.218106,635.952870227236,0.9795302657838054,5.163241925350947,-1975.039060987802,5414.846344365945,2714.46141517598,89.99227985132664,104.03624346792648,63.8
2024-11-14,77.2,89.6,66.2,999.9,5.6,2.6,3.9,-67.27862682538925,25.218106,110.039197,173.73,69.10622384131666,10.74190007896114,24.839139110487682,-0.711656622281775,0.9981707480458889,25.218106,635.952870227236,0.9795302657838054,5.163241925350947,-1975.039060987802,5414.846344365945,2714.46141517598,89.99227985132664,104.03624346792648,66.5
2024-11-15,76.9,89.6,69.8,999.9,5.0,3.7,7.8,-29.107077416211556,25.218106,110.039197,173.73,68.73296691697998,10.725560507201036,24.71686836710218,-0.6994583270516471,0.9981707480458889,25.218106,635.952870227236,0.9795302657838054,5.163241925350947,-1975.039060987802,5414.846344365945,2714.46141517598,89.99227985132664,104.03624346792648,66.6
2024-11-16,75.5,86.0,68.0,999.9,5.5,4.8,13.6,-63.33434698972832,25.218106,110.039197,173.73,67.38112211948626,10.709582323626956,24.59741525708336,-0.6870527672236675,0.9981707480458889,25.218106,635.952870227236,0.9795302657838054,5.163241925350947,-1975.039060987802,5414.846344365945,2714.46141517598,89.99227985132664,104.03624346792648,64.6
2024-11-17,67.5,78.8,57.2,999.9,6.1,10.3,15.5,23.3,25.218106,110.039197,173.73,60.15360009850422,10.693973350845194,24.4808420582724,-0.6744436188329457,0.9981707480458889,25.218106,635.952870227236,0.9795302657838054,5.163241925350947,-1975.039060987802,5414.846344365945,2714.46141517598,89.99227985132664,104.03624346792648,55.3
2024-11-22,60.3,71.6,53.6,999.9,5.7,5.4,9.7,84.55012105670625,25.218106,110.039197,173.73,53.374222855764955,10.621735891694518,23.943246201283053,-0.6084768701151264,0.9981707480458889,25.218106,635.952870227236,0.9795302657838054,5.163241925350947,-1975.039060987802,5414.846344365945,2714.46141517598,89.99227985132664,104.03624346792648,48.1
2024-11-23,61.0,68.0,55.4,2.0,7.9,4.2,7.8,-108.71709730462844,25.218106,110.039197,173.73,53.92655456199683,10.608502536786261,23.84517294042747,-0.594726686960764,0.9981707480458889,25.218106,635.952870227236,0.9795302657838054,5.163241925350947,-1975.039060987802,5414.846344365945,2714.46141517598,89.99227985132664,104.03624346792648,49.8
2024-11-24,61.6,67.5,56.1,0.8,4.8,3.2,5.8,-100.01923398998981,25.218106,110.039197,173.73,54.391213551941156,10.595690951676849,23.75037124465198,-0.5808002734538013,0.9981707480458889,25.218106,635.952870227236,0.9795302657838054,5.163241925350947,-1975.039060987802,5414.846344365945,2714.46141517598,89.99227985132664,104.03624346792648,52.4
2024-11-25,56.5,66.2,50.0,4.6,7.5,6.1,13.6,-21.081209505255806,25.218106,110.039197,173.73,49.829742739226226,10.583308192402031,23.658890409308334,-0.5667017562911184,0.9981707480458889,25.218106,635.952870227236,0.9795302657838054,5.163241925350947,-1975.039060987802,5414.846344365945,2714.46141517598,89.99227985132664,104.03624346792648,49.7
2024-11-26,57.5,64.8,50.0,5.2,10.0,6.3,13.6,24.740111840398857,25.218106,110.039197,173.73,50.65443892228473,10.571361166389856,23.570777996156803,-0.5524353131676203,0.9981707480458889,25.218106,635.952870227236,0.9795302657838054,5.163241925350947,-1975.039060987802,5414.846344365945,2714.46141517598,89.99227985132664,104.03624346792648,34.8
2024-11-27,58.5,66.2,51.8,5.7,10.4,4.9,11.7,0.7748494959493897,25.218106,110.039197,173.73,51.47930102493797,10.559856620500096,23.486079813888768,-0.5380051715382992,0.9981707480458889,25.218106,635.952870227236,0.9795302657838054,5.163241925350947,-1975.039060987802,5414.846344365945,2714.46141517598,89.99227985132664,104.03624346792648,39.0
2024-11-28,57.6,73.4,42.8,6.0,10.3,3.4,5.8,-122.56547953466432,25.218106,110.039197,173.73,50.63424541966976,10.548801129097868,23.404839900039708,-0.5234156073655503,0.9981707480458889,25.218106,635.952870227236,0.9795302657838054,5.163241925350947,-1975.039060987802,5414.846344365945,2714.46141517598,89.99227985132664,104.03624346792648,39.7
2024-11-29,60.2,72.3,44.6,1.7,9.5,2.8,5.8,153.2242021861145,25.218106,110.039197,173.73,52.86664209571244,10.538201082201816,23.32710050423073,-0.5086709438521042,0.9981707480458889,25.218106,635.952870227236,0.9795302657838054,5.163241925350947,-1975.039060987802,5414.846344365945,2714.46141517598,89.99227985132664,104.03624346792648,39.7
2024-11-30,55.8,72.3,44.6,997.8,7.2,2.0,5.8,150.6164812705893,25.218106,110.039197,173.73,48.955491432928326,10.528062673748028,23.252902072675763,-0.49377555015997737,0.9981707480458889,25.218106,635.952870227236,0.9795302657838054,5.163241925350947,-1975.039060987802,5414.846344365945,2714.46141517598,89.99227985132664,104.03624346792648,46.3
2024-12-02,63.2,78.8,48.7,995.8,6.7,1.8,3.9,-35.22236039773827,25.218106,110.039197,173.73,55.34842435732927,10.509194498227076,23.115280785531393,-0.4635502709028512,0.9981707480458889,25.218106,635.952870227236,0.9795302657838054,5.163241925350947,-1975.039060987802,5414.846344365945,2714.46141517598,89.99227985132664,104.03624346792648,50.5
2024-12-03,68.8,80.4,53.6,996.8,8.8,2.2,3.9,61.73099546613045,25.218106,110.039197,173.73,60.20272926992978,10.50047603545287,23.05192968231776,-0.4482293417404106,0.9981707480458889,25.218106,635.952870227236,0.9795302657838054,5.163241925350947,-1975.039060987802,5414.846344365945,2714.46141517598,89.99227985132664,104.03624346792648,50.6
2024-12-04,65.6,80.4,55.4,998.8,4.5,5.0,9.7,33.8695600184047,25.218106,110.039197,173.73,57.35758849418807,10.49224179771733,22.992263024939202,-0.4327755925504317,0.9981707480458889,25.218106,635.952870227236,0.9795302657838054,5.163241925350947,-1975.039060987802,5414.846344365945,2714.46141517598,89.99227985132664,104.03624346792648,48.6
2024-12-05,55.1,75.7,50.0,0.9,6.6,5.6,9.7,-37.495267811290034,25.218106,110.039197,173.73,48.141314608755394,10.484496829493008,22.936312049914598,-0.41719360261231697,0.9981707480458889,25.218106,635.952870227236,0.9795302657838054,5.163241925350947,-1975.039060987802,5414.846344365945,2714.46141517598,89.99227985132664,104.03624346792648,45.9
2024-12-06,50.2,57.4,48.2,1.9,6.8,3.9,5.8,-36.30418603795266,25.218106,110.039197,173.73,43.82981207163319,10.477245913537814,22.884106120318613,-0.4014879892059737,0.9981707480458889,25.218106,635.952870227236,0.9795302657838054,5.163241925350947,-1975.039060987802,5414.846344365945,2714.46141517598,89.99227985132664,104.03624346792648,46.7
2024-12-07,50.2,52.0,48.2,5.9,7.6,5.3,9.7,16.424987504458045,25.218106,110.039197,173.73,43.80156473078818,10.470493561144584,22.83567271731885,-0.38566340624360745,0.9981707480458889,25.218106,635.952870227236,0.9795302657838054,5.163241925350947,-1975.039060987802,5414.846344365945,2714.46141517598,89.99227985132664,104.03624346792648,44.6
2024-12-08,53.4,57.2,48.9,5.0,7.0,5.7,9.7,1.467583317672279,25.218106,110.039197,173.73,46.56588581263156,10.464244002838551,22.791037432460648,-0.3697245428906732,0.9981707480458889,25.218106,635.952870227236,0.9795302657838054,5.163241925350947,-1975.039060987802,5414.846344365945,2714.46141517598,89.99227985132664,104.03624346792648,36.6
2024-12-09,50.6,56.5,48.2,0.5,2.6,3.8,5.8,-30.63347193974038,25.218106,110.039197,173.73,44.100013307148956,10.458501179561017,22.750223960639964,-0.3536761221763721,0.9981707480458889,25.218106,635.952870227236,0.9795302657838054,5.163241925350947,-1975.039060987802,5414.846344365945,2714.46141517598,89.99227985132664,104.03624346792648,45.4
2024-12-10,47.6,53.6,44.6,0.2,3.2,4.6,7.8,86.51877871827763,25.218106,110.039197,173.73,41.46463264635807,10.453268734375984,22.71325409370706,-0.33752289959411347,0.9981707480458889,25.218106,635.952870227236,0.9795302657838054,5.163241925350947,-1975.039060987802,5414.846344365945,2714.46141517598,89.99227985132664,104.03624346792648,46.5
2024-12-11,46.0,48.6,44.2,5.2,8.2,6.6,11.7,17.16770955075632,25.218106,110.039197,173.73,40.05277501815009,10.448550004734807,22.68014771464678,-0.32126966169236515,0.9981707480458889,25.218106,635.952870227236,0.9795302657838054,5.163241925350947,-1975.039060987802,5414.846344365945,2714.46141517598,89.99227985132664,104.03624346792648,38.2
2024-12-12,46.9,50.0,44.6,5.9,5.0,4.8,7.8,48.60131972300309,25.218106,110.039197,173.73,40.81999349325525,10.444348015331833,22.65092279228425,-0.3049212246562894,0.9981707480458889,25.218106,635.952870227236,0.9795302657838054,5.163241925350947,-1975.039060987802,5414.846344365945,2714.46141517598,89.99227985132664,104.03624346792648,37.9
2024-12-13,47.9,51.8,44.6,9.3,6.1,8.0,15.5,-47.536543128454724,25.218106,110.039197,173.73,41.67565634073077,10.440665471581822,22.62559537646884,-0.2884824328806098,0.9981707480458889,25.218106,635.952870227236,0.9795302657838054,5.163241925350947,-1975.039060987802,5414.846344365945,2714.46141517598,89.99227985132664,104.03624346792648,32.8
2024-12-14,49.2,55.4,44.6,11.8,9.5,6.9,13.6,29.637765924743256,25.218106,110.039197,173.73,42.79376949036496,10.43750475374755,22.60417959369275,-0.27195815753410524,0.9981707480458889,25.218106,635.952870227236,0.9795302657838054,5.163241925350947,-1975.039060987802,5414.846344365945,2714.46141517598,89.99227985132664,104.03624346792648,22.8
2024-12-15,48.9,59.7,39.2,8.5,10.3,3.2,7.8,-21.36767001262655,25.218106,110.039197,173.73,42.522086740353906,10.43486791174329,22.586687643105247,-0.2553532951161881,0.9981707480458889,25.218106,635.952870227236,0.9795302657838054,5.163241925350947,-1975.039060987802,5414.846344365945,2714.46141517598,89.99227985132664,104.03624346792648,23.4
2024-12-16,50.0,64.9,37.4,4.2,8.6,2.1,3.9,18.639193709524747,25.218106,110.039197,173.73,43.46981941932127,10.432756660637104,22.573129792887933,-0.23867276600594997,0.9981707480458889,25.218106,635.952870227236,0.9795302657838054,5.163241925350947,-1975.039060987802,5414.846344365945,2714.46141517598,89.99227985132664,104.03624346792648,29.6
2024-12-17,51.9,64.9,42.3,4.4,7.9,2.7,5.8,77.61479299923255,25.218106,110.039197,173.73,45.11482052997118,10.43117237687195,22.563514376961205,-0.22192151300416674,0.9981707480458889,25.218106,635.952870227236,0.9795302657838054,5.163241925350947,-1975.039060987802,5414.846344365945,2714.46141517598,89.99227985132664,104.03624346792648,37.2
2024-12-18,52.1,64.4,41.0,7.1,8.5,8.1,15.5,21.4,25.218106,110.039197,173.73,45.284087380090725,10.43011609522243,22.557847791997233,-0.20510449986861926,0.9981707480458889,25.218106,635.952870227236,0.9795302657838054,5.163241925350947,-1975.039060987802,5414.846344365945,2714.46141517598,89.99227985132664,104.03624346792648,25.4
2024-12-19,49.8,62.6,41.0,6.4,6.2,5.8,11.7,80.10927215993956,25.218106,110.039197,173.73,43.282792301978375,10.429588506500814,22.55613449471988,-0.1882267098432439,0.9981707480458889,25.218106,635.952870227236,0.9795302657838054,5.163241925350947,-1975.039060987802,5414.846344365945,2714.46141517598,89.99227985132664,104.03624346792648,25.5
2024-12-20,54.2,60.8,45.5,2.2,5.1,3.3,7.8,-15.472899789055326,25.218106,110.039197,173.73,47.10698130136908,10.429589956022674,22.5583769994774,-0.1712931441814778,0.9981707480458889,25.218106,635.952870227236,0.9795302657838054,5.163241925350947,-1975.039060987802,5414.846344365945,2714.46141517598,89.99227985132664,104.03624346792648,29.0
2024-12-21,51.9,59.9,44.6,5.8,5.5,6.7,9.7,59.62169986678573,25.218106,110.039197,173.73,45.11027091527881,10.430120442839032,22.56457587607914,-0.154308820664281,0.9981707480458889,25.218106,635.952870227236,0.9795302657838054,5.163241925350947,-1975.039060987802,5414.846344365945,2714.46141517598,89.99227985132664,104.03624346792648,27.5
2024-12-22,50.1,59.0,42.8,4.8,5.0,5.3,9.7,144.90206917605332,25.218106,110.039197,173.73,43.550174912408046,10.431179619738455,22.574729747893212,-0.13727877211326517,0.9981707480458889,25.218106,635.952870227236,0.9795302657838054,5.163241925350947,-1975.039060987802,5414.846344365945,2714.46141517598,89.99227985132664,104.03624346792648,28.1
2024-12-23,47.1,57.9,33.8,5.8,4.2,4.5,11.7,44.66627449247692,25.218106,110.039197,173.73,40.94860966652512,10.43276679401914,22.58883529020743,-0.12020804489935275,0.9981707480458889,25.218106,635.952870227236,0.9795302657838054,5.163241925350947,-1975.039060987802,5414.846344365945,2714.46141517598,89.99227985132664,104.03624346792648,29.4
2024-12-24,49.0,60.8,35.6,5.6,4.6,4.3,7.8,-68.85330936081195,25.218106,110.039197,173.73,42.60909712686214,10.434880929027463,22.60688722886173,-0.10310169744743544,0.9981707480458889,25.218106,635.952870227236,0.9795302657838054,5.163241925350947,-1975.039060987802,5414.846344365945,2714.46141517598,89.99227985132664,104.03624346792648,30.5
2024-12-25,52.9,58.6,41.9,5.1,4.3,3.9,7.8,52.351289547850406,25.218106,110.039197,173.73,46.01207018312724,10.437520646456086,22.628878339165496,-0.0859647987374467,0.9981707480458889,25.218106,635.952870227236,0.9795302657838054,5.163241925350947,-1975.039060987802,5414.846344365945,2714.46141517598,89.99227985132664,104.03624346792648,34.4
2024-12-26,54.0,57.2,47.1,7.2,4.3,4.1,5.8,-88.49927060304019,25.218106,110.039197,173.73,46.98307903226077,10.440684229391282,22.654799445118947,-0.06880242680232064,0.9981707480458889,25.218106,635.952870227236,0.9795302657838054,5.163241925350947,-1975.039060987802,5414.846344365945,2714.46141517598,89.99227985132664,104.03624346792648,34.8
2024-12-27,52.5,59.0,42.8,10.6,5.5,6.1,11.7,111.21878831310916,25.218106,110.039197,173.73,45.69411711416918,10.444369626095813,22.684639418963183,-0.05161966722325418,0.9981707480458889,25.218106,635.952870227236,0.9795302657838054,5.163241925350947,-1975.039060987802,5414.846344365945,2714.46141517598,89.99227985132664,104.03624346792648,31.2
2024-12-28,50.0,60.8,39.2,9.2,5.9,5.8,11.7,23.202535047243398,25.218106,110.039197,173.73,43.5357268937939,10.448574454510535,22.7183851810884,-0.034421611622745804,0.9981707480458889,25.218106,635.952870227236,0.9795302657838054,5.163241925350947,-1975.039060987802,5414.846344365945,2714.46141517598,89.99227985132664,104.03624346792648,25.3
2024-12-29,50.1,59.7,42.8,3.2,5.1,2.6,5.8,-9.690788532293793,25.218106,110.039197,173.73,43.642510831123225,10.453296007454664,22.756021700335204,-0.01721335615583528,0.9981707480458889,25.218106,635.952870227236,0.9795302657838054,5.163241925350947,-1975.039060987802,5414.846344365945,2714.46141517598,89.99227985132664,104.03624346792648,31.4
2024-12-30,50.1,60.8,41.0,4.2,3.7,1.7,5.8,-114.90813069519797,25.218106,110.039197,173.73,43.66436800424515,10.458531258501832,22.797531994728484,6.432490598706546e-16,0.9981707480458889,25.218106,635.952870227236,0.9795302657838054,5.163241925350947,-1975.039060987802,5414.846344365945,2714.46141517598,89.99227985132664,104.03624346792648,36.7
2024-12-31,52.1,68.0,37.4,2.2,6.3,3.0,9.7,-7.288239009255367,25.218106,110.039197,173.73,45.43240207076417,10.464276868506142,22.842897132688286,0.017213356155833904,0.9981707480458889,25.218106,635.952870227236,0.9795302657838054,5.163241925350947,-1975.039060987802,5414.846344365945,2714.46141517598,89.99227985132664,104.03624346792648,35.9
2025-01-01,52.2,68.2,39.2,999.8,5.9,1.7,5.6,16.1,25.218106,110.039197,173.73,45.519604378001716,10.464276868506142,22.842897132688286,0.017213356155834685,0.9981707480458889,25.218106,635.952870227236,0.9795302657838054,5.163241925350947,-1975.039060987802,5414.846344365945,2714.46141517598,89.99227985132664,104.03624346792648,36.8
2025-01-02,56.4,71.6,41.0,2.8,5.9,4.3,9.7,18.5,25.218106,110.039197,173.73,49.21148720592423,10.470529192749837,22.892096234765884,0.03442161162274574,0.9981707480458889,25.218106,635.952870227236,0.9795302657838054,5.163241925350947,-1975.039060987802,5414.846344365945,2714.46141517598,89.99227985132664,104.03624346792648,36.3
2025-01-03,52.9,69.6,33.8,3.3,6.0,4.2,13.6,16.5,25.218106,110.039197,173.73,46.187361572605745,10.477284288681833,22.945106475957953,0.051619667223253764,0.9981707480458889,25.218106,635.952870227236,0.9795302657838054,5.163241925350947,-1975.039060987802,5414.846344365945,2714.46141517598,89.99227985132664,104.03624346792648,28.9
2025-01-04,53.7,68.2,33.8,2.8,4.6,2.8,6.6,19.2,25.218106,110.039197,173.73,46.91830721085773,10.484537924214019,23.001903088654633,0.06880242680231986,0.9981707480458889,25.218106,635.952870227236,0.9795302657838054,5.163241925350947,-1975.039060987802,5414.846344365945,2714.46141517598,89.99227985132664,104.03624346792648,33.8
2025-01-05,52.7,68.2,35.6,2.3,4.2,3.1,6.6,19.2,25.218106,110.039197,173.73,46.07862086755642,10.49228558654036,23.062459366281505,0.08596479873744647,0.9981707480458889,25.218106,635.952870227236,0.9795302657838054,5.163241925350947,-1975.039060987802,5414.846344365945,2714.46141517598,89.99227985132664,104.03624346792648,35.3
2025-01-06,52.9,68.4,33.8,1.2,7.5,2.8,4.7,13.8,25.218106,110.039197,173.73,46.28980331644013,10.500522491441995,23.126746667697528,0.10310169744743485,0.9981707480458889,25.218106,635.952870227236,0.9795302657838054,5.163241925350947,-1975.039060987802,5414.846344365945,2714.46141517598,89.99227985132664,104.03624346792648,32.2
2025-01-07,51.6,68.4,44.6,2.4,5.8,4.4,7.8,21.2,25.218106,110.039197,173.73,45.189747450072,10.509243593039999,23.19473442241428,0.1202080448993527,0.9981707480458889,25.218106,635.952870227236,0.9795302657838054,5.163241925350947,-1975.039060987802,5414.846344365945,2714.46141517598,89.99227985132664,104.03624346792648,34.4
2025-01-08,51.5,57.2,46.4,4.4,5.2,5.2,9.7,21.2,25.218106,110.039197,173.73,45.1416537573955,10.518443593956233,23.266390136703574,0.13727877211326478,0.9981707480458889,25.218106,635.952870227236,0.9795302657838054,5.163241925350947,-1975.039060987802,5414.846344365945,2714.46141517598,89.99227985132664,104.03624346792648,31.4
2025-01-09,42.6,54.3,33.8,11.3,7.1,6.0,9.7,22.3,25.218106,110.039197,173.73,37.37481519323783,10.528116955841641,23.341679400662326,0.15430882066428117,0.9981707480458889,25.218106,635.952870227236,0.9795302657838054,5.163241925350947,-1975.039060987802,5414.846344365945,2714.46141517598,89.99227985132664,104.03624346792648,35.3
2025-01-10,48.3,55.6,33.8,13.4,9.5,7.1,11.7,24.5,25.218106,110.039197,173.73,42.416488088677845,10.538257910230522,23.42056589630496,0.1712931441814776,0.9981707480458889,25.218106,635.952870227236,0.9795302657838054,5.163241925350947,-1975.039060987802,5414.846344365945,2714.46141517598,89.99227985132664,104.03624346792648,22.1
2025-01-11,44.4,59.5,26.6,12.8,9.6,2.9,7.8,24.5,25.218106,110.039197,173.73,39.03078373781185,10.54886046967888,23.503011406754332,0.1882267098432442,0.9981707480458889,25.218106,635.952870227236,0.9795302657838054,5.163241925350947,-1975.039060987802,5414.846344365945,2714.46141517598,89.99227985132664,104.03624346792648,22.8
2025-01-12,46.2,66.2,28.4,6.6,8.3,2.0,5.8,120.36520773388125,25.218106,110.039197,173.73,40.655685990706466,10.559918439144536,23.58897582660263,0.2051044998686192,0.9981707480458889,25.218106,635.952870227236,0.9795302657838054,5.163241925350947,-1975.039060987802,5414.846344365945,2714.46141517598,89.99227985132664,104.03624346792648,24.8
2025-01-13,49.8,69.8,32.0,2.4,8.4,2.0,3.9,9.9,25.218106,110.039197,173.73,43.87141552440165,10.571425427566663,23.678417173513548,0.2219215130041655,0.9981707480458889,25.218106,635.952870227236,0.9795302657838054,5.163241925350947,-1975.039060987802,5414.846344365945,2714.46141517598,89.99227985132664,104.03624346792648,28.6
2025-01-14,59.0,71.8,33.8,5.2,8.4,4.7,15.5,28.7,25.218106,110.039197,173.73,52.03492639304625,10.583374859602626,23.771291601136827,0.2386727660059501,0.9981707480458889,25.218106,635.952870227236,0.9795302657838054,5.163241925350947,-1975.039060987802,5414.846344365945,2714.46141517598,89.99227985132664,104.03624346792648,34.5
2025-01-15,51.8,71.8,35.6,10.4,8.3,7.3,13.6,28.7,25.218106,110.039197,173.73,45.7383639459567,10.595759987480317,23.867553413404856,0.255353295116187,0.9981707480458889,25.218106,635.952870227236,0.9795302657838054,5.163241925350947,-1975.039060987802,5414.846344365945,2714.46141517598,89.99227985132664,104.03624346792648,30.9
2025-01-16,50.0,65.1,33.8,7.6,9.7,3.3,6.6,21.4,25.218106,110.039197,173.73,44.202391262186765,10.608573902924824,23.967155080280104,0.2719581575341055,0.9981707480458889,25.218106,635.952870227236,0.9795302657838054,5.163241925350947,-1975.039060987802,5414.846344365945,2714.46141517598,89.99227985132664,104.03624346792648,26.2
2025-01-17,50.7,66.2,32.0,2.5,8.8,2.4,7.8,13.0,25.218106,110.039197,173.73,44.87714534502821,10.621809549119103,24.070047255019972,0.288482432880609,0.9981707480458889,25.218106,635.952870227236,0.9795302657838054,5.163241925350947,-1975.039060987802,5414.846344365945,2714.46141517598,89.99227985132664,104.03624346792648,28.2
2025-01-18,55.9,68.0,35.6,0.7,8.4,2.2,3.9,11.5,25.218106,110.039197,173.73,49.54351658797084,10.635459732659214,24.17617879302377,0.30492122465628907,0.9981707480458889,25.218106,635.952870227236,0.9795302657838054,5.163241925350947,-1975.039060987802,5414.846344365945,2714.46141517598,89.99227985132664,104.03624346792648,34.1
2025-01-19,58.0,71.8,42.8,997.6,8.0,2.4,5.6,11.7,25.218106,110.039197,173.73,51.472666154752154,10.649517135465963,24.285496772323434,0.3212696616923644,0.9981707480458889,25.218106,635.952870227236,0.9795302657838054,5.163241925350947,-1975.039060987802,5414.846344365945,2714.46141517598,89.99227985132664,104.03624346792648,38.2
2025-01-20,58.4,73.4,42.8,997.1,7.5,2.3,4.5,12.8,25.218106,110.039197,173.73,51.89800838953122,10.663974326616005,24.397946515777136,0.3375228995941133,0.9981707480458889,25.218106,635.952870227236,0.9795302657838054,5.163241925350947,-1975.039060987802,5414.846344365945,2714.46141517598,89.99227985132664,104.03624346792648,39.5
2025-01-21,59.4,72.9,46.4,996.7,5.9,1.5,3.9,12.4,25.218106,110.039197,173.73,52.86017768158223,10.678823774057017,24.513471615020997,0.3536761221763716,0.9981707480458889,25.218106,635.952870227236,0.9795302657838054,5.163241925350947,-1975.039060987802,5414.846344365945,2714.46141517598,89.99227985132664,104.03624346792648,44.1
2025-01-22,64.2,75.2,50.9,996.9,6.2,2.2,5.8,11.3,25.218106,110.039197,173.73,57.21320953052573,10.694057856173034,24.632013956230576,0.3697245428906731,0.9981707480458889,25.218106,635.952870227236,0.9795302657838054,5.163241925350947,-1975.039060987802,5414.846344365945,2714.46141517598,89.99227985132664,104.03624346792648,47.4
2025-01-23,61.2,73.8,57.0,994.7,4.2,3.1,5.8,11.3,25.218106,110.039197,173.73,54.61931125315606,10.709668873167855,24.75351374773983,0.38566340624360707,0.9981707480458889,25.218106,635.952870227236,0.9795302657838054,5.163241925350947,-1975.039060987802,5414.846344365945,2714.46141517598,89.99227985132664,104.03624346792648,52.9
2025-01-24,60.2,66.2,55.4,993.7,2.4,3.6,5.8,12.8,25.218106,110.039197,173.73,53.807006108817845,10.725649058236115,24.877909549560474,0.401487989205973,0.9981707480458889,25.218106,635.952870227236,0.9795302657838054,5.163241925350947,-1975.039060987802,5414.846344365945,2714.46141517598,89.99227985132664,104.03624346792648,52.3
2025-01-25,49.0,63.0,44.6,2.0,6.0,6.7,9.7,24.1,25.218106,110.039197,173.73,43.86312823634866,10.741990588493548,25.005138304840212,0.4171936026123168,0.9981707480458889,25.218106,635.952870227236,0.9795302657838054,5.163241925350947,-1975.039060987802,5414.846344365945,2714.46141517598,89.99227985132664,104.03624346792648,45.2
2025-01-26,43.2,54.7,32.0,10.4,10.0,5.6,13.6,26.8,25.218106,110.039197,173.73,38.73126814430362,10.758685595639895,25.135135373293235,0.4327755925504312,0.9981707480458889,25.218106,635.952870227236,0.9795302657838054,5.163241925350947,-1975.039060987802,5414.846344365945,2714.46141517598,89.99227985132664,104.03624346792648,33.6
2025-01-27,50.0,60.8,32.0,6.1,10.3,4.0,9.7,14.6,25.218106,110.039197,173.73,44.89885906804101,10.775726176329844,25.267834566630857,0.4482293417404106,0.9981707480458889,25.218106,635.952870227236,0.9795302657838054,5.163241925350947,-1975.039060987802,5414.846344365945,2714.46141517598,89.99227985132664,104.03624346792648,24.6
2025-01-28,54.5,66.2,39.9,6.5,9.7,3.2,5.8,14.4,25.218106,110.039197,173.73,49.01868249345885,10.79310440222947,25.403168186015204,0.4635502709028509,0.9981707480458889,25.218106,635.952870227236,0.9795302657838054,5.163241925350947,-1975.039060987802,5414.846344365945,2714.46141517598,89.99227985132664,104.03624346792648,28.6
2025-01-29,55.4,65.1,48.2,2.4,9.7,2.2,4.1,14.4,25.218106,110.039197,173.73,49.9099169222887,10.810812329737624,25.54106706155256,0.47873384011578846,0.9981707480458889,25.218106,635.952870227236,0.9795302657838054,5.163241925350947,-1975.039060987802,5414.846344365945,2714.46141517598,89.99227985132664,104.03624346792648,34.7
2025-01-30,52.4,64.9,50.0,997.0,5.4,2.3,5.8,-149.30057718712098,25.218106,110.039197,173.73,47.28594344084455,10.828842009353712,25.681460593837517,0.49377555015997715,0.9981707480458889,25.218106,635.952870227236,0.9795302657838054,5.163241925350947,-1975.039060987802,5414.846344365945,2714.46141517598,89.99227985132664,104.03624346792648,46.0
2025-01-31,52.6,57.9,50.0,995.0,2.4,2.6,7.4,19.2,25.218106,110.039197,173.73,47.54682975166079,10.847185494675465,25.824276797552763,0.5086709438521044,0.9981707480458889,25.218106,635.952870227236,0.9795302657838054,5.163241925350947,-1975.039060987802,5414.846344365945,2714.46141517598,89.99227985132664,104.03624346792648,52.1
2025-02-01,48.9,54.3,45.9,997.0,8.7,4.2,7.8,21.4,25.218106,110.039197,173.73,44.2782770178744,10.865834851012124,25.969442347123397,0.5234156073655503,0.9981707480458889,25.218106,635.952870227236,0.9795302657838054,5.163241925350947,-1975.039060987802,5414.846344365945,2714.46141517598,89.99227985132664,104.03624346792648,45.7
2025-02-02,45.6,51.3,44.2,1.2,8.4,4.5,7.8,19.4,25.218106,110.039197,173.73,41.362172221682194,10.884782163600578,26.116882624418174,0.5380051715382996,0.9981707480458889,25.218106,635.952870227236,0.9795302657838054,5.163241925350947,-1975.039060987802,5414.846344365945,2714.46141517598,89.99227985132664,104.03624346792648,42.0
2025-02-03,45.2,55.4,35.6,7.6,6.7,5.1,9.7,19.4,25.218106,110.039197,173.73,41.07180695439202,10.904019545413808,26.26652176848382,0.5524353131676196,0.9981707480458889,25.218106,635.952870227236,0.9795302657838054,5.163241925350947,-1975.039060987802,5414.846344365945,2714.46141517598,89.99227985132664,104.03624346792648,38.6
2025-02-04,50.8,62.6,37.4,3.1,9.1,3.0,7.8,15.9,25.218106,110.039197,173.73,46.242982378607564,10.923539144552969,26.418282727292073,0.5667017562911176,0.9981707480458889,25.218106,635.952870227236,0.9795302657838054,5.163241925350947,-1975.039060987802,5414.846344365945,2714.46141517598,89.99227985132664,104.03624346792648,36.7
2025-02-05,49.2,62.4,44.1,1.0,7.8,3.8,7.8,15.2,25.218106,110.039197,173.73,44.86766591998616,10.943333151216136,26.57208731147273,0.5808002734538009,0.9981707480458889,25.218106,635.952870227236,0.9795302657838054,5.163241925350947,-1975.039060987802,5414.846344365945,2714.46141517598,89.99227985132664,104.03624346792648,39.8
2025-02-06,45.2,52.0,44.6,2.8,6.1,4.2,6.0,19.8,25.218106,110.039197,173.73,41.295449995965456,10.963393804238615,26.72785624999939,0.5947266869607634,0.9981707480458889,25.218106,635.952870227236,0.9795302657838054,5.163241925350947,-1975.039060987802,5414.846344365945,2714.46141517598,89.99227985132664,104.03624346792648,42.2
2025-02-07,46.3,48.7,42.8,9.0,9.3,8.1,13.6,26.6,25.218106,110.039197,173.73,42.378827524201526,10.98371339720126,26.885509247788324,0.6084768701151261,0.9981707480458889,25.218106,635.952870227236,0.9795302657838054,5.163241925350947,-1975.039060987802,5414.846344365945,2714.46141517598,89.99227985132664,104.03624346792648,30.7
2025-02-08,42.3,51.8,32.0,10.4,10.3,6.4,11.7,27.0,25.218106,110.039197,173.73,38.7901021014699,11.004284284104937,27.044965045164172,0.6220467484408675,0.9981707480458889,25.218106,635.952870227236,0.9795302657838054,5.163241925350947,-1975.039060987802,5414.846344365945,2714.46141517598,89.99227985132664,104.03624346792648,17.2
2025-02-09,47.8,53.4,32.0,5.1,10.4,3.5,5.8,18.3,25.218106,110.039197,173.73,43.91664389036611,11.02509888461074,27.20614147914025,0.6354323008901774,0.9981707480458889,25.218106,635.952870227236,0.9795302657838054,5.163241925350947,-1975.039060987802,5414.846344365945,2714.46141517598,89.99227985132664,104.03624346792648,20.0
2025-02-10,48.7,53.4,35.2,2.2,7.8,1.9,7.8,10.9,25.218106,110.039197,173.73,44.82895748723729,11.04614968884697,27.36895554645451,0.6486295610349814,0.9981707480458889,25.218106,635.952870227236,0.9795302657838054,5.163241925350947,-1975.039060987802,5414.846344365945,2714.46141517598,89.99227985132664,104.03624346792648,37.7
2025-02-11,53.3,56.7,45.9,997.8,4.6,1.6,3.9,6.130399158431669,25.218106,110.039197,173.73,49.157831637762975,11.067429261785286,27.533323468296402,0.6616346182422783,0.9981707480458889,25.218106,635.952870227236,0.9795302657838054,5.163241925350947,-1975.039060987802,5414.846344365945,2714.46141517598,89.99227985132664,104.03624346792648,46.7
2025-02-12,50.3,56.7,46.4,4.1,5.9,7.4,11.7,26.0,25.218106,110.039197,173.73,46.48109928613639,11.088930247189596,27.699160756653704,0.6744436188329455,0.9981707480458889,25.218106,635.952870227236,0.9795302657838054,5.163241925350947,-1975.039060987802,5414.846344365945,2714.46141517598,89.99227985132664,104.03624346792648,42.0
2025-02-13,52.2,55.8,47.7,1.8,5.8,3.9,7.8,22.1,25.218106,110.039197,173.73,48.3313073644699,11.110645371142505,27.866382282202476,0.6870527672236669,0.9981707480458889,25.218106,635.952870227236,0.9795302657838054,5.163241925350947,-1975.039060987802,5414.846344365945,2714.46141517598,89.99227985132664,104.03624346792648,37.7
2025-02-14,50.2,55.8,47.7,998.0,2.4,2.6,4.7,13.0,25.218106,110.039197,173.73,46.571240478898964,11.13256744515513,28.034902343657585,0.699458327051647,0.9981707480458889,25.218106,635.952870227236,0.9795302657838054,5.163241925350947,-1975.039060987802,5414.846344365945,2714.46141517598,89.99227985132664,104.03624346792648,46.4
2025-02-15,50.6,54.1,47.3,999.0,7.3,3.1,5.8,16.7,25.218106,110.039197,173.73,47.0356068387229,11.154689368867091,28.204634738495834,0.7116566222817746,0.9981707480458889,25.218106,635.952870227236,0.9795302657838054,5.163241925350947,-1975.039060987802,5414.846344365945,2714.46141517598,89.99227985132664,104.03624346792648,46.7
2025-02-16,51.8,57.2,47.3,2.8,8.8,2.2,4.1,16.7,25.218106,110.039197,173.73,48.24740117128652,11.177004132344369,28.37549283495821,0.7236440382959124,0.9981707480458889,25.218106,635.952870227236,0.9795302657838054,5.163241925350947,-1975.039060987802,5414.846344365945,2714.46141517598,89.99227985132664,104.03624346792648,44.9
2025-02-17,47.7,56.5,46.4,4.6,8.1,3.2,5.8,16.1,25.218106,110.039197,173.73,44.51803165148453,11.199504817983529,28.5473896452328,0.7354170229639855,0.9981707480458889,25.218106,635.952870227236,0.9795302657838054,5.163241925350947,-1975.039060987802,5414.846344365945,2714.46141517598,89.99227985132664,104.03624346792648,44.1
2025-02-18,49.5,53.6,46.4,4.1,8.7,3.5,5.8,17.3,25.218106,110.039197,173.73,46.291511483379985,11.222184602031511,28.720237899715045,0.7469720876965552,0.9981707480458889,25.218106,635.952870227236,0.9795302657838054,5.163241925350947,-1975.039060987802,5414.846344365945,2714.46141517598,89.99227985132664,104.03624346792648,43.1
2025-02-19,48.2,52.7,46.4,3.1,4.3,2.9,5.8,12.0,25.218106,110.039197,173.73,45.16756430218538,11.2450367557308,28.893950122237314,0.7583058084785624,0.9981707480458889,25.218106,635.952870227236,0.9795302657838054,5.163241925350947,-1975.039060987802,5414.846344365945,2714.46141517598,89.99227985132664,104.03624346792648,47.3
2025-02-20,48.5,50.2,46.4,4.6,5.9,3.5,6.4,17.1,25.218106,110.039197,173.73,45.54172086132232,11.268054646100367,29.068438706155565,0.7694148268839378,0.9981707480458889,25.218106,635.952870227236,0.9795302657838054,5.163241925350947,-1975.039060987802,5414.846344365945,2714.46141517598,89.99227985132664,104.03624346792648,47.2
2025-02-21,47.4,50.5,45.7,5.8,5.7,3.6,6.4,16.1,25.218106,110.039197,173.73,44.60036535863481,11.291231736363244,29.24361599117677,0.7802958510707755,0.9981707480458889,25.218106,635.952870227236,0.9795302657838054,5.163241925350947,-1975.039060987802,5414.846344365945,2714.46141517598,89.99227985132664,104.03624346792648,44.5
2025-02-22,47.0,50.5,44.6,7.5,7.5,3.9,9.7,25.1,25.218106,110.039197,173.73,44.315366211958526,11.314561586031965,29.41939434080684,0.7909456567567772,0.9981707480458889,25.218106,635.952870227236,0.9795302657838054,5.163241925350947,-1975.039060987802,5414.846344365945,2714.46141517598,89.99227985132664,104.03624346792648,44.5
2025-02-23,47.0,50.0,44.4,13.0,8.0,7.0,13.6,25.1,25.218106,110.039197,173.73,44.40731491509871,11.3380378506635,29.59568622029576,0.8013610881746766,0.9981707480458889,25.218106,635.952870227236,0.9795302657838054,5.163241925350947,-1975.039060987802,5414.846344365945,2714.46141517598,89.99227985132664,104.03624346792648,39.3
2025-02-24,49.7,53.6,44.4,9.9,4.6,4.8,9.7,20.8,25.218106,110.039197,173.73,47.05618481503218,11.361654281295495,29.772404274953185,0.8115390590073611,0.9981707480458889,25.218106,635.952870227236,0.9795302657838054,5.163241925350947,-1975.039060987802,5414.846344365945,2714.46141517598,89.99227985132664,104.03624346792648,38.2
2025-02-25,47.8,53.2,44.6,8.6,3.0,2.0,4.3,13.2,25.218106,110.039197,173.73,45.35186214891081,11.385404723575936,29.949461408704998,0.8214765533024142,0.9981707480458889,25.218106,635.952870227236,0.9795302657838054,5.163241925350947,-1975.039060987802,5414.846344365945,2714.46141517598,89.99227985132664,104.03624346792648,45.3
2025-02-26,49.9,51.6,45.5,2.7,2.4,1.4,5.8,10.3,25.218106,110.039197,173.73,47.44360229318849,11.409283116598436,30.1267708627591,0.8311706263658079,0.9981707480458889,25.218106,635.952870227236,0.9795302657838054,5.163241925350947,-1975.039060987802,5414.846344365945,2714.46141517598,89.99227985132664,104.03624346792648,48.9
2025-02-27,54.0,55.4,47.8,997.1,2.0,1.1,1.9,128.98124260971605,25.218106,110.039197,173.73,51.449775711549655,11.43328349145548,30.304246294246447,0.8406184056344782,0.9981707480458889,25.218106,635.952870227236,0.9795302657838054,5.163241925350947,-1975.039060987802,5414.846344365945,2714.46141517598,89.99227985132664,104.03624346792648,53.5
2025-02-28,60.7,66.2,50.4,994.1,2.5,2.0,5.8,-9.802536520787811,25.218106,110.039197,173.73,57.955348179165576,11.457399969522024,30.48180185470168,0.8498170915275278,0.9981707480458889,25.218106,635.952870227236,0.9795302657838054,5.163241925350947,-1975.039060987802,5414.846344365945,2714.46141517598,89.99227985132664,104.03624346792648,59.7
2025-03-01,66.6,70.9,54.7,990.0,5.2,4.0,13.6,3.8511766091853055,25.218106,110.039197,173.73,63.72302852067421,11.481626760481841,30.65935226824629,0.8587639582758029,0.9981707480458889,25.218106,635.952870227236,0.9795302657838054,5.163241925350947,-1975.039060987802,5414.846344365945,2714.46141517598,89.99227985132664,104.03624346792648,63.7
2025-03-02,69.4,82.4,60.1,988.2,6.0,2.5,9.7,32.72226656433962,25.218106,110.039197,173.73,66.54279135929718,11.50595816010902,30.836812909336388,0.8674563547295969,0.9981707480458889,25.218106,635.952870227236,0.9795302657838054,5.163241925350947,-1975.039060987802,5414.846344365945,2714.46141517598,89.99227985132664,104.03624346792648,65.0
2025-03-03,60.4,81.9,44.4,992.2,7.4,7.1,15.5,34.0,25.218106,110.039197,173.73,58.03628902401178,11.53038854781691,31.0140998799365,0.8758917051442429,0.9981707480458889,25.218106,635.952870227236,0.9795302657838054,5.163241925350947,-1975.039060987802,5414.846344365945,2714.46141517598,89.99227985132664,104.03624346792648,54.2
2025-03-04,44.8,72.0,40.8,997.1,10.0,7.1,9.7,34.0,25.218106,110.039197,173.73,43.13833956688396,11.554912383986775,31.19113008598038,0.8840675099433636,0.9981707480458889,25.218106,635.952870227236,0.9795302657838054,5.163241925350947,-1975.039060987802,5414.846344365945,2714.46141517598,89.99227985132664,104.03624346792648,38.5
2025-03-05,44.0,48.2,40.8,2.2,9.9,6.2,9.7,19.6,25.218106,110.039197,173.73,42.45825542599046,11.579524207088307,31.367821312980436,0.8919813464595485,0.9981707480458889,25.218106,635.952870227236,0.9795302657838054,5.163241925350947,-1975.039060987802,5414.846344365945,2714.46141517598,89.99227985132664,104.03624346792648,38.2
2025-03-06,47.9,55.4,42.3,7.0,8.1,7.4,13.6,23.3,25.218106,110.039197,173.73,46.320172700494155,11.604218630603963,31.54409230064738,0.8996308696522433,0.9981707480458889,25.218106,635.952870227236,0.9795302657838054,5.163241925350947,-1975.039060987802,5414.846344365945,2714.46141517598,89.99227985132664,104.03624346792648,39.4
2025-03-07,49.5,54.5,43.5,4.8,6.3,4.8,10.7,21.8,25.218106,110.039197,173.73,47.96958515154722,11.628990339769024,31.719862816383053,0.9070138128026359,0.9981707480458889,25.218106,635.952870227236,0.9795302657838054,5.163241925350947,-1975.039060987802,5414.846344365945,2714.46141517598,89.99227985132664,104.03624346792648,42.1
2025-03-08,52.4,57.2,44.6,2.9,6.6,2.8,5.8,14.6,25.218106,110.039197,173.73,50.8884088515404,11.653834088139023,31.89505372751041,0.9141279881853337,0.9981707480458889,25.218106,635.952870227236,0.9795302657838054,5.163241925350947,-1975.039060987802,5414.846344365945,2714.46141517598,89.99227985132664,104.03624346792648,45.0
2025-03-09,52.1,57.0,46.9,3.4,2.6,1.9,3.9,3.4331206153601865,25.218106,110.039197,173.73,50.70521654643321,11.678744693996133,32.06958707210649,0.9209712877166346,0.9981707480458889,25.218106,635.952870227236,0.9795302657838054,5.163241925350947,-1975.039060987802,5414.846344365945,2714.46141517598,89.99227985132664,104.03624346792648,51.2
2025-03-10,54.8,55.6,48.9,999.7,3.2,1.6,3.9,-67.1569070240578,25.218106,110.039197,173.73,53.4469744671664,11.70371703660578,32.243386128306135,0.9275416835791966,0.9981707480458889,25.218106,635.952870227236,0.9795302657838054,5.163241925350947,-1975.039060987802,5414.846344365945,2714.46141517598,89.99227985132664,104.03624346792648,54.0
2025-03-11,59.5,60.8,51.6,994.7,1.8,1.3,3.9,-159.33158336682376,25.218106,110.039197,173.73,58.155032509492955,11.728746052334714,32.41637548194663,0.9338372288229252,0.9981707480458889,25.218106,635.952870227236,0.9795302657838054,5.163241925350947,-1975.039060987802,5414.846344365945,2714.46141517598,89.99227985132664,104.03624346792648,59.3
2025-03-12,63.0,66.7,55.0,993.2,4.6,2.8,5.8,12.8,25.218106,110.039197,173.73,61.707590335867806,11.753826730641487,32.588481092426555,0.9398560579418954,0.9981707480458889,25.218106,635.952870227236,0.9795302657838054,5.163241925350947,-1975.039060987802,5414.846344365945,2714.46141517598,89.99227985132664,104.03624346792648,61.9
2025-03-13,58.7,66.7,56.7,994.9,4.4,3.2,5.8,19.6,25.218106,110.039197,173.73,57.61871718783943,11.778954109950138,32.759630356654554,0.9455963874271426,0.9981707480458889,25.218106,635.952870227236,0.9795302657838054,5.163241925350947,-1975.039060987802,5414.846344365945,2714.46141517598,89.99227985132664,104.03624346792648,56.7
2025-03-14,57.7,61.5,55.4,995.9,6.6,3.5,8.0,21.8,25.218106,110.039197,173.73,56.7581594063503,11.804123273417739,32.92975217096808,0.9510565162951535,0.9981707480458889,25.218106,635.952870227236,0.9795302657838054,5.163241925350947,-1975.039060987802,5414.846344365945,2714.46141517598,89.99227985132664,104.03624346792648,56.3
2025-03-15,52.9,59.4,48.2,4.0,10.0,8.5,13.6,23.3,25.218106,110.039197,173.73,52.14762686080575,11.829329344606219,33.09877699090534,0.9562348265919056,0.9981707480458889,25.218106,635.952870227236,0.9795302657838054,5.163241925350947,-1975.039060987802,5414.846344365945,2714.46141517598,89.99227985132664,104.03624346792648,45.4
2025-03-16,56.0,64.4,48.2,5.1,9.8,8.5,15.5,25.6,25.218106,110.039197,173.73,55.32131492098771,11.854567483068795,33.26663688871817,0.9611297838723007,0.9981707480458889,25.218106,635.952870227236,0.9795302657838054,5.163241925350947,-1975.039060987802,5414.846344365945,2714.46141517598,89.99227985132664,104.03624346792648,38.6
2025-03-17,52.1,64.0,46.4,5.3,9.9,4.9,7.8,17.7,25.218106,110.039197,173.73,51.57827442006388,11.879832879861162,33.43326560851776,0.9657399376548549,0.9981707480458889,25.218106,635.952870227236,0.9795302657838054,5.163241925350947,-1975.039060987802,5414.846344365945,2714.46141517598,89.99227985132664,104.03624346792648,40.6
2025-03-18,56.8,68.0,42.8,6.4,10.2,5.2,13.6,18.8,25.218106,110.039197,173.73,56.350904897473825,11.905120752987429,33.598598618950305,0.9700639218515071,0.9981707480458889,25.218106,635.952870227236,0.9795302657838054,5.163241925350947,-1975.039060987802,5414.846344365945,2714.46141517598,89.99227985132664,104.03624346792648,36.1
2025-03-19,59.2,74.5,39.2,6.3,9.3,3.7,9.7,17.5,25.218106,110.039197,173.73,58.85676995776757,11.930426342790723,33.762573163304275,0.9741004551724205,0.9981707480458889,25.218106,635.952870227236,0.9795302657838054,5.163241925350947,-1975.039060987802,5414.846344365945,2714.46141517598,89.99227985132664,104.03624346792648,36.6
2025-03-20,62.4,78.6,46.4,4.6,9.6,2.5,4.9,11.3,25.218106,110.039197,173.73,62.169873517950776,11.955744907298227,33.92512830695659,0.9778483415056568,0.9981707480458889,25.218106,635.952870227236,0.9795302657838054,5.163241925350947,-1975.039060987802,5414.846344365945,2714.46141517598,89.99227985132664,104.03624346792648,37.7
2025-03-21,64.9,80.6,50.0,1.7,8.3,2.3,3.9,34.61141051455102,25.218106,110.039197,173.73,64.79762953897672,11.981071717530364,34.086204982070555,0.9813064702716093,0.9981707480458889,25.218106,635.952870227236,0.9795302657838054,5.163241925350947,-1975.039060987802,5414.846344365945,2714.46141517598,89.99227985132664,104.03624346792648,44.6
2025-03-22,68.2,82.4,55.4,999.1,7.8,2.5,11.7,11.8,25.218106,110.039197,173.73,68.23638499998766,12.006402052783754,34.24574602946411,0.9844738167520922,0.9981707480458889,25.218106,635.952870227236,0.9795302657838054,5.163241925350947,-1975.039060987802,5414.846344365945,2714.46141517598,89.99227985132664,104.03624346792648,50.2
2025-03-23,69.0,84.2,55.4,996.4,7.2,2.7,7.8,11.1,25.218106,110.039197,173.73,69.18245437641058,12.031731195897493,34.40369623757312,0.9873494423939864,0.9981707480458889,25.218106,635.952870227236,0.9795302657838054,5.163241925350947,-1975.039060987802,5414.846344365945,2714.46141517598,89.99227985132664,104.03624346792648,53.5
2025-03-24,71.9,87.8,59.0,991.5,6.5,2.4,5.8,11.1,25.218106,110.039197,173.73,72.24185111750312,12.05705442851234,34.56000237844059,0.989932495087353,0.9981707480458889,25.218106,635.952870227236,0.9795302657838054,5.163241925350947,-1975.039060987802,5414.846344365945,2714.46141517598,89.99227985132664,104.03624346792648,56.7
2025-03-25,75.6,90.0,61.5,985.7,6.0,4.5,13.6,17.5,25.218106,110.039197,173.73,76.11891226589339,12.082367026332285,34.71461324066924,0.9922222094179323,0.9981707480458889,25.218106,635.952870227236,0.9795302657838054,5.163241925350947,-1975.039060987802,5414.846344365945,2714.46141517598,89.99227985132664,104.03624346792648,61.0
2025-03-26,76.9,90.3,62.6,982.2,7.5,6.0,17.5,137.69338842144217,25.218106,110.039197,173.73,77.58994843026773,12.107664254398083,34.86747965928126,0.994217906893952,0.9981707480458889,25.218106,635.952870227236,0.9795302657838054,5.163241925350947,-1975.039060987802,5414.846344365945,2714.46141517598,89.99227985132664,104.03624346792648,61.6
2025-03-27,79.4,90.3,65.1,985.4,7.7,6.4,19.4,34.8,25.218106,110.039197,173.73,80.2796286810959,12.132941362382253,35.01855454243625,0.995918996147179,0.9981707480458889,25.218106,635.952870227236,0.9795302657838054,5.163241925350947,-1975.039060987802,5414.846344365945,2714.46141517598,89.99227985132664,104.03624346792648,63.1
2025-03-28,52.3,60.3,46.9,999.8,11.1,10.5,15.5,34.8,25.218106,110.039197,173.73,52.98946035246365,12.158193579915178,35.16779289496462,0.9973249731081555,0.9981707480458889,25.218106,635.952870227236,0.9795302657838054,5.163241925350947,-1975.039060987802,5414.846344365945,2714.46141517598,89.99227985132664,104.03624346792648,39.7
2025-03-29,45.8,60.4,42.8,5.5,9.8,7.2,13.6,28.2,25.218106,110.039197,173.73,46.50003816061668,12.18341611195197,35.31515183868132,0.9984354211555643,0.9981707480458889,25.218106,635.952870227236,0.9795302657838054,5.163241925350947,-1975.039060987802,5414.846344365945,2714.46141517598,89.99227985132664,104.03624346792648,38.8
2025-03-30,46.5,50.0,42.8,6.1,10.2,5.4,9.7,19.6,25.218106,110.039197,173.73,47.30834101998551,12.208604134189809,35.46059062945125,0.9992500112396835,0.9981707480458889,25.218106,635.952870227236,0.9795302657838054,5.163241925350947,-1975.039060987802,5414.846344365945,2714.46141517598,89.99227985132664,104.03624346792648,39.1
2025-03-31,52.4,60.8,43.9,3.1,8.5,4.3,11.7,15.3,25.218106,110.039197,173.73,53.42072050998251,12.233752788545614,35.60407067098555,0.9997685019798909,0.9981707480458889,25.218106,635.952870227236,0.9795302657838054,5.163241925350947,-1975.039060987802,5414.846344365945,2714.46141517598,89.99227985132664,104.03624346792648,41.0
2025-04-01,60.8,73.9,46.4,0.2,9.7,3.7,7.8,13.2,25.218106,110.039197,173.73,62.11154303876695,12.258857178704003,35.74555552535436,0.9999907397361901,0.9981707480458889,25.218106,635.952870227236,0.9795302657838054,5.163241925350947,-1975.039060987802,5414.846344365945,2714.46141517598,89.99227985132664,104.03624346792648,38.6
2025-04-02,64.2,79.5,50.0,999.6,9.6,2.9,5.8,13.2,25.218106,110.039197,173.73,65.71893115673915,12.283912365745634,35.885010920209375,0.9999166586547379,0.9981707480458889,25.218106,635.952870227236,0.9795302657838054,5.163241925350947,-1975.039060987802,5414.846344365945,2714.46141517598,89.99227985132664,104.03624346792648,39.6
2025-04-03,65.7,79.5,53.6,997.2,7.7,1.7,3.9,-88.75244333092607,25.218106,110.039197,173.73,67.39130066716683,12.308913363866086,36.0224047527165,0.9995462806873573,0.9981707480458889,25.218106,635.952870227236,0.9795302657838054,5.163241925350947,-1975.039060987802,5414.846344365945,2714.46141517598,89.99227985132664,104.03624346792648,47.2
2025-04-04,63.6,78.8,57.0,995.7,3.0,1.4,3.9,-52.96097936828374,25.218106,110.039197,173.73,65.36943222183753,12.33385513619576,36.157707090206216,0.9988797155850336,0.9981707480458889,25.218106,635.952870227236,0.9795302657838054,5.163241925350947,-1975.039060987802,5414.846344365945,2714.46141517598,89.99227985132664,104.03624346792648,54.2
2025-04-05,67.0,77.0,59.0,996.6,6.6,3.7,9.7,13.4,25.218106,110.039197,173.73,69.00292363158287,12.358732590731261,36.290890167556185,0.9979171608653922,0.9981707480458889,25.218106,635.952870227236,0.9795302657838054,5.163241925350947,-1975.039060987802,5414.846344365945,2714.46141517598,89.99227985132664,104.03624346792648,53.7
2025-04-06,63.4,75.7,59.0,997.2,5.4,1.7,7.8,10.7,25.218106,110.039197,173.73,65.42637271192184,12.383540576388993,36.42192838132776,0.9966589017541702,0.9981707480458889,25.218106,635.952870227236,0.9795302657838054,5.163241925350947,-1975.039060987802,5414.846344365945,2714.46141517598,89.99227985132664,104.03624346792648,57.1
2025-04-07,68.4,75.2,60.4,996.8,3.4,1.7,3.9,-16.422696241426145,25.218106,110.039197,173.73,70.7271611113938,12.408273879191894,36.55079828068523,0.9951053111006976,0.9981707480458889,25.218106,635.952870227236,0.9795302657838054,5.163241925350947,-1975.039060987802,5414.846344365945,2714.46141517598,89.99227985132664,104.03624346792648,60.8
2025-04-08,67.5,74.7,62.2,995.6,1.3,1.8,3.9,81.2418794320145,25.218106,110.039197,173.73,69.93521560462693,12.432927218600343,36.6774785551332,0.9932568492674143,0.9981707480458889,25.218106,635.952870227236,0.9795302657838054,5.163241925350947,-1975.039060987802,5414.846344365945,2714.46141517598,89.99227985132664,104.03624346792648,64.7
2025-04-09,68.0,72.1,66.0,990.8,0.8,1.3,1.9,-41.345019155744055,25.218106,110.039197,173.73,70.59247304932495,12.45749524399852,36.80195001911438,0.9911140639934547,0.9981707480458889,25.218106,635.952870227236,0.9795302657838054,5.163241925350947,-1975.039060987802,5414.846344365945,2714.46141517598,89.99227985132664,104.03624346792648,67.4
2025-04-10,76.7,87.8,66.4,987.0,4.0,2.2,5.8,108.10091837304458,25.218106,110.039197,173.73,79.78060776286375,12.481972531347653,36.9241955935167,0.9886775902323405,0.9981707480458889,25.218106,635.952870227236,0.9795302657838054,5.163241925350947,-1975.039060987802,5414.846344365945,2714.46141517598,89.99227985132664,104.03624346792648,70.8
2025-04-11,79.6,86.9,68.7,984.4,6.8,7.1,13.6,-109.63243492447573,25.218106,110.039197,173.73,82.95881208078431,12.506353580017736,37.04420028414492,0.9859481499638304,0.9981707480458889,25.218106,635.952870227236,0.9795302657838054,5.163241925350947,-1975.039060987802,5414.846344365945,2714.46141517598,89.99227985132664,104.03624346792648,70.1
2025-04-12,63.6,84.6,55.4,997.5,5.3,6.6,21.4,40.8,25.218106,110.039197,173.73,66.41235389199068,12.53063280980956,37.16195115721835,0.9829265519799822,0.9981707480458889,25.218106,635.952870227236,0.9795302657838054,5.163241925350947,-1975.039060987802,5414.846344365945,2714.46141517598,89.99227985132664,104.03624346792648,52.3
2025-04-13,64.0,77.2,51.8,996.9,5.0,2.7,7.8,15.5,25.218106,110.039197,173.73,66.95895764362082,12.554804558178905,37.2774373119621,0.9796136916454901,0.9981707480458889,25.218106,635.952870227236,0.9795302657838054,5.163241925350947,-1975.039060987802,5414.846344365945,2714.46141517598,89.99227985132664,104.03624346792648,48.9
2025-04-14,71.4,89.6,55.4,993.8,6.6,2.5,5.8,140.20482609788905,25.218106,110.039197,173.73,74.8442353121665,12.57886307767504,37.390649850365314,0.9760105506323683,0.9981707480458889,25.218106,635.952870227236,0.9795302657838054,5.163241925350947,-1975.039060987802,5414.846344365945,2714.46141517598,89.99227985132664,104.03624346792648,54.7
2025-04-15,75.2,92.7,59.7,991.9,8.2,2.4,3.9,24.48586265287048,25.218106,110.039197,173.73,78.97756254392893,12.60280253360568,37.501581844185246,0.9721181966290613,0.9981707480458889,25.218106,635.952870227236,0.9795302657838054,5.163241925350947,-1975.039060987802,5414.846344365945,2714.46141517598,89.99227985132664,104.03624346792648,54.3
2025-04-16,77.9,92.7,66.2,987.8,8.6,5.1,17.5,21.4,25.218106,110.039197,173.73,81.96778870426499,12.626617001940692,37.610228299281374,0.9679377830240642,0.9981707480458889,25.218106,635.952870227236,0.9795302657838054,5.163241925350947,-1975.039060987802,5414.846344365945,2714.46141517598,89.99227985132664,104.03624346792648,53.1
2025-04-17,74.3,91.9,69.1,987.6,8.2,3.8,9.7,12.6,25.218106,110.039197,173.73,78.32644372773285,12.650300467466948,37.71658611736902,0.9634705485641488,0.9981707480458889,25.218106,635.952870227236,0.9795302657838054,5.163241925350947,-1975.039060987802,5414.846344365945,2714.46141517598,89.99227985132664,104.03624346792648,60.9
2025-04-18,75.3,82.6,69.8,986.3,5.3,2.3,5.8,45.71135392351236,25.218106,110.039197,173.73,79.5283888093468,12.67384682220666,37.82065405528635,0.9587178169872964,0.9981707480458889,25.218106,635.952870227236,0.9795302657838054,5.163241925350947,-1975.039060987802,5414.846344365945,2714.46141517598,89.99227985132664,104.03624346792648,68.8
2025-04-19,80.1,94.6,69.8,986.7,6.5,5.4,11.7,24.5,25.218106,110.039197,173.73,84.75414284294521,12.697249864111642,37.922432681873474,0.9536809966304457,0.9981707480458889,25.218106,635.952870227236,0.9795302657838054,5.163241925350947,-1975.039060987802,5414.846344365945,2714.46141517598,89.99227985132664,104.03624346792648,70.8
2025-04-20,77.8,94.6,69.8,988.2,7.6,3.0,9.7,24.5,25.218106,110.039197,173.73,82.47126303603079,12.72050329604588,38.02192433256636,0.9483615800121715,0.9981707480458889,25.218106,635.952870227236,0.9795302657838054,5.163241925350947,-1975.039060987802,5414.846344365945,2714.46141517598,89.99227985132664,104.03624346792648,73.5
2025-04-21,82.0,92.1,70.9,987.0,8.4,5.9,17.5,18.5,25.218106,110.039197,173.73,87.08127162130225,12.743600725068623,38.11913306181201,0.9427611433904207,0.9981707480458889,25.218106,635.952870227236,0.9795302657838054,5.163241925350947,-1975.039060987802,5414.846344365945,2714.46141517598,89.99227985132664,104.03624346792648,72.3
2025-04-22,72.4,92.1,66.2,990.5,9.6,5.5,13.6,26.6,25.218106,110.039197,173.73,77.0247651609158,12.766535662030241,38.21406459341542,0.9368813462954315,0.9981707480458889,25.218106,635.952870227236,0.9795302657838054,5.163241925350947,-1975.039060987802,5414.846344365945,2714.46141517598,89.99227985132664,104.03624346792648,65.2
2025-04-23,69.3,84.0,64.4,990.8,8.3,2.9,5.8,18.1,25.218106,110.039197,173.73,73.85821628662056,12.789301521492739,38.306726268931364,0.9307239310379795,0.9981707480458889,25.218106,635.952870227236,0.9795302657838054,5.163241925350947,-1975.039060987802,5414.846344365945,2714.46141517598,89.99227985132664,104.03624346792648,63.7
2025-04-24,69.1,77.0,64.4,992.0,9.0,4.0,9.7,18.6,25.218106,110.039197,173.73,73.77514258994016,12.811891621986714,38.397126994217345,0.9242907221930933,0.9981707480458889,25.218106,635.952870227236,0.9795302657838054,5.163241925350947,-1975.039060987802,5414.846344365945,2714.46141517598,89.99227985132664,104.03624346792648,63.3
2025-04-25,69.2,77.0,62.6,994.8,9.8,4.7,9.7,18.6,25.218106,110.039197,173.73,74.0111253094866,12.834299186616175,38.48527718426663,0.9175836260593937,0.9981707480458889,25.218106,635.952870227236,0.9795302657838054,5.163241925350947,-1975.039060987802,5414.846344365945,2714.46141517598,89.99227985132664,104.03624346792648,59.0
2025-04-26,71.4,77.5,64.2,993.3,8.7,2.5,5.1,11.3,25.218106,110.039197,173.73,76.49627819693242,12.856517344022256,38.57118870644228,0.9106046300942162,0.9981707480458889,25.218106,635.952870227236,0.9795302657838054,5.163241925350947,-1975.039060987802,5414.846344365945,2714.46141517598,89.99227985132664,104.03624346792648,63.5
2025-04-27,71.3,77.7,66.0,993.2,8.5,2.9,5.8,11.3,25.218106,110.039197,173.73,76.51998666239885,12.878539129716495,38.654874822234746,0.9033558023246845,0.9981707480458889,25.218106,635.952870227236,0.9795302657838054,5.163241925350947,-1975.039060987802,5414.846344365945,2714.46141517598,89.99227985132664,104.03624346792648,67.7
2025-04-28,76.1,87.8,62.6,995.0,9.7,5.6,15.5,19.8,25.218106,110.039197,173.73,81.80976706842526,12.900357487793736,38.73635012766785,0.895839290734909,0.9981707480458889,25.218106,635.952870227236,0.9795302657838054,5.163241925350947,-1975.039060987802,5414.846344365945,2714.46141517598,89.99227985132664,104.03624346792648,60.4
2025-04-29,77.4,87.1,66.9,993.1,8.0,2.4,5.8,10.7,25.218106,110.039197,173.73,83.34667601107087,12.921965273034244,38.815630492478,0.8880573226294932,0.9981707480458889,25.218106,635.952870227236,0.9795302657838054,5.163241925350947,-1975.039060987802,5414.846344365945,2714.46141517598,89.99227985132664,104.03624346792648,65.3
2025-04-30,72.3,86.9,66.2,993.1,5.5,2.5,5.8,-13.366372342974373,25.218106,110.039197,173.73,77.98371540175789,12.9433552534038,38.89273299819322,0.8800122039735357,0.9981707480458889,25.218106,635.952870227236,0.9795302657838054,5.163241925350947,-1975.039060987802,5414.846344365945,2714.46141517598,89.99227985132664,104.03624346792648,69.5
2025-05-01,76.7,91.4,62.6,994.0,9.1,3.4,9.7,15.9,25.218106,110.039197,173.73,82.86489105533573,12.964520112959956,38.96767587523841,0.8717063187093218,0.9981707480458889,25.218106,635.952870227236,0.9795302657838054,5.163241925350947,-1975.039060987802,5414.846344365945,2714.46141517598,89.99227985132664,104.03624346792648,60.9
2025-05-02,79.6,92.7,66.2,989.9,8.4,2.3,5.8,11.1,25.218106,110.039197,173.73,86.13683461930528,12.985452455171652,39.04047843919369,0.8631421280499114,0.9981707480458889,25.218106,635.952870227236,0.9795302657838054,5.163241925350947,-1975.039060987802,5414.846344365945,2714.46141517598,89.99227985132664,104.03624346792648,64.5
2025-05-03,81.5,92.7,69.8,987.9,7.8,4.6,13.6,14.0,25.218106,110.039197,173.73,88.3334001452225,13.006144806658526,39.111161026332056,0.854322169749827,0.9981707480458889,25.218106,635.952870227236,0.9795302657838054,5.163241925350947,-1975.039060987802,5414.846344365945,2714.46141517598,89.99227985132664,104.03624346792648,71.0
2025-05-04,75.2,90.9,69.8,986.4,7.0,2.8,5.8,14.0,25.218106,110.039197,173.73,81.63329496049299,13.026589621355265,39.17974492856238,0.8452490573530633,0.9981707480458889,25.218106,635.952870227236,0.9795302657838054,5.163241925350947,-1975.039060987802,5414.846344365945,2714.46141517598,89.99227985132664,104.03624346792648,71.1
2025-05-05,74.9,82.4,69.8,988.6,8.2,4.8,13.6,83.62646730559541,25.218106,110.039197,173.73,81.43364737119799,13.046779285105151,39.2462523279024,0.8359254794186372,0.9981707480458889,25.218106,635.952870227236,0.9795302657838054,5.163241925350947,-1975.039060987802,5414.846344365945,2714.46141517598,89.99227985132664,104.03624346792648,69.4
2025-05-06,76.4,83.8,71.6,989.5,8.8,3.2,11.7,-60.03113348789522,25.218106,110.039197,173.73,83.19136230169966,13.066706120685808,39.31070623060561,0.8263541987239096,0.9981707480458889,25.218106,635.952870227236,0.9795302657838054,5.163241925350947,-1975.039060987802,5414.846344365945,2714.46141517598,89.99227985132664,104.03624346792648,67.5
2025-05-07,69.8,83.8,68.0,986.7,2.2,2.3,5.8,-120.34684073322617,25.218106,110.039197,173.73,76.11900792084737,13.08636239326889,39.373130401063776,0.8165380514459161,0.9981707480458889,25.218106,635.952870227236,0.9795302657838054,5.163241925350947,-1975.039060987802,5414.846344365945,2714.46141517598,89.99227985132664,104.03624346792648,68.8
2025-05-08,76.6,89.6,68.5,984.3,5.4,5.2,13.6,-1.138663641866355,25.218106,110.039197,173.73,83.65830901913763,13.10574031631399,39.433549295605495,0.8064799463209448,0.9981707480458889,25.218106,635.952870227236,0.9795302657838054,5.163241925350947,-1975.039060987802,5414.846344365945,2714.46141517598,89.99227985132664,104.03624346792648,72.9
2025-05-09,78.2,88.7,68.0,990.7,9.1,4.0,7.8,100.70258253886655,25.218106,110.039197,173.73,85.53015557728664,13.124832057895647,39.491987996308644,0.7961828637826158,0.9981707480458889,25.218106,635.952870227236,0.9795302657838054,5.163241925350947,-1975.039060987802,5414.846344365945,2714.46141517598,89.99227985132664,104.03624346792648,67.1
2025-05-10,69.9,88.5,57.2,995.1,9.9,5.7,15.5,25.1,25.218106,110.039197,173.73,76.56164327895901,13.143629747460775,39.5484721449424,0.7856498550787147,0.9981707480458889,25.218106,635.952870227236,0.9795302657838054,5.163241925350947,-1975.039060987802,5414.846344365945,2714.46141517598,89.99227985132664,104.03624346792648,59.2
2025-05-11,70.4,86.0,55.4,993.3,9.6,3.8,9.7,19.4,25.218106,110.039197,173.73,77.2178028336712,13.162125483012137,39.60302787715156,0.7748840413670407,0.9981707480458889,25.218106,635.952870227236,0.9795302657838054,5.163241925350947,-1975.039060987802,5414.846344365945,2714.46141517598,89.99227985132664,104.03624346792648,49.4
2025-05-12,72.0,86.9,57.7,991.0,9.8,2.7,5.8,14.0,25.218106,110.039197,173.73,79.08186803227125,13.180311338711872,39.655681756993154,0.7638886127905428,0.9981707480458889,25.218106,635.952870227236,0.9795302657838054,5.163241925350947,-1975.039060987802,5414.846344365945,2714.46141517598,89.99227985132664,104.03624346792648,56.3
2025-05-13,76.8,88.7,62.4,990.9,9.1,4.1,13.6,75.61064456269811,25.218106,110.039197,173.73,84.46834798654227,13.19817937289723,39.706460711931925,0.7526668275320085,0.9981707480458889,25.218106,635.952870227236,0.9795302657838054,5.163241925350947,-1975.039060987802,5414.846344365945,2714.46141517598,89.99227985132664,104.03624346792648,61.6
2025-05-14,75.7,88.7,69.8,992.3,5.2,2.5,5.8,16.958282056672758,25.218106,110.039197,173.73,83.36917732358025,13.215721636498849,39.75539196839826,0.7412220108485958,0.9981707480458889,25.218106,635.952870227236,0.9795302657838054,5.163241925350947,-1975.039060987802,5414.846344365945,2714.46141517598,89.99227985132664,104.03624346792648,70.0
2025-05-15,76.3,84.9,72.9,991.4,4.3,1.9,3.9,25.845891580125382,25.218106,110.039197,173.73,84.13938107292972,13.232930181850023,39.80250298800773,0.7295575540864875,0.9981707480458889,25.218106,635.952870227236,0.9795302657838054,5.163241925350947,-1975.039060987802,5414.846344365945,2714.46141517598,89.99227985132664,104.03624346792648,74.3
2025-05-16,78.0,84.4,74.7,990.2,7.3,3.6,9.7,11.7,25.218106,110.039197,173.73,86.1236809671774,13.249797071873447,39.847821404538934,0.717676913675962,0.9981707480458889,25.218106,635.952870227236,0.9795302657838054,5.163241925350947,-1975.039060987802,5414.846344365945,2714.46141517598,89.99227985132664,104.03624346792648,75.4
2025-05-17,77.0,85.1,74.7,990.3,6.2,2.6,5.8,-77.96142186858667,25.218106,110.039197,173.73,85.12551733345865,13.266314389629919,39.89137496176077,0.705583610107178,0.9981707480458889,25.218106,635.952870227236,0.9795302657838054,5.163241925350947,-1975.039060987802,5414.846344365945,2714.46141517598,89.99227985132664,104.03624346792648,75.4
2025-05-18,76.8,85.1,74.7,989.8,6.3,2.4,5.8,94.20852306230462,25.218106,110.039197,173.73,85.0078351885539,13.282474248211546,39.933191452197896,0.6932812268869777,0.9981707480458889,25.218106,635.952870227236,0.9795302657838054,5.163241925350947,-1975.039060987802,5414.846344365945,2714.46141517598,89.99227985132664,104.03624346792648,74.8
2025-05-19,77.9,84.4,74.7,987.7,7.8,3.1,6.0,10.1,25.218106,110.039197,173.73,86.32792829956422,13.298268800959828,39.973298656917436,0.6807734094770161,0.9981707480458889,25.218106,635.952870227236,0.9795302657838054,5.163241925350947,-1975.039060987802,5414.846344365945,2714.46141517598,89.99227985132664,104.03624346792648,75.7
2025-05-20,79.6,86.2,75.7,986.9,9.1,3.5,9.7,12.4,25.218106,110.039197,173.73,88.31414533818142,13.31369025198715,40.0117242864168,0.6680638642135335,0.9981707480458889,25.218106,635.952870227236,0.9795302657838054,5.163241925350947,-1975.039060987802,5414.846344365945,2714.46141517598,89.99227985132664,104.03624346792648,76.5
2025-05-21,81.4,88.3,77.0,987.3,7.8,2.8,7.8,13.2,25.218106,110.039197,173.73,90.41322438100092,13.328730866978022,40.04849592268748,0.6551563572090853,0.9981707480458889,25.218106,635.952870227236,0.9795302657838054,5.163241925350947,-1975.039060987802,5414.846344365945,2714.46141517598,89.99227985132664,104.03624346792648,77.4
2025-05-22,81.8,88.3,77.0,985.3,8.1,3.8,9.7,13.4,25.218106,110.039197,173.73,90.95739400926668,13.343382984244501,40.083640962525706,0.6420547132365637,0.9981707480458889,25.218106,635.952870227236,0.9795302657838054,5.163241925350947,-1975.039060987802,5414.846344365945,2714.46141517598,89.99227985132664,104.03624346792648,77.9
2025-05-23,74.8,87.6,69.8,990.6,8.7,6.1,13.6,24.9,25.218106,110.039197,173.73,83.26261659545166,13.35763902600829,40.11718656215611,0.6287628145958344,0.9981707480458889,25.218106,635.952870227236,0.9795302657838054,5.163241925350947,-1975.039060987802,5414.846344365945,2714.46141517598,89.99227985132664,104.03624346792648,68.4
2025-05-24,74.0,80.6,68.0,995.6,10.0,5.1,13.6,19.8,25.218106,110.039197,173.73,82.45753097759332,13.371491509879998,40.149159583230144,0.6152845999633276,0.9981707480458889,25.218106,635.952870227236,0.9795302657838054,5.163241925350947,-1975.039060987802,5414.846344365945,2714.46141517598,89.99227985132664,104.03624346792648,58.5
2025-05-25,68.6,80.1,62.6,997.9,7.5,3.1,6.6,13.8,25.218106,110.039197,173.73,76.51720066254988,13.384933060504354,40.17958654025696,0.6016240632249226,0.9981707480458889,25.218106,635.952870227236,0.9795302657838054,5.163241925350947,-1975.039060987802,5414.846344365945,2714.46141517598,89.99227985132664,104.03624346792648,61.4
2025-05-26,74.1,82.4,63.3,995.4,8.4,3.1,7.8,11.1,25.218106,110.039197,173.73,82.73238090176403,13.397956421338305,40.20849354951934,0.5877852522924732,0.9981707480458889,25.218106,635.952870227236,0.9795302657838054,5.163241925350947,-1975.039060987802,5414.846344365945,2714.46141517598,89.99227985132664,104.03624346792648,65.8
2025-05-27,67.3,81.0,66.2,993.1,4.9,3.5,7.8,81.28510937958961,25.218106,110.039197,173.73,75.21085963310762,13.410554466527362,40.23590627952373,0.5737722679043246,0.9981707480458889,25.218106,635.952870227236,0.9795302657838054,5.163241925350947,-1975.039060987802,5414.846344365945,2714.46141517598,89.99227985132664,104.03624346792648,65.4
2025-05-28,68.3,70.3,66.2,991.3,3.2,3.3,7.8,13.2,25.218106,110.039197,173.73,76.39764921143693,13.422720212843968,40.26184990302877,0.5595892624101765,0.9981707480458889,25.218106,635.952870227236,0.9795302657838054,5.163241925350947,-1975.039060987802,5414.846344365945,2714.46141517598,89.99227985132664,104.03624346792648,67.3
2025-05-29,72.0,77.0,67.6,991.5,9.3,2.8,7.8,11.8,25.218106,110.039197,173.73,80.60668098990206,13.434446831650343,40.28634905069239,0.545240438540651,0.9981707480458889,25.218106,635.952870227236,0.9795302657838054,5.163241925350947,-1975.039060987802,5414.846344365945,2714.46141517598,89.99227985132664,104.03624346792648,67.4
2025-05-30,74.4,78.8,67.8,989.1,6.3,2.0,3.9,43.27606353808955,25.218106,110.039197,173.73,83.36351149725105,13.445727660846943,40.30942776637406,0.5307300481619334,0.9981707480458889,25.218106,635.952870227236,0.9795302657838054,5.163241925350947,-1975.039060987802,5414.846344365945,2714.46141517598,89.99227985132664,104.03624346792648,69.8
2025-05-31,78.9,84.2,71.6,984.0,7.0,3.4,9.7,12.0,25.218106,110.039197,173.73,88.47685712524093,13.45655621676668,40.3311094641245,0.5160623910158528,0.9981707480458889,25.218106,635.952870227236,0.9795302657838054,5.163241925350947,-1975.039060987802,5414.846344365945,2714.46141517598,89.99227985132664,104.03624346792648,75.6
2025-06-01,79.6,85.3,71.6,981.0,5.3,3.5,11.7,15.0,25.218106,110.039197,173.73,89.33061049962771,13.466926205974028,40.351416886891435,0.5012418134457758,0.9981707480458889,25.218106,635.952870227236,0.9795302657838054,5.163241925350947,-1975.039060987802,5414.846344365945,2714.46141517598,89.99227985132664,104.03624346792648,77.0
2025-06-02,70.6,85.3,68.0,986.4,7.9,4.2,8.7,18.6,25.218106,110.039197,173.73,79.28869220892425,13.476831536927635,40.37037206696663,0.48627270710868997,0.9981707480458889,25.218106,635.952870227236,0.9795302657838054,5.163241925350947,-1975.039060987802,5414.846344365945,2714.46141517598,89.99227985132664,104.03624346792648,66.7
2025-06-03,78.1,87.8,69.3,987.6,9.0,4.6,11.7,18.1,25.218106,110.039197,173.73,87.77311670728025,13.486266331464316,40.387996288195836,0.4711595076738638,0.9981707480458889,25.218106,635.952870227236,0.9795302657838054,5.163241925350947,-1975.039060987802,5414.846344365945,2714.46141517598,89.99227985132664,104.03624346792648,65.0
2025-06-04,81.4,91.4,69.8,988.9,8.6,3.2,5.8,12.8,25.218106,110.039197,173.73,91.54260914962234,13.495224936062261,40.40431004997039,0.4559066935084588,0.9981707480458889,25.218106,635.952870227236,0.9795302657838054,5.163241925350947,-1975.039060987802,5414.846344365945,2714.46141517598,89.99227985132664,104.03624346792648,68.0
2025-06-05,83.6,93.0,74.3,988.1,7.4,2.5,5.8,11.3,25.218106,110.039197,173.73,94.07579013212599,13.503701932841052,40.41933303301577,0.440518784350495,0.9981707480458889,25.218106,635.952870227236,0.9795302657838054,5.163241925350947,-1975.039060987802,5414.846344365945,2714.46141517598,89.99227985132664,104.03624346792648,74.4
2025-06-06,84.6,94.3,77.0,986.5,8.9,4.8,9.7,15.0,25.218106,110.039197,173.73,95.25742965930758,13.511692150256394,40.43308406699025,0.42500033996955416,0.9981707480458889,25.218106,635.952870227236,0.9795302657838054,5.163241925350947,-1975.039060987802,5414.846344365945,2714.46141517598,89.99227985132664,104.03624346792648,76.7
2025-06-07,85.4,94.3,78.4,985.7,9.9,4.1,11.7,16.5,25.218106,110.039197,173.73,96.2115736260368,13.519190673447792,40.44558109990371,0.4093559588156213,0.9981707480458889,25.218106,635.952870227236,0.9795302657838054,5.163241925350947,-1975.039060987802,5414.846344365945,2714.46141517598,89.99227985132664,104.03624346792648,77.1
2025-06-08,83.1,93.2,77.0,986.0,9.1,4.3,9.7,14.2,25.218106,110.039197,173.73,93.66888551532216,13.526192854198147,40.45684116936474,0.39359027665646673,0.9981707480458889,25.218106,635.952870227236,0.9795302657838054,5.163241925350947,-1975.039060987802,5414.846344365945,2714.46141517598,89.99227985132664,104.03624346792648,76.2
2025-06-09,81.1,92.5,75.2,985.9,8.1,2.5,9.7,12.8,25.218106,110.039197,173.73,91.45845911581007,13.532694320465115,40.46688037566186,0.3777079652039649,0.9981707480458889,25.218106,635.952870227236,0.9795302657838054,5.163241925350947,-1975.039060987802,5414.846344365945,2714.46141517598,89.99227985132664,104.03624346792648,76.2
2025-06-10,78.0,92.5,75.2,987.3,9.1,2.8,5.1,13.0,25.218106,110.039197,173.73,88.00149140539402,13.538690985445234,40.47571385668304,0.36171373072976765,0.9981707480458889,25.218106,635.952870227236,0.9795302657838054,5.163241925350947,-1975.039060987802,5414.846344365945,2714.46141517598,89.99227985132664,104.03624346792648,75.1
2025-06-11,77.9,83.3,75.2,988.3,8.9,3.5,6.2,20.4,25.218106,110.039197,173.73,87.92429570606507,13.544179056133256,40.483355764675814,0.3456123126707335,0.9981707480458889,25.218106,635.952870227236,0.9795302657838054,5.163241925350947,-1975.039060987802,5414.846344365945,2714.46141517598,89.99227985132664,104.03624346792648,73.8
2025-06-12,82.7,93.2,75.7,987.4,10.7,4.4,9.7,20.4,25.218106,110.039197,173.73,93.3762601599068,13.54915504134077,40.48981924484924,0.3294084822245304,0.9981707480458889,25.218106,635.952870227236,0.9795302657838054,5.163241925350947,-1975.039060987802,5414.846344365945,2714.46141517598,89.99227985132664,104.03624346792648,74.8
2025-06-13,82.9,91.9,77.0,985.7,9.4,3.0,11.7,15.2,25.218106,110.039197,173.73,93.6328955360592,13.553615759140051,40.49511641581745,0.3131070409358269,0.9981707480458889,25.218106,635.952870227236,0.9795302657838054,5.163241925350947,-1975.039060987802,5414.846344365945,2714.46141517598,89.99227985132664,104.03624346792648,75.8
2025-06-14,85.0,91.9,77.9,982.8,10.0,2.7,5.8,12.0,25.218106,110.039197,173.73,96.03270493455034,13.557558343701222,40.49925835188379,0.29671281927349075,0.9981707480458889,25.218106,635.952870227236,0.9795302657838054,5.163241925350947,-1975.039060987802,5414.846344365945,2714.46141517598,89.99227985132664,104.03624346792648,76.2
2025-06-15,81.1,93.2,77.0,984.6,8.4,2.9,9.7,20.2,25.218106,110.039197,173.73,91.64962486634111,13.560980251493138,40.50225506716379,0.28023067519921585,0.9981707480458889,25.218106,635.952870227236,0.9795302657838054,5.163241925350947,-1975.039060987802,5414.846344365945,2714.46141517598,89.99227985132664,104.03624346792648,76.6
2025-06-16,80.6,91.9,75.2,987.0,9.5,4.1,9.7,20.4,25.218106,110.039197,173.73,91.10405574214693,13.563879266820882,40.50411550154437,0.26366549272800704,0.9981707480458889,25.218106,635.952870227236,0.9795302657838054,5.163241925350947,-1975.039060987802,5414.846344365945,2714.46141517598,89.99227985132664,104.03624346792648,75.9
2025-06-17,79.5,89.2,76.8,986.5,8.7,3.5,15.5,20.8,25.218106,110.039197,173.73,89.87642948172564,13.566253506675567,40.5048475084768,0.24702218048093552,0.9981707480458889,25.218106,635.952870227236,0.9795302657838054,5.163241925350947,-1975.039060987802,5414.846344365945,2714.46141517598,89.99227985132664,104.03624346792648,76.5
2025-06-18,77.8,89.1,75.2,985.3,7.9,4.5,9.7,16.9,25.218106,110.039197,173.73,87.96652423793917,13.568101424874936,40.50445784460002,0.23030567023061221,0.9981707480458889,25.218106,635.952870227236,0.9795302657838054,5.163241925350947,-1975.039060987802,5414.846344365945,2714.46141517598,89.99227985132664,104.03624346792648,75.7
2025-06-19,79.1,82.4,76.8,985.3,9.5,3.2,7.8,12.4,25.218106,110.039197,173.73,89.44510546701498,13.569421815476357,40.50295216119158,0.21352091543979612,0.9981707480458889,25.218106,635.952870227236,0.9795302657838054,5.163241925350947,-1975.039060987802,5414.846344365945,2714.46141517598,89.99227985132664,104.03624346792648,76.1
2025-06-20,80.6,86.0,77.0,986.0,8.6,2.6,9.7,12.4,25.218106,110.039197,173.73,91.14660279375181,13.570213815446921,40.500334997442856,0.19667288979357647,0.9981707480458889,25.218106,635.952870227236,0.9795302657838054,5.163241925350947,-1975.039060987802,5414.846344365945,2714.46141517598,89.99227985132664,104.03624346792648,76.5
2025-06-21,79.9,89.6,75.2,987.4,8.1,3.6,9.7,15.2,25.218106,110.039197,173.73,90.35675873630315,13.570476906578694,40.496609775555655,0.1797665857255624,0.9981707480458889,25.218106,635.952870227236,0.9795302657838054,5.163241925350947,-1975.039060987802,5414.846344365945,2714.46141517598,89.99227985132664,104.03624346792648,76.6
2025-06-22,80.5,87.8,76.5,987.4,7.2,3.2,9.7,13.0,25.218106,110.039197,173.73,91.03349823246319,13.570210916640477,40.49177879765763,0.16280701293851715,0.9981707480458889,25.218106,635.952870227236,0.9795302657838054,5.163241925350947,-1975.039060987802,5414.846344365945,2714.46141517598,89.99227985132664,104.03624346792648,76.8
2025-06-23,81.4,88.5,77.0,985.7,7.9,2.8,9.7,13.0,25.218106,110.039197,173.73,92.0458720007115,13.569416019760908,40.4858432445338,0.1457991969198751,0.9981707480458889,25.218106,635.952870227236,0.9795302657838054,5.163241925350947,-1975.039060987802,5414.846344365945,2714.46141517598,89.99227985132664,104.03624346792648,77.2
2025-06-24,82.4,91.4,77.0,987.7,7.5,2.9,5.8,11.1,25.218106,110.039197,173.73,93.1675701208158,13.568092736041136,40.47880317617223,0.12874817745258132,0.9981707480458889,25.218106,635.952870227236,0.9795302657838054,5.163241925350947,-1975.039060987802,5414.846344365945,2714.46141517598,89.99227985132664,104.03624346792648,77.7
2025-06-25,84.8,94.5,75.2,988.0,9.9,4.4,13.6,12.873365722713135,25.218106,110.039197,173.73,95.86810964148536,13.566241930398872,40.47065753412214,0.11165900712169512,0.9981707480458889,25.218106,635.952870227236,0.9795302657838054,5.163241925350947,-1975.039060987802,5414.846344365945,2714.46141517598,89.99227985132664,104.03624346792648,74.8
2025-06-26,85.6,95.5,77.9,987.4,10.3,3.1,5.8,12.4,25.218106,110.039197,173.73,96.75556898262927,13.563864810648965,40.46140414566271,0.09453674981719912,0.9981707480458889,25.218106,635.952870227236,0.9795302657838054,5.163241925350947,-1975.039060987802,5414.846344365945,2714.46141517598,89.99227985132664,104.03624346792648,75.3
2025-06-27,81.0,95.5,75.2,987.0,10.2,3.0,9.7,25.3,25.218106,110.039197,173.73,91.53649974259709,13.560962924829196,40.45103972978178,0.07738647923346301,0.9981707480458889,25.218106,635.952870227236,0.9795302657838054,5.163241925350947,-1975.039060987802,5414.846344365945,2714.46141517598,89.99227985132664,104.03624346792648,76.0
2025-06-28,81.4,91.2,73.4,985.0,8.6,3.0,11.7,12.8,25.218106,110.039197,173.73,91.9653005036298,13.557538157783261,40.43955990496326,0.06021327736579302,0.9981707480458889,25.218106,635.952870227236,0.9795302657838054,5.163241925350947,-1975.039060987802,5414.846344365945,2714.46141517598,89.99227985132664,104.03624346792648,74.9
2025-06-29,81.2,92.3,75.0,984.4,9.5,2.2,11.7,25.8,25.218106,110.039197,173.73,91.71264411947642,13.553592727016218,40.426959198782754,0.04302223300453059,0.9981707480458889,25.218106,635.952870227236,0.9795302657838054,5.163241925350947,-1975.039060987802,5414.846344365945,2714.46141517598,89.99227985132664,104.03624346792648,75.9
2025-06-30,81.2,92.3,76.5,986.0,9.5,2.9,11.7,13.4,25.218106,110.039197,173.73,91.6824407700566,13.549129177840877,40.413231059310526,0.02581844022713308,0.9981707480458889,25.218106,635.952870227236,0.9795302657838054,5.163241925350947,-1975.039060987802,5414.846344365945,2714.46141517598,89.99227985132664,104.03624346792648,76.9
2025-07-01,81.7,90.5,76.8,988.6,9.0,3.1,7.8,20.6,25.218106,110.039197,173.73,92.21309048910403,13.544150377836578,40.39836786832166,0.008606996888688698,0.9981707480458889,25.218106,635.952870227236,0.9795302657838054,5.163241925350947,-1975.039060987802,5414.846344365945,2714.46141517598,89.99227985132664,104.03624346792648,76.9
2025-07-02,82.4,93.9,73.4,989.9,9.4,3.2,5.8,31.3,25.218106,110.039197,173.73,92.96546197309401,13.538659510644758,40.382360956311835,-0.008606996888688009,0.9981707480458889,25.218106,635.952870227236,0.9795302657838054,5.163241925350947,-1975.039060987802,5414.846344365945,2714.46141517598,89.99227985132664,104.03624346792648,74.7
2025-07-03,83.3,94.1,75.2,989.0,8.7,2.6,5.8,159.43175545702735,25.218106,110.039197,173.73,93.9392153131995,13.53266006912838,40.36520061931853,-0.02581844022713239,0.9981707480458889,25.218106,635.952870227236,0.9795302657838054,5.163241925350947,-1975.039060987802,5414.846344365945,2714.46141517598,89.99227985132664,104.03624346792648,75.0
2025-07-04,87.4,98.6,77.0,985.5,9.7,2.9,5.8,107.79751229453413,25.218106,110.039197,173.73,98.51550175905255,13.526155847924835,40.346876137545365,-0.04302223300453034,0.9981707480458889,25.218106,635.952870227236,0.9795302657838054,5.163241925350947,-1975.039060987802,5414.846344365945,2714.46141517598,89.99227985132664,104.03624346792648,75.8
2025-07-05,87.8,98.6,77.0,984.4,10.0,2.8,7.8,11.3,25.218106,110.039197,173.73,98.91512101085434,13.519150935424284,40.32737579578791,-0.060213277365792774,0.9981707480458889,25.218106,635.952870227236,0.9795302657838054,5.163241925350947,-1975.039060987802,5414.846344365945,2714.46141517598,89.99227985132664,104.03624346792648,75.8
2025-07-06,84.3,98.6,75.2,984.4,8.6,3.7,13.6,23.3,25.218106,110.039197,173.73,94.91933917908227,13.511649705207441,40.30668690565766,-0.07738647923346322,0.9981707480458889,25.218106,635.952870227236,0.9795302657838054,5.163241925350947,-1975.039060987802,5414.846344365945,2714.46141517598,89.99227985132664,104.03624346792648,74.7
2025-07-07,87.5,98.4,77.0,983.2,9.8,3.4,7.8,11.1,25.218106,110.039197,173.73,98.4641642175536,13.50365680697878,40.28479582960032,-0.09453674981719933,0.9981707480458889,25.218106,635.952870227236,0.9795302657838054,5.163241925350947,-1975.039060987802,5414.846344365945,2714.46141517598,89.99227985132664,104.03624346792648,77.0
2025-07-08,87.6,98.4,78.8,982.2,9.9,3.4,7.8,10.7,25.218106,110.039197,173.73,98.51479324633904,13.495177157032746,40.26168800670309,-0.11165900712169444,0.9981707480458889,25.218106,635.952870227236,0.9795302657838054,5.163241925350947,-1975.039060987802,5414.846344365945,2714.46141517598,89.99227985132664,104.03624346792648,76.5
2025-07-09,87.9,100.4,78.8,980.5,9.6,3.1,9.7,11.3,25.218106,110.039197,173.73,98.78653167473813,13.486215928291895,40.23734798028415,-0.12874817745258066,0.9981707480458889,25.218106,635.952870227236,0.9795302657838054,5.163241925350947,-1975.039060987802,5414.846344365945,2714.46141517598,89.99227985132664,104.03624346792648,76.3
2025-07-10,86.2,98.1,78.8,979.6,10.3,5.1,9.7,18.6,25.218106,110.039197,173.73,96.80819251202601,13.476778539957218,40.21175942725633,-0.14579919691987442,0.9981707480458889,25.218106,635.952870227236,0.9795302657838054,5.163241925350947,-1975.039060987802,5414.846344365945,2714.46141517598,89.99227985132664,104.03624346792648,75.5
2025-07-11,86.3,96.8,77.0,982.6,9.7,6.2,13.6,20.4,25.218106,110.039197,173.73,96.84924473498694,13.466870646811625,40.184905189254394,-0.16280701293851646,0.9981707480458889,25.218106,635.952870227236,0.9795302657838054,5.163241925350947,-1975.039060987802,5414.846344365945,2714.46141517598,89.99227985132664,104.03624346792648,74.0
2025-07-12,80.9,96.1,75.2,986.4,7.9,2.4,9.7,17.9,25.218106,110.039197,173.73,90.7192248810721,13.456498128218355,40.15676730551371,-0.17976658572556214,0.9981707480458889,25.218106,635.952870227236,0.9795302657838054,5.163241925350947,-1975.039060987802,5414.846344365945,2714.46141517598,89.99227985132664,104.03624346792648,76.1
2025-07-13,81.5,93.4,77.0,986.8,6.6,2.7,11.7,13.4,25.218106,110.039197,173.73,91.31848889698348,13.445667076856465,40.12732704748601,-0.19667288979357622,0.9981707480458889,25.218106,635.952870227236,0.9795302657838054,5.163241925350947,-1975.039060987802,5414.846344365945,2714.46141517598,89.99227985132664,104.03624346792648,76.6
2025-07-14,84.0,93.4,77.0,984.8,8.8,3.4,7.8,44.94783035809853,25.218106,110.039197,173.73,94.04068651065002,13.434383787235717,40.09656495517459,-0.2135209154397959,0.9981707480458889,25.218106,635.952870227236,0.9795302657838054,5.163241925350947,-1975.039060987802,5414.846344365945,2714.46141517598,89.99227985132664,104.03624346792648,76.4
2025-07-15,86.1,96.6,78.8,983.3,10.3,4.4,7.8,14.6,25.218106,110.039197,173.73,96.30754778843777,13.42265474403314,40.06446087516964,-0.23030567023061196,0.9981707480458889,25.218106,635.952870227236,0.9795302657838054,5.163241925350947,-1975.039060987802,5414.846344365945,2714.46141517598,89.99227985132664,104.03624346792648,76.3
2025-07-16,87.9,97.2,78.8,983.9,10.3,5.4,11.7,14.6,25.218106,110.039197,173.73,98.2318144203981,13.410486610293253,40.03099400036051,-0.24702218048093527,0.9981707480458889,25.218106,635.952870227236,0.9795302657838054,5.163241925350947,-1975.039060987802,5414.846344365945,2714.46141517598,89.99227985132664,104.03624346792648,77.0
2025-07-17,87.6,98.4,78.8,983.8,10.1,3.6,7.8,10.9,25.218106,110.039197,173.73,97.80456937339419,13.39788621553345,39.99614291129939,-0.2636654927280072,0.9981707480458889,25.218106,635.952870227236,0.9795302657838054,5.163241925350947,-1975.039060987802,5414.846344365945,2714.46141517598,89.99227985132664,104.03624346792648,77.1
2025-07-18,87.6,98.6,80.6,980.8,9.8,3.3,7.8,15.7,25.218106,110.039197,173.73,97.70948196970622,13.384860543795373,39.959885619187155,-0.2802306751992161,0.9981707480458889,25.218106,635.952870227236,0.9795302657838054,5.163241925350947,-1975.039060987802,5414.846344365945,2714.46141517598,89.99227985132664,104.03624346792648,78.4
2025-07-19,90.3,102.2,78.8,978.4,10.4,6.9,17.5,22.5,25.218106,110.039197,173.73,100.61991083065756,13.371416721682069,39.922199610448764,-0.2967128192734901,0.9981707480458889,25.218106,635.952870227236,0.9795302657838054,5.163241925350947,-1975.039060987802,5414.846344365945,2714.46141517598,89.99227985132664,104.03624346792648,74.8
2025-07-20,86.3,100.0,78.8,977.2,9.7,7.2,17.5,23.3,25.218106,110.039197,173.73,96.06313342950297,13.35756200641988,39.88306189286221,-0.3131070409358267,0.9981707480458889,25.218106,635.952870227236,0.9795302657838054,5.163241925350947,-1975.039060987802,5414.846344365945,2714.46141517598,89.99227985132664,104.03624346792648,76.1
2025-07-21,84.8,95.0,78.8,978.3,9.4,7.0,17.5,21.0,25.218106,110.039197,173.73,94.29268000280985,13.343303773982525,39.84244904320119,-0.3294084822245302,0.9981707480458889,25.218106,635.952870227236,0.9795302657838054,5.163241925350947,-1975.039060987802,5414.846344365945,2714.46141517598,89.99227985132664,104.03624346792648,76.5
2025-07-22,79.5,91.4,77.0,981.9,6.4,3.7,9.7,14.2,25.218106,110.039197,173.73,88.30230298595289,13.328649507313646,39.80033725634768,-0.3456123126707333,0.9981707480458889,25.218106,635.952870227236,0.9795302657838054,5.163241925350947,-1975.039060987802,5414.846344365945,2714.46141517598,89.99227985132664,104.03624346792648,77.5
2025-07-23,79.2,88.2,76.3,985.2,9.1,2.8,7.8,22.3,25.218106,110.039197,173.73,87.86980477890395,13.313606784682419,39.756702395827226,-0.3617137307297674,0.9981707480458889,25.218106,635.952870227236,0.9795302657838054,5.163241925350947,-1975.039060987802,5414.846344365945,2714.46141517598,89.99227985132664,104.03624346792648,76.2
2025-07-24,82.6,93.2,75.2,984.2,9.5,3.2,7.8,-11.248777886140665,25.218106,110.039197,173.73,91.53582816281292,13.298183268205268,39.71152004571491,-0.37770796520396466,0.9981707480458889,25.218106,635.952870227236,0.9795302657838054,5.163241925350947,-1975.039060987802,5414.846344365945,2714.46141517598,89.99227985132664,104.03624346792648,75.7
2025-07-25,84.8,99.7,75.2,982.6,9.6,2.9,9.9,22.3,25.218106,110.039197,173.73,93.86219929412566,13.282386692564954,39.664765563856996,-0.39359027665646645,0.9981707480458889,25.218106,635.952870227236,0.9795302657838054,5.163241925350947,-1975.039060987802,5414.846344365945,2714.46141517598,89.99227985132664,104.03624346792648,74.9
2025-07-26,85.4,101.1,75.2,982.0,9.2,2.8,7.8,27.2,25.218106,110.039197,173.73,94.41130021065688,13.26622485395647,39.61641413634816,-0.4093559588156211,0.9981707480458889,25.218106,635.952870227236,0.9795302657838054,5.163241925350947,-1975.039060987802,5414.846344365945,2714.46141517598,89.99227985132664,104.03624346792648,74.5
2025-07-27,86.6,101.1,78.8,981.2,10.0,3.1,9.7,19.0,25.218106,110.039197,173.73,95.61870874152294,13.249705599287243,39.56644083320078,-0.42500033996955394,0.9981707480458889,25.218106,635.952870227236,0.9795302657838054,5.163241925350947,-1975.039060987802,5414.846344365945,2714.46141517598,89.99227985132664,104.03624346792648,75.8
2025-07-28,83.9,98.6,75.2,979.6,9.5,3.0,11.7,27.4,25.218106,110.039197,173.73,92.51958406947047,13.232836815657278,39.51482066513847,-0.4405187843504952,0.9981707480458889,25.218106,635.952870227236,0.9795302657838054,5.163241925350947,-1975.039060987802,5414.846344365945,2714.46141517598,89.99227985132664,104.03624346792648,77.1
2025-07-29,87.3,98.2,78.8,977.9,10.2,2.9,5.8,13.6,25.218106,110.039197,173.73,96.14368220653859,13.21562642014276,39.46152864144201,-0.455906693508459,0.9981707480458889,25.218106,635.952870227236,0.9795302657838054,5.163241925350947,-1975.039060987802,5414.846344365945,2714.46141517598,89.99227985132664,104.03624346792648,76.7
2025-07-30,86.2,100.4,77.0,978.8,9.8,3.9,11.7,23.1,25.218106,110.039197,173.73,94.80622488014886,13.198082349904713,39.40653982877167,-0.47115950767386394,0.9981707480458889,25.218106,635.952870227236,0.9795302657838054,5.163241925350947,-1975.039060987802,5414.846344365945,2714.46141517598,89.99227985132664,104.03624346792648,76.5
2025-07-31,84.3,99.9,75.2,979.9,10.3,3.1,5.8,23.1,25.218106,110.039197,173.73,92.59099318231159,13.180212552642221,39.349829410886294,-0.4862727071086902,0.9981707480458889,25.218106,635.952870227236,0.9795302657838054,5.163241925350947,-1975.039060987802,5414.846344365945,2714.46141517598,89.99227985132664,104.03624346792648,75.4
2025-08-01,83.7,97.3,78.1,981.3,8.4,3.0,7.8,16.5,25.218106,110.039197,173.73,91.80512421741878,13.16202497740771,39.29137274917546,-0.5012418134457756,0.9981707480458889,25.218106,635.952870227236,0.9795302657838054,5.163241925350947,-1975.039060987802,5414.846344365945,2714.46141517598,89.99227985132664,104.03624346792648,76.0
2025-08-02,85.4,96.8,78.8,981.9,9.9,3.1,7.8,16.9,25.218106,110.039197,173.73,93.53810450994193,13.143527565799802,39.231145443917214,-0.5160623910158526,0.9981707480458889,25.218106,635.952870227236,0.9795302657838054,5.163241925350947,-1975.039060987802,5414.846344365945,2714.46141517598,89.99227985132664,104.03624346792648,76.4
2025-08-03,84.8,95.9,77.0,981.9,10.3,3.6,9.7,11.8,25.218106,110.039197,173.73,92.74807958773347,13.12472824354719,39.16912339617057,-0.5307300481619331,0.9981707480458889,25.218106,635.952870227236,0.9795302657838054,5.163241925350947,-1975.039060987802,5414.846344365945,2714.46141517598,89.99227985132664,104.03624346792648,78.0
2025-08-04,85.9,94.8,78.8,982.6,9.6,4.6,7.8,19.2,25.218106,110.039197,173.73,93.8145032486112,13.105634912495162,39.105282870208065,-0.5452404385406507,0.9981707480458889,25.218106,635.952870227236,0.9795302657838054,5.163241925350947,-1975.039060987802,5414.846344365945,2714.46141517598,89.99227985132664,104.03624346792648,78.5
2025-08-05,84.0,96.8,77.0,983.7,10.4,4.0,15.5,27.2,25.218106,110.039197,173.73,91.60378810103039,13.08625544300434,39.03960055639097,-0.5595892624101763,0.9981707480458889,25.218106,635.952870227236,0.9795302657838054,5.163241925350947,-1975.039060987802,5414.846344365945,2714.46141517598,89.99227985132664,104.03624346792648,77.2
2025-08-06,78.1,95.9,77.0,986.1,6.3,3.6,11.7,13.4,25.218106,110.039197,173.73,85.04177314789166,13.066597666769525,38.97205363438579,-0.5737722679043243,0.9981707480458889,25.218106,635.952870227236,0.9795302657838054,5.163241925350947,-1975.039060987802,5414.846344365945,2714.46141517598,89.99227985132664,104.03624346792648,76.2
2025-08-07,80.2,87.3,75.2,987.8,9.0,3.9,9.7,11.8,25.218106,110.039197,173.73,87.19524028993193,13.046669370064626,38.90261983661893,-0.5877852522924734,0.9981707480458889,25.218106,635.952870227236,0.9795302657838054,5.163241925350947,-1975.039060987802,5414.846344365945,2714.46141517598,89.99227985132664,104.03624346792648,75.0
2025-08-08,82.6,89.6,76.3,987.9,8.9,3.3,9.7,12.6,25.218106,110.039197,173.73,89.66559221172734,13.026478287418017,38.83127751186226,-0.6016240632249227,0.9981707480458889,25.218106,635.952870227236,0.9795302657838054,5.163241925350947,-1975.039060987802,5414.846344365945,2714.46141517598,89.99227985132664,104.03624346792648,77.1
2025-08-09,85.8,94.5,77.5,986.6,9.7,4.7,11.7,42.64061502768346,25.218106,110.039197,173.73,92.9931294844051,13.006032095720995,38.75800568884139,-0.6152845999633277,0.9981707480458889,25.218106,635.952870227236,0.9795302657838054,5.163241925350947,-1975.039060987802,5414.846344365945,2714.46141517598,89.99227985132664,104.03624346792648,77.2
2025-08-10,86.2,95.9,77.0,986.5,9.4,4.7,11.7,15.3,25.218106,110.039197,173.73,93.27801423633471,12.985338408770494,38.68278413975491,-0.6287628145958345,0.9981707480458889,25.218106,635.952870227236,0.9795302657838054,5.163241925350947,-1975.039060987802,5414.846344365945,2714.46141517598,89.99227985132664,104.03624346792648,76.6
2025-08-11,85.3,95.9,75.2,986.1,9.3,4.3,9.7,12.4,25.218106,110.039197,173.73,92.15531058937974,12.964404772245684,38.60559344359168,-0.6420547132365636,0.9981707480458889,25.218106,635.952870227236,0.9795302657838054,5.163241925350947,-1975.039060987802,5414.846344365945,2714.46141517598,89.99227985132664,104.03624346792648,75.7
2025-08-12,85.9,96.6,77.0,986.9,9.3,3.6,9.7,14.6,25.218106,110.039197,173.73,92.6520167348445,12.943238659116808,38.52641504913149,-0.655156357209085,0.9981707480458889,25.218106,635.952870227236,0.9795302657838054,5.163241925350947,-1975.039060987802,5414.846344365945,2714.46141517598,89.99227985132664,104.03624346792648,76.4
2025-08-13,86.8,98.8,78.8,986.7,9.7,3.5,7.8,13.6,25.218106,110.039197,173.73,93.46803000032821,12.921847465483165,38.44523133751234,-0.6680638642135333,0.9981707480458889,25.218106,635.952870227236,0.9795302657838054,5.163241925350947,-1975.039060987802,5414.846344365945,2714.46141517598,89.99227985132664,104.03624346792648,76.4
2025-08-14,82.6,98.8,73.4,984.9,7.3,4.5,11.7,15.7,25.218106,110.039197,173.73,88.79664172205526,12.900238506836114,38.36202568424753,-0.6807734094770159,0.9981707480458889,25.218106,635.952870227236,0.9795302657838054,5.163241925350947,-1975.039060987802,5414.846344365945,2714.46141517598,89.99227985132664,104.03624346792648,75.7
2025-08-15,77.9,95.9,74.5,989.9,7.6,2.8,5.8,15.2,25.218106,110.039197,173.73,83.60240343736514,12.878419014741741,38.27678252057387,-0.6932812268869771,0.9981707480458889,25.218106,635.952870227236,0.9795302657838054,5.163241925350947,-1975.039060987802,5414.846344365945,2714.46141517598,89.99227985132664,104.03624346792648,75.0
2025-08-16,83.4,95.0,75.2,990.1,9.9,2.5,5.8,22.1,25.218106,110.039197,173.73,89.35195313086109,12.856396133936846,38.18948739401241,-0.7055836101071774,0.9981707480458889,25.218106,635.952870227236,0.9795302657838054,5.163241925350947,-1975.039060987802,5414.846344365945,2714.46141517598,89.99227985132664,104.03624346792648,73.9
2025-08-17,85.4,96.8,75.6,990.1,9.8,2.9,5.8,22.1,25.218106,110.039197,173.73,91.33655907946435,12.834176919831057,38.10012702802286,-0.7176769136759615,0.9981707480458889,25.218106,635.952870227236,0.9795302657838054,5.163241925350947,-1975.039060987802,5414.846344365945,2714.46141517598,89.99227985132664,104.03624346792648,75.0
2025-08-18,79.5,95.5,75.2,990.2,7.5,3.1,13.6,36.20791100200312,25.218106,110.039197,173.73,84.87796522869557,12.811768336406878,38.00868938063248,-0.7295575540864876,0.9981707480458889,25.218106,635.952870227236,0.9795302657838054,5.163241925350947,-1975.039060987802,5414.846344365945,2714.46141517598,89.99227985132664,104.03624346792648,75.7
2025-08-19,81.7,91.2,77.0,989.2,8.5,3.3,7.8,-6.412894630604491,25.218106,110.039197,173.73,87.07298180778126,12.789177254508877,37.91516370192126,-0.7412220108485957,0.9981707480458889,25.218106,635.952870227236,0.9795302657838054,5.163241925350947,-1975.039060987802,5414.846344365945,2714.46141517598,89.99227985132664,104.03624346792648,75.6
2025-08-20,78.8,91.2,77.0,989.2,6.1,2.9,7.8,-25.27828167198585,25.218106,110.039197,173.73,83.83276195836525,12.766410450512474,37.81954059024545,-0.7526668275320083,0.9981707480458889,25.218106,635.952870227236,0.9795302657838054,5.163241925350947,-1975.039060987802,5414.846344365945,2714.46141517598,89.99227985132664,104.03624346792648,77.1
2025-08-21,78.2,88.7,75.2,990.4,5.1,2.4,5.8,-5.8399427160596975,25.218106,110.039197,173.73,83.04497617827711,12.743474605362215,37.721812047083006,-0.7638886127905429,0.9981707480458889,25.218106,635.952870227236,0.9795302657838054,5.163241925350947,-1975.039060987802,5414.846344365945,2714.46141517598,89.99227985132664,104.03624346792648,76.0
2025-08-22,81.1,90.3,75.2,990.3,9.1,3.0,9.7,31.749075634633854,25.218106,110.039197,173.73,85.96854318765642,12.720376303968893,37.621971530385295,-0.7748840413670406,0.9981707480458889,25.218106,635.952870227236,0.9795302657838054,5.163241925350947,-1975.039060987802,5414.846344365945,2714.46141517598,89.99227985132664,104.03624346792648,75.5
2025-08-23,85.5,96.1,77.0,989.8,9.1,2.9,7.8,-0.006074862743835396,25.218106,110.039197,173.73,90.46699449905063,12.697122034954475,37.5200140063219,-0.7856498550787144,0.9981707480458889,25.218106,635.952870227236,0.9795302657838054,5.163241925350947,-1975.039060987802,5414.846344365945,2714.46141517598,89.99227985132664,104.03624346792648,75.9
2025-08-24,84.6,96.1,73.4,990.2,9.2,3.8,7.8,-36.34332126049323,25.218106,110.039197,173.73,89.34971324467028,12.673718190733375,37.415935999306534,-0.7961828637826154,0.9981707480458889,25.218106,635.952870227236,0.9795302657838054,5.163241925350947,-1975.039060987802,5414.846344365945,2714.46141517598,89.99227985132664,104.03624346792648,74.9
