DATE,TEMP,MAX,MIN,STP,VISIB,WDSP,MXSPD,GUST,LATITUDE,LONGITUDE,ELEVATION,PET_Est,DaylightDuration,DailyRadiation,Geo_Zoning_Season,Geo_Zoning_Continentality,Geo_Zoning_Lat_Abs,Geo_Zoning_Lat_2,Geo_Zoning_Atmos_Thickness,Geo_Zoning_Atmos_Log_Elevation,Geo_Spatial_X,Geo_Spatial_Y,Geo_Spatial_Z,Terrain_Slope,Terrain_Aspect,DEWP
2019-01-01,38.5,41.9,36.9,37.3,9.2,5.3,7.8,44.1178943035286,31.4,121.4666666,4.0,32.083823448342095,10.000152763119614,19.13524146129605,0.017213356155834685,0.9942757993480691,31.4,985.9599999999999,0.9995239228844999,1.6094379124341003,-2838.634662512345,4638.285689062471,3319.352364456312,89.97749209325389,135.0,25.5
2019-01-02,41.3,43.7,36.9,35.3,4.0,4.1,5.8,-48.58245614486489,31.4,121.4666666,4.0,34.44548315747339,10.008372830258613,19.188226579277735,0.03442161162274574,0.9942757993480691,31.4,985.9599999999999,0.9995239228844999,1.6094379124341003,-2838.634662512345,4638.285689062471,3319.352364456312,89.97749209325389,135.0,30.3
2019-01-03,46.8,49.1,41.4,32.2,9.3,4.4,5.8,61.305471815909726,31.4,121.4666666,4.0,39.067285862030424,10.017252785136007,19.24538698355352,0.051619667223253764,0.9942757993480691,31.4,985.9599999999999,0.9995239228844999,1.6094379124341003,-2838.634662512345,4638.285689062471,3319.352364456312,89.97749209325389,135.0,36.9
2019-01-04,48.7,51.3,46.2,26.4,2.0,3.9,5.8,-14.26484911688466,31.4,121.4666666,4.0,40.69204315068062,10.026786813309393,19.306701958521014,0.06880242680231986,0.9942757993480691,31.4,985.9599999999999,0.9995239228844999,1.6094379124341003,-2838.634662512345,4638.285689062471,3319.352364456312,89.97749209325389,135.0,47.5
2019-01-05,45.6,47.5,43.0,27.4,2.1,3.6,5.8,52.8484009525764,31.4,121.4666666,4.0,38.140481130239635,10.036968718484115,19.372149086620652,0.08596479873744647,0.9942757993480691,31.4,985.9599999999999,0.9995239228844999,1.6094379124341003,-2838.634662512345,4638.285689062471,3319.352364456312,89.97749209325389,135.0,44.0
2019-01-06,44.0,45.5,42.6,29.6,8.5,2.9,3.9,-104.65979212292312,31.4,121.4666666,4.0,36.841903765448265,10.047791936031345,19.44170424014148,0.10310169744743485,0.9942757993480691,31.4,985.9599999999999,0.9995239228844999,1.6094379124341003,-2838.634662512345,4638.285689062471,3319.352364456312,89.97749209325389,135.0,40.2
2019-01-07,44.2,46.4,43.0,28.1,5.1,4.1,5.8,-1.5366798908690011,31.4,121.4666666,4.0,37.051569165283524,10.0592495471358,19.515341573157976,0.1202080448993527,0.9942757993480691,31.4,985.9599999999999,0.9995239228844999,1.6094379124341003,-2838.634662512345,4638.285689062471,3319.352364456312,89.97749209325389,135.0,40.2
2019-01-08,42.9,44.8,41.9,32.5,6.1,6.3,11.7,61.11773921645185,31.4,121.4666666,4.0,36.00502009930714,10.071334293512486,19.593033513705,0.13727877211326478,0.9942757993480691,31.4,985.9599999999999,0.9995239228844999,1.6094379124341003,-2838.634662512345,4638.285689062471,3319.352364456312,89.97749209325389,135.0,33.5
2019-01-09,40.3,41.9,38.7,30.0,5.8,3.9,5.8,-37.71421164382733,31.4,121.4666666,4.0,33.86556294025062,10.084038592630458,19.674750756302018,0.15430882066428117,0.9942757993480691,31.4,985.9599999999999,0.9995239228844999,1.6094379124341003,-2838.634662512345,4638.285689062471,3319.352364456312,89.97749209325389,135.0,37.9
2019-01-10,43.4,44.1,38.7,25.9,4.7,4.1,5.8,71.52082588285805,31.4,121.4666666,4.0,36.51876563472638,10.097354553380566,19.76046225493954,0.1712931441814776,0.9942757993480691,31.4,985.9599999999999,0.9995239228844999,1.6094379124341003,-2838.634662512345,4638.285689062471,3319.352364456312,89.97749209325389,135.0,41.9
2019-01-11,45.0,46.6,42.8,22.5,2.3,3.6,5.8,37.577099136209554,31.4,121.4666666,4.0,37.91727747046379,10.111273992123676,19.850135216643256,0.1882267098432442,0.9942757993480691,31.4,985.9599999999999,0.9995239228844999,1.6094379124341003,-2838.634662512345,4638.285689062471,3319.352364456312,89.97749209325389,135.0,44.0
2019-01-12,42.0,43.7,40.1,26.1,2.3,4.1,7.8,32.708948327500444,31.4,121.4666666,4.0,35.4402595716945,10.12578844905557,19.94373509573209,0.2051044998686192,0.9942757993480691,31.4,985.9599999999999,0.9995239228844999,1.6094379124341003,-2838.634662512345,4638.285689062471,3319.352364456312,89.97749209325389,135.0,37.3
2019-01-13,40.5,45.0,34.2,27.3,1.8,3.6,5.8,-11.805064065550088,31.4,121.4666666,4.0,34.22550106628434,10.140889204824989,20.041225588887517,0.2219215130041655,0.9942757993480691,31.4,985.9599999999999,0.9995239228844999,1.6094379124341003,-2838.634662512345,4638.285689062471,3319.352364456312,89.97749209325389,135.0,35.2
2019-01-14,45.9,49.5,33.4,25.2,2.7,4.6,7.8,13.621497586036934,31.4,121.4666666,4.0,38.848869912332276,10.156567297341772,20.14256863115088,0.2386727660059501,0.9942757993480691,31.4,985.9599999999999,0.9995239228844999,1.6094379124341003,-2838.634662512345,4638.285689062471,3319.352364456312,89.97749209325389,135.0,39.8
2019-01-15,42.1,46.4,36.5,29.6,5.6,7.0,11.7,40.989170973429026,31.4,121.4666666,4.0,35.68962083165139,10.172813538712985,20.247724392965353,0.255353295116187,0.9942757993480691,31.4,985.9599999999999,0.9995239228844999,1.6094379124341003,-2838.634662512345,4638.285689062471,3319.352364456312,89.97749209325389,135.0,34.0
2019-01-16,36.5,40.5,29.3,29.5,8.3,4.4,7.8,12.193393981290253,31.4,121.4666666,4.0,30.99342303558208,10.189618532246163,20.356651278377573,0.2719581575341055,0.9942757993480691,31.4,985.9599999999999,0.9995239228844999,1.6094379124341003,-2838.634662512345,4638.285689062471,3319.352364456312,89.97749209325389,135.0,24.7
2019-01-17,36.4,47.3,27.9,29.2,2.1,2.2,3.9,47.957271446068056,31.4,121.4666666,4.0,30.961150491362705,10.206972689460233,20.46930592451206,0.288482432880609,0.9942757993480691,31.4,985.9599999999999,0.9995239228844999,1.6094379124341003,-2838.634662512345,4638.285689062471,3319.352364456312,89.97749209325389,135.0,27.7
2019-01-18,43.8,51.8,28.4,24.9,2.9,3.4,7.8,4.773530575476956,31.4,121.4666666,4.0,37.32076180171999,10.224866247046574,20.5856432024294,0.30492122465628907,0.9942757993480691,31.4,985.9599999999999,0.9995239228844999,1.6094379124341003,-2838.634662512345,4638.285689062471,3319.352364456312,89.97749209325389,135.0,33.4
2019-01-19,46.6,48.6,38.3,22.7,2.1,6.1,9.7,-37.80544398265461,31.4,121.4666666,4.0,39.77810671846429,10.243289283724708,20.70561621947558,0.3212696616923644,0.9942757993480691,31.4,985.9599999999999,0.9995239228844999,1.6094379124341003,-2838.634662512345,4638.285689062471,3319.352364456312,89.97749209325389,135.0,39.9
2019-01-20,41.0,46.4,36.7,29.8,9.1,7.0,9.7,-33.85298658920634,31.4,121.4666666,4.0,35.0626251012094,10.262231736939336,20.829176323226974,0.3375228995941133,0.9942757993480691,31.4,985.9599999999999,0.9995239228844999,1.6094379124341003,-2838.634662512345,4638.285689062471,3319.352364456312,89.97749209325389,135.0,29.2
2019-01-21,37.8,47.3,30.4,27.0,4.9,3.4,7.8,-158.27213144863225,31.4,121.4666666,4.0,32.387302770946185,10.281683419347996,20.956273107130723,0.3536761221763716,0.9942757993480691,31.4,985.9599999999999,0.9995239228844999,1.6094379124341003,-2838.634662512345,4638.285689062471,3319.352364456312,89.97749209325389,135.0,26.2
2019-01-22,39.4,51.1,28.9,24.0,3.3,4.1,7.8,-18.512041076230695,31.4,121.4666666,4.0,33.823698415084856,10.301634035051226,21.086854417936063,0.3697245428906731,0.9942757993480691,31.4,985.9599999999999,0.9995239228844999,1.6094379124341003,-2838.634662512345,4638.285689062471,3319.352364456312,89.97749209325389,135.0,24.5
2019-01-23,42.7,56.3,27.9,24.5,2.6,2.9,7.8,63.739693461009736,31.4,121.4666666,4.0,36.72937712072516,10.322073195519952,21.22086636500717,0.38566340624360707,0.9942757993480691,31.4,985.9599999999999,0.9995239228844999,1.6094379124341003,-2838.634662512345,4638.285689062471,3319.352364456312,89.97749209325389,135.0,28.1
2019-01-24,42.0,52.9,29.8,24.7,3.3,2.7,5.8,71.26544563725527,31.4,121.4666666,4.0,36.20046652312195,10.342990435177702,21.358253331602253,0.401487989205973,0.9942757993480691,31.4,985.9599999999999,0.9995239228844999,1.6094379124341003,-2838.634662512345,4638.285689062471,3319.352364456312,89.97749209325389,135.0,34.8
2019-01-25,43.6,51.8,32.9,29.7,11.1,6.6,9.7,-37.19852675891841,31.4,121.4666666,4.0,37.657229989973786,10.36437522659829,21.498957988198185,0.4171936026123168,0.9942757993480691,31.4,985.9599999999999,0.9995239228844999,1.6094379124341003,-2838.634662512345,4638.285689062471,3319.352364456312,89.97749209325389,135.0,32.8
2019-01-26,36.3,41.4,27.7,33.7,16.6,4.1,7.8,137.63186497562344,31.4,121.4666666,4.0,31.41830641073019,10.386216995282709,21.642921307933534,0.4327755925504312,0.9942757993480691,31.4,985.9599999999999,0.9995239228844999,1.6094379124341003,-2838.634662512345,4638.285689062471,3319.352364456312,89.97749209325389,135.0,24.6
2019-01-27,42.1,50.4,27.0,27.0,9.6,2.7,5.8,13.614367048295305,31.4,121.4666666,4.0,36.51650551172037,10.408505133982052,21.790082584236295,0.4482293417404106,0.9942757993480691,31.4,985.9599999999999,0.9995239228844999,1.6094379124341003,-2838.634662512345,4638.285689062471,3319.352364456312,89.97749209325389,135.0,31.7
2019-01-28,44.4,46.4,36.7,26.7,3.9,3.2,5.8,109.95026833420567,31.4,121.4666666,4.0,38.59554736118486,10.431229016536449,21.940379450695968,0.4635502709028509,0.9942757993480691,31.4,985.9599999999999,0.9995239228844999,1.6094379124341003,-2838.634662512345,4638.285689062471,3319.352364456312,89.97749209325389,135.0,35.7
2019-01-29,46.9,48.6,43.2,25.7,11.3,4.6,7.8,54.874587879577916,31.4,121.4666666,4.0,40.859194060452296,10.454378011203145,22.0937479032324,0.47873384011578846,0.9942757993480691,31.4,985.9599999999999,0.9995239228844999,1.6094379124341003,-2838.634662512345,4638.285689062471,3319.352364456312,89.97749209325389,135.0,39.9
2019-01-30,47.9,50.4,44.1,19.9,4.4,5.6,7.8,58.95723320249929,31.4,121.4666666,4.0,41.82444979468784,10.47794149344998,22.250122324606387,0.49377555015997715,0.9942757993480691,31.4,985.9599999999999,0.9995239228844999,1.6094379124341003,-2838.634662512345,4638.285689062471,3319.352364456312,89.97749209325389,135.0,46.0
2019-01-31,38.7,42.3,34.7,28.8,11.4,7.8,13.6,-68.88053996738012,31.4,121.4666666,4.0,33.86865606767405,10.501908858193504,22.409435511309844,0.5086709438521044,0.9942757993480691,31.4,985.9599999999999,0.9995239228844999,1.6094379124341003,-2838.634662512345,4638.285689062471,3319.352364456312,89.97749209325389,135.0,32.1
2019-02-01,35.4,39.6,30.2,26.7,2.4,3.6,5.8,-39.34744652444409,31.4,121.4666666,4.0,31.052495117819163,10.526269531464123,22.571618702865365,0.5234156073655503,0.9942757993480691,31.4,985.9599999999999,0.9995239228844999,1.6094379124341003,-2838.634662512345,4638.285689062471,3319.352364456312,89.97749209325389,135.0,29.7
2019-02-02,53.9,58.1,29.8,14.9,4.8,5.3,7.8,-149.41490780297124,31.4,121.4666666,4.0,47.39163330849654,10.55101298148346,22.7366016135574,0.5380051715382996,0.9942757993480691,31.4,985.9599999999999,0.9995239228844999,1.6094379124341003,-2838.634662512345,4638.285689062471,3319.352364456312,89.97749209325389,135.0,47.6
2019-02-03,45.1,51.3,40.5,22.6,1.7,5.1,7.8,57.96414502910122,31.4,121.4666666,4.0,39.74861714035877,10.576128729142022,22.90431246660923,0.5524353131676196,0.9942757993480691,31.4,985.9599999999999,0.9995239228844999,1.6094379124341003,-2838.634662512345,4638.285689062471,3319.352364456312,89.97749209325389,135.0,40.5
2019-02-04,46.3,50.9,39.7,25.0,8.4,3.4,5.8,-13.904155035248536,31.4,121.4666666,4.0,40.90453119744069,10.601606357867999,23.07467803081211,0.5667017562911176,0.9942757993480691,31.4,985.9599999999999,0.9995239228844999,1.6094379124341003,-2838.634662512345,4638.285689062471,3319.352364456312,89.97749209325389,135.0,36.1
2019-02-05,47.6,53.6,40.1,17.4,9.3,2.9,5.8,69.0912360105552,31.4,121.4666666,4.0,42.15549424075979,10.627435522880619,23.247623659604837,0.5808002734538009,0.9942757993480691,31.4,985.9599999999999,0.9995239228844999,1.6094379124341003,-2838.634662512345,4638.285689062471,3319.352364456312,89.97749209325389,135.0,41.4
2019-02-06,53.6,60.8,38.8,14.3,3.8,4.4,5.8,-14.783304676885374,31.4,121.4666666,4.0,47.58610662054709,10.653605959823976,23.423073332594146,0.5947266869607634,0.9942757993480691,31.4,985.9599999999999,0.9995239228844999,1.6094379124341003,-2838.634662512345,4638.285689062471,3319.352364456312,89.97749209325389,135.0,48.5
2019-02-07,40.2,46.8,32.9,25.2,5.9,8.5,13.6,90.79478391266922,31.4,121.4666666,4.0,35.77836010081183,10.68010749277965,23.60094969949809,0.6084768701151261,0.9942757993480691,31.4,985.9599999999999,0.9995239228844999,1.6094379124341003,-2838.634662512345,4638.285689062471,3319.352364456312,89.97749209325389,135.0,34.8
2019-02-08,37.0,39.6,32.7,26.0,14.3,4.9,7.8,-61.04985560600109,31.4,121.4666666,4.0,33.013034295114,10.706930041658595,23.78117412648706,0.6220467484408675,0.9942757993480691,31.4,985.9599999999999,0.9995239228844999,1.6094379124341003,-2838.634662512345,4638.285689062471,3319.352364456312,89.97749209325389,135.0,33.2
2019-02-09,37.7,39.2,33.8,30.9,14.1,6.6,9.7,-45.0768514405704,31.4,121.4666666,4.0,33.72284990102966,10.734063628974958,23.963666744888716,0.6354323008901774,0.9942757993480691,31.4,985.9599999999999,0.9995239228844999,1.6094379124341003,-2838.634662512345,4638.285689062471,3319.352364456312,89.97749209325389,135.0,30.4
2019-02-10,36.7,38.7,34.7,32.2,14.8,6.3,7.8,-10.558812702986515,31.4,121.4666666,4.0,32.912249230535984,10.761498386006314,24.148346502215887,0.6486295610349814,0.9942757993480691,31.4,985.9599999999999,0.9995239228844999,1.6094379124341003,-2838.634662512345,4638.285689062471,3319.352364456312,89.97749209325389,135.0,31.1
2019-02-11,37.7,39.6,33.6,33.5,9.9,3.6,3.9,-4.735272748634145,31.4,121.4666666,4.0,33.896147154139285,10.78922455834672,24.335131215468436,0.6616346182422783,0.9942757993480691,31.4,985.9599999999999,0.9995239228844999,1.6094379124341003,-2838.634662512345,4638.285689062471,3319.352364456312,89.97749209325389,135.0,27.4
2019-02-12,42.3,45.5,33.6,29.4,9.0,6.3,9.7,-6.874287199675514,31.4,121.4666666,4.0,38.13074460078339,10.817232510860537,24.523937626652852,0.6744436188329455,0.9942757993480691,31.4,985.9599999999999,0.9995239228844999,1.6094379124341003,-2838.634662512345,4638.285689062471,3319.352364456312,89.97749209325389,135.0,39.5
2019-02-13,42.4,46.6,37.6,30.6,6.2,7.3,9.7,71.35226741545816,31.4,121.4666666,4.0,38.320811653231125,10.845512732046545,24.71468146045597,0.6870527672236669,0.9942757993480691,31.4,985.9599999999999,0.9995239228844999,1.6094379124341003,-2838.634662512345,4638.285689062471,3319.352364456312,89.97749209325389,135.0,38.0
2019-02-14,43.0,45.0,37.4,27.5,6.3,6.3,11.7,-67.31300962257839,31.4,121.4666666,4.0,38.965366752199884,10.874055837823224,24.907277484001956,0.699458327051647,0.9942757993480691,31.4,985.9599999999999,0.9995239228844999,1.6094379124341003,-2838.634662512345,4638.285689062471,3319.352364456312,89.97749209325389,135.0,39.3
2019-02-15,41.1,42.8,39.4,26.3,4.9,5.6,7.8,-8.60080604731625,31.4,121.4666666,4.0,37.34227006850939,10.902852574747268,25.10163956861502,0.7116566222817746,0.9942757993480691,31.4,985.9599999999999,0.9995239228844999,1.6094379124341003,-2838.634662512345,4638.285689062471,3319.352364456312,89.97749209325389,135.0,38.6
2019-02-16,38.2,39.6,37.4,28.9,12.4,4.9,7.8,85.83266402483625,31.4,121.4666666,4.0,34.799862002193315,10.931893822678527,25.29768075350346,0.7236440382959124,0.9942757993480691,31.4,985.9599999999999,0.9995239228844999,1.6094379124341003,-2838.634662512345,4638.285689062471,3319.352364456312,89.97749209325389,135.0,27.4
2019-02-17,40.7,43.2,37.0,27.6,12.0,4.4,5.8,-90.06526074773019,31.4,121.4666666,4.0,37.17663694117115,10.961170596905498,25.495313311274202,0.7354170229639855,0.9942757993480691,31.4,985.9599999999999,0.9995239228844999,1.6094379124341003,-2838.634662512345,4638.285689062471,3319.352364456312,89.97749209325389,135.0,30.9
2019-02-18,44.1,45.7,39.2,19.4,5.3,4.6,7.8,126.70350818450507,31.4,121.4666666,4.0,40.39072713281784,10.99067404974635,25.694448815180913,0.7469720876965552,0.9942757993480691,31.4,985.9599999999999,0.9995239228844999,1.6094379124341003,-2838.634662512345,4638.285689062471,3319.352364456312,89.97749209325389,135.0,42.7
2019-02-19,42.4,45.5,39.4,23.4,5.0,5.6,9.7,174.1370554196645,31.4,121.4666666,4.0,38.938730666465254,11.02039547164111,25.894998208002857,0.7583058084785624,0.9942757993480691,31.4,985.9599999999999,0.9995239228844999,1.6094379124341003,-2838.634662512345,4638.285689062471,3319.352364456312,89.97749209325389,135.0,37.7
2019-02-20,42.6,43.7,39.4,26.6,1.7,4.6,7.8,-76.57880636523747,31.4,121.4666666,4.0,39.22865833571724,11.050326291751334,26.096871872445863,0.7694148268839378,0.9942757993480691,31.4,985.9599999999999,0.9995239228844999,1.6094379124341003,-2838.634662512345,4638.285689062471,3319.352364456312,89.97749209325389,135.0,40.3
2019-02-21,43.3,45.5,41.9,25.0,3.2,4.9,5.8,-23.119843762788438,31.4,121.4666666,4.0,39.981986231752884,11.080458078083941,26.299979702951852,0.7802958510707755,0.9942757993480691,31.4,985.9599999999999,0.9995239228844999,1.6094379124341003,-2838.634662512345,4638.285689062471,3319.352364456312,89.97749209325389,135.0,38.8
2019-02-22,39.9,41.0,38.5,25.3,3.4,5.6,7.8,-4.663108034972705,31.4,121.4666666,4.0,36.94335193604507,11.110782537156412,26.504231178797994,0.7909456567567772,0.9942757993480691,31.4,985.9599999999999,0.9995239228844999,1.6094379124341003,-2838.634662512345,4638.285689062471,3319.352364456312,89.97749209325389,135.0,36.5
2019-02-23,42.0,47.7,33.1,24.7,1.6,2.7,3.9,64.1625075783738,31.4,121.4666666,4.0,38.99452029627247,11.141291513220706,26.709535438362245,0.8013610881746766,0.9942757993480691,31.4,985.9599999999999,0.9995239228844999,1.6094379124341003,-2838.634662512345,4638.285689062471,3319.352364456312,89.97749209325389,135.0,33.6
2019-02-24,45.3,53.1,31.6,22.7,2.9,2.2,5.8,30.17147982244647,31.4,121.4666666,4.0,42.17421312616499,11.171976987063575,26.915801354427476,0.8115390590073611,0.9942757993480691,31.4,985.9599999999999,0.9995239228844999,1.6094379124341003,-2838.634662512345,4638.285689062471,3319.352364456312,89.97749209325389,135.0,34.2
2019-02-25,44.8,50.9,37.0,24.0,2.9,4.1,5.8,40.38652099662559,31.4,121.4666666,4.0,41.823902677763535,11.202831074400947,27.122937610392665,0.8214765533024142,0.9942757993480691,31.4,985.9599999999999,0.9995239228844999,1.6094379124341003,-2838.634662512345,4638.285689062471,3319.352364456312,89.97749209325389,135.0,39.0
2019-02-26,47.5,52.0,41.9,22.4,13.0,6.6,9.7,69.29460323184611,31.4,121.4666666,4.0,44.46730717787503,11.233846023884217,27.330852777255874,0.8311706263658079,0.9942757993480691,31.4,985.9599999999999,0.9995239228844999,1.6094379124341003,-2838.634662512345,4638.285689062471,3319.352364456312,89.97749209325389,135.0,40.0
2019-02-27,47.1,49.1,45.7,19.8,6.4,5.1,5.8,-67.41554241391232,31.4,121.4666666,4.0,44.215180792839405,11.265014214736155,27.539455391230735,0.8406184056344782,0.9942757993480691,31.4,985.9599999999999,0.9995239228844999,1.6094379124341003,-2838.634662512345,4638.285689062471,3319.352364456312,89.97749209325389,135.0,42.8
2019-02-28,46.1,51.1,38.7,22.1,6.7,3.9,7.8,84.21576651858916,31.4,121.4666666,4.0,43.396727325081244,11.296328154034162,27.748654031855143,0.8498170915275278,0.9942757993480691,31.4,985.9599999999999,0.9995239228844999,1.6094379124341003,-2838.634662512345,4638.285689062471,3319.352364456312,89.97749209325389,135.0,38.1
2019-03-01,47.9,50.9,38.5,21.5,2.2,5.6,7.8,55.07833396464187,31.4,121.4666666,4.0,45.21672372401954,11.32778047365834,27.95835740044851,0.8587639582758029,0.9942757993480691,31.4,985.9599999999999,0.9995239228844999,1.6094379124341003,-2838.634662512345,4638.285689062471,3319.352364456312,89.97749209325389,135.0,40.4
2019-03-02,44.3,46.8,42.1,15.9,1.9,2.9,5.8,27.69356853028715,31.4,121.4666666,4.0,41.934985163553,11.359363926921807,28.168474398772098,0.8674563547295969,0.9942757993480691,31.4,985.9599999999999,0.9995239228844999,1.6094379124341003,-2838.634662512345,4638.285689062471,3319.352364456312,89.97749209325389,135.0,40.9
2019-03-03,46.6,51.3,41.9,14.9,2.5,5.1,7.8,103.192632554597,31.4,121.4666666,4.0,44.23532721136303,11.39107138490035,28.37891420774491,0.8758917051442429,0.9942757993480691,31.4,985.9599999999999,0.9995239228844999,1.6094379124341003,-2838.634662512345,4638.285689062471,3319.352364456312,89.97749209325389,135.0,39.2
2019-03-04,48.9,55.8,44.1,19.6,1.9,4.9,7.8,54.71868483164664,31.4,121.4666666,4.0,46.548300517349034,11.422895832478291,28.589586366066776,0.8840675099433636,0.9942757993480691,31.4,985.9599999999999,0.9995239228844999,1.6094379124341003,-2838.634662512345,4638.285689062471,3319.352364456312,89.97749209325389,135.0,37.7
2019-03-05,49.4,51.8,43.2,17.2,1.1,5.3,7.8,-40.57322336699826,31.4,121.4666666,4.0,47.155718332323616,11.454830364127194,28.800400848599267,0.8919813464595485,0.9942757993480691,31.4,985.9599999999999,0.9995239228844999,1.6094379124341003,-2838.634662512345,4638.285689062471,3319.352364456312,89.97749209325389,135.0,46.6
2019-03-06,50.8,55.8,45.0,20.8,1.7,6.1,7.8,6.072054638422824,31.4,121.4666666,4.0,48.6277419596025,11.486868179433664,29.011268144354695,0.8996308696522433,0.9942757993480691,31.4,985.9599999999999,0.9995239228844999,1.6094379124341003,-2838.634662512345,4638.285689062471,3319.352364456312,89.97749209325389,135.0,42.9
2019-03-07,44.0,52.2,34.7,26.4,13.2,6.1,9.7,19.538358517747508,31.4,121.4666666,4.0,42.23634278743823,11.519002578392245,29.22209933394347,0.9070138128026359,0.9942757993480691,31.4,985.9599999999999,0.9995239228844999,1.6094379124341003,-2838.634662512345,4638.285689062471,3319.352364456312,89.97749209325389,135.0,31.3
2019-03-08,48.9,53.1,33.4,22.7,8.7,5.3,9.7,-92.01089611464923,31.4,121.4666666,4.0,47.07124984765185,11.551226956478983,29.432806166330515,0.9141279881853337,0.9942757993480691,31.4,985.9599999999999,0.9995239228844999,1.6094379124341003,-2838.634662512345,4638.285689062471,3319.352364456312,89.97749209325389,135.0,40.2
2019-03-09,49.9,51.8,47.3,14.8,1.6,4.1,7.8,135.00354796952385,31.4,121.4666666,4.0,48.168198874674935,11.583534799521027,29.643301134752257,0.9209712877166346,0.9942757993480691,31.4,985.9599999999999,0.9995239228844999,1.6094379124341003,-2838.634662512345,4638.285689062471,3319.352364456312,89.97749209325389,135.0,48.5
2019-03-10,47.3,51.8,39.6,16.0,2.6,5.1,9.7,-58.773502703986686,31.4,121.4666666,4.0,45.786083398936505,11.615919678377127,29.85349755164685,0.9275416835791966,0.9942757993480691,31.4,985.9599999999999,0.9995239228844999,1.6094379124341003,-2838.634662512345,4638.285689062471,3319.352364456312,89.97749209325389,135.0,44.8
2019-03-11,52.6,64.4,38.8,15.4,2.7,5.6,15.5,64.46728404964233,31.4,121.4666666,4.0,51.0587114837616,11.64837524344371,30.063309622452174,0.9338372288229252,0.9942757993480691,31.4,985.9599999999999,0.9995239228844999,1.6094379124341003,-2838.634662512345,4638.285689062471,3319.352364456312,89.97749209325389,135.0,40.0
2019-03-12,52.9,69.4,39.0,19.4,7.4,7.3,13.6,28.387530395414412,31.4,121.4666666,4.0,51.49327975709489,11.680895219000732,30.272652518127902,0.9398560579418954,0.9942757993480691,31.4,985.9599999999999,0.9995239228844999,1.6094379124341003,-2838.634662512345,4638.285689062471,3319.352364456312,89.97749209325389,135.0,34.7
2019-03-13,52.1,58.5,36.9,25.1,11.1,5.0,9.7,-116.47585207153664,31.4,121.4666666,4.0,50.85599700042744,11.713473397411311,30.48144244626051,0.9455963874271426,0.9942757993480691,31.4,985.9599999999999,0.9995239228844999,1.6094379124341003,-2838.634662512345,4638.285689062471,3319.352364456312,89.97749209325389,135.0,35.9
2019-03-14,48.7,52.0,45.5,24.4,7.7,5.3,7.8,117.86371793139658,31.4,121.4666666,4.0,47.66960391135754,11.746103633188715,30.689596720612915,0.9510565162951535,0.9942757993480691,31.4,985.9599999999999,0.9995239228844999,1.6094379124341003,-2838.634662512345,4638.285689062471,3319.352364456312,89.97749209325389,135.0,43.2
2019-03-15,53.3,66.6,37.8,23.7,8.2,4.6,9.7,92.76873915318461,31.4,121.4666666,4.0,52.317413775759945,11.778779836944079,30.897033828983673,0.9562348265919056,0.9942757993480691,31.4,985.9599999999999,0.9995239228844999,1.6094379124341003,-2838.634662512345,4638.285689062471,3319.352364456312,89.97749209325389,135.0,35.8
2019-03-16,56.5,68.0,37.0,22.0,6.2,3.6,5.8,17.995918483156412,31.4,121.4666666,4.0,55.61246018844794,11.811495969227881,31.103673499244085,0.9611297838723007,0.9942757993480691,31.4,985.9599999999999,0.9995239228844999,1.6094379124341003,-2838.634662512345,4638.285689062471,3319.352364456312,89.97749209325389,135.0,35.7
2019-03-17,57.5,68.0,41.4,22.0,2.3,4.9,7.8,-34.21534777024933,31.4,121.4666666,4.0,56.75367891424871,11.844246034277992,31.309436763425598,0.9657399376548549,0.9942757993480691,31.4,985.9599999999999,0.9995239228844999,1.6094379124341003,-2838.634662512345,4638.285689062471,3319.352364456312,89.97749209325389,135.0,47.2
2019-03-18,50.6,54.9,41.9,17.9,7.6,2.7,5.8,-67.86546759685802,31.4,121.4666666,4.0,50.08145151071294,11.877024073686863,31.51424601973429,0.9700639218515071,0.9942757993480691,31.4,985.9599999999999,0.9995239228844999,1.6094379124341003,-2838.634662512345,4638.285689062471,3319.352364456312,89.97749209325389,135.0,45.4
2019-03-19,59.5,69.1,41.0,14.8,10.4,8.7,13.6,2.0689375008047293,31.4,121.4666666,4.0,59.05287812666767,11.909824160000202,31.718025092373587,0.9741004551724205,0.9942757993480691,31.4,985.9599999999999,0.9995239228844999,1.6094379124341003,-2838.634662512345,4638.285689062471,3319.352364456312,89.97749209325389,135.0,42.8
2019-03-20,66.2,76.5,55.0,5.8,4.6,6.6,11.7,-21.884960680433228,31.4,121.4666666,4.0,65.88356615293064,11.94264039025933,31.92069928906145,0.9778483415056568,0.9942757993480691,31.4,985.9599999999999,0.9995239228844999,1.6094379124341003,-2838.634662512345,4638.285689062471,3319.352364456312,89.97749209325389,135.0,58.6
2019-03-21,52.3,62.6,45.9,17.8,6.5,5.8,9.7,22.448350353178647,31.4,121.4666666,4.0,52.19307648315095,11.975466879499264,32.12219545613371,0.9813064702716093,0.9942757993480691,31.4,985.9599999999999,0.9995239228844999,1.6094379124341003,-2838.634662512345,4638.285689062471,3319.352364456312,89.97749209325389,135.0,44.9
2019-03-22,47.7,51.1,45.7,24.5,17.6,4.6,7.8,144.59898439377685,31.4,121.4666666,4.0,47.73298357300231,12.008297754214416,32.32244203113032,0.9844738167520922,0.9942757993480691,31.4,985.9599999999999,0.9995239228844999,1.6094379124341003,-2838.634662512345,4638.285689062471,3319.352364456312,89.97749209325389,135.0,34.3
2019-03-23,50.4,58.5,39.4,26.5,11.1,3.4,5.8,27.050315344502884,31.4,121.4666666,4.0,50.572734012375754,12.041127145803753,32.52136909276768,0.9873494423939864,0.9942757993480691,31.4,985.9599999999999,0.9995239228844999,1.6094379124341003,-2838.634662512345,4638.285689062471,3319.352364456312,89.97749209325389,135.0,33.4
2019-03-24,52.9,59.0,38.5,20.9,7.9,5.6,7.8,102.48221232727367,31.4,121.4666666,4.0,53.225992652831586,12.073949184007166,32.718908408205834,0.989932495087353,0.9942757993480691,31.4,985.9599999999999,0.9995239228844999,1.6094379124341003,-2838.634662512345,4638.285689062471,3319.352364456312,89.97749209325389,135.0,38.3
2019-03-25,51.4,58.5,43.2,19.0,3.2,2.4,3.9,38.2910906522451,31.4,121.4666666,4.0,51.85728005864368,12.106757990344828,32.914993477526025,0.9922222094179323,0.9942757993480691,31.4,985.9599999999999,0.9995239228844999,1.6094379124341003,-2838.634662512345,4638.285689062471,3319.352364456312,89.97749209325389,135.0,44.8
2019-03-26,60.4,70.2,42.1,19.3,6.3,4.6,9.7,15.010573845779785,31.4,121.4666666,4.0,61.10238994690862,12.13954767157125,33.10955957534033,0.994217906893952,0.9942757993480691,31.4,985.9599999999999,0.9995239228844999,1.6094379124341003,-2838.634662512345,4638.285689062471,3319.352364456312,89.97749209325389,135.0,45.1
2019-03-27,62.2,70.7,51.3,12.9,3.9,3.2,7.8,90.30478750398913,31.4,121.4666666,4.0,63.09315215652465,12.17231231315588,33.302543789462305,0.995918996147179,0.9942757993480691,31.4,985.9599999999999,0.9995239228844999,1.6094379124341003,-2838.634662512345,4638.285689062471,3319.352364456312,89.97749209325389,135.0,54.5
2019-03-28,56.3,59.9,52.7,13.2,2.2,4.4,7.8,12.525220127723049,31.4,121.4666666,4.0,57.262007355729615,12.20504597280205,33.49388505657412,0.9973249731081555,0.9942757993480691,31.4,985.9599999999999,0.9995239228844999,1.6094379124341003,-2838.634662512345,4638.285689062471,3319.352364456312,89.97749209325389,135.0,53.3
2019-03-29,59.1,66.2,50.4,13.9,6.4,3.6,5.8,92.20426410782251,31.4,121.4666666,4.0,60.27088266953033,12.237742674016312,33.68352419483306,0.9984354211555643,0.9942757993480691,31.4,985.9599999999999,0.9995239228844999,1.6094379124341003,-2838.634662512345,4638.285689062471,3319.352364456312,89.97749209325389,135.0,51.2
2019-03-30,54.0,63.9,48.2,21.3,10.9,5.1,7.8,-19.962687705133426,31.4,121.4666666,4.0,55.21678379883084,12.270396399740187,33.8714039333673,0.9992500112396835,0.9942757993480691,31.4,985.9599999999999,0.9995239228844999,1.6094379124341003,-2838.634662512345,4638.285689062471,3319.352364456312,89.97749209325389,135.0,40.1
2019-03-31,49.5,56.5,39.4,26.8,16.5,3.6,5.8,-65.06940275177425,31.4,121.4666666,4.0,50.74987947998387,12.303001086056696,34.0574689386189,0.9997685019798909,0.9942757993480691,31.4,985.9599999999999,0.9995239228844999,1.6094379124341003,-2838.634662512345,4638.285689062471,3319.352364456312,89.97749209325389,135.0,28.9
2019-04-01,55.9,64.8,38.7,24.2,11.3,4.6,7.8,90.35217125620396,31.4,121.4666666,4.0,57.46310661945891,12.335550615984024,34.241665837498395,0.9999907397361901,0.9942757993480691,31.4,985.9599999999999,0.9995239228844999,1.6094379124341003,-2838.634662512345,4638.285689062471,3319.352364456312,89.97749209325389,135.0,31.8
2019-04-02,57.9,64.8,44.8,21.9,9.2,3.6,7.8,31.69820594975249,31.4,121.4666666,4.0,59.675787274505915,12.368038813369102,34.42394323732408,0.9999166586547379,0.9942757993480691,31.4,985.9599999999999,0.9995239228844999,1.6094379124341003,-2838.634662512345,4638.285689062471,3319.352364456312,89.97749209325389,135.0,42.5
2019-04-03,57.3,63.5,50.5,23.8,5.6,5.1,7.8,102.83722394281524,31.4,121.4666666,4.0,59.21219381116863,12.400459436893955,34.604251742525896,0.9995462806873573,0.9942757993480691,31.4,985.9599999999999,0.9995239228844999,1.6094379124341003,-2838.634662512345,4638.285689062471,3319.352364456312,89.97749209325389,135.0,50.7
2019-04-04,57.1,61.2,50.5,17.5,4.5,4.6,7.8,124.26182004888007,31.4,121.4666666,4.0,59.1594360456067,12.432806174208062,34.782543968102075,0.9988797155850336,0.9942757993480691,31.4,985.9599999999999,0.9995239228844999,1.6094379124341003,-2838.634662512345,4638.285689062471,3319.352364456312,89.97749209325389,135.0,49.9
2019-04-05,63.0,73.8,52.0,12.9,2.9,2.9,5.8,-97.78701447016466,31.4,121.4666666,4.0,65.44163134005089,12.465072636200171,34.958774549823914,0.9979171608653922,0.9942757993480691,31.4,985.9599999999999,0.9995239228844999,1.6094379124341003,-2838.634662512345,4638.285689062471,3319.352364456312,89.97749209325389,135.0,49.0
2019-04-06,67.8,79.0,52.0,9.5,5.7,5.8,9.7,20.582216579340365,31.4,121.4666666,4.0,70.60947578554207,12.497252351423375,35.13290015119217,0.9966589017541702,0.9942757993480691,31.4,985.9599999999999,0.9995239228844999,1.6094379124341003,-2838.634662512345,4638.285689062471,3319.352364456312,89.97749209325389,135.0,53.7
2019-04-07,69.3,86.0,55.8,10.0,3.8,5.6,9.7,-0.7566747572140464,31.4,121.4666666,4.0,72.35693134297065,12.52933876068756,35.30487946715581,0.9951053111006976,0.9942757993480691,31.4,985.9599999999999,0.9995239228844999,1.6094379124341003,-2838.634662512345,4638.285689062471,3319.352364456312,89.97749209325389,135.0,55.6
2019-04-08,66.5,73.6,58.3,10.1,1.8,7.3,11.7,46.54711353896666,31.4,121.4666666,4.0,69.61067721557812,12.561325211833644,35.4746732246119,0.9932568492674143,0.9942757993480691,31.4,985.9599999999999,0.9995239228844999,1.6094379124341003,-2838.634662512345,4638.285689062471,3319.352364456312,89.97749209325389,135.0,61.3
2019-04-09,62.7,80.8,50.0,7.2,7.2,9.2,11.7,83.07942903872515,31.4,121.4666666,4.0,65.79949588833033,12.593204954704369,35.64224417971223,0.9911140639934547,0.9942757993480691,31.4,985.9599999999999,0.9995239228844999,1.6094379124341003,-2838.634662512345,4638.285689062471,3319.352364456312,89.97749209325389,135.0,57.1
2019-04-10,51.6,53.6,50.0,17.4,12.7,5.3,11.7,-17.69001327524353,31.4,121.4666666,4.0,54.28737588620536,12.624971136326828,35.80755711201057,0.9886775902323405,0.9942757993480691,31.4,985.9599999999999,0.9995239228844999,1.6094379124341003,-2838.634662512345,4638.285689062471,3319.352364456312,89.97749209325389,135.0,43.3
2019-04-11,49.8,56.3,42.1,17.7,9.0,2.7,7.8,26.333056329695037,31.4,121.4666666,4.0,52.52495970473675,12.65661679632211,35.97057881549082,0.9859481499638304,0.9942757993480691,31.4,985.9599999999999,0.9995239228844999,1.6094379124341003,-2838.634662512345,4638.285689062471,3319.352364456312,89.97749209325389,135.0,40.9
2019-04-12,56.8,66.2,41.4,19.6,8.2,4.9,9.7,57.925181206526986,31.4,121.4666666,4.0,60.057171682774104,12.68813486255791,36.13127808652416,0.9829265519799822,0.9942757993480691,31.4,985.9599999999999,0.9995239228844999,1.6094379124341003,-2838.634662512345,4638.285689062471,3319.352364456312,89.97749209325389,135.0,41.0
2019-04-13,60.0,66.2,49.1,16.8,9.9,4.9,9.7,-57.3523456934233,31.4,121.4666666,4.0,63.597590735301125,12.719518147060224,36.289625708809766,0.9796136916454901,0.9942757993480691,31.4,985.9599999999999,0.9995239228844999,1.6094379124341003,-2838.634662512345,4638.285689062471,3319.352364456312,89.97749209325389,135.0,51.3
2019-04-14,56.6,65.7,42.8,20.3,4.0,4.4,7.8,79.3300475888518,31.4,121.4666666,4.0,60.14108156404612,12.75075934220059,36.4455944353607,0.9760105506323683,0.9942757993480691,31.4,985.9599999999999,0.9995239228844999,1.6094379124341003,-2838.634662512345,4638.285689062471,3319.352364456312,89.97749209325389,135.0,48.3
2019-04-15,60.2,67.5,41.7,18.9,15.0,6.1,9.7,38.10706608170088,31.4,121.4666666,4.0,64.12228593616409,12.781851017175564,36.59915896760298,0.9721181966290613,0.9942757993480691,31.4,985.9599999999999,0.9995239228844999,1.6094379124341003,-2838.634662512345,4638.285689062471,3319.352364456312,89.97749209325389,135.0,37.4
2019-04-16,59.5,67.1,51.3,13.3,10.2,4.6,7.8,131.57736986065254,31.4,121.4666666,4.0,63.53006200669443,12.812785614795516,36.75029593166227,0.9679377830240642,0.9942757993480691,31.4,985.9599999999999,0.9995239228844999,1.6094379124341003,-2838.634662512345,4638.285689062471,3319.352364456312,89.97749209325389,135.0,47.3
2019-04-17,64.3,71.1,50.9,11.0,5.3,5.1,7.8,-11.631970247741709,31.4,121.4666666,4.0,68.82005127874802,12.843555448599943,36.898983851918516,0.9634705485641488,0.9942757993480691,31.4,985.9599999999999,0.9995239228844999,1.6094379124341003,-2838.634662512345,4638.285689062471,3319.352364456312,89.97749209325389,135.0,55.0
2019-04-18,71.5,82.6,59.4,9.7,5.1,4.4,7.8,-68.48834893967796,31.4,121.4666666,4.0,76.70849317272085,12.874152700316785,37.045203121914895,0.9587178169872964,0.9942757993480691,31.4,985.9599999999999,0.9995239228844999,1.6094379124341003,-2838.634662512345,4638.285689062471,3319.352364456312,89.97749209325389,135.0,59.2
2019-04-19,66.2,70.9,62.2,11.5,3.8,5.1,9.7,21.589513987060368,31.4,121.4666666,4.0,71.19020795421969,12.904569417683327,37.188935972712585,0.9536809966304457,0.9942757993480691,31.4,985.9599999999999,0.9995239228844999,1.6094379124341003,-2838.634662512345,4638.285689062471,3319.352364456312,89.97749209325389,135.0,62.8
2019-04-20,69.6,77.0,64.4,9.8,9.2,6.8,9.7,-73.78440787711477,31.4,121.4666666,4.0,75.02182557334939,12.93479751264645,37.33016643878857,0.9483615800121715,0.9942757993480691,31.4,985.9599999999999,0.9995239228844999,1.6094379124341003,-2838.634662512345,4638.285689062471,3319.352364456312,89.97749209325389,135.0,63.5
2019-04-21,66.1,69.8,63.9,9.5,2.5,5.3,7.8,148.5510194247861,31.4,121.4666666,4.0,71.41459841944624,12.964828759959984,37.46888032157798,0.9427611433904207,0.9942757993480691,31.4,985.9599999999999,0.9995239228844999,1.6094379124341003,-2838.634662512345,4638.285689062471,3319.352364456312,89.97749209325389,135.0,64.2
2019-04-22,65.1,66.6,63.7,9.6,1.7,4.6,7.8,-105.36643962289905,31.4,121.4666666,4.0,70.49600226936835,12.99465479619693,37.6050651507675,0.9368813462954315,0.9942757993480691,31.4,985.9599999999999,0.9995239228844999,1.6094379124341003,-2838.634662512345,4638.285689062471,3319.352364456312,89.97749209325389,135.0,64.3
2019-04-23,70.9,75.4,63.5,7.6,1.6,3.6,9.7,67.09492107882087,31.4,121.4666666,4.0,76.95171156257263,13.024267119194239,37.73871014345034,0.9307239310379795,0.9942757993480691,31.4,985.9599999999999,0.9995239228844999,1.6094379124341003,-2838.634662512345,4638.285689062471,3319.352364456312,89.97749209325389,135.0,66.8
2019-04-24,66.9,73.8,61.7,8.3,5.1,3.6,7.8,21.67936107799071,31.4,121.4666666,4.0,72.77413826530837,13.053657087947688,37.86980616125699,0.9242907221930933,0.9942757993480691,31.4,985.9599999999999,0.9995239228844999,1.6094379124341003,-2838.634662512345,4638.285689062471,3319.352364456312,89.97749209325389,135.0,63.0
2019-04-25,64.2,73.4,56.7,11.2,4.9,3.9,5.8,-8.463891652952668,31.4,121.4666666,4.0,69.99306518791155,13.08281592297412,37.99834566557981,0.9175836260593937,0.9942757993480691,31.4,985.9599999999999,0.9995239228844999,1.6094379124341003,-2838.634662512345,4638.285689062471,3319.352364456312,89.97749209325389,135.0,58.2
2019-04-26,54.3,58.5,51.1,19.5,14.4,4.4,9.7,-85.2081217462944,31.4,121.4666666,4.0,59.33059954988995,13.111734707158002,38.12432267101215,0.9106046300942162,0.9942757993480691,31.4,985.9599999999999,0.9995239228844999,1.6094379124341003,-2838.634662512345,4638.285689062471,3319.352364456312,89.97749209325389,135.0,44.3
2019-04-27,59.7,63.5,50.9,18.0,15.6,7.3,9.7,42.143304897665715,31.4,121.4666666,4.0,65.37351182581664,13.14040438709882,38.24773269712563,0.9033558023246845,0.9942757993480691,31.4,985.9599999999999,0.9995239228844999,1.6094379124341003,-2838.634662512345,4638.285689062471,3319.352364456312,89.97749209325389,135.0,48.0
2019-04-28,61.9,64.4,57.7,13.9,3.1,2.4,3.9,26.038215012806567,31.4,121.4666666,4.0,67.92914137258093,13.1688157749753,38.3685727187115,0.895839290734909,0.9942757993480691,31.4,985.9599999999999,0.9995239228844999,1.6094379124341003,-2838.634662512345,4638.285689062471,3319.352364456312,89.97749209325389,135.0,59.2
2019-04-29,60.0,63.7,57.4,10.6,8.9,3.2,5.8,-26.280677905761863,31.4,121.4666666,4.0,65.98479775470875,13.19695955094175,38.48684111461374,0.8880573226294932,0.9942757993480691,31.4,985.9599999999999,0.9995239228844999,1.6094379124341003,-2838.634662512345,4638.285689062471,3319.352364456312,89.97749209325389,135.0,57.8
2019-04-30,58.2,61.2,57.0,11.0,4.9,2.7,5.8,107.47297114251984,31.4,121.4666666,4.0,64.14040739044493,13.224826266071119,38.602537615283076,0.8800122039735357,0.9942757993480691,31.4,985.9599999999999,0.9995239228844999,1.6094379124341003,-2838.634662512345,4638.285689062471,3319.352364456312,89.97749209325389,135.0,54.3
2019-05-01,61.0,70.7,49.5,14.0,6.2,3.9,7.8,-18.52736214451388,31.4,121.4666666,4.0,67.3663989247803,13.25240634585842,38.71566324918226,0.8717063187093218,0.9942757993480691,31.4,985.9599999999999,0.9995239228844999,1.6094379124341003,-2838.634662512345,4638.285689062471,3319.352364456312,89.97749209325389,135.0,50.5
2019-05-02,61.7,74.7,47.7,17.7,10.7,2.4,5.8,4.974461546963644,31.4,121.4666666,4.0,68.27973990151119,13.27969009429715,38.82622028817354,0.8631421280499114,0.9942757993480691,31.4,985.9599999999999,0.9995239228844999,1.6094379124341003,-2838.634662512345,4638.285689062471,3319.352364456312,89.97749209325389,135.0,43.5
2019-05-03,65.2,79.0,47.3,19.2,12.4,2.7,7.8,23.86872591679742,31.4,121.4666666,4.0,72.29956116206854,13.306667698540224,38.93421219201917,0.854322169749827,0.9942757993480691,31.4,985.9599999999999,0.9995239228844999,1.6094379124341003,-2838.634662512345,4638.285689062471,3319.352364456312,89.97749209325389,135.0,42.3
2019-05-04,68.9,81.7,52.2,16.4,9.6,4.4,7.8,-71.94379667920893,31.4,121.4666666,4.0,76.55553201944342,13.3333292341556,39.03964355212641,0.8452490573530633,0.9942757993480691,31.4,985.9599999999999,0.9995239228844999,1.6094379124341003,-2838.634662512345,4638.285689062471,3319.352364456312,89.97749209325389,135.0,46.2
2019-05-05,67.2,73.4,57.4,15.5,8.4,5.1,7.8,121.2052644328767,31.4,121.4666666,4.0,74.81412215751797,13.359664670985351,39.14252003466685,0.8359254794186372,0.9942757993480691,31.4,985.9599999999999,0.9995239228844999,1.6094379124341003,-2838.634662512345,4638.285689062471,3319.352364456312,89.97749209325389,135.0,57.0
2019-05-06,58.5,63.9,50.9,20.3,16.9,5.8,11.7,0.43487020331921755,31.4,121.4666666,4.0,65.2551114131249,13.385663879615363,39.24284832319981,0.8263541987239096,0.9942757993480691,31.4,985.9599999999999,0.9995239228844999,1.6094379124341003,-2838.634662512345,4638.285689062471,3319.352364456312,89.97749209325389,135.0,40.3
2019-05-07,62.4,67.1,49.5,17.9,18.6,5.3,9.7,-78.39593309553385,31.4,121.4666666,4.0,69.73884651999788,13.41131663846113,39.3406360609275,0.8165380514459161,0.9942757993480691,31.4,985.9599999999999,0.9995239228844999,1.6094379124341003,-2838.634662512345,4638.285689062471,3319.352364456312,89.97749209325389,135.0,35.3
2019-05-08,62.1,69.1,52.9,11.7,12.7,3.6,5.8,-6.000718821342089,31.4,121.4666666,4.0,69.53447041962386,13.43661264147321,39.43589179270846,0.8064799463209448,0.9942757993480691,31.4,985.9599999999999,0.9995239228844999,1.6094379124341003,-2838.634662512345,4638.285689062471,3319.352364456312,89.97749209325389,135.0,51.1
2019-05-09,67.9,76.1,52.7,11.1,7.7,3.6,7.8,33.98996551737532,31.4,121.4666666,4.0,76.16988902407509,13.461541506463934,39.52862490695295,0.7961828637826158,0.9942757993480691,31.4,985.9599999999999,0.9995239228844999,1.6094379124341003,-2838.634662512345,4638.285689062471,3319.352364456312,89.97749209325389,135.0,53.6
2019-05-10,67.6,74.7,58.1,12.5,9.3,4.9,9.7,22.281976896889375,31.4,121.4666666,4.0,75.97165601684164,13.48609278405473,39.61884557752219,0.7856498550787147,0.9942757993480691,31.4,985.9599999999999,0.9995239228844999,1.6094379124341003,-2838.634662512345,4638.285689062471,3319.352364456312,89.97749209325389,135.0,55.3
2019-05-11,72.1,83.3,57.7,12.8,8.6,3.6,5.8,49.55461260818905,31.4,121.4666666,4.0,81.17412126984124,13.51025596724126,39.70656470574982,0.7748840413670407,0.9942757993480691,31.4,985.9599999999999,0.9995239228844999,1.6094379124341003,-2838.634662512345,4638.285689062471,3319.352364456312,89.97749209325389,135.0,55.6
2019-05-12,74.5,81.5,59.5,12.4,12.3,5.6,7.8,-93.93943060941591,31.4,121.4666666,4.0,84.0237106139196,13.534020501570945,39.79179386270127,0.7638886127905428,0.9942757993480691,31.4,985.9599999999999,0.9995239228844999,1.6094379124341003,-2838.634662512345,4638.285689062471,3319.352364456312,89.97749209325389,135.0,52.2
2019-05-13,67.2,75.2,61.7,11.1,10.6,3.6,7.8,-22.418984773376128,31.4,121.4666666,4.0,75.92130445718057,13.557375795925102,39.8745452317828,0.7526668275320085,0.9942757993480691,31.4,985.9599999999999,0.9995239228844999,1.6094379124341003,-2838.634662512345,4638.285689062471,3319.352364456312,89.97749209325389,135.0,57.1
2019-05-14,67.7,72.7,60.6,11.7,10.3,4.6,7.8,80.63803297092295,31.4,121.4666666,4.0,76.61558921122473,13.580311233895076,39.95483155180851,0.7412220108485958,0.9942757993480691,31.4,985.9599999999999,0.9995239228844999,1.6094379124341003,-2838.634662512345,4638.285689062471,3319.352364456312,89.97749209325389,135.0,60.6
2019-05-15,68.7,72.0,65.5,8.8,5.7,4.4,5.8,-83.13921364313201,31.4,121.4666666,4.0,77.876122663356,13.602816185739039,40.0326660606293,0.7295575540864875,0.9942757993480691,31.4,985.9599999999999,0.9995239228844999,1.6094379124341003,-2838.634662512345,4638.285689062471,3319.352364456312,89.97749209325389,135.0,65.3
2019-05-16,70.2,73.8,66.4,6.9,2.2,2.2,3.9,84.97028028170845,31.4,121.4666666,4.0,79.70554812228386,13.624880020903223,40.108062439423506,0.717676913675962,0.9942757993480691,31.4,985.9599999999999,0.9995239228844999,1.6094379124341003,-2838.634662512345,4638.285689062471,3319.352364456312,89.97749209325389,135.0,67.3
2019-05-17,72.4,77.0,68.7,3.8,4.6,3.9,5.8,-77.894004126249,31.4,121.4666666,4.0,82.33383579723345,13.646492121088416,40.18103475774424,0.705583610107178,0.9942757993480691,31.4,985.9599999999999,0.9995239228844999,1.6094379124341003,-2838.634662512345,4638.285689062471,3319.352364456312,89.97749209325389,135.0,69.3
2019-05-18,68.5,71.8,65.3,5.9,9.6,6.1,9.7,88.2569697854831,31.4,121.4666666,4.0,78.01945581066668,13.667641893839418,40.251597419414175,0.6932812268869777,0.9942757993480691,31.4,985.9599999999999,0.9995239228844999,1.6094379124341003,-2838.634662512345,4638.285689062471,3319.352364456312,89.97749209325389,135.0,62.3
2019-05-19,71.9,77.2,64.9,8.1,2.6,4.1,7.8,-7.582852771675487,31.4,121.4666666,4.0,82.01584339657127,13.688318786632198,40.31976510935261,0.6807734094770161,0.9942757993480691,31.4,985.9599999999999,0.9995239228844999,1.6094379124341003,-2838.634662512345,4638.285689062471,3319.352364456312,89.97749209325389,135.0,64.2
2019-05-20,66.7,74.3,59.0,13.1,14.2,5.3,11.7,42.68372590970601,31.4,121.4666666,4.0,76.19648087544962,13.708512301430218,40.38555274141588,0.6680638642135335,0.9942757993480691,31.4,985.9599999999999,0.9995239228844999,1.6094379124341003,-2838.634662512345,4638.285689062471,3319.352364456312,89.97749209325389,135.0,43.7
2019-05-21,73.1,81.5,58.1,10.4,10.6,3.9,5.8,-57.54304169037796,31.4,121.4666666,4.0,83.6276914922908,13.72821200967838,40.44897540732545,0.6551563572090853,0.9942757993480691,31.4,985.9599999999999,0.9995239228844999,1.6094379124341003,-2838.634662512345,4638.285689062471,3319.352364456312,89.97749209325389,135.0,44.8
2019-05-22,74.3,86.9,58.8,9.1,8.4,2.9,5.8,-90.88046950919141,31.4,121.4666666,4.0,85.11936519000794,13.747407567699803,40.51004832675425,0.6420547132365637,0.9942757993480691,31.4,985.9599999999999,0.9995239228844999,1.6094379124341003,-2838.634662512345,4638.285689062471,3319.352364456312,89.97749209325389,135.0,50.4
2019-05-23,80.6,91.6,60.3,11.3,7.5,3.9,5.8,-41.0393113856329,31.4,121.4666666,4.0,92.4622293196738,13.766088732457638,40.56878679863522,0.6287628145958344,0.9942757993480691,31.4,985.9599999999999,0.9995239228844999,1.6094379124341003,-2838.634662512345,4638.285689062471,3319.352364456312,89.97749209325389,135.0,53.2
2019-05-24,81.3,91.4,63.9,11.0,13.0,7.5,9.7,-58.459055600770924,31.4,121.4666666,4.0,93.38826243351755,13.784245377640968,40.625206153751314,0.6152845999633276,0.9942757993480691,31.4,985.9599999999999,0.9995239228844999,1.6094379124341003,-2838.634662512345,4638.285689062471,3319.352364456312,89.97749209325389,135.0,50.1
2019-05-25,77.1,83.3,71.1,9.5,8.8,9.5,11.7,-8.888529231479144,31.4,121.4666666,4.0,88.67699875194906,13.801867510030982,40.67932170866077,0.6016240632249226,0.9942757993480691,31.4,985.9599999999999,0.9995239228844999,1.6094379124341003,-2838.634662512345,4638.285689062471,3319.352364456312,89.97749209325389,135.0,65.4
2019-05-26,73.2,74.7,70.2,5.5,4.7,8.0,11.7,26.69412710424558,31.4,121.4666666,4.0,84.29556624521398,13.81894528610065,40.73114872100588,0.5877852522924732,0.9942757993480691,31.4,985.9599999999999,0.9995239228844999,1.6094379124341003,-2838.634662512345,4638.285689062471,3319.352364456312,89.97749209325389,135.0,70.8
2019-05-27,70.7,83.5,63.9,12.1,13.9,7.8,11.7,40.584637610007164,31.4,121.4666666,4.0,81.51397169467091,13.835469028798459,40.780702346248404,0.5737722679043246,0.9942757993480691,31.4,985.9599999999999,0.9995239228844999,1.6094379124341003,-2838.634662512345,4638.285689062471,3319.352364456312,89.97749209325389,135.0,60.3
2019-05-28,69.6,77.0,63.0,15.4,16.4,4.6,9.7,75.92589098633395,31.4,121.4666666,4.0,80.33828961789209,13.851429244464155,40.82799759586969,0.5595892624101765,0.9942757993480691,31.4,985.9599999999999,0.9995239228844999,1.6094379124341003,-2838.634662512345,4638.285689062471,3319.352364456312,89.97749209325389,135.0,49.5
2019-05-29,70.5,80.6,59.9,13.8,15.1,2.7,5.8,41.67651030433265,31.4,121.4666666,4.0,81.4675477589549,13.866816639822108,40.87304929706815,0.545240438540651,0.9942757993480691,31.4,985.9599999999999,0.9995239228844999,1.6094379124341003,-2838.634662512345,4638.285689062471,3319.352364456312,89.97749209325389,135.0,47.0
2019-05-30,71.0,76.5,59.7,10.1,10.4,3.6,5.8,32.78900813796499,31.4,121.4666666,4.0,82.13293098905758,13.881622138995649,40.915872053982476,0.5307300481619334,0.9942757993480691,31.4,985.9599999999999,0.9995239228844999,1.6094379124341003,-2838.634662512345,4638.285689062471,3319.352364456312,89.97749209325389,135.0,54.7
2019-05-31,68.9,74.3,63.5,11.0,4.8,3.9,5.8,-0.9561559527497572,31.4,121.4666666,4.0,79.78526353694515,13.895836900483914,40.956480210463525,0.5160623910158528,0.9942757993480691,31.4,985.9599999999999,0.9995239228844999,1.6094379124341003,-2838.634662512345,4638.285689062471,3319.352364456312,89.97749209325389,135.0,60.4
2019-06-01,69.9,75.2,64.6,8.3,8.8,3.6,5.8,9.67171509665646,31.4,121.4666666,4.0,81.02255984578868,13.909452334040974,40.99488781441426,0.5012418134457758,0.9942757993480691,31.4,985.9599999999999,0.9995239228844999,1.6094379124341003,-2838.634662512345,4638.285689062471,3319.352364456312,89.97749209325389,135.0,61.3
2019-06-02,70.7,78.8,63.9,6.5,12.3,3.9,7.8,2.1351990320911174,31.4,121.4666666,4.0,82.02649419165647,13.92246011739572,41.03110858371184,0.48627270710868997,0.9942757993480691,31.4,985.9599999999999,0.9995239228844999,1.6094379124341003,-2838.634662512345,4638.285689062471,3319.352364456312,89.97749209325389,135.0,60.5
2019-06-03,73.8,81.7,63.5,6.5,8.6,4.6,7.8,87.10153116582424,31.4,121.4666666,4.0,85.69934110841162,13.934852212749856,41.06515587372306,0.4711595076738638,0.9942757993480691,31.4,985.9599999999999,0.9995239228844999,1.6094379124341003,-2838.634662512345,4638.285689062471,3319.352364456312,89.97749209325389,135.0,65.7
2019-06-04,75.9,84.6,64.4,8.4,6.0,4.1,5.8,-36.992044471599556,31.4,121.4666666,4.0,88.21237708491613,13.946620882990691,41.09704264641978,0.4559066935084588,0.9942757993480691,31.4,985.9599999999999,0.9995239228844999,1.6094379124341003,-2838.634662512345,4638.285689062471,3319.352364456312,89.97749209325389,135.0,67.1
2019-06-05,79.6,86.9,68.0,7.9,5.5,6.8,7.8,-157.7527293357392,31.4,121.4666666,4.0,92.58646609344818,13.957758707555003,41.12678144109827,0.440518784350495,0.9942757993480691,31.4,985.9599999999999,0.9995239228844999,1.6094379124341003,-2838.634662512345,4638.285689062471,3319.352364456312,89.97749209325389,135.0,71.6
2019-06-06,79.5,88.7,70.0,3.6,14.2,10.7,15.5,57.72734253634377,31.4,121.4666666,4.0,92.53971321095692,13.96825859788029,41.154384346702805,0.42500033996955416,0.9942757993480691,31.4,985.9599999999999,0.9995239228844999,1.6094379124341003,-2838.634662512345,4638.285689062471,3319.352364456312,89.97749209325389,135.0,68.3
2019-06-07,71.8,77.0,66.6,9.6,13.0,3.4,5.8,-43.99408922717896,31.4,121.4666666,4.0,83.63571431074064,13.978113812380052,41.17986297575166,0.4093559588156213,0.9942757993480691,31.4,985.9599999999999,0.9995239228844999,1.6094379124341003,-2838.634662512345,4638.285689062471,3319.352364456312,89.97749209325389,135.0,63.0
2019-06-08,74.6,79.7,65.8,5.8,10.1,4.9,7.8,102.52108931007335,31.4,121.4666666,4.0,86.95449338564084,13.987317970880566,41.203228439860666,0.39359027665646673,0.9942757993480691,31.4,985.9599999999999,0.9995239228844999,1.6094379124341003,-2838.634662512345,4638.285689062471,3319.352364456312,89.97749209325389,135.0,65.6
2019-06-09,75.2,81.0,70.0,3.1,9.4,5.3,7.8,92.71552624953203,31.4,121.4666666,4.0,87.70742109566918,13.995865068457846,41.224491326858065,0.3777079652039649,0.9942757993480691,31.4,985.9599999999999,0.9995239228844999,1.6094379124341003,-2838.634662512345,4638.285689062471,3319.352364456312,89.97749209325389,135.0,68.4
2019-06-10,74.4,82.4,69.1,5.2,4.8,4.1,7.8,-81.6546117006262,31.4,121.4666666,4.0,86.82324682941231,14.003749488614886,41.243661679482294,0.36171373072976765,0.9942757993480691,31.4,985.9599999999999,0.9995239228844999,1.6094379124341003,-2838.634662512345,4638.285689062471,3319.352364456312,89.97749209325389,135.0,68.0
2019-06-11,72.9,78.8,67.1,8.9,8.8,4.1,7.8,-69.53014452882636,31.4,121.4666666,4.0,85.11661854562958,14.010966015741493,41.260748975653144,0.3456123126707335,0.9942757993480691,31.4,985.9599999999999,0.9995239228844999,1.6094379124341003,-2838.634662512345,4638.285689062471,3319.352364456312,89.97749209325389,135.0,64.4
2019-06-12,73.0,78.3,66.7,9.3,14.0,5.3,7.8,16.618542603115092,31.4,121.4666666,4.0,85.27318490137422,14.017509846801243,41.275762110305706,0.3294084822245304,0.9942757993480691,31.4,985.9599999999999,0.9995239228844999,1.6094379124341003,-2838.634662512345,4638.285689062471,3319.352364456312,89.97749209325389,135.0,62.2
2019-06-13,69.0,74.7,63.5,6.8,9.5,2.9,3.9,30.66690196404184,31.4,121.4666666,4.0,80.6344154626092,14.023376602192906,41.28870937877591,0.3131070409358269,0.9942757993480691,31.4,985.9599999999999,0.9995239228844999,1.6094379124341003,-2838.634662512345,4638.285689062471,3319.352364456312,89.97749209325389,135.0,62.9
2019-06-14,71.1,78.8,62.1,5.2,12.9,4.4,7.8,-24.526101973230517,31.4,121.4666666,4.0,83.1192318392409,14.028562335736861,41.29959846172624,0.29671281927349075,0.9942757993480691,31.4,985.9599999999999,0.9995239228844999,1.6094379124341003,-2838.634662512345,4638.285689062471,3319.352364456312,89.97749209325389,135.0,60.2
2019-06-15,79.6,88.0,61.2,6.4,5.1,4.4,7.8,56.40732624035445,31.4,121.4666666,4.0,93.0859881734787,14.033063543740507,41.30843641159974,0.28023067519921585,0.9942757993480691,31.4,985.9599999999999,0.9995239228844999,1.6094379124341003,-2838.634662512345,4638.285689062471,3319.352364456312,89.97749209325389,135.0,65.5
2019-06-16,79.5,84.6,74.1,9.0,4.6,2.7,3.9,28.096913361549554,31.4,121.4666666,4.0,92.99431127179102,14.03687717310053,41.31522964059135,0.26366549272800704,0.9942757993480691,31.4,985.9599999999999,0.9995239228844999,1.6094379124341003,-2838.634662512345,4638.285689062471,3319.352364456312,89.97749209325389,135.0,69.3
2019-06-17,79.8,89.1,68.9,9.8,12.0,7.8,13.6,-5.00195016440086,31.4,121.4666666,4.0,93.36600417888687,14.04000062840404,41.319983910125586,0.24702218048093552,0.9942757993480691,31.4,985.9599999999999,0.9995239228844999,1.6094379124341003,-2838.634662512345,4638.285689062471,3319.352364456312,89.97749209325389,135.0,60.5
2019-06-18,73.1,74.7,68.4,5.6,4.5,3.6,5.8,-122.04756753525294,31.4,121.4666666,4.0,85.54181358095329,14.04243177799507,41.32270432183072,0.23030567023061221,0.9942757993480691,31.4,985.9599999999999,0.9995239228844999,1.6094379124341003,-2838.634662512345,4638.285689062471,3319.352364456312,89.97749209325389,135.0,72.0
2019-06-19,73.9,75.6,72.0,6.8,13.1,3.4,3.9,58.26115408157454,31.4,121.4666666,4.0,86.48867383903706,14.044168958977599,41.32339531000043,0.21352091543979612,0.9942757993480691,31.4,985.9599999999999,0.9995239228844999,1.6094379124341003,-2838.634662512345,4638.285689062471,3319.352364456312,89.97749209325389,135.0,69.1
2019-06-20,73.0,75.4,70.7,5.6,7.3,3.9,5.8,-40.640212826385664,31.4,121.4666666,4.0,85.44170013521511,14.04521098113125,41.322060635535195,0.19667288979357647,0.9942757993480691,31.4,985.9599999999999,0.9995239228844999,1.6094379124341003,-2838.634662512345,4638.285689062471,3319.352364456312,89.97749209325389,135.0,69.7
2019-06-21,74.2,79.0,70.5,5.5,10.3,5.1,7.8,85.35671495778737,31.4,121.4666666,4.0,86.8483615854405,14.045557129720834,41.31870338135702,0.1797665857255624,0.9942757993480691,31.4,985.9599999999999,0.9995239228844999,1.6094379124341003,-2838.634662512345,4638.285689062471,3319.352364456312,89.97749209325389,135.0,69.0
2019-06-22,72.8,77.0,68.4,6.7,8.2,3.9,5.8,0.35168495738935945,31.4,121.4666666,4.0,85.20759014759675,14.045207167186277,41.313325949292604,0.16280701293851715,0.9942757993480691,31.4,985.9599999999999,0.9995239228844999,1.6094379124341003,-2838.634662512345,4638.285689062471,3319.352364456312,89.97749209325389,135.0,65.9
2019-06-23,73.6,79.9,67.1,9.3,7.8,4.6,7.8,31.00364360757841,31.4,121.4666666,4.0,86.13752284672262,14.044161333704775,41.305930058421524,0.1457991969198751,0.9942757993480691,31.4,985.9599999999999,0.9995239228844999,1.6094379124341003,-2838.634662512345,4638.285689062471,3319.352364456312,89.97749209325389,135.0,65.7
2019-06-24,75.3,81.5,67.1,11.5,16.5,6.8,7.8,97.43555815417412,31.4,121.4666666,4.0,88.11618767505585,14.042420346622448,41.29651674488778,0.12874817745258132,0.9942757993480691,31.4,985.9599999999999,0.9995239228844999,1.6094379124341003,-2838.634662512345,4638.285689062471,3319.352364456312,89.97749209325389,135.0,64.4
2019-06-25,74.4,77.9,70.5,9.0,14.4,4.9,7.8,93.57411712705178,31.4,121.4666666,4.0,87.04790947230119,14.039985398758255,41.28508636317474,0.11165900712169512,0.9942757993480691,31.4,985.9599999999999,0.9995239228844999,1.6094379124341003,-2838.634662512345,4638.285689062471,3319.352364456312,89.97749209325389,135.0,67.1
2019-06-26,73.6,75.4,69.8,3.7,3.3,2.2,3.9,-11.95738874559003,31.4,121.4666666,4.0,86.09273002094179,14.036858155588336,41.2716385888448,0.09453674981719912,0.9942757993480691,31.4,985.9599999999999,0.9995239228844999,1.6094379124341003,-2838.634662512345,4638.285689062471,3319.352364456312,89.97749209325389,135.0,72.0
2019-06-27,76.8,81.0,72.9,1.5,4.9,3.4,5.8,-42.129827452816144,31.4,121.4666666,4.0,89.81146080847556,14.033040751324306,41.25617242274726,0.07738647923346301,0.9942757993480691,31.4,985.9599999999999,0.9995239228844999,1.6094379124341003,-2838.634662512345,4638.285689062471,3319.352364456312,89.97749209325389,135.0,73.1
2019-06-28,85.0,89.6,73.0,998.2,6.3,4.1,7.8,70.85200777379994,31.4,121.4666666,4.0,99.36879513598909,14.028535783904342,41.23868619669873,0.06021327736579302,0.9942757993480691,31.4,985.9599999999999,0.9995239228844999,1.6094379124341003,-2838.634662512345,4638.285689062471,3319.352364456312,89.97749209325389,135.0,77.5
2019-06-29,80.4,85.1,77.0,998.8,2.2,3.2,5.8,4.482409128933298,31.4,121.4666666,4.0,93.95642026977023,14.02334630892093,41.21917758064253,0.04302223300453059,0.9942757993480691,31.4,985.9599999999999,0.9995239228844999,1.6094379124341003,-2838.634662512345,4638.285689062471,3319.352364456312,89.97749209325389,135.0,78.0
2019-06-30,75.8,78.3,72.0,3.0,9.3,2.4,3.9,-49.756095064140894,31.4,121.4666666,4.0,88.54372234204762,14.017475832514135,41.19764359129388,0.02581844022713308,0.9942757993480691,31.4,985.9599999999999,0.9995239228844999,1.6094379124341003,-2838.634662512345,4638.285689062471,3319.352364456312,89.97749209325389,135.0,73.6
2019-07-01,75.3,77.9,72.7,6.8,13.0,3.2,3.9,102.22336233810694,31.4,121.4666666,4.0,87.91857510298136,14.010928303263961,41.174080602279574,0.008606996888688698,0.9942757993480691,31.4,985.9599999999999,0.9995239228844999,1.6094379124341003,-2838.634662512345,4638.285689062471,3319.352364456312,89.97749209325389,135.0,71.1
2019-07-02,75.1,76.3,72.3,8.1,7.4,4.6,5.8,-44.57597906567281,31.4,121.4666666,4.0,87.6398732120246,14.003708103119777,41.14848435578111,-0.008606996888688009,0.9942757993480691,31.4,985.9599999999999,0.9995239228844999,1.6094379124341003,-2838.634662512345,4638.285689062471,3319.352364456312,89.97749209325389,135.0,71.8
2019-07-03,75.5,81.5,71.6,7.4,9.6,4.1,7.8,-118.09704432018684,31.4,121.4666666,4.0,88.05703440203142,13.995820037408967,41.12084997569097,-0.02581844022713239,0.9942757993480691,31.4,985.9599999999999,0.9995239228844999,1.6094379124341003,-2838.634662512345,4638.285689062471,3319.352364456312,89.97749209325389,135.0,70.5
2019-07-04,77.0,82.4,70.9,5.3,5.3,4.1,5.8,-127.99441227271461,31.4,121.4666666,4.0,89.75164482881294,13.98726932397085,41.091171982292344,-0.04302223300453034,0.9942757993480691,31.4,985.9599999999999,0.9995239228844999,1.6094379124341003,-2838.634662512345,4638.285689062471,3319.352364456312,89.97749209325389,135.0,69.9
2019-07-05,76.7,83.7,70.2,1.3,6.1,3.9,5.8,36.29024245401295,31.4,121.4666666,4.0,89.34311027486605,13.97806158146535,41.05944430847198,-0.060213277365792774,0.9942757993480691,31.4,985.9599999999999,0.9995239228844999,1.6094379124341003,-2838.634662512345,4638.285689062471,3319.352364456312,89.97749209325389,135.0,69.7
2019-07-06,80.7,88.2,69.8,999.4,6.3,5.3,7.8,48.417308151937036,31.4,121.4666666,4.0,93.93616394371355,13.968202816909077,41.025660317476465,-0.07738647923346322,0.9942757993480691,31.4,985.9599999999999,0.9995239228844999,1.6094379124341003,-2838.634662512345,4638.285689062471,3319.352364456312,89.97749209325389,135.0,73.3
2019-07-07,79.5,86.0,72.7,2.7,4.6,5.1,9.7,-13.947122883566003,31.4,121.4666666,4.0,92.46975860777468,13.95769941249429,40.98981282222091,-0.09453674981719933,0.9942757993480691,31.4,985.9599999999999,0.9995239228844999,1.6094379124341003,-2838.634662512345,4638.285689062471,3319.352364456312,89.97749209325389,135.0,70.2
2019-07-08,78.0,83.7,72.0,4.5,7.3,6.8,9.7,-11.458786258631417,31.4,121.4666666,4.0,90.65262772636532,13.94655811174851,40.95189410615849,-0.11165900712169444,0.9942757993480691,31.4,985.9599999999999,0.9995239228844999,1.6094379124341003,-2838.634662512345,4638.285689062471,3319.352364456312,89.97749209325389,135.0,71.0
2019-07-09,72.5,74.7,70.7,2.2,6.8,7.0,9.7,-7.650329336219006,31.4,121.4666666,4.0,84.18933211411336,13.934786005094624,40.911895945717966,-0.12874817745258066,0.9942757993480691,31.4,985.9599999999999,0.9995239228844999,1.6094379124341003,-2838.634662512345,4638.285689062471,3319.352364456312,89.97749209325389,135.0,70.6
2019-07-10,72.7,74.5,69.4,5.2,2.7,2.9,5.8,46.41095265195135,31.4,121.4666666,4.0,84.34648253593775,13.922390514872806,40.86980963431481,-0.14579919691987442,0.9942757993480691,31.4,985.9599999999999,0.9995239228844999,1.6094379124341003,-2838.634662512345,4638.285689062471,3319.352364456312,89.97749209325389,135.0,71.0
2019-07-11,76.6,80.1,70.0,8.3,4.8,2.4,3.9,-98.46458626968126,31.4,121.4666666,4.0,88.78820504161102,13.909379379886845,40.825626007939555,-0.16280701293851646,0.9942757993480691,31.4,985.9599999999999,0.9995239228844999,1.6094379124341003,-2838.634662512345,4638.285689062471,3319.352364456312,89.97749209325389,135.0,72.0
2019-07-12,74.5,78.8,70.7,4.1,4.1,4.4,9.7,122.29875077629816,31.4,121.4666666,4.0,86.26951397046632,13.8957606395382,40.77933547232468,-0.17976658572556214,0.9942757993480691,31.4,985.9599999999999,0.9995239228844999,1.6094379124341003,-2838.634662512345,4638.285689062471,3319.352364456312,89.97749209325389,135.0,72.5
2019-07-13,71.5,72.5,69.3,1.9,9.2,3.2,5.8,-39.43575342861658,31.4,121.4666666,4.0,82.71085809660163,13.881542617611462,40.730928031689096,-0.19667288979357622,0.9942757993480691,31.4,985.9599999999999,0.9995239228844999,1.6094379124341003,-2838.634662512345,4638.285689062471,3319.352364456312,89.97749209325389,135.0,70.3
2019-07-14,77.5,85.1,69.1,4.2,6.2,2.9,5.8,251.2156331942685,31.4,121.4666666,4.0,89.55598980813004,13.866733905774973,40.680393319055945,-0.2135209154397959,0.9942757993480691,31.4,985.9599999999999,0.9995239228844999,1.6094379124341003,-2838.634662512345,4638.285689062471,3319.352364456312,89.97749209325389,135.0,68.9
2019-07-15,79.9,85.1,68.9,6.4,10.9,3.9,5.8,-52.31504621601764,31.4,121.4666666,4.0,92.22686111784223,13.85134334685991,40.627720628136615,-0.23030567023061196,0.9942757993480691,31.4,985.9599999999999,0.9995239228844999,1.6094379124341003,-2838.634662512345,4638.285689062471,3319.352364456312,89.97749209325389,135.0,71.4
2019-07-16,79.3,82.4,75.4,7.1,8.5,3.6,5.8,65.86077879202327,31.4,121.4666666,4.0,91.42880295215403,13.835380017980436,40.57289894677023,-0.24702218048093527,0.9942757993480691,31.4,985.9599999999999,0.9995239228844999,1.6094379124341003,-2838.634662512345,4638.285689062471,3319.352364456312,89.97749209325389,135.0,75.8
2019-07-17,84.2,90.9,77.4,4.9,14.2,6.1,11.7,-29.763683150736522,31.4,121.4666666,4.0,96.9622867151215,13.818853213556507,40.515916991903914,-0.2636654927280072,0.9942757993480691,31.4,985.9599999999999,0.9995239228844999,1.6094379124341003,-2838.634662512345,4638.285689062471,3319.352364456312,89.97749209325389,135.0,77.4
2019-07-18,82.4,86.2,78.8,1.2,12.2,6.1,7.8,-79.41603704610552,31.4,121.4666666,4.0,94.77217067432305,13.801772428299472,40.45676324609561,-0.2802306751992161,0.9942757993480691,31.4,985.9599999999999,0.9995239228844999,1.6094379124341003,-2838.634662512345,4638.285689062471,3319.352364456312,89.97749209325389,135.0,78.4
2019-07-19,80.8,84.6,77.4,998.7,13.0,6.1,9.7,102.37594357020218,31.4,121.4666666,4.0,92.8132587574746,13.784147340218999,40.39542599551649,-0.2967128192734901,0.9942757993480691,31.4,985.9599999999999,0.9995239228844999,1.6094379124341003,-2838.634662512345,4638.285689062471,3319.352364456312,89.97749209325389,135.0,76.6
2019-07-20,82.6,87.3,77.5,3.2,6.8,3.6,7.8,91.70877503281315,31.4,121.4666666,4.0,94.75588264668936,13.765987793707898,40.33189336942578,-0.3131070409358267,0.9942757993480691,31.4,985.9599999999999,0.9995239228844999,1.6094379124341003,-2838.634662512345,4638.285689062471,3319.352364456312,89.97749209325389,135.0,76.8
2019-07-21,85.6,92.3,77.4,4.2,7.1,4.1,7.8,0.11209222863979207,31.4,121.4666666,4.0,98.06410031701611,13.747303782759268,40.26615338108614,-0.3294084822245302,0.9942757993480691,31.4,985.9599999999999,0.9995239228844999,1.6094379124341003,-2838.634662512345,4638.285689062471,3319.352364456312,89.97749209325389,135.0,78.0
2019-07-22,87.9,92.7,80.4,2.4,10.7,5.1,5.8,51.584115167568314,31.4,121.4666666,4.0,100.55837230674518,13.728105434367942,40.19819397008309,-0.3456123126707333,0.9942757993480691,31.4,985.9599999999999,0.9995239228844999,1.6094379124341003,-2838.634662512345,4638.285689062471,3319.352364456312,89.97749209325389,135.0,79.0
2019-07-23,90.9,98.1,83.3,1.5,11.8,5.3,7.8,27.648784859405758,31.4,121.4666666,4.0,103.84115266565567,13.708402992165764,40.12800304600679,-0.3617137307297674,0.9942757993480691,31.4,985.9599999999999,0.9995239228844999,1.6094379124341003,-2838.634662512345,4638.285689062471,3319.352364456312,89.97749209325389,135.0,78.6
2019-07-24,87.7,93.6,82.8,3.4,9.4,2.7,5.8,86.90222152471497,31.4,121.4666666,4.0,100.0379780324651,13.688206800337301,40.05556853344971,-0.37770796520396466,0.9942757993480691,31.4,985.9599999999999,0.9995239228844999,1.6094379124341003,-2838.634662512345,4638.285689062471,3319.352364456312,89.97749209325389,135.0,79.9
2019-07-25,89.0,95.4,82.6,3.3,8.4,2.7,3.9,-22.22529582903746,31.4,121.4666666,4.0,101.36749405162804,13.667527287859961,39.98087841826866,-0.39359027665646645,0.9942757993480691,31.4,985.9599999999999,0.9995239228844999,1.6094379124341003,-2838.634662512345,4638.285689062471,3319.352364456312,89.97749209325389,135.0,80.0
2019-07-26,88.2,97.7,82.4,2.3,7.2,3.2,5.8,18.769615278894477,31.4,121.4666666,4.0,100.30085590535337,13.646374953109301,39.903920795054454,-0.4093559588156211,0.9942757993480691,31.4,985.9599999999999,0.9995239228844999,1.6094379124341003,-2838.634662512345,4638.285689062471,3319.352364456312,89.97749209325389,135.0,80.1
2019-07-27,85.9,92.7,81.9,3.6,11.0,4.4,5.8,12.350203427786198,31.4,121.4666666,4.0,97.53057616397577,13.624760348867392,39.824683915747364,-0.42500033996955394,0.9942757993480691,31.4,985.9599999999999,0.9995239228844999,1.6094379124341003,-2838.634662512345,4638.285689062471,3319.352364456312,89.97749209325389,135.0,78.7
2019-07-28,88.3,93.6,81.0,5.5,15.7,6.1,7.8,-8.410170916558712,31.4,121.4666666,4.0,100.09315718200004,13.602694067768974,39.74315623933169,-0.4405187843504952,0.9942757993480691,31.4,985.9599999999999,0.9995239228844999,1.6094379124341003,-2838.634662512345,4638.285689062471,3319.352364456312,89.97749209325389,135.0,78.1
2019-07-29,90.4,97.7,83.3,6.0,16.5,5.8,7.8,103.7186461503095,31.4,121.4666666,4.0,102.30407335256785,13.58018672821697,39.659326482537395,-0.455906693508459,0.9942757993480691,31.4,985.9599999999999,0.9995239228844999,1.6094379124341003,-2838.634662512345,4638.285689062471,3319.352364456312,89.97749209325389,135.0,77.4
2019-07-30,90.8,98.6,84.2,5.8,17.8,5.3,7.8,-49.93251646278351,31.4,121.4666666,4.0,102.58318380335497,13.55724896079581,39.57318367147212,-0.47115950767386394,0.9942757993480691,31.4,985.9599999999999,0.9995239228844999,1.6094379124341003,-2838.634662512345,4638.285689062471,3319.352364456312,89.97749209325389,135.0,76.6
2019-07-31,88.6,95.0,83.3,7.2,18.6,5.8,9.7,-51.97069434115059,31.4,121.4666666,4.0,99.92523146795145,13.533891395207872,39.484717194102146,-0.4862727071086902,0.9942757993480691,31.4,985.9599999999999,0.9995239228844999,1.6094379124341003,-2838.634662512345,4638.285689062471,3319.352364456312,89.97749209325389,135.0,75.1
2019-08-01,88.1,94.5,81.9,8.2,18.6,6.1,7.8,31.34916873123172,31.4,121.4666666,4.0,99.18683178893683,13.5101246477553,39.393916853495675,-0.5012418134457756,0.9942757993480691,31.4,985.9599999999999,0.9995239228844999,1.6094379124341003,-2838.634662512345,4638.285689062471,3319.352364456312,89.97749209325389,135.0,76.0
2019-08-02,86.2,90.7,81.5,7.9,18.1,6.6,9.7,48.76934669588907,31.4,121.4666666,4.0,96.8741410390918,13.48595930938633,39.300772921738144,-0.5160623910158526,0.9942757993480691,31.4,985.9599999999999,0.9995239228844999,1.6094379124341003,-2838.634662512345,4638.285689062471,3319.352364456312,89.97749209325389,135.0,75.7
2019-08-03,83.8,88.2,77.0,7.0,12.5,5.8,7.8,-42.350749044550525,31.4,121.4666666,4.0,94.00548477468463,13.461405934322384,39.20527619442417,-0.5307300481619331,0.9942757993480691,31.4,985.9599999999999,0.9995239228844999,1.6094379124341003,-2838.634662512345,4638.285689062471,3319.352364456312,89.97749209325389,135.0,77.4
2019-08-04,80.4,83.7,74.8,6.7,15.8,3.2,5.8,-5.8756235484234995,31.4,121.4666666,4.0,90.02438269617093,13.436475029279242,39.107418045627206,-0.5452404385406507,0.9942757993480691,31.4,985.9599999999999,0.9995239228844999,1.6094379124341003,-2838.634662512345,4638.285689062471,3319.352364456312,89.97749209325389,135.0,77.1
2019-08-05,84.6,89.8,76.6,6.7,17.3,6.8,9.7,132.64807166278635,31.4,121.4666666,4.0,94.54879815521429,13.411177043292808,39.00719048324391,-0.5595892624101763,0.9942757993480691,31.4,985.9599999999999,0.9995239228844999,1.6094379124341003,-2838.634662512345,4638.285689062471,3319.352364456312,89.97749209325389,135.0,77.6
2019-08-06,84.8,90.5,78.8,4.9,12.7,4.9,7.8,-30.308050218185258,31.4,121.4666666,4.0,94.5910246643122,13.385522358157388,38.90458620460666,-0.5737722679043243,0.9942757993480691,31.4,985.9599999999999,0.9995239228844999,1.6094379124341003,-2838.634662512345,4638.285689062471,3319.352364456312,89.97749209325389,135.0,76.4
2019-08-07,86.1,90.7,78.4,3.6,12.7,5.1,9.7,49.9757257903108,31.4,121.4666666,4.0,95.85456518028148,13.35952127948174,38.79959865225441,-0.5877852522924734,0.9942757993480691,31.4,985.9599999999999,0.9995239228844999,1.6094379124341003,-2838.634662512345,4638.285689062471,3319.352364456312,89.97749209325389,135.0,76.9
2019-08-08,86.1,90.5,83.1,3.5,13.0,7.3,9.7,66.06163369974358,31.4,121.4666666,4.0,95.66559540352442,13.333184028365773,38.69222206974905,-0.6016240632249227,0.9942757993480691,31.4,985.9599999999999,0.9995239228844999,1.6094379124341003,-2838.634662512345,4638.285689062471,3319.352364456312,89.97749209325389,135.0,80.3
2019-08-09,82.8,87.1,78.8,997.8,8.4,11.9,13.6,21.575510858183193,31.4,121.4666666,4.0,91.81499306251956,13.306520733698486,38.58245155742189,-0.6152845999633277,0.9942757993480691,31.4,985.9599999999999,0.9995239228844999,1.6094379124341003,-2838.634662512345,4638.285689062471,3319.352364456312,89.97749209325389,135.0,78.9
2019-08-10,81.0,84.2,78.6,986.7,4.7,12.9,17.5,143.2927925376117,31.4,121.4666666,4.0,89.6369046192602,13.279541425075585,38.47028312793219,-0.6287628145958345,0.9942757993480691,31.4,985.9599999999999,0.9995239228844999,1.6094379124341003,-2838.634662512345,4638.285689062471,3319.352364456312,89.97749209325389,135.0,79.2
2019-08-11,83.1,88.7,78.3,994.2,17.5,8.3,13.6,72.62954462509317,31.4,121.4666666,4.0,91.77187298235684,13.25225602633312,38.3557137615181,-0.6420547132365636,0.9942757993480691,31.4,985.9599999999999,0.9995239228844999,1.6094379124341003,-2838.634662512345,4638.285689062471,3319.352364456312,89.97749209325389,135.0,74.3
2019-08-12,84.6,92.3,78.3,999.3,12.1,4.4,11.7,17.059901925907944,31.4,121.4666666,4.0,93.23395416532678,13.22467434969174,38.238741460818446,-0.655156357209085,0.9942757993480691,31.4,985.9599999999999,0.9995239228844999,1.6094379124341003,-2838.634662512345,4638.285689062471,3319.352364456312,89.97749209325389,135.0,73.7
2019-08-13,83.2,89.6,76.3,1.1,5.3,2.9,5.8,26.15145986316137,31.4,121.4666666,4.0,91.49785556083039,13.196806090504383,38.11936530514249,-0.6680638642135333,0.9942757993480691,31.4,985.9599999999999,0.9995239228844999,1.6094379124341003,-2838.634662512345,4638.285689062471,3319.352364456312,89.97749209325389,135.0,77.1
2019-08-14,85.1,91.4,76.1,999.5,6.5,3.2,5.8,50.70827216814098,31.4,121.4666666,4.0,93.38775300026128,13.168660822598536,37.997585504064034,-0.6807734094770159,0.9942757993480691,31.4,985.9599999999999,0.9995239228844999,1.6094379124341003,-2838.634662512345,4638.285689062471,3319.352364456312,89.97749209325389,135.0,75.6
2019-08-15,83.0,89.1,75.6,998.6,7.3,3.9,7.8,35.03727030322895,31.4,121.4666666,4.0,90.88671529323749,13.14024799420301,37.87340345021574,-0.6932812268869771,0.9942757993480691,31.4,985.9599999999999,0.9995239228844999,1.6094379124341003,-2838.634662512345,4638.285689062471,3319.352364456312,89.97749209325389,135.0,73.6
2019-08-16,84.0,91.4,75.2,0.9,4.8,3.6,5.8,95.64209736035309,31.4,121.4666666,4.0,91.78103847113331,13.111576924447617,37.74682177115889,-0.7055836101071774,0.9942757993480691,31.4,985.9599999999999,0.9995239228844999,1.6094379124341003,-2838.634662512345,4638.285689062471,3319.352364456312,89.97749209325389,135.0,74.7
2019-08-17,88.0,96.1,76.5,3.5,7.4,4.1,5.8,-11.253618136559139,31.4,121.4666666,4.0,95.93948320310302,13.082656800423141,37.61784438020488,-0.7176769136759615,0.9942757993480691,31.4,985.9599999999999,0.9995239228844999,1.6094379124341003,-2838.634662512345,4638.285689062471,3319.352364456312,89.97749209325389,135.0,74.2
2019-08-18,80.3,87.3,73.6,6.6,12.2,5.1,7.8,-18.899588102670748,31.4,121.4666666,4.0,87.34964858212277,13.053496674787961,37.486476526064514,-0.7295575540864876,0.9942757993480691,31.4,985.9599999999999,0.9995239228844999,1.6094379124341003,-2838.634662512345,4638.285689062471,3319.352364456312,89.97749209325389,135.0,75.3
2019-08-19,81.3,85.5,71.4,8.5,17.4,6.1,9.7,-35.49564290180772,31.4,121.4666666,4.0,88.23831451796782,13.02410546390669,37.35272484120271,-0.7412220108485957,0.9942757993480691,31.4,985.9599999999999,0.9995239228844999,1.6094379124341003,-2838.634662512345,4638.285689062471,3319.352364456312,89.97749209325389,135.0,73.6
2019-08-20,81.3,85.3,77.0,7.3,18.2,4.4,7.8,-106.83282191684086,31.4,121.4666666,4.0,88.03768293757535,12.994491946505589,37.21659738877735,-0.7526668275320083,0.9942757993480691,31.4,985.9599999999999,0.9995239228844999,1.6094379124341003,-2838.634662512345,4638.285689062471,3319.352364456312,89.97749209325389,135.0,72.1
2019-08-21,82.3,88.7,75.2,7.1,10.6,3.4,5.8,-105.46230898682104,31.4,121.4666666,4.0,88.91599249840003,12.964664762828681,37.07810370804286,-0.7638886127905429,0.9942757993480691,31.4,985.9599999999999,0.9995239228844999,1.6094379124341003,-2838.634662512345,4638.285689062471,3319.352364456312,89.97749209325389,135.0,72.5
2019-08-22,84.7,90.0,75.0,8.9,7.6,2.9,5.8,91.87753153499183,31.4,121.4666666,4.0,91.29694712411323,12.934632414278143,36.93725485810117,-0.7748840413670406,0.9942757993480691,31.4,985.9599999999999,0.9995239228844999,1.6094379124341003,-2838.634662512345,4638.285689062471,3319.352364456312,89.97749209325389,135.0,75.2
2019-08-23,83.8,88.2,80.6,10.2,8.5,5.3,7.8,50.113272896138085,31.4,121.4666666,4.0,90.11574945692819,12.904403263521937,36.794063459885436,-0.7856498550787144,0.9942757993480691,31.4,985.9599999999999,0.9995239228844999,1.6094379124341003,-2838.634662512345,4638.285689062471,3319.352364456312,89.97749209325389,135.0,76.1
2019-08-24,82.4,84.2,80.1,10.0,10.7,4.6,7.8,45.960219074967924,31.4,121.4666666,4.0,88.40136734068653,12.873985535051435,36.648543736264216,-0.7961828637826154,0.9942757993480691,31.4,985.9599999999999,0.9995239228844999,1.6094379124341003,-2838.634662512345,4638.285689062471,3319.352364456312,89.97749209325389,135.0,77.8
2019-08-25,84.7,90.5,80.6,8.5,13.5,6.1,9.7,41.00131289159283,31.4,121.4666666,4.0,90.65290880664408,12.843387316171535,36.50071155015786,-0.8064799463209447,0.9942757993480691,31.4,985.9599999999999,0.9995239228844999,1.6094379124341003,-2838.634662512345,4638.285689062471,3319.352364456312,89.97749209325389,135.0,79.2
2019-08-26,89.4,95.2,81.3,6.2,15.5,4.4,5.8,86.05427544504528,31.4,121.4666666,4.0,95.45399336012117,12.812616558405526,36.350584440561576,-0.8165380514459157,0.9942757993480691,31.4,985.9599999999999,0.9995239228844999,1.6094379124341003,-2838.634662512345,4638.285689062471,3319.352364456312,89.97749209325389,135.0,78.8
2019-08-27,86.0,97.0,80.8,7.0,10.9,4.9,7.8,14.866235728279596,31.4,121.4666666,4.0,91.60204773496162,12.78168107929697,36.198181656374096,-0.8263541987239094,0.9942757993480691,31.4,985.9599999999999,0.9995239228844999,1.6094379124341003,-2838.634662512345,4638.285689062471,3319.352364456312,89.97749209325389,135.0,78.9
2019-08-28,78.7,84.4,69.3,8.3,12.3,3.6,7.8,94.92243231393877,31.4,121.4666666,4.0,83.62261000277475,12.750588564590814,36.043524187934906,-0.8359254794186365,0.9942757993480691,31.4,985.9599999999999,0.9995239228844999,1.6094379124341003,-2838.634662512345,4638.285689062471,3319.352364456312,89.97749209325389,135.0,75.4
2019-08-29,69.3,71.6,65.3,10.2,4.1,3.4,7.8,-8.355895817516867,31.4,121.4666666,4.0,73.45422644623152,12.719346570776022,35.88663479617749,-0.8452490573530634,0.9942757993480691,31.4,985.9599999999999,0.9995239228844999,1.6094379124341003,-2838.634662512345,4638.285689062471,3319.352364456312,89.97749209325389,135.0,67.3
2019-08-30,78.1,85.5,64.9,12.0,4.3,3.2,5.8,114.72426096392589,31.4,121.4666666,4.0,82.577489452885,12.68796252797209,35.727538039310936,-0.8543221697498269,0.9942757993480691,31.4,985.9599999999999,0.9995239228844999,1.6094379124341003,-2838.634662512345,4638.285689062471,3319.352364456312,89.97749209325389,135.0,70.5
2019-08-31,77.9,83.7,67.1,14.1,15.3,5.3,9.7,55.76952124334896,31.4,121.4666666,4.0,82.16141396589686,12.656443743142004,35.56626029694739,-0.8631421280499115,0.9942757993480691,31.4,985.9599999999999,0.9995239228844999,1.6094379124341003,-2838.634662512345,4638.285689062471,3319.352364456312,89.97749209325389,135.0,68.9
2019-09-01,70.1,72.9,65.7,15.4,7.7,3.6,5.8,-31.35237795762903,31.4,121.4666666,4.0,73.74985816611407,12.624797403614393,35.40282979159797,-0.8717063187093217,0.9942757993480691,31.4,985.9599999999999,0.9995239228844999,1.6094379124341003,-2838.634662512345,4638.285689062471,3319.352364456312,89.97749209325389,135.0,68.8
2019-09-02,72.8,74.3,68.4,14.0,7.9,4.4,13.6,35.85548774665945,31.4,121.4666666,4.0,76.39771885744695,12.59303058089785,35.23727660746592,-0.8800122039735356,0.9942757993480691,31.4,985.9599999999999,0.9995239228844999,1.6094379124341003,-2838.634662512345,4638.285689062471,3319.352364456312,89.97749209325389,135.0,71.9
2019-09-03,75.6,78.1,71.8,11.5,8.3,1.7,1.9,13.632187376442946,31.4,121.4666666,4.0,79.13524647905547,12.561150234770711,35.06963270647076,-0.888057322629493,0.9942757993480691,31.4,985.9599999999999,0.9995239228844999,1.6094379124341003,-2838.634662512345,4638.285689062471,3319.352364456312,89.97749209325389,135.0,73.9
2019-09-04,77.6,78.8,73.9,10.0,7.5,3.6,5.8,-61.98449589983258,31.4,121.4666666,4.0,81.02192214067279,12.529163217629813,34.89993194144445,-0.8958392907349089,0.9942757993480691,31.4,985.9599999999999,0.9995239228844999,1.6094379124341003,-2838.634662512345,4638.285689062471,3319.352364456312,89.97749209325389,135.0,75.3
2019-09-05,80.1,85.5,76.8,6.6,14.5,4.4,5.8,30.70765609652115,31.4,121.4666666,4.0,83.4179841628732,12.497076279082128,34.72821006644555,-0.9033558023246842,0.9942757993480691,31.4,985.9599999999999,0.9995239228844999,1.6094379124341003,-2838.634662512345,4638.285689062471,3319.352364456312,89.97749209325389,135.0,77.4
2019-09-06,77.7,81.5,75.6,0.4,14.8,7.3,13.6,-7.192500341735471,31.4,121.4666666,4.0,80.71020205819335,12.46489607076345,34.554504744144815,-0.9106046300942162,0.9942757993480691,31.4,985.9599999999999,0.9995239228844999,1.6094379124341003,-2838.634662512345,4638.285689062471,3319.352364456312,89.97749209325389,135.0,74.5
2019-09-07,78.6,86.2,71.8,5.0,8.9,3.4,7.8,-95.96951916467606,31.4,121.4666666,4.0,81.4337209414651,12.432629151368717,34.37885555024187,-0.9175836260593934,0.9942757993480691,31.4,985.9599999999999,0.9995239228844999,1.6094379124341003,-2838.634662512345,4638.285689062471,3319.352364456312,89.97749209325389,135.0,70.9
2019-09-08,80.0,86.0,71.4,6.1,9.1,4.6,7.8,130.73438407242028,31.4,121.4666666,4.0,82.66854661252536,12.400281991878805,34.201303974879224,-0.9242907221930934,0.9942757993480691,31.4,985.9599999999999,0.9995239228844999,1.6094379124341003,-2838.634662512345,4638.285689062471,3319.352364456312,89.97749209325389,135.0,71.1
2019-09-09,78.6,85.1,72.9,7.3,14.7,4.4,7.8,42.435061898180294,31.4,121.4666666,4.0,81.0094894253472,12.367860980969038,34.021893421027,-0.9307239310379793,0.9942757993480691,31.4,985.9599999999999,0.9995239228844999,1.6094379124341003,-2838.634662512345,4638.285689062471,3319.352364456312,89.97749209325389,135.0,73.6
2019-09-10,82.2,89.1,72.5,11.8,5.3,2.4,3.9,91.7239745739665,31.4,121.4666666,4.0,84.4973011495072,12.335372430584993,33.84066919981869,-0.9368813462954315,0.9942757993480691,31.4,985.9599999999999,0.9995239228844999,1.6094379124341003,-2838.634662512345,4638.285689062471,3319.352364456312,89.97749209325389,135.0,74.5
2019-09-11,81.3,88.2,75.0,14.3,13.4,5.3,9.7,52.0385491086297,31.4,121.4666666,4.0,83.3516229908243,12.302822581671483,33.65767852282501,-0.9427611433904206,0.9942757993480691,31.4,985.9599999999999,0.9995239228844999,1.6094379124341003,-2838.634662512345,4638.285689062471,3319.352364456312,89.97749209325389,135.0,75.1
2019-09-12,79.3,86.0,71.6,12.4,14.1,5.1,7.8,-8.101928248036469,31.4,121.4666666,4.0,81.08568803968713,12.270217610040927,33.47297049126052,-0.9483615800121716,0.9942757993480691,31.4,985.9599999999999,0.9995239228844999,1.6094379124341003,-2838.634662512345,4638.285689062471,3319.352364456312,89.97749209325389,135.0,72.0
2019-09-13,80.6,86.4,71.4,10.8,15.8,4.1,5.8,16.092510578016253,31.4,121.4666666,4.0,82.19563573073597,12.237563632367639,33.28659608212422,-0.9536809966304455,0.9942757993480691,31.4,985.9599999999999,0.9995239228844999,1.6094379124341003,-2838.634662512345,4638.285689062471,3319.352364456312,89.97749209325389,135.0,73.6
2019-09-14,81.1,86.4,74.7,11.7,16.0,4.4,5.8,45.97945677192539,31.4,121.4666666,4.0,82.48455753059281,12.204866712294868,33.098608131283115,-0.9587178169872964,0.9942757993480691,31.4,985.9599999999999,0.9995239228844999,1.6094379124341003,-2838.634662512345,4638.285689062471,3319.352364456312,89.97749209325389,135.0,73.2
2019-09-15,77.7,83.3,73.8,11.3,18.3,4.9,9.7,141.98109614147404,31.4,121.4666666,4.0,78.81456031150431,12.172132866641594,32.909061313514194,-0.9634705485641486,0.9942757993480691,31.4,985.9599999999999,0.9995239228844999,1.6094379124341003,-2838.634662512345,4638.285689062471,3319.352364456312,89.97749209325389,135.0,67.9
2019-09-16,78.1,82.8,73.8,12.5,16.1,6.3,7.8,-28.13050351881486,31.4,121.4666666,4.0,79.00705386662463,12.139368071696486,32.71801211952803,-0.9679377830240642,0.9942757993480691,31.4,985.9599999999999,0.9995239228844999,1.6094379124341003,-2838.634662512345,4638.285689062471,3319.352364456312,89.97749209325389,135.0,65.3
2019-09-17,78.5,84.4,74.5,14.8,15.8,5.8,7.8,98.0457267949494,31.4,121.4666666,4.0,79.19719951354502,12.1065782695865,32.525518830003946,-0.9721181966290612,0.9942757993480691,31.4,985.9599999999999,0.9995239228844999,1.6094379124341003,-2838.634662512345,4638.285689062471,3319.352364456312,89.97749209325389,135.0,67.4
2019-09-18,76.4,82.8,70.0,18.7,17.8,9.7,11.7,124.65276957734851,31.4,121.4666666,4.0,76.86966501897341,12.073769374707863,32.33164148667364,-0.9760105506323682,0.9942757993480691,31.4,985.9599999999999,0.9995239228844999,1.6094379124341003,-2838.634662512345,4638.285689062471,3319.352364456312,89.97749209325389,135.0,61.0
2019-09-19,73.7,78.8,69.4,16.8,18.5,5.8,7.8,48.43683213828011,31.4,121.4666666,4.0,73.95148454594026,12.04094728020737,32.13644186049731,-0.9796136916454901,0.9942757993480691,31.4,985.9599999999999,0.9995239228844999,1.6094379124341003,-2838.634662512345,4638.285689062471,3319.352364456312,89.97749209325389,135.0,59.8
2019-09-20,74.8,78.8,69.6,13.1,18.1,7.3,9.7,124.16499565839482,31.4,121.4666666,4.0,74.8506013553955,12.008117864501951,31.939983416982866,-0.9829265519799822,0.9942757993480691,31.4,985.9599999999999,0.9995239228844999,1.6094379124341003,-2838.634662512345,4638.285689062471,3319.352364456312,89.97749209325389,135.0,61.1
2019-09-21,69.3,71.1,66.7,10.0,9.9,9.5,13.6,9.352738822373876,31.4,121.4666666,4.0,69.15728241243787,11.97528699782474,31.742331278705755,-0.9859481499638303,0.9942757993480691,31.4,985.9599999999999,0.9995239228844999,1.6094379124341003,-2838.634662512345,4638.285689062471,3319.352364456312,89.97749209325389,135.0,65.7
2019-09-22,69.6,72.0,65.7,13.4,14.5,8.3,13.6,143.11136095340308,31.4,121.4666666,4.0,69.26627118295747,11.942460548785771,31.54355218509332,-0.9886775902323404,0.9942757993480691,31.4,985.9599999999999,0.9995239228844999,1.6094379124341003,-2838.634662512345,4638.285689062471,3319.352364456312,89.97749209325389,135.0,63.7
2019-09-23,71.2,80.6,62.6,19.2,13.0,3.4,5.8,51.298264906100016,31.4,121.4666666,4.0,70.66389005288437,11.909644390935568,31.343714449543743,-0.9911140639934546,0.9942757993480691,31.4,985.9599999999999,0.9995239228844999,1.6094379124341003,-2838.634662512345,4638.285689062471,3319.352364456312,89.97749209325389,135.0,62.0
2019-09-24,71.8,81.0,61.0,19.8,9.2,2.4,7.8,-103.98885487540295,31.4,121.4666666,4.0,71.0631190490976,11.876844409319933,31.14288791395647,-0.9932568492674143,0.9942757993480691,31.4,985.9599999999999,0.9995239228844999,1.6094379124341003,-2838.634662512345,4638.285689062471,3319.352364456312,89.97749209325389,135.0,59.6
2019-09-25,71.8,79.9,61.9,20.0,15.0,3.6,7.8,108.59892641620635,31.4,121.4666666,4.0,70.8669979336342,11.844066507014073,30.94114390075612,-0.9951053111006974,0.9942757993480691,31.4,985.9599999999999,0.9995239228844999,1.6094379124341003,-2838.634662512345,4638.285689062471,3319.352364456312,89.97749209325389,135.0,61.7
2019-09-26,72.9,79.9,61.7,21.1,15.3,3.4,5.8,10.816354107921835,31.4,121.4666666,4.0,71.75374841561785,11.811316611624337,30.738555162498272,-0.99665890175417,0.9942757993480691,31.4,985.9599999999999,0.9995239228844999,1.6094379124341003,-2838.634662512345,4638.285689062471,3319.352364456312,89.97749209325389,135.0,63.1
2019-09-27,74.0,79.9,65.7,19.9,13.1,2.7,5.8,6.47077930902137,31.4,121.4666666,4.0,72.63470420409766,11.778600681745566,30.535195829150993,-0.9979171608653922,0.9942757993480691,31.4,985.9599999999999,0.9995239228844999,1.6094379124341003,-2838.634662512345,4638.285689062471,3319.352364456312,89.97749209325389,135.0,64.2
2019-09-28,74.0,80.6,68.0,17.8,9.7,3.2,5.8,25.78527298639147,31.4,121.4666666,4.0,72.43320239906612,11.745924713362074,30.331141353150706,-0.9988797155850335,0.9942757993480691,31.4,985.9599999999999,0.9995239228844999,1.6094379124341003,-2838.634662512345,4638.285689062471,3319.352364456312,89.97749209325389,135.0,66.8
2019-09-29,74.7,79.9,67.5,16.4,11.7,4.6,7.8,-55.227814160302984,31.4,121.4666666,4.0,72.91525979497088,11.71329474618006,30.126468452336784,-0.9995462806873573,0.9942757993480691,31.4,985.9599999999999,0.9995239228844999,1.6094379124341003,-2838.634662512345,4638.285689062471,3319.352364456312,89.97749209325389,135.0,67.1
2019-09-30,76.5,80.6,71.1,14.6,9.2,5.1,5.8,9.42887201135137,31.4,121.4666666,4.0,74.46457004547909,11.680716869879074,29.921255050873285,-0.9999166586547379,0.9942757993480691,31.4,985.9599999999999,0.9995239228844999,1.6094379124341003,-2838.634662512345,4638.285689062471,3319.352364456312,89.97749209325389,135.0,70.8
2019-10-01,73.3,75.2,72.0,7.3,7.1,11.7,13.6,95.4693472853983,31.4,121.4666666,4.0,71.15107141489922,11.648197230269995,29.71558021827108,-0.9999907397361901,0.9942757993480691,31.4,985.9599999999999,0.9995239228844999,1.6094379124341003,-2838.634662512345,4638.285689062471,3319.352364456312,89.97749209325389,135.0,71.6
2019-10-02,73.7,78.3,66.6,10.0,12.8,6.4,11.7,-127.10172021337452,31.4,121.4666666,4.0,71.34001566708767,11.615742035346704,29.509524106627673,-0.9997685019798909,0.9942757993480691,31.4,985.9599999999999,0.9995239228844999,1.6094379124341003,-2838.634662512345,4638.285689062471,3319.352364456312,89.97749209325389,135.0,69.9
2019-10-03,76.3,83.5,66.0,12.5,12.3,2.4,5.8,-28.79939411631859,31.4,121.4666666,4.0,73.65084849341359,11.583357561218389,29.30316788620557,-0.9992500112396835,0.9942757993480691,31.4,985.9599999999999,0.9995239228844999,1.6094379124341003,-2838.634662512345,4638.285689062471,3319.352364456312,89.97749209325389,135.0,69.4
2019-10-04,77.3,82.8,69.1,13.9,6.8,5.8,7.8,-177.9646866808405,31.4,121.4666666,4.0,74.4080147671982,11.551050157909165,29.09659367947404,-0.9984354211555643,0.9942757993480691,31.4,985.9599999999999,0.9995239228844999,1.6094379124341003,-2838.634662512345,4638.285689062471,3319.352364456312,89.97749209325389,135.0,72.1
2019-10-05,70.2,74.3,68.0,20.4,13.9,5.8,7.8,3.188061975897817,31.4,121.4666666,4.0,67.38513359181657,11.518826255011378,28.889884493741555,-0.9973249731081555,0.9942757993480691,31.4,985.9599999999999,0.9995239228844999,1.6094379124341003,-2838.634662512345,4638.285689062471,3319.352364456312,89.97749209325389,135.0,62.0
2019-10-06,69.5,73.4,63.9,20.2,18.3,2.9,5.8,55.60459055311637,31.4,121.4666666,4.0,66.52709329324276,11.486692367178605,28.68312415250968,-0.9959189961471792,0.9942757993480691,31.4,985.9599999999999,0.9995239228844999,1.6094379124341003,-2838.634662512345,4638.285689062471,3319.352364456312,89.97749209325389,135.0,59.8
2019-10-07,67.8,72.9,63.0,19.8,7.7,5.1,9.7,78.56502008856121,31.4,121.4666666,4.0,64.71880131185954,11.454655099444166,28.476397225681218,-0.994217906893952,0.9942757993480691,31.4,985.9599999999999,0.9995239228844999,1.6094379124341003,-2838.634662512345,4638.285689062471,3319.352364456312,89.97749209325389,135.0,61.0
2019-10-08,63.2,67.3,59.0,22.0,2.7,3.6,5.8,125.81469301071256,31.4,121.4666666,4.0,60.15966473571238,11.422721152350451,28.26978895875737,-0.9922222094179324,0.9942757993480691,31.4,985.9599999999999,0.9995239228844999,1.6094379124341003,-2838.634662512345,4638.285689062471,3319.352364456312,89.97749209325389,135.0,58.3
2019-10-09,69.5,73.4,58.1,17.4,17.6,3.9,5.8,32.38551244788521,31.4,121.4666666,4.0,65.97228035147965,11.390897326874185,28.063385201161015,-0.989932495087353,0.9942757993480691,31.4,985.9599999999999,0.9995239228844999,1.6094379124341003,-2838.634662512345,4638.285689062471,3319.352364456312,89.97749209325389,135.0,57.9
2019-10-10,74.3,79.0,63.1,13.3,16.8,3.6,5.8,-32.718468309866395,31.4,121.4666666,4.0,70.33232135954415,11.359190529132299,27.85727233382369,-0.9873494423939864,0.9942757993480691,31.4,985.9599999999999,0.9995239228844999,1.6094379124341003,-2838.634662512345,4638.285689062471,3319.352364456312,89.97749209325389,135.0,64.1
2019-10-11,71.7,75.6,68.5,13.9,7.1,3.6,5.8,114.12118467600561,31.4,121.4666666,4.0,67.6824564547454,11.327607774852787,27.65153719617546,-0.9844738167520923,0.9942757993480691,31.4,985.9599999999999,0.9995239228844999,1.6094379124341003,-2838.634662512345,4638.285689062471,3319.352364456312,89.97749209325389,135.0,66.9
2019-10-12,72.3,77.9,68.9,16.2,12.5,5.3,7.8,70.53939980922888,31.4,121.4666666,4.0,68.05934106640743,11.296156193594594,27.446267012677414,-0.9813064702716093,0.9942757993480691,31.4,985.9599999999999,0.9995239228844999,1.6094379124341003,-2838.634662512345,4638.285689062471,3319.352364456312,89.97749209325389,135.0,62.2
2019-10-13,72.7,77.4,68.4,20.8,16.1,3.9,5.8,27.214378146416422,31.4,121.4666666,4.0,68.24617403977557,11.264843032700231,27.241549319035972,-0.9778483415056567,0.9942757993480691,31.4,985.9599999999999,0.9995239228844999,1.6094379124341003,-2838.634662512345,4638.285689062471,3319.352364456312,89.97749209325389,135.0,62.6
2019-10-14,66.9,71.6,61.0,27.8,14.8,7.3,11.7,59.26283722627609,31.4,121.4666666,4.0,62.62774180987718,11.233675660964515,27.037471888239512,-0.9741004551724206,0.9942757993480691,31.4,985.9599999999999,0.9995239228844999,1.6094379124341003,-2838.634662512345,4638.285689062471,3319.352364456312,89.97749209325389,135.0,58.1
2019-10-15,61.4,64.8,56.7,28.4,17.9,5.6,11.7,122.45518356475878,31.4,121.4666666,4.0,57.32028504341322,11.202661572002585,26.834122656555383,-0.970063921851507,0.9942757993480691,31.4,985.9599999999999,0.9995239228844999,1.6094379124341003,-2838.634662512345,4638.285689062471,3319.352364456312,89.97749209325389,135.0,46.8
2019-10-16,66.2,69.1,56.7,24.3,18.3,4.4,5.8,52.519903642421724,31.4,121.4666666,4.0,61.63114293660504,11.171808387300006,26.63158964962606,-0.965739937654855,0.9942757993480691,31.4,985.9599999999999,0.9995239228844999,1.6094379124341003,-2838.634662512345,4638.285689062471,3319.352364456312,89.97749209325389,135.0,54.8
2019-10-17,67.3,70.7,64.0,22.1,18.2,4.9,7.8,-6.2327187231696435,31.4,121.4666666,4.0,62.483136308819304,11.141123858927662,26.42996090880105,-0.9611297838723007,0.9942757993480691,31.4,985.9599999999999,0.9995239228844999,1.6094379124341003,-2838.634662512345,4638.285689062471,3319.352364456312,89.97749209325389,135.0,55.0
2019-10-18,65.9,70.0,58.5,21.7,16.3,4.6,5.8,53.223009838494846,31.4,121.4666666,4.0,61.01579882987195,11.110615871903844,26.229324417839504,-0.9562348265919058,0.9942757993480691,31.4,985.9599999999999,0.9995239228844999,1.6094379124341003,-2838.634662512345,4638.285689062471,3319.352364456312,89.97749209325389,135.0,53.5
2019-10-19,64.1,72.5,54.5,22.4,8.9,2.9,7.8,-105.06434734098573,31.4,121.4666666,4.0,59.1872288167097,11.080292446185904,26.0297680301168,-0.9510565162951536,0.9942757993480691,31.4,985.9599999999999,0.9995239228844999,1.6094379124341003,-2838.634662512345,4638.285689062471,3319.352364456312,89.97749209325389,135.0,54.4
2019-10-20,64.8,72.9,53.6,20.2,9.3,3.9,7.8,-3.2522703189444755,31.4,121.4666666,4.0,59.670873386677826,11.050161738273673,25.83137939646551,-0.9455963874271428,0.9942757993480691,31.4,985.9599999999999,0.9995239228844999,1.6094379124341003,-2838.634662512345,4638.285689062471,3319.352364456312,89.97749209325389,135.0,54.7
2019-10-21,64.4,72.9,54.9,17.2,11.4,2.7,5.8,-2.776751358285905,31.4,121.4666666,4.0,59.14191196091692,11.020232042406878,25.634245893778626,-0.9398560579418953,0.9942757993480691,31.4,985.9599999999999,0.9995239228844999,1.6094379124341003,-2838.634662512345,4638.285689062471,3319.352364456312,89.97749209325389,135.0,55.3
2019-10-22,67.4,71.1,54.9,16.0,11.7,3.4,5.8,-54.245081416155294,31.4,121.4666666,4.0,61.73004122801998,10.990511791338868,25.438454554499835,-0.9338372288229252,0.9942757993480691,31.4,985.9599999999999,0.9995239228844999,1.6094379124341003,-2838.634662512345,4638.285689062471,3319.352364456312,89.97749209325389,135.0,56.9
2019-10-23,68.7,74.3,64.4,16.9,10.6,5.3,9.7,-118.38169722298531,31.4,121.4666666,4.0,62.75177971192969,10.961009556668941,25.2440919971217,-0.9275416835791965,0.9942757993480691,31.4,985.9599999999999,0.9995239228844999,1.6094379124341003,-2838.634662512345,4638.285689062471,3319.352364456312,89.97749209325389,135.0,59.5
2019-10-24,67.2,75.0,59.7,19.5,10.7,3.9,5.8,-62.826294952757515,31.4,121.4666666,4.0,61.217710672809325,10.931734048715951,25.051244357809516,-0.9209712877166347,0.9942757993480691,31.4,985.9599999999999,0.9995239228844999,1.6094379124341003,-2838.634662512345,4638.285689062471,3319.352364456312,89.97749209325389,135.0,58.9
2019-10-25,67.6,73.8,58.5,21.7,8.2,6.1,7.8,45.64210183207013,31.4,121.4666666,4.0,61.4185101863267,10.902694115915983,24.859997223263548,-0.9141279881853337,0.9942757993480691,31.4,985.9599999999999,0.9995239228844999,1.6094379124341003,-2838.634662512345,4638.285689062471,3319.352364456312,89.97749209325389,135.0,57.7
2019-10-26,61.6,66.6,58.5,22.1,17.9,4.2,7.8,76.22987473620236,31.4,121.4666666,4.0,55.8193468844674,10.873898743727414,24.67043556492861,-0.9070138128026362,0.9942757993480691,31.4,985.9599999999999,0.9995239228844999,1.6094379124341003,-2838.634662512345,4638.285689062471,3319.352364456312,89.97749209325389,135.0,48.0
2019-10-27,58.3,64.9,50.5,19.6,11.8,1.9,1.9,165.58069279250043,31.4,121.4666666,4.0,52.690359682623225,10.84535705302708,24.482643674654806,-0.8996308696522434,0.9942757993480691,31.4,985.9599999999999,0.9995239228844999,1.6094379124341003,-2838.634662512345,4638.285689062471,3319.352364456312,89.97749209325389,135.0,48.9
2019-10-28,61.3,70.0,50.2,17.0,4.1,3.6,5.8,-13.18170140048886,31.4,121.4666666,4.0,55.25724163885721,10.817078297981837,24.29670510190805,-0.8919813464595487,0.9942757993480691,31.4,985.9599999999999,0.9995239228844999,1.6094379124341003,-2838.634662512345,4638.285689062471,3319.352364456312,89.97749209325389,135.0,54.8
2019-10-29,60.7,72.1,50.5,20.9,6.3,4.9,9.7,38.10740073147588,31.4,121.4666666,4.0,54.57472184226716,10.789071863380657,24.1127025926239,-0.8840675099433637,0.9942757993480691,31.4,985.9599999999999,0.9995239228844999,1.6094379124341003,-2838.634662512345,4638.285689062471,3319.352364456312,89.97749209325389,135.0,49.2
2019-10-30,60.8,71.1,49.8,22.4,7.5,3.1,5.8,120.7689317690303,31.4,121.4666666,4.0,54.52415945782595,10.761347261413018,23.930718029792317,-0.8758917051442433,0.9942757993480691,31.4,985.9599999999999,0.9995239228844999,1.6094379124341003,-2838.634662512345,4638.285689062471,3319.352364456312,89.97749209325389,135.0,47.7
2019-10-31,62.2,74.7,49.6,22.1,7.3,2.6,3.9,-55.67304998350443,31.4,121.4666666,4.0,55.63745489618055,10.73391412788049,23.75083237585496,-0.8674563547295971,0.9942757993480691,31.4,985.9599999999999,0.9995239228844999,1.6094379124341003,-2838.634662512345,4638.285689062471,3319.352364456312,89.97749209325389,135.0,50.2
2019-11-01,63.6,75.4,50.4,21.6,7.0,3.6,7.8,57.186829360112,31.4,121.4666666,4.0,56.74594575449599,10.706782217829431,23.573125616991,-0.858763958275803,0.9942757993480691,31.4,985.9599999999999,0.9995239228844999,1.6094379124341003,-2838.634662512345,4638.285689062471,3319.352364456312,89.97749209325389,135.0,53.0
2019-11-02,67.0,73.2,54.3,18.6,7.0,3.6,5.8,61.71889755195376,31.4,121.4666666,4.0,59.6297844866492,10.679961400593886,23.397676709360066,-0.8498170915275277,0.9942757993480691,31.4,985.9599999999999,0.9995239228844999,1.6094379124341003,-2838.634662512345,4638.285689062471,3319.352364456312,89.97749209325389,135.0,58.7
2019-11-03,66.1,72.5,62.8,20.9,16.5,3.9,5.8,11.1,31.4,121.4666666,4.0,58.68281794543446,10.653461654239237,23.22456352736537,-0.8406184056344783,0.9942757993480691,31.4,985.9599999999999,0.9995239228844999,1.6094379124341003,-2838.634662512345,4638.285689062471,3319.352364456312,89.97749209325389,135.0,55.7
2019-11-04,63.2,70.7,58.5,22.6,12.8,6.1,7.8,11.5,31.4,121.4666666,4.0,55.97041011283274,10.627293059398621,23.053862813992502,-0.8311706263658079,0.9942757993480691,31.4,985.9599999999999,0.9995239228844999,1.6094379124341003,-2838.634662512345,4638.285689062471,3319.352364456312,89.97749209325389,135.0,52.9
2019-11-05,59.8,68.2,51.1,20.4,17.9,4.1,7.8,-76.84335051268826,31.4,121.4666666,4.0,52.830637865937085,10.601465792495736,22.885650133272428,-0.8214765533024145,0.9942757993480691,31.4,985.9599999999999,0.9995239228844999,1.6094379124341003,-2838.634662512345,4638.285689062471,3319.352364456312,89.97749209325389,135.0,48.7
2019-11-06,63.5,68.7,50.9,17.2,16.5,2.7,4.5,86.5674703186638,31.4,121.4666666,4.0,55.9646143762664,10.575990118349555,22.71999982491082,-0.8115390590073611,0.9942757993480691,31.4,985.9599999999999,0.9995239228844999,1.6094379124341003,-2838.634662512345,4638.285689062471,3319.352364456312,89.97749209325389,135.0,52.7
2019-11-07,63.7,67.8,57.4,21.0,11.1,5.2,7.8,79.28226546062456,31.4,121.4666666,4.0,56.00756879529032,10.5508763821583,22.556984961117358,-0.801361088174677,0.9942757993480691,31.4,985.9599999999999,0.9995239228844999,1.6094379124341003,-2838.634662512345,4638.285689062471,3319.352364456312,89.97749209325389,135.0,51.2
2019-11-08,58.8,65.5,55.4,24.4,18.6,5.6,7.8,-109.59980727214896,31.4,121.4666666,4.0,51.57806150422486,10.526135000862217,22.396677305662323,-0.7909456567567774,0.9942757993480691,31.4,985.9599999999999,0.9995239228844999,1.6094379124341003,-2838.634662512345,4638.285689062471,3319.352364456312,89.97749209325389,135.0,43.5
2019-11-09,55.7,66.4,45.0,21.9,15.8,3.0,5.8,-78.95394360700175,31.4,121.4666666,4.0,48.74574570679137,10.50177645388683,22.239147275179725,-0.780295851070776,0.9942757993480691,31.4,985.9599999999999,0.9995239228844999,1.6094379124341003,-2838.634662512345,4638.285689062471,3319.352364456312,89.97749209325389,135.0,44.1
2019-11-10,60.5,71.1,44.6,14.4,8.1,6.6,15.5,-86.72365863757072,31.4,121.4666666,4.0,52.82563183607358,10.477811273270794,22.08446390272873,-0.7694148268839381,0.9942757993480691,31.4,985.9599999999999,0.9995239228844999,1.6094379124341003,-2838.634662512345,4638.285689062471,3319.352364456312,89.97749209325389,135.0,45.0
2019-11-11,58.7,71.1,45.7,18.2,12.1,3.4,5.8,-15.465323355233256,31.4,121.4666666,4.0,51.138706412329526,10.45425003318491,21.932694803617704,-0.7583058084785625,0.9942757993480691,31.4,985.9599999999999,0.9995239228844999,1.6094379124341003,-2838.634662512345,4638.285689062471,3319.352364456312,89.97749209325389,135.0,40.7
2019-11-12,65.1,68.4,48.7,19.2,14.1,3.6,5.8,14.204759178577177,31.4,121.4666666,4.0,56.58873561326938,10.4311033388515,21.783906143487396,-0.7469720876965551,0.9942757993480691,31.4,985.9599999999999,0.9995239228844999,1.6094379124341003,-2838.634662512345,4638.285689062471,3319.352364456312,89.97749209325389,135.0,55.1
2019-11-13,62.2,69.1,54.7,23.8,9.7,7.9,11.7,29.92991149701727,31.4,121.4666666,4.0,53.95011240710778,10.4083818148761,21.638162608642467,-0.7354170229639858,0.9942757993480691,31.4,985.9599999999999,0.9995239228844999,1.6094379124341003,-2838.634662512345,4638.285689062471,3319.352364456312,89.97749209325389,135.0,46.1
2019-11-14,55.2,63.7,46.2,23.1,15.1,3.6,5.8,-29.043424112037457,31.4,121.4666666,4.0,47.77604202782863,10.386096093006223,21.495527378612493,-0.7236440382959124,0.9942757993480691,31.4,985.9599999999999,0.9995239228844999,1.6094379124341003,-2838.634662512345,4638.285689062471,3319.352364456312,89.97749209325389,135.0,38.6
2019-11-15,61.6,70.9,45.9,17.8,14.1,4.0,7.8,110.40654771684525,31.4,121.4666666,4.0,53.20318490325258,10.364256799334918,21.356062100916663,-0.711656622281775,0.9942757993480691,31.4,985.9599999999999,0.9995239228844999,1.6094379124341003,-2838.634662512345,4638.285689062471,3319.352364456312,89.97749209325389,135.0,49.5
2019-11-16,66.7,76.1,55.8,15.4,16.0,4.9,7.8,-6.1216795610405725,31.4,121.4666666,4.0,57.48914432355718,10.342874540969806,21.219826867998755,-0.6994583270516471,0.9942757993480691,31.4,985.9599999999999,0.9995239228844999,1.6094379124341003,-2838.634662512345,4638.285689062471,3319.352364456312,89.97749209325389,135.0,54.0
2019-11-17,66.9,77.4,54.0,17.1,11.9,7.0,11.7,12.0,31.4,121.4666666,4.0,57.54492639896719,10.321959892191424,21.086880196291595,-0.6870527672236675,0.9942757993480691,31.4,985.9599999999999,0.9995239228844999,1.6094379124341003,-2838.634662512345,4638.285689062471,3319.352364456312,89.97749209325389,135.0,55.0
2019-11-18,49.4,57.6,45.0,27.8,8.0,7.8,11.7,-92.77435605525365,31.4,121.4666666,4.0,42.40793791485915,10.301523380127728,20.95727900736338,-0.6744436188329457,0.9942757993480691,31.4,985.9599999999999,0.9995239228844999,1.6094379124341003,-2838.634662512345,4638.285689062471,3319.352364456312,89.97749209325389,135.0,34.3
2019-11-19,50.3,55.6,40.6,29.6,14.3,4.1,5.8,-22.590223807084627,31.4,121.4666666,4.0,43.09693717831107,10.28157546997481,20.83107861109118,-0.661634618242279,0.9942757993480691,31.4,985.9599999999999,0.9995239228844999,1.6094379124341003,-2838.634662512345,4638.285689062471,3319.352364456312,89.97749209325389,135.0,34.1
2019-11-20,55.7,59.7,48.0,28.9,17.2,3.9,5.8,19.103243090518568,31.4,121.4666666,4.0,47.63337073530767,10.262126549796985,20.70833269080043,-0.6486295610349818,0.9942757993480691,31.4,985.9599999999999,0.9995239228844999,1.6094379124341003,-2838.634662512345,4638.285689062471,3319.352364456312,89.97749209325389,135.0,42.0
2019-11-21,58.3,63.3,48.9,24.7,14.0,3.4,5.8,-2.661395309756175,31.4,121.4666666,4.0,49.76481642842947,10.243186914942601,20.58909329030279,-0.6354323008901775,0.9942757993480691,31.4,985.9599999999999,0.9995239228844999,1.6094379124341003,-2838.634662512345,4638.285689062471,3319.352364456312,89.97749209325389,135.0,50.4
2019-11-22,63.9,69.6,53.4,21.1,5.0,3.9,5.8,-27.77307120413624,31.4,121.4666666,4.0,54.44688295501161,10.224766752114856,20.47341080275852,-0.622046748440868,0.9942757993480691,31.4,985.9599999999999,0.9995239228844999,1.6094379124341003,-2838.634662512345,4638.285689062471,3319.352364456312,89.97749209325389,135.0,61.4
2019-11-23,67.0,71.6,59.0,18.8,7.9,3.2,7.8,-61.59737609677586,31.4,121.4666666,4.0,56.98839168753228,10.206876123140109,20.361333961284103,-0.6084768701151264,0.9942757993480691,31.4,985.9599999999999,0.9995239228844999,1.6094379124341003,-2838.634662512345,4638.285689062471,3319.352364456312,89.97749209325389,135.0,64.0
2019-11-24,60.6,70.9,51.3,25.1,10.9,8.3,11.7,88.2328912353816,31.4,121.4666666,4.0,51.45710098981861,10.189524948478933,20.252909831220226,-0.594726686960764,0.9942757993480691,31.4,985.9599999999999,0.9995239228844999,1.6094379124341003,-2838.634662512345,4638.285689062471,3319.352364456312,89.97749209325389,135.0,54.5
2019-11-25,47.8,70.3,45.1,32.4,17.1,6.7,11.7,28.0,31.4,121.4666666,4.0,40.5213465789368,10.172722990528067,20.148183803970202,-0.5808002734538013,0.9942757993480691,31.4,985.9599999999999,0.9995239228844999,1.6094379124341003,-2838.634662512345,4638.285689062471,3319.352364456312,89.97749209325389,135.0,39.2
2019-11-26,51.0,54.7,45.1,29.0,18.4,4.4,6.6,16.5,31.4,121.4666666,4.0,43.16503930624705,10.156479836764012,20.04719959231472,-0.5667017562911184,0.9942757993480691,31.4,985.9599999999999,0.9995239228844999,1.6094379124341003,-2838.634662512345,4638.285689062471,3319.352364456312,89.97749209325389,135.0,42.1
2019-11-27,48.8,54.7,46.8,30.1,12.9,7.1,8.9,23.3,31.4,121.4666666,4.0,41.239273189978285,10.140804882781545,19.949999227104307,-0.5524353131676203,0.9942757993480691,31.4,985.9599999999999,0.9995239228844999,1.6094379124341003,-2838.634662512345,4638.285689062471,3319.352364456312,89.97749209325389,135.0,43.9
2019-11-28,49.0,51.8,46.8,32.3,18.5,7.0,9.1,23.3,31.4,121.4666666,4.0,41.34663820407084,10.125707315282655,19.85662305522752,-0.5380051715382992,0.9942757993480691,31.4,985.9599999999999,0.9995239228844999,1.6094379124341003,-2838.634662512345,4638.285689062471,3319.352364456312,89.97749209325389,135.0,37.2
2019-11-29,50.8,54.1,45.3,30.4,18.4,4.6,8.0,18.5,31.4,121.4666666,4.0,42.804063469144644,10.111196095073538,19.767109738749948,-0.5234156073655503,0.9942757993480691,31.4,985.9599999999999,0.9995239228844999,1.6094379124341003,-2838.634662512345,4638.285689062471,3319.352364456312,89.97749209325389,135.0,41.8
2019-11-30,53.8,56.5,45.3,24.2,8.6,5.0,7.0,15.5,31.4,121.4666666,4.0,45.26947173157826,10.09727994012898,19.681496255116148,-0.5086709438521042,0.9942757993480691,31.4,985.9599999999999,0.9995239228844999,1.6094379124341003,-2838.634662512345,4638.285689062471,3319.352364456312,89.97749209325389,135.0,51.6
2019-12-01,45.4,54.1,40.5,24.5,3.9,9.4,12.4,23.7,31.4,121.4666666,4.0,38.15100965157028,10.083967308785097,19.599817898305258,-0.49377555015997737,0.9942757993480691,31.4,985.9599999999999,0.9995239228844999,1.6094379124341003,-2838.634662512345,4638.285689062471,3319.352364456312,89.97749209325389,135.0,42.0
2019-12-02,42.9,50.5,33.8,29.7,8.0,4.4,8.7,22.5,31.4,121.4666666,4.0,36.00477731966297,10.07126638312251,19.52210828082909,-0.4787338401157883,0.9942757993480691,31.4,985.9599999999999,0.9995239228844999,1.6094379124341003,-2838.634662512345,4638.285689062471,3319.352364456312,89.97749209325389,135.0,29.2
2019-12-03,41.1,51.1,32.2,30.2,4.4,2.6,5.1,12.6,31.4,121.4666666,4.0,34.45270880516526,10.059185052602993,19.448399336461197,-0.4635502709028512,0.9942757993480691,31.4,985.9599999999999,0.9995239228844999,1.6094379124341003,-2838.634662512345,4638.285689062471,3319.352364456312,89.97749209325389,135.0,30.2
2019-12-04,46.2,54.0,31.6,31.7,7.4,3.0,4.9,12.6,31.4,121.4666666,4.0,38.6837639573893,10.047730898023195,19.378721323584937,-0.4482293417404106,0.9942757993480691,31.4,985.9599999999999,0.9995239228844999,1.6094379124341003,-2838.634662512345,4638.285689062471,3319.352364456312,89.97749209325389,135.0,29.1
2019-12-05,49.4,56.1,37.6,34.7,13.3,6.6,9.3,19.6,31.4,121.4666666,4.0,41.31861767391215,10.036911175849106,19.31310282904931,-0.4327755925504317,0.9942757993480691,31.4,985.9599999999999,0.9995239228844999,1.6094379124341003,-2838.634662512345,4638.285689062471,3319.352364456312,89.97749209325389,135.0,37.9
2019-12-06,44.0,56.1,34.2,34.4,18.5,5.1,8.2,19.6,31.4,121.4666666,4.0,36.764686944314775,10.026732802994939,19.251570772422326,-0.41719360261231697,0.9942757993480691,31.4,985.9599999999999,0.9995239228844999,1.6094379124341003,-2838.634662512345,4638.285689062471,3319.352364456312,89.97749209325389,135.0,30.1
2019-12-07,40.9,50.4,31.6,32.2,8.7,2.5,7.2,14.0,31.4,121.4666666,4.0,34.141964649355984,10.017202342109336,19.19415041053322,-0.4014879892059737,0.9942757993480691,31.4,985.9599999999999,0.9995239228844999,1.6094379124341003,-2838.634662512345,4638.285689062471,3319.352364456312,89.97749209325389,135.0,29.0
2019-12-08,40.7,54.3,30.9,27.9,4.2,1.8,3.9,197.2172284154392,31.4,121.4666666,4.0,33.94490564070318,10.008325987430913,19.14086534219785,-0.38566340624360745,0.9942757993480691,31.4,985.9599999999999,0.9995239228844999,1.6094379124341003,-2838.634662512345,4638.285689062471,3319.352364456312,89.97749209325389,135.0,31.4
2019-12-09,47.1,62.2,32.4,22.4,5.3,2.5,6.0,10.7,31.4,121.4666666,4.0,39.250429988749744,10.00010955127382,19.09173751302386,-0.3697245428906732,0.9942757993480691,31.4,985.9599999999999,0.9995239228844999,1.6094379124341003,-2838.634662512345,4638.285689062471,3319.352364456312,89.97749209325389,135.0,36.0
2019-12-10,50.4,65.3,37.2,19.2,5.7,2.3,4.5,11.3,31.4,121.4666666,4.0,41.9687454950488,9.992558451202095,19.04678722019658,-0.3536761221763721,0.9942757993480691,31.4,985.9599999999999,0.9995239228844999,1.6094379124341003,-2838.634662512345,4638.285689062471,3319.352364456312,89.97749209325389,135.0,39.3
2019-12-11,50.0,65.1,39.6,24.7,6.4,4.3,6.8,15.2,31.4,121.4666666,4.0,41.60699040812299,9.985677697949518,19.00603311715024,-0.33752289959411347,0.9942757993480691,31.4,985.9599999999999,0.9995239228844999,1.6094379124341003,-2838.634662512345,4638.285689062471,3319.352364456312,89.97749209325389,135.0,40.1
2019-12-12,48.4,57.9,38.8,28.3,12.9,3.8,5.2,12.8,31.4,121.4666666,4.0,40.25053659936075,9.979471884139029,18.969492218034574,-0.32126966169236515,0.9942757993480691,31.4,985.9599999999999,0.9995239228844999,1.6094379124341003,-2838.634662512345,4638.285689062471,3319.352364456312,89.97749209325389,135.0,36.3
2019-12-13,51.7,63.0,38.8,25.2,10.2,3.2,7.4,15.0,31.4,121.4666666,4.0,42.97108045734927,9.973945173852828,18.93717990189175,-0.3049212246562894,0.9942757993480691,31.4,985.9599999999999,0.9995239228844999,1.6094379124341003,-2838.634662512345,4638.285689062471,3319.352364456312,89.97749209325389,135.0,42.3
2019-12-14,52.9,63.0,41.4,27.3,11.9,5.3,10.1,19.4,31.4,121.4666666,4.0,43.947121533753325,9.969101293100943,18.90910991646498,-0.2884824328806098,0.9942757993480691,31.4,985.9599999999999,0.9995239228844999,1.6094379124341003,-2838.634662512345,4638.285689062471,3319.352364456312,89.97749209325389,135.0,47.1
2019-12-15,57.4,61.3,49.1,23.0,16.0,5.2,7.6,17.5,31.4,121.4666666,4.0,47.66564650989491,9.964943521232385,18.885294381566293,-0.27195815753410524,0.9942757993480691,31.4,985.9599999999999,0.9995239228844999,1.6094379124341003,-2838.634662512345,4638.285689062471,3319.352364456312,89.97749209325389,135.0,50.9
2019-12-16,61.2,70.7,52.7,16.5,6.2,3.5,7.8,13.6,31.4,121.4666666,4.0,50.80352088497772,9.961474683328964,18.865743791938065,-0.2553532951161881,0.9942757993480691,31.4,985.9599999999999,0.9995239228844999,1.6094379124341003,-2838.634662512345,4638.285689062471,3319.352364456312,89.97749209325389,135.0,57.1
2019-12-17,52.6,70.7,47.8,22.2,4.2,6.2,9.1,17.1,31.4,121.4666666,4.0,43.65228914619036,9.958697143617574,18.850467019550315,-0.23867276600594997,0.9942757993480691,31.4,985.9599999999999,0.9995239228844999,1.6094379124341003,-2838.634662512345,4638.285689062471,3319.352364456312,89.97749209325389,135.0,49.1
2019-12-18,44.4,57.4,39.7,28.1,15.6,5.9,8.4,18.6,31.4,121.4666666,4.0,36.83946735974887,9.95661279993213,18.83947131528334,-0.22192151300416674,0.9942757993480691,31.4,985.9599999999999,0.9995239228844999,1.6094379124341003,-2838.634662512345,4638.285689062471,3319.352364456312,89.97749209325389,135.0,38.3
2019-12-19,44.5,48.0,39.7,29.3,14.5,4.0,5.6,16.3,31.4,121.4666666,4.0,36.91728558555778,9.955223079251535,18.832762309953544,-0.20510449986861926,0.9942757993480691,31.4,985.9599999999999,0.9995239228844999,1.6094379124341003,-2838.634662512345,4638.285689062471,3319.352364456312,89.97749209325389,135.0,36.4
2019-12-20,48.3,50.0,41.9,28.0,7.2,4.8,6.4,15.7,31.4,121.4666666,4.0,40.066978960698556,9.954528934335046,18.830344014648634,-0.1882267098432439,0.9942757993480691,31.4,985.9599999999999,0.9995239228844999,1.6094379124341003,-2838.634662512345,4638.285689062471,3319.352364456312,89.97749209325389,135.0,40.4
2019-12-21,49.1,50.2,44.8,22.0,7.2,5.2,9.1,18.1,31.4,121.4666666,4.0,40.73062202635289,9.954530841471176,18.832218820346846,-0.1712931441814778,0.9942757993480691,31.4,985.9599999999999,0.9995239228844999,1.6094379124341003,-2838.634662512345,4638.285689062471,3319.352364456312,89.97749209325389,135.0,47.4
2019-12-22,50.8,54.9,47.1,20.3,12.9,3.1,8.0,16.9,31.4,121.4666666,4.0,42.14380191725246,9.955228799350975,18.838387496803957,-0.154308820664281,0.9942757993480691,31.4,985.9599999999999,0.9995239228844999,1.6094379124341003,-2838.634662512345,4638.285689062471,3319.352364456312,89.97749209325389,135.0,46.8
2019-12-23,50.9,54.9,46.9,23.4,6.3,6.2,8.9,17.3,31.4,121.4666666,4.0,42.23267304581005,9.956622329071132,18.84884919070042,-0.13727877211326517,0.9942757993480691,31.4,985.9599999999999,0.9995239228844999,1.6094379124341003,-2838.634662512345,4638.285689062471,3319.352364456312,89.97749209325389,135.0,46.5
2019-12-24,51.2,54.9,48.4,23.7,11.1,5.0,8.2,17.3,31.4,121.4666666,4.0,42.4904980278053,9.958710475266868,18.863601423050195,-0.12020804489935275,0.9942757993480691,31.4,985.9599999999999,0.9995239228844999,1.6094379124341003,-2838.634662512345,4638.285689062471,3319.352364456312,89.97749209325389,135.0,46.5
2019-12-25,54.8,57.7,49.5,17.2,5.1,4.9,8.0,22.9,31.4,121.4666666,4.0,45.49081259155255,9.961491808369171,18.882640085881743,-0.10310169744743544,0.9942757993480691,31.4,985.9599999999999,0.9995239228844999,1.6094379124341003,-2838.634662512345,4638.285689062471,3319.352364456312,89.97749209325389,135.0,52.9
2019-12-26,43.5,57.7,36.0,25.3,8.0,7.5,10.5,22.9,31.4,121.4666666,4.0,36.12299605141117,9.964964427975495,18.905959438210548,-0.0859647987374467,0.9942757993480691,31.4,985.9599999999999,0.9995239228844999,1.6094379124341003,-2838.634662512345,4638.285689062471,3319.352364456312,89.97749209325389,135.0,37.6
2019-12-27,38.1,50.0,30.7,27.7,3.8,2.8,5.6,20.6,31.4,121.4666666,4.0,31.65197494623386,9.969125967317751,18.93355210133159,-0.06880242680232064,0.9942757993480691,31.4,985.9599999999999,0.9995239228844999,1.6094379124341003,-2838.634662512345,4638.285689062471,3319.352364456312,89.97749209325389,135.0,30.0
2019-12-28,50.0,55.9,30.6,23.8,6.4,3.2,6.6,14.4,31.4,121.4666666,4.0,41.55822332835913,9.973973598806191,18.96540905346857,-0.05161966722325418,0.9942757993480691,31.4,985.9599999999999,0.9995239228844999,1.6094379124341003,-2838.634662512345,4638.285689062471,3319.352364456312,89.97749209325389,135.0,41.8
2019-12-29,52.7,58.6,34.3,21.5,5.7,3.5,5.2,16.1,31.4,121.4666666,4.0,43.82665524506847,9.979504040622801,19.00151962382531,-0.034421611622745804,0.9942757993480691,31.4,985.9599999999999,0.9995239228844999,1.6094379124341003,-2838.634662512345,4638.285689062471,3319.352364456312,89.97749209325389,135.0,47.2
2019-12-30,46.6,58.6,35.4,31.2,8.2,7.3,11.5,30.5,31.4,121.4666666,4.0,38.77785434149303,9.985713564332968,19.041871486093022,-0.01721335615583528,0.9942757993480691,31.4,985.9599999999999,0.9995239228844999,1.6094379124341003,-2838.634662512345,4638.285689062471,3319.352364456312,89.97749209325389,135.0,37.0
2019-12-31,36.5,57.4,29.1,36.6,17.6,4.0,7.4,30.5,31.4,121.4666666,4.0,30.394152260583787,9.992598003479602,19.08645065147476,6.432490598706546e-16,0.9942757993480691,31.4,985.9599999999999,0.9995239228844999,1.6094379124341003,-2838.634662512345,4638.285689062471,3319.352364456312,89.97749209325389,135.0,25.5
2020-01-01,44.4,49.6,28.6,30.8,16.7,3.4,6.6,13.8,31.4,121.4666666,4.0,37.000565223542566,10.000152763119614,19.13524146129605,0.017213356155834685,0.9942757993480691,31.4,985.9599999999999,0.9995239228844999,1.6094379124341003,-2838.634662512345,4638.285689062471,3319.352364456312,89.97749209325389,135.0,35.6
2020-01-02,51.1,55.0,33.8,27.8,9.0,2.4,3.9,-21.048563022159296,31.4,121.4666666,4.0,42.61898763551793,10.008372830258613,19.188226579277735,0.03442161162274574,0.9942757993480691,31.4,985.9599999999999,0.9995239228844999,1.6094379124341003,-2838.634662512345,4638.285689062471,3319.352364456312,89.97749209325389,135.0,47.3
2020-01-03,49.3,55.0,48.0,26.5,3.5,3.7,5.4,12.8,31.4,121.4666666,4.0,41.154213525600426,10.017252785136007,19.24538698355352,0.051619667223253764,0.9942757993480691,31.4,985.9599999999999,0.9995239228844999,1.6094379124341003,-2838.634662512345,4638.285689062471,3319.352364456312,89.97749209325389,135.0,48.2
2020-01-04,49.2,51.3,45.9,27.1,4.1,3.4,4.3,12.2,31.4,121.4666666,4.0,41.10982593456851,10.026786813309393,19.306701958521014,0.06880242680231986,0.9942757993480691,31.4,985.9599999999999,0.9995239228844999,1.6094379124341003,-2838.634662512345,4638.285689062471,3319.352364456312,89.97749209325389,135.0,44.9
2020-01-05,55.7,59.0,45.9,24.3,12.5,5.9,8.4,17.3,31.4,121.4666666,4.0,46.58826313496377,10.036968718484115,19.372149086620652,0.08596479873744647,0.9942757993480691,31.4,985.9599999999999,0.9995239228844999,1.6094379124341003,-2838.634662512345,4638.285689062471,3319.352364456312,89.97749209325389,135.0,49.8
2020-01-06,63.4,73.4,51.4,16.7,11.4,3.6,7.0,16.5,31.4,121.4666666,4.0,53.08583406203227,10.047791936031345,19.44170424014148,0.10310169744743485,0.9942757993480691,31.4,985.9599999999999,0.9995239228844999,1.6094379124341003,-2838.634662512345,4638.285689062471,3319.352364456312,89.97749209325389,135.0,57.2
2020-01-07,49.0,73.4,40.8,17.8,9.6,9.8,15.2,31.1,31.4,121.4666666,4.0,41.07526898413784,10.0592495471358,19.515341573157976,0.1202080448993527,0.9942757993480691,31.4,985.9599999999999,0.9995239228844999,1.6094379124341003,-2838.634662512345,4638.285689062471,3319.352364456312,89.97749209325389,135.0,44.2
2020-01-08,42.0,64.4,40.5,27.6,9.7,6.7,10.1,31.1,31.4,121.4666666,4.0,35.2496700272937,10.071334293512486,19.593033513705,0.13727877211326478,0.9942757993480691,31.4,985.9599999999999,0.9995239228844999,1.6094379124341003,-2838.634662512345,4638.285689062471,3319.352364456312,89.97749209325389,135.0,31.5
2020-01-09,43.9,47.3,40.6,24.9,10.3,4.0,5.1,13.6,31.4,121.4666666,4.0,36.89077451803976,10.084038592630458,19.674750756302018,0.15430882066428117,0.9942757993480691,31.4,985.9599999999999,0.9995239228844999,1.6094379124341003,-2838.634662512345,4638.285689062471,3319.352364456312,89.97749209325389,135.0,40.1
2020-01-10,45.8,47.8,41.5,21.4,9.3,6.1,8.2,17.1,31.4,121.4666666,4.0,38.53823654540249,10.097354553380566,19.76046225493954,0.1712931441814776,0.9942757993480691,31.4,985.9599999999999,0.9995239228844999,1.6094379124341003,-2838.634662512345,4638.285689062471,3319.352364456312,89.97749209325389,135.0,43.7
2020-01-11,43.5,47.8,39.9,22.1,5.8,5.0,7.2,15.7,31.4,121.4666666,4.0,36.653368221448325,10.111273992123676,19.850135216643256,0.1882267098432442,0.9942757993480691,31.4,985.9599999999999,0.9995239228844999,1.6094379124341003,-2838.634662512345,4638.285689062471,3319.352364456312,89.97749209325389,135.0,38.6
2020-01-12,41.0,46.0,35.4,24.2,2.7,4.7,8.5,15.5,31.4,121.4666666,4.0,34.59644386760653,10.12578844905557,19.94373509573209,0.2051044998686192,0.9942757993480691,31.4,985.9599999999999,0.9995239228844999,1.6094379124341003,-2838.634662512345,4638.285689062471,3319.352364456312,89.97749209325389,135.0,32.9
2020-01-13,43.0,48.2,33.8,24.5,3.6,2.9,4.5,11.3,31.4,121.4666666,4.0,36.33818631728954,10.140889204824989,20.041225588887517,0.2219215130041655,0.9942757993480691,31.4,985.9599999999999,0.9995239228844999,1.6094379124341003,-2838.634662512345,4638.285689062471,3319.352364456312,89.97749209325389,135.0,33.5
2020-01-14,41.4,48.2,35.4,28.0,4.8,4.6,6.2,17.5,31.4,121.4666666,4.0,35.04015717582911,10.156567297341772,20.14256863115088,0.2386727660059501,0.9942757993480691,31.4,985.9599999999999,0.9995239228844999,1.6094379124341003,-2838.634662512345,4638.285689062471,3319.352364456312,89.97749209325389,135.0,32.6
2020-01-15,43.2,46.0,37.8,26.4,12.0,6.4,7.2,16.1,31.4,121.4666666,4.0,36.62212873936675,10.172813538712985,20.247724392965353,0.255353295116187,0.9942757993480691,31.4,985.9599999999999,0.9995239228844999,1.6094379124341003,-2838.634662512345,4638.285689062471,3319.352364456312,89.97749209325389,135.0,37.0
2020-01-16,42.9,46.0,41.2,25.4,14.1,6.3,7.8,18.6,31.4,121.4666666,4.0,36.42788625278003,10.189618532246163,20.356651278377573,0.2719581575341055,0.9942757993480691,31.4,985.9599999999999,0.9995239228844999,1.6094379124341003,-2838.634662512345,4638.285689062471,3319.352364456312,89.97749209325389,135.0,40.4
2020-01-17,41.4,44.4,39.2,26.6,7.0,5.2,7.4,17.3,31.4,121.4666666,4.0,35.21405577863781,10.206972689460233,20.46930592451206,0.288482432880609,0.9942757993480691,31.4,985.9599999999999,0.9995239228844999,1.6094379124341003,-2838.634662512345,4638.285689062471,3319.352364456312,89.97749209325389,135.0,34.0
2020-01-18,40.1,44.1,39.2,25.5,5.1,4.0,6.6,14.2,31.4,121.4666666,4.0,34.16809470888063,10.224866247046574,20.5856432024294,0.30492122465628907,0.9942757993480691,31.4,985.9599999999999,0.9995239228844999,1.6094379124341003,-2838.634662512345,4638.285689062471,3319.352364456312,89.97749209325389,135.0,29.4
2020-01-19,39.9,49.3,31.8,24.6,3.8,3.2,7.8,14.4,31.4,121.4666666,4.0,34.058936868384656,10.243289283724708,20.70561621947558,0.3212696616923644,0.9942757993480691,31.4,985.9599999999999,0.9995239228844999,1.6094379124341003,-2838.634662512345,4638.285689062471,3319.352364456312,89.97749209325389,135.0,31.5
2020-01-20,41.5,50.7,31.6,27.1,1.8,2.4,5.6,14.0,31.4,121.4666666,4.0,35.49021809024854,10.262231736939336,20.829176323226974,0.3375228995941133,0.9942757993480691,31.4,985.9599999999999,0.9995239228844999,1.6094379124341003,-2838.634662512345,4638.285689062471,3319.352364456312,89.97749209325389,135.0,35.1
2020-01-21,49.6,55.6,33.1,23.8,3.2,4.3,8.0,16.7,31.4,121.4666666,4.0,42.49762479997172,10.281683419347996,20.956273107130723,0.3536761221763716,0.9942757993480691,31.4,985.9599999999999,0.9995239228844999,1.6094379124341003,-2838.634662512345,4638.285689062471,3319.352364456312,89.97749209325389,135.0,43.8
2020-01-22,48.4,55.6,37.6,20.6,1.6,3.1,4.9,12.2,31.4,121.4666666,4.0,41.54992394137328,10.301634035051226,21.086854417936063,0.3697245428906731,0.9942757993480691,31.4,985.9599999999999,0.9995239228844999,1.6094379124341003,-2838.634662512345,4638.285689062471,3319.352364456312,89.97749209325389,135.0,47.6
2020-01-23,48.3,51.8,46.4,25.1,7.7,3.9,4.7,13.8,31.4,121.4666666,4.0,41.546344611967804,10.322073195519952,21.22086636500717,0.38566340624360707,0.9942757993480691,31.4,985.9599999999999,0.9995239228844999,1.6094379124341003,-2838.634662512345,4638.285689062471,3319.352364456312,89.97749209325389,135.0,46.4
2020-01-24,47.3,51.8,45.5,28.5,6.6,5.1,6.8,17.9,31.4,121.4666666,4.0,40.76862063199211,10.342990435177702,21.358253331602253,0.401487989205973,0.9942757993480691,31.4,985.9599999999999,0.9995239228844999,1.6094379124341003,-2838.634662512345,4638.285689062471,3319.352364456312,89.97749209325389,135.0,44.0
2020-01-25,46.0,49.8,44.8,25.8,7.7,6.5,8.9,17.5,31.4,121.4666666,4.0,39.73010503529344,10.36437522659829,21.498957988198185,0.4171936026123168,0.9942757993480691,31.4,985.9599999999999,0.9995239228844999,1.6094379124341003,-2838.634662512345,4638.285689062471,3319.352364456312,89.97749209325389,135.0,44.6
2020-01-26,46.0,48.0,43.0,19.9,10.0,7.5,9.7,23.1,31.4,121.4666666,4.0,39.81383181525038,10.386216995282709,21.642921307933534,0.4327755925504312,0.9942757993480691,31.4,985.9599999999999,0.9995239228844999,1.6094379124341003,-2838.634662512345,4638.285689062471,3319.352364456312,89.97749209325389,135.0,44.2
2020-01-27,41.7,48.0,38.1,20.6,6.6,7.0,9.1,23.1,31.4,121.4666666,4.0,36.16955534058763,10.408505133982052,21.790082584236295,0.4482293417404106,0.9942757993480691,31.4,985.9599999999999,0.9995239228844999,1.6094379124341003,-2838.634662512345,4638.285689062471,3319.352364456312,89.97749209325389,135.0,39.1
2020-01-28,41.3,44.6,37.8,23.0,4.0,6.4,8.5,17.3,31.4,121.4666666,4.0,35.90081319857961,10.431229016536449,21.940379450695968,0.4635502709028509,0.9942757993480691,31.4,985.9599999999999,0.9995239228844999,1.6094379124341003,-2838.634662512345,4638.285689062471,3319.352364456312,89.97749209325389,135.0,34.7
2020-01-29,42.2,49.6,34.7,22.2,7.0,7.6,11.7,23.5,31.4,121.4666666,4.0,36.76456267273107,10.454378011203145,22.0937479032324,0.47873384011578846,0.9942757993480691,31.4,985.9599999999999,0.9995239228844999,1.6094379124341003,-2838.634662512345,4638.285689062471,3319.352364456312,89.97749209325389,135.0,29.1
2020-01-30,38.7,49.6,32.9,23.9,7.2,6.2,11.5,24.9,31.4,121.4666666,4.0,33.79136131637619,10.47794149344998,22.250122324606387,0.49377555015997715,0.9942757993480691,31.4,985.9599999999999,0.9995239228844999,1.6094379124341003,-2838.634662512345,4638.285689062471,3319.352364456312,89.97749209325389,135.0,25.1
2020-01-31,37.6,48.7,28.0,26.3,14.1,2.9,6.8,18.3,31.4,121.4666666,4.0,32.90598108900632,10.501908858193504,22.409435511309844,0.5086709438521044,0.9942757993480691,31.4,985.9599999999999,0.9995239228844999,1.6094379124341003,-2838.634662512345,4638.285689062471,3319.352364456312,89.97749209325389,135.0,24.6
2020-02-01,40.8,53.6,27.7,27.4,13.3,2.1,4.9,-8.551579767920073,31.4,121.4666666,4.0,35.78931640697802,10.526269531464123,22.571618702865365,0.5234156073655503,0.9942757993480691,31.4,985.9599999999999,0.9995239228844999,1.6094379124341003,-2838.634662512345,4638.285689062471,3319.352364456312,89.97749209325389,135.0,28.6
2020-02-02,46.7,57.0,32.2,25.8,8.9,3.0,5.8,11.8,31.4,121.4666666,4.0,41.06102551960647,10.55101298148346,22.7366016135574,0.5380051715382996,0.9942757993480691,31.4,985.9599999999999,0.9995239228844999,1.6094379124341003,-2838.634662512345,4638.285689062471,3319.352364456312,89.97749209325389,135.0,38.1
2020-02-03,43.3,57.0,35.1,28.2,9.9,3.8,8.2,16.5,31.4,121.4666666,4.0,38.16219783098746,10.576128729142022,22.90431246660923,0.5524353131676196,0.9942757993480691,31.4,985.9599999999999,0.9995239228844999,1.6094379124341003,-2838.634662512345,4638.285689062471,3319.352364456312,89.97749209325389,135.0,37.0
2020-02-04,44.1,53.2,34.0,26.6,15.5,3.6,6.2,11.8,31.4,121.4666666,4.0,38.960903365164896,10.601606357867999,23.07467803081211,0.5667017562911176,0.9942757993480691,31.4,985.9599999999999,0.9995239228844999,1.6094379124341003,-2838.634662512345,4638.285689062471,3319.352364456312,89.97749209325389,135.0,34.5
2020-02-05,43.8,53.2,31.6,31.3,13.2,6.8,8.7,18.5,31.4,121.4666666,4.0,38.790139658514256,10.627435522880619,23.247623659604837,0.5808002734538009,0.9942757993480691,31.4,985.9599999999999,0.9995239228844999,1.6094379124341003,-2838.634662512345,4638.285689062471,3319.352364456312,89.97749209325389,135.0,35.4
2020-02-06,42.2,51.3,40.3,29.9,12.8,6.6,9.1,19.8,31.4,121.4666666,4.0,37.46518095871432,10.653605959823976,23.423073332594146,0.5947266869607634,0.9942757993480691,31.4,985.9599999999999,0.9995239228844999,1.6094379124341003,-2838.634662512345,4638.285689062471,3319.352364456312,89.97749209325389,135.0,36.3
2020-02-07,44.2,47.1,40.3,29.8,12.8,4.1,5.2,14.6,31.4,121.4666666,4.0,39.338395931738376,10.68010749277965,23.60094969949809,0.6084768701151261,0.9942757993480691,31.4,985.9599999999999,0.9995239228844999,1.6094379124341003,-2838.634662512345,4638.285689062471,3319.352364456312,89.97749209325389,135.0,38.1
2020-02-08,42.9,47.3,34.5,31.9,7.4,2.8,4.3,13.6,31.4,121.4666666,4.0,38.27727489892948,10.706930041658595,23.78117412648706,0.6220467484408675,0.9942757993480691,31.4,985.9599999999999,0.9995239228844999,1.6094379124341003,-2838.634662512345,4638.285689062471,3319.352364456312,89.97749209325389,135.0,36.0
2020-02-09,41.3,52.5,33.1,28.4,4.7,3.2,6.2,17.3,31.4,121.4666666,4.0,36.94306898972214,10.734063628974958,23.963666744888716,0.6354323008901774,0.9942757993480691,31.4,985.9599999999999,0.9995239228844999,1.6094379124341003,-2838.634662512345,4638.285689062471,3319.352364456312,89.97749209325389,135.0,34.0
2020-02-10,51.8,61.3,32.5,24.5,11.7,4.2,6.2,14.8,31.4,121.4666666,4.0,46.453801366260585,10.761498386006314,24.148346502215887,0.6486295610349814,0.9942757993480691,31.4,985.9599999999999,0.9995239228844999,1.6094379124341003,-2838.634662512345,4638.285689062471,3319.352364456312,89.97749209325389,135.0,35.3
2020-02-11,52.4,61.3,37.9,20.2,6.2,4.6,8.0,18.8,31.4,121.4666666,4.0,47.11294723811401,10.78922455834672,24.335131215468436,0.6616346182422783,0.9942757993480691,31.4,985.9599999999999,0.9995239228844999,1.6094379124341003,-2838.634662512345,4638.285689062471,3319.352364456312,89.97749209325389,135.0,51.0
2020-02-12,52.7,59.9,46.9,18.6,3.1,2.8,4.7,9.9,31.4,121.4666666,4.0,47.505679443529196,10.817232510860537,24.523937626652852,0.6744436188329455,0.9942757993480691,31.4,985.9599999999999,0.9995239228844999,1.6094379124341003,-2838.634662512345,4638.285689062471,3319.352364456312,89.97749209325389,135.0,48.8
2020-02-13,55.8,61.7,46.9,16.7,3.8,4.7,6.2,13.4,31.4,121.4666666,4.0,50.43163420401643,10.845512732046545,24.71468146045597,0.6870527672236669,0.9942757993480691,31.4,985.9599999999999,0.9995239228844999,1.6094379124341003,-2838.634662512345,4638.285689062471,3319.352364456312,89.97749209325389,135.0,53.0
2020-02-14,57.4,65.1,50.0,16.4,7.5,4.2,6.2,13.8,31.4,121.4666666,4.0,52.01423375758775,10.874055837823224,24.907277484001956,0.699458327051647,0.9942757993480691,31.4,985.9599999999999,0.9995239228844999,1.6094379124341003,-2838.634662512345,4638.285689062471,3319.352364456312,89.97749209325389,135.0,55.9
2020-02-15,41.8,65.1,31.8,22.6,9.2,8.8,11.7,27.6,31.4,121.4666666,4.0,37.97826980203631,10.902852574747268,25.10163956861502,0.7116566222817746,0.9942757993480691,31.4,985.9599999999999,0.9995239228844999,1.6094379124341003,-2838.634662512345,4638.285689062471,3319.352364456312,89.97749209325389,135.0,39.3
2020-02-16,36.2,57.4,31.5,28.4,18.4,8.6,13.0,29.1,31.4,121.4666666,4.0,32.97787969841356,10.931893822678527,25.29768075350346,0.7236440382959124,0.9942757993480691,31.4,985.9599999999999,0.9995239228844999,1.6094379124341003,-2838.634662512345,4638.285689062471,3319.352364456312,89.97749209325389,135.0,19.9
2020-02-17,40.6,48.6,31.8,30.9,18.6,7.7,13.0,31.9,31.4,121.4666666,4.0,37.0852938528636,10.961170596905498,25.495313311274202,0.7354170229639855,0.9942757993480691,31.4,985.9599999999999,0.9995239228844999,1.6094379124341003,-2838.634662512345,4638.285689062471,3319.352364456312,89.97749209325389,135.0,18.4
2020-02-18,39.6,48.6,31.1,30.8,18.6,3.3,6.6,12.6,31.4,121.4666666,4.0,36.26922436416296,10.99067404974635,25.694448815180913,0.7469720876965552,0.9942757993480691,31.4,985.9599999999999,0.9995239228844999,1.6094379124341003,-2838.634662512345,4638.285689062471,3319.352364456312,89.97749209325389,135.0,26.2
2020-02-19,46.1,56.1,30.0,27.9,16.0,3.3,5.6,16.7,31.4,121.4666666,4.0,42.33668593688793,11.02039547164111,25.894998208002857,0.7583058084785624,0.9942757993480691,31.4,985.9599999999999,0.9995239228844999,1.6094379124341003,-2838.634662512345,4638.285689062471,3319.352364456312,89.97749209325389,135.0,35.4
2020-02-20,50.4,59.7,36.3,31.1,14.7,5.1,6.6,15.9,31.4,121.4666666,4.0,46.41137042535561,11.050326291751334,26.096871872445863,0.7694148268839378,0.9942757993480691,31.4,985.9599999999999,0.9995239228844999,1.6094379124341003,-2838.634662512345,4638.285689062471,3319.352364456312,89.97749209325389,135.0,42.3
2020-02-21,53.2,63.1,41.4,28.9,12.2,5.6,10.1,16.5,31.4,121.4666666,4.0,49.12336414617214,11.080458078083941,26.299979702951852,0.7802958510707755,0.9942757993480691,31.4,985.9599999999999,0.9995239228844999,1.6094379124341003,-2838.634662512345,4638.285689062471,3319.352364456312,89.97749209325389,135.0,43.8
2020-02-22,49.1,63.1,38.3,32.2,9.3,4.5,8.4,17.7,31.4,121.4666666,4.0,45.46161854786499,11.110782537156412,26.504231178797994,0.7909456567567772,0.9942757993480691,31.4,985.9599999999999,0.9995239228844999,1.6094379124341003,-2838.634662512345,4638.285689062471,3319.352364456312,89.97749209325389,135.0,35.2
2020-02-23,52.3,62.8,36.1,26.3,16.1,5.9,7.8,16.1,31.4,121.4666666,4.0,48.55746217845357,11.141291513220706,26.709535438362245,0.8013610881746766,0.9942757993480691,31.4,985.9599999999999,0.9995239228844999,1.6094379124341003,-2838.634662512345,4638.285689062471,3319.352364456312,89.97749209325389,135.0,37.7
2020-02-24,64.4,72.9,46.9,16.7,13.2,4.8,6.8,13.4,31.4,121.4666666,4.0,59.95627649724119,11.171976987063575,26.915801354427476,0.8115390590073611,0.9942757993480691,31.4,985.9599999999999,0.9995239228844999,1.6094379124341003,-2838.634662512345,4638.285689062471,3319.352364456312,89.97749209325389,135.0,51.2
2020-02-25,59.3,73.9,48.2,18.5,10.6,5.8,8.0,18.8,31.4,121.4666666,4.0,55.36065689266468,11.202831074400947,27.122937610392665,0.8214765533024142,0.9942757993480691,31.4,985.9599999999999,0.9995239228844999,1.6094379124341003,-2838.634662512345,4638.285689062471,3319.352364456312,89.97749209325389,135.0,52.0
2020-02-26,48.5,73.9,45.3,27.1,10.6,5.9,7.6,16.7,31.4,121.4666666,4.0,45.403461013198715,11.233846023884217,27.330852777255874,0.8311706263658079,0.9942757993480691,31.4,985.9599999999999,0.9995239228844999,1.6094379124341003,-2838.634662512345,4638.285689062471,3319.352364456312,89.97749209325389,135.0,42.0
2020-02-27,49.1,53.4,45.0,25.4,15.9,5.8,6.8,17.3,31.4,121.4666666,4.0,46.0926831619621,11.265014214736155,27.539455391230735,0.8406184056344782,0.9942757993480691,31.4,985.9599999999999,0.9995239228844999,1.6094379124341003,-2838.634662512345,4638.285689062471,3319.352364456312,89.97749209325389,135.0,40.8
2020-02-28,50.4,53.6,46.9,17.4,5.1,3.8,5.6,17.7,31.4,121.4666666,4.0,47.44457824694348,11.296328154034162,27.748654031855143,0.8498170915275278,0.9942757993480691,31.4,985.9599999999999,0.9995239228844999,1.6094379124341003,-2838.634662512345,4638.285689062471,3319.352364456312,89.97749209325389,135.0,47.5
2020-02-29,49.6,53.6,47.7,17.5,12.3,2.1,4.9,11.3,31.4,121.4666666,4.0,46.82149262445447,11.32778047365834,27.95835740044851,0.8587639582758029,0.9942757993480691,31.4,985.9599999999999,0.9995239228844999,1.6094379124341003,-2838.634662512345,4638.285689062471,3319.352364456312,89.97749209325389,135.0,47.3
2020-03-01,48.4,51.6,45.0,22.6,12.3,6.4,7.6,19.0,31.4,121.4666666,4.0,45.81610117191796,11.359363926921807,28.168474398772098,0.8674563547295969,0.9942757993480691,31.4,985.9599999999999,0.9995239228844999,1.6094379124341003,-2838.634662512345,4638.285689062471,3319.352364456312,89.97749209325389,135.0,44.7
2020-03-02,47.2,52.7,44.6,26.1,17.0,4.8,6.6,19.0,31.4,121.4666666,4.0,44.804880780608045,11.39107138490035,28.37891420774491,0.8758917051442429,0.9942757993480691,31.4,985.9599999999999,0.9995239228844999,1.6094379124341003,-2838.634662512345,4638.285689062471,3319.352364456312,89.97749209325389,135.0,35.6
2020-03-03,49.3,54.5,45.5,24.6,16.6,3.9,5.4,12.4,31.4,121.4666666,4.0,46.929063711764975,11.422895832478291,28.589586366066776,0.8840675099433636,0.9942757993480691,31.4,985.9599999999999,0.9995239228844999,1.6094379124341003,-2838.634662512345,4638.285689062471,3319.352364456312,89.97749209325389,135.0,37.1
2020-03-04,46.2,54.5,41.4,28.6,15.8,5.1,8.4,18.5,31.4,121.4666666,4.0,44.1010969018897,11.454830364127194,28.800400848599267,0.8919813464595485,0.9942757993480691,31.4,985.9599999999999,0.9995239228844999,1.6094379124341003,-2838.634662512345,4638.285689062471,3319.352364456312,89.97749209325389,135.0,33.1
2020-03-05,44.3,52.7,38.7,26.0,17.7,4.3,6.4,14.8,31.4,121.4666666,4.0,42.40568836240927,11.486868179433664,29.011268144354695,0.8996308696522433,0.9942757993480691,31.4,985.9599999999999,0.9995239228844999,1.6094379124341003,-2838.634662512345,4638.285689062471,3319.352364456312,89.97749209325389,135.0,29.4
2020-03-06,52.6,59.9,38.7,17.0,11.6,4.8,7.2,15.3,31.4,121.4666666,4.0,50.49162796861934,11.519002578392245,29.22209933394347,0.9070138128026359,0.9942757993480691,31.4,985.9599999999999,0.9995239228844999,1.6094379124341003,-2838.634662512345,4638.285689062471,3319.352364456312,89.97749209325389,135.0,43.8
2020-03-07,53.4,63.0,46.9,16.6,5.9,4.3,6.2,13.2,31.4,121.4666666,4.0,51.40295995633147,11.551226956478983,29.432806166330515,0.9141279881853337,0.9942757993480691,31.4,985.9599999999999,0.9995239228844999,1.6094379124341003,-2838.634662512345,4638.285689062471,3319.352364456312,89.97749209325389,135.0,47.1
2020-03-08,55.6,63.0,46.9,13.4,14.2,7.0,9.7,17.9,31.4,121.4666666,4.0,53.67037790444743,11.583534799521027,29.643301134752257,0.9209712877166346,0.9942757993480691,31.4,985.9599999999999,0.9995239228844999,1.6094379124341003,-2838.634662512345,4638.285689062471,3319.352364456312,89.97749209325389,135.0,48.8
2020-03-09,52.5,61.9,49.1,9.5,7.7,7.2,9.5,22.0,31.4,121.4666666,4.0,50.81964859289993,11.615919678377127,29.85349755164685,0.9275416835791966,0.9942757993480691,31.4,985.9599999999999,0.9995239228844999,1.6094379124341003,-2838.634662512345,4638.285689062471,3319.352364456312,89.97749209325389,135.0,51.2
2020-03-10,47.5,56.1,38.7,20.0,11.6,4.9,9.7,25.6,31.4,121.4666666,4.0,46.10815200529802,11.64837524344371,30.063309622452174,0.9338372288229252,0.9942757993480691,31.4,985.9599999999999,0.9995239228844999,1.6094379124341003,-2838.634662512345,4638.285689062471,3319.352364456312,89.97749209325389,135.0,39.0
2020-03-11,52.5,60.8,38.1,21.4,5.2,3.5,5.1,12.8,31.4,121.4666666,4.0,51.103916583128196,11.680895219000732,30.272652518127902,0.9398560579418954,0.9942757993480691,31.4,985.9599999999999,0.9995239228844999,1.6094379124341003,-2838.634662512345,4638.285689062471,3319.352364456312,89.97749209325389,135.0,42.2
2020-03-12,56.2,62.6,47.5,18.8,7.8,6.1,11.5,22.1,31.4,121.4666666,4.0,54.85810041120964,11.713473397411311,30.48144244626051,0.9455963874271426,0.9942757993480691,31.4,985.9599999999999,0.9995239228844999,1.6094379124341003,-2838.634662512345,4638.285689062471,3319.352364456312,89.97749209325389,135.0,49.1
2020-03-13,49.8,62.6,43.2,22.9,12.6,5.8,9.3,17.7,31.4,121.4666666,4.0,48.74633007773317,11.746103633188715,30.689596720612915,0.9510565162951535,0.9942757993480691,31.4,985.9599999999999,0.9995239228844999,1.6094379124341003,-2838.634662512345,4638.285689062471,3319.352364456312,89.97749209325389,135.0,45.7
2020-03-14,49.9,58.6,39.9,21.1,13.4,4.6,7.6,17.7,31.4,121.4666666,4.0,48.980092821959126,11.778779836944079,30.897033828983673,0.9562348265919056,0.9942757993480691,31.4,985.9599999999999,0.9995239228844999,1.6094379124341003,-2838.634662512345,4638.285689062471,3319.352364456312,89.97749209325389,135.0,37.3
2020-03-15,57.3,67.3,39.0,20.8,15.8,6.2,9.7,19.8,31.4,121.4666666,4.0,56.399893253063134,11.811495969227881,31.103673499244085,0.9611297838723007,0.9942757993480691,31.4,985.9599999999999,0.9995239228844999,1.6094379124341003,-2838.634662512345,4638.285689062471,3319.352364456312,89.97749209325389,135.0,34.7
2020-03-16,54.6,67.3,47.8,23.1,18.4,5.0,8.7,16.9,31.4,121.4666666,4.0,53.89131945596487,11.844246034277992,31.309436763425598,0.9657399376548549,0.9942757993480691,31.4,985.9599999999999,0.9995239228844999,1.6094379124341003,-2838.634662512345,4638.285689062471,3319.352364456312,89.97749209325389,135.0,35.6
2020-03-17,60.5,74.8,48.9,17.1,13.3,3.1,6.8,15.0,31.4,121.4666666,4.0,59.8799963715046,11.877024073686863,31.51424601973429,0.9700639218515071,0.9942757993480691,31.4,985.9599999999999,0.9995239228844999,1.6094379124341003,-2838.634662512345,4638.285689062471,3319.352364456312,89.97749209325389,135.0,42.7
2020-03-18,65.2,76.6,48.9,12.8,12.5,4.6,7.2,18.5,31.4,121.4666666,4.0,64.71004460266776,11.909824160000202,31.718025092373587,0.9741004551724205,0.9942757993480691,31.4,985.9599999999999,0.9995239228844999,1.6094379124341003,-2838.634662512345,4638.285689062471,3319.352364456312,89.97749209325389,135.0,46.9
2020-03-19,53.6,76.6,40.5,17.5,16.4,5.1,9.3,23.5,31.4,121.4666666,4.0,53.34379374315834,11.94264039025933,31.92069928906145,0.9778483415056568,0.9942757993480691,31.4,985.9599999999999,0.9995239228844999,1.6094379124341003,-2838.634662512345,4638.285689062471,3319.352364456312,89.97749209325389,135.0,33.8
2020-03-20,60.1,68.9,40.5,14.3,18.3,5.1,8.2,17.5,31.4,121.4666666,4.0,59.97712995482548,11.975466879499264,32.12219545613371,0.9813064702716093,0.9942757993480691,31.4,985.9599999999999,0.9995239228844999,1.6094379124341003,-2838.634662512345,4638.285689062471,3319.352364456312,89.97749209325389,135.0,41.2
2020-03-21,69.9,81.9,49.8,10.5,11.3,4.6,7.0,16.1,31.4,121.4666666,4.0,69.94833441829898,12.008297754214416,32.32244203113032,0.9844738167520922,0.9942757993480691,31.4,985.9599999999999,0.9995239228844999,1.6094379124341003,-2838.634662512345,4638.285689062471,3319.352364456312,89.97749209325389,135.0,55.5
2020-03-22,56.1,81.9,46.9,17.7,14.5,5.5,7.8,17.5,31.4,121.4666666,4.0,56.29226940663254,12.041127145803753,32.52136909276768,0.9873494423939864,0.9942757993480691,31.4,985.9599999999999,0.9995239228844999,1.6094379124341003,-2838.634662512345,4638.285689062471,3319.352364456312,89.97749209325389,135.0,46.0
2020-03-23,54.4,63.9,45.0,21.1,17.0,4.1,6.8,15.7,31.4,121.4666666,4.0,54.735236300832476,12.073949184007166,32.718908408205834,0.989932495087353,0.9942757993480691,31.4,985.9599999999999,0.9995239228844999,1.6094379124341003,-2838.634662512345,4638.285689062471,3319.352364456312,89.97749209325389,135.0,40.6
2020-03-24,60.7,69.3,44.2,18.6,18.1,6.7,7.8,16.7,31.4,121.4666666,4.0,61.24001750116093,12.106757990344828,32.914993477526025,0.9922222094179323,0.9942757993480691,31.4,985.9599999999999,0.9995239228844999,1.6094379124341003,-2838.634662512345,4638.285689062471,3319.352364456312,89.97749209325389,135.0,37.2
2020-03-25,66.4,73.9,56.7,12.4,14.0,7.3,12.6,22.3,31.4,121.4666666,4.0,67.17216378269426,12.13954767157125,33.10955957534033,0.994217906893952,0.9942757993480691,31.4,985.9599999999999,0.9995239228844999,1.6094379124341003,-2838.634662512345,4638.285689062471,3319.352364456312,89.97749209325389,135.0,57.2
2020-03-26,64.5,73.9,52.5,11.9,6.0,4.2,10.3,22.0,31.4,121.4666666,4.0,65.42617868321285,12.17231231315588,33.302543789462305,0.995918996147179,0.9942757993480691,31.4,985.9599999999999,0.9995239228844999,1.6094379124341003,-2838.634662512345,4638.285689062471,3319.352364456312,89.97749209325389,135.0,62.5
2020-03-27,49.3,71.6,43.3,22.4,15.9,7.8,9.5,23.7,31.4,121.4666666,4.0,50.14239720492842,12.20504597280205,33.49388505657412,0.9973249731081555,0.9942757993480691,31.4,985.9599999999999,0.9995239228844999,1.6094379124341003,-2838.634662512345,4638.285689062471,3319.352364456312,89.97749209325389,135.0,39.8
2020-03-28,45.4,54.9,40.8,24.3,16.2,6.0,8.5,20.6,31.4,121.4666666,4.0,46.29945978336171,12.237742674016312,33.68352419483306,0.9984354211555643,0.9942757993480691,31.4,985.9599999999999,0.9995239228844999,1.6094379124341003,-2838.634662512345,4638.285689062471,3319.352364456312,89.97749209325389,135.0,36.3
2020-03-29,47.7,50.0,40.8,20.2,14.1,4.7,6.4,16.9,31.4,121.4666666,4.0,48.77482568896725,12.270396399740187,33.8714039333673,0.9992500112396835,0.9942757993480691,31.4,985.9599999999999,0.9995239228844999,1.6094379124341003,-2838.634662512345,4638.285689062471,3319.352364456312,89.97749209325389,135.0,42.8
2020-03-30,52.4,54.5,45.3,19.2,17.3,5.2,8.9,15.7,31.4,121.4666666,4.0,53.72310474244757,12.303001086056696,34.0574689386189,0.9997685019798909,0.9942757993480691,31.4,985.9599999999999,0.9995239228844999,1.6094379124341003,-2838.634662512345,4638.285689062471,3319.352364456312,89.97749209325389,135.0,48.7
2020-03-31,53.0,60.6,50.2,17.5,17.3,4.1,7.0,15.0,31.4,121.4666666,4.0,54.48201522059611,12.335550615984024,34.241665837498395,0.9999907397361901,0.9942757993480691,31.4,985.9599999999999,0.9995239228844999,1.6094379124341003,-2838.634662512345,4638.285689062471,3319.352364456312,89.97749209325389,135.0,47.8
2020-04-01,53.4,61.5,45.3,22.7,12.9,5.3,8.0,21.6,31.4,121.4666666,4.0,55.0377727194925,12.368038813369102,34.42394323732408,0.9999166586547379,0.9942757993480691,31.4,985.9599999999999,0.9995239228844999,1.6094379124341003,-2838.634662512345,4638.285689062471,3319.352364456312,89.97749209325389,135.0,43.6
2020-04-02,54.6,61.5,45.3,23.7,18.6,5.3,7.6,15.3,31.4,121.4666666,4.0,56.422090437867496,12.400459436893955,34.604251742525896,0.9995462806873573,0.9942757993480691,31.4,985.9599999999999,0.9995239228844999,1.6094379124341003,-2838.634662512345,4638.285689062471,3319.352364456312,89.97749209325389,135.0,41.0
2020-04-03,54.4,61.9,46.9,22.9,16.2,3.3,5.1,11.5,31.4,121.4666666,4.0,56.36205465640988,12.432806174208062,34.782543968102075,0.9988797155850336,0.9942757993480691,31.4,985.9599999999999,0.9995239228844999,1.6094379124341003,-2838.634662512345,4638.285689062471,3319.352364456312,89.97749209325389,135.0,40.9
2020-04-04,55.8,67.5,45.7,25.4,13.6,5.9,7.8,18.8,31.4,121.4666666,4.0,57.96258775833079,12.465072636200171,34.958774549823914,0.9979171608653922,0.9942757993480691,31.4,985.9599999999999,0.9995239228844999,1.6094379124341003,-2838.634662512345,4638.285689062471,3319.352364456312,89.97749209325389,135.0,40.4
2020-04-05,51.4,67.5,44.1,25.5,18.6,4.5,6.4,15.5,31.4,121.4666666,4.0,53.52989757193013,12.497252351423375,35.13290015119217,0.9966589017541702,0.9942757993480691,31.4,985.9599999999999,0.9995239228844999,1.6094379124341003,-2838.634662512345,4638.285689062471,3319.352364456312,89.97749209325389,135.0,37.2
2020-04-06,50.0,59.5,40.1,21.1,16.5,3.0,6.8,11.8,31.4,121.4666666,4.0,52.2055781695315,12.52933876068756,35.30487946715581,0.9951053111006976,0.9942757993480691,31.4,985.9599999999999,0.9995239228844999,1.6094379124341003,-2838.634662512345,4638.285689062471,3319.352364456312,89.97749209325389,135.0,41.3
2020-04-07,55.9,68.4,39.7,19.3,16.7,2.1,4.1,10.7,31.4,121.4666666,4.0,58.51483994512506,12.561325211833644,35.4746732246119,0.9932568492674143,0.9942757993480691,31.4,985.9599999999999,0.9995239228844999,1.6094379124341003,-2838.634662512345,4638.285689062471,3319.352364456312,89.97749209325389,135.0,40.2
2020-04-08,62.0,72.1,42.8,19.6,15.7,3.9,6.2,13.6,31.4,121.4666666,4.0,65.06489226597257,12.593204954704369,35.64224417971223,0.9911140639934547,0.9942757993480691,31.4,985.9599999999999,0.9995239228844999,1.6094379124341003,-2838.634662512345,4638.285689062471,3319.352364456312,89.97749209325389,135.0,38.6
2020-04-09,60.2,72.1,50.5,21.5,16.6,6.6,8.9,16.5,31.4,121.4666666,4.0,63.33527186723959,12.624971136326828,35.80755711201057,0.9886775902323405,0.9942757993480691,31.4,985.9599999999999,0.9995239228844999,1.6094379124341003,-2838.634662512345,4638.285689062471,3319.352364456312,89.97749209325389,135.0,51.1
2020-04-10,59.0,68.0,55.2,21.4,16.3,6.9,9.1,18.3,31.4,121.4666666,4.0,62.22836591525037,12.65661679632211,35.97057881549082,0.9859481499638304,0.9942757993480691,31.4,985.9599999999999,0.9995239228844999,1.6094379124341003,-2838.634662512345,4638.285689062471,3319.352364456312,89.97749209325389,135.0,52.6
2020-04-11,49.7,65.5,45.7,19.5,11.1,7.2,9.7,22.3,31.4,121.4666666,4.0,52.550025222427344,12.68813486255791,36.13127808652416,0.9829265519799822,0.9942757993480691,31.4,985.9599999999999,0.9995239228844999,1.6094379124341003,-2838.634662512345,4638.285689062471,3319.352364456312,89.97749209325389,135.0,45.9
2020-04-12,55.0,66.7,45.7,16.2,11.5,7.1,11.3,35.7,31.4,121.4666666,4.0,58.29779150735936,12.719518147060224,36.289625708809766,0.9796136916454901,0.9942757993480691,31.4,985.9599999999999,0.9995239228844999,1.6094379124341003,-2838.634662512345,4638.285689062471,3319.352364456312,89.97749209325389,135.0,40.3
2020-04-13,55.0,66.7,43.5,19.7,10.3,4.0,8.0,19.4,31.4,121.4666666,4.0,58.44098031841937,12.75075934220059,36.4455944353607,0.9760105506323683,0.9942757993480691,31.4,985.9599999999999,0.9995239228844999,1.6094379124341003,-2838.634662512345,4638.285689062471,3319.352364456312,89.97749209325389,135.0,39.4
2020-04-14,60.8,68.2,43.5,15.6,10.3,2.9,4.7,12.4,31.4,121.4666666,4.0,64.76137848702285,12.781851017175564,36.59915896760298,0.9721181966290613,0.9942757993480691,31.4,985.9599999999999,0.9995239228844999,1.6094379124341003,-2838.634662512345,4638.285689062471,3319.352364456312,89.97749209325389,135.0,42.1
2020-04-15,62.9,75.7,52.0,12.7,12.1,3.1,5.6,20.2,31.4,121.4666666,4.0,67.16035126421983,12.812785614795516,36.75029593166227,0.9679377830240642,0.9942757993480691,31.4,985.9599999999999,0.9995239228844999,1.6094379124341003,-2838.634662512345,4638.285689062471,3319.352364456312,89.97749209325389,135.0,47.1
2020-04-16,70.9,80.4,51.3,10.6,17.0,7.8,9.9,19.2,31.4,121.4666666,4.0,75.884006775478,12.843555448599943,36.898983851918516,0.9634705485641488,0.9942757993480691,31.4,985.9599999999999,0.9995239228844999,1.6094379124341003,-2838.634662512345,4638.285689062471,3319.352364456312,89.97749209325389,135.0,51.0
2020-04-17,63.2,80.4,56.5,15.0,7.4,2.2,4.1,17.9,31.4,121.4666666,4.0,67.80387088833507,12.874152700316785,37.045203121914895,0.9587178169872964,0.9942757993480691,31.4,985.9599999999999,0.9995239228844999,1.6094379124341003,-2838.634662512345,4638.285689062471,3319.352364456312,89.97749209325389,135.0,53.8
2020-04-18,59.2,70.3,55.9,16.1,10.6,5.3,7.0,16.1,31.4,121.4666666,4.0,63.66254246057108,12.904569417683327,37.188935972712585,0.9536809966304457,0.9942757993480691,31.4,985.9599999999999,0.9995239228844999,1.6094379124341003,-2838.634662512345,4638.285689062471,3319.352364456312,89.97749209325389,135.0,50.8
2020-04-19,56.4,63.9,49.3,12.5,7.7,5.4,12.8,26.6,31.4,121.4666666,4.0,60.79354830943831,12.93479751264645,37.33016643878857,0.9483615800121715,0.9942757993480691,31.4,985.9599999999999,0.9995239228844999,1.6094379124341003,-2838.634662512345,4638.285689062471,3319.352364456312,89.97749209325389,135.0,52.5
2020-04-20,62.0,72.3,49.3,17.2,10.4,4.2,7.8,18.8,31.4,121.4666666,4.0,66.98494859312659,12.964828759959984,37.46888032157798,0.9427611433904207,0.9942757993480691,31.4,985.9599999999999,0.9995239228844999,1.6094379124341003,-2838.634662512345,4638.285689062471,3319.352364456312,89.97749209325389,135.0,50.5
2020-04-21,55.1,72.3,51.3,21.4,17.6,3.9,8.0,18.8,31.4,121.4666666,4.0,59.66712327253757,12.99465479619693,37.6050651507675,0.9368813462954315,0.9942757993480691,31.4,985.9599999999999,0.9995239228844999,1.6094379124341003,-2838.634662512345,4638.285689062471,3319.352364456312,89.97749209325389,135.0,42.8
2020-04-22,60.1,68.5,51.1,21.8,17.1,4.1,7.6,16.3,31.4,121.4666666,4.0,65.22987115529781,13.024267119194239,37.73871014345034,0.9307239310379795,0.9942757993480691,31.4,985.9599999999999,0.9995239228844999,1.6094379124341003,-2838.634662512345,4638.285689062471,3319.352364456312,89.97749209325389,135.0,45.9
2020-04-23,59.1,68.5,50.0,22.2,18.6,3.4,5.4,16.3,31.4,121.4666666,4.0,64.28926115814237,13.053657087947688,37.86980616125699,0.9242907221930933,0.9942757993480691,31.4,985.9599999999999,0.9995239228844999,1.6094379124341003,-2838.634662512345,4638.285689062471,3319.352364456312,89.97749209325389,135.0,34.6
2020-04-24,63.2,72.5,48.2,18.2,14.1,5.0,9.1,19.8,31.4,121.4666666,4.0,68.90283052766371,13.08281592297412,37.99834566557981,0.9175836260593937,0.9942757993480691,31.4,985.9599999999999,0.9995239228844999,1.6094379124341003,-2838.634662512345,4638.285689062471,3319.352364456312,89.97749209325389,135.0,38.8
2020-04-25,67.3,79.5,53.4,15.6,15.6,6.5,11.7,21.6,31.4,121.4666666,4.0,73.5349788159778,13.111734707158002,38.12432267101215,0.9106046300942162,0.9942757993480691,31.4,985.9599999999999,0.9995239228844999,1.6094379124341003,-2838.634662512345,4638.285689062471,3319.352364456312,89.97749209325389,135.0,45.0
2020-04-26,60.7,79.5,56.5,18.4,13.2,6.9,8.9,18.5,31.4,121.4666666,4.0,66.46854552474153,13.14040438709882,38.24773269712563,0.9033558023246845,0.9942757993480691,31.4,985.9599999999999,0.9995239228844999,1.6094379124341003,-2838.634662512345,4638.285689062471,3319.352364456312,89.97749209325389,135.0,47.3
2020-04-27,55.7,68.5,43.9,23.6,12.7,3.8,7.4,18.3,31.4,121.4666666,4.0,61.12525322217703,13.1688157749753,38.3685727187115,0.895839290734909,0.9942757993480691,31.4,985.9599999999999,0.9995239228844999,1.6094379124341003,-2838.634662512345,4638.285689062471,3319.352364456312,89.97749209325389,135.0,42.8
2020-04-28,62.3,72.0,43.7,20.5,16.6,5.6,8.2,19.4,31.4,121.4666666,4.0,68.51421500197259,13.19695955094175,38.48684111461374,0.8880573226294932,0.9942757993480691,31.4,985.9599999999999,0.9995239228844999,1.6094379124341003,-2838.634662512345,4638.285689062471,3319.352364456312,89.97749209325389,135.0,42.8
2020-04-29,69.6,80.8,56.5,15.2,10.0,4.5,8.0,16.9,31.4,121.4666666,4.0,76.70399234321249,13.224826266071119,38.602537615283076,0.8800122039735357,0.9942757993480691,31.4,985.9599999999999,0.9995239228844999,1.6094379124341003,-2838.634662512345,4638.285689062471,3319.352364456312,89.97749209325389,135.0,56.5
2020-04-30,79.0,91.4,59.7,11.9,8.7,6.1,9.1,20.6,31.4,121.4666666,4.0,87.24500844356794,13.25240634585842,38.71566324918226,0.8717063187093218,0.9942757993480691,31.4,985.9599999999999,0.9995239228844999,1.6094379124341003,-2838.634662512345,4638.285689062471,3319.352364456312,89.97749209325389,135.0,61.2
2020-05-01,71.3,91.4,68.4,10.4,4.4,3.2,4.3,20.6,31.4,121.4666666,4.0,78.9034919769489,13.27969009429715,38.82622028817354,0.8631421280499114,0.9942757993480691,31.4,985.9599999999999,0.9995239228844999,1.6094379124341003,-2838.634662512345,4638.285689062471,3319.352364456312,89.97749209325389,135.0,67.2
2020-05-02,76.9,85.5,68.4,3.8,7.8,5.6,8.4,17.3,31.4,121.4666666,4.0,85.27356216814528,13.306667698540224,38.93421219201917,0.854322169749827,0.9942757993480691,31.4,985.9599999999999,0.9995239228844999,1.6094379124341003,-2838.634662512345,4638.285689062471,3319.352364456312,89.97749209325389,135.0,66.6
2020-05-03,79.8,92.7,69.6,4.4,4.6,5.3,7.8,16.7,31.4,121.4666666,4.0,88.66663940713474,13.3333292341556,39.03964355212641,0.8452490573530633,0.9942757993480691,31.4,985.9599999999999,0.9995239228844999,1.6094379124341003,-2838.634662512345,4638.285689062471,3319.352364456312,89.97749209325389,135.0,68.2
2020-05-04,67.8,92.7,64.0,10.1,5.7,5.9,7.6,16.3,31.4,121.4666666,4.0,75.48210539106722,13.359664670985351,39.14252003466685,0.8359254794186372,0.9942757993480691,31.4,985.9599999999999,0.9995239228844999,1.6094379124341003,-2838.634662512345,4638.285689062471,3319.352364456312,89.97749209325389,135.0,63.3
2020-05-05,64.2,75.7,60.4,8.2,3.4,5.7,9.1,17.9,31.4,121.4666666,4.0,71.61330175594219,13.385663879615363,39.24284832319981,0.8263541987239096,0.9942757993480691,31.4,985.9599999999999,0.9995239228844999,1.6094379124341003,-2838.634662512345,4638.285689062471,3319.352364456312,89.97749209325389,135.0,62.6
2020-05-06,65.0,68.2,60.4,12.4,5.0,3.9,4.9,14.4,31.4,121.4666666,4.0,72.64463179166447,13.41131663846113,39.3406360609275,0.8165380514459161,0.9942757993480691,31.4,985.9599999999999,0.9995239228844999,1.6094379124341003,-2838.634662512345,4638.285689062471,3319.352364456312,89.97749209325389,135.0,61.7
2020-05-07,69.7,75.7,62.8,10.2,8.2,7.9,9.3,21.0,31.4,121.4666666,4.0,78.0443250925569,13.43661264147321,39.43589179270846,0.8064799463209448,0.9942757993480691,31.4,985.9599999999999,0.9995239228844999,1.6094379124341003,-2838.634662512345,4638.285689062471,3319.352364456312,89.97749209325389,135.0,63.4
2020-05-08,74.3,79.5,67.5,4.4,7.8,8.3,12.6,26.0,31.4,121.4666666,4.0,83.34937782752252,13.461541506463934,39.52862490695295,0.7961828637826158,0.9942757993480691,31.4,985.9599999999999,0.9995239228844999,1.6094379124341003,-2838.634662512345,4638.285689062471,3319.352364456312,89.97749209325389,135.0,70.5
2020-05-09,67.7,79.5,63.1,9.1,4.7,4.5,8.2,16.5,31.4,121.4666666,4.0,76.08404012337543,13.48609278405473,39.61884557752219,0.7856498550787147,0.9942757993480691,31.4,985.9599999999999,0.9995239228844999,1.6094379124341003,-2838.634662512345,4638.285689062471,3319.352364456312,89.97749209325389,135.0,61.5
2020-05-10,66.7,74.8,60.3,12.6,1.7,2.4,4.3,11.7,31.4,121.4666666,4.0,75.09450608458268,13.51025596724126,39.70656470574982,0.7748840413670407,0.9942757993480691,31.4,985.9599999999999,0.9995239228844999,1.6094379124341003,-2838.634662512345,4638.285689062471,3319.352364456312,89.97749209325389,135.0,60.9
2020-05-11,71.5,81.1,60.1,11.0,6.7,4.6,7.8,28.2,31.4,121.4666666,4.0,80.64020548852687,13.534020501570945,39.79179386270127,0.7638886127905428,0.9942757993480691,31.4,985.9599999999999,0.9995239228844999,1.6094379124341003,-2838.634662512345,4638.285689062471,3319.352364456312,89.97749209325389,135.0,57.0
2020-05-12,72.8,85.5,60.3,13.4,15.5,5.8,8.7,28.2,31.4,121.4666666,4.0,82.24807982861228,13.557375795925102,39.8745452317828,0.7526668275320085,0.9942757993480691,31.4,985.9599999999999,0.9995239228844999,1.6094379124341003,-2838.634662512345,4638.285689062471,3319.352364456312,89.97749209325389,135.0,46.3
2020-05-13,72.3,85.5,62.6,15.3,16.4,6.5,8.2,16.9,31.4,121.4666666,4.0,81.82137518421783,13.580311233895076,39.95483155180851,0.7412220108485958,0.9942757993480691,31.4,985.9599999999999,0.9995239228844999,1.6094379124341003,-2838.634662512345,4638.285689062471,3319.352364456312,89.97749209325389,135.0,51.8
2020-05-14,73.6,82.4,66.0,7.2,9.2,7.7,10.9,23.9,31.4,121.4666666,4.0,83.43060593919944,13.602816185739039,40.0326660606293,0.7295575540864875,0.9942757993480691,31.4,985.9599999999999,0.9995239228844999,1.6094379124341003,-2838.634662512345,4638.285689062471,3319.352364456312,89.97749209325389,135.0,63.7
2020-05-15,74.9,82.9,70.2,6.1,6.2,2.9,5.8,18.6,31.4,121.4666666,4.0,85.04195946380429,13.624880020903223,40.108062439423506,0.717676913675962,0.9942757993480691,31.4,985.9599999999999,0.9995239228844999,1.6094379124341003,-2838.634662512345,4638.285689062471,3319.352364456312,89.97749209325389,135.0,70.0
2020-05-16,72.9,82.9,70.0,5.9,2.9,2.5,4.3,33.75511069900146,31.4,121.4666666,4.0,82.90243963561214,13.646492121088416,40.18103475774424,0.705583610107178,0.9942757993480691,31.4,985.9599999999999,0.9995239228844999,1.6094379124341003,-2838.634662512345,4638.285689062471,3319.352364456312,89.97749209325389,135.0,70.5
2020-05-17,78.7,85.8,70.0,1.3,5.6,3.7,5.6,15.0,31.4,121.4666666,4.0,89.6369514204302,13.667641893839418,40.251597419414175,0.6932812268869777,0.9942757993480691,31.4,985.9599999999999,0.9995239228844999,1.6094379124341003,-2838.634662512345,4638.285689062471,3319.352364456312,89.97749209325389,135.0,71.8
2020-05-18,72.2,85.8,56.3,3.7,11.1,5.9,11.1,26.0,31.4,121.4666666,4.0,82.35805136623706,13.688318786632198,40.31976510935261,0.6807734094770161,0.9942757993480691,31.4,985.9599999999999,0.9995239228844999,1.6094379124341003,-2838.634662512345,4638.285689062471,3319.352364456312,89.97749209325389,135.0,55.0
2020-05-19,72.5,83.5,56.1,8.0,13.2,4.3,8.4,21.8,31.4,121.4666666,4.0,82.8222618211409,13.708512301430218,40.38555274141588,0.6680638642135335,0.9942757993480691,31.4,985.9599999999999,0.9995239228844999,1.6094379124341003,-2838.634662512345,4638.285689062471,3319.352364456312,89.97749209325389,135.0,48.0
2020-05-20,75.5,84.6,60.6,10.3,14.5,5.1,8.9,15.7,31.4,121.4666666,4.0,86.37333389422648,13.72821200967838,40.44897540732545,0.6551563572090853,0.9942757993480691,31.4,985.9599999999999,0.9995239228844999,1.6094379124341003,-2838.634662512345,4638.285689062471,3319.352364456312,89.97749209325389,135.0,58.3
2020-05-21,71.9,84.6,65.5,10.3,15.7,5.6,8.7,19.0,31.4,121.4666666,4.0,82.36988367646799,13.747407567699803,40.51004832675425,0.6420547132365637,0.9942757993480691,31.4,985.9599999999999,0.9995239228844999,1.6094379124341003,-2838.634662512345,4638.285689062471,3319.352364456312,89.97749209325389,135.0,60.8
2020-05-22,72.1,79.5,65.5,8.9,13.5,4.2,7.2,16.9,31.4,121.4666666,4.0,82.71124980084963,13.766088732457638,40.56878679863522,0.6287628145958344,0.9942757993480691,31.4,985.9599999999999,0.9995239228844999,1.6094379124341003,-2838.634662512345,4638.285689062471,3319.352364456312,89.97749209325389,135.0,61.5
2020-05-23,73.4,81.7,65.5,8.6,9.6,4.4,6.2,15.5,31.4,121.4666666,4.0,84.31363422657058,13.784245377640968,40.625206153751314,0.6152845999633276,0.9942757993480691,31.4,985.9599999999999,0.9995239228844999,1.6094379124341003,-2838.634662512345,4638.285689062471,3319.352364456312,89.97749209325389,135.0,65.9
2020-05-24,75.4,85.8,66.9,11.0,4.0,4.9,8.2,16.3,31.4,121.4666666,4.0,86.72173418802801,13.801867510030982,40.67932170866077,0.6016240632249226,0.9942757993480691,31.4,985.9599999999999,0.9995239228844999,1.6094379124341003,-2838.634662512345,4638.285689062471,3319.352364456312,89.97749209325389,135.0,68.0
2020-05-25,70.9,85.8,63.5,11.5,7.0,4.2,6.0,12.2,31.4,121.4666666,4.0,81.64693506537802,13.81894528610065,40.73114872100588,0.5877852522924732,0.9942757993480691,31.4,985.9599999999999,0.9995239228844999,1.6094379124341003,-2838.634662512345,4638.285689062471,3319.352364456312,89.97749209325389,135.0,63.7
2020-05-26,65.6,79.7,63.0,10.7,10.0,2.9,6.0,13.0,31.4,121.4666666,4.0,75.63389735743156,13.835469028798459,40.780702346248404,0.5737722679043246,0.9942757993480691,31.4,985.9599999999999,0.9995239228844999,1.6094379124341003,-2838.634662512345,4638.285689062471,3319.352364456312,89.97749209325389,135.0,62.7
2020-05-27,74.3,81.1,63.3,10.4,6.5,3.0,3.9,9.9,31.4,121.4666666,4.0,85.76343273864055,13.851429244464155,40.82799759586969,0.5595892624101765,0.9942757993480691,31.4,985.9599999999999,0.9995239228844999,1.6094379124341003,-2838.634662512345,4638.285689062471,3319.352364456312,89.97749209325389,135.0,62.4
2020-05-28,76.7,88.3,68.4,11.2,2.9,3.9,6.6,18.8,31.4,121.4666666,4.0,88.63206968952964,13.866816639822108,40.87304929706815,0.545240438540651,0.9942757993480691,31.4,985.9599999999999,0.9995239228844999,1.6094379124341003,-2838.634662512345,4638.285689062471,3319.352364456312,89.97749209325389,135.0,67.5
2020-05-29,70.8,88.3,60.6,13.1,9.5,4.6,7.6,25.4,31.4,121.4666666,4.0,81.90157062007432,13.881622138995649,40.915872053982476,0.5307300481619334,0.9942757993480691,31.4,985.9599999999999,0.9995239228844999,1.6094379124341003,-2838.634662512345,4638.285689062471,3319.352364456312,89.97749209325389,135.0,62.6
2020-05-30,66.3,80.2,60.6,10.9,6.5,4.1,8.2,25.4,31.4,121.4666666,4.0,76.77449887517362,13.895836900483914,40.956480210463525,0.5160623910158528,0.9942757993480691,31.4,985.9599999999999,0.9995239228844999,1.6094379124341003,-2838.634662512345,4638.285689062471,3319.352364456312,89.97749209325389,135.0,64.5
2020-05-31,74.7,82.9,63.7,10.8,2.9,3.3,6.2,12.8,31.4,121.4666666,4.0,86.58634077940506,13.909452334040974,40.99488781441426,0.5012418134457758,0.9942757993480691,31.4,985.9599999999999,0.9995239228844999,1.6094379124341003,-2838.634662512345,4638.285689062471,3319.352364456312,89.97749209325389,135.0,68.0
2020-06-01,79.6,87.6,70.0,9.5,9.6,4.3,6.6,14.0,31.4,121.4666666,4.0,92.35231877872495,13.92246011739572,41.03110858371184,0.48627270710868997,0.9942757993480691,31.4,985.9599999999999,0.9995239228844999,1.6094379124341003,-2838.634662512345,4638.285689062471,3319.352364456312,89.97749209325389,135.0,65.8
2020-06-02,83.4,91.6,70.5,4.4,11.7,4.6,6.8,14.6,31.4,121.4666666,4.0,96.84722287861152,13.934852212749856,41.06515587372306,0.4711595076738638,0.9942757993480691,31.4,985.9599999999999,0.9995239228844999,1.6094379124341003,-2838.634662512345,4638.285689062471,3319.352364456312,89.97749209325389,135.0,70.7
2020-06-03,74.9,91.6,70.9,3.3,5.3,2.6,4.9,13.2,31.4,121.4666666,4.0,87.05015867800024,13.946620882990691,41.09704264641978,0.4559066935084588,0.9942757993480691,31.4,985.9599999999999,0.9995239228844999,1.6094379124341003,-2838.634662512345,4638.285689062471,3319.352364456312,89.97749209325389,135.0,72.7
2020-06-04,81.6,89.8,70.9,4.5,7.4,2.2,2.9,49.802310611067774,31.4,121.4666666,4.0,94.91275921137401,13.957758707555003,41.12678144109827,0.440518784350495,0.9942757993480691,31.4,985.9599999999999,0.9995239228844999,1.6094379124341003,-2838.634662512345,4638.285689062471,3319.352364456312,89.97749209325389,135.0,71.9
2020-06-05,71.1,89.8,70.2,5.4,9.0,5.0,7.4,20.6,31.4,121.4666666,4.0,82.76193219244071,13.96825859788029,41.154384346702805,0.42500033996955416,0.9942757993480691,31.4,985.9599999999999,0.9995239228844999,1.6094379124341003,-2838.634662512345,4638.285689062471,3319.352364456312,89.97749209325389,135.0,68.8
2020-06-06,72.8,80.2,64.8,8.8,14.1,3.8,6.2,20.6,31.4,121.4666666,4.0,84.80055712843898,13.978113812380052,41.17986297575166,0.4093559588156213,0.9942757993480691,31.4,985.9599999999999,0.9995239228844999,1.6094379124341003,-2838.634662512345,4638.285689062471,3319.352364456312,89.97749209325389,135.0,68.1
2020-06-07,75.5,83.8,64.8,10.1,10.0,4.9,7.0,15.3,31.4,121.4666666,4.0,88.00354223345688,13.987317970880566,41.203228439860666,0.39359027665646673,0.9942757993480691,31.4,985.9599999999999,0.9995239228844999,1.6094379124341003,-2838.634662512345,4638.285689062471,3319.352364456312,89.97749209325389,135.0,66.9
2020-06-08,76.9,83.8,70.5,10.1,6.1,5.8,8.7,17.9,31.4,121.4666666,4.0,89.69016864703404,13.995865068457846,41.224491326858065,0.3777079652039649,0.9942757993480691,31.4,985.9599999999999,0.9995239228844999,1.6094379124341003,-2838.634662512345,4638.285689062471,3319.352364456312,89.97749209325389,135.0,71.2
2020-06-09,77.5,83.1,73.6,7.3,11.3,3.9,6.2,15.5,31.4,121.4666666,4.0,90.44088211397114,14.003749488614886,41.243661679482294,0.36171373072976765,0.9942757993480691,31.4,985.9599999999999,0.9995239228844999,1.6094379124341003,-2838.634662512345,4638.285689062471,3319.352364456312,89.97749209325389,135.0,74.6
2020-06-10,78.3,83.1,75.4,4.5,2.2,1.4,2.9,12.2,31.4,121.4666666,4.0,91.42155325271324,14.010966015741493,41.260748975653144,0.3456123126707335,0.9942757993480691,31.4,985.9599999999999,0.9995239228844999,1.6094379124341003,-2838.634662512345,4638.285689062471,3319.352364456312,89.97749209325389,135.0,76.6
2020-06-11,78.6,83.8,76.1,4.3,6.3,3.3,5.8,12.2,31.4,121.4666666,4.0,91.81468949654813,14.017509846801243,41.275762110305706,0.3294084822245304,0.9942757993480691,31.4,985.9599999999999,0.9995239228844999,1.6094379124341003,-2838.634662512345,4638.285689062471,3319.352364456312,89.97749209325389,135.0,75.9
2020-06-12,83.1,95.0,76.1,2.2,6.0,3.7,7.0,27.8,31.4,121.4666666,4.0,97.11188297018586,14.023376602192906,41.28870937877591,0.3131070409358269,0.9942757993480691,31.4,985.9599999999999,0.9995239228844999,1.6094379124341003,-2838.634662512345,4638.285689062471,3319.352364456312,89.97749209325389,135.0,77.5
2020-06-13,84.0,95.0,77.0,4.7,9.6,3.5,8.4,15.0,31.4,121.4666666,4.0,98.19993635015803,14.028562335736861,41.29959846172624,0.29671281927349075,0.9942757993480691,31.4,985.9599999999999,0.9995239228844999,1.6094379124341003,-2838.634662512345,4638.285689062471,3319.352364456312,89.97749209325389,135.0,77.7
2020-06-14,83.1,89.8,77.0,8.6,9.7,3.3,5.4,15.0,31.4,121.4666666,4.0,97.17896504040301,14.033063543740507,41.30843641159974,0.28023067519921585,0.9942757993480691,31.4,985.9599999999999,0.9995239228844999,1.6094379124341003,-2838.634662512345,4638.285689062471,3319.352364456312,89.97749209325389,135.0,77.8
2020-06-15,75.6,86.5,73.8,7.4,4.7,2.1,3.5,17.7,31.4,121.4666666,4.0,88.43232619053333,14.03687717310053,41.31522964059135,0.26366549272800704,0.9942757993480691,31.4,985.9599999999999,0.9995239228844999,1.6094379124341003,-2838.634662512345,4638.285689062471,3319.352364456312,89.97749209325389,135.0,75.0
2020-06-16,73.6,76.5,70.9,5.5,8.5,6.0,8.4,15.3,31.4,121.4666666,4.0,86.11200385421144,14.04000062840404,41.319983910125586,0.24702218048093552,0.9942757993480691,31.4,985.9599999999999,0.9995239228844999,1.6094379124341003,-2838.634662512345,4638.285689062471,3319.352364456312,89.97749209325389,135.0,69.5
2020-06-17,80.8,85.8,70.9,0.5,6.4,3.6,6.0,14.4,31.4,121.4666666,4.0,94.55237397183346,14.04243177799507,41.32270432183072,0.23030567023061221,0.9942757993480691,31.4,985.9599999999999,0.9995239228844999,1.6094379124341003,-2838.634662512345,4638.285689062471,3319.352364456312,89.97749209325389,135.0,77.0
2020-06-18,76.2,90.0,70.5,3.3,11.9,6.3,10.9,22.0,31.4,121.4666666,4.0,89.18047288950775,14.044168958977599,41.32339531000043,0.21352091543979612,0.9942757993480691,31.4,985.9599999999999,0.9995239228844999,1.6094379124341003,-2838.634662512345,4638.285689062471,3319.352364456312,89.97749209325389,135.0,71.3
2020-06-19,76.3,90.0,70.5,8.9,8.3,3.4,5.2,14.6,31.4,121.4666666,4.0,89.30413315502621,14.04521098113125,41.322060635535195,0.19667288979357647,0.9942757993480691,31.4,985.9599999999999,0.9995239228844999,1.6094379124341003,-2838.634662512345,4638.285689062471,3319.352364456312,89.97749209325389,135.0,66.9
2020-06-20,73.9,82.0,70.0,7.5,8.2,2.6,5.2,10.3,31.4,121.4666666,4.0,86.49722265719748,14.045557129720834,41.31870338135702,0.1797665857255624,0.9942757993480691,31.4,985.9599999999999,0.9995239228844999,1.6094379124341003,-2838.634662512345,4638.285689062471,3319.352364456312,89.97749209325389,135.0,67.8
2020-06-21,70.6,79.9,68.2,5.1,5.7,3.6,6.4,16.1,31.4,121.4666666,4.0,82.63263550027926,14.045207167186277,41.313325949292604,0.16280701293851715,0.9942757993480691,31.4,985.9599999999999,0.9995239228844999,1.6094379124341003,-2838.634662512345,4638.285689062471,3319.352364456312,89.97749209325389,135.0,69.3
2020-06-22,75.9,79.0,68.2,5.3,11.0,5.1,6.6,14.6,31.4,121.4666666,4.0,88.82932043568272,14.044161333704775,41.305930058421524,0.1457991969198751,0.9942757993480691,31.4,985.9599999999999,0.9995239228844999,1.6094379124341003,-2838.634662512345,4638.285689062471,3319.352364456312,89.97749209325389,135.0,72.7
2020-06-23,79.0,83.3,74.3,2.6,9.6,3.9,6.0,27.0,31.4,121.4666666,4.0,92.44593394859778,14.042420346622448,41.29651674488778,0.12874817745258132,0.9942757993480691,31.4,985.9599999999999,0.9995239228844999,1.6094379124341003,-2838.634662512345,4638.285689062471,3319.352364456312,89.97749209325389,135.0,76.1
2020-06-24,78.1,83.3,72.7,2.6,4.0,3.9,5.1,27.0,31.4,121.4666666,4.0,91.37690497025164,14.039985398758255,41.28508636317474,0.11165900712169512,0.9942757993480691,31.4,985.9599999999999,0.9995239228844999,1.6094379124341003,-2838.634662512345,4638.285689062471,3319.352364456312,89.97749209325389,135.0,74.4
2020-06-25,75.3,83.1,70.9,5.1,2.3,2.4,4.7,12.2,31.4,121.4666666,4.0,88.08128492631681,14.036858155588336,41.2716385888448,0.09453674981719912,0.9942757993480691,31.4,985.9599999999999,0.9995239228844999,1.6094379124341003,-2838.634662512345,4638.285689062471,3319.352364456312,89.97749209325389,135.0,73.5
2020-06-26,81.2,87.1,70.9,4.6,5.9,3.6,7.0,13.8,31.4,121.4666666,4.0,94.95690908396114,14.033040751324306,41.25617242274726,0.07738647923346301,0.9942757993480691,31.4,985.9599999999999,0.9995239228844999,1.6094379124341003,-2838.634662512345,4638.285689062471,3319.352364456312,89.97749209325389,135.0,77.1
2020-06-27,78.8,87.1,74.7,3.9,10.3,2.8,4.5,15.5,31.4,121.4666666,4.0,92.12071831430518,14.028535783904342,41.23868619669873,0.06021327736579302,0.9942757993480691,31.4,985.9599999999999,0.9995239228844999,1.6094379124341003,-2838.634662512345,4638.285689062471,3319.352364456312,89.97749209325389,135.0,76.2
2020-06-28,78.0,84.0,74.7,2.9,5.5,3.7,6.4,14.8,31.4,121.4666666,4.0,91.15175100798604,14.02334630892093,41.21917758064253,0.04302223300453059,0.9942757993480691,31.4,985.9599999999999,0.9995239228844999,1.6094379124341003,-2838.634662512345,4638.285689062471,3319.352364456312,89.97749209325389,135.0,76.9
2020-06-29,77.6,84.7,71.4,999.0,13.7,6.6,8.7,21.6,31.4,121.4666666,4.0,90.64634371692473,14.017475832514135,41.19764359129388,0.02581844022713308,0.9942757993480691,31.4,985.9599999999999,0.9995239228844999,1.6094379124341003,-2838.634662512345,4638.285689062471,3319.352364456312,89.97749209325389,135.0,72.2
2020-06-30,77.6,86.2,71.4,3.6,12.8,3.8,5.4,14.8,31.4,121.4666666,4.0,90.60400302777362,14.010928303263961,41.174080602279574,0.008606996888688698,0.9942757993480691,31.4,985.9599999999999,0.9995239228844999,1.6094379124341003,-2838.634662512345,4638.285689062471,3319.352364456312,89.97749209325389,135.0,68.3
2020-07-01,78.1,86.2,72.9,6.8,16.0,5.6,8.7,15.3,31.4,121.4666666,4.0,91.14080023780454,14.003708103119777,41.14848435578111,-0.008606996888688009,0.9942757993480691,31.4,985.9599999999999,0.9995239228844999,1.6094379124341003,-2838.634662512345,4638.285689062471,3319.352364456312,89.97749209325389,135.0,67.2
2020-07-02,77.0,85.3,72.9,6.4,14.8,5.8,7.8,15.3,31.4,121.4666666,4.0,89.80651190670754,13.995820037408967,41.12084997569097,-0.02581844022713239,0.9942757993480691,31.4,985.9599999999999,0.9995239228844999,1.6094379124341003,-2838.634662512345,4638.285689062471,3319.352364456312,89.97749209325389,135.0,72.0
2020-07-03,79.4,86.4,72.9,5.5,15.1,5.5,7.4,16.5,31.4,121.4666666,4.0,92.54909869360712,13.98726932397085,41.091171982292344,-0.04302223300453034,0.9942757993480691,31.4,985.9599999999999,0.9995239228844999,1.6094379124341003,-2838.634662512345,4638.285689062471,3319.352364456312,89.97749209325389,135.0,74.2
2020-07-04,75.6,86.4,72.5,6.7,15.6,4.0,5.8,15.5,31.4,121.4666666,4.0,88.06178796323171,13.97806158146535,41.05944430847198,-0.060213277365792774,0.9942757993480691,31.4,985.9599999999999,0.9995239228844999,1.6094379124341003,-2838.634662512345,4638.285689062471,3319.352364456312,89.97749209325389,135.0,69.8
2020-07-05,76.6,80.1,72.5,0.8,3.8,2.8,5.2,14.6,31.4,121.4666666,4.0,89.16369464793627,13.968202816909077,41.025660317476465,-0.07738647923346322,0.9942757993480691,31.4,985.9599999999999,0.9995239228844999,1.6094379124341003,-2838.634662512345,4638.285689062471,3319.352364456312,89.97749209325389,135.0,76.2
2020-07-06,76.8,79.5,73.6,1.6,6.7,3.8,8.0,28.7,31.4,121.4666666,4.0,89.32927623996345,13.95769941249429,40.98981282222091,-0.09453674981719933,0.9942757993480691,31.4,985.9599999999999,0.9995239228844999,1.6094379124341003,-2838.634662512345,4638.285689062471,3319.352364456312,89.97749209325389,135.0,76.3
2020-07-07,82.4,90.0,73.9,4.4,4.8,2.8,5.6,21.8,31.4,121.4666666,4.0,95.76636570067312,13.94655811174851,40.95189410615849,-0.11165900712169444,0.9942757993480691,31.4,985.9599999999999,0.9995239228844999,1.6094379124341003,-2838.634662512345,4638.285689062471,3319.352364456312,89.97749209325389,135.0,78.0
2020-07-08,79.1,90.0,77.2,1.8,6.4,4.5,6.6,14.0,31.4,121.4666666,4.0,91.85346441691539,13.934786005094624,40.911895945717966,-0.12874817745258066,0.9942757993480691,31.4,985.9599999999999,0.9995239228844999,1.6094379124341003,-2838.634662512345,4638.285689062471,3319.352364456312,89.97749209325389,135.0,77.0
2020-07-09,76.4,83.1,74.7,999.6,5.2,4.6,6.4,15.9,31.4,121.4666666,4.0,88.63921961135686,13.922390514872806,40.86980963431481,-0.14579919691987442,0.9942757993480691,31.4,985.9599999999999,0.9995239228844999,1.6094379124341003,-2838.634662512345,4638.285689062471,3319.352364456312,89.97749209325389,135.0,75.4
2020-07-10,76.9,82.2,74.7,4.0,7.5,3.5,4.7,13.6,31.4,121.4666666,4.0,89.13593952610822,13.909379379886845,40.825626007939555,-0.16280701293851646,0.9942757993480691,31.4,985.9599999999999,0.9995239228844999,1.6094379124341003,-2838.634662512345,4638.285689062471,3319.352364456312,89.97749209325389,135.0,73.6
2020-07-11,77.5,82.2,74.7,5.1,2.8,3.4,5.4,12.6,31.4,121.4666666,4.0,89.74345413035087,13.8957606395382,40.77933547232468,-0.17976658572556214,0.9942757993480691,31.4,985.9599999999999,0.9995239228844999,1.6094379124341003,-2838.634662512345,4638.285689062471,3319.352364456312,89.97749209325389,135.0,76.9
2020-07-12,89.5,98.2,75.7,2.3,12.2,4.8,8.7,19.0,31.4,121.4666666,4.0,103.53317202301882,13.881542617611462,40.730928031689096,-0.19667288979357622,0.9942757993480691,31.4,985.9599999999999,0.9995239228844999,1.6094379124341003,-2838.634662512345,4638.285689062471,3319.352364456312,89.97749209325389,135.0,77.6
2020-07-13,77.2,98.2,72.9,5.9,6.8,4.2,5.1,15.0,31.4,121.4666666,4.0,89.20932146048567,13.866733905774973,40.680393319055945,-0.2135209154397959,0.9942757993480691,31.4,985.9599999999999,0.9995239228844999,1.6094379124341003,-2838.634662512345,4638.285689062471,3319.352364456312,89.97749209325389,135.0,74.2
2020-07-14,73.6,83.5,69.3,7.4,4.0,3.1,7.4,13.4,31.4,121.4666666,4.0,84.95490586074077,13.85134334685991,40.627720628136615,-0.23030567023061196,0.9942757993480691,31.4,985.9599999999999,0.9995239228844999,1.6094379124341003,-2838.634662512345,4638.285689062471,3319.352364456312,89.97749209325389,135.0,71.2
2020-07-15,69.3,79.2,67.6,6.1,7.2,3.9,6.4,13.4,31.4,121.4666666,4.0,79.899319603837,13.835380017980436,40.57289894677023,-0.24702218048093527,0.9942757993480691,31.4,985.9599999999999,0.9995239228844999,1.6094379124341003,-2838.634662512345,4638.285689062471,3319.352364456312,89.97749209325389,135.0,68.7
2020-07-16,72.6,77.9,68.0,6.6,10.5,2.8,4.3,13.4,31.4,121.4666666,4.0,83.60406194201687,13.818853213556507,40.515916991903914,-0.2636654927280072,0.9942757993480691,31.4,985.9599999999999,0.9995239228844999,1.6094379124341003,-2838.634662512345,4638.285689062471,3319.352364456312,89.97749209325389,135.0,68.3
2020-07-17,74.5,77.9,70.2,5.4,7.3,3.9,6.4,12.6,31.4,121.4666666,4.0,85.68600382569255,13.801772428299472,40.45676324609561,-0.2802306751992161,0.9942757993480691,31.4,985.9599999999999,0.9995239228844999,1.6094379124341003,-2838.634662512345,4638.285689062471,3319.352364456312,89.97749209325389,135.0,72.6
2020-07-18,83.1,91.9,71.1,2.1,5.7,2.5,4.7,15.2,31.4,121.4666666,4.0,95.45522033101656,13.784147340218999,40.39542599551649,-0.2967128192734901,0.9942757993480691,31.4,985.9599999999999,0.9995239228844999,1.6094379124341003,-2838.634662512345,4638.285689062471,3319.352364456312,89.97749209325389,135.0,78.9
2020-07-19,84.5,94.6,75.9,2.8,12.4,5.1,8.2,31.5,31.4,121.4666666,4.0,96.9354973806931,13.765987793707898,40.33189336942578,-0.3131070409358267,0.9942757993480691,31.4,985.9599999999999,0.9995239228844999,1.6094379124341003,-2838.634662512345,4638.285689062471,3319.352364456312,89.97749209325389,135.0,76.0
2020-07-20,76.5,94.6,75.6,9.2,4.8,2.6,3.9,13.2,31.4,121.4666666,4.0,87.63906161509034,13.747303782759268,40.26615338108614,-0.3294084822245302,0.9942757993480691,31.4,985.9599999999999,0.9995239228844999,1.6094379124341003,-2838.634662512345,4638.285689062471,3319.352364456312,89.97749209325389,135.0,74.5
2020-07-21,82.4,89.8,75.6,9.8,2.6,2.7,4.5,-6.6359174432691646,31.4,121.4666666,4.0,94.26632398265987,13.728105434367942,40.19819397008309,-0.3456123126707333,0.9942757993480691,31.4,985.9599999999999,0.9995239228844999,1.6094379124341003,-2838.634662512345,4638.285689062471,3319.352364456312,89.97749209325389,135.0,77.7
2020-07-22,87.4,95.2,77.9,5.4,12.1,5.0,7.2,13.6,31.4,121.4666666,4.0,99.84286845960732,13.708402992165764,40.12800304600679,-0.3617137307297674,0.9942757993480691,31.4,985.9599999999999,0.9995239228844999,1.6094379124341003,-2838.634662512345,4638.285689062471,3319.352364456312,89.97749209325389,135.0,79.1
2020-07-23,83.9,95.2,77.0,5.1,9.7,6.0,8.4,24.9,31.4,121.4666666,4.0,95.7033792123583,13.688206800337301,40.05556853344971,-0.37770796520396466,0.9942757993480691,31.4,985.9599999999999,0.9995239228844999,1.6094379124341003,-2838.634662512345,4638.285689062471,3319.352364456312,89.97749209325389,135.0,75.1
2020-07-24,78.1,93.6,72.7,7.3,9.0,4.8,8.9,21.6,31.4,121.4666666,4.0,88.9528234318219,13.667527287859961,39.98087841826866,-0.39359027665646645,0.9942757993480691,31.4,985.9599999999999,0.9995239228844999,1.6094379124341003,-2838.634662512345,4638.285689062471,3319.352364456312,89.97749209325389,135.0,69.6
2020-07-25,80.7,89.8,72.3,6.1,9.8,4.2,7.2,14.2,31.4,121.4666666,4.0,91.77187155966006,13.646374953109301,39.903920795054454,-0.4093559588156211,0.9942757993480691,31.4,985.9599999999999,0.9995239228844999,1.6094379124341003,-2838.634662512345,4638.285689062471,3319.352364456312,89.97749209325389,135.0,70.7
2020-07-26,81.5,89.8,74.7,4.6,8.8,4.1,6.4,13.2,31.4,121.4666666,4.0,92.53483070272438,13.624760348867392,39.824683915747364,-0.42500033996955394,0.9942757993480691,31.4,985.9599999999999,0.9995239228844999,1.6094379124341003,-2838.634662512345,4638.285689062471,3319.352364456312,89.97749209325389,135.0,74.5
2020-07-27,83.5,90.7,78.4,5.2,9.8,2.6,6.2,25.4,31.4,121.4666666,4.0,94.65207955489245,13.602694067768974,39.74315623933169,-0.4405187843504952,0.9942757993480691,31.4,985.9599999999999,0.9995239228844999,1.6094379124341003,-2838.634662512345,4638.285689062471,3319.352364456312,89.97749209325389,135.0,76.7
2020-07-28,83.8,90.7,78.4,7.8,9.2,3.5,6.2,17.9,31.4,121.4666666,4.0,94.83497065204851,13.58018672821697,39.659326482537395,-0.455906693508459,0.9942757993480691,31.4,985.9599999999999,0.9995239228844999,1.6094379124341003,-2838.634662512345,4638.285689062471,3319.352364456312,89.97749209325389,135.0,78.8
2020-07-29,87.1,93.4,79.5,9.4,16.9,4.5,5.8,13.8,31.4,121.4666666,4.0,98.40303204044292,13.55724896079581,39.57318367147212,-0.47115950767386394,0.9942757993480691,31.4,985.9599999999999,0.9995239228844999,1.6094379124341003,-2838.634662512345,4638.285689062471,3319.352364456312,89.97749209325389,135.0,77.7
2020-07-30,87.1,94.3,82.2,10.9,17.3,5.9,8.4,18.8,31.4,121.4666666,4.0,98.23349504355046,13.533891395207872,39.484717194102146,-0.4862727071086902,0.9942757993480691,31.4,985.9599999999999,0.9995239228844999,1.6094379124341003,-2838.634662512345,4638.285689062471,3319.352364456312,89.97749209325389,135.0,77.4
2020-07-31,86.5,94.3,82.8,9.9,14.3,7.2,8.9,17.5,31.4,121.4666666,4.0,97.3854818359028,13.5101246477553,39.393916853495675,-0.5012418134457756,0.9942757993480691,31.4,985.9599999999999,0.9995239228844999,1.6094379124341003,-2838.634662512345,4638.285689062471,3319.352364456312,89.97749209325389,135.0,78.4
2020-08-01,89.4,97.2,82.8,7.7,16.3,6.8,8.9,20.6,31.4,121.4666666,4.0,100.47039685492815,13.48595930938633,39.300772921738144,-0.5160623910158526,0.9942757993480691,31.4,985.9599999999999,0.9995239228844999,1.6094379124341003,-2838.634662512345,4638.285689062471,3319.352364456312,89.97749209325389,135.0,76.5
2020-08-02,89.2,97.2,83.3,6.7,16.6,7.9,10.7,19.6,31.4,121.4666666,4.0,100.06311744512972,13.461405934322384,39.20527619442417,-0.5307300481619331,0.9942757993480691,31.4,985.9599999999999,0.9995239228844999,1.6094379124341003,-2838.634662512345,4638.285689062471,3319.352364456312,89.97749209325389,135.0,74.1
2020-08-03,87.5,96.4,81.9,6.1,15.0,9.1,11.7,21.2,31.4,121.4666666,4.0,97.97429708849447,13.436475029279242,39.107418045627206,-0.5452404385406507,0.9942757993480691,31.4,985.9599999999999,0.9995239228844999,1.6094379124341003,-2838.634662512345,4638.285689062471,3319.352364456312,89.97749209325389,135.0,75.4
2020-08-04,82.5,95.0,77.7,2.9,10.5,10.4,16.3,34.2,31.4,121.4666666,4.0,92.20184217263805,13.411177043292808,39.00719048324391,-0.5595892624101763,0.9942757993480691,31.4,985.9599999999999,0.9995239228844999,1.6094379124341003,-2838.634662512345,4638.285689062471,3319.352364456312,89.97749209325389,135.0,77.5
2020-08-05,83.8,89.4,77.5,6.9,17.7,6.2,10.7,34.2,31.4,121.4666666,4.0,93.47556446779909,13.385522358157388,38.90458620460666,-0.5737722679043243,0.9942757993480691,31.4,985.9599999999999,0.9995239228844999,1.6094379124341003,-2838.634662512345,4638.285689062471,3319.352364456312,89.97749209325389,135.0,78.3
2020-08-06,89.4,95.0,77.5,6.7,16.4,4.7,6.4,13.8,31.4,121.4666666,4.0,99.52843353213898,13.35952127948174,38.79959865225441,-0.5877852522924734,0.9942757993480691,31.4,985.9599999999999,0.9995239228844999,1.6094379124341003,-2838.634662512345,4638.285689062471,3319.352364456312,89.97749209325389,135.0,77.9
2020-08-07,89.7,97.3,84.6,3.7,16.5,5.4,6.4,17.5,31.4,121.4666666,4.0,99.66555061203417,13.333184028365773,38.69222206974905,-0.6016240632249227,0.9942757993480691,31.4,985.9599999999999,0.9995239228844999,1.6094379124341003,-2838.634662512345,4638.285689062471,3319.352364456312,89.97749209325389,135.0,76.6
2020-08-08,87.2,97.3,83.8,1.3,14.7,5.1,8.4,17.7,31.4,121.4666666,4.0,96.69405066487568,13.306520733698486,38.58245155742189,-0.6152845999633277,0.9942757993480691,31.4,985.9599999999999,0.9995239228844999,1.6094379124341003,-2838.634662512345,4638.285689062471,3319.352364456312,89.97749209325389,135.0,78.2
2020-08-09,88.1,98.2,81.9,999.8,14.9,5.5,7.8,16.9,31.4,121.4666666,4.0,97.49396662909659,13.279541425075585,38.47028312793219,-0.6287628145958345,0.9942757993480691,31.4,985.9599999999999,0.9995239228844999,1.6094379124341003,-2838.634662512345,4638.285689062471,3319.352364456312,89.97749209325389,135.0,78.5
2020-08-10,83.5,98.2,76.8,3.0,12.1,3.6,7.2,23.5,31.4,121.4666666,4.0,92.21361484990129,13.25225602633312,38.3557137615181,-0.6420547132365636,0.9942757993480691,31.4,985.9599999999999,0.9995239228844999,1.6094379124341003,-2838.634662512345,4638.285689062471,3319.352364456312,89.97749209325389,135.0,77.6
2020-08-11,88.1,96.4,76.8,7.4,16.0,4.3,6.4,13.6,31.4,121.4666666,4.0,97.09115085065353,13.22467434969174,38.238741460818446,-0.655156357209085,0.9942757993480691,31.4,985.9599999999999,0.9995239228844999,1.6094379124341003,-2838.634662512345,4638.285689062471,3319.352364456312,89.97749209325389,135.0,77.6
2020-08-12,90.2,96.4,83.8,9.0,17.7,6.4,10.9,19.8,31.4,121.4666666,4.0,99.19599244695794,13.196806090504383,38.11936530514249,-0.6680638642135333,0.9942757993480691,31.4,985.9599999999999,0.9995239228844999,1.6094379124341003,-2838.634662512345,4638.285689062471,3319.352364456312,89.97749209325389,135.0,75.0
2020-08-13,92.7,99.7,85.6,7.4,17.7,5.5,7.2,16.3,31.4,121.4666666,4.0,101.7279048545737,13.168660822598536,37.997585504064034,-0.6807734094770159,0.9942757993480691,31.4,985.9599999999999,0.9995239228844999,1.6094379124341003,-2838.634662512345,4638.285689062471,3319.352364456312,89.97749209325389,135.0,75.9
2020-08-14,91.8,99.7,83.3,6.9,17.4,5.1,6.4,14.0,31.4,121.4666666,4.0,100.52289715565303,13.14024799420301,37.87340345021574,-0.6932812268869771,0.9942757993480691,31.4,985.9599999999999,0.9995239228844999,1.6094379124341003,-2838.634662512345,4638.285689062471,3319.352364456312,89.97749209325389,135.0,75.0
2020-08-15,90.0,99.0,82.8,7.2,18.5,6.1,7.0,15.0,31.4,121.4666666,4.0,98.33682693335713,13.111576924447617,37.74682177115889,-0.7055836101071774,0.9942757993480691,31.4,985.9599999999999,0.9995239228844999,1.6094379124341003,-2838.634662512345,4638.285689062471,3319.352364456312,89.97749209325389,135.0,72.8
2020-08-16,89.9,98.6,82.4,8.4,15.9,5.9,7.4,15.0,31.4,121.4666666,4.0,98.01090386317003,13.082656800423141,37.61784438020488,-0.7176769136759615,0.9942757993480691,31.4,985.9599999999999,0.9995239228844999,1.6094379124341003,-2838.634662512345,4638.285689062471,3319.352364456312,89.97749209325389,135.0,75.2
2020-08-17,88.4,98.6,81.9,10.6,11.0,6.7,7.4,15.9,31.4,121.4666666,4.0,96.16075883760466,13.053496674787961,37.486476526064514,-0.7295575540864876,0.9942757993480691,31.4,985.9599999999999,0.9995239228844999,1.6094379124341003,-2838.634662512345,4638.285689062471,3319.352364456312,89.97749209325389,135.0,75.0
2020-08-18,87.8,97.0,81.5,10.1,10.3,6.2,8.0,20.2,31.4,121.4666666,4.0,95.29303831091728,13.02410546390669,37.35272484120271,-0.7412220108485957,0.9942757993480691,31.4,985.9599999999999,0.9995239228844999,1.6094379124341003,-2838.634662512345,4638.285689062471,3319.352364456312,89.97749209325389,135.0,75.2
2020-08-19,88.5,96.4,80.6,9.3,10.5,5.1,7.0,20.2,31.4,121.4666666,4.0,95.8343781054787,12.994491946505589,37.21659738877735,-0.7526668275320083,0.9942757993480691,31.4,985.9599999999999,0.9995239228844999,1.6094379124341003,-2838.634662512345,4638.285689062471,3319.352364456312,89.97749209325389,135.0,75.2
2020-08-20,87.7,98.8,79.5,10.4,13.0,4.4,7.0,15.3,31.4,121.4666666,4.0,94.75009164167294,12.964664762828681,37.07810370804286,-0.7638886127905429,0.9942757993480691,31.4,985.9599999999999,0.9995239228844999,1.6094379124341003,-2838.634662512345,4638.285689062471,3319.352364456312,89.97749209325389,135.0,75.2
2020-08-21,85.7,98.8,79.3,11.2,11.5,4.9,9.1,19.2,31.4,121.4666666,4.0,92.37483315863642,12.934632414278143,36.93725485810117,-0.7748840413670406,0.9942757993480691,31.4,985.9599999999999,0.9995239228844999,1.6094379124341003,-2838.634662512345,4638.285689062471,3319.352364456312,89.97749209325389,135.0,75.5
2020-08-22,84.1,94.1,78.8,9.1,10.7,4.2,7.2,14.0,31.4,121.4666666,4.0,90.43835953851624,12.904403263521937,36.794063459885436,-0.7856498550787144,0.9942757993480691,31.4,985.9599999999999,0.9995239228844999,1.6094379124341003,-2838.634662512345,4638.285689062471,3319.352364456312,89.97749209325389,135.0,76.4
2020-08-23,85.1,92.7,77.9,5.3,11.8,4.2,7.8,15.5,31.4,121.4666666,4.0,91.2980140860731,12.873985535051435,36.648543736264216,-0.7961828637826154,0.9942757993480691,31.4,985.9599999999999,0.9995239228844999,1.6094379124341003,-2838.634662512345,4638.285689062471,3319.352364456312,89.97749209325389,135.0,74.8
2020-08-24,87.4,93.7,77.9,1.7,17.9,3.8,9.1,17.1,31.4,121.4666666,4.0,93.54267095278269,12.843387316171535,36.50071155015786,-0.8064799463209447,0.9942757993480691,31.4,985.9599999999999,0.9995239228844999,1.6094379124341003,-2838.634662512345,4638.285689062471,3319.352364456312,89.97749209325389,135.0,76.0
2020-08-25,88.0,95.4,81.1,998.5,15.8,6.6,9.7,18.3,31.4,121.4666666,4.0,93.95918809497385,12.812616558405526,36.350584440561576,-0.8165380514459157,0.9942757993480691,31.4,985.9599999999999,0.9995239228844999,1.6094379124341003,-2838.634662512345,4638.285689062471,3319.352364456312,89.97749209325389,135.0,77.7
2020-08-26,82.7,95.4,79.3,997.0,11.4,4.7,9.7,25.6,31.4,121.4666666,4.0,88.08708543815494,12.78168107929697,36.198181656374096,-0.8263541987239094,0.9942757993480691,31.4,985.9599999999999,0.9995239228844999,1.6094379124341003,-2838.634662512345,4638.285689062471,3319.352364456312,89.97749209325389,135.0,77.6
2020-08-27,83.7,93.2,78.1,1.2,8.7,3.6,6.8,19.2,31.4,121.4666666,4.0,88.93535523802093,12.750588564590814,36.043524187934906,-0.8359254794186365,0.9942757993480691,31.4,985.9599999999999,0.9995239228844999,1.6094379124341003,-2838.634662512345,4638.285689062471,3319.352364456312,89.97749209325389,135.0,76.3
2020-08-28,80.4,93.2,77.0,3.8,10.6,4.0,5.8,19.8,31.4,121.4666666,4.0,85.21962202419935,12.719346570776022,35.88663479617749,-0.8452490573530634,0.9942757993480691,31.4,985.9599999999999,0.9995239228844999,1.6094379124341003,-2838.634662512345,4638.285689062471,3319.352364456312,89.97749209325389,135.0,77.7
2020-08-29,79.4,88.7,76.5,6.5,5.0,2.7,5.8,11.1,31.4,121.4666666,4.0,83.95201872674866,12.68796252797209,35.727538039310936,-0.8543221697498269,0.9942757993480691,31.4,985.9599999999999,0.9995239228844999,1.6094379124341003,-2838.634662512345,4638.285689062471,3319.352364456312,89.97749209325389,135.0,77.7
2020-08-30,85.2,92.1,76.1,8.5,15.2,3.5,5.1,13.6,31.4,121.4666666,4.0,89.86075057630823,12.656443743142004,35.56626029694739,-0.8631421280499115,0.9942757993480691,31.4,985.9599999999999,0.9995239228844999,1.6094379124341003,-2838.634662512345,4638.285689062471,3319.352364456312,89.97749209325389,135.0,78.9
2020-08-31,85.0,92.1,79.9,7.9,16.2,5.2,7.8,18.8,31.4,121.4666666,4.0,89.42564827560194,12.624797403614393,35.40282979159797,-0.8717063187093217,0.9942757993480691,31.4,985.9599999999999,0.9995239228844999,1.6094379124341003,-2838.634662512345,4638.285689062471,3319.352364456312,89.97749209325389,135.0,78.4
2020-09-01,84.4,91.4,81.1,4.1,15.4,6.8,8.2,19.6,31.4,121.4666666,4.0,88.57098175231488,12.59303058089785,35.23727660746592,-0.8800122039735356,0.9942757993480691,31.4,985.9599999999999,0.9995239228844999,1.6094379124341003,-2838.634662512345,4638.285689062471,3319.352364456312,89.97749209325389,135.0,78.1
2020-09-02,79.1,89.8,72.7,3.7,10.3,6.8,11.3,21.8,31.4,121.4666666,4.0,82.79891529753026,12.561150234770711,35.06963270647076,-0.888057322629493,0.9942757993480691,31.4,985.9599999999999,0.9995239228844999,1.6094379124341003,-2838.634662512345,4638.285689062471,3319.352364456312,89.97749209325389,135.0,73.9
2020-09-03,77.8,88.3,69.8,10.4,9.1,2.8,6.6,15.0,31.4,121.4666666,4.0,81.23074152763328,12.529163217629813,34.89993194144445,-0.8958392907349089,0.9942757993480691,31.4,985.9599999999999,0.9995239228844999,1.6094379124341003,-2838.634662512345,4638.285689062471,3319.352364456312,89.97749209325389,135.0,66.5
2020-09-04,80.5,91.0,68.7,11.2,14.4,3.9,6.0,15.3,31.4,121.4666666,4.0,83.83455337217595,12.497076279082128,34.72821006644555,-0.9033558023246842,0.9942757993480691,31.4,985.9599999999999,0.9995239228844999,1.6094379124341003,-2838.634662512345,4638.285689062471,3319.352364456312,89.97749209325389,135.0,63.1
2020-09-05,79.1,91.0,68.2,9.7,16.0,4.3,7.4,17.1,31.4,121.4666666,4.0,82.16443993311574,12.46489607076345,34.554504744144815,-0.9106046300942162,0.9942757993480691,31.4,985.9599999999999,0.9995239228844999,1.6094379124341003,-2838.634662512345,4638.285689062471,3319.352364456312,89.97749209325389,135.0,65.0
2020-09-06,80.4,87.4,68.9,5.0,13.5,6.6,9.1,19.6,31.4,121.4666666,4.0,83.29861531417042,12.432629151368717,34.37885555024187,-0.9175836260593934,0.9942757993480691,31.4,985.9599999999999,0.9995239228844999,1.6094379124341003,-2838.634662512345,4638.285689062471,3319.352364456312,89.97749209325389,135.0,64.6
2020-09-07,81.7,91.6,72.9,7.1,7.7,3.6,9.7,20.8,31.4,121.4666666,4.0,84.42525322804153,12.400281991878805,34.201303974879224,-0.9242907221930934,0.9942757993480691,31.4,985.9599999999999,0.9995239228844999,1.6094379124341003,-2838.634662512345,4638.285689062471,3319.352364456312,89.97749209325389,135.0,68.7
2020-09-08,81.4,93.9,72.7,11.0,12.7,4.5,10.7,20.6,31.4,121.4666666,4.0,83.89532365423997,12.367860980969038,34.021893421027,-0.9307239310379793,0.9942757993480691,31.4,985.9599999999999,0.9995239228844999,1.6094379124341003,-2838.634662512345,4638.285689062471,3319.352364456312,89.97749209325389,135.0,67.7
2020-09-09,80.9,93.9,72.1,8.7,11.2,2.1,4.9,12.8,31.4,121.4666666,4.0,83.16096913619383,12.335372430584993,33.84066919981869,-0.9368813462954315,0.9942757993480691,31.4,985.9599999999999,0.9995239228844999,1.6094379124341003,-2838.634662512345,4638.285689062471,3319.352364456312,89.97749209325389,135.0,70.1
2020-09-10,79.6,89.6,71.2,7.5,10.2,4.5,6.0,17.3,31.4,121.4666666,4.0,81.6087231250875,12.302822581671483,33.65767852282501,-0.9427611433904206,0.9942757993480691,31.4,985.9599999999999,0.9995239228844999,1.6094379124341003,-2838.634662512345,4638.285689062471,3319.352364456312,89.97749209325389,135.0,71.9
2020-09-11,73.1,88.2,69.1,10.0,9.0,1.9,4.3,17.3,31.4,121.4666666,4.0,74.74607560783265,12.270217610040927,33.47297049126052,-0.9483615800121716,0.9942757993480691,31.4,985.9599999999999,0.9995239228844999,1.6094379124341003,-2838.634662512345,4638.285689062471,3319.352364456312,89.97749209325389,135.0,70.5
2020-09-12,74.5,82.6,68.7,14.7,11.0,2.4,6.0,16.1,31.4,121.4666666,4.0,75.97487421761576,12.237563632367639,33.28659608212422,-0.9536809966304455,0.9942757993480691,31.4,985.9599999999999,0.9995239228844999,1.6094379124341003,-2838.634662512345,4638.285689062471,3319.352364456312,89.97749209325389,135.0,70.1
2020-09-13,77.7,84.0,68.7,15.0,16.4,2.4,4.5,10.9,31.4,121.4666666,4.0,79.02651196210928,12.204866712294868,33.098608131283115,-0.9587178169872964,0.9942757993480691,31.4,985.9599999999999,0.9995239228844999,1.6094379124341003,-2838.634662512345,4638.285689062471,3319.352364456312,89.97749209325389,135.0,68.2
2020-09-14,75.4,84.0,71.4,13.3,10.6,2.6,4.9,11.8,31.4,121.4666666,4.0,76.48156817873135,12.172132866641594,32.909061313514194,-0.9634705485641486,0.9942757993480691,31.4,985.9599999999999,0.9995239228844999,1.6094379124341003,-2838.634662512345,4638.285689062471,3319.352364456312,89.97749209325389,135.0,69.6
2020-09-15,73.0,83.5,71.6,10.1,3.2,2.0,3.5,102.95258826452086,31.4,121.4666666,4.0,73.84782243615362,12.139368071696486,32.71801211952803,-0.9679377830240642,0.9942757993480691,31.4,985.9599999999999,0.9995239228844999,1.6094379124341003,-2838.634662512345,4638.285689062471,3319.352364456312,89.97749209325389,135.0,72.2
2020-09-16,76.6,82.2,71.6,9.9,3.2,2.7,4.3,13.0,31.4,121.4666666,4.0,77.28032462086048,12.1065782695865,32.525518830003946,-0.9721181966290612,0.9942757993480691,31.4,985.9599999999999,0.9995239228844999,1.6094379124341003,-2838.634662512345,4638.285689062471,3319.352364456312,89.97749209325389,135.0,73.2
2020-09-17,67.5,82.2,63.3,13.1,8.2,5.4,7.8,20.0,31.4,121.4666666,4.0,67.91495273273173,12.073769374707863,32.33164148667364,-0.9760105506323682,0.9942757993480691,31.4,985.9599999999999,0.9995239228844999,1.6094379124341003,-2838.634662512345,4638.285689062471,3319.352364456312,89.97749209325389,135.0,65.2
2020-09-18,65.6,71.4,63.1,18.0,6.2,2.7,4.3,16.7,31.4,121.4666666,4.0,65.82384513180028,12.04094728020737,32.13644186049731,-0.9796136916454901,0.9942757993480691,31.4,985.9599999999999,0.9995239228844999,1.6094379124341003,-2838.634662512345,4638.285689062471,3319.352364456312,89.97749209325389,135.0,63.4
2020-09-19,68.7,77.0,62.6,17.2,6.1,2.3,4.5,10.1,31.4,121.4666666,4.0,68.74647477427368,12.008117864501951,31.939983416982866,-0.9829265519799822,0.9942757993480691,31.4,985.9599999999999,0.9995239228844999,1.6094379124341003,-2838.634662512345,4638.285689062471,3319.352364456312,89.97749209325389,135.0,64.9
2020-09-20,73.0,80.1,62.6,17.2,13.9,2.7,6.4,13.6,31.4,121.4666666,4.0,72.8496625701005,11.97528699782474,31.742331278705755,-0.9859481499638303,0.9942757993480691,31.4,985.9599999999999,0.9995239228844999,1.6094379124341003,-2838.634662512345,4638.285689062471,3319.352364456312,89.97749209325389,135.0,62.7
2020-09-21,74.5,82.6,67.1,15.5,17.1,2.1,6.2,11.5,31.4,121.4666666,4.0,74.14277590704499,11.942460548785771,31.54355218509332,-0.9886775902323404,0.9942757993480691,31.4,985.9599999999999,0.9995239228844999,1.6094379124341003,-2838.634662512345,4638.285689062471,3319.352364456312,89.97749209325389,135.0,61.7
2020-09-22,74.5,82.6,68.4,14.4,16.2,4.3,6.0,14.4,31.4,121.4666666,4.0,73.93904226039164,11.909644390935568,31.343714449543743,-0.9911140639934546,0.9942757993480691,31.4,985.9599999999999,0.9995239228844999,1.6094379124341003,-2838.634662512345,4638.285689062471,3319.352364456312,89.97749209325389,135.0,62.0
2020-09-23,68.9,79.2,66.2,14.1,8.4,3.3,5.1,12.6,31.4,121.4666666,4.0,68.19288165017862,11.876844409319933,31.14288791395647,-0.9932568492674143,0.9942757993480691,31.4,985.9599999999999,0.9995239228844999,1.6094379124341003,-2838.634662512345,4638.285689062471,3319.352364456312,89.97749209325389,135.0,65.9
2020-09-24,72.1,79.0,63.7,13.2,16.2,4.4,8.0,19.2,31.4,121.4666666,4.0,71.16309959630955,11.844066507014073,30.94114390075612,-0.9951053111006974,0.9942757993480691,31.4,985.9599999999999,0.9995239228844999,1.6094379124341003,-2838.634662512345,4638.285689062471,3319.352364456312,89.97749209325389,135.0,62.0
2020-09-25,73.8,79.3,63.1,14.0,17.6,4.4,7.4,17.1,31.4,121.4666666,4.0,72.63959716148966,11.811316611624337,30.738555162498272,-0.99665890175417,0.9942757993480691,31.4,985.9599999999999,0.9995239228844999,1.6094379124341003,-2838.634662512345,4638.285689062471,3319.352364456312,89.97749209325389,135.0,63.4
2020-09-26,74.1,80.1,70.0,15.2,18.6,4.4,6.4,15.5,31.4,121.4666666,4.0,72.73285920977887,11.778600681745566,30.535195829150993,-0.9979171608653922,0.9942757993480691,31.4,985.9599999999999,0.9995239228844999,1.6094379124341003,-2838.634662512345,4638.285689062471,3319.352364456312,89.97749209325389,135.0,63.2
2020-09-27,73.5,80.1,68.4,15.9,17.9,4.1,7.4,14.2,31.4,121.4666666,4.0,71.9437888693427,11.745924713362074,30.331141353150706,-0.9988797155850335,0.9942757993480691,31.4,985.9599999999999,0.9995239228844999,1.6094379124341003,-2838.634662512345,4638.285689062471,3319.352364456312,89.97749209325389,135.0,64.2
2020-09-28,73.7,80.2,67.3,14.0,18.6,3.8,8.0,16.3,31.4,121.4666666,4.0,71.93915189945587,11.71329474618006,30.126468452336784,-0.9995462806873573,0.9942757993480691,31.4,985.9599999999999,0.9995239228844999,1.6094379124341003,-2838.634662512345,4638.285689062471,3319.352364456312,89.97749209325389,135.0,62.6
2020-09-29,73.9,80.2,66.7,10.9,17.6,3.3,4.7,11.3,31.4,121.4666666,4.0,71.9337480570053,11.680716869879074,29.921255050873285,-0.9999166586547379,0.9942757993480691,31.4,985.9599999999999,0.9995239228844999,1.6094379124341003,-2838.634662512345,4638.285689062471,3319.352364456312,89.97749209325389,135.0,61.0
2020-09-30,72.9,79.9,64.2,12.9,14.9,4.8,8.0,18.1,31.4,121.4666666,4.0,70.76279817389022,11.648197230269995,29.71558021827108,-0.9999907397361901,0.9942757993480691,31.4,985.9599999999999,0.9995239228844999,1.6094379124341003,-2838.634662512345,4638.285689062471,3319.352364456312,89.97749209325389,135.0,61.4
2020-10-01,73.9,80.4,63.7,13.3,13.3,3.8,5.4,12.4,31.4,121.4666666,4.0,71.53361136767678,11.615742035346704,29.509524106627673,-0.9997685019798909,0.9942757993480691,31.4,985.9599999999999,0.9995239228844999,1.6094379124341003,-2838.634662512345,4638.285689062471,3319.352364456312,89.97749209325389,135.0,63.1
2020-10-02,76.1,83.5,68.4,13.8,16.1,4.6,7.2,16.1,31.4,121.4666666,4.0,73.45779253405995,11.583357561218389,29.30316788620557,-0.9992500112396835,0.9942757993480691,31.4,985.9599999999999,0.9995239228844999,1.6094379124341003,-2838.634662512345,4638.285689062471,3319.352364456312,89.97749209325389,135.0,65.7
2020-10-03,72.4,83.5,67.6,12.6,11.0,5.6,8.0,20.2,31.4,121.4666666,4.0,69.69133595271863,11.551050157909165,29.09659367947404,-0.9984354211555643,0.9942757993480691,31.4,985.9599999999999,0.9995239228844999,1.6094379124341003,-2838.634662512345,4638.285689062471,3319.352364456312,89.97749209325389,135.0,68.7
2020-10-04,68.2,77.5,62.2,15.8,15.3,6.3,8.0,26.2,31.4,121.4666666,4.0,65.46532921598133,11.518826255011378,28.889884493741555,-0.9973249731081555,0.9942757993480691,31.4,985.9599999999999,0.9995239228844999,1.6094379124341003,-2838.634662512345,4638.285689062471,3319.352364456312,89.97749209325389,135.0,61.6
2020-10-05,67.5,74.3,62.2,21.0,18.0,6.5,9.5,21.8,31.4,121.4666666,4.0,64.61264456537965,11.486692367178605,28.68312415250968,-0.9959189961471792,0.9942757993480691,31.4,985.9599999999999,0.9995239228844999,1.6094379124341003,-2838.634662512345,4638.285689062471,3319.352364456312,89.97749209325389,135.0,52.1
2020-10-06,68.7,74.1,62.8,22.2,18.6,6.1,8.4,17.1,31.4,121.4666666,4.0,65.57790044431785,11.454655099444166,28.476397225681218,-0.994217906893952,0.9942757993480691,31.4,985.9599999999999,0.9995239228844999,1.6094379124341003,-2838.634662512345,4638.285689062471,3319.352364456312,89.97749209325389,135.0,54.1
2020-10-07,68.6,74.1,65.1,22.5,18.6,5.5,6.4,16.7,31.4,121.4666666,4.0,65.29988925427007,11.422721152350451,28.26978895875737,-0.9922222094179324,0.9942757993480691,31.4,985.9599999999999,0.9995239228844999,1.6094379124341003,-2838.634662512345,4638.285689062471,3319.352364456312,89.97749209325389,135.0,55.0
2020-10-08,69.7,76.3,61.3,22.1,18.6,5.1,8.4,18.3,31.4,121.4666666,4.0,66.1621286402609,11.390897326874185,28.063385201161015,-0.989932495087353,0.9942757993480691,31.4,985.9599999999999,0.9995239228844999,1.6094379124341003,-2838.634662512345,4638.285689062471,3319.352364456312,89.97749209325389,135.0,56.5
2020-10-09,68.9,76.3,59.2,20.0,16.9,3.7,6.8,14.2,31.4,121.4666666,4.0,65.22068562143463,11.359190529132299,27.85727233382369,-0.9873494423939864,0.9942757993480691,31.4,985.9599999999999,0.9995239228844999,1.6094379124341003,-2838.634662512345,4638.285689062471,3319.352364456312,89.97749209325389,135.0,57.2
2020-10-10,67.8,75.9,58.8,17.6,16.3,2.8,5.4,13.6,31.4,121.4666666,4.0,64.00098392791824,11.327607774852787,27.65153719617546,-0.9844738167520923,0.9942757993480691,31.4,985.9599999999999,0.9995239228844999,1.6094379124341003,-2838.634662512345,4638.285689062471,3319.352364456312,89.97749209325389,135.0,57.5
2020-10-11,69.1,76.3,59.2,15.7,18.2,3.4,5.8,11.1,31.4,121.4666666,4.0,65.04703274811554,11.296156193594594,27.446267012677414,-0.9813064702716093,0.9942757993480691,31.4,985.9599999999999,0.9995239228844999,1.6094379124341003,-2838.634662512345,4638.285689062471,3319.352364456312,89.97749209325389,135.0,57.9
2020-10-12,70.9,77.0,62.4,18.3,13.4,4.2,6.4,14.0,31.4,121.4666666,4.0,66.55644758487054,11.264843032700231,27.241549319035972,-0.9778483415056567,0.9942757993480691,31.4,985.9599999999999,0.9995239228844999,1.6094379124341003,-2838.634662512345,4638.285689062471,3319.352364456312,89.97749209325389,135.0,59.2
2020-10-13,68.4,77.0,61.2,21.8,18.1,5.3,8.5,15.7,31.4,121.4666666,4.0,64.03195126749775,11.233675660964515,27.037471888239512,-0.9741004551724206,0.9942757993480691,31.4,985.9599999999999,0.9995239228844999,1.6094379124341003,-2838.634662512345,4638.285689062471,3319.352364456312,89.97749209325389,135.0,55.0
2020-10-14,69.9,74.3,61.2,23.9,18.5,7.0,9.7,21.0,31.4,121.4666666,4.0,65.25550365691505,11.202661572002585,26.834122656555383,-0.970063921851507,0.9942757993480691,31.4,985.9599999999999,0.9995239228844999,1.6094379124341003,-2838.634662512345,4638.285689062471,3319.352364456312,89.97749209325389,135.0,53.6
2020-10-15,64.7,74.3,60.4,23.8,15.4,4.7,7.8,15.7,31.4,121.4666666,4.0,60.234666888192535,11.171808387300006,26.63158964962606,-0.965739937654855,0.9942757993480691,31.4,985.9599999999999,0.9995239228844999,1.6094379124341003,-2838.634662512345,4638.285689062471,3319.352364456312,89.97749209325389,135.0,55.9
2020-10-16,60.8,69.1,58.3,23.4,11.8,3.7,6.2,14.2,31.4,121.4666666,4.0,56.448360885233484,11.141123858927662,26.42996090880105,-0.9611297838723007,0.9942757993480691,31.4,985.9599999999999,0.9995239228844999,1.6094379124341003,-2838.634662512345,4638.285689062471,3319.352364456312,89.97749209325389,135.0,56.3
2020-10-17,65.0,70.5,58.3,23.6,15.3,3.8,6.0,16.7,31.4,121.4666666,4.0,60.182502639479154,11.110615871903844,26.229324417839504,-0.9562348265919058,0.9942757993480691,31.4,985.9599999999999,0.9995239228844999,1.6094379124341003,-2838.634662512345,4638.285689062471,3319.352364456312,89.97749209325389,135.0,52.7
2020-10-18,66.0,70.5,59.9,23.8,18.3,3.5,5.2,11.7,31.4,121.4666666,4.0,60.94160845402247,11.080292446185904,26.0297680301168,-0.9510565162951536,0.9942757993480691,31.4,985.9599999999999,0.9995239228844999,1.6094379124341003,-2838.634662512345,4638.285689062471,3319.352364456312,89.97749209325389,135.0,50.8
2020-10-19,63.8,70.3,53.8,24.5,17.4,3.6,6.0,13.6,31.4,121.4666666,4.0,58.75002657515502,11.050161738273673,25.83137939646551,-0.9455963874271428,0.9942757993480691,31.4,985.9599999999999,0.9995239228844999,1.6094379124341003,-2838.634662512345,4638.285689062471,3319.352364456312,89.97749209325389,135.0,51.8
2020-10-20,66.0,72.1,53.4,22.0,12.9,2.8,6.8,15.3,31.4,121.4666666,4.0,60.61127623323783,11.020232042406878,25.634245893778626,-0.9398560579418953,0.9942757993480691,31.4,985.9599999999999,0.9995239228844999,1.6094379124341003,-2838.634662512345,4638.285689062471,3319.352364456312,89.97749209325389,135.0,55.9
2020-10-21,62.2,72.1,59.7,17.8,4.7,3.3,6.2,13.6,31.4,121.4666666,4.0,56.9674861184398,10.990511791338868,25.438454554499835,-0.9338372288229252,0.9942757993480691,31.4,985.9599999999999,0.9995239228844999,1.6094379124341003,-2838.634662512345,4638.285689062471,3319.352364456312,89.97749209325389,135.0,58.8
2020-10-22,62.6,70.7,54.0,18.3,9.0,4.9,6.4,21.0,31.4,121.4666666,4.0,57.17993318728965,10.961009556668941,25.2440919971217,-0.9275416835791965,0.9942757993480691,31.4,985.9599999999999,0.9995239228844999,1.6094379124341003,-2838.634662512345,4638.285689062471,3319.352364456312,89.97749209325389,135.0,51.6
2020-10-23,59.9,70.7,51.3,21.8,15.0,5.4,9.1,21.0,31.4,121.4666666,4.0,54.56757245984045,10.931734048715951,25.051244357809516,-0.9209712877166347,0.9942757993480691,31.4,985.9599999999999,0.9995239228844999,1.6094379124341003,-2838.634662512345,4638.285689062471,3319.352364456312,89.97749209325389,135.0,42.8
2020-10-24,57.4,67.1,46.9,23.2,15.7,3.2,7.6,16.9,31.4,121.4666666,4.0,52.15122018779812,10.902694115915983,24.859997223263548,-0.9141279881853337,0.9942757993480691,31.4,985.9599999999999,0.9995239228844999,1.6094379124341003,-2838.634662512345,4638.285689062471,3319.352364456312,89.97749209325389,135.0,44.6
2020-10-25,60.3,69.8,46.4,20.3,13.2,2.7,6.0,12.4,31.4,121.4666666,4.0,54.64134118723026,10.873898743727414,24.67043556492861,-0.9070138128026362,0.9942757993480691,31.4,985.9599999999999,0.9995239228844999,1.6094379124341003,-2838.634662512345,4638.285689062471,3319.352364456312,89.97749209325389,135.0,51.0
2020-10-26,64.8,72.3,52.0,19.0,14.4,3.3,6.8,14.8,31.4,121.4666666,4.0,58.56492808634623,10.84535705302708,24.482643674654806,-0.8996308696522434,0.9942757993480691,31.4,985.9599999999999,0.9995239228844999,1.6094379124341003,-2838.634662512345,4638.285689062471,3319.352364456312,89.97749209325389,135.0,57.6
2020-10-27,65.9,72.3,57.6,21.0,18.0,4.7,7.6,14.4,31.4,121.4666666,4.0,59.403788319750255,10.817078297981837,24.29670510190805,-0.8919813464595487,0.9942757993480691,31.4,985.9599999999999,0.9995239228844999,1.6094379124341003,-2838.634662512345,4638.285689062471,3319.352364456312,89.97749209325389,135.0,58.1
2020-10-28,65.6,70.5,62.1,24.0,13.8,3.9,4.5,11.7,31.4,121.4666666,4.0,58.980259519814254,10.789071863380657,24.1127025926239,-0.8840675099433637,0.9942757993480691,31.4,985.9599999999999,0.9995239228844999,1.6094379124341003,-2838.634662512345,4638.285689062471,3319.352364456312,89.97749209325389,135.0,58.5
2020-10-29,63.8,68.7,60.1,24.9,18.2,4.4,6.4,13.8,31.4,121.4666666,4.0,57.21449627317921,10.761347261413018,23.930718029792317,-0.8758917051442433,0.9942757993480691,31.4,985.9599999999999,0.9995239228844999,1.6094379124341003,-2838.634662512345,4638.285689062471,3319.352364456312,89.97749209325389,135.0,51.2
2020-10-30,62.1,69.1,54.0,25.7,16.0,3.8,6.6,16.1,31.4,121.4666666,4.0,55.54800561178154,10.73391412788049,23.75083237585496,-0.8674563547295971,0.9942757993480691,31.4,985.9599999999999,0.9995239228844999,1.6094379124341003,-2838.634662512345,4638.285689062471,3319.352364456312,89.97749209325389,135.0,48.0
2020-10-31,63.3,70.9,51.6,21.7,13.4,2.2,5.2,12.6,31.4,121.4666666,4.0,56.47827619905025,10.706782217829431,23.573125616991,-0.858763958275803,0.9942757993480691,31.4,985.9599999999999,0.9995239228844999,1.6094379124341003,-2838.634662512345,4638.285689062471,3319.352364456312,89.97749209325389,135.0,53.9
2020-11-01,65.3,72.3,55.9,20.0,6.6,1.6,2.7,11.7,31.4,121.4666666,4.0,58.116789954898394,10.679961400593886,23.397676709360066,-0.8498170915275277,0.9942757993480691,31.4,985.9599999999999,0.9995239228844999,1.6094379124341003,-2838.634662512345,4638.285689062471,3319.352364456312,89.97749209325389,135.0,60.7
2020-11-02,62.8,72.3,54.1,22.4,6.2,3.9,8.0,19.0,31.4,121.4666666,4.0,55.75311599051867,10.653461654239237,23.22456352736537,-0.8406184056344783,0.9942757993480691,31.4,985.9599999999999,0.9995239228844999,1.6094379124341003,-2838.634662512345,4638.285689062471,3319.352364456312,89.97749209325389,135.0,53.6
2020-11-03,58.5,70.3,54.1,26.0,18.4,5.9,8.0,21.8,31.4,121.4666666,4.0,51.80805366456828,10.627293059398621,23.053862813992502,-0.8311706263658079,0.9942757993480691,31.4,985.9599999999999,0.9995239228844999,1.6094379124341003,-2838.634662512345,4638.285689062471,3319.352364456312,89.97749209325389,135.0,39.1
2020-11-04,57.2,64.0,48.6,25.0,15.6,3.3,5.8,15.7,31.4,121.4666666,4.0,50.533653610896344,10.601465792495736,22.885650133272428,-0.8214765533024145,0.9942757993480691,31.4,985.9599999999999,0.9995239228844999,1.6094379124341003,-2838.634662512345,4638.285689062471,3319.352364456312,89.97749209325389,135.0,44.3
2020-11-05,62.3,68.0,48.6,23.0,16.2,4.1,7.2,15.2,31.4,121.4666666,4.0,54.90701536443144,10.575990118349555,22.71999982491082,-0.8115390590073611,0.9942757993480691,31.4,985.9599999999999,0.9995239228844999,1.6094379124341003,-2838.634662512345,4638.285689062471,3319.352364456312,89.97749209325389,135.0,53.4
2020-11-06,66.0,75.6,54.7,20.4,8.4,2.9,6.4,12.4,31.4,121.4666666,4.0,58.029820101870655,10.5508763821583,22.556984961117358,-0.801361088174677,0.9942757993480691,31.4,985.9599999999999,0.9995239228844999,1.6094379124341003,-2838.634662512345,4638.285689062471,3319.352364456312,89.97749209325389,135.0,57.2
2020-11-07,65.8,76.1,52.7,21.9,5.3,3.3,4.7,13.0,31.4,121.4666666,4.0,57.718306921394486,10.526135000862217,22.396677305662323,-0.7909456567567774,0.9942757993480691,31.4,985.9599999999999,0.9995239228844999,1.6094379124341003,-2838.634662512345,4638.285689062471,3319.352364456312,89.97749209325389,135.0,48.9
2020-11-08,62.3,76.1,52.7,26.9,13.8,5.5,8.7,17.9,31.4,121.4666666,4.0,54.52172275642912,10.50177645388683,22.239147275179725,-0.780295851070776,0.9942757993480691,31.4,985.9599999999999,0.9995239228844999,1.6094379124341003,-2838.634662512345,4638.285689062471,3319.352364456312,89.97749209325389,135.0,44.2
2020-11-09,56.7,69.6,45.9,27.2,15.1,3.0,5.2,12.2,31.4,121.4666666,4.0,49.5076582662045,10.477811273270794,22.08446390272873,-0.7694148268839381,0.9942757993480691,31.4,985.9599999999999,0.9995239228844999,1.6094379124341003,-2838.634662512345,4638.285689062471,3319.352364456312,89.97749209325389,135.0,43.4
2020-11-10,56.2,66.6,45.5,29.1,13.3,2.5,5.4,11.7,31.4,121.4666666,4.0,48.960737655416004,10.45425003318491,21.932694803617704,-0.7583058084785625,0.9942757993480691,31.4,985.9599999999999,0.9995239228844999,1.6094379124341003,-2838.634662512345,4638.285689062471,3319.352364456312,89.97749209325389,135.0,44.6
2020-11-11,58.5,66.6,46.0,30.2,15.1,2.9,5.6,13.2,31.4,121.4666666,4.0,50.85162877690106,10.4311033388515,21.783906143487396,-0.7469720876965551,0.9942757993480691,31.4,985.9599999999999,0.9995239228844999,1.6094379124341003,-2838.634662512345,4638.285689062471,3319.352364456312,89.97749209325389,135.0,46.8
2020-11-12,59.5,68.7,48.7,27.4,13.8,3.0,6.6,13.2,31.4,121.4666666,4.0,51.60822649876066,10.4083818148761,21.638162608642467,-0.7354170229639858,0.9942757993480691,31.4,985.9599999999999,0.9995239228844999,1.6094379124341003,-2838.634662512345,4638.285689062471,3319.352364456312,89.97749209325389,135.0,50.5
2020-11-13,60.1,68.7,49.6,27.8,16.8,4.2,7.6,13.8,31.4,121.4666666,4.0,52.01703126580617,10.386096093006223,21.495527378612493,-0.7236440382959124,0.9942757993480691,31.4,985.9599999999999,0.9995239228844999,1.6094379124341003,-2838.634662512345,4638.285689062471,3319.352364456312,89.97749209325389,135.0,50.5
2020-11-14,61.0,69.1,50.7,26.4,8.5,3.0,5.4,15.5,31.4,121.4666666,4.0,52.68497206328583,10.364256799334918,21.356062100916663,-0.711656622281775,0.9942757993480691,31.4,985.9599999999999,0.9995239228844999,1.6094379124341003,-2838.634662512345,4638.285689062471,3319.352364456312,89.97749209325389,135.0,54.7
2020-11-15,64.1,72.1,52.5,24.2,9.8,4.0,7.8,13.8,31.4,121.4666666,4.0,55.24818817301371,10.342874540969806,21.219826867998755,-0.6994583270516471,0.9942757993480691,31.4,985.9599999999999,0.9995239228844999,1.6094379124341003,-2838.634662512345,4638.285689062471,3319.352364456312,89.97749209325389,135.0,58.6
2020-11-16,65.9,72.1,59.7,22.1,10.1,4.7,5.6,15.0,31.4,121.4666666,4.0,56.684763074617905,10.321959892191424,21.086880196291595,-0.6870527672236675,0.9942757993480691,31.4,985.9599999999999,0.9995239228844999,1.6094379124341003,-2838.634662512345,4638.285689062471,3319.352364456312,89.97749209325389,135.0,62.4
2020-11-17,71.6,77.9,63.9,16.3,15.4,7.8,10.5,19.0,31.4,121.4666666,4.0,61.46575616809544,10.301523380127728,20.95727900736338,-0.6744436188329457,0.9942757993480691,31.4,985.9599999999999,0.9995239228844999,1.6094379124341003,-2838.634662512345,4638.285689062471,3319.352364456312,89.97749209325389,135.0,65.2
2020-11-18,75.7,83.1,68.9,9.3,12.6,7.2,12.2,23.5,31.4,121.4666666,4.0,64.85960525642442,10.28157546997481,20.83107861109118,-0.661634618242279,0.9942757993480691,31.4,985.9599999999999,0.9995239228844999,1.6094379124341003,-2838.634662512345,4638.285689062471,3319.352364456312,89.97749209325389,135.0,66.6
2020-11-19,63.5,83.1,57.0,14.7,4.0,5.0,6.8,16.3,31.4,121.4666666,4.0,54.30375299267571,10.262126549796985,20.70833269080043,-0.6486295610349818,0.9942757993480691,31.4,985.9599999999999,0.9995239228844999,1.6094379124341003,-2838.634662512345,4638.285689062471,3319.352364456312,89.97749209325389,135.0,56.0
2020-11-20,58.0,70.2,55.9,21.5,14.0,6.0,8.5,20.2,31.4,121.4666666,4.0,49.50873675555591,10.243186914942601,20.58909329030279,-0.6354323008901775,0.9942757993480691,31.4,985.9599999999999,0.9995239228844999,1.6094379124341003,-2838.634662512345,4638.285689062471,3319.352364456312,89.97749209325389,135.0,49.5
2020-11-21,61.7,63.1,55.9,19.1,10.9,4.6,8.0,16.1,31.4,121.4666666,4.0,52.572342383790556,10.224766752114856,20.47341080275852,-0.622046748440868,0.9942757993480691,31.4,985.9599999999999,0.9995239228844999,1.6094379124341003,-2838.634662512345,4638.285689062471,3319.352364456312,89.97749209325389,135.0,56.1
2020-11-22,53.8,63.1,50.9,27.7,10.9,7.4,9.7,23.9,31.4,121.4666666,4.0,45.76082795207815,10.206876123140109,20.361333961284103,-0.6084768701151264,0.9942757993480691,31.4,985.9599999999999,0.9995239228844999,1.6094379124341003,-2838.634662512345,4638.285689062471,3319.352364456312,89.97749209325389,135.0,49.2
2020-11-23,51.4,56.5,48.7,28.8,11.1,5.3,6.6,19.0,31.4,121.4666666,4.0,43.64513186265143,10.189524948478933,20.252909831220226,-0.594726686960764,0.9942757993480691,31.4,985.9599999999999,0.9995239228844999,1.6094379124341003,-2838.634662512345,4638.285689062471,3319.352364456312,89.97749209325389,135.0,44.0
2020-11-24,51.6,54.3,48.7,27.0,6.0,3.9,5.8,14.8,31.4,121.4666666,4.0,43.74270885927069,10.172722990528067,20.148183803970202,-0.5808002734538013,0.9942757993480691,31.4,985.9599999999999,0.9995239228844999,1.6094379124341003,-2838.634662512345,4638.285689062471,3319.352364456312,89.97749209325389,135.0,50.1
2020-11-25,57.2,59.7,49.6,23.6,2.2,3.9,6.0,14.6,31.4,121.4666666,4.0,48.412553888575125,10.156479836764012,20.04719959231472,-0.5667017562911184,0.9942757993480691,31.4,985.9599999999999,0.9995239228844999,1.6094379124341003,-2838.634662512345,4638.285689062471,3319.352364456312,89.97749209325389,135.0,56.8
2020-11-26,55.6,59.7,53.6,25.8,1.8,3.8,5.6,15.2,31.4,121.4666666,4.0,46.98572929022116,10.140804882781545,19.949999227104307,-0.5524353131676203,0.9942757993480691,31.4,985.9599999999999,0.9995239228844999,1.6094379124341003,-2838.634662512345,4638.285689062471,3319.352364456312,89.97749209325389,135.0,55.0
2020-11-27,51.6,57.6,47.8,31.0,7.9,5.9,7.6,21.0,31.4,121.4666666,4.0,43.54054145571542,10.125707315282655,19.85662305522752,-0.5380051715382992,0.9942757993480691,31.4,985.9599999999999,0.9995239228844999,1.6094379124341003,-2838.634662512345,4638.285689062471,3319.352364456312,89.97749209325389,135.0,45.7
2020-11-28,48.7,54.5,44.4,31.3,15.4,5.5,7.6,20.0,31.4,121.4666666,4.0,41.03460415250678,10.111196095073538,19.767109738749948,-0.5234156073655503,0.9942757993480691,31.4,985.9599999999999,0.9995239228844999,1.6094379124341003,-2838.634662512345,4638.285689062471,3319.352364456312,89.97749209325389,135.0,37.7
2020-11-29,49.3,53.8,43.7,32.6,10.1,4.7,6.2,14.2,31.4,121.4666666,4.0,41.48299175402989,10.09727994012898,19.681496255116148,-0.5086709438521042,0.9942757993480691,31.4,985.9599999999999,0.9995239228844999,1.6094379124341003,-2838.634662512345,4638.285689062471,3319.352364456312,89.97749209325389,135.0,36.2
2020-11-30,50.6,55.8,47.1,34.4,5.9,5.9,7.8,17.7,31.4,121.4666666,4.0,42.52072881871049,10.083967308785097,19.599817898305258,-0.49377555015997737,0.9942757993480691,31.4,985.9599999999999,0.9995239228844999,1.6094379124341003,-2838.634662512345,4638.285689062471,3319.352364456312,89.97749209325389,135.0,38.7
2020-12-01,54.1,58.1,47.8,30.9,17.7,5.3,6.8,15.2,31.4,121.4666666,4.0,45.404625943910645,10.07126638312251,19.52210828082909,-0.4787338401157883,0.9942757993480691,31.4,985.9599999999999,0.9995239228844999,1.6094379124341003,-2838.634662512345,4638.285689062471,3319.352364456312,89.97749209325389,135.0,41.1
2020-12-02,51.4,58.1,47.8,30.1,12.0,4.7,6.2,17.5,31.4,121.4666666,4.0,43.08684264198282,10.059185052602993,19.448399336461197,-0.4635502709028512,0.9942757993480691,31.4,985.9599999999999,0.9995239228844999,1.6094379124341003,-2838.634662512345,4638.285689062471,3319.352364456312,89.97749209325389,135.0,43.0
2020-12-03,45.8,54.5,39.0,32.2,7.2,6.6,8.9,21.2,31.4,121.4666666,4.0,38.348839594121856,10.047730898023195,19.378721323584937,-0.4482293417404106,0.9942757993480691,31.4,985.9599999999999,0.9995239228844999,1.6094379124341003,-2838.634662512345,4638.285689062471,3319.352364456312,89.97749209325389,135.0,36.2
2020-12-04,44.2,52.5,37.2,31.7,12.5,4.9,9.5,17.9,31.4,121.4666666,4.0,36.969289497710875,10.036911175849106,19.31310282904931,-0.4327755925504317,0.9942757993480691,31.4,985.9599999999999,0.9995239228844999,1.6094379124341003,-2838.634662512345,4638.285689062471,3319.352364456312,89.97749209325389,135.0,33.7
2020-12-05,46.5,50.5,37.0,29.8,11.2,2.4,5.2,15.0,31.4,121.4666666,4.0,38.853589611605386,10.026732802994939,19.251570772422326,-0.41719360261231697,0.9942757993480691,31.4,985.9599999999999,0.9995239228844999,1.6094379124341003,-2838.634662512345,4638.285689062471,3319.352364456312,89.97749209325389,135.0,36.9
2020-12-06,52.9,57.2,38.7,27.4,12.8,2.9,5.4,11.7,31.4,121.4666666,4.0,44.15916699146532,10.017202342109336,19.19415041053322,-0.4014879892059737,0.9942757993480691,31.4,985.9599999999999,0.9995239228844999,1.6094379124341003,-2838.634662512345,4638.285689062471,3319.352364456312,89.97749209325389,135.0,43.2
2020-12-07,51.1,57.2,48.7,29.6,5.1,5.4,7.0,18.3,31.4,121.4666666,4.0,42.61878816314331,10.008325987430913,19.14086534219785,-0.38566340624360745,0.9942757993480691,31.4,985.9599999999999,0.9995239228844999,1.6094379124341003,-2838.634662512345,4638.285689062471,3319.352364456312,89.97749209325389,135.0,44.3
2020-12-08,48.0,54.9,45.1,28.4,10.0,4.3,6.6,18.3,31.4,121.4666666,4.0,40.00043820509528,10.00010955127382,19.09173751302386,-0.3697245428906732,0.9942757993480691,31.4,985.9599999999999,0.9995239228844999,1.6094379124341003,-2838.634662512345,4638.285689062471,3319.352364456312,89.97749209325389,135.0,36.9
2020-12-09,53.2,57.6,40.1,23.5,12.1,2.7,4.3,11.7,31.4,121.4666666,4.0,44.30034246699596,9.992558451202095,19.04678722019658,-0.3536761221763721,0.9942757993480691,31.4,985.9599999999999,0.9995239228844999,1.6094379124341003,-2838.634662512345,4638.285689062471,3319.352364456312,89.97749209325389,135.0,44.3
2020-12-10,51.3,57.6,46.6,22.4,2.9,3.5,7.0,13.0,31.4,121.4666666,4.0,42.68877215873419,9.985677697949518,19.00603311715024,-0.33752289959411347,0.9942757993480691,31.4,985.9599999999999,0.9995239228844999,1.6094379124341003,-2838.634662512345,4638.285689062471,3319.352364456312,89.97749209325389,135.0,46.8
2020-12-11,47.9,55.0,42.3,21.3,1.7,4.1,5.6,11.7,31.4,121.4666666,4.0,39.83472527085496,9.979471884139029,18.969492218034574,-0.32126966169236515,0.9942757993480691,31.4,985.9599999999999,0.9995239228844999,1.6094379124341003,-2838.634662512345,4638.285689062471,3319.352364456312,89.97749209325389,135.0,43.1
2020-12-12,44.0,54.3,37.4,20.0,1.4,1.5,7.6,15.5,31.4,121.4666666,4.0,36.57113230412703,9.973945173852828,18.93717990189175,-0.3049212246562894,0.9942757993480691,31.4,985.9599999999999,0.9995239228844999,1.6094379124341003,-2838.634662512345,4638.285689062471,3319.352364456312,89.97749209325389,135.0,37.5
2020-12-13,44.4,56.1,36.5,25.2,5.7,7.9,11.7,26.2,31.4,121.4666666,4.0,36.88567478447349,9.969101293100943,18.90910991646498,-0.2884824328806098,0.9942757993480691,31.4,985.9599999999999,0.9995239228844999,1.6094379124341003,-2838.634662512345,4638.285689062471,3319.352364456312,89.97749209325389,135.0,35.5
2020-12-14,37.8,56.1,33.6,32.4,17.6,7.5,10.5,25.4,31.4,121.4666666,4.0,31.389572091882012,9.964943521232385,18.885294381566293,-0.27195815753410524,0.9942757993480691,31.4,985.9599999999999,0.9995239228844999,1.6094379124341003,-2838.634662512345,4638.285689062471,3319.352364456312,89.97749209325389,135.0,24.2
2020-12-15,37.8,43.2,32.5,33.7,16.6,4.5,6.0,18.5,31.4,121.4666666,4.0,31.378645252486237,9.961474683328964,18.865743791938065,-0.2553532951161881,0.9942757993480691,31.4,985.9599999999999,0.9995239228844999,1.6094379124341003,-2838.634662512345,4638.285689062471,3319.352364456312,89.97749209325389,135.0,21.7
2020-12-16,38.9,44.8,32.2,33.8,10.8,4.4,6.6,17.7,31.4,121.4666666,4.0,32.282776573893635,9.958697143617574,18.850467019550315,-0.23867276600594997,0.9942757993480691,31.4,985.9599999999999,0.9995239228844999,1.6094379124341003,-2838.634662512345,4638.285689062471,3319.352364456312,89.97749209325389,135.0,23.2
2020-12-17,43.6,47.8,34.9,30.6,11.5,4.4,8.5,13.4,31.4,121.4666666,4.0,36.175693173086735,9.95661279993213,18.83947131528334,-0.22192151300416674,0.9942757993480691,31.4,985.9599999999999,0.9995239228844999,1.6094379124341003,-2838.634662512345,4638.285689062471,3319.352364456312,89.97749209325389,135.0,30.2
2020-12-18,43.3,47.8,39.2,31.8,6.2,4.0,5.2,18.5,31.4,121.4666666,4.0,35.92176327763262,9.955223079251535,18.832762309953544,-0.20510449986861926,0.9942757993480691,31.4,985.9599999999999,0.9995239228844999,1.6094379124341003,-2838.634662512345,4638.285689062471,3319.352364456312,89.97749209325389,135.0,31.3
2020-12-19,41.9,46.9,39.2,34.6,17.0,5.0,9.1,19.2,31.4,121.4666666,4.0,34.75789686238654,9.954528934335046,18.830344014648634,-0.1882267098432439,0.9942757993480691,31.4,985.9599999999999,0.9995239228844999,1.6094379124341003,-2838.634662512345,4638.285689062471,3319.352364456312,89.97749209325389,135.0,28.6
2020-12-20,38.8,47.7,29.3,34.0,14.2,2.4,6.4,14.0,31.4,121.4666666,4.0,32.18631638742346,9.954530841471176,18.832218820346846,-0.1712931441814778,0.9942757993480691,31.4,985.9599999999999,0.9995239228844999,1.6094379124341003,-2838.634662512345,4638.285689062471,3319.352364456312,89.97749209325389,135.0,28.7
2020-12-21,37.2,49.3,28.4,30.0,6.2,1.4,3.9,21.87925376476926,31.4,121.4666666,4.0,30.861209277988024,9.955228799350975,18.838387496803957,-0.154308820664281,0.9942757993480691,31.4,985.9599999999999,0.9995239228844999,1.6094379124341003,-2838.634662512345,4638.285689062471,3319.352364456312,89.97749209325389,135.0,24.5
2020-12-22,41.3,52.2,28.2,26.0,4.4,1.8,4.3,2.855546337927221,31.4,121.4666666,4.0,34.267375182553145,9.956622329071132,18.84884919070042,-0.13727877211326517,0.9942757993480691,31.4,985.9599999999999,0.9995239228844999,1.6094379124341003,-2838.634662512345,4638.285689062471,3319.352364456312,89.97749209325389,135.0,31.7
2020-12-23,49.3,55.4,34.0,20.9,4.0,3.5,5.2,14.2,31.4,121.4666666,4.0,40.91370220255471,9.958710475266868,18.863601423050195,-0.12020804489935275,0.9942757993480691,31.4,985.9599999999999,0.9995239228844999,1.6094379124341003,-2838.634662512345,4638.285689062471,3319.352364456312,89.97749209325389,135.0,41.5
2020-12-24,44.9,55.4,36.0,24.0,8.0,3.0,6.6,17.7,31.4,121.4666666,4.0,37.272581849647985,9.961491808369171,18.882640085881743,-0.10310169744743544,0.9942757993480691,31.4,985.9599999999999,0.9995239228844999,1.6094379124341003,-2838.634662512345,4638.285689062471,3319.352364456312,89.97749209325389,135.0,36.3
2020-12-25,42.2,54.5,33.3,25.7,7.4,2.6,5.2,11.1,31.4,121.4666666,4.0,35.043458238380495,9.964964427975495,18.905959438210548,-0.0859647987374467,0.9942757993480691,31.4,985.9599999999999,0.9995239228844999,1.6094379124341003,-2838.634662512345,4638.285689062471,3319.352364456312,89.97749209325389,135.0,31.8
2020-12-26,51.5,54.3,34.0,20.6,11.0,2.6,3.7,12.8,31.4,121.4666666,4.0,42.78416560973868,9.969125967317751,18.93355210133159,-0.06880242680232064,0.9942757993480691,31.4,985.9599999999999,0.9995239228844999,1.6094379124341003,-2838.634662512345,4638.285689062471,3319.352364456312,89.97749209325389,135.0,44.9
2020-12-27,46.9,54.7,37.4,20.6,1.8,2.1,5.4,10.7,31.4,121.4666666,4.0,38.98161348200086,9.973973598806191,18.96540905346857,-0.05161966722325418,0.9942757993480691,31.4,985.9599999999999,0.9995239228844999,1.6094379124341003,-2838.634662512345,4638.285689062471,3319.352364456312,89.97749209325389,135.0,43.8
2020-12-28,53.4,59.7,36.7,19.9,5.7,3.0,4.9,11.8,31.4,121.4666666,4.0,44.408792980771466,9.979504040622801,19.00151962382531,-0.034421611622745804,0.9942757993480691,31.4,985.9599999999999,0.9995239228844999,1.6094379124341003,-2838.634662512345,4638.285689062471,3319.352364456312,89.97749209325389,135.0,48.7
2020-12-29,41.9,60.3,25.7,25.3,7.4,8.7,13.2,32.6,31.4,121.4666666,4.0,34.86678319546262,9.985713564332968,19.041871486093022,-0.01721335615583528,0.9942757993480691,31.4,985.9599999999999,0.9995239228844999,1.6094379124341003,-2838.634662512345,4638.285689062471,3319.352364456312,89.97749209325389,135.0,37.0
2020-12-30,23.7,27.1,20.3,36.1,17.8,11.5,15.5,32.4,31.4,121.4666666,4.0,19.735381056872214,9.992598003479602,19.08645065147476,6.432490598706546e-16,0.9942757993480691,31.4,985.9599999999999,0.9995239228844999,1.6094379124341003,-2838.634662512345,4638.285689062471,3319.352364456312,89.97749209325389,135.0,3.1
2020-12-31,26.8,33.3,19.9,34.0,14.0,5.1,9.5,24.5,31.4,121.4666666,4.0,22.333674504300472,10.000152763119614,19.13524146129605,0.017213356155833904,0.9942757993480691,31.4,985.9599999999999,0.9995239228844999,1.6094379124341003,-2838.634662512345,4638.285689062471,3319.352364456312,89.97749209325389,135.0,8.5
2021-01-01,29.3,41.0,21.7,29.8,8.7,2.0,5.8,12.6,31.4,121.4666666,4.0,24.417039663283724,10.000152763119614,19.13524146129605,0.017213356155834685,0.9942757993480691,31.4,985.9599999999999,0.9995239228844999,1.6094379124341003,-2838.634662512345,4638.285689062471,3319.352364456312,89.97749209325389,135.0,16.1
2021-01-02,35.1,44.4,21.7,30.6,4.6,1.9,4.5,10.9,31.4,121.4666666,4.0,29.274490528506444,10.008372830258613,19.188226579277735,0.03442161162274574,0.9942757993480691,31.4,985.9599999999999,0.9995239228844999,1.6094379124341003,-2838.634662512345,4638.285689062471,3319.352364456312,89.97749209325389,135.0,26.4
2021-01-03,45.1,51.6,27.1,30.1,12.2,4.1,8.7,17.5,31.4,121.4666666,4.0,37.64817505080283,10.017252785136007,19.24538698355352,0.051619667223253764,0.9942757993480691,31.4,985.9599999999999,0.9995239228844999,1.6094379124341003,-2838.634662512345,4638.285689062471,3319.352364456312,89.97749209325389,135.0,37.8
2021-01-04,48.5,55.9,37.0,27.5,10.8,4.1,5.6,13.6,31.4,121.4666666,4.0,40.524930037125465,10.026786813309393,19.306701958521014,0.06880242680231986,0.9942757993480691,31.4,985.9599999999999,0.9995239228844999,1.6094379124341003,-2838.634662512345,4638.285689062471,3319.352364456312,89.97749209325389,135.0,41.8
2021-01-05,42.3,55.9,37.8,30.3,11.4,7.4,9.3,21.4,31.4,121.4666666,4.0,35.3803147326565,10.036968718484115,19.372149086620652,0.08596479873744647,0.9942757993480691,31.4,985.9599999999999,0.9995239228844999,1.6094379124341003,-2838.634662512345,4638.285689062471,3319.352364456312,89.97749209325389,135.0,32.9
2021-01-06,36.8,48.2,27.9,29.9,9.8,6.2,9.9,27.0,31.4,121.4666666,4.0,30.813228603829454,10.047791936031345,19.44170424014148,0.10310169744743485,0.9942757993480691,31.4,985.9599999999999,0.9995239228844999,1.6094379124341003,-2838.634662512345,4638.285689062471,3319.352364456312,89.97749209325389,135.0,21.4
2021-01-07,20.9,40.8,18.0,35.0,17.8,10.2,11.3,27.6,31.4,121.4666666,4.0,17.51985962792818,10.0592495471358,19.515341573157976,0.1202080448993527,0.9942757993480691,31.4,985.9599999999999,0.9995239228844999,1.6094379124341003,-2838.634662512345,4638.285689062471,3319.352364456312,89.97749209325389,135.0,-3.6
2021-01-08,24.9,30.0,18.0,32.1,14.9,5.9,9.7,23.5,31.4,121.4666666,4.0,20.898018659038406,10.071334293512486,19.593033513705,0.13727877211326478,0.9942757993480691,31.4,985.9599999999999,0.9995239228844999,1.6094379124341003,-2838.634662512345,4638.285689062471,3319.352364456312,89.97749209325389,135.0,0.5
2021-01-09,29.4,38.8,19.2,30.8,10.2,4.0,8.0,17.5,31.4,121.4666666,4.0,24.70589455194462,10.084038592630458,19.674750756302018,0.15430882066428117,0.9942757993480691,31.4,985.9599999999999,0.9995239228844999,1.6094379124341003,-2838.634662512345,4638.285689062471,3319.352364456312,89.97749209325389,135.0,7.4
2021-01-10,34.4,41.9,20.5,31.2,10.6,3.4,7.0,13.0,31.4,121.4666666,4.0,28.945749719690955,10.097354553380566,19.76046225493954,0.1712931441814776,0.9942757993480691,31.4,985.9599999999999,0.9995239228844999,1.6094379124341003,-2838.634662512345,4638.285689062471,3319.352364456312,89.97749209325389,135.0,13.3
2021-01-11,36.0,43.3,25.9,27.9,9.9,4.7,7.6,16.9,31.4,121.4666666,4.0,30.333821976371027,10.111273992123676,19.850135216643256,0.1882267098432442,0.9942757993480691,31.4,985.9599999999999,0.9995239228844999,1.6094379124341003,-2838.634662512345,4638.285689062471,3319.352364456312,89.97749209325389,135.0,12.1
2021-01-12,40.9,48.7,24.4,20.7,9.6,5.1,8.5,17.9,31.4,121.4666666,4.0,34.51206229719773,10.12578844905557,19.94373509573209,0.2051044998686192,0.9942757993480691,31.4,985.9599999999999,0.9995239228844999,1.6094379124341003,-2838.634662512345,4638.285689062471,3319.352364456312,89.97749209325389,135.0,14.0
2021-01-13,44.3,62.1,29.1,18.4,7.3,3.0,7.8,14.6,31.4,121.4666666,4.0,37.43678264781225,10.140889204824989,20.041225588887517,0.2219215130041655,0.9942757993480691,31.4,985.9599999999999,0.9995239228844999,1.6094379124341003,-2838.634662512345,4638.285689062471,3319.352364456312,89.97749209325389,135.0,21.3
2021-01-14,51.4,64.6,30.2,17.2,9.0,3.6,7.6,15.7,31.4,121.4666666,4.0,43.50396325694725,10.156567297341772,20.14256863115088,0.2386727660059501,0.9942757993480691,31.4,985.9599999999999,0.9995239228844999,1.6094379124341003,-2838.634662512345,4638.285689062471,3319.352364456312,89.97749209325389,135.0,31.7
2021-01-15,50.3,69.4,34.7,20.6,6.5,6.9,9.9,23.7,31.4,121.4666666,4.0,42.64104341643859,10.172813538712985,20.247724392965353,0.255353295116187,0.9942757993480691,31.4,985.9599999999999,0.9995239228844999,1.6094379124341003,-2838.634662512345,4638.285689062471,3319.352364456312,89.97749209325389,135.0,34.1
2021-01-16,37.8,42.3,34.5,32.5,15.9,7.4,9.1,23.7,31.4,121.4666666,4.0,32.09729837657541,10.189618532246163,20.356651278377573,0.2719581575341055,0.9942757993480691,31.4,985.9599999999999,0.9995239228844999,1.6094379124341003,-2838.634662512345,4638.285689062471,3319.352364456312,89.97749209325389,135.0,26.1
2021-01-17,34.6,44.4,26.8,30.8,7.9,3.6,5.8,18.5,31.4,121.4666666,4.0,29.430104587943674,10.206972689460233,20.46930592451206,0.288482432880609,0.9942757993480691,31.4,985.9599999999999,0.9995239228844999,1.6094379124341003,-2838.634662512345,4638.285689062471,3319.352364456312,89.97749209325389,135.0,18.3
2021-01-18,41.7,53.2,26.4,26.7,6.0,3.6,7.2,13.6,31.4,121.4666666,4.0,35.53141020848685,10.224866247046574,20.5856432024294,0.30492122465628907,0.9942757993480691,31.4,985.9599999999999,0.9995239228844999,1.6094379124341003,-2838.634662512345,4638.285689062471,3319.352364456312,89.97749209325389,135.0,25.2
2021-01-19,44.5,53.4,32.7,27.5,12.9,6.1,10.1,19.8,31.4,121.4666666,4.0,37.98553109381246,10.243289283724708,20.70561621947558,0.3212696616923644,0.9942757993480691,31.4,985.9599999999999,0.9995239228844999,1.6094379124341003,-2838.634662512345,4638.285689062471,3319.352364456312,89.97749209325389,135.0,35.6
2021-01-20,53.4,57.7,35.2,22.6,11.2,4.7,9.1,19.0,31.4,121.4666666,4.0,45.66693122938005,10.262231736939336,20.829176323226974,0.3375228995941133,0.9942757993480691,31.4,985.9599999999999,0.9995239228844999,1.6094379124341003,-2838.634662512345,4638.285689062471,3319.352364456312,89.97749209325389,135.0,48.3
2021-01-21,58.0,66.7,45.1,18.9,4.3,3.5,5.8,11.8,31.4,121.4666666,4.0,49.69480319351531,10.281683419347996,20.956273107130723,0.3536761221763716,0.9942757993480691,31.4,985.9599999999999,0.9995239228844999,1.6094379124341003,-2838.634662512345,4638.285689062471,3319.352364456312,89.97749209325389,135.0,53.5
2021-01-22,47.9,66.7,45.7,18.2,3.0,4.7,6.2,13.2,31.4,121.4666666,4.0,41.12068918991281,10.301634035051226,21.086854417936063,0.3697245428906731,0.9942757993480691,31.4,985.9599999999999,0.9995239228844999,1.6094379124341003,-2838.634662512345,4638.285689062471,3319.352364456312,89.97749209325389,135.0,46.9
2021-01-23,44.2,49.8,41.2,21.0,2.8,5.2,6.6,18.1,31.4,121.4666666,4.0,38.01963627016516,10.322073195519952,21.22086636500717,0.38566340624360707,0.9942757993480691,31.4,985.9599999999999,0.9995239228844999,1.6094379124341003,-2838.634662512345,4638.285689062471,3319.352364456312,89.97749209325389,135.0,40.8
2021-01-24,47.2,50.9,41.2,24.1,3.5,3.3,7.8,18.1,31.4,121.4666666,4.0,40.68242904503229,10.342990435177702,21.358253331602253,0.401487989205973,0.9942757993480691,31.4,985.9599999999999,0.9995239228844999,1.6094379124341003,-2838.634662512345,4638.285689062471,3319.352364456312,89.97749209325389,135.0,44.1
2021-01-25,52.4,59.7,42.3,20.5,9.5,3.8,7.6,15.0,31.4,121.4666666,4.0,45.25777182281253,10.36437522659829,21.498957988198185,0.4171936026123168,0.9942757993480691,31.4,985.9599999999999,0.9995239228844999,1.6094379124341003,-2838.634662512345,4638.285689062471,3319.352364456312,89.97749209325389,135.0,47.2
2021-01-26,45.7,59.7,41.9,23.3,3.5,5.6,7.8,17.1,31.4,121.4666666,4.0,39.55417639036832,10.386216995282709,21.642921307933534,0.4327755925504312,0.9942757993480691,31.4,985.9599999999999,0.9995239228844999,1.6094379124341003,-2838.634662512345,4638.285689062471,3319.352364456312,89.97749209325389,135.0,44.0
2021-01-27,46.3,50.7,41.7,23.2,6.2,3.4,4.7,14.0,31.4,121.4666666,4.0,40.15948230861408,10.408505133982052,21.790082584236295,0.4482293417404106,0.9942757993480691,31.4,985.9599999999999,0.9995239228844999,1.6094379124341003,-2838.634662512345,4638.285689062471,3319.352364456312,89.97749209325389,135.0,37.0
2021-01-28,41.2,50.7,34.0,28.3,9.2,7.4,9.7,22.3,31.4,121.4666666,4.0,35.81388629010848,10.431229016536449,21.940379450695968,0.4635502709028509,0.9942757993480691,31.4,985.9599999999999,0.9995239228844999,1.6094379124341003,-2838.634662512345,4638.285689062471,3319.352364456312,89.97749209325389,135.0,29.1
2021-01-29,40.0,49.8,30.4,28.1,16.4,3.4,5.8,14.6,31.4,121.4666666,4.0,34.84792670401048,10.454378011203145,22.0937479032324,0.47873384011578846,0.9942757993480691,31.4,985.9599999999999,0.9995239228844999,1.6094379124341003,-2838.634662512345,4638.285689062471,3319.352364456312,89.97749209325389,135.0,21.4
2021-01-30,51.0,59.5,32.2,25.3,10.9,4.4,5.6,11.8,31.4,121.4666666,4.0,44.53125134716242,10.47794149344998,22.250122324606387,0.49377555015997715,0.9942757993480691,31.4,985.9599999999999,0.9995239228844999,1.6094379124341003,-2838.634662512345,4638.285689062471,3319.352364456312,89.97749209325389,135.0,33.5
2021-01-31,54.2,59.5,41.2,21.5,10.1,2.9,6.2,11.8,31.4,121.4666666,4.0,47.433621676174,10.501908858193504,22.409435511309844,0.5086709438521044,0.9942757993480691,31.4,985.9599999999999,0.9995239228844999,1.6094379124341003,-2838.634662512345,4638.285689062471,3319.352364456312,89.97749209325389,135.0,44.4
2021-02-01,47.6,59.4,43.2,22.2,3.0,3.3,5.4,15.9,31.4,121.4666666,4.0,41.75420247480769,10.526269531464123,22.571618702865365,0.5234156073655503,0.9942757993480691,31.4,985.9599999999999,0.9995239228844999,1.6094379124341003,-2838.634662512345,4638.285689062471,3319.352364456312,89.97749209325389,135.0,45.1
2021-02-02,43.2,50.7,37.2,28.5,14.1,3.6,5.1,15.9,31.4,121.4666666,4.0,37.98364673334046,10.55101298148346,22.7366016135574,0.5380051715382996,0.9942757993480691,31.4,985.9599999999999,0.9995239228844999,1.6094379124341003,-2838.634662512345,4638.285689062471,3319.352364456312,89.97749209325389,135.0,33.1
2021-02-03,48.3,58.3,37.2,24.9,7.7,4.9,9.9,20.8,31.4,121.4666666,4.0,42.56891813479663,10.576128729142022,22.90431246660923,0.5524353131676196,0.9942757993480691,31.4,985.9599999999999,0.9995239228844999,1.6094379124341003,-2838.634662512345,4638.285689062471,3319.352364456312,89.97749209325389,135.0,39.9
2021-02-04,46.5,58.3,40.1,27.2,8.3,4.1,6.4,20.8,31.4,121.4666666,4.0,41.08122463673849,10.601606357867999,23.07467803081211,0.5667017562911176,0.9942757993480691,31.4,985.9599999999999,0.9995239228844999,1.6094379124341003,-2838.634662512345,4638.285689062471,3319.352364456312,89.97749209325389,135.0,35.6
2021-02-05,47.6,53.1,43.7,19.9,6.4,2.9,5.2,11.7,31.4,121.4666666,4.0,42.15549424075979,10.627435522880619,23.247623659604837,0.5808002734538009,0.9942757993480691,31.4,985.9599999999999,0.9995239228844999,1.6094379124341003,-2838.634662512345,4638.285689062471,3319.352364456312,89.97749209325389,135.0,44.6
2021-02-06,49.2,63.3,38.5,19.5,4.3,2.4,5.4,12.6,31.4,121.4666666,4.0,43.67978443527831,10.653605959823976,23.423073332594146,0.5947266869607634,0.9942757993480691,31.4,985.9599999999999,0.9995239228844999,1.6094379124341003,-2838.634662512345,4638.285689062471,3319.352364456312,89.97749209325389,135.0,42.3
2021-02-07,53.8,66.2,37.6,23.7,8.2,4.8,8.0,18.8,31.4,121.4666666,4.0,47.88248192596209,10.68010749277965,23.60094969949809,0.6084768701151261,0.9942757993480691,31.4,985.9599999999999,0.9995239228844999,1.6094379124341003,-2838.634662512345,4638.285689062471,3319.352364456312,89.97749209325389,135.0,39.0
2021-02-08,42.1,66.2,35.6,31.6,18.6,5.3,9.1,18.8,31.4,121.4666666,4.0,37.563479562818905,10.706930041658595,23.78117412648706,0.6220467484408675,0.9942757993480691,31.4,985.9599999999999,0.9995239228844999,1.6094379124341003,-2838.634662512345,4638.285689062471,3319.352364456312,89.97749209325389,135.0,29.7
2021-02-09,44.4,50.7,35.6,27.0,18.5,4.0,7.0,15.3,31.4,121.4666666,4.0,39.716035427207345,10.734063628974958,23.963666744888716,0.6354323008901774,0.9942757993480691,31.4,985.9599999999999,0.9995239228844999,1.6094379124341003,-2838.634662512345,4638.285689062471,3319.352364456312,89.97749209325389,135.0,35.6
2021-02-10,50.9,54.9,41.2,24.2,17.5,3.8,5.4,11.7,31.4,121.4666666,4.0,45.646688987310114,10.761498386006314,24.148346502215887,0.6486295610349814,0.9942757993480691,31.4,985.9599999999999,0.9995239228844999,1.6094379124341003,-2838.634662512345,4638.285689062471,3319.352364456312,89.97749209325389,135.0,42.6
2021-02-13,53.9,62.2,46.9,19.5,11.3,3.8,7.8,13.2,31.4,121.4666666,4.0,48.714428021442394,10.845512732046545,24.71468146045597,0.6870527672236669,0.9942757993480691,31.4,985.9599999999999,0.9995239228844999,1.6094379124341003,-2838.634662512345,4638.285689062471,3319.352364456312,89.97749209325389,135.0,44.7
2021-02-14,58.1,68.7,47.7,14.4,8.8,4.3,6.8,22.9,31.4,121.4666666,4.0,52.648553681460776,10.874055837823224,24.907277484001956,0.699458327051647,0.9942757993480691,31.4,985.9599999999999,0.9995239228844999,1.6094379124341003,-2838.634662512345,4638.285689062471,3319.352364456312,89.97749209325389,135.0,51.3
2021-02-15,43.9,68.7,36.9,21.2,12.6,4.7,8.2,20.2,31.4,121.4666666,4.0,39.886269002617084,10.902852574747268,25.10163956861502,0.7116566222817746,0.9942757993480691,31.4,985.9599999999999,0.9995239228844999,1.6094379124341003,-2838.634662512345,4638.285689062471,3319.352364456312,89.97749209325389,135.0,35.5
2021-02-16,46.4,55.6,36.9,22.1,13.6,5.0,7.4,20.2,31.4,121.4666666,4.0,42.2699894476903,10.931893822678527,25.29768075350346,0.7236440382959124,0.9942757993480691,31.4,985.9599999999999,0.9995239228844999,1.6094379124341003,-2838.634662512345,4638.285689062471,3319.352364456312,89.97749209325389,135.0,30.8
2021-02-17,38.3,55.6,30.7,29.2,18.5,4.5,7.8,20.2,31.4,121.4666666,4.0,34.98440282179005,10.961170596905498,25.495313311274202,0.7354170229639855,0.9942757993480691,31.4,985.9599999999999,0.9995239228844999,1.6094379124341003,-2838.634662512345,4638.285689062471,3319.352364456312,89.97749209325389,135.0,22.5
2021-02-18,38.2,47.7,29.5,29.0,15.4,4.0,8.9,21.8,31.4,121.4666666,4.0,34.98697905835922,10.99067404974635,25.694448815180913,0.7469720876965552,0.9942757993480691,31.4,985.9599999999999,0.9995239228844999,1.6094379124341003,-2838.634662512345,4638.285689062471,3319.352364456312,89.97749209325389,135.0,17.3
2021-02-19,55.5,64.6,28.8,21.5,14.4,6.6,8.5,18.1,31.4,121.4666666,4.0,50.969329056340136,11.02039547164111,25.894998208002857,0.7583058084785624,0.9942757993480691,31.4,985.9599999999999,0.9995239228844999,1.6094379124341003,-2838.634662512345,4638.285689062471,3319.352364456312,89.97749209325389,135.0,28.6
2021-02-20,56.7,75.0,45.3,14.8,13.8,2.9,3.7,18.3,31.4,121.4666666,4.0,52.21279172852506,11.050326291751334,26.096871872445863,0.7694148268839378,0.9942757993480691,31.4,985.9599999999999,0.9995239228844999,1.6094379124341003,-2838.634662512345,4638.285689062471,3319.352364456312,89.97749209325389,135.0,34.1
2021-02-21,61.8,77.4,45.3,12.7,12.9,3.3,6.6,13.6,31.4,121.4666666,4.0,57.06435910213229,11.080458078083941,26.299979702951852,0.7802958510707755,0.9942757993480691,31.4,985.9599999999999,0.9995239228844999,1.6094379124341003,-2838.634662512345,4638.285689062471,3319.352364456312,89.97749209325389,135.0,36.8
2021-02-22,56.4,78.1,44.6,20.6,11.1,6.4,7.6,23.3,31.4,121.4666666,4.0,52.22067792463513,11.110782537156412,26.504231178797994,0.7909456567567772,0.9942757993480691,31.4,985.9599999999999,0.9995239228844999,1.6094379124341003,-2838.634662512345,4638.285689062471,3319.352364456312,89.97749209325389,135.0,41.2
2021-02-23,47.3,52.2,44.1,24.4,17.1,7.3,9.1,18.6,31.4,121.4666666,4.0,43.91525738127828,11.141291513220706,26.709535438362245,0.8013610881746766,0.9942757993480691,31.4,985.9599999999999,0.9995239228844999,1.6094379124341003,-2838.634662512345,4638.285689062471,3319.352364456312,89.97749209325389,135.0,37.0
2021-02-24,52.6,57.2,45.0,19.2,13.7,7.6,9.3,19.2,31.4,121.4666666,4.0,48.970499126628674,11.171976987063575,26.915801354427476,0.8115390590073611,0.9942757993480691,31.4,985.9599999999999,0.9995239228844999,1.6094379124341003,-2838.634662512345,4638.285689062471,3319.352364456312,89.97749209325389,135.0,46.7
2021-02-25,54.2,61.5,47.3,13.8,4.9,6.1,8.5,20.4,31.4,121.4666666,4.0,50.59945368604428,11.202831074400947,27.122937610392665,0.8214765533024142,0.9942757993480691,31.4,985.9599999999999,0.9995239228844999,1.6094379124341003,-2838.634662512345,4638.285689062471,3319.352364456312,89.97749209325389,135.0,52.3
2021-02-26,48.8,61.5,47.3,19.4,9.7,7.1,8.0,20.8,31.4,121.4666666,4.0,45.684307163795815,11.233846023884217,27.330852777255874,0.8311706263658079,0.9942757993480691,31.4,985.9599999999999,0.9995239228844999,1.6094379124341003,-2838.634662512345,4638.285689062471,3319.352364456312,89.97749209325389,135.0,45.8
2021-02-27,50.9,53.1,47.5,21.7,7.6,5.5,6.8,20.2,31.4,121.4666666,4.0,47.78243529417252,11.265014214736155,27.539455391230735,0.8406184056344782,0.9942757993480691,31.4,985.9599999999999,0.9995239228844999,1.6094379124341003,-2838.634662512345,4638.285689062471,3319.352364456312,89.97749209325389,135.0,49.2
2021-02-28,53.8,55.9,49.6,17.5,2.3,2.7,5.6,12.6,31.4,121.4666666,4.0,50.64520455725316,11.296328154034162,27.748654031855143,0.8498170915275278,0.9942757993480691,31.4,985.9599999999999,0.9995239228844999,1.6094379124341003,-2838.634662512345,4638.285689062471,3319.352364456312,89.97749209325389,135.0,53.5
2021-03-01,47.1,56.5,39.6,21.1,7.4,7.6,10.7,26.0,31.4,121.4666666,4.0,44.461538359108985,11.32778047365834,27.95835740044851,0.8587639582758029,0.9942757993480691,31.4,985.9599999999999,0.9995239228844999,1.6094379124341003,-2838.634662512345,4638.285689062471,3319.352364456312,89.97749209325389,135.0,44.9
2021-03-02,43.1,56.5,36.7,29.8,15.8,4.2,7.0,21.4,31.4,121.4666666,4.0,40.79904877086083,11.359363926921807,28.168474398772098,0.8674563547295969,0.9942757993480691,31.4,985.9599999999999,0.9995239228844999,1.6094379124341003,-2838.634662512345,4638.285689062471,3319.352364456312,89.97749209325389,135.0,33.3
2021-03-03,49.8,53.8,37.2,24.2,13.2,4.2,7.8,17.5,31.4,121.4666666,4.0,47.27294624733645,11.39107138490035,28.37891420774491,0.8758917051442429,0.9942757993480691,31.4,985.9599999999999,0.9995239228844999,1.6094379124341003,-2838.634662512345,4638.285689062471,3319.352364456312,89.97749209325389,135.0,41.5
2021-03-04,50.0,58.8,42.3,20.8,4.5,3.7,6.0,13.6,31.4,121.4666666,4.0,47.59539930199288,11.422895832478291,28.589586366066776,0.8840675099433636,0.9942757993480691,31.4,985.9599999999999,0.9995239228844999,1.6094379124341003,-2838.634662512345,4638.285689062471,3319.352364456312,89.97749209325389,135.0,44.8
2021-03-05,50.7,58.8,42.3,21.0,11.4,4.5,7.4,14.8,31.4,121.4666666,4.0,48.3966582884374,11.454830364127194,28.800400848599267,0.8919813464595485,0.9942757993480691,31.4,985.9599999999999,0.9995239228844999,1.6094379124341003,-2838.634662512345,4638.285689062471,3319.352364456312,89.97749209325389,135.0,46.9
2021-03-06,47.6,56.1,45.1,26.3,7.9,6.4,7.6,19.6,31.4,121.4666666,4.0,45.564577111753536,11.486868179433664,29.011268144354695,0.8996308696522433,0.9942757993480691,31.4,985.9599999999999,0.9995239228844999,1.6094379124341003,-2838.634662512345,4638.285689062471,3319.352364456312,89.97749209325389,135.0,44.3
2021-03-07,48.0,50.4,45.3,27.5,6.9,4.4,7.4,16.3,31.4,121.4666666,4.0,46.07601031356898,11.519002578392245,29.22209933394347,0.9070138128026359,0.9942757993480691,31.4,985.9599999999999,0.9995239228844999,1.6094379124341003,-2838.634662512345,4638.285689062471,3319.352364456312,89.97749209325389,135.0,46.9
2021-03-08,49.4,54.9,46.2,26.0,11.0,4.2,4.9,11.1,31.4,121.4666666,4.0,47.552550970838475,11.551226956478983,29.432806166330515,0.9141279881853337,0.9942757993480691,31.4,985.9599999999999,0.9995239228844999,1.6094379124341003,-2838.634662512345,4638.285689062471,3319.352364456312,89.97749209325389,135.0,44.7
2021-03-09,48.9,54.9,42.3,27.2,9.7,2.1,3.9,37.1230234454783,31.4,121.4666666,4.0,47.20290430804818,11.583534799521027,29.643301134752257,0.9209712877166346,0.9942757993480691,31.4,985.9599999999999,0.9995239228844999,1.6094379124341003,-2838.634662512345,4638.285689062471,3319.352364456312,89.97749209325389,135.0,44.5
2021-03-10,52.5,60.1,40.6,26.7,8.7,5.0,6.8,13.8,31.4,121.4666666,4.0,50.81964859289993,11.615919678377127,29.85349755164685,0.9275416835791966,0.9942757993480691,31.4,985.9599999999999,0.9995239228844999,1.6094379124341003,-2838.634662512345,4638.285689062471,3319.352364456312,89.97749209325389,135.0,42.6
2021-03-11,52.7,60.1,48.4,21.1,3.0,5.2,7.8,15.0,31.4,121.4666666,4.0,51.15578127745696,11.64837524344371,30.063309622452174,0.9338372288229252,0.9942757993480691,31.4,985.9599999999999,0.9995239228844999,1.6094379124341003,-2838.634662512345,4638.285689062471,3319.352364456312,89.97749209325389,135.0,51.0
2021-03-12,48.6,55.4,39.7,24.7,6.5,3.7,8.0,16.9,31.4,121.4666666,4.0,47.30762563695296,11.680895219000732,30.272652518127902,0.9398560579418954,0.9942757993480691,31.4,985.9599999999999,0.9995239228844999,1.6094379124341003,-2838.634662512345,4638.285689062471,3319.352364456312,89.97749209325389,135.0,44.0
2021-03-13,49.8,59.2,39.0,22.8,3.1,3.5,6.4,12.8,31.4,121.4666666,4.0,48.61091459925694,11.713473397411311,30.48144244626051,0.9455963874271426,0.9942757993480691,31.4,985.9599999999999,0.9995239228844999,1.6094379124341003,-2838.634662512345,4638.285689062471,3319.352364456312,89.97749209325389,135.0,45.2
2021-03-14,55.8,64.0,40.5,18.2,7.2,5.7,7.6,15.0,31.4,121.4666666,4.0,54.619381894327525,11.746103633188715,30.689596720612915,0.9510565162951535,0.9942757993480691,31.4,985.9599999999999,0.9995239228844999,1.6094379124341003,-2838.634662512345,4638.285689062471,3319.352364456312,89.97749209325389,135.0,46.6
2021-03-15,64.4,77.0,50.2,12.7,4.5,4.8,8.0,15.7,31.4,121.4666666,4.0,63.21278512493323,11.778779836944079,30.897033828983673,0.9562348265919056,0.9942757993480691,31.4,985.9599999999999,0.9995239228844999,1.6094379124341003,-2838.634662512345,4638.285689062471,3319.352364456312,89.97749209325389,135.0,57.1
2021-03-16,51.0,77.0,47.7,18.8,8.6,5.9,8.5,17.1,31.4,121.4666666,4.0,50.19885786921849,11.811495969227881,31.103673499244085,0.9611297838723007,0.9942757993480691,31.4,985.9599999999999,0.9995239228844999,1.6094379124341003,-2838.634662512345,4638.285689062471,3319.352364456312,89.97749209325389,135.0,45.0
2021-03-17,50.3,56.7,47.5,19.3,16.0,4.4,6.2,13.2,31.4,121.4666666,4.0,49.647131293681916,11.844246034277992,31.309436763425598,0.9657399376548549,0.9942757993480691,31.4,985.9599999999999,0.9995239228844999,1.6094379124341003,-2838.634662512345,4638.285689062471,3319.352364456312,89.97749209325389,135.0,43.5
2021-03-18,54.1,57.6,48.6,17.2,12.0,4.9,6.0,12.4,31.4,121.4666666,4.0,53.545583532204944,11.877024073686863,31.51424601973429,0.9700639218515071,0.9942757993480691,31.4,985.9599999999999,0.9995239228844999,1.6094379124341003,-2838.634662512345,4638.285689062471,3319.352364456312,89.97749209325389,135.0,49.7
2021-03-19,53.3,57.6,51.1,14.3,5.1,3.8,6.8,15.0,31.4,121.4666666,4.0,52.89946897733423,11.909824160000202,31.718025092373587,0.9741004551724205,0.9942757993480691,31.4,985.9599999999999,0.9995239228844999,1.6094379124341003,-2838.634662512345,4638.285689062471,3319.352364456312,89.97749209325389,135.0,52.7
2021-03-20,49.9,54.1,48.4,18.2,7.1,7.3,9.1,20.6,31.4,121.4666666,4.0,49.66147962282838,11.94264039025933,31.92069928906145,0.9778483415056568,0.9942757993480691,31.4,985.9599999999999,0.9995239228844999,1.6094379124341003,-2838.634662512345,4638.285689062471,3319.352364456312,89.97749209325389,135.0,43.8
2021-03-21,48.7,57.7,39.9,25.9,12.4,4.8,8.4,20.4,31.4,121.4666666,4.0,48.60043641930118,11.975466879499264,32.12219545613371,0.9813064702716093,0.9942757993480691,31.4,985.9599999999999,0.9995239228844999,1.6094379124341003,-2838.634662512345,4638.285689062471,3319.352364456312,89.97749209325389,135.0,34.4
2021-03-22,48.7,59.2,37.8,27.2,11.4,3.1,7.4,15.5,31.4,121.4666666,4.0,48.73367505252018,12.008297754214416,32.32244203113032,0.9844738167520922,0.9942757993480691,31.4,985.9599999999999,0.9995239228844999,1.6094379124341003,-2838.634662512345,4638.285689062471,3319.352364456312,89.97749209325389,135.0,31.2
2021-03-23,57.3,64.9,37.2,20.4,12.1,5.3,8.0,16.5,31.4,121.4666666,4.0,57.49638212121291,12.041127145803753,32.52136909276768,0.9873494423939864,0.9942757993480691,31.4,985.9599999999999,0.9995239228844999,1.6094379124341003,-2838.634662512345,4638.285689062471,3319.352364456312,89.97749209325389,135.0,36.7
2021-03-24,57.7,67.6,46.2,19.0,13.7,1.8,4.7,15.5,31.4,121.4666666,4.0,58.05557232643445,12.073949184007166,32.718908408205834,0.989932495087353,0.9942757993480691,31.4,985.9599999999999,0.9995239228844999,1.6094379124341003,-2838.634662512345,4638.285689062471,3319.352364456312,89.97749209325389,135.0,44.7
2021-03-25,59.6,72.5,45.9,21.1,9.8,3.8,6.4,13.8,31.4,121.4666666,4.0,60.13023135204598,12.106757990344828,32.914993477526025,0.9922222094179323,0.9942757993480691,31.4,985.9599999999999,0.9995239228844999,1.6094379124341003,-2838.634662512345,4638.285689062471,3319.352364456312,89.97749209325389,135.0,42.9
2021-03-26,65.0,72.5,46.8,14.2,10.3,8.6,12.6,21.6,31.4,121.4666666,4.0,65.75588322101095,12.13954767157125,33.10955957534033,0.994217906893952,0.9942757993480691,31.4,985.9599999999999,0.9995239228844999,1.6094379124341003,-2838.634662512345,4638.285689062471,3319.352364456312,89.97749209325389,135.0,56.5
2021-03-27,63.1,72.5,55.2,8.4,8.0,4.8,8.0,21.4,31.4,121.4666666,4.0,64.00607558001134,12.17231231315588,33.302543789462305,0.995918996147179,0.9942757993480691,31.4,985.9599999999999,0.9995239228844999,1.6094379124341003,-2838.634662512345,4638.285689062471,3319.352364456312,89.97749209325389,135.0,58.4
2021-03-28,64.3,77.5,54.9,8.7,6.1,2.7,5.6,13.8,31.4,121.4666666,4.0,65.39870467093098,12.20504597280205,33.49388505657412,0.9973249731081555,0.9942757993480691,31.4,985.9599999999999,0.9995239228844999,1.6094379124341003,-2838.634662512345,4638.285689062471,3319.352364456312,89.97749209325389,135.0,52.9
2021-03-29,62.9,77.5,54.9,7.4,4.9,6.4,8.5,16.7,31.4,121.4666666,4.0,64.14616784963549,12.237742674016312,33.68352419483306,0.9984354211555643,0.9942757993480691,31.4,985.9599999999999,0.9995239228844999,1.6094379124341003,-2838.634662512345,4638.285689062471,3319.352364456312,89.97749209325389,135.0,57.9
2021-03-30,58.4,72.7,55.2,11.2,6.5,6.9,10.5,18.1,31.4,121.4666666,4.0,59.71592914540224,12.270396399740187,33.8714039333673,0.9992500112396835,0.9942757993480691,31.4,985.9599999999999,0.9995239228844999,1.6094379124341003,-2838.634662512345,4638.285689062471,3319.352364456312,89.97749209325389,135.0,44.4
2021-03-31,57.9,64.8,54.9,8.0,5.1,6.2,8.5,20.8,31.4,121.4666666,4.0,59.36198024022355,12.303001086056696,34.0574689386189,0.9997685019798909,0.9942757993480691,31.4,985.9599999999999,0.9995239228844999,1.6094379124341003,-2838.634662512345,4638.285689062471,3319.352364456312,89.97749209325389,135.0,56.4
2021-04-01,58.1,60.1,55.8,9.4,1.3,3.5,7.8,16.1,31.4,121.4666666,4.0,59.724624232389324,12.335550615984024,34.241665837498395,0.9999907397361901,0.9942757993480691,31.4,985.9599999999999,0.9995239228844999,1.6094379124341003,-2838.634662512345,4638.285689062471,3319.352364456312,89.97749209325389,135.0,58.1
2021-04-02,62.4,67.3,57.2,12.2,3.1,4.0,5.8,12.4,31.4,121.4666666,4.0,64.31380182951933,12.368038813369102,34.42394323732408,0.9999166586547379,0.9942757993480691,31.4,985.9599999999999,0.9995239228844999,1.6094379124341003,-2838.634662512345,4638.285689062471,3319.352364456312,89.97749209325389,135.0,59.5
2021-04-03,55.8,67.3,51.1,17.3,8.2,7.8,9.1,21.6,31.4,121.4666666,4.0,57.662136381556884,12.400459436893955,34.604251742525896,0.9995462806873573,0.9942757993480691,31.4,985.9599999999999,0.9995239228844999,1.6094379124341003,-2838.634662512345,4638.285689062471,3319.352364456312,89.97749209325389,135.0,51.6
2021-04-04,55.0,62.6,50.0,23.0,18.6,7.7,10.7,24.5,31.4,121.4666666,4.0,56.983694965120286,12.432806174208062,34.782543968102075,0.9988797155850336,0.9942757993480691,31.4,985.9599999999999,0.9995239228844999,1.6094379124341003,-2838.634662512345,4638.285689062471,3319.352364456312,89.97749209325389,135.0,33.7
2021-04-05,57.0,63.3,50.0,22.2,18.4,4.4,7.0,20.2,31.4,121.4666666,4.0,59.20909502195081,12.465072636200171,34.958774549823914,0.9979171608653922,0.9942757993480691,31.4,985.9599999999999,0.9995239228844999,1.6094379124341003,-2838.634662512345,4638.285689062471,3319.352364456312,89.97749209325389,135.0,39.5
2021-04-06,58.0,66.6,50.9,22.6,17.9,3.7,7.4,13.8,31.4,121.4666666,4.0,60.40338636521299,12.497252351423375,35.13290015119217,0.9966589017541702,0.9942757993480691,31.4,985.9599999999999,0.9995239228844999,1.6094379124341003,-2838.634662512345,4638.285689062471,3319.352364456312,89.97749209325389,135.0,40.2
2021-04-07,56.3,66.6,50.9,21.3,11.6,3.7,6.0,12.4,31.4,121.4666666,4.0,58.78348101889246,12.52933876068756,35.30487946715581,0.9951053111006976,0.9942757993480691,31.4,985.9599999999999,0.9995239228844999,1.6094379124341003,-2838.634662512345,4638.285689062471,3319.352364456312,89.97749209325389,135.0,36.1
2021-04-08,56.1,65.8,48.2,21.9,10.2,4.1,5.4,13.6,31.4,121.4666666,4.0,58.724195365322295,12.561325211833644,35.4746732246119,0.9932568492674143,0.9942757993480691,31.4,985.9599999999999,0.9995239228844999,1.6094379124341003,-2838.634662512345,4638.285689062471,3319.352364456312,89.97749209325389,135.0,39.6
2021-04-09,55.6,65.8,46.9,24.9,14.8,4.4,8.0,14.4,31.4,121.4666666,4.0,58.34851629013024,12.593204954704369,35.64224417971223,0.9911140639934547,0.9942757993480691,31.4,985.9599999999999,0.9995239228844999,1.6094379124341003,-2838.634662512345,4638.285689062471,3319.352364456312,89.97749209325389,135.0,38.6
2021-04-10,60.1,65.5,46.9,25.8,11.1,6.9,9.7,23.5,31.4,121.4666666,4.0,63.230063774436864,12.624971136326828,35.80755711201057,0.9886775902323405,0.9942757993480691,31.4,985.9599999999999,0.9995239228844999,1.6094379124341003,-2838.634662512345,4638.285689062471,3319.352364456312,89.97749209325389,135.0,53.1
2021-04-11,61.2,65.5,57.4,19.9,4.4,4.4,8.2,19.0,31.4,121.4666666,4.0,64.54874566124276,12.65661679632211,35.97057881549082,0.9859481499638304,0.9942757993480691,31.4,985.9599999999999,0.9995239228844999,1.6094379124341003,-2838.634662512345,4638.285689062471,3319.352364456312,89.97749209325389,135.0,60.6
2021-04-12,62.0,65.1,57.0,15.4,2.8,4.1,5.2,13.2,31.4,121.4666666,4.0,65.5553634565492,12.68813486255791,36.13127808652416,0.9829265519799822,0.9942757993480691,31.4,985.9599999999999,0.9995239228844999,1.6094379124341003,-2838.634662512345,4638.285689062471,3319.352364456312,89.97749209325389,135.0,61.4
2021-04-13,57.3,66.4,51.8,20.3,10.9,5.9,9.1,17.1,31.4,121.4666666,4.0,60.735699152212575,12.719518147060224,36.289625708809766,0.9796136916454901,0.9942757993480691,31.4,985.9599999999999,0.9995239228844999,1.6094379124341003,-2838.634662512345,4638.285689062471,3319.352364456312,89.97749209325389,135.0,50.8
2021-04-14,53.6,66.4,51.1,20.8,16.6,4.4,6.4,14.4,31.4,121.4666666,4.0,56.95339172849597,12.75075934220059,36.4455944353607,0.9760105506323683,0.9942757993480691,31.4,985.9599999999999,0.9995239228844999,1.6094379124341003,-2838.634662512345,4638.285689062471,3319.352364456312,89.97749209325389,135.0,38.6
2021-04-15,57.5,65.1,50.9,16.1,7.4,4.3,7.2,13.6,31.4,121.4666666,4.0,61.24636945729958,12.781851017175564,36.59915896760298,0.9721181966290613,0.9942757993480691,31.4,985.9599999999999,0.9995239228844999,1.6094379124341003,-2838.634662512345,4638.285689062471,3319.352364456312,89.97749209325389,135.0,46.5
2021-04-16,64.6,77.2,50.9,16.2,2.7,2.8,5.2,15.5,31.4,121.4666666,4.0,68.97549589298252,12.812785614795516,36.75029593166227,0.9679377830240642,0.9942757993480691,31.4,985.9599999999999,0.9995239228844999,1.6094379124341003,-2838.634662512345,4638.285689062471,3319.352364456312,89.97749209325389,135.0,57.6
2021-04-17,56.0,77.2,44.4,21.9,7.6,5.0,10.7,23.7,31.4,121.4666666,4.0,59.9365920934664,12.843555448599943,36.898983851918516,0.9634705485641488,0.9942757993480691,31.4,985.9599999999999,0.9995239228844999,1.6094379124341003,-2838.634662512345,4638.285689062471,3319.352364456312,89.97749209325389,135.0,44.5
2021-04-18,58.3,66.7,44.1,20.5,15.8,4.3,6.6,12.8,31.4,121.4666666,4.0,62.54692520237238,12.874152700316785,37.045203121914895,0.9587178169872964,0.9942757993480691,31.4,985.9599999999999,0.9995239228844999,1.6094379124341003,-2838.634662512345,4638.285689062471,3319.352364456312,89.97749209325389,135.0,35.0
2021-04-19,62.1,73.4,46.8,17.3,13.4,5.1,6.6,15.5,31.4,121.4666666,4.0,66.78114673651122,12.904569417683327,37.188935972712585,0.9536809966304457,0.9942757993480691,31.4,985.9599999999999,0.9995239228844999,1.6094379124341003,-2838.634662512345,4638.285689062471,3319.352364456312,89.97749209325389,135.0,43.9
2021-04-20,63.5,73.4,54.1,17.1,12.2,5.9,8.2,17.5,31.4,121.4666666,4.0,68.44663683775413,12.93479751264645,37.33016643878857,0.9483615800121715,0.9942757993480691,31.4,985.9599999999999,0.9995239228844999,1.6094379124341003,-2838.634662512345,4638.285689062471,3319.352364456312,89.97749209325389,135.0,54.7
2021-04-21,68.0,76.5,60.3,14.7,11.6,7.6,11.8,21.8,31.4,121.4666666,4.0,73.46736297310657,12.964828759959984,37.46888032157798,0.9427611433904207,0.9942757993480691,31.4,985.9599999999999,0.9995239228844999,1.6094379124341003,-2838.634662512345,4638.285689062471,3319.352364456312,89.97749209325389,135.0,59.4
2021-04-22,69.5,76.5,64.2,10.7,6.1,4.8,9.7,20.0,31.4,121.4666666,4.0,75.26070902797389,12.99465479619693,37.6050651507675,0.9368813462954315,0.9942757993480691,31.4,985.9599999999999,0.9995239228844999,1.6094379124341003,-2838.634662512345,4638.285689062471,3319.352364456312,89.97749209325389,135.0,65.7
2021-04-23,65.4,76.3,60.6,12.9,3.6,4.2,6.0,12.2,31.4,121.4666666,4.0,70.9822557996086,13.024267119194239,37.73871014345034,0.9307239310379795,0.9942757993480691,31.4,985.9599999999999,0.9995239228844999,1.6094379124341003,-2838.634662512345,4638.285689062471,3319.352364456312,89.97749209325389,135.0,63.3
2021-04-24,62.9,70.2,60.3,16.2,3.4,3.8,5.8,11.7,31.4,121.4666666,4.0,68.42291923599247,13.053657087947688,37.86980616125699,0.9242907221930933,0.9942757993480691,31.4,985.9599999999999,0.9995239228844999,1.6094379124341003,-2838.634662512345,4638.285689062471,3319.352364456312,89.97749209325389,135.0,62.7
2021-04-25,64.4,73.4,57.9,18.8,9.1,4.5,7.6,17.7,31.4,121.4666666,4.0,70.21111211996113,13.08281592297412,37.99834566557981,0.9175836260593937,0.9942757993480691,31.4,985.9599999999999,0.9995239228844999,1.6094379124341003,-2838.634662512345,4638.285689062471,3319.352364456312,89.97749209325389,135.0,60.9
2021-04-26,66.1,73.6,57.9,17.2,11.0,5.1,8.5,18.6,31.4,121.4666666,4.0,72.22380534526198,13.111734707158002,38.12432267101215,0.9106046300942162,0.9942757993480691,31.4,985.9599999999999,0.9995239228844999,1.6094379124341003,-2838.634662512345,4638.285689062471,3319.352364456312,89.97749209325389,135.0,57.3
2021-04-27,63.7,73.6,61.3,16.7,2.9,1.7,3.1,16.7,31.4,121.4666666,4.0,69.75364662151624,13.14040438709882,38.24773269712563,0.9033558023246845,0.9942757993480691,31.4,985.9599999999999,0.9995239228844999,1.6094379124341003,-2838.634662512345,4638.285689062471,3319.352364456312,89.97749209325389,135.0,62.6
2021-04-28,66.9,74.7,59.2,15.0,3.7,3.0,5.2,11.8,31.4,121.4666666,4.0,73.41614794548731,13.1688157749753,38.3685727187115,0.895839290734909,0.9942757993480691,31.4,985.9599999999999,0.9995239228844999,1.6094379124341003,-2838.634662512345,4638.285689062471,3319.352364456312,89.97749209325389,135.0,60.9
2021-04-29,73.0,83.1,57.6,7.1,8.9,6.5,11.5,25.8,31.4,121.4666666,4.0,80.28150393489565,13.19695955094175,38.48684111461374,0.8880573226294932,0.9942757993480691,31.4,985.9599999999999,0.9995239228844999,1.6094379124341003,-2838.634662512345,4638.285689062471,3319.352364456312,89.97749209325389,135.0,48.7
2021-04-30,74.5,87.1,59.5,4.8,9.6,6.4,11.1,42.7,31.4,121.4666666,4.0,82.10412973519153,13.224826266071119,38.602537615283076,0.8800122039735357,0.9942757993480691,31.4,985.9599999999999,0.9995239228844999,1.6094379124341003,-2838.634662512345,4638.285689062471,3319.352364456312,89.97749209325389,135.0,53.9
2021-05-01,65.1,87.1,54.5,13.5,11.4,4.7,7.4,42.7,31.4,121.4666666,4.0,71.89430442628192,13.25240634585842,38.71566324918226,0.8717063187093218,0.9942757993480691,31.4,985.9599999999999,0.9995239228844999,1.6094379124341003,-2838.634662512345,4638.285689062471,3319.352364456312,89.97749209325389,135.0,49.0
2021-05-02,61.8,76.6,54.5,19.7,16.1,6.5,8.7,17.9,31.4,121.4666666,4.0,68.39040398563033,13.27969009429715,38.82622028817354,0.8631421280499114,0.9942757993480691,31.4,985.9599999999999,0.9995239228844999,1.6094379124341003,-2838.634662512345,4638.285689062471,3319.352364456312,89.97749209325389,135.0,44.3
2021-05-03,71.4,77.5,58.1,10.8,8.4,8.9,11.5,23.9,31.4,121.4666666,4.0,79.17467280631433,13.306667698540224,38.93421219201917,0.854322169749827,0.9942757993480691,31.4,985.9599999999999,0.9995239228844999,1.6094379124341003,-2838.634662512345,4638.285689062471,3319.352364456312,89.97749209325389,135.0,60.4
2021-05-04,65.7,77.5,58.5,10.3,5.3,6.1,10.1,26.6,31.4,121.4666666,4.0,72.99997755700191,13.3333292341556,39.03964355212641,0.8452490573530633,0.9942757993480691,31.4,985.9599999999999,0.9995239228844999,1.6094379124341003,-2838.634662512345,4638.285689062471,3319.352364456312,89.97749209325389,135.0,64.5
2021-05-05,68.3,77.7,57.2,17.7,9.6,4.3,5.6,22.5,31.4,121.4666666,4.0,76.03875808569161,13.359664670985351,39.14252003466685,0.8359254794186372,0.9942757993480691,31.4,985.9599999999999,0.9995239228844999,1.6094379124341003,-2838.634662512345,4638.285689062471,3319.352364456312,89.97749209325389,135.0,46.0
2021-05-06,69.7,78.6,57.2,12.5,8.9,5.3,11.3,20.2,31.4,121.4666666,4.0,77.74839770076589,13.385663879615363,39.24284832319981,0.8263541987239096,0.9942757993480691,31.4,985.9599999999999,0.9995239228844999,1.6094379124341003,-2838.634662512345,4638.285689062471,3319.352364456312,89.97749209325389,135.0,52.1
2021-05-07,70.9,82.8,62.2,10.1,6.0,5.3,8.2,18.6,31.4,121.4666666,4.0,79.23852913890785,13.41131663846113,39.3406360609275,0.8165380514459161,0.9942757993480691,31.4,985.9599999999999,0.9995239228844999,1.6094379124341003,-2838.634662512345,4638.285689062471,3319.352364456312,89.97749209325389,135.0,55.3
2021-05-08,75.5,86.9,64.2,6.1,5.5,3.4,6.8,17.9,31.4,121.4666666,4.0,84.53868786926894,13.43661264147321,39.43589179270846,0.8064799463209448,0.9942757993480691,31.4,985.9599999999999,0.9995239228844999,1.6094379124341003,-2838.634662512345,4638.285689062471,3319.352364456312,89.97749209325389,135.0,64.6
2021-05-09,80.8,90.0,66.9,6.8,6.9,5.3,8.7,15.9,31.4,121.4666666,4.0,90.64104614352381,13.461541506463934,39.52862490695295,0.7961828637826158,0.9942757993480691,31.4,985.9599999999999,0.9995239228844999,1.6094379124341003,-2838.634662512345,4638.285689062471,3319.352364456312,89.97749209325389,135.0,64.1
2021-05-10,81.3,94.6,69.6,4.3,9.7,4.2,6.2,14.6,31.4,121.4666666,4.0,91.36827861197078,13.48609278405473,39.61884557752219,0.7856498550787147,0.9942757993480691,31.4,985.9599999999999,0.9995239228844999,1.6094379124341003,-2838.634662512345,4638.285689062471,3319.352364456312,89.97749209325389,135.0,66.8
2021-05-11,71.2,94.6,67.5,5.8,2.9,2.9,4.1,14.6,31.4,121.4666666,4.0,80.16085207229814,13.51025596724126,39.70656470574982,0.7748840413670407,0.9942757993480691,31.4,985.9599999999999,0.9995239228844999,1.6094379124341003,-2838.634662512345,4638.285689062471,3319.352364456312,89.97749209325389,135.0,70.5
2021-05-12,68.1,75.4,65.7,8.9,8.6,5.0,6.0,13.4,31.4,121.4666666,4.0,76.8055663464151,13.534020501570945,39.79179386270127,0.7638886127905428,0.9942757993480691,31.4,985.9599999999999,0.9995239228844999,1.6094379124341003,-2838.634662512345,4638.285689062471,3319.352364456312,89.97749209325389,135.0,67.1
2021-05-13,68.9,73.4,65.7,9.1,6.6,4.6,6.8,14.4,31.4,121.4666666,4.0,77.84193269493663,13.557375795925102,39.8745452317828,0.7526668275320085,0.9942757993480691,31.4,985.9599999999999,0.9995239228844999,1.6094379124341003,-2838.634662512345,4638.285689062471,3319.352364456312,89.97749209325389,135.0,67.8
2021-05-14,74.2,81.9,66.4,5.4,4.0,3.2,5.2,14.4,31.4,121.4666666,4.0,83.97159112958457,13.580311233895076,39.95483155180851,0.7412220108485958,0.9942757993480691,31.4,985.9599999999999,0.9995239228844999,1.6094379124341003,-2838.634662512345,4638.285689062471,3319.352364456312,89.97749209325389,135.0,54.67559949516196
2021-05-15,84.4,94.6,70.3,1.6,8.9,5.1,7.0,20.8,31.4,121.4666666,4.0,95.67314050636458,13.602816185739039,40.0326660606293,0.7295575540864875,0.9942757993480691,31.4,985.9599999999999,0.9995239228844999,1.6094379124341003,-2838.634662512345,4638.285689062471,3319.352364456312,89.97749209325389,135.0,76.0
2021-05-16,69.4,94.6,59.4,7.2,11.1,7.4,11.5,25.3,31.4,121.4666666,4.0,78.79722278755698,13.624880020903223,40.108062439423506,0.717676913675962,0.9942757993480691,31.4,985.9599999999999,0.9995239228844999,1.6094379124341003,-2838.634662512345,4638.285689062471,3319.352364456312,89.97749209325389,135.0,65.5
2021-05-17,67.0,84.4,58.6,12.2,10.5,3.8,6.6,16.9,31.4,121.4666666,4.0,76.19291434274366,13.646492121088416,40.18103475774424,0.705583610107178,0.9942757993480691,31.4,985.9599999999999,0.9995239228844999,1.6094379124341003,-2838.634662512345,4638.285689062471,3319.352364456312,89.97749209325389,135.0,57.6
2021-05-18,68.0,74.1,58.6,11.4,14.4,2.9,4.9,10.5,31.4,121.4666666,4.0,77.44997073175671,13.667641893839418,40.251597419414175,0.6932812268869777,0.9942757993480691,31.4,985.9599999999999,0.9995239228844999,1.6094379124341003,-2838.634662512345,4638.285689062471,3319.352364456312,89.97749209325389,135.0,51.8
2021-05-19,65.8,74.3,58.6,7.5,11.9,5.2,8.7,21.8,31.4,121.4666666,4.0,75.05761468003323,13.688318786632198,40.31976510935261,0.6807734094770161,0.9942757993480691,31.4,985.9599999999999,0.9995239228844999,1.6094379124341003,-2838.634662512345,4638.285689062471,3319.352364456312,89.97749209325389,135.0,59.6
2021-05-20,64.9,74.3,61.3,8.5,6.5,4.5,7.8,19.0,31.4,121.4666666,4.0,74.1402040302351,13.708512301430218,40.38555274141588,0.6680638642135335,0.9942757993480691,31.4,985.9599999999999,0.9995239228844999,1.6094379124341003,-2838.634662512345,4638.285689062471,3319.352364456312,89.97749209325389,135.0,61.6
2021-05-21,70.8,77.7,62.1,10.1,11.0,4.2,7.2,15.3,31.4,121.4666666,4.0,80.99645085710245,13.72821200967838,40.44897540732545,0.6551563572090853,0.9942757993480691,31.4,985.9599999999999,0.9995239228844999,1.6094379124341003,-2838.634662512345,4638.285689062471,3319.352364456312,89.97749209325389,135.0,61.9
2021-05-22,71.7,80.1,65.7,9.7,13.6,6.1,7.2,15.2,31.4,121.4666666,4.0,82.14076021700633,13.747407567699803,40.51004832675425,0.6420547132365637,0.9942757993480691,31.4,985.9599999999999,0.9995239228844999,1.6094379124341003,-2838.634662512345,4638.285689062471,3319.352364456312,89.97749209325389,135.0,58.7
2021-05-23,65.1,80.1,62.6,9.0,6.2,4.2,7.8,17.9,31.4,121.4666666,4.0,74.68103137358268,13.766088732457638,40.56878679863522,0.6287628145958344,0.9942757993480691,31.4,985.9599999999999,0.9995239228844999,1.6094379124341003,-2838.634662512345,4638.285689062471,3319.352364456312,89.97749209325389,135.0,64.7
2021-05-24,74.4,80.8,62.6,11.2,8.5,3.2,4.9,14.8,31.4,121.4666666,4.0,85.46232134137401,13.784245377640968,40.625206153751314,0.6152845999633276,0.9942757993480691,31.4,985.9599999999999,0.9995239228844999,1.6094379124341003,-2838.634662512345,4638.285689062471,3319.352364456312,89.97749209325389,135.0,61.9
2021-05-25,76.9,88.0,68.0,9.7,7.1,4.3,7.0,16.9,31.4,121.4666666,4.0,88.44696762678188,13.801867510030982,40.67932170866077,0.6016240632249226,0.9942757993480691,31.4,985.9599999999999,0.9995239228844999,1.6094379124341003,-2838.634662512345,4638.285689062471,3319.352364456312,89.97749209325389,135.0,62.3
2021-05-26,68.4,88.0,66.4,4.6,4.3,3.7,6.4,13.8,31.4,121.4666666,4.0,78.76798813077372,13.81894528610065,40.73114872100588,0.5877852522924732,0.9942757993480691,31.4,985.9599999999999,0.9995239228844999,1.6094379124341003,-2838.634662512345,4638.285689062471,3319.352364456312,89.97749209325389,135.0,67.7
2021-05-27,75.9,82.9,66.4,5.5,6.3,4.3,7.4,14.4,31.4,121.4666666,4.0,87.50934160715025,13.835469028798459,40.780702346248404,0.5737722679043246,0.9942757993480691,31.4,985.9599999999999,0.9995239228844999,1.6094379124341003,-2838.634662512345,4638.285689062471,3319.352364456312,89.97749209325389,135.0,69.7
2021-05-28,75.2,83.8,65.7,6.6,16.0,5.1,9.1,22.9,31.4,121.4666666,4.0,86.80228993197537,13.851429244464155,40.82799759586969,0.5595892624101765,0.9942757993480691,31.4,985.9599999999999,0.9995239228844999,1.6094379124341003,-2838.634662512345,4638.285689062471,3319.352364456312,89.97749209325389,135.0,59.0
2021-05-29,77.1,85.8,65.5,5.7,9.9,4.5,7.0,14.8,31.4,121.4666666,4.0,89.09429691085704,13.866816639822108,40.87304929706815,0.545240438540651,0.9942757993480691,31.4,985.9599999999999,0.9995239228844999,1.6094379124341003,-2838.634662512345,4638.285689062471,3319.352364456312,89.97749209325389,135.0,63.2
2021-05-30,79.4,89.1,68.0,5.9,10.9,5.2,7.4,15.0,31.4,121.4666666,4.0,91.85006648635455,13.881622138995649,40.915872053982476,0.5307300481619334,0.9942757993480691,31.4,985.9599999999999,0.9995239228844999,1.6094379124341003,-2838.634662512345,4638.285689062471,3319.352364456312,89.97749209325389,135.0,65.9
2021-05-31,77.0,89.1,68.2,7.8,13.6,5.3,7.4,15.0,31.4,121.4666666,4.0,89.16495344477178,13.895836900483914,40.956480210463525,0.5160623910158528,0.9942757993480691,31.4,985.9599999999999,0.9995239228844999,1.6094379124341003,-2838.634662512345,4638.285689062471,3319.352364456312,89.97749209325389,135.0,60.5
2021-06-01,75.9,86.2,67.1,8.6,12.2,6.6,10.3,18.8,31.4,121.4666666,4.0,87.97728601280917,13.909452334040974,40.99488781441426,0.5012418134457758,0.9942757993480691,31.4,985.9599999999999,0.9995239228844999,1.6094379124341003,-2838.634662512345,4638.285689062471,3319.352364456312,89.97749209325389,135.0,70.4
2021-06-02,71.1,84.6,67.1,5.7,8.1,3.9,7.8,19.2,31.4,121.4666666,4.0,82.49057619556964,13.92246011739572,41.03110858371184,0.48627270710868997,0.9942757993480691,31.4,985.9599999999999,0.9995239228844999,1.6094379124341003,-2838.634662512345,4638.285689062471,3319.352364456312,89.97749209325389,135.0,70.7
2021-06-03,72.3,81.1,63.9,4.8,7.9,4.5,7.6,21.2,31.4,121.4666666,4.0,83.95748458181788,13.934852212749856,41.06515587372306,0.4711595076738638,0.9942757993480691,31.4,985.9599999999999,0.9995239228844999,1.6094379124341003,-2838.634662512345,4638.285689062471,3319.352364456312,89.97749209325389,135.0,69.3
2021-06-04,72.9,81.1,63.9,5.4,6.9,5.0,6.6,21.2,31.4,121.4666666,4.0,84.72572186416846,13.946620882990691,41.09704264641978,0.4559066935084588,0.9942757993480691,31.4,985.9599999999999,0.9995239228844999,1.6094379124341003,-2838.634662512345,4638.285689062471,3319.352364456312,89.97749209325389,135.0,65.2
2021-06-05,77.7,90.0,64.8,3.5,9.4,4.2,5.8,13.8,31.4,121.4666666,4.0,90.37648763141864,13.957758707555003,41.12678144109827,0.440518784350495,0.9942757993480691,31.4,985.9599999999999,0.9995239228844999,1.6094379124341003,-2838.634662512345,4638.285689062471,3319.352364456312,89.97749209325389,135.0,58.3
2021-06-06,79.7,94.5,61.9,7.2,11.6,4.0,6.4,13.8,31.4,121.4666666,4.0,92.7725175209216,13.96825859788029,41.154384346702805,0.42500033996955416,0.9942757993480691,31.4,985.9599999999999,0.9995239228844999,1.6094379124341003,-2838.634662512345,4638.285689062471,3319.352364456312,89.97749209325389,135.0,58.1
2021-06-07,78.9,94.5,61.9,10.8,14.7,4.4,6.2,13.4,31.4,121.4666666,4.0,91.90609831639884,13.978113812380052,41.17986297575166,0.4093559588156213,0.9942757993480691,31.4,985.9599999999999,0.9995239228844999,1.6094379124341003,-2838.634662512345,4638.285689062471,3319.352364456312,89.97749209325389,135.0,66.8
2021-06-08,76.8,90.0,71.6,9.6,12.1,3.4,4.9,12.0,31.4,121.4666666,4.0,89.51883501363561,13.987317970880566,41.203228439860666,0.39359027665646673,0.9942757993480691,31.4,985.9599999999999,0.9995239228844999,1.6094379124341003,-2838.634662512345,4638.285689062471,3319.352364456312,89.97749209325389,135.0,74.4
2021-06-09,80.0,84.4,73.2,8.2,16.1,5.9,8.5,18.3,31.4,121.4666666,4.0,93.3057671230523,13.995865068457846,41.224491326858065,0.3777079652039649,0.9942757993480691,31.4,985.9599999999999,0.9995239228844999,1.6094379124341003,-2838.634662512345,4638.285689062471,3319.352364456312,89.97749209325389,135.0,76.9
2021-06-10,78.0,84.4,74.7,6.3,9.4,3.2,6.4,15.9,31.4,121.4666666,4.0,91.02437167599676,14.003749488614886,41.243661679482294,0.36171373072976765,0.9942757993480691,31.4,985.9599999999999,0.9995239228844999,1.6094379124341003,-2838.634662512345,4638.285689062471,3319.352364456312,89.97749209325389,135.0,77.5
2021-06-11,79.3,87.3,74.3,10.0,11.9,3.9,6.4,13.6,31.4,121.4666666,4.0,92.58913375402503,14.010966015741493,41.260748975653144,0.3456123126707335,0.9942757993480691,31.4,985.9599999999999,0.9995239228844999,1.6094379124341003,-2838.634662512345,4638.285689062471,3319.352364456312,89.97749209325389,135.0,75.4
2021-06-12,78.7,87.3,74.3,10.3,11.2,4.5,6.8,14.4,31.4,121.4666666,4.0,91.93150207860482,14.017509846801243,41.275762110305706,0.3294084822245304,0.9942757993480691,31.4,985.9599999999999,0.9995239228844999,1.6094379124341003,-2838.634662512345,4638.285689062471,3319.352364456312,89.97749209325389,135.0,74.5
2021-06-13,78.1,85.6,75.9,6.3,7.1,2.4,3.1,10.7,31.4,121.4666666,4.0,91.26880938593882,14.023376602192906,41.28870937877591,0.3131070409358269,0.9942757993480691,31.4,985.9599999999999,0.9995239228844999,1.6094379124341003,-2838.634662512345,4638.285689062471,3319.352364456312,89.97749209325389,135.0,77.4
2021-06-14,79.1,82.8,75.9,0.8,5.4,2.9,4.1,10.1,31.4,121.4666666,4.0,92.47160672973214,14.028562335736861,41.29959846172624,0.29671281927349075,0.9942757993480691,31.4,985.9599999999999,0.9995239228844999,1.6094379124341003,-2838.634662512345,4638.285689062471,3319.352364456312,89.97749209325389,135.0,78.5
2021-06-15,82.2,91.6,74.7,997.6,11.2,4.5,6.8,17.9,31.4,121.4666666,4.0,96.12648527462248,14.033063543740507,41.30843641159974,0.28023067519921585,0.9942757993480691,31.4,985.9599999999999,0.9995239228844999,1.6094379124341003,-2838.634662512345,4638.285689062471,3319.352364456312,89.97749209325389,135.0,79.3
2021-06-16,76.3,91.6,74.1,3.2,16.2,3.8,5.1,17.1,31.4,121.4666666,4.0,89.25114402563088,14.03687717310053,41.31522964059135,0.26366549272800704,0.9942757993480691,31.4,985.9599999999999,0.9995239228844999,1.6094379124341003,-2838.634662512345,4638.285689062471,3319.352364456312,89.97749209325389,135.0,74.3
2021-06-17,76.0,79.9,73.8,2.8,5.5,2.9,4.5,11.8,31.4,121.4666666,4.0,88.92000397989226,14.04000062840404,41.319983910125586,0.24702218048093552,0.9942757993480691,31.4,985.9599999999999,0.9995239228844999,1.6094379124341003,-2838.634662512345,4638.285689062471,3319.352364456312,89.97749209325389,135.0,54.67559949516196
2021-06-18,73.1,80.8,67.1,2.9,6.3,3.2,4.7,14.8,31.4,121.4666666,4.0,85.54181358095329,14.04243177799507,41.32270432183072,0.23030567023061221,0.9942757993480691,31.4,985.9599999999999,0.9995239228844999,1.6094379124341003,-2838.634662512345,4638.285689062471,3319.352364456312,89.97749209325389,135.0,72.9
2021-06-19,70.1,80.8,67.1,2.9,10.6,1.9,3.1,11.5,31.4,121.4666666,4.0,82.04135366869414,14.044168958977599,41.32339531000043,0.21352091543979612,0.9942757993480691,31.4,985.9599999999999,0.9995239228844999,1.6094379124341003,-2838.634662512345,4638.285689062471,3319.352364456312,89.97749209325389,135.0,68.0
2021-06-20,75.1,82.4,68.7,3.1,9.6,2.6,4.9,129.09097824149396,31.4,121.4666666,4.0,87.89961205691307,14.04521098113125,41.322060635535195,0.19667288979357647,0.9942757993480691,31.4,985.9599999999999,0.9995239228844999,1.6094379124341003,-2838.634662512345,4638.285689062471,3319.352364456312,89.97749209325389,135.0,68.9
2021-06-21,77.2,85.6,66.6,5.0,10.6,3.5,5.6,13.6,31.4,121.4666666,4.0,90.3597508678707,14.045557129720834,41.31870338135702,0.1797665857255624,0.9942757993480691,31.4,985.9599999999999,0.9995239228844999,1.6094379124341003,-2838.634662512345,4638.285689062471,3319.352364456312,89.97749209325389,135.0,66.3
2021-06-22,77.2,88.2,64.8,8.1,14.1,3.2,7.2,14.8,31.4,121.4666666,4.0,90.35749944223173,14.045207167186277,41.313325949292604,0.16280701293851715,0.9942757993480691,31.4,985.9599999999999,0.9995239228844999,1.6094379124341003,-2838.634662512345,4638.285689062471,3319.352364456312,89.97749209325389,135.0,64.2
2021-06-23,81.2,90.9,64.8,9.7,12.3,2.8,6.4,13.4,31.4,121.4666666,4.0,95.03215835806898,14.044161333704775,41.305930058421524,0.1457991969198751,0.9942757993480691,31.4,985.9599999999999,0.9995239228844999,1.6094379124341003,-2838.634662512345,4638.285689062471,3319.352364456312,89.97749209325389,135.0,60.7
2021-06-24,81.4,90.9,71.4,8.6,13.0,4.3,6.8,13.2,31.4,121.4666666,4.0,95.25441801792228,14.042420346622448,41.29651674488778,0.12874817745258132,0.9942757993480691,31.4,985.9599999999999,0.9995239228844999,1.6094379124341003,-2838.634662512345,4638.285689062471,3319.352364456312,89.97749209325389,135.0,68.3
2021-06-25,81.5,90.1,75.0,6.6,15.8,5.9,9.7,18.1,31.4,121.4666666,4.0,95.35490083323315,14.039985398758255,41.28508636317474,0.11165900712169512,0.9942757993480691,31.4,985.9599999999999,0.9995239228844999,1.6094379124341003,-2838.634662512345,4638.285689062471,3319.352364456312,89.97749209325389,135.0,72.2
2021-06-26,77.1,90.0,75.0,4.7,14.0,3.5,5.8,18.1,31.4,121.4666666,4.0,90.18681364965505,14.036858155588336,41.2716385888448,0.09453674981719912,0.9942757993480691,31.4,985.9599999999999,0.9995239228844999,1.6094379124341003,-2838.634662512345,4638.285689062471,3319.352364456312,89.97749209325389,135.0,76.2
2021-06-27,78.5,83.8,75.0,2.3,9.3,3.6,6.2,11.3,31.4,121.4666666,4.0,91.79947491491316,14.033040751324306,41.25617242274726,0.07738647923346301,0.9942757993480691,31.4,985.9599999999999,0.9995239228844999,1.6094379124341003,-2838.634662512345,4638.285689062471,3319.352364456312,89.97749209325389,135.0,77.7
2021-06-28,77.9,83.8,72.3,2.9,13.2,4.0,7.4,16.7,31.4,121.4666666,4.0,91.06857813051236,14.028535783904342,41.23868619669873,0.06021327736579302,0.9942757993480691,31.4,985.9599999999999,0.9995239228844999,1.6094379124341003,-2838.634662512345,4638.285689062471,3319.352364456312,89.97749209325389,135.0,75.3
2021-06-29,79.9,87.3,72.3,3.5,16.1,4.6,7.2,14.8,31.4,121.4666666,4.0,93.3721141735652,14.02334630892093,41.21917758064253,0.04302223300453059,0.9942757993480691,31.4,985.9599999999999,0.9995239228844999,1.6094379124341003,-2838.634662512345,4638.285689062471,3319.352364456312,89.97749209325389,135.0,74.4
2021-06-30,79.7,87.3,75.6,3.8,15.3,4.1,7.2,14.0,31.4,121.4666666,4.0,93.09940198761471,14.017475832514135,41.19764359129388,0.02581844022713308,0.9942757993480691,31.4,985.9599999999999,0.9995239228844999,1.6094379124341003,-2838.634662512345,4638.285689062471,3319.352364456312,89.97749209325389,135.0,74.9
2021-07-01,82.0,89.1,75.9,3.7,13.0,4.9,8.0,16.3,31.4,121.4666666,4.0,95.74134340563708,14.010928303263961,41.174080602279574,0.008606996888688698,0.9942757993480691,31.4,985.9599999999999,0.9995239228844999,1.6094379124341003,-2838.634662512345,4638.285689062471,3319.352364456312,89.97749209325389,135.0,76.9
2021-07-02,80.5,89.1,77.4,2.7,8.4,3.4,6.0,12.6,31.4,121.4666666,4.0,93.9415418584285,14.003708103119777,41.14848435578111,-0.008606996888688009,0.9942757993480691,31.4,985.9599999999999,0.9995239228844999,1.6094379124341003,-2838.634662512345,4638.285689062471,3319.352364456312,89.97749209325389,135.0,79.5
2021-07-03,81.6,90.5,77.5,2.6,7.2,4.8,9.7,18.5,31.4,121.4666666,4.0,95.17157625438097,13.995820037408967,41.12084997569097,-0.02581844022713239,0.9942757993480691,31.4,985.9599999999999,0.9995239228844999,1.6094379124341003,-2838.634662512345,4638.285689062471,3319.352364456312,89.97749209325389,135.0,79.3
2021-07-04,77.4,90.5,75.7,6.8,7.5,4.3,5.6,11.3,31.4,121.4666666,4.0,90.21788713961197,13.98726932397085,41.091171982292344,-0.04302223300453034,0.9942757993480691,31.4,985.9599999999999,0.9995239228844999,1.6094379124341003,-2838.634662512345,4638.285689062471,3319.352364456312,89.97749209325389,135.0,77.2
2021-07-05,85.6,95.9,75.7,5.5,15.5,3.3,5.8,31.9,31.4,121.4666666,4.0,99.71017261445283,13.97806158146535,41.05944430847198,-0.060213277365792774,0.9942757993480691,31.4,985.9599999999999,0.9995239228844999,1.6094379124341003,-2838.634662512345,4638.285689062471,3319.352364456312,89.97749209325389,135.0,79.6
2021-07-06,88.5,96.8,77.4,5.3,16.9,6.5,10.1,31.9,31.4,121.4666666,4.0,103.01549577470445,13.968202816909077,41.025660317476465,-0.07738647923346322,0.9942757993480691,31.4,985.9599999999999,0.9995239228844999,1.6094379124341003,-2838.634662512345,4638.285689062471,3319.352364456312,89.97749209325389,135.0,76.4
2021-07-07,85.6,97.2,80.1,6.1,11.5,4.9,7.8,22.5,31.4,121.4666666,4.0,99.5649224757926,13.95769941249429,40.98981282222091,-0.09453674981719933,0.9942757993480691,31.4,985.9599999999999,0.9995239228844999,1.6094379124341003,-2838.634662512345,4638.285689062471,3319.352364456312,89.97749209325389,135.0,80.3
2021-07-08,81.3,97.2,75.7,6.5,11.9,4.4,7.2,32.4,31.4,121.4666666,4.0,94.48793120709617,13.94655811174851,40.95189410615849,-0.11165900712169444,0.9942757993480691,31.4,985.9599999999999,0.9995239228844999,1.6094379124341003,-2838.634662512345,4638.285689062471,3319.352364456312,89.97749209325389,135.0,78.7
2021-07-09,82.2,93.0,72.7,6.8,18.1,5.1,7.4,23.1,31.4,121.4666666,4.0,95.45328413489818,13.934786005094624,40.911895945717966,-0.12874817745258066,0.9942757993480691,31.4,985.9599999999999,0.9995239228844999,1.6094379124341003,-2838.634662512345,4638.285689062471,3319.352364456312,89.97749209325389,135.0,76.5
2021-07-10,81.6,93.9,72.7,7.7,14.1,4.3,8.5,34.2,31.4,121.4666666,4.0,94.67225550113507,13.922390514872806,40.86980963431481,-0.14579919691987442,0.9942757993480691,31.4,985.9599999999999,0.9995239228844999,1.6094379124341003,-2838.634662512345,4638.285689062471,3319.352364456312,89.97749209325389,135.0,77.5
2021-07-11,89.1,97.7,73.4,7.4,13.1,4.1,5.2,13.8,31.4,121.4666666,4.0,103.27714189565982,13.909379379886845,40.825626007939555,-0.16280701293851646,0.9942757993480691,31.4,985.9599999999999,0.9995239228844999,1.6094379124341003,-2838.634662512345,4638.285689062471,3319.352364456312,89.97749209325389,135.0,81.6
2021-07-12,91.5,100.0,84.4,4.6,13.2,6.3,9.3,16.3,31.4,121.4666666,4.0,105.95517487647876,13.8957606395382,40.77933547232468,-0.17976658572556214,0.9942757993480691,31.4,985.9599999999999,0.9995239228844999,1.6094379124341003,-2838.634662512345,4638.285689062471,3319.352364456312,89.97749209325389,135.0,78.3
2021-07-13,89.1,100.0,82.8,4.6,14.0,6.3,7.8,19.0,31.4,121.4666666,4.0,103.07045393576509,13.881542617611462,40.730928031689096,-0.19667288979357622,0.9942757993480691,31.4,985.9599999999999,0.9995239228844999,1.6094379124341003,-2838.634662512345,4638.285689062471,3319.352364456312,89.97749209325389,135.0,78.4
2021-07-14,90.1,99.7,82.8,6.6,15.9,7.5,10.1,19.6,31.4,121.4666666,4.0,104.11606040919375,13.866733905774973,40.680393319055945,-0.2135209154397959,0.9942757993480691,31.4,985.9599999999999,0.9995239228844999,1.6094379124341003,-2838.634662512345,4638.285689062471,3319.352364456312,89.97749209325389,135.0,77.7
2021-07-15,88.7,99.7,82.6,8.7,15.2,7.0,8.9,19.6,31.4,121.4666666,4.0,102.3845129055395,13.85134334685991,40.627720628136615,-0.23030567023061196,0.9942757993480691,31.4,985.9599999999999,0.9995239228844999,1.6094379124341003,-2838.634662512345,4638.285689062471,3319.352364456312,89.97749209325389,135.0,76.6
2021-07-16,85.1,96.8,78.6,8.8,18.1,7.7,9.3,19.2,31.4,121.4666666,4.0,98.11590329417791,13.835380017980436,40.57289894677023,-0.24702218048093527,0.9942757993480691,31.4,985.9599999999999,0.9995239228844999,1.6094379124341003,-2838.634662512345,4638.285689062471,3319.352364456312,89.97749209325389,135.0,77.7
2021-07-17,84.1,91.9,78.6,7.0,18.1,6.3,7.8,19.2,31.4,121.4666666,4.0,96.84712960500852,13.818853213556507,40.515916991903914,-0.2636654927280072,0.9942757993480691,31.4,985.9599999999999,0.9995239228844999,1.6094379124341003,-2838.634662512345,4638.285689062471,3319.352364456312,89.97749209325389,135.0,76.4
2021-07-18,84.2,91.6,78.8,6.6,18.5,5.6,9.3,16.5,31.4,121.4666666,4.0,96.84243653856797,13.801772428299472,40.45676324609561,-0.2802306751992161,0.9942757993480691,31.4,985.9599999999999,0.9995239228844999,1.6094379124341003,-2838.634662512345,4638.285689062471,3319.352364456312,89.97749209325389,135.0,74.9
2021-07-19,86.0,92.3,79.5,7.9,18.6,5.9,7.6,18.5,31.4,121.4666666,4.0,98.78638927156949,13.784147340218999,40.39542599551649,-0.2967128192734901,0.9942757993480691,31.4,985.9599999999999,0.9995239228844999,1.6094379124341003,-2838.634662512345,4638.285689062471,3319.352364456312,89.97749209325389,135.0,78.1
2021-07-20,84.8,92.3,80.8,9.3,18.5,6.5,11.1,18.8,31.4,121.4666666,4.0,97.2796470755358,13.765987793707898,40.33189336942578,-0.3131070409358267,0.9942757993480691,31.4,985.9599999999999,0.9995239228844999,1.6094379124341003,-2838.634662512345,4638.285689062471,3319.352364456312,89.97749209325389,135.0,78.7
2021-07-21,84.3,91.0,80.4,7.8,18.6,6.8,8.5,18.3,31.4,121.4666666,4.0,96.57480907388386,13.747303782759268,40.26615338108614,-0.3294084822245302,0.9942757993480691,31.4,985.9599999999999,0.9995239228844999,1.6094379124341003,-2838.634662512345,4638.285689062471,3319.352364456312,89.97749209325389,135.0,77.0
2021-07-22,84.4,89.8,80.4,5.3,18.6,8.8,10.9,21.6,31.4,121.4666666,4.0,96.55434155505453,13.728105434367942,40.19819397008309,-0.3456123126707333,0.9942757993480691,31.4,985.9599999999999,0.9995239228844999,1.6094379124341003,-2838.634662512345,4638.285689062471,3319.352364456312,89.97749209325389,135.0,78.7
2021-07-23,84.0,89.2,79.5,3.7,18.6,9.5,10.9,23.7,31.4,121.4666666,4.0,95.95882094516035,13.708402992165764,40.12800304600679,-0.3617137307297674,0.9942757993480691,31.4,985.9599999999999,0.9995239228844999,1.6094379124341003,-2838.634662512345,4638.285689062471,3319.352364456312,89.97749209325389,135.0,78.7
2021-07-24,80.9,89.2,78.3,999.6,17.6,11.4,13.6,29.7,31.4,121.4666666,4.0,92.28132751227398,13.688206800337301,40.05556853344971,-0.37770796520396466,0.9942757993480691,31.4,985.9599999999999,0.9995239228844999,1.6094379124341003,-2838.634662512345,4638.285689062471,3319.352364456312,89.97749209325389,135.0,79.0
2021-07-25,78.5,83.1,77.0,988.9,8.3,16.9,20.4,45.5,31.4,121.4666666,4.0,89.40840767475058,13.667527287859961,39.98087841826866,-0.39359027665646645,0.9942757993480691,31.4,985.9599999999999,0.9995239228844999,1.6094379124341003,-2838.634662512345,4638.285689062471,3319.352364456312,89.97749209325389,135.0,78.4
2021-07-26,78.0,80.1,77.0,988.4,8.6,8.6,12.2,45.5,31.4,121.4666666,4.0,88.70143719521046,13.646374953109301,39.903920795054454,-0.4093559588156211,0.9942757993480691,31.4,985.9599999999999,0.9995239228844999,1.6094379124341003,-2838.634662512345,4638.285689062471,3319.352364456312,89.97749209325389,135.0,54.67559949516196
2021-07-27,79.5,80.6,77.5,993.1,12.1,7.1,10.1,24.1,31.4,121.4666666,4.0,90.26403731124648,13.624760348867392,39.824683915747364,-0.42500033996955394,0.9942757993480691,31.4,985.9599999999999,0.9995239228844999,1.6094379124341003,-2838.634662512345,4638.285689062471,3319.352364456312,89.97749209325389,135.0,54.67559949516196
2021-07-28,83.4,89.1,78.8,996.2,17.8,7.7,8.7,22.9,31.4,121.4666666,4.0,94.53872377099438,13.602694067768974,39.74315623933169,-0.4405187843504952,0.9942757993480691,31.4,985.9599999999999,0.9995239228844999,1.6094379124341003,-2838.634662512345,4638.285689062471,3319.352364456312,89.97749209325389,135.0,80.6
2021-07-29,84.7,94.1,78.8,997.9,14.6,3.5,8.0,20.0,31.4,121.4666666,4.0,95.85348465666479,13.58018672821697,39.659326482537395,-0.455906693508459,0.9942757993480691,31.4,985.9599999999999,0.9995239228844999,1.6094379124341003,-2838.634662512345,4638.285689062471,3319.352364456312,89.97749209325389,135.0,81.0
2021-07-30,87.2,94.8,78.4,999.0,16.0,3.4,5.4,12.4,31.4,121.4666666,4.0,98.51600911511623,13.55724896079581,39.57318367147212,-0.47115950767386394,0.9942757993480691,31.4,985.9599999999999,0.9995239228844999,1.6094379124341003,-2838.634662512345,4638.285689062471,3319.352364456312,89.97749209325389,135.0,75.9
2021-07-31,83.4,94.8,79.7,997.8,13.6,2.5,4.9,13.0,31.4,121.4666666,4.0,94.06054519669472,13.533891395207872,39.484717194102146,-0.4862727071086902,0.9942757993480691,31.4,985.9599999999999,0.9995239228844999,1.6094379124341003,-2838.634662512345,4638.285689062471,3319.352364456312,89.97749209325389,135.0,81.3
2021-08-01,81.8,89.6,76.1,998.5,13.2,3.5,13.2,22.3,31.4,121.4666666,4.0,92.0940163488653,13.5101246477553,39.393916853495675,-0.5012418134457756,0.9942757993480691,31.4,985.9599999999999,0.9995239228844999,1.6094379124341003,-2838.634662512345,4638.285689062471,3319.352364456312,89.97749209325389,135.0,81.3
2021-08-02,84.2,89.4,76.1,1.0,18.6,5.5,7.6,15.7,31.4,121.4666666,4.0,94.62648115419407,13.48595930938633,39.300772921738144,-0.5160623910158526,0.9942757993480691,31.4,985.9599999999999,0.9995239228844999,1.6094379124341003,-2838.634662512345,4638.285689062471,3319.352364456312,89.97749209325389,135.0,80.6
2021-08-03,84.0,89.2,79.9,3.7,18.1,6.0,8.0,16.9,31.4,121.4666666,4.0,94.22984154025669,13.461405934322384,39.20527619442417,-0.5307300481619331,0.9942757993480691,31.4,985.9599999999999,0.9995239228844999,1.6094379124341003,-2838.634662512345,4638.285689062471,3319.352364456312,89.97749209325389,135.0,81.5
2021-08-04,84.2,88.9,81.3,4.0,18.6,6.1,8.2,17.9,31.4,121.4666666,4.0,94.27926645544268,13.436475029279242,39.107418045627206,-0.5452404385406507,0.9942757993480691,31.4,985.9599999999999,0.9995239228844999,1.6094379124341003,-2838.634662512345,4638.285689062471,3319.352364456312,89.97749209325389,135.0,78.9
2021-08-05,84.4,90.7,81.1,2.1,18.6,5.8,8.2,19.2,31.4,121.4666666,4.0,94.3252785378261,13.411177043292808,39.00719048324391,-0.5595892624101763,0.9942757993480691,31.4,985.9599999999999,0.9995239228844999,1.6094379124341003,-2838.634662512345,4638.285689062471,3319.352364456312,89.97749209325389,135.0,79.2
2021-08-06,84.4,90.7,79.5,1.5,18.6,5.0,8.5,17.1,31.4,121.4666666,4.0,94.14484058570697,13.385522358157388,38.90458620460666,-0.5737722679043243,0.9942757993480691,31.4,985.9599999999999,0.9995239228844999,1.6094379124341003,-2838.634662512345,4638.285689062471,3319.352364456312,89.97749209325389,135.0,78.0
2021-08-07,84.4,90.0,79.5,2.6,18.6,5.7,9.5,17.1,31.4,121.4666666,4.0,93.96196633235492,13.35952127948174,38.79959865225441,-0.5877852522924734,0.9942757993480691,31.4,985.9599999999999,0.9995239228844999,1.6094379124341003,-2838.634662512345,4638.285689062471,3319.352364456312,89.97749209325389,135.0,77.9
2021-08-08,82.4,89.8,74.1,4.5,16.9,4.4,7.2,17.5,31.4,121.4666666,4.0,91.55453032811165,13.333184028365773,38.69222206974905,-0.6016240632249227,0.9942757993480691,31.4,985.9599999999999,0.9995239228844999,1.6094379124341003,-2838.634662512345,4638.285689062471,3319.352364456312,89.97749209325389,135.0,74.4
2021-08-09,85.2,92.3,74.1,4.9,16.9,3.6,8.0,15.5,31.4,121.4666666,4.0,94.47629720925926,13.306520733698486,38.58245155742189,-0.6152845999633277,0.9942757993480691,31.4,985.9599999999999,0.9995239228844999,1.6094379124341003,-2838.634662512345,4638.285689062471,3319.352364456312,89.97749209325389,135.0,75.4
2021-08-10,84.4,92.7,80.4,5.6,18.3,3.5,7.2,16.5,31.4,121.4666666,4.0,93.39944135636496,13.279541425075585,38.47028312793219,-0.6287628145958345,0.9942757993480691,31.4,985.9599999999999,0.9995239228844999,1.6094379124341003,-2838.634662512345,4638.285689062471,3319.352364456312,89.97749209325389,135.0,79.4
2021-08-11,80.6,92.7,78.6,7.6,14.0,2.7,3.9,69.62172178640985,31.4,121.4666666,4.0,89.0109863102041,13.25225602633312,38.3557137615181,-0.6420547132365636,0.9942757993480691,31.4,985.9599999999999,0.9995239228844999,1.6094379124341003,-2838.634662512345,4638.285689062471,3319.352364456312,89.97749209325389,135.0,80.0
2021-08-12,83.1,88.3,78.4,5.3,18.6,4.2,5.4,15.3,31.4,121.4666666,4.0,91.5808698716153,13.22467434969174,38.238741460818446,-0.655156357209085,0.9942757993480691,31.4,985.9599999999999,0.9995239228844999,1.6094379124341003,-2838.634662512345,4638.285689062471,3319.352364456312,89.97749209325389,135.0,79.3
2021-08-13,79.0,88.3,73.2,2.9,16.3,6.8,9.5,22.5,31.4,121.4666666,4.0,86.87897342915385,13.196806090504383,38.11936530514249,-0.6680638642135333,0.9942757993480691,31.4,985.9599999999999,0.9995239228844999,1.6094379124341003,-2838.634662512345,4638.285689062471,3319.352364456312,89.97749209325389,135.0,76.2
2021-08-14,76.3,86.4,72.9,7.3,14.2,3.4,6.2,22.5,31.4,121.4666666,4.0,83.73073506368902,13.168660822598536,37.997585504064034,-0.6807734094770159,0.9942757993480691,31.4,985.9599999999999,0.9995239228844999,1.6094379124341003,-2838.634662512345,4638.285689062471,3319.352364456312,89.97749209325389,135.0,75.7
2021-08-15,76.9,78.8,73.8,9.7,12.3,4.0,8.7,14.6,31.4,121.4666666,4.0,84.20708922951763,13.14024799420301,37.87340345021574,-0.6932812268869771,0.9942757993480691,31.4,985.9599999999999,0.9995239228844999,1.6094379124341003,-2838.634662512345,4638.285689062471,3319.352364456312,89.97749209325389,135.0,76.8
2021-08-16,77.9,81.1,75.0,9.9,14.3,2.0,2.9,11.5,31.4,121.4666666,4.0,85.11598686787245,13.111576924447617,37.74682177115889,-0.7055836101071774,0.9942757993480691,31.4,985.9599999999999,0.9995239228844999,1.6094379124341003,-2838.634662512345,4638.285689062471,3319.352364456312,89.97749209325389,135.0,54.67559949516196
2021-08-17,79.8,86.7,73.4,9.5,16.5,3.7,7.8,15.9,31.4,121.4666666,4.0,86.99966772281388,13.082656800423141,37.61784438020488,-0.7176769136759615,0.9942757993480691,31.4,985.9599999999999,0.9995239228844999,1.6094379124341003,-2838.634662512345,4638.285689062471,3319.352364456312,89.97749209325389,135.0,75.4
2021-08-18,82.4,88.9,73.2,8.6,17.9,3.1,4.7,10.3,31.4,121.4666666,4.0,89.63401050021068,13.053496674787961,37.486476526064514,-0.7295575540864876,0.9942757993480691,31.4,985.9599999999999,0.9995239228844999,1.6094379124341003,-2838.634662512345,4638.285689062471,3319.352364456312,89.97749209325389,135.0,72.5
2021-08-19,82.9,89.2,76.6,8.0,17.0,4.3,5.2,14.6,31.4,121.4666666,4.0,89.97486191315538,13.02410546390669,37.35272484120271,-0.7412220108485957,0.9942757993480691,31.4,985.9599999999999,0.9995239228844999,1.6094379124341003,-2838.634662512345,4638.285689062471,3319.352364456312,89.97749209325389,135.0,74.4
2021-08-20,86.7,91.9,78.6,5.2,17.9,6.5,9.9,17.5,31.4,121.4666666,4.0,93.88520431350287,12.994491946505589,37.21659738877735,-0.7526668275320083,0.9942757993480691,31.4,985.9599999999999,0.9995239228844999,1.6094379124341003,-2838.634662512345,4638.285689062471,3319.352364456312,89.97749209325389,135.0,78.5
2021-08-21,84.1,91.9,77.4,5.8,13.6,3.3,6.8,19.8,31.4,121.4666666,4.0,90.86069221282433,12.964664762828681,37.07810370804286,-0.7638886127905429,0.9942757993480691,31.4,985.9599999999999,0.9995239228844999,1.6094379124341003,-2838.634662512345,4638.285689062471,3319.352364456312,89.97749209325389,135.0,79.9
2021-08-22,84.0,90.5,78.8,5.6,16.5,4.6,6.8,15.0,31.4,121.4666666,4.0,90.542426899947,12.934632414278143,36.93725485810117,-0.7748840413670406,0.9942757993480691,31.4,985.9599999999999,0.9995239228844999,1.6094379124341003,-2838.634662512345,4638.285689062471,3319.352364456312,89.97749209325389,135.0,79.7
2021-08-23,86.4,93.7,80.4,1.3,16.2,4.2,6.6,30.1,31.4,121.4666666,4.0,92.91170349735795,12.904403263521937,36.794063459885436,-0.7856498550787144,0.9942757993480691,31.4,985.9599999999999,0.9995239228844999,1.6094379124341003,-2838.634662512345,4638.285689062471,3319.352364456312,89.97749209325389,135.0,80.3
2021-08-24,83.6,93.7,78.1,3.4,11.1,3.4,5.6,13.2,31.4,121.4666666,4.0,89.68876589419166,12.873985535051435,36.648543736264216,-0.7961828637826154,0.9942757993480691,31.4,985.9599999999999,0.9995239228844999,1.6094379124341003,-2838.634662512345,4638.285689062471,3319.352364456312,89.97749209325389,135.0,79.7
2021-08-25,82.5,90.9,78.1,8.1,13.7,3.4,9.5,20.6,31.4,121.4666666,4.0,88.2982877986793,12.843387316171535,36.50071155015786,-0.8064799463209447,0.9942757993480691,31.4,985.9599999999999,0.9995239228844999,1.6094379124341003,-2838.634662512345,4638.285689062471,3319.352364456312,89.97749209325389,135.0,77.3
2021-08-26,83.0,92.8,75.7,10.8,16.6,4.8,9.3,23.9,31.4,121.4666666,4.0,88.62059786230489,12.812616558405526,36.350584440561576,-0.8165380514459157,0.9942757993480691,31.4,985.9599999999999,0.9995239228844999,1.6094379124341003,-2838.634662512345,4638.285689062471,3319.352364456312,89.97749209325389,135.0,77.5
2021-08-27,84.2,92.8,75.7,11.4,13.9,3.0,5.2,23.9,31.4,121.4666666,4.0,89.68479557306706,12.78168107929697,36.198181656374096,-0.8263541987239094,0.9942757993480691,31.4,985.9599999999999,0.9995239228844999,1.6094379124341003,-2838.634662512345,4638.285689062471,3319.352364456312,89.97749209325389,135.0,80.1
2021-08-28,84.8,92.5,79.2,11.2,13.8,2.5,4.7,11.7,31.4,121.4666666,4.0,90.10415918977507,12.750588564590814,36.043524187934906,-0.8359254794186365,0.9942757993480691,31.4,985.9599999999999,0.9995239228844999,1.6094379124341003,-2838.634662512345,4638.285689062471,3319.352364456312,89.97749209325389,135.0,80.5
2021-08-29,86.2,93.0,79.5,11.9,18.4,4.1,6.0,13.4,31.4,121.4666666,4.0,91.36730620007442,12.719346570776022,35.88663479617749,-0.8452490573530634,0.9942757993480691,31.4,985.9599999999999,0.9995239228844999,1.6094379124341003,-2838.634662512345,4638.285689062471,3319.352364456312,89.97749209325389,135.0,80.1
2021-08-30,86.9,94.1,79.9,12.0,17.3,5.0,6.8,14.0,31.4,121.4666666,4.0,91.88199530673121,12.68796252797209,35.727538039310936,-0.8543221697498269,0.9942757993480691,31.4,985.9599999999999,0.9995239228844999,1.6094379124341003,-2838.634662512345,4638.285689062471,3319.352364456312,89.97749209325389,135.0,78.6
2021-08-31,87.8,96.1,80.1,10.4,17.9,5.1,7.0,14.4,31.4,121.4666666,4.0,92.602980053989,12.656443743142004,35.56626029694739,-0.8631421280499115,0.9942757993480691,31.4,985.9599999999999,0.9995239228844999,1.6094379124341003,-2838.634662512345,4638.285689062471,3319.352364456312,89.97749209325389,135.0,77.5
2021-09-01,86.0,97.0,80.1,9.5,17.2,4.4,7.8,18.1,31.4,121.4666666,4.0,90.47771472590314,12.624797403614393,35.40282979159797,-0.8717063187093217,0.9942757993480691,31.4,985.9599999999999,0.9995239228844999,1.6094379124341003,-2838.634662512345,4638.285689062471,3319.352364456312,89.97749209325389,135.0,80.2
2021-09-02,82.6,97.0,79.2,7.4,14.6,3.1,6.6,15.9,31.4,121.4666666,4.0,86.68202716518019,12.59303058089785,35.23727660746592,-0.8800122039735356,0.9942757993480691,31.4,985.9599999999999,0.9995239228844999,1.6094379124341003,-2838.634662512345,4638.285689062471,3319.352364456312,89.97749209325389,135.0,79.5
2021-09-03,81.7,90.3,79.2,8.3,18.6,4.1,7.4,14.6,31.4,121.4666666,4.0,85.52049784839726,12.561150234770711,35.06963270647076,-0.888057322629493,0.9942757993480691,31.4,985.9599999999999,0.9995239228844999,1.6094379124341003,-2838.634662512345,4638.285689062471,3319.352364456312,89.97749209325389,135.0,76.2
2021-09-04,84.2,89.1,79.5,9.2,18.6,5.3,6.2,15.7,31.4,121.4666666,4.0,87.91296191036919,12.529163217629813,34.89993194144445,-0.8958392907349089,0.9942757993480691,31.4,985.9599999999999,0.9995239228844999,1.6094379124341003,-2838.634662512345,4638.285689062471,3319.352364456312,89.97749209325389,135.0,79.0
2021-09-05,85.6,92.3,79.5,10.6,15.3,3.8,5.6,14.8,31.4,121.4666666,4.0,89.14581079078584,12.497076279082128,34.72821006644555,-0.9033558023246842,0.9942757993480691,31.4,985.9599999999999,0.9995239228844999,1.6094379124341003,-2838.634662512345,4638.285689062471,3319.352364456312,89.97749209325389,135.0,79.5
2021-09-06,82.8,92.3,76.8,12.0,11.3,4.7,6.0,14.8,31.4,121.4666666,4.0,86.00778288826781,12.46489607076345,34.554504744144815,-0.9106046300942162,0.9942757993480691,31.4,985.9599999999999,0.9995239228844999,1.6094379124341003,-2838.634662512345,4638.285689062471,3319.352364456312,89.97749209325389,135.0,76.5
2021-09-07,79.1,89.1,75.6,12.4,18.6,5.5,8.0,17.5,31.4,121.4666666,4.0,81.95174715610545,12.432629151368717,34.37885555024187,-0.9175836260593934,0.9942757993480691,31.4,985.9599999999999,0.9995239228844999,1.6094379124341003,-2838.634662512345,4638.285689062471,3319.352364456312,89.97749209325389,135.0,71.2
2021-09-08,79.3,84.4,75.6,12.1,18.6,3.2,5.4,11.1,31.4,121.4666666,4.0,81.94519682966576,12.400281991878805,34.201303974879224,-0.9242907221930934,0.9942757993480691,31.4,985.9599999999999,0.9995239228844999,1.6094379124341003,-2838.634662512345,4638.285689062471,3319.352364456312,89.97749209325389,135.0,70.0
2021-09-09,83.1,86.7,77.0,10.5,17.2,4.9,7.2,13.2,31.4,121.4666666,4.0,85.64743729321059,12.367860980969038,34.021893421027,-0.9307239310379793,0.9942757993480691,31.4,985.9599999999999,0.9995239228844999,1.6094379124341003,-2838.634662512345,4638.285689062471,3319.352364456312,89.97749209325389,135.0,77.9
2021-09-10,79.7,87.4,76.3,10.4,17.4,2.5,3.5,12.0,31.4,121.4666666,4.0,81.92743189313532,12.335372430584993,33.84066919981869,-0.9368813462954315,0.9942757993480691,31.4,985.9599999999999,0.9995239228844999,1.6094379124341003,-2838.634662512345,4638.285689062471,3319.352364456312,89.97749209325389,135.0,78.7
2021-09-11,80.3,87.4,74.7,8.6,18.6,5.5,7.6,23.5,31.4,121.4666666,4.0,82.326387775685,12.302822581671483,33.65767852282501,-0.9427611433904206,0.9942757993480691,31.4,985.9599999999999,0.9995239228844999,1.6094379124341003,-2838.634662512345,4638.285689062471,3319.352364456312,89.97749209325389,135.0,78.5
2021-09-12,78.4,85.3,74.7,6.7,13.5,8.8,11.8,25.1,31.4,121.4666666,4.0,80.16542171893407,12.270217610040927,33.47297049126052,-0.9483615800121716,0.9942757993480691,31.4,985.9599999999999,0.9995239228844999,1.6094379124341003,-2838.634662512345,4638.285689062471,3319.352364456312,89.97749209325389,135.0,77.1
2021-09-13,76.4,82.6,74.8,2.6,7.9,11.1,13.6,34.2,31.4,121.4666666,4.0,77.91248845940731,12.237563632367639,33.28659608212422,-0.9536809966304455,0.9942757993480691,31.4,985.9599999999999,0.9995239228844999,1.6094379124341003,-2838.634662512345,4638.285689062471,3319.352364456312,89.97749209325389,135.0,76.2
2021-09-14,76.2,78.3,74.7,9.3,12.2,9.3,11.3,31.5,31.4,121.4666666,4.0,77.50090362307242,12.204866712294868,33.098608131283115,-0.9587178169872964,0.9942757993480691,31.4,985.9599999999999,0.9995239228844999,1.6094379124341003,-2838.634662512345,4638.285689062471,3319.352364456312,89.97749209325389,135.0,75.1
2021-09-15,76.0,80.2,74.1,10.9,16.0,6.6,9.1,25.6,31.4,121.4666666,4.0,77.09017482206342,12.172132866641594,32.909061313514194,-0.9634705485641486,0.9942757993480691,31.4,985.9599999999999,0.9995239228844999,1.6094379124341003,-2838.634662512345,4638.285689062471,3319.352364456312,89.97749209325389,135.0,74.3
2021-09-16,76.8,83.5,69.1,9.2,16.8,6.5,11.3,24.7,31.4,121.4666666,4.0,77.69195565885751,12.139368071696486,32.71801211952803,-0.9679377830240642,0.9942757993480691,31.4,985.9599999999999,0.9995239228844999,1.6094379124341003,-2838.634662512345,4638.285689062471,3319.352364456312,89.97749209325389,135.0,70.1
2021-09-17,75.0,83.5,66.4,12.4,16.9,3.7,7.6,17.1,31.4,121.4666666,4.0,75.66611418491563,12.1065782695865,32.525518830003946,-0.9721181966290612,0.9942757993480691,31.4,985.9599999999999,0.9995239228844999,1.6094379124341003,-2838.634662512345,4638.285689062471,3319.352364456312,89.97749209325389,135.0,65.4
2021-09-18,76.7,83.3,66.4,13.8,18.0,3.1,5.8,13.6,31.4,121.4666666,4.0,77.1715092533411,12.073769374707863,32.33164148667364,-0.9760105506323682,0.9942757993480691,31.4,985.9599999999999,0.9995239228844999,1.6094379124341003,-2838.634662512345,4638.285689062471,3319.352364456312,89.97749209325389,135.0,68.8
2021-09-19,80.4,87.3,70.3,9.8,15.4,6.2,7.6,15.9,31.4,121.4666666,4.0,80.67434677738937,12.04094728020737,32.13644186049731,-0.9796136916454901,0.9942757993480691,31.4,985.9599999999999,0.9995239228844999,1.6094379124341003,-2838.634662512345,4638.285689062471,3319.352364456312,89.97749209325389,135.0,74.8
2021-09-20,78.9,91.9,70.7,7.3,12.2,4.6,8.2,22.9,31.4,121.4666666,4.0,78.95337495910034,12.008117864501951,31.939983416982866,-0.9829265519799822,0.9942757993480691,31.4,985.9599999999999,0.9995239228844999,1.6094379124341003,-2838.634662512345,4638.285689062471,3319.352364456312,89.97749209325389,135.0,73.6
2021-09-21,80.0,91.9,70.7,8.4,15.9,4.3,6.4,14.2,31.4,121.4666666,4.0,79.83524665216494,11.97528699782474,31.742331278705755,-0.9859481499638303,0.9942757993480691,31.4,985.9599999999999,0.9995239228844999,1.6094379124341003,-2838.634662512345,4638.285689062471,3319.352364456312,89.97749209325389,135.0,68.3
2021-09-22,81.2,94.1,69.1,12.2,16.4,2.2,4.7,12.0,31.4,121.4666666,4.0,80.81064971345039,11.942460548785771,31.54355218509332,-0.9886775902323404,0.9942757993480691,31.4,985.9599999999999,0.9995239228844999,1.6094379124341003,-2838.634662512345,4638.285689062471,3319.352364456312,89.97749209325389,135.0,68.2
2021-09-23,82.5,94.1,68.7,16.8,9.8,3.4,6.8,16.3,31.4,121.4666666,4.0,81.87880518768203,11.909644390935568,31.343714449543743,-0.9911140639934546,0.9942757993480691,31.4,985.9599999999999,0.9995239228844999,1.6094379124341003,-2838.634662512345,4638.285689062471,3319.352364456312,89.97749209325389,135.0,70.8
2021-09-24,77.9,92.3,69.3,17.9,13.0,4.8,9.5,18.6,31.4,121.4666666,4.0,77.10051495716857,11.876844409319933,31.14288791395647,-0.9932568492674143,0.9942757993480691,31.4,985.9599999999999,0.9995239228844999,1.6094379124341003,-2838.634662512345,4638.285689062471,3319.352364456312,89.97749209325389,135.0,70.3
2021-09-25,77.6,86.7,68.5,16.3,14.8,5.1,7.4,16.7,31.4,121.4666666,4.0,76.591630078691,11.844066507014073,30.94114390075612,-0.9951053111006974,0.9942757993480691,31.4,985.9599999999999,0.9995239228844999,1.6094379124341003,-2838.634662512345,4638.285689062471,3319.352364456312,89.97749209325389,135.0,68.0
2021-09-26,80.4,86.2,69.6,14.2,10.4,5.2,7.8,15.0,31.4,121.4666666,4.0,79.13582129788306,11.811316611624337,30.738555162498272,-0.99665890175417,0.9942757993480691,31.4,985.9599999999999,0.9995239228844999,1.6094379124341003,-2838.634662512345,4638.285689062471,3319.352364456312,89.97749209325389,135.0,70.9
2021-09-27,81.1,88.5,73.9,11.7,7.7,4.0,7.0,13.6,31.4,121.4666666,4.0,79.60370960746377,11.778600681745566,30.535195829150993,-0.9979171608653922,0.9942757993480691,31.4,985.9599999999999,0.9995239228844999,1.6094379124341003,-2838.634662512345,4638.285689062471,3319.352364456312,89.97749209325389,135.0,74.2
2021-09-28,81.6,89.2,73.9,9.1,7.3,4.0,5.8,11.1,31.4,121.4666666,4.0,79.8722880508621,11.745924713362074,30.331141353150706,-0.9988797155850335,0.9942757993480691,31.4,985.9599999999999,0.9995239228844999,1.6094379124341003,-2838.634662512345,4638.285689062471,3319.352364456312,89.97749209325389,135.0,74.6
2021-09-29,79.3,90.3,73.2,8.1,11.2,5.1,7.2,15.9,31.4,121.4666666,4.0,77.4053561143399,11.71329474618006,30.126468452336784,-0.9995462806873573,0.9942757993480691,31.4,985.9599999999999,0.9995239228844999,1.6094379124341003,-2838.634662512345,4638.285689062471,3319.352364456312,89.97749209325389,135.0,73.4
2021-09-30,74.8,90.3,65.3,9.8,15.3,3.5,5.8,15.9,31.4,121.4666666,4.0,72.80980182224623,11.680716869879074,29.921255050873285,-0.9999166586547379,0.9942757993480691,31.4,985.9599999999999,0.9995239228844999,1.6094379124341003,-2838.634662512345,4638.285689062471,3319.352364456312,89.97749209325389,135.0,67.3
2021-10-01,76.0,84.9,65.3,10.6,10.2,2.5,4.9,12.0,31.4,121.4666666,4.0,73.77191579170997,11.648197230269995,29.71558021827108,-0.9999907397361901,0.9942757993480691,31.4,985.9599999999999,0.9995239228844999,1.6094379124341003,-2838.634662512345,4638.285689062471,3319.352364456312,89.97749209325389,135.0,67.2
2021-10-02,79.8,89.2,67.5,13.2,12.5,4.8,6.0,13.8,31.4,121.4666666,4.0,77.24468453505558,11.615742035346704,29.509524106627673,-0.9997685019798909,0.9942757993480691,31.4,985.9599999999999,0.9995239228844999,1.6094379124341003,-2838.634662512345,4638.285689062471,3319.352364456312,89.97749209325389,135.0,68.4
2021-10-03,81.3,89.2,73.6,14.9,9.8,8.8,10.5,23.3,31.4,121.4666666,4.0,78.47724747725458,11.583357561218389,29.30316788620557,-0.9992500112396835,0.9942757993480691,31.4,985.9599999999999,0.9995239228844999,1.6094379124341003,-2838.634662512345,4638.285689062471,3319.352364456312,89.97749209325389,135.0,68.8
2021-10-04,82.1,90.7,75.4,17.0,10.2,8.0,10.5,23.3,31.4,121.4666666,4.0,79.02843483036186,11.551050157909165,29.09659367947404,-0.9984354211555643,0.9942757993480691,31.4,985.9599999999999,0.9995239228844999,1.6094379124341003,-2838.634662512345,4638.285689062471,3319.352364456312,89.97749209325389,135.0,71.4
2021-10-05,81.5,90.7,73.9,17.4,11.4,4.6,6.6,17.5,31.4,121.4666666,4.0,78.2320283152856,11.518826255011378,28.889884493741555,-0.9973249731081555,0.9942757993480691,31.4,985.9599999999999,0.9995239228844999,1.6094379124341003,-2838.634662512345,4638.285689062471,3319.352364456312,89.97749209325389,135.0,69.8
2021-10-06,80.6,89.2,73.0,14.7,11.7,5.5,7.4,16.1,31.4,121.4666666,4.0,77.15228373288296,11.486692367178605,28.68312415250968,-0.9959189961471792,0.9942757993480691,31.4,985.9599999999999,0.9995239228844999,1.6094379124341003,-2838.634662512345,4638.285689062471,3319.352364456312,89.97749209325389,135.0,72.7
2021-10-07,77.2,87.8,73.0,14.2,10.0,3.5,6.8,15.5,31.4,121.4666666,4.0,73.69161447309081,11.454655099444166,28.476397225681218,-0.994217906893952,0.9942757993480691,31.4,985.9599999999999,0.9995239228844999,1.6094379124341003,-2838.634662512345,4638.285689062471,3319.352364456312,89.97749209325389,135.0,75.5
2021-10-08,78.8,84.4,72.7,15.6,12.0,5.0,8.4,16.5,31.4,121.4666666,4.0,75.00920223376797,11.422721152350451,28.26978895875737,-0.9922222094179324,0.9942757993480691,31.4,985.9599999999999,0.9995239228844999,1.6094379124341003,-2838.634662512345,4638.285689062471,3319.352364456312,89.97749209325389,135.0,75.8
2021-10-09,80.7,88.0,75.0,16.2,11.9,3.8,6.4,15.9,31.4,121.4666666,4.0,76.6037845232289,11.390897326874185,28.063385201161015,-0.989932495087353,0.9942757993480691,31.4,985.9599999999999,0.9995239228844999,1.6094379124341003,-2838.634662512345,4638.285689062471,3319.352364456312,89.97749209325389,135.0,76.8
2021-10-10,78.4,88.0,69.1,15.8,9.9,5.6,8.2,28.4,31.4,121.4666666,4.0,74.21337812366436,11.359190529132299,27.85727233382369,-0.9873494423939864,0.9942757993480691,31.4,985.9599999999999,0.9995239228844999,1.6094379124341003,-2838.634662512345,4638.285689062471,3319.352364456312,89.97749209325389,135.0,75.2
2021-10-11,69.2,86.5,67.6,19.5,13.9,7.0,9.5,28.4,31.4,121.4666666,4.0,65.32253816831773,11.327607774852787,27.65153719617546,-0.9844738167520923,0.9942757993480691,31.4,985.9599999999999,0.9995239228844999,1.6094379124341003,-2838.634662512345,4638.285689062471,3319.352364456312,89.97749209325389,135.0,64.2
2021-10-12,72.9,75.7,67.6,18.9,13.6,8.2,11.1,22.7,31.4,121.4666666,4.0,68.62414887608716,11.296156193594594,27.446267012677414,-0.9813064702716093,0.9942757993480691,31.4,985.9599999999999,0.9995239228844999,1.6094379124341003,-2838.634662512345,4638.285689062471,3319.352364456312,89.97749209325389,135.0,66.8
2021-10-13,78.1,81.9,71.6,17.0,11.4,4.7,8.7,22.7,31.4,121.4666666,4.0,73.31535340449066,11.264843032700231,27.241549319035972,-0.9778483415056567,0.9942757993480691,31.4,985.9599999999999,0.9995239228844999,1.6094379124341003,-2838.634662512345,4638.285689062471,3319.352364456312,89.97749209325389,135.0,77.6
2021-10-14,80.2,86.5,76.8,16.1,8.4,3.7,6.0,16.9,31.4,121.4666666,4.0,75.07839900077951,11.233675660964515,27.037471888239512,-0.9741004551724206,0.9942757993480691,31.4,985.9599999999999,0.9995239228844999,1.6094379124341003,-2838.634662512345,4638.285689062471,3319.352364456312,89.97749209325389,135.0,77.4
2021-10-15,74.3,86.5,64.8,16.4,9.5,6.8,11.5,25.1,31.4,121.4666666,4.0,69.363146233316,11.202661572002585,26.834122656555383,-0.970063921851507,0.9942757993480691,31.4,985.9599999999999,0.9995239228844999,1.6094379124341003,-2838.634662512345,4638.285689062471,3319.352364456312,89.97749209325389,135.0,72.4
2021-10-16,61.9,84.6,57.4,27.4,15.7,9.7,12.6,29.5,31.4,121.4666666,4.0,57.62791159782253,11.171808387300006,26.63158964962606,-0.965739937654855,0.9942757993480691,31.4,985.9599999999999,0.9995239228844999,1.6094379124341003,-2838.634662512345,4638.285689062471,3319.352364456312,89.97749209325389,135.0,53.1
2021-10-17,59.2,68.4,56.1,27.8,18.6,6.3,8.5,25.6,31.4,121.4666666,4.0,54.96287770404314,11.141123858927662,26.42996090880105,-0.9611297838723007,0.9942757993480691,31.4,985.9599999999999,0.9995239228844999,1.6094379124341003,-2838.634662512345,4638.285689062471,3319.352364456312,89.97749209325389,135.0,44.3
2021-10-18,60.4,68.9,53.6,22.2,12.9,2.7,4.7,13.2,31.4,121.4666666,4.0,55.923433221916014,11.110615871903844,26.229324417839504,-0.9562348265919058,0.9942757993480691,31.4,985.9599999999999,0.9995239228844999,1.6094379124341003,-2838.634662512345,4638.285689062471,3319.352364456312,89.97749209325389,135.0,51.1
2021-10-19,62.6,68.9,53.6,23.3,12.9,5.2,7.4,18.3,31.4,121.4666666,4.0,57.802192260936465,11.080292446185904,26.0297680301168,-0.9510565162951536,0.9942757993480691,31.4,985.9599999999999,0.9995239228844999,1.6094379124341003,-2838.634662512345,4638.285689062471,3319.352364456312,89.97749209325389,135.0,50.9
2021-10-20,55.0,66.2,51.8,22.3,9.0,4.9,6.2,18.3,31.4,121.4666666,4.0,50.646574633754334,11.050161738273673,25.83137939646551,-0.9455963874271428,0.9942757993480691,31.4,985.9599999999999,0.9995239228844999,1.6094379124341003,-2838.634662512345,4638.285689062471,3319.352364456312,89.97749209325389,135.0,51.7
2021-10-21,57.9,63.3,51.8,22.8,9.2,4.9,7.6,16.7,31.4,121.4666666,4.0,53.17261960461319,11.020232042406878,25.634245893778626,-0.9398560579418953,0.9942757993480691,31.4,985.9599999999999,0.9995239228844999,1.6094379124341003,-2838.634662512345,4638.285689062471,3319.352364456312,89.97749209325389,135.0,50.2
2021-10-22,60.6,65.1,52.9,26.8,8.5,4.5,7.0,17.5,31.4,121.4666666,4.0,55.50208454626129,10.990511791338868,25.438454554499835,-0.9338372288229252,0.9942757993480691,31.4,985.9599999999999,0.9995239228844999,1.6094379124341003,-2838.634662512345,4638.285689062471,3319.352364456312,89.97749209325389,135.0,45.7
2021-10-23,63.7,68.7,52.0,26.7,15.1,3.6,6.2,13.8,31.4,121.4666666,4.0,58.184692396650966,10.961009556668941,25.2440919971217,-0.9275416835791965,0.9942757993480691,31.4,985.9599999999999,0.9995239228844999,1.6094379124341003,-2838.634662512345,4638.285689062471,3319.352364456312,89.97749209325389,135.0,49.3
2021-10-24,62.8,69.8,55.6,24.2,15.4,3.2,5.6,13.2,31.4,121.4666666,4.0,57.209408188280136,10.931734048715951,25.051244357809516,-0.9209712877166347,0.9942757993480691,31.4,985.9599999999999,0.9995239228844999,1.6094379124341003,-2838.634662512345,4638.285689062471,3319.352364456312,89.97749209325389,135.0,50.8
2021-10-25,60.7,69.8,51.4,22.1,12.5,2.5,5.8,12.8,31.4,121.4666666,4.0,55.14946106967501,10.902694115915983,24.859997223263548,-0.9141279881853337,0.9942757993480691,31.4,985.9599999999999,0.9995239228844999,1.6094379124341003,-2838.634662512345,4638.285689062471,3319.352364456312,89.97749209325389,135.0,52.7
2021-10-26,63.2,70.3,50.9,20.7,10.5,2.7,5.2,10.5,31.4,121.4666666,4.0,57.26920005029772,10.873898743727414,24.67043556492861,-0.9070138128026362,0.9942757993480691,31.4,985.9599999999999,0.9995239228844999,1.6094379124341003,-2838.634662512345,4638.285689062471,3319.352364456312,89.97749209325389,135.0,54.5
2021-10-27,64.5,71.1,56.5,22.7,10.2,3.4,6.0,14.2,31.4,121.4666666,4.0,58.29379416002055,10.84535705302708,24.482643674654806,-0.8996308696522434,0.9942757993480691,31.4,985.9599999999999,0.9995239228844999,1.6094379124341003,-2838.634662512345,4638.285689062471,3319.352364456312,89.97749209325389,135.0,53.6
2021-10-28,64.5,71.1,59.2,23.5,18.0,4.2,6.0,13.6,31.4,121.4666666,4.0,58.14179585165237,10.817078297981837,24.29670510190805,-0.8919813464595487,0.9942757993480691,31.4,985.9599999999999,0.9995239228844999,1.6094379124341003,-2838.634662512345,4638.285689062471,3319.352364456312,89.97749209325389,135.0,50.6
2021-10-29,65.5,71.4,59.2,22.0,15.3,2.7,4.7,11.8,31.4,121.4666666,4.0,58.89035058761942,10.789071863380657,24.1127025926239,-0.8840675099433637,0.9942757993480691,31.4,985.9599999999999,0.9995239228844999,1.6094379124341003,-2838.634662512345,4638.285689062471,3319.352364456312,89.97749209325389,135.0,54.1
2021-10-30,63.7,72.3,55.0,23.1,12.0,3.0,5.8,13.2,31.4,121.4666666,4.0,57.1248183793341,10.761347261413018,23.930718029792317,-0.8758917051442433,0.9942757993480691,31.4,985.9599999999999,0.9995239228844999,1.6094379124341003,-2838.634662512345,4638.285689062471,3319.352364456312,89.97749209325389,135.0,55.3
2021-10-31,63.5,72.9,54.7,24.1,11.4,3.0,5.6,11.7,31.4,121.4666666,4.0,56.8002955933676,10.73391412788049,23.75083237585496,-0.8674563547295971,0.9942757993480691,31.4,985.9599999999999,0.9995239228844999,1.6094379124341003,-2838.634662512345,4638.285689062471,3319.352364456312,89.97749209325389,135.0,58.3
2021-11-01,65.6,72.9,55.4,24.7,4.0,3.4,5.1,12.0,31.4,121.4666666,4.0,58.530409457467556,10.706782217829431,23.573125616991,-0.858763958275803,0.9942757993480691,31.4,985.9599999999999,0.9995239228844999,1.6094379124341003,-2838.634662512345,4638.285689062471,3319.352364456312,89.97749209325389,135.0,58.4
2021-11-02,61.5,72.9,52.9,23.2,11.0,3.4,5.8,13.0,31.4,121.4666666,4.0,54.734802178043665,10.679961400593886,23.397676709360066,-0.8498170915275277,0.9942757993480691,31.4,985.9599999999999,0.9995239228844999,1.6094379124341003,-2838.634662512345,4638.285689062471,3319.352364456312,89.97749209325389,135.0,52.3
2021-11-03,61.7,70.7,52.9,20.1,9.0,2.4,5.4,10.7,31.4,121.4666666,4.0,54.776548672213416,10.653461654239237,23.22456352736537,-0.8406184056344783,0.9942757993480691,31.4,985.9599999999999,0.9995239228844999,1.6094379124341003,-2838.634662512345,4638.285689062471,3319.352364456312,89.97749209325389,135.0,52.9
2021-11-04,66.7,72.3,53.8,17.5,8.3,5.5,7.2,17.9,31.4,121.4666666,4.0,59.07003725515734,10.627293059398621,23.053862813992502,-0.8311706263658079,0.9942757993480691,31.4,985.9599999999999,0.9995239228844999,1.6094379124341003,-2838.634662512345,4638.285689062471,3319.352364456312,89.97749209325389,135.0,59.1
2021-11-05,64.6,72.3,63.1,12.2,4.3,5.8,8.2,22.3,31.4,121.4666666,4.0,57.071224182935374,10.601465792495736,22.885650133272428,-0.8214765533024145,0.9942757993480691,31.4,985.9599999999999,0.9995239228844999,1.6094379124341003,-2838.634662512345,4638.285689062471,3319.352364456312,89.97749209325389,135.0,64.4
2021-11-06,65.9,68.7,63.3,15.4,10.3,5.1,8.2,19.2,31.4,121.4666666,4.0,58.07981239993631,10.575990118349555,22.71999982491082,-0.8115390590073611,0.9942757993480691,31.4,985.9599999999999,0.9995239228844999,1.6094379124341003,-2838.634662512345,4638.285689062471,3319.352364456312,89.97749209325389,135.0,64.1
2021-11-07,54.9,73.2,41.2,18.9,11.1,9.5,13.2,31.5,31.4,121.4666666,4.0,48.270259448374226,10.5508763821583,22.556984961117358,-0.801361088174677,0.9942757993480691,31.4,985.9599999999999,0.9995239228844999,1.6094379124341003,-2838.634662512345,4638.285689062471,3319.352364456312,89.97749209325389,135.0,51.0
2021-11-08,43.2,47.3,39.6,24.9,14.5,7.1,11.8,31.5,31.4,121.4666666,4.0,37.894086003103986,10.526135000862217,22.396677305662323,-0.7909456567567774,0.9942757993480691,31.4,985.9599999999999,0.9995239228844999,1.6094379124341003,-2838.634662512345,4638.285689062471,3319.352364456312,89.97749209325389,135.0,26.3
2021-11-09,48.7,55.9,39.4,20.1,12.2,5.7,9.3,21.4,31.4,121.4666666,4.0,42.61970944202405,10.50177645388683,22.239147275179725,-0.780295851070776,0.9942757993480691,31.4,985.9599999999999,0.9995239228844999,1.6094379124341003,-2838.634662512345,4638.285689062471,3319.352364456312,89.97749209325389,135.0,29.8
2021-11-10,50.8,61.0,39.2,18.3,10.4,5.5,10.3,24.1,31.4,121.4666666,4.0,44.35606772351303,10.477811273270794,22.08446390272873,-0.7694148268839381,0.9942757993480691,31.4,985.9599999999999,0.9995239228844999,1.6094379124341003,-2838.634662512345,4638.285689062471,3319.352364456312,89.97749209325389,135.0,33.4
2021-11-11,54.3,63.1,41.7,20.8,11.0,5.1,12.0,20.2,31.4,121.4666666,4.0,47.30548140016172,10.45425003318491,21.932694803617704,-0.7583058084785625,0.9942757993480691,31.4,985.9599999999999,0.9995239228844999,1.6094379124341003,-2838.634662512345,4638.285689062471,3319.352364456312,89.97749209325389,135.0,34.6
2021-11-12,51.2,63.1,43.0,22.6,7.5,1.7,5.2,14.4,31.4,121.4666666,4.0,44.506040912433065,10.4311033388515,21.783906143487396,-0.7469720876965551,0.9942757993480691,31.4,985.9599999999999,0.9995239228844999,1.6094379124341003,-2838.634662512345,4638.285689062471,3319.352364456312,89.97749209325389,135.0,36.7
2021-11-13,54.1,66.7,42.6,20.5,5.5,2.5,7.6,14.0,31.4,121.4666666,4.0,46.92445468206642,10.4083818148761,21.638162608642467,-0.7354170229639858,0.9942757993480691,31.4,985.9599999999999,0.9995239228844999,1.6094379124341003,-2838.634662512345,4638.285689062471,3319.352364456312,89.97749209325389,135.0,42.4
2021-11-14,53.8,69.1,42.6,21.2,5.9,2.5,6.6,16.7,31.4,121.4666666,4.0,46.5643308169779,10.386096093006223,21.495527378612493,-0.7236440382959124,0.9942757993480691,31.4,985.9599999999999,0.9995239228844999,1.6094379124341003,-2838.634662512345,4638.285689062471,3319.352364456312,89.97749209325389,135.0,40.9
2021-11-15,56.4,70.3,41.9,21.2,4.7,1.8,6.4,10.9,31.4,121.4666666,4.0,48.712006956874106,10.364256799334918,21.356062100916663,-0.711656622281775,0.9942757993480691,31.4,985.9599999999999,0.9995239228844999,1.6094379124341003,-2838.634662512345,4638.285689062471,3319.352364456312,89.97749209325389,135.0,42.9
2021-11-16,56.1,70.3,47.1,23.5,5.0,2.1,5.6,10.3,31.4,121.4666666,4.0,48.352938479033845,10.342874540969806,21.219826867998755,-0.6994583270516471,0.9942757993480691,31.4,985.9599999999999,0.9995239228844999,1.6094379124341003,-2838.634662512345,4638.285689062471,3319.352364456312,89.97749209325389,135.0,50.2
2021-11-17,59.0,65.8,47.5,21.9,7.4,2.3,5.2,13.4,31.4,121.4666666,4.0,50.74963613660783,10.321959892191424,21.086880196291595,-0.6870527672236675,0.9942757993480691,31.4,985.9599999999999,0.9995239228844999,1.6094379124341003,-2838.634662512345,4638.285689062471,3319.352364456312,89.97749209325389,135.0,54.3
2021-11-18,59.0,68.7,52.0,18.0,7.1,2.1,4.5,10.1,31.4,121.4666666,4.0,50.64915661896133,10.301523380127728,20.95727900736338,-0.6744436188329457,0.9942757993480691,31.4,985.9599999999999,0.9995239228844999,1.6094379124341003,-2838.634662512345,4638.285689062471,3319.352364456312,89.97749209325389,135.0,52.3
2021-11-19,60.1,68.7,50.0,17.7,10.8,3.4,6.6,13.0,31.4,121.4666666,4.0,51.49355714545717,10.28157546997481,20.83107861109118,-0.661634618242279,0.9942757993480691,31.4,985.9599999999999,0.9995239228844999,1.6094379124341003,-2838.634662512345,4638.285689062471,3319.352364456312,89.97749209325389,135.0,53.1
2021-11-20,62.1,69.6,48.7,18.0,11.5,3.6,8.4,15.7,31.4,121.4666666,4.0,53.1065048951994,10.262126549796985,20.70833269080043,-0.6486295610349818,0.9942757993480691,31.4,985.9599999999999,0.9995239228844999,1.6094379124341003,-2838.634662512345,4638.285689062471,3319.352364456312,89.97749209325389,135.0,53.5
2021-11-21,59.6,69.6,51.3,18.2,5.8,7.3,12.8,30.3,31.4,121.4666666,4.0,50.87449501088159,10.243186914942601,20.58909329030279,-0.6354323008901775,0.9942757993480691,31.4,985.9599999999999,0.9995239228844999,1.6094379124341003,-2838.634662512345,4638.285689062471,3319.352364456312,89.97749209325389,135.0,55.0
2021-11-22,44.6,66.9,38.3,26.1,13.4,7.6,10.7,30.3,31.4,121.4666666,4.0,38.002049762026886,10.224766752114856,20.47341080275852,-0.622046748440868,0.9942757993480691,31.4,985.9599999999999,0.9995239228844999,1.6094379124341003,-2838.634662512345,4638.285689062471,3319.352364456312,89.97749209325389,135.0,22.6
2021-11-23,40.2,50.5,32.0,25.7,11.1,3.7,7.6,16.5,31.4,121.4666666,4.0,34.19303501251937,10.206876123140109,20.361333961284103,-0.6084768701151264,0.9942757993480691,31.4,985.9599999999999,0.9995239228844999,1.6094379124341003,-2838.634662512345,4638.285689062471,3319.352364456312,89.97749209325389,135.0,23.1
2021-11-24,47.4,59.5,31.5,21.5,8.6,3.7,6.8,12.8,31.4,121.4666666,4.0,40.248623546491785,10.189524948478933,20.252909831220226,-0.594726686960764,0.9942757993480691,31.4,985.9599999999999,0.9995239228844999,1.6094379124341003,-2838.634662512345,4638.285689062471,3319.352364456312,89.97749209325389,135.0,32.0
2021-11-25,50.8,65.5,38.8,21.9,6.0,2.1,5.6,13.2,31.4,121.4666666,4.0,43.064527326568815,10.172722990528067,20.148183803970202,-0.5808002734538013,0.9942757993480691,31.4,985.9599999999999,0.9995239228844999,1.6094379124341003,-2838.634662512345,4638.285689062471,3319.352364456312,89.97749209325389,135.0,39.1
2021-11-26,56.2,65.5,39.9,28.0,7.8,3.5,5.6,11.1,31.4,121.4666666,4.0,47.56618056884479,10.156479836764012,20.04719959231472,-0.5667017562911184,0.9942757993480691,31.4,985.9599999999999,0.9995239228844999,1.6094379124341003,-2838.634662512345,4638.285689062471,3319.352364456312,89.97749209325389,135.0,44.0
2021-11-27,56.9,64.8,46.8,31.7,16.2,4.2,7.2,15.7,31.4,121.4666666,4.0,48.08431648585583,10.140804882781545,19.949999227104307,-0.5524353131676203,0.9942757993480691,31.4,985.9599999999999,0.9995239228844999,1.6094379124341003,-2838.634662512345,4638.285689062471,3319.352364456312,89.97749209325389,135.0,45.0
2021-11-28,60.4,66.0,52.5,27.1,14.5,4.2,8.2,17.7,31.4,121.4666666,4.0,50.96606015358936,10.125707315282655,19.85662305522752,-0.5380051715382992,0.9942757993480691,31.4,985.9599999999999,0.9995239228844999,1.6094379124341003,-2838.634662512345,4638.285689062471,3319.352364456312,89.97749209325389,135.0,52.0
2021-11-29,61.3,67.6,53.2,21.6,7.8,3.6,6.6,27.8,31.4,121.4666666,4.0,51.651360052333985,10.111196095073538,19.767109738749948,-0.5234156073655503,0.9942757993480691,31.4,985.9599999999999,0.9995239228844999,1.6094379124341003,-2838.634662512345,4638.285689062471,3319.352364456312,89.97749209325389,135.0,57.4
2021-11-30,47.4,67.6,39.6,25.2,10.8,10.7,19.4,37.9,31.4,121.4666666,4.0,39.884255763509465,10.09727994012898,19.681496255116148,-0.5086709438521042,0.9942757993480691,31.4,985.9599999999999,0.9995239228844999,1.6094379124341003,-2838.634662512345,4638.285689062471,3319.352364456312,89.97749209325389,135.0,30.5
2021-12-01,43.6,52.5,36.7,28.5,15.6,5.3,9.3,25.4,31.4,121.4666666,4.0,36.63841455525252,10.083967308785097,19.599817898305258,-0.49377555015997737,0.9942757993480691,31.4,985.9599999999999,0.9995239228844999,1.6094379124341003,-2838.634662512345,4638.285689062471,3319.352364456312,89.97749209325389,135.0,27.1
2021-12-02,42.1,52.5,35.2,23.3,10.6,3.9,8.2,14.6,31.4,121.4666666,4.0,35.33335956078814,10.07126638312251,19.52210828082909,-0.4787338401157883,0.9942757993480691,31.4,985.9599999999999,0.9995239228844999,1.6094379124341003,-2838.634662512345,4638.285689062471,3319.352364456312,89.97749209325389,135.0,26.2
2021-12-03,46.8,59.2,33.4,25.4,8.2,2.9,7.0,15.5,31.4,121.4666666,4.0,39.230821705151676,10.059185052602993,19.448399336461197,-0.4635502709028512,0.9942757993480691,31.4,985.9599999999999,0.9995239228844999,1.6094379124341003,-2838.634662512345,4638.285689062471,3319.352364456312,89.97749209325389,135.0,30.8
2021-12-04,46.4,59.2,35.1,28.4,8.4,1.7,4.7,-109.51593361602102,31.4,121.4666666,4.0,38.85122613902302,10.047730898023195,19.378721323584937,-0.4482293417404106,0.9942757993480691,31.4,985.9599999999999,0.9995239228844999,1.6094379124341003,-2838.634662512345,4638.285689062471,3319.352364456312,89.97749209325389,135.0,34.8
2021-12-05,49.8,61.9,36.7,26.1,8.9,2.2,7.6,15.5,31.4,121.4666666,4.0,41.653181379773784,10.036911175849106,19.31310282904931,-0.4327755925504317,0.9942757993480691,31.4,985.9599999999999,0.9995239228844999,1.6094379124341003,-2838.634662512345,4638.285689062471,3319.352364456312,89.97749209325389,135.0,43.0
2021-12-06,50.7,63.7,40.3,26.6,8.4,1.9,5.6,11.1,31.4,121.4666666,4.0,42.362946092653615,10.026732802994939,19.251570772422326,-0.41719360261231697,0.9942757993480691,31.4,985.9599999999999,0.9995239228844999,1.6094379124341003,-2838.634662512345,4638.285689062471,3319.352364456312,89.97749209325389,135.0,44.7
2021-12-07,54.1,63.7,40.8,29.9,5.6,4.6,6.6,13.4,31.4,121.4666666,4.0,45.160887225676255,10.017202342109336,19.19415041053322,-0.4014879892059737,0.9942757993480691,31.4,985.9599999999999,0.9995239228844999,1.6094379124341003,-2838.634662512345,4638.285689062471,3319.352364456312,89.97749209325389,135.0,46.9
2021-12-08,53.9,59.9,48.7,29.1,9.7,3.3,6.4,13.2,31.4,121.4666666,4.0,44.95406422687718,10.008325987430913,19.14086534219785,-0.38566340624360745,0.9942757993480691,31.4,985.9599999999999,0.9995239228844999,1.6094379124341003,-2838.634662512345,4638.285689062471,3319.352364456312,89.97749209325389,135.0,45.5
2021-12-09,52.6,63.7,43.9,26.0,4.7,2.1,3.7,12.0,31.4,121.4666666,4.0,43.83381353308358,10.00010955127382,19.09173751302386,-0.3697245428906732,0.9942757993480691,31.4,985.9599999999999,0.9995239228844999,1.6094379124341003,-2838.634662512345,4638.285689062471,3319.352364456312,89.97749209325389,135.0,47.9
2021-12-10,50.9,63.7,42.4,26.9,2.0,2.4,6.6,11.1,31.4,121.4666666,4.0,42.38510209718222,9.992558451202095,19.04678722019658,-0.3536761221763721,0.9942757993480691,31.4,985.9599999999999,0.9995239228844999,1.6094379124341003,-2838.634662512345,4638.285689062471,3319.352364456312,89.97749209325389,135.0,46.6
2021-12-11,55.4,60.8,42.4,26.7,4.7,5.2,7.4,18.6,31.4,121.4666666,4.0,46.10054537220027,9.985677697949518,19.00603311715024,-0.33752289959411347,0.9942757993480691,31.4,985.9599999999999,0.9995239228844999,1.6094379124341003,-2838.634662512345,4638.285689062471,3319.352364456312,89.97749209325389,135.0,48.5
2021-12-12,48.6,60.8,44.1,30.7,10.6,6.9,8.7,19.4,31.4,121.4666666,4.0,40.41686113076307,9.979471884139029,18.969492218034574,-0.32126966169236515,0.9942757993480691,31.4,985.9599999999999,0.9995239228844999,1.6094379124341003,-2838.634662512345,4638.285689062471,3319.352364456312,89.97749209325389,135.0,40.5
2021-12-13,42.6,51.3,33.8,27.8,10.1,2.1,7.0,16.3,31.4,121.4666666,4.0,35.40750536717754,9.973945173852828,18.93717990189175,-0.3049212246562894,0.9942757993480691,31.4,985.9599999999999,0.9995239228844999,1.6094379124341003,-2838.634662512345,4638.285689062471,3319.352364456312,89.97749209325389,135.0,29.9
2021-12-14,44.5,55.2,33.8,21.8,4.4,1.8,5.1,15.0,31.4,121.4666666,4.0,36.96875062858266,9.969101293100943,18.90910991646498,-0.2884824328806098,0.9942757993480691,31.4,985.9599999999999,0.9995239228844999,1.6094379124341003,-2838.634662512345,4638.285689062471,3319.352364456312,89.97749209325389,135.0,40.4
2021-12-15,54.3,57.7,38.1,19.2,4.5,3.9,6.6,12.4,31.4,121.4666666,4.0,45.091369433576546,9.964943521232385,18.885294381566293,-0.27195815753410524,0.9942757993480691,31.4,985.9599999999999,0.9995239228844999,1.6094379124341003,-2838.634662512345,4638.285689062471,3319.352364456312,89.97749209325389,135.0,50.8
2021-12-16,52.1,57.7,44.4,22.2,4.9,4.8,9.1,23.3,31.4,121.4666666,4.0,43.249402583453254,9.961474683328964,18.865743791938065,-0.2553532951161881,0.9942757993480691,31.4,985.9599999999999,0.9995239228844999,1.6094379124341003,-2838.634662512345,4638.285689062471,3319.352364456312,89.97749209325389,135.0,48.8
2021-12-17,41.2,54.0,32.9,31.9,14.3,7.5,11.8,27.4,31.4,121.4666666,4.0,34.19152685975367,9.958697143617574,18.850467019550315,-0.23867276600594997,0.9942757993480691,31.4,985.9599999999999,0.9995239228844999,1.6094379124341003,-2838.634662512345,4638.285689062471,3319.352364456312,89.97749209325389,135.0,23.6
2021-12-18,38.2,49.6,30.2,30.0,12.3,4.0,6.2,23.5,31.4,121.4666666,4.0,31.69521741311728,9.95661279993213,18.83947131528334,-0.22192151300416674,0.9942757993480691,31.4,985.9599999999999,0.9995239228844999,1.6094379124341003,-2838.634662512345,4638.285689062471,3319.352364456312,89.97749209325389,135.0,18.4
2021-12-19,41.7,54.0,28.8,25.3,8.1,2.0,6.0,11.3,31.4,121.4666666,4.0,34.594400200399086,9.955223079251535,18.832762309953544,-0.20510449986861926,0.9942757993480691,31.4,985.9599999999999,0.9995239228844999,1.6094379124341003,-2838.634662512345,4638.285689062471,3319.352364456312,89.97749209325389,135.0,26.6
2021-12-20,48.2,61.3,32.9,19.6,6.1,2.5,7.0,12.0,31.4,121.4666666,4.0,39.98402455291244,9.954528934335046,18.830344014648634,-0.1882267098432439,0.9942757993480691,31.4,985.9599999999999,0.9995239228844999,1.6094379124341003,-2838.634662512345,4638.285689062471,3319.352364456312,89.97749209325389,135.0,33.6
2021-12-21,48.1,64.0,37.0,19.6,4.3,1.8,5.1,-16.651189061913634,31.4,121.4666666,4.0,39.90107778956363,9.954530841471176,18.832218820346846,-0.1712931441814778,0.9942757993480691,31.4,985.9599999999999,0.9995239228844999,1.6094379124341003,-2838.634662512345,4638.285689062471,3319.352364456312,89.97749209325389,135.0,37.1
2021-12-22,46.9,64.0,36.9,22.5,2.9,1.8,5.1,8.733741311524593,31.4,121.4666666,4.0,38.90835255746339,9.955228799350975,18.838387496803957,-0.154308820664281,0.9942757993480691,31.4,985.9599999999999,0.9995239228844999,1.6094379124341003,-2838.634662512345,4638.285689062471,3319.352364456312,89.97749209325389,135.0,54.67559949516196
2021-12-23,53.5,60.3,37.0,19.9,13.3,3.4,7.0,14.0,31.4,121.4666666,4.0,44.3899412171088,9.956622329071132,18.84884919070042,-0.13727877211326517,0.9942757993480691,31.4,985.9599999999999,0.9995239228844999,1.6094379124341003,-2838.634662512345,4638.285689062471,3319.352364456312,89.97749209325389,135.0,47.3
2021-12-24,47.0,60.3,39.0,26.3,10.7,8.4,10.9,26.6,31.4,121.4666666,4.0,39.0049493614619,9.958710475266868,18.863601423050195,-0.12020804489935275,0.9942757993480691,31.4,985.9599999999999,0.9995239228844999,1.6094379124341003,-2838.634662512345,4638.285689062471,3319.352364456312,89.97749209325389,135.0,42.7
2021-12-25,34.8,56.1,28.6,37.8,16.9,8.4,9.7,26.4,31.4,121.4666666,4.0,28.888326244270594,9.961491808369171,18.882640085881743,-0.10310169744743544,0.9942757993480691,31.4,985.9599999999999,0.9995239228844999,1.6094379124341003,-2838.634662512345,4638.285689062471,3319.352364456312,89.97749209325389,135.0,23.4
2021-12-26,30.3,39.9,27.1,39.1,16.7,7.3,10.3,24.1,31.4,121.4666666,4.0,25.161535180638126,9.964964427975495,18.905959438210548,-0.0859647987374467,0.9942757993480691,31.4,985.9599999999999,0.9995239228844999,1.6094379124341003,-2838.634662512345,4638.285689062471,3319.352364456312,89.97749209325389,135.0,9.3
2021-12-27,31.3,39.6,23.7,35.0,10.0,3.0,6.4,13.4,31.4,121.4666666,4.0,26.0028035647538,9.969125967317751,18.93355210133159,-0.06880242680232064,0.9942757993480691,31.4,985.9599999999999,0.9995239228844999,1.6094379124341003,-2838.634662512345,4638.285689062471,3319.352364456312,89.97749209325389,135.0,13.2
2021-12-28,37.9,43.0,23.7,27.8,7.7,2.5,5.2,9.7,31.4,121.4666666,4.0,31.50113328289622,9.973973598806191,18.96540905346857,-0.05161966722325418,0.9942757993480691,31.4,985.9599999999999,0.9995239228844999,1.6094379124341003,-2838.634662512345,4638.285689062471,3319.352364456312,89.97749209325389,135.0,24.8
2021-12-29,43.5,51.4,31.3,27.7,6.8,5.9,10.7,19.8,31.4,121.4666666,4.0,36.17570214725765,9.979504040622801,19.00151962382531,-0.034421611622745804,0.9942757993480691,31.4,985.9599999999999,0.9995239228844999,1.6094379124341003,-2838.634662512345,4638.285689062471,3319.352364456312,89.97749209325389,135.0,23.8
2021-12-30,38.3,51.4,28.2,31.6,4.1,2.4,5.2,13.6,31.4,121.4666666,4.0,31.871069126162723,9.985713564332968,19.041871486093022,-0.01721335615583528,0.9942757993480691,31.4,985.9599999999999,0.9995239228844999,1.6094379124341003,-2838.634662512345,4638.285689062471,3319.352364456312,89.97749209325389,135.0,23.5
2021-12-31,42.7,50.0,27.1,32.3,13.2,3.0,5.8,13.4,31.4,121.4666666,4.0,35.55699456238158,9.992598003479602,19.08645065147476,6.432490598706546e-16,0.9942757993480691,31.4,985.9599999999999,0.9995239228844999,1.6094379124341003,-2838.634662512345,4638.285689062471,3319.352364456312,89.97749209325389,135.0,28.1
2022-01-01,46.8,53.6,31.3,27.6,11.1,3.5,5.4,11.1,31.4,121.4666666,4.0,39.00059577616649,10.000152763119614,19.13524146129605,0.017213356155834685,0.9942757993480691,31.4,985.9599999999999,0.9995239228844999,1.6094379124341003,-2838.634662512345,4638.285689062471,3319.352364456312,89.97749209325389,135.0,36.6
2022-01-02,42.8,53.4,32.9,27.9,4.1,2.6,5.1,13.8,31.4,121.4666666,4.0,35.69652976125572,10.008372830258613,19.188226579277735,0.03442161162274574,0.9942757993480691,31.4,985.9599999999999,0.9995239228844999,1.6094379124341003,-2838.634662512345,4638.285689062471,3319.352364456312,89.97749209325389,135.0,35.3
2022-01-03,43.9,57.9,32.2,25.3,3.7,1.5,3.5,-22.685126787001565,31.4,121.4666666,4.0,36.64644977228922,10.017252785136007,19.24538698355352,0.051619667223253764,0.9942757993480691,31.4,985.9599999999999,0.9995239228844999,1.6094379124341003,-2838.634662512345,4638.285689062471,3319.352364456312,89.97749209325389,135.0,38.2
2022-01-04,50.7,57.9,34.7,24.3,6.8,6.4,7.8,18.5,31.4,121.4666666,4.0,42.36317428623219,10.026786813309393,19.306701958521014,0.06880242680231986,0.9942757993480691,31.4,985.9599999999999,0.9995239228844999,1.6094379124341003,-2838.634662512345,4638.285689062471,3319.352364456312,89.97749209325389,135.0,44.9
2022-01-05,46.2,53.6,43.9,24.0,10.5,6.8,9.7,21.4,31.4,121.4666666,4.0,38.642329566163845,10.036968718484115,19.372149086620652,0.08596479873744647,0.9942757993480691,31.4,985.9599999999999,0.9995239228844999,1.6094379124341003,-2838.634662512345,4638.285689062471,3319.352364456312,89.97749209325389,135.0,44.1
2022-01-06,45.3,50.7,42.3,30.9,13.6,5.3,6.6,17.9,31.4,121.4666666,4.0,37.93041455851832,10.047791936031345,19.44170424014148,0.10310169744743485,0.9942757993480691,31.4,985.9599999999999,0.9995239228844999,1.6094379124341003,-2838.634662512345,4638.285689062471,3319.352364456312,89.97749209325389,135.0,33.8
2022-01-07,44.9,51.3,37.4,29.2,14.7,3.9,5.8,15.5,31.4,121.4666666,4.0,37.638358722199776,10.0592495471358,19.515341573157976,0.1202080448993527,0.9942757993480691,31.4,985.9599999999999,0.9995239228844999,1.6094379124341003,-2838.634662512345,4638.285689062471,3319.352364456312,89.97749209325389,135.0,35.2
2022-01-08,44.0,51.3,37.4,25.8,9.0,3.1,3.7,10.1,31.4,121.4666666,4.0,36.928225742879114,10.071334293512486,19.593033513705,0.13727877211326478,0.9942757993480691,31.4,985.9599999999999,0.9995239228844999,1.6094379124341003,-2838.634662512345,4638.285689062471,3319.352364456312,89.97749209325389,135.0,34.2
2022-01-09,44.0,46.6,41.7,23.5,3.9,2.4,5.4,49.80451276911613,31.4,121.4666666,4.0,36.97480817297835,10.084038592630458,19.674750756302018,0.15430882066428117,0.9942757993480691,31.4,985.9599999999999,0.9995239228844999,1.6094379124341003,-2838.634662512345,4638.285689062471,3319.352364456312,89.97749209325389,135.0,34.7
2022-01-10,43.6,46.8,38.1,23.0,2.4,5.3,10.7,22.1,31.4,121.4666666,4.0,36.687054877282726,10.097354553380566,19.76046225493954,0.1712931441814776,0.9942757993480691,31.4,985.9599999999999,0.9995239228844999,1.6094379124341003,-2838.634662512345,4638.285689062471,3319.352364456312,89.97749209325389,135.0,36.2
2022-01-11,36.7,46.8,27.1,27.8,9.4,4.6,7.8,22.3,31.4,121.4666666,4.0,30.923646292578244,10.111273992123676,19.850135216643256,0.1882267098432442,0.9942757993480691,31.4,985.9599999999999,0.9995239228844999,1.6094379124341003,-2838.634662512345,4638.285689062471,3319.352364456312,89.97749209325389,135.0,23.5
2022-01-12,37.5,46.9,26.4,24.4,6.0,2.8,4.5,77.6349383639339,31.4,121.4666666,4.0,31.643088903298654,10.12578844905557,19.94373509573209,0.2051044998686192,0.9942757993480691,31.4,985.9599999999999,0.9995239228844999,1.6094379124341003,-2838.634662512345,4638.285689062471,3319.352364456312,89.97749209325389,135.0,25.4
2022-01-13,37.3,46.9,30.2,28.8,11.0,5.8,10.1,23.1,31.4,121.4666666,4.0,31.52126394499767,10.140889204824989,20.041225588887517,0.2219215130041655,0.9942757993480691,31.4,985.9599999999999,0.9995239228844999,1.6094379124341003,-2838.634662512345,4638.285689062471,3319.352364456312,89.97749209325389,135.0,24.2
2022-01-14,41.4,46.0,31.6,24.7,9.5,4.0,5.6,11.5,31.4,121.4666666,4.0,35.04015717582911,10.156567297341772,20.14256863115088,0.2386727660059501,0.9942757993480691,31.4,985.9599999999999,0.9995239228844999,1.6094379124341003,-2838.634662512345,4638.285689062471,3319.352364456312,89.97749209325389,135.0,29.6
2022-01-15,42.8,51.4,34.7,24.7,3.4,2.5,5.8,13.6,31.4,121.4666666,4.0,36.28303495474298,10.172813538712985,20.247724392965353,0.255353295116187,0.9942757993480691,31.4,985.9599999999999,0.9995239228844999,1.6094379124341003,-2838.634662512345,4638.285689062471,3319.352364456312,89.97749209325389,135.0,35.6
2022-01-16,45.2,51.4,36.5,28.3,8.1,4.0,6.6,15.3,31.4,121.4666666,4.0,38.380896471460545,10.189618532246163,20.356651278377573,0.2719581575341055,0.9942757993480691,31.4,985.9599999999999,0.9995239228844999,1.6094379124341003,-2838.634662512345,4638.285689062471,3319.352364456312,89.97749209325389,135.0,37.4
2022-01-17,45.9,50.9,41.9,28.9,13.6,4.3,5.2,12.2,31.4,121.4666666,4.0,39.04167053718539,10.206972689460233,20.46930592451206,0.288482432880609,0.9942757993480691,31.4,985.9599999999999,0.9995239228844999,1.6094379124341003,-2838.634662512345,4638.285689062471,3319.352364456312,89.97749209325389,135.0,38.5
2022-01-18,42.7,50.9,35.6,25.8,7.3,3.5,5.6,12.2,31.4,121.4666666,4.0,36.38348239574073,10.224866247046574,20.5856432024294,0.30492122465628907,0.9942757993480691,31.4,985.9599999999999,0.9995239228844999,1.6094379124341003,-2838.634662512345,4638.285689062471,3319.352364456312,89.97749209325389,135.0,36.8
2022-01-19,46.8,55.8,34.7,25.2,7.1,4.2,6.4,13.6,31.4,121.4666666,4.0,39.94882820652636,10.243289283724708,20.70561621947558,0.3212696616923644,0.9942757993480691,31.4,985.9599999999999,0.9995239228844999,1.6094379124341003,-2838.634662512345,4638.285689062471,3319.352364456312,89.97749209325389,135.0,41.3
2022-01-20,41.7,55.8,38.5,29.1,14.9,5.1,6.6,13.6,31.4,121.4666666,4.0,35.66125528586419,10.262231736939336,20.829176323226974,0.3375228995941133,0.9942757993480691,31.4,985.9599999999999,0.9995239228844999,1.6094379124341003,-2838.634662512345,4638.285689062471,3319.352364456312,89.97749209325389,135.0,31.0
2022-01-21,45.4,48.6,39.7,25.8,17.6,5.3,7.8,14.8,31.4,121.4666666,4.0,38.89903560319992,10.281683419347996,20.956273107130723,0.3536761221763716,0.9942757993480691,31.4,985.9599999999999,0.9995239228844999,1.6094379124341003,-2838.634662512345,4638.285689062471,3319.352364456312,89.97749209325389,135.0,37.1
2022-01-22,49.7,51.1,42.1,18.5,4.6,3.0,4.3,54.26410433380224,31.4,121.4666666,4.0,42.665934295170494,10.301634035051226,21.086854417936063,0.3697245428906731,0.9942757993480691,31.4,985.9599999999999,0.9995239228844999,1.6094379124341003,-2838.634662512345,4638.285689062471,3319.352364456312,89.97749209325389,135.0,49.3
2022-01-23,48.4,51.4,44.8,18.4,5.6,6.6,8.5,17.7,31.4,121.4666666,4.0,41.63236188859714,10.322073195519952,21.22086636500717,0.38566340624360707,0.9942757993480691,31.4,985.9599999999999,0.9995239228844999,1.6094379124341003,-2838.634662512345,4638.285689062471,3319.352364456312,89.97749209325389,135.0,48.2
2022-01-24,42.8,51.4,40.6,22.9,3.6,4.9,6.2,17.5,31.4,121.4666666,4.0,36.88999921880047,10.342990435177702,21.358253331602253,0.401487989205973,0.9942757993480691,31.4,985.9599999999999,0.9995239228844999,1.6094379124341003,-2838.634662512345,4638.285689062471,3319.352364456312,89.97749209325389,135.0,38.4
2022-01-25,43.0,46.9,40.6,24.1,3.8,3.0,4.3,13.0,31.4,121.4666666,4.0,37.13901122864387,10.36437522659829,21.498957988198185,0.4171936026123168,0.9942757993480691,31.4,985.9599999999999,0.9995239228844999,1.6094379124341003,-2838.634662512345,4638.285689062471,3319.352364456312,89.97749209325389,135.0,38.4
2022-01-26,44.2,46.9,40.6,23.9,3.9,6.1,7.6,17.3,31.4,121.4666666,4.0,38.25589926595798,10.386216995282709,21.642921307933534,0.4327755925504312,0.9942757993480691,31.4,985.9599999999999,0.9995239228844999,1.6094379124341003,-2838.634662512345,4638.285689062471,3319.352364456312,89.97749209325389,135.0,43.0
2022-01-27,42.8,46.9,40.6,26.7,8.1,5.8,7.4,16.9,31.4,121.4666666,4.0,37.12366831120265,10.408505133982052,21.790082584236295,0.4482293417404106,0.9942757993480691,31.4,985.9599999999999,0.9995239228844999,1.6094379124341003,-2838.634662512345,4638.285689062471,3319.352364456312,89.97749209325389,135.0,39.5
2022-01-28,39.5,45.5,36.7,26.3,13.1,5.4,6.8,16.9,31.4,121.4666666,4.0,34.33612884609914,10.431229016536449,21.940379450695968,0.4635502709028509,0.9942757993480691,31.4,985.9599999999999,0.9995239228844999,1.6094379124341003,-2838.634662512345,4638.285689062471,3319.352364456312,89.97749209325389,135.0,34.6
2022-01-29,39.0,43.0,36.0,23.3,13.7,5.3,7.4,16.7,31.4,121.4666666,4.0,33.97672853641022,10.454378011203145,22.0937479032324,0.47873384011578846,0.9942757993480691,31.4,985.9599999999999,0.9995239228844999,1.6094379124341003,-2838.634662512345,4638.285689062471,3319.352364456312,89.97749209325389,135.0,33.5
2022-01-30,36.1,44.1,27.1,26.3,12.1,3.6,8.2,17.7,31.4,121.4666666,4.0,31.521140659462027,10.47794149344998,22.250122324606387,0.49377555015997715,0.9942757993480691,31.4,985.9599999999999,0.9995239228844999,1.6094379124341003,-2838.634662512345,4638.285689062471,3319.352364456312,89.97749209325389,135.0,29.5
2022-01-31,41.7,49.1,27.0,27.4,5.4,2.5,3.7,10.5,31.4,121.4666666,4.0,36.49413328222243,10.501908858193504,22.409435511309844,0.5086709438521044,0.9942757993480691,31.4,985.9599999999999,0.9995239228844999,1.6094379124341003,-2838.634662512345,4638.285689062471,3319.352364456312,89.97749209325389,135.0,29.5
2022-02-01,41.5,49.1,32.2,29.9,11.2,5.1,6.4,16.3,31.4,121.4666666,4.0,36.40334879631342,10.526269531464123,22.571618702865365,0.5234156073655503,0.9942757993480691,31.4,985.9599999999999,0.9995239228844999,1.6094379124341003,-2838.634662512345,4638.285689062471,3319.352364456312,89.97749209325389,135.0,28.9
2022-02-02,39.3,47.1,37.0,28.8,10.3,4.3,6.2,14.4,31.4,121.4666666,4.0,34.554567514358325,10.55101298148346,22.7366016135574,0.5380051715382996,0.9942757993480691,31.4,985.9599999999999,0.9995239228844999,1.6094379124341003,-2838.634662512345,4638.285689062471,3319.352364456312,89.97749209325389,135.0,34.2
2022-02-03,40.0,45.0,36.1,27.2,13.7,3.5,5.6,13.0,31.4,121.4666666,4.0,35.25376243047341,10.576128729142022,22.90431246660923,0.5524353131676196,0.9942757993480691,31.4,985.9599999999999,0.9995239228844999,1.6094379124341003,-2838.634662512345,4638.285689062471,3319.352364456312,89.97749209325389,135.0,35.5
2022-02-04,40.1,48.2,30.9,28.9,10.5,3.1,6.0,14.2,31.4,121.4666666,4.0,35.42703457920889,10.601606357867999,23.07467803081211,0.5667017562911176,0.9942757993480691,31.4,985.9599999999999,0.9995239228844999,1.6094379124341003,-2838.634662512345,4638.285689062471,3319.352364456312,89.97749209325389,135.0,28.1
2022-02-05,38.5,48.2,30.9,32.6,15.6,5.9,8.5,18.6,31.4,121.4666666,4.0,34.09635563590865,10.627435522880619,23.247623659604837,0.5808002734538009,0.9942757993480691,31.4,985.9599999999999,0.9995239228844999,1.6094379124341003,-2838.634662512345,4638.285689062471,3319.352364456312,89.97749209325389,135.0,22.4
2022-02-06,40.0,43.7,34.5,30.0,15.8,3.7,4.9,15.3,31.4,121.4666666,4.0,35.51201986607992,10.653605959823976,23.423073332594146,0.5947266869607634,0.9942757993480691,31.4,985.9599999999999,0.9995239228844999,1.6094379124341003,-2838.634662512345,4638.285689062471,3319.352364456312,89.97749209325389,135.0,27.1
2022-02-07,40.0,43.3,37.0,25.2,13.5,5.3,7.2,16.5,31.4,121.4666666,4.0,35.6003583092655,10.68010749277965,23.60094969949809,0.6084768701151261,0.9942757993480691,31.4,985.9599999999999,0.9995239228844999,1.6094379124341003,-2838.634662512345,4638.285689062471,3319.352364456312,89.97749209325389,135.0,39.3
2022-02-08,41.4,45.5,37.9,28.1,18.4,4.3,7.8,16.7,31.4,121.4666666,4.0,36.93890864372215,10.706930041658595,23.78117412648706,0.6220467484408675,0.9942757993480691,31.4,985.9599999999999,0.9995239228844999,1.6094379124341003,-2838.634662512345,4638.285689062471,3319.352364456312,89.97749209325389,135.0,35.8
2022-02-09,41.0,45.5,37.9,24.8,11.5,2.5,5.1,10.3,31.4,121.4666666,4.0,36.67471739899777,10.734063628974958,23.963666744888716,0.6354323008901774,0.9942757993480691,31.4,985.9599999999999,0.9995239228844999,1.6094379124341003,-2838.634662512345,4638.285689062471,3319.352364456312,89.97749209325389,135.0,38.2
2022-02-10,43.1,48.7,39.2,24.8,11.5,4.3,8.0,12.6,31.4,121.4666666,4.0,38.65171503640602,10.761498386006314,24.148346502215887,0.6486295610349814,0.9942757993480691,31.4,985.9599999999999,0.9995239228844999,1.6094379124341003,-2838.634662512345,4638.285689062471,3319.352364456312,89.97749209325389,135.0,34.3
2022-02-11,44.4,48.7,39.2,23.8,6.9,5.3,7.4,17.3,31.4,121.4666666,4.0,39.92013086588286,10.78922455834672,24.335131215468436,0.6616346182422783,0.9942757993480691,31.4,985.9599999999999,0.9995239228844999,1.6094379124341003,-2838.634662512345,4638.285689062471,3319.352364456312,89.97749209325389,135.0,40.7
2022-02-12,46.3,48.0,42.8,21.8,6.0,3.1,4.5,11.8,31.4,121.4666666,4.0,41.736488771070235,10.817232510860537,24.523937626652852,0.6744436188329455,0.9942757993480691,31.4,985.9599999999999,0.9995239228844999,1.6094379124341003,-2838.634662512345,4638.285689062471,3319.352364456312,89.97749209325389,135.0,41.9
2022-02-13,43.0,48.0,34.9,21.8,9.3,3.3,4.9,14.0,31.4,121.4666666,4.0,38.86308728983345,10.845512732046545,24.71468146045597,0.6870527672236669,0.9942757993480691,31.4,985.9599999999999,0.9995239228844999,1.6094379124341003,-2838.634662512345,4638.285689062471,3319.352364456312,89.97749209325389,135.0,38.4
2022-02-14,46.6,54.1,33.3,24.2,6.4,4.4,7.8,13.4,31.4,121.4666666,4.0,42.22758350354685,10.874055837823224,24.907277484001956,0.699458327051647,0.9942757993480691,31.4,985.9599999999999,0.9995239228844999,1.6094379124341003,-2838.634662512345,4638.285689062471,3319.352364456312,89.97749209325389,135.0,35.8
2022-02-15,40.9,54.1,38.3,25.3,11.2,4.4,7.6,12.8,31.4,121.4666666,4.0,37.160555858930266,10.902852574747268,25.10163956861502,0.7116566222817746,0.9942757993480691,31.4,985.9599999999999,0.9995239228844999,1.6094379124341003,-2838.634662512345,4638.285689062471,3319.352364456312,89.97749209325389,135.0,33.3
2022-02-16,40.8,45.5,36.5,26.4,11.2,6.6,7.4,21.0,31.4,121.4666666,4.0,37.16843899710699,10.931893822678527,25.29768075350346,0.7236440382959124,0.9942757993480691,31.4,985.9599999999999,0.9995239228844999,1.6094379124341003,-2838.634662512345,4638.285689062471,3319.352364456312,89.97749209325389,135.0,31.0
2022-02-17,39.1,45.5,36.3,27.8,16.6,7.1,10.1,21.0,31.4,121.4666666,4.0,35.71514752825041,10.961170596905498,25.495313311274202,0.7354170229639855,0.9942757993480691,31.4,985.9599999999999,0.9995239228844999,1.6094379124341003,-2838.634662512345,4638.285689062471,3319.352364456312,89.97749209325389,135.0,29.6
2022-02-18,40.7,44.8,37.0,25.8,14.9,5.9,8.2,18.8,31.4,121.4666666,4.0,37.27670281872304,10.99067404974635,25.694448815180913,0.7469720876965552,0.9942757993480691,31.4,985.9599999999999,0.9995239228844999,1.6094379124341003,-2838.634662512345,4638.285689062471,3319.352364456312,89.97749209325389,135.0,36.9
2022-02-19,37.9,44.8,34.5,29.7,12.6,8.1,9.9,23.7,31.4,121.4666666,4.0,34.80608236459984,11.02039547164111,25.894998208002857,0.7583058084785624,0.9942757993480691,31.4,985.9599999999999,0.9995239228844999,1.6094379124341003,-2838.634662512345,4638.285689062471,3319.352364456312,89.97749209325389,135.0,25.9
2022-02-20,34.8,43.7,28.2,32.7,15.8,3.6,6.0,23.1,31.4,121.4666666,4.0,32.04594624607887,11.050326291751334,26.096871872445863,0.7694148268839378,0.9942757993480691,31.4,985.9599999999999,0.9995239228844999,1.6094379124341003,-2838.634662512345,4638.285689062471,3319.352364456312,89.97749209325389,135.0,19.3
2022-02-21,39.0,46.8,26.4,32.0,11.6,3.1,6.0,12.0,31.4,121.4666666,4.0,36.01148875377281,11.080458078083941,26.299979702951852,0.7802958510707755,0.9942757993480691,31.4,985.9599999999999,0.9995239228844999,1.6094379124341003,-2838.634662512345,4638.285689062471,3319.352364456312,89.97749209325389,135.0,21.5
2022-02-22,42.2,48.0,30.2,33.4,10.2,3.5,6.4,12.6,31.4,121.4666666,4.0,39.072918589000054,11.110782537156412,26.504231178797994,0.7909456567567772,0.9942757993480691,31.4,985.9599999999999,0.9995239228844999,1.6094379124341003,-2838.634662512345,4638.285689062471,3319.352364456312,89.97749209325389,135.0,25.7
2022-02-23,37.3,48.0,27.0,34.5,12.9,4.5,7.4,17.7,31.4,121.4666666,4.0,34.63084778692769,11.141291513220706,26.709535438362245,0.8013610881746766,0.9942757993480691,31.4,985.9599999999999,0.9995239228844999,1.6094379124341003,-2838.634662512345,4638.285689062471,3319.352364456312,89.97749209325389,135.0,25.5
2022-02-24,38.1,47.7,26.6,32.4,13.4,2.4,5.2,12.0,31.4,121.4666666,4.0,35.47102693392685,11.171976987063575,26.915801354427476,0.8115390590073611,0.9942757993480691,31.4,985.9599999999999,0.9995239228844999,1.6094379124341003,-2838.634662512345,4638.285689062471,3319.352364456312,89.97749209325389,135.0,26.6
2022-02-25,45.5,56.1,27.7,26.8,10.1,4.5,7.4,15.7,31.4,121.4666666,4.0,42.47740115710359,11.202831074400947,27.122937610392665,0.8214765533024142,0.9942757993480691,31.4,985.9599999999999,0.9995239228844999,1.6094379124341003,-2838.634662512345,4638.285689062471,3319.352364456312,89.97749209325389,135.0,32.3
2022-02-26,51.5,63.0,35.8,22.9,7.6,4.6,8.7,18.3,31.4,121.4666666,4.0,48.21192251916977,11.233846023884217,27.330852777255874,0.8311706263658079,0.9942757993480691,31.4,985.9599999999999,0.9995239228844999,1.6094379124341003,-2838.634662512345,4638.285689062471,3319.352364456312,89.97749209325389,135.0,35.5
2022-02-27,50.7,63.0,38.5,22.5,11.3,5.3,8.0,16.5,31.4,121.4666666,4.0,47.59468505726026,11.265014214736155,27.539455391230735,0.8406184056344782,0.9942757993480691,31.4,985.9599999999999,0.9995239228844999,1.6094379124341003,-2838.634662512345,4638.285689062471,3319.352364456312,89.97749209325389,135.0,38.5
2022-02-28,62.0,71.4,45.5,15.8,5.3,4.5,7.4,21.0,31.4,121.4666666,4.0,58.364362129176506,11.296328154034162,27.748654031855143,0.8498170915275278,0.9942757993480691,31.4,985.9599999999999,0.9995239228844999,1.6094379124341003,-2838.634662512345,4638.285689062471,3319.352364456312,89.97749209325389,135.0,49.6
2022-03-01,50.2,71.4,41.9,21.2,4.2,5.0,7.2,21.0,31.4,121.4666666,4.0,47.387881648137395,11.32778047365834,27.95835740044851,0.8587639582758029,0.9942757993480691,31.4,985.9599999999999,0.9995239228844999,1.6094379124341003,-2838.634662512345,4638.285689062471,3319.352364456312,89.97749209325389,135.0,44.2
2022-03-02,50.8,65.8,38.3,21.1,6.3,3.3,4.9,14.2,31.4,121.4666666,4.0,48.08797395730232,11.359363926921807,28.168474398772098,0.8674563547295969,0.9942757993480691,31.4,985.9599999999999,0.9995239228844999,1.6094379124341003,-2838.634662512345,4638.285689062471,3319.352364456312,89.97749209325389,135.0,33.6
2022-03-03,58.0,68.4,41.5,16.7,7.3,4.2,6.2,15.2,31.4,121.4666666,4.0,55.056845027018355,11.39107138490035,28.37891420774491,0.8758917051442429,0.9942757993480691,31.4,985.9599999999999,0.9995239228844999,1.6094379124341003,-2838.634662512345,4638.285689062471,3319.352364456312,89.97749209325389,135.0,43.7
2022-03-04,58.3,68.4,50.9,14.4,3.9,4.6,6.4,15.2,31.4,121.4666666,4.0,55.496235586123696,11.422895832478291,28.589586366066776,0.8840675099433636,0.9942757993480691,31.4,985.9599999999999,0.9995239228844999,1.6094379124341003,-2838.634662512345,4638.285689062471,3319.352364456312,89.97749209325389,135.0,54.5
2022-03-05,49.5,67.5,44.2,22.2,15.6,5.6,8.5,19.0,31.4,121.4666666,4.0,47.25117525202467,11.454830364127194,28.800400848599267,0.8919813464595485,0.9942757993480691,31.4,985.9599999999999,0.9995239228844999,1.6094379124341003,-2838.634662512345,4638.285689062471,3319.352364456312,89.97749209325389,135.0,30.4
2022-03-06,47.0,58.1,44.2,23.6,18.5,4.6,6.0,14.8,31.4,121.4666666,4.0,44.99023370278185,11.486868179433664,29.011268144354695,0.8996308696522433,0.9942757993480691,31.4,985.9599999999999,0.9995239228844999,1.6094379124341003,-2838.634662512345,4638.285689062471,3319.352364456312,89.97749209325389,135.0,31.3
2022-03-07,48.9,58.8,40.8,21.3,9.5,2.8,6.2,14.8,31.4,121.4666666,4.0,46.939935506948395,11.519002578392245,29.22209933394347,0.9070138128026359,0.9942757993480691,31.4,985.9599999999999,0.9995239228844999,1.6094379124341003,-2838.634662512345,4638.285689062471,3319.352364456312,89.97749209325389,135.0,35.6
2022-03-08,55.9,68.2,40.8,18.9,10.1,3.6,5.8,13.4,31.4,121.4666666,4.0,53.80946557226459,11.551226956478983,29.432806166330515,0.9141279881853337,0.9942757993480691,31.4,985.9599999999999,0.9995239228844999,1.6094379124341003,-2838.634662512345,4638.285689062471,3319.352364456312,89.97749209325389,135.0,38.1
2022-03-09,58.1,68.2,42.3,19.3,11.4,6.6,10.1,19.6,31.4,121.4666666,4.0,56.08361432101431,11.583534799521027,29.643301134752257,0.9209712877166346,0.9942757993480691,31.4,985.9599999999999,0.9995239228844999,1.6094379124341003,-2838.634662512345,4638.285689062471,3319.352364456312,89.97749209325389,135.0,43.7
2022-03-10,61.0,70.3,52.7,14.7,9.2,4.4,8.5,17.5,31.4,121.4666666,4.0,59.04759169841706,11.615919678377127,29.85349755164685,0.9275416835791966,0.9942757993480691,31.4,985.9599999999999,0.9995239228844999,1.6094379124341003,-2838.634662512345,4638.285689062471,3319.352364456312,89.97749209325389,135.0,51.4
2022-03-11,63.7,76.5,52.7,14.9,6.6,3.5,6.4,12.2,31.4,121.4666666,4.0,61.83345858394703,11.64837524344371,30.063309622452174,0.9338372288229252,0.9942757993480691,31.4,985.9599999999999,0.9995239228844999,1.6094379124341003,-2838.634662512345,4638.285689062471,3319.352364456312,89.97749209325389,135.0,55.2
2022-03-12,69.6,80.1,53.2,11.1,11.5,7.3,9.3,17.3,31.4,121.4666666,4.0,67.74919227020423,11.680895219000732,30.272652518127902,0.9398560579418954,0.9942757993480691,31.4,985.9599999999999,0.9995239228844999,1.6094379124341003,-2838.634662512345,4638.285689062471,3319.352364456312,89.97749209325389,135.0,58.2
2022-03-13,66.2,81.7,55.9,11.2,6.5,4.2,7.4,17.3,31.4,121.4666666,4.0,64.61932824238573,11.713473397411311,30.48144244626051,0.9455963874271426,0.9942757993480691,31.4,985.9599999999999,0.9995239228844999,1.6094379124341003,-2838.634662512345,4638.285689062471,3319.352364456312,89.97749209325389,135.0,59.8
2022-03-14,60.6,84.7,49.5,14.5,7.7,5.1,7.0,24.1,31.4,121.4666666,4.0,59.31782334760302,11.746103633188715,30.689596720612915,0.9510565162951535,0.9942757993480691,31.4,985.9599999999999,0.9995239228844999,1.6094379124341003,-2838.634662512345,4638.285689062471,3319.352364456312,89.97749209325389,135.0,52.5
2022-03-15,59.9,84.7,48.2,12.6,10.0,3.2,6.2,12.4,31.4,121.4666666,4.0,58.79574268607919,11.778779836944079,30.897033828983673,0.9562348265919056,0.9942757993480691,31.4,985.9599999999999,0.9995239228844999,1.6094379124341003,-2838.634662512345,4638.285689062471,3319.352364456312,89.97749209325389,135.0,46.8
2022-03-16,66.9,81.0,51.8,10.6,7.3,5.1,8.0,15.5,31.4,121.4666666,4.0,65.84909002844545,11.811495969227881,31.103673499244085,0.9611297838723007,0.9942757993480691,31.4,985.9599999999999,0.9995239228844999,1.6094379124341003,-2838.634662512345,4638.285689062471,3319.352364456312,89.97749209325389,135.0,59.4
2022-03-17,53.5,81.0,45.9,9.3,9.0,8.5,14.6,25.4,31.4,121.4666666,4.0,52.805596902822714,11.844246034277992,31.309436763425598,0.9657399376548549,0.9942757993480691,31.4,985.9599999999999,0.9995239228844999,1.6094379124341003,-2838.634662512345,4638.285689062471,3319.352364456312,89.97749209325389,135.0,53.4
2022-03-18,48.9,61.9,44.6,12.6,5.3,4.5,9.5,25.4,31.4,121.4666666,4.0,48.39887310027397,11.877024073686863,31.51424601973429,0.9700639218515071,0.9942757993480691,31.4,985.9599999999999,0.9995239228844999,1.6094379124341003,-2838.634662512345,4638.285689062471,3319.352364456312,89.97749209325389,135.0,46.1
2022-03-19,47.6,53.6,44.6,17.2,9.7,5.3,9.3,22.9,31.4,121.4666666,4.0,47.24230250133414,11.909824160000202,31.718025092373587,0.9741004551724205,0.9942757993480691,31.4,985.9599999999999,0.9995239228844999,1.6094379124341003,-2838.634662512345,4638.285689062471,3319.352364456312,89.97749209325389,135.0,41.4
2022-03-20,45.4,53.6,44.1,20.5,10.6,6.5,9.3,15.5,31.4,121.4666666,4.0,45.18298947648113,11.94264039025933,31.92069928906145,0.9778483415056568,0.9942757993480691,31.4,985.9599999999999,0.9995239228844999,1.6094379124341003,-2838.634662512345,4638.285689062471,3319.352364456312,89.97749209325389,135.0,43.6
2022-03-21,45.5,47.3,44.1,20.5,11.3,8.6,11.5,23.3,31.4,121.4666666,4.0,45.40697858476804,11.975466879499264,32.12219545613371,0.9813064702716093,0.9942757993480691,31.4,985.9599999999999,0.9995239228844999,1.6094379124341003,-2838.634662512345,4638.285689062471,3319.352364456312,89.97749209325389,135.0,45.2
2022-03-22,48.4,51.6,44.6,22.9,17.1,5.2,8.5,22.3,31.4,121.4666666,4.0,48.43346760866481,12.008297754214416,32.32244203113032,0.9844738167520922,0.9942757993480691,31.4,985.9599999999999,0.9995239228844999,1.6094379124341003,-2838.634662512345,4638.285689062471,3319.352364456312,89.97749209325389,135.0,38.7
2022-03-23,48.5,57.7,38.8,19.7,15.6,3.4,5.4,13.4,31.4,121.4666666,4.0,48.666222214290165,12.041127145803753,32.52136909276768,0.9873494423939864,0.9942757993480691,31.4,985.9599999999999,0.9995239228844999,1.6094379124341003,-2838.634662512345,4638.285689062471,3319.352364456312,89.97749209325389,135.0,34.4
2022-03-24,59.8,65.8,38.8,14.7,13.7,8.0,10.9,23.9,31.4,121.4666666,4.0,60.1685134336357,12.073949184007166,32.718908408205834,0.989932495087353,0.9942757993480691,31.4,985.9599999999999,0.9995239228844999,1.6094379124341003,-2838.634662512345,4638.285689062471,3319.352364456312,89.97749209325389,135.0,47.8
2022-03-25,62.5,67.1,52.2,6.0,6.8,9.2,12.8,27.4,31.4,121.4666666,4.0,63.05603119971265,12.106757990344828,32.914993477526025,0.9922222094179323,0.9942757993480691,31.4,985.9599999999999,0.9995239228844999,1.6094379124341003,-2838.634662512345,4638.285689062471,3319.352364456312,89.97749209325389,135.0,61.6
2022-03-26,56.1,67.1,50.0,16.2,13.9,5.5,9.9,23.1,31.4,121.4666666,4.0,56.7523853645956,12.13954767157125,33.10955957534033,0.994217906893952,0.9942757993480691,31.4,985.9599999999999,0.9995239228844999,1.6094379124341003,-2838.634662512345,4638.285689062471,3319.352364456312,89.97749209325389,135.0,42.5
2022-03-27,55.3,65.8,49.5,21.8,12.2,6.2,8.5,15.3,31.4,121.4666666,4.0,56.094072576460015,12.17231231315588,33.302543789462305,0.995918996147179,0.9942757993480691,31.4,985.9599999999999,0.9995239228844999,1.6094379124341003,-2838.634662512345,4638.285689062471,3319.352364456312,89.97749209325389,135.0,40.3
2022-03-28,49.5,65.8,39.6,24.9,17.7,4.3,7.2,14.2,31.4,121.4666666,4.0,50.34581463780846,12.20504597280205,33.49388505657412,0.9973249731081555,0.9942757993480691,31.4,985.9599999999999,0.9995239228844999,1.6094379124341003,-2838.634662512345,4638.285689062471,3319.352364456312,89.97749209325389,135.0,37.3
2022-03-29,59.4,68.5,39.7,19.4,14.6,5.4,7.8,16.3,31.4,121.4666666,4.0,60.57682623638074,12.237742674016312,33.68352419483306,0.9984354211555643,0.9942757993480691,31.4,985.9599999999999,0.9995239228844999,1.6094379124341003,-2838.634662512345,4638.285689062471,3319.352364456312,89.97749209325389,135.0,47.9
2022-03-30,62.4,76.5,52.7,19.9,10.9,5.3,10.7,21.4,31.4,121.4666666,4.0,63.80606127864897,12.270396399740187,33.8714039333673,0.9992500112396835,0.9942757993480691,31.4,985.9599999999999,0.9995239228844999,1.6094379124341003,-2838.634662512345,4638.285689062471,3319.352364456312,89.97749209325389,135.0,53.8
2022-03-31,51.2,76.5,47.1,28.8,13.9,7.1,8.5,20.0,31.4,121.4666666,4.0,52.4928046338419,12.303001086056696,34.0574689386189,0.9997685019798909,0.9942757993480691,31.4,985.9599999999999,0.9995239228844999,1.6094379124341003,-2838.634662512345,4638.285689062471,3319.352364456312,89.97749209325389,135.0,42.8
2022-04-01,50.1,56.1,45.1,30.9,15.5,5.5,8.2,20.0,31.4,121.4666666,4.0,51.50092382173331,12.335550615984024,34.241665837498395,0.9999907397361901,0.9942757993480691,31.4,985.9599999999999,0.9995239228844999,1.6094379124341003,-2838.634662512345,4638.285689062471,3319.352364456312,89.97749209325389,135.0,36.6
2022-04-02,48.7,59.2,38.5,29.1,16.8,3.0,4.7,11.8,31.4,121.4666666,4.0,50.19362418425628,12.368038813369102,34.42394323732408,0.9999166586547379,0.9942757993480691,31.4,985.9599999999999,0.9995239228844999,1.6094379124341003,-2838.634662512345,4638.285689062471,3319.352364456312,89.97749209325389,135.0,35.5
2022-04-03,50.9,60.4,37.8,28.8,14.7,3.7,6.6,14.2,31.4,121.4666666,4.0,52.598615444825185,12.400459436893955,34.604251742525896,0.9995462806873573,0.9942757993480691,31.4,985.9599999999999,0.9995239228844999,1.6094379124341003,-2838.634662512345,4638.285689062471,3319.352364456312,89.97749209325389,135.0,39.4
2022-04-04,56.3,64.0,40.1,26.0,16.4,5.0,8.0,15.5,31.4,121.4666666,4.0,58.33058230065949,12.432806174208062,34.782543968102075,0.9988797155850336,0.9942757993480691,31.4,985.9599999999999,0.9995239228844999,1.6094379124341003,-2838.634662512345,4638.285689062471,3319.352364456312,89.97749209325389,135.0,41.9
2022-04-05,54.0,64.0,44.4,20.7,13.3,2.6,5.2,11.3,31.4,121.4666666,4.0,56.092826862900765,12.465072636200171,34.958774549823914,0.9979171608653922,0.9942757993480691,31.4,985.9599999999999,0.9995239228844999,1.6094379124341003,-2838.634662512345,4638.285689062471,3319.352364456312,89.97749209325389,135.0,45.5
2022-04-06,60.9,75.0,44.4,19.7,9.7,2.7,6.0,13.0,31.4,121.4666666,4.0,63.42355568347363,12.497252351423375,35.13290015119217,0.9966589017541702,0.9942757993480691,31.4,985.9599999999999,0.9995239228844999,1.6094379124341003,-2838.634662512345,4638.285689062471,3319.352364456312,89.97749209325389,135.0,48.6
2022-04-07,67.3,79.5,50.4,18.5,11.0,3.2,5.1,10.9,31.4,121.4666666,4.0,70.2687082161894,12.52933876068756,35.30487946715581,0.9951053111006976,0.9942757993480691,31.4,985.9599999999999,0.9995239228844999,1.6094379124341003,-2838.634662512345,4638.285689062471,3319.352364456312,89.97749209325389,135.0,51.6
2022-04-08,70.6,82.4,53.1,16.0,16.9,6.0,9.3,17.1,31.4,121.4666666,4.0,73.90246332962127,12.561325211833644,35.4746732246119,0.9932568492674143,0.9942757993480691,31.4,985.9599999999999,0.9995239228844999,1.6094379124341003,-2838.634662512345,4638.285689062471,3319.352364456312,89.97749209325389,135.0,43.8
2022-04-09,71.9,85.1,57.0,12.5,16.8,6.2,7.8,15.5,31.4,121.4666666,4.0,75.45428635360368,12.593204954704369,35.64224417971223,0.9911140639934547,0.9942757993480691,31.4,985.9599999999999,0.9995239228844999,1.6094379124341003,-2838.634662512345,4638.285689062471,3319.352364456312,89.97749209325389,135.0,46.9
2022-04-10,71.6,85.1,60.6,10.8,13.4,5.0,7.6,16.7,31.4,121.4666666,4.0,75.32899444675006,12.624971136326828,35.80755711201057,0.9886775902323405,0.9942757993480691,31.4,985.9599999999999,0.9995239228844999,1.6094379124341003,-2838.634662512345,4638.285689062471,3319.352364456312,89.97749209325389,135.0,59.1
2022-04-11,74.7,89.6,60.1,9.0,13.5,3.4,6.0,12.6,31.4,121.4666666,4.0,78.78743955710515,12.65661679632211,35.97057881549082,0.9859481499638304,0.9942757993480691,31.4,985.9599999999999,0.9995239228844999,1.6094379124341003,-2838.634662512345,4638.285689062471,3319.352364456312,89.97749209325389,135.0,58.9
2022-04-12,73.2,90.7,56.3,8.1,14.3,5.1,7.8,17.1,31.4,121.4666666,4.0,77.39762266160325,12.68813486255791,36.13127808652416,0.9829265519799822,0.9942757993480691,31.4,985.9599999999999,0.9995239228844999,1.6094379124341003,-2838.634662512345,4638.285689062471,3319.352364456312,89.97749209325389,135.0,62.3
2022-04-13,57.2,59.0,55.2,9.3,4.9,7.6,9.5,23.3,31.4,121.4666666,4.0,60.629703167653744,12.719518147060224,36.289625708809766,0.9796136916454901,0.9942757993480691,31.4,985.9599999999999,0.9995239228844999,1.6094379124341003,-2838.634662512345,4638.285689062471,3319.352364456312,89.97749209325389,135.0,57.1
2022-04-14,56.1,59.4,52.7,16.7,8.3,6.0,8.0,23.3,31.4,121.4666666,4.0,59.60979992478776,12.75075934220059,36.4455944353607,0.9760105506323683,0.9942757993480691,31.4,985.9599999999999,0.9995239228844999,1.6094379124341003,-2838.634662512345,4638.285689062471,3319.352364456312,89.97749209325389,135.0,55.9
2022-04-15,56.9,63.3,52.7,21.2,14.0,6.3,7.8,19.6,31.4,121.4666666,4.0,60.6072769064408,12.781851017175564,36.59915896760298,0.9721181966290613,0.9942757993480691,31.4,985.9599999999999,0.9995239228844999,1.6094379124341003,-2838.634662512345,4638.285689062471,3319.352364456312,89.97749209325389,135.0,43.2
2022-04-16,54.8,63.3,43.5,20.9,16.8,3.4,5.6,19.0,31.4,121.4666666,4.0,58.51172097423285,12.812785614795516,36.75029593166227,0.9679377830240642,0.9942757993480691,31.4,985.9599999999999,0.9995239228844999,1.6094379124341003,-2838.634662512345,4638.285689062471,3319.352364456312,89.97749209325389,135.0,37.4
2022-04-17,59.6,65.3,43.2,19.7,17.9,4.9,7.8,176.34393962157068,31.4,121.4666666,4.0,63.78965872804638,12.843555448599943,36.898983851918516,0.9634705485641488,0.9942757993480691,31.4,985.9599999999999,0.9995239228844999,1.6094379124341003,-2838.634662512345,4638.285689062471,3319.352364456312,89.97749209325389,135.0,36.3
2022-04-18,57.8,67.6,48.7,18.8,18.3,2.2,7.8,-26.02223688504325,31.4,121.4666666,4.0,62.01050217319251,12.874152700316785,37.045203121914895,0.9587178169872964,0.9942757993480691,31.4,985.9599999999999,0.9995239228844999,1.6094379124341003,-2838.634662512345,4638.285689062471,3319.352364456312,89.97749209325389,135.0,42.1
2022-04-19,62.2,72.0,48.6,18.0,10.2,3.6,5.8,94.0434038344812,31.4,121.4666666,4.0,66.88868481499192,12.904569417683327,37.188935972712585,0.9536809966304457,0.9942757993480691,31.4,985.9599999999999,0.9995239228844999,1.6094379124341003,-2838.634662512345,4638.285689062471,3319.352364456312,89.97749209325389,135.0,47.3
2022-04-20,67.8,77.0,50.2,13.5,9.0,5.3,7.8,67.68173457765124,31.4,121.4666666,4.0,73.08160594645243,12.93479751264645,37.33016643878857,0.9483615800121715,0.9942757993480691,31.4,985.9599999999999,0.9995239228844999,1.6094379124341003,-2838.634662512345,4638.285689062471,3319.352364456312,89.97749209325389,135.0,51.8
2022-04-21,69.3,79.2,59.4,10.6,11.0,5.1,7.8,-6.7818725560245205,31.4,121.4666666,4.0,74.8718860887689,12.964828759959984,37.46888032157798,0.9427611433904207,0.9942757993480691,31.4,985.9599999999999,0.9995239228844999,1.6094379124341003,-2838.634662512345,4638.285689062471,3319.352364456312,89.97749209325389,135.0,56.2
2022-04-22,75.5,86.2,60.3,10.0,12.5,4.6,7.8,60.5219600264396,31.4,121.4666666,4.0,81.75803642607235,12.99465479619693,37.6050651507675,0.9368813462954315,0.9942757993480691,31.4,985.9599999999999,0.9995239228844999,1.6094379124341003,-2838.634662512345,4638.285689062471,3319.352364456312,89.97749209325389,135.0,61.4
2022-04-23,65.2,86.2,63.5,10.3,14.1,2.2,3.9,-74.14547870812493,31.4,121.4666666,4.0,70.76518468095536,13.024267119194239,37.73871014345034,0.9307239310379795,0.9942757993480691,31.4,985.9599999999999,0.9995239228844999,1.6094379124341003,-2838.634662512345,4638.285689062471,3319.352364456312,89.97749209325389,135.0,64.4
2022-04-24,66.9,73.2,62.2,9.6,13.7,4.9,7.8,73.5591996450482,31.4,121.4666666,4.0,72.77413826530837,13.053657087947688,37.86980616125699,0.9242907221930933,0.9942757993480691,31.4,985.9599999999999,0.9995239228844999,1.6094379124341003,-2838.634662512345,4638.285689062471,3319.352364456312,89.97749209325389,135.0,63.9
2022-04-25,73.1,81.7,62.2,2.7,10.4,5.3,9.7,25.753270809484377,31.4,121.4666666,4.0,79.69615366411735,13.08281592297412,37.99834566557981,0.9175836260593937,0.9942757993480691,31.4,985.9599999999999,0.9995239228844999,1.6094379124341003,-2838.634662512345,4638.285689062471,3319.352364456312,89.97749209325389,135.0,70.7
2022-04-26,65.1,81.7,60.6,8.9,12.0,4.9,7.8,-18.882482008134218,31.4,121.4666666,4.0,71.13116078633216,13.111734707158002,38.12432267101215,0.9106046300942162,0.9942757993480691,31.4,985.9599999999999,0.9995239228844999,1.6094379124341003,-2838.634662512345,4638.285689062471,3319.352364456312,89.97749209325389,135.0,63.6
2022-04-27,63.5,71.6,59.4,16.1,14.4,7.0,9.7,49.40733025730705,31.4,121.4666666,4.0,69.53463988173125,13.14040438709882,38.24773269712563,0.9033558023246845,0.9942757993480691,31.4,985.9599999999999,0.9995239228844999,1.6094379124341003,-2838.634662512345,4638.285689062471,3319.352364456312,89.97749209325389,135.0,48.6
2022-04-28,60.8,70.7,54.0,12.9,9.0,6.8,9.7,46.82814236054343,31.4,121.4666666,4.0,66.72199992654153,13.1688157749753,38.3685727187115,0.895839290734909,0.9942757993480691,31.4,985.9599999999999,0.9995239228844999,1.6094379124341003,-2838.634662512345,4638.285689062471,3319.352364456312,89.97749209325389,135.0,59.2
2022-04-29,56.3,67.5,50.5,19.3,17.6,5.3,7.8,-37.99681410137532,31.4,121.4666666,4.0,61.91573522650171,13.19695955094175,38.48684111461374,0.8880573226294932,0.9942757993480691,31.4,985.9599999999999,0.9995239228844999,1.6094379124341003,-2838.634662512345,4638.285689062471,3319.352364456312,89.97749209325389,135.0,50.0
2022-04-30,58.3,61.0,50.5,19.4,17.0,4.2,5.8,-116.89384804212865,31.4,121.4666666,4.0,64.25061427599552,13.224826266071119,38.602537615283076,0.8800122039735357,0.9942757993480691,31.4,985.9599999999999,0.9995239228844999,1.6094379124341003,-2838.634662512345,4638.285689062471,3319.352364456312,89.97749209325389,135.0,49.2
2022-05-01,60.0,68.4,50.5,17.9,14.1,4.1,5.8,2.680789919821498,31.4,121.4666666,4.0,66.2620317292921,13.25240634585842,38.71566324918226,0.8717063187093218,0.9942757993480691,31.4,985.9599999999999,0.9995239228844999,1.6094379124341003,-2838.634662512345,4638.285689062471,3319.352364456312,89.97749209325389,135.0,45.1
2022-05-02,65.7,76.6,50.0,17.6,11.7,3.2,5.8,25.837880286586554,31.4,121.4666666,4.0,72.7063032662769,13.27969009429715,38.82622028817354,0.8631421280499114,0.9942757993480691,31.4,985.9599999999999,0.9995239228844999,1.6094379124341003,-2838.634662512345,4638.285689062471,3319.352364456312,89.97749209325389,135.0,47.5
2022-05-03,69.6,79.7,54.7,18.7,8.2,3.4,5.8,94.47038413456272,31.4,121.4666666,4.0,77.17867265153329,13.306667698540224,38.93421219201917,0.854322169749827,0.9942757993480691,31.4,985.9599999999999,0.9995239228844999,1.6094379124341003,-2838.634662512345,4638.285689062471,3319.352364456312,89.97749209325389,135.0,52.1
2022-05-04,68.9,81.3,54.5,16.7,16.9,4.6,7.8,118.97883654758441,31.4,121.4666666,4.0,76.55553201944342,13.3333292341556,39.03964355212641,0.8452490573530633,0.9942757993480691,31.4,985.9599999999999,0.9995239228844999,1.6094379124341003,-2838.634662512345,4638.285689062471,3319.352364456312,89.97749209325389,135.0,48.6
2022-05-05,71.2,81.9,53.4,13.9,15.1,4.9,7.8,21.80816430528475,31.4,121.4666666,4.0,79.26734371451309,13.359664670985351,39.14252003466685,0.8359254794186372,0.9942757993480691,31.4,985.9599999999999,0.9995239228844999,1.6094379124341003,-2838.634662512345,4638.285689062471,3319.352364456312,89.97749209325389,135.0,59.0
2022-05-06,72.2,84.2,61.3,13.1,12.0,4.1,5.8,62.53774998697832,31.4,121.4666666,4.0,80.53707767568577,13.385663879615363,39.24284832319981,0.8263541987239096,0.9942757993480691,31.4,985.9599999999999,0.9995239228844999,1.6094379124341003,-2838.634662512345,4638.285689062471,3319.352364456312,89.97749209325389,135.0,64.0
2022-05-07,67.0,84.2,61.0,17.8,9.9,5.3,7.8,8.766763205802318,31.4,121.4666666,4.0,74.87985123140798,13.41131663846113,39.3406360609275,0.8165380514459161,0.9942757993480691,31.4,985.9599999999999,0.9995239228844999,1.6094379124341003,-2838.634662512345,4638.285689062471,3319.352364456312,89.97749209325389,135.0,63.9
2022-05-08,65.5,74.5,59.5,16.9,17.5,5.3,7.8,64.00395307217411,31.4,121.4666666,4.0,73.34151066804127,13.43661264147321,39.43589179270846,0.8064799463209448,0.9942757993480691,31.4,985.9599999999999,0.9995239228844999,1.6094379124341003,-2838.634662512345,4638.285689062471,3319.352364456312,89.97749209325389,135.0,52.2
2022-05-09,64.5,72.7,59.5,16.0,15.5,5.1,5.8,-42.18017109335733,31.4,121.4666666,4.0,72.35578559724364,13.461541506463934,39.52862490695295,0.7961828637826158,0.9942757993480691,31.4,985.9599999999999,0.9995239228844999,1.6094379124341003,-2838.634662512345,4638.285689062471,3319.352364456312,89.97749209325389,135.0,51.3
2022-05-10,65.7,71.1,61.7,12.5,8.9,3.9,5.8,-8.34504499422462,31.4,121.4666666,4.0,73.83635799269965,13.48609278405473,39.61884557752219,0.7856498550787147,0.9942757993480691,31.4,985.9599999999999,0.9995239228844999,1.6094379124341003,-2838.634662512345,4638.285689062471,3319.352364456312,89.97749209325389,135.0,62.5
2022-05-11,66.7,72.9,63.0,12.8,6.5,4.6,7.8,41.696521794113025,31.4,121.4666666,4.0,75.09450608458268,13.51025596724126,39.70656470574982,0.7748840413670407,0.9942757993480691,31.4,985.9599999999999,0.9995239228844999,1.6094379124341003,-2838.634662512345,4638.285689062471,3319.352364456312,89.97749209325389,135.0,63.5
2022-05-12,62.0,72.9,58.1,10.4,3.8,4.4,5.8,-129.88947525716958,31.4,121.4666666,4.0,69.92577259144987,13.534020501570945,39.79179386270127,0.7638886127905428,0.9942757993480691,31.4,985.9599999999999,0.9995239228844999,1.6094379124341003,-2838.634662512345,4638.285689062471,3319.352364456312,89.97749209325389,135.0,62.0
2022-05-13,60.2,65.3,58.1,12.3,6.9,5.3,9.7,61.78003362557649,31.4,121.4666666,4.0,68.01283524289093,13.557375795925102,39.8745452317828,0.7526668275320085,0.9942757993480691,31.4,985.9599999999999,0.9995239228844999,1.6094379124341003,-2838.634662512345,4638.285689062471,3319.352364456312,89.97749209325389,135.0,56.1
2022-05-14,64.8,71.1,58.6,17.1,13.5,4.4,5.8,82.48768147592413,31.4,121.4666666,4.0,73.3336806630334,13.580311233895076,39.95483155180851,0.7412220108485958,0.9942757993480691,31.4,985.9599999999999,0.9995239228844999,1.6094379124341003,-2838.634662512345,4638.285689062471,3319.352364456312,89.97749209325389,135.0,48.6
2022-05-15,65.0,73.8,57.2,16.1,10.1,1.7,3.9,-6.832444963163127,31.4,121.4666666,4.0,73.68192100608645,13.602816185739039,40.0326660606293,0.7295575540864875,0.9942757993480691,31.4,985.9599999999999,0.9995239228844999,1.6094379124341003,-2838.634662512345,4638.285689062471,3319.352364456312,89.97749209325389,135.0,47.1
2022-05-16,68.7,78.4,56.5,14.0,6.8,4.6,5.8,5.634060207718644,31.4,121.4666666,4.0,78.00243811967096,13.624880020903223,40.108062439423506,0.717676913675962,0.9942757993480691,31.4,985.9599999999999,0.9995239228844999,1.6094379124341003,-2838.634662512345,4638.285689062471,3319.352364456312,89.97749209325389,135.0,47.1
2022-05-17,73.2,83.7,58.3,15.3,9.6,5.8,7.8,90.25772601619278,31.4,121.4666666,4.0,83.24360193863934,13.646492121088416,40.18103475774424,0.705583610107178,0.9942757993480691,31.4,985.9599999999999,0.9995239228844999,1.6094379124341003,-2838.634662512345,4638.285689062471,3319.352364456312,89.97749209325389,135.0,45.3
2022-05-18,73.4,83.7,59.0,17.5,10.6,5.6,9.7,72.8830544228698,31.4,121.4666666,4.0,83.60040958398446,13.667641893839418,40.251597419414175,0.6932812268869777,0.9942757993480691,31.4,985.9599999999999,0.9995239228844999,1.6094379124341003,-2838.634662512345,4638.285689062471,3319.352364456312,89.97749209325389,135.0,41.2
2022-05-19,68.4,83.3,63.0,14.5,7.8,4.1,5.8,-22.96360552756014,31.4,121.4666666,4.0,78.02341708380354,13.688318786632198,40.31976510935261,0.6807734094770161,0.9942757993480691,31.4,985.9599999999999,0.9995239228844999,1.6094379124341003,-2838.634662512345,4638.285689062471,3319.352364456312,89.97749209325389,135.0,59.9
2022-05-20,66.8,74.5,63.0,11.1,7.2,2.9,5.8,-17.31478964597644,31.4,121.4666666,4.0,76.31071847796154,13.708512301430218,40.38555274141588,0.6680638642135335,0.9942757993480691,31.4,985.9599999999999,0.9995239228844999,1.6094379124341003,-2838.634662512345,4638.285689062471,3319.352364456312,89.97749209325389,135.0,65.3
2022-05-21,70.3,79.0,61.2,10.6,12.3,2.7,5.8,46.07678933655019,31.4,121.4666666,4.0,80.42444202336584,13.72821200967838,40.44897540732545,0.6551563572090853,0.9942757993480691,31.4,985.9599999999999,0.9995239228844999,1.6094379124341003,-2838.634662512345,4638.285689062471,3319.352364456312,89.97749209325389,135.0,61.5
2022-05-22,75.0,83.3,60.6,9.5,14.3,5.3,7.8,28.090535113162087,31.4,121.4666666,4.0,85.92129729812378,13.747407567699803,40.51004832675425,0.6420547132365637,0.9942757993480691,31.4,985.9599999999999,0.9995239228844999,1.6094379124341003,-2838.634662512345,4638.285689062471,3319.352364456312,89.97749209325389,135.0,54.1
2022-05-23,70.5,83.3,64.9,12.6,12.4,8.3,11.7,-43.17429840596761,31.4,121.4666666,4.0,80.87577130318861,13.766088732457638,40.56878679863522,0.6287628145958344,0.9942757993480691,31.4,985.9599999999999,0.9995239228844999,1.6094379124341003,-2838.634662512345,4638.285689062471,3319.352364456312,89.97749209325389,135.0,58.6
2022-05-24,65.2,80.6,59.7,12.4,5.9,4.1,5.8,-18.461616834254833,31.4,121.4666666,4.0,74.8943998851826,13.784245377640968,40.625206153751314,0.6152845999633276,0.9942757993480691,31.4,985.9599999999999,0.9995239228844999,1.6094379124341003,-2838.634662512345,4638.285689062471,3319.352364456312,89.97749209325389,135.0,64.4
2022-05-25,70.4,77.7,59.7,9.3,13.4,2.9,5.8,102.61820879719305,31.4,121.4666666,4.0,80.97095605884843,13.801867510030982,40.67932170866077,0.6016240632249226,0.9942757993480691,31.4,985.9599999999999,0.9995239228844999,1.6094379124341003,-2838.634662512345,4638.285689062471,3319.352364456312,89.97749209325389,135.0,63.2
2022-05-26,67.3,77.7,61.9,6.9,4.8,1.9,3.9,45.88860957922392,31.4,121.4666666,4.0,77.50125147954782,13.81894528610065,40.73114872100588,0.5877852522924732,0.9942757993480691,31.4,985.9599999999999,0.9995239228844999,1.6094379124341003,-2838.634662512345,4638.285689062471,3319.352364456312,89.97749209325389,135.0,64.6
2022-05-27,75.5,82.9,61.7,5.5,5.3,3.9,5.8,166.8127229905011,31.4,121.4666666,4.0,87.0481593061903,13.835469028798459,40.780702346248404,0.5737722679043246,0.9942757993480691,31.4,985.9599999999999,0.9995239228844999,1.6094379124341003,-2838.634662512345,4638.285689062471,3319.352364456312,89.97749209325389,135.0,64.8
2022-05-28,70.8,82.9,67.3,4.2,8.2,6.3,11.7,75.41111857351848,31.4,121.4666666,4.0,81.7234325423385,13.851429244464155,40.82799759586969,0.5595892624101765,0.9942757993480691,31.4,985.9599999999999,0.9995239228844999,1.6094379124341003,-2838.634662512345,4638.285689062471,3319.352364456312,89.97749209325389,135.0,66.4
2022-05-29,73.5,80.1,67.3,1.3,6.0,3.9,7.8,126.6345838908118,31.4,121.4666666,4.0,84.93425191891042,13.866816639822108,40.87304929706815,0.545240438540651,0.9942757993480691,31.4,985.9599999999999,0.9995239228844999,1.6094379124341003,-2838.634662512345,4638.285689062471,3319.352364456312,89.97749209325389,135.0,72.2
2022-05-30,72.4,86.0,57.6,7.0,11.1,4.1,7.8,-37.39353414675544,31.4,121.4666666,4.0,83.75245357194042,13.881622138995649,40.915872053982476,0.5307300481619334,0.9942757993480691,31.4,985.9599999999999,0.9995239228844999,1.6094379124341003,-2838.634662512345,4638.285689062471,3319.352364456312,89.97749209325389,135.0,61.9
2022-05-31,77.1,86.0,57.4,7.1,10.3,6.1,7.8,68.86457566163028,31.4,121.4666666,4.0,89.28075208560914,13.895836900483914,40.956480210463525,0.5160623910158528,0.9942757993480691,31.4,985.9599999999999,0.9995239228844999,1.6094379124341003,-2838.634662512345,4638.285689062471,3319.352364456312,89.97749209325389,135.0,54.3
2022-06-01,78.7,85.6,72.3,4.4,3.6,3.4,3.9,-130.71954395776743,31.4,121.4666666,4.0,91.22282489075207,13.909452334040974,40.99488781441426,0.5012418134457758,0.9942757993480691,31.4,985.9599999999999,0.9995239228844999,1.6094379124341003,-2838.634662512345,4638.285689062471,3319.352364456312,89.97749209325389,135.0,74.5
2022-06-02,76.5,85.6,71.4,5.6,7.4,5.6,7.8,49.3078400569219,31.4,121.4666666,4.0,88.75568324839773,13.92246011739572,41.03110858371184,0.48627270710868997,0.9942757993480691,31.4,985.9599999999999,0.9995239228844999,1.6094379124341003,-2838.634662512345,4638.285689062471,3319.352364456312,89.97749209325389,135.0,72.0
2022-06-03,75.1,84.4,71.2,5.5,6.8,5.6,5.8,10.695636916615024,31.4,121.4666666,4.0,87.20895009812618,13.934852212749856,41.06515587372306,0.4711595076738638,0.9942757993480691,31.4,985.9599999999999,0.9995239228844999,1.6094379124341003,-2838.634662512345,4638.285689062471,3319.352364456312,89.97749209325389,135.0,72.5
2022-06-04,79.4,85.5,72.5,1.3,5.5,3.4,5.8,-13.231438333761352,31.4,121.4666666,4.0,92.28014150912175,13.946620882990691,41.09704264641978,0.4559066935084588,0.9942757993480691,31.4,985.9599999999999,0.9995239228844999,1.6094379124341003,-2838.634662512345,4638.285689062471,3319.352364456312,89.97749209325389,135.0,76.6
2022-06-05,73.4,85.5,70.0,999.3,9.6,4.4,5.8,93.56554755505394,31.4,121.4666666,4.0,85.3749574278781,13.957758707555003,41.12678144109827,0.440518784350495,0.9942757993480691,31.4,985.9599999999999,0.9995239228844999,1.6094379124341003,-2838.634662512345,4638.285689062471,3319.352364456312,89.97749209325389,135.0,72.7
2022-06-06,79.9,89.6,70.0,2.1,6.6,4.4,7.8,90.95591951410127,31.4,121.4666666,4.0,93.00532183088627,13.96825859788029,41.154384346702805,0.42500033996955416,0.9942757993480691,31.4,985.9599999999999,0.9995239228844999,1.6094379124341003,-2838.634662512345,4638.285689062471,3319.352364456312,89.97749209325389,135.0,68.2
2022-06-07,71.8,89.6,64.2,8.3,12.4,4.1,7.8,-121.20725435469052,31.4,121.4666666,4.0,83.63571431074064,13.978113812380052,41.17986297575166,0.4093559588156213,0.9942757993480691,31.4,985.9599999999999,0.9995239228844999,1.6094379124341003,-2838.634662512345,4638.285689062471,3319.352364456312,89.97749209325389,135.0,63.3
2022-06-08,74.2,84.6,64.2,8.8,9.4,5.8,7.8,37.58940895700705,31.4,121.4666666,4.0,86.48824945327817,13.987317970880566,41.203228439860666,0.39359027665646673,0.9942757993480691,31.4,985.9599999999999,0.9995239228844999,1.6094379124341003,-2838.634662512345,4638.285689062471,3319.352364456312,89.97749209325389,135.0,64.7
2022-06-09,76.0,84.6,70.0,9.0,8.1,5.8,7.8,-5.0445992531030015,31.4,121.4666666,4.0,88.64047876689969,13.995865068457846,41.224491326858065,0.3777079652039649,0.9942757993480691,31.4,985.9599999999999,0.9995239228844999,1.6094379124341003,-2838.634662512345,4638.285689062471,3319.352364456312,89.97749209325389,135.0,68.8
2022-06-10,70.4,83.7,66.9,9.7,11.3,3.9,7.8,3.4904330107211354,31.4,121.4666666,4.0,82.15533033320735,14.003749488614886,41.243661679482294,0.36171373072976765,0.9942757993480691,31.4,985.9599999999999,0.9995239228844999,1.6094379124341003,-2838.634662512345,4638.285689062471,3319.352364456312,89.97749209325389,135.0,67.4
2022-06-11,74.0,79.7,66.9,11.2,10.8,4.9,7.8,84.3357044313043,31.4,121.4666666,4.0,86.40095709707253,14.010966015741493,41.260748975653144,0.3456123126707335,0.9942757993480691,31.4,985.9599999999999,0.9995239228844999,1.6094379124341003,-2838.634662512345,4638.285689062471,3319.352364456312,89.97749209325389,135.0,67.1
2022-06-12,71.1,79.7,66.7,8.1,7.5,3.4,5.8,-19.77732578534145,31.4,121.4666666,4.0,83.05374584229735,14.017509846801243,41.275762110305706,0.3294084822245304,0.9942757993480691,31.4,985.9599999999999,0.9995239228844999,1.6094379124341003,-2838.634662512345,4638.285689062471,3319.352364456312,89.97749209325389,135.0,67.6
2022-06-13,70.6,76.3,66.7,4.7,7.0,1.9,3.9,121.15782894082828,31.4,121.4666666,4.0,82.50419900956825,14.023376602192906,41.28870937877591,0.3131070409358269,0.9942757993480691,31.4,985.9599999999999,0.9995239228844999,1.6094379124341003,-2838.634662512345,4638.285689062471,3319.352364456312,89.97749209325389,135.0,69.7
2022-06-14,77.2,87.1,67.8,5.4,3.5,3.6,7.8,-46.477389434805666,31.4,121.4666666,4.0,90.25041769324048,14.028562335736861,41.29959846172624,0.29671281927349075,0.9942757993480691,31.4,985.9599999999999,0.9995239228844999,1.6094379124341003,-2838.634662512345,4638.285689062471,3319.352364456312,89.97749209325389,135.0,70.6
2022-06-15,81.0,91.2,69.1,7.7,6.1,4.2,7.8,46.542448776901594,31.4,121.4666666,4.0,94.72317892024843,14.033063543740507,41.30843641159974,0.28023067519921585,0.9942757993480691,31.4,985.9599999999999,0.9995239228844999,1.6094379124341003,-2838.634662512345,4638.285689062471,3319.352364456312,89.97749209325389,135.0,66.9
2022-06-16,83.8,93.2,70.9,5.8,4.9,4.4,7.8,48.26083177485239,31.4,121.4666666,4.0,98.0241922588187,14.03687717310053,41.31522964059135,0.26366549272800704,0.9942757993480691,31.4,985.9599999999999,0.9995239228844999,1.6094379124341003,-2838.634662512345,4638.285689062471,3319.352364456312,89.97749209325389,135.0,69.3
2022-06-17,82.9,93.2,72.5,4.6,6.8,5.1,7.8,-28.55532675908626,31.4,121.4666666,4.0,96.99300434122458,14.04000062840404,41.319983910125586,0.24702218048093552,0.9942757993480691,31.4,985.9599999999999,0.9995239228844999,1.6094379124341003,-2838.634662512345,4638.285689062471,3319.352364456312,89.97749209325389,135.0,71.2
2022-06-18,80.4,92.8,72.5,3.8,7.9,4.4,7.8,-13.546400918713552,31.4,121.4666666,4.0,94.08429291256697,14.04243177799507,41.32270432183072,0.23030567023061221,0.9942757993480691,31.4,985.9599999999999,0.9995239228844999,1.6094379124341003,-2838.634662512345,4638.285689062471,3319.352364456312,89.97749209325389,135.0,75.5
2022-06-19,80.6,87.3,75.9,2.7,8.3,3.4,5.8,82.1586029431256,31.4,121.4666666,4.0,94.33000150779954,14.044168958977599,41.32339531000043,0.21352091543979612,0.9942757993480691,31.4,985.9599999999999,0.9995239228844999,1.6094379124341003,-2838.634662512345,4638.285689062471,3319.352364456312,89.97749209325389,135.0,77.1
2022-06-20,81.5,86.9,76.6,1.1,18.3,5.2,5.8,64.28984083011647,31.4,121.4666666,4.0,95.39039124684975,14.04521098113125,41.322060635535195,0.19667288979357647,0.9942757993480691,31.4,985.9599999999999,0.9995239228844999,1.6094379124341003,-2838.634662512345,4638.285689062471,3319.352364456312,89.97749209325389,135.0,75.6
2022-06-21,80.7,86.9,76.5,3.9,7.3,4.4,5.8,-15.850558418168909,31.4,121.4666666,4.0,94.45637169737262,14.045557129720834,41.31870338135702,0.1797665857255624,0.9942757993480691,31.4,985.9599999999999,0.9995239228844999,1.6094379124341003,-2838.634662512345,4638.285689062471,3319.352364456312,89.97749209325389,135.0,76.6
2022-06-22,88.2,94.6,77.0,4.2,11.7,6.3,7.8,23.607718117073816,31.4,121.4666666,4.0,103.23227267881914,14.045207167186277,41.313325949292604,0.16280701293851715,0.9942757993480691,31.4,985.9599999999999,0.9995239228844999,1.6094379124341003,-2838.634662512345,4638.285689062471,3319.352364456312,89.97749209325389,135.0,75.7
2022-06-23,89.6,97.3,80.1,2.3,12.3,7.8,13.6,-80.74843924578443,31.4,121.4666666,4.0,104.86307129166232,14.044161333704775,41.305930058421524,0.1457991969198751,0.9942757993480691,31.4,985.9599999999999,0.9995239228844999,1.6094379124341003,-2838.634662512345,4638.285689062471,3319.352364456312,89.97749209325389,135.0,73.2
2022-06-24,79.2,97.3,75.7,3.5,15.1,4.1,5.8,-40.14870278855065,31.4,121.4666666,4.0,92.67997428770815,14.042420346622448,41.29651674488778,0.12874817745258132,0.9942757993480691,31.4,985.9599999999999,0.9995239228844999,1.6094379124341003,-2838.634662512345,4638.285689062471,3319.352364456312,89.97749209325389,135.0,73.4
2022-06-25,87.9,94.8,76.5,4.2,11.7,6.8,9.7,18.036618104674524,31.4,121.4666666,4.0,102.84289304590423,14.039985398758255,41.28508636317474,0.11165900712169512,0.9942757993480691,31.4,985.9599999999999,0.9995239228844999,1.6094379124341003,-2838.634662512345,4638.285689062471,3319.352364456312,89.97749209325389,135.0,74.0
2022-06-26,88.7,97.0,82.4,4.9,10.3,7.0,7.8,-76.19222214003297,31.4,121.4666666,4.0,103.75577653339046,14.036858155588336,41.2716385888448,0.09453674981719912,0.9942757993480691,31.4,985.9599999999999,0.9995239228844999,1.6094379124341003,-2838.634662512345,4638.285689062471,3319.352364456312,89.97749209325389,135.0,74.0
2022-06-27,88.4,97.5,83.1,2.5,10.7,8.7,9.7,92.66297007116844,31.4,121.4666666,4.0,103.37673353475573,14.033040751324306,41.25617242274726,0.07738647923346301,0.9942757993480691,31.4,985.9599999999999,0.9995239228844999,1.6094379124341003,-2838.634662512345,4638.285689062471,3319.352364456312,89.97749209325389,135.0,72.6
2022-06-28,87.6,97.5,82.9,0.6,10.8,7.8,9.7,62.35644808153748,31.4,121.4666666,4.0,102.4083112225017,14.028535783904342,41.23868619669873,0.06021327736579302,0.9942757993480691,31.4,985.9599999999999,0.9995239228844999,1.6094379124341003,-2838.634662512345,4638.285689062471,3319.352364456312,89.97749209325389,135.0,74.1
2022-06-29,83.8,95.2,75.7,3.6,14.2,6.1,9.7,131.4604368222145,31.4,121.4666666,4.0,97.92970172396448,14.02334630892093,41.21917758064253,0.04302223300453059,0.9942757993480691,31.4,985.9599999999999,0.9995239228844999,1.6094379124341003,-2838.634662512345,4638.285689062471,3319.352364456312,89.97749209325389,135.0,75.7
2022-06-30,84.0,95.2,75.7,7.5,17.1,6.6,7.8,53.83125162218069,31.4,121.4666666,4.0,98.12233082759894,14.017475832514135,41.19764359129388,0.02581844022713308,0.9942757993480691,31.4,985.9599999999999,0.9995239228844999,1.6094379124341003,-2838.634662512345,4638.285689062471,3319.352364456312,89.97749209325389,135.0,75.1
2022-07-01,84.2,92.1,79.3,9.5,10.9,7.3,9.7,130.1034153483458,31.4,121.4666666,4.0,98.3100135945688,14.010928303263961,41.174080602279574,0.008606996888688698,0.9942757993480691,31.4,985.9599999999999,0.9995239228844999,1.6094379124341003,-2838.634662512345,4638.285689062471,3319.352364456312,89.97749209325389,135.0,73.9
2022-07-02,83.9,90.9,78.4,7.7,12.7,5.1,7.8,27.27314985198921,31.4,121.4666666,4.0,97.90925915431244,14.003708103119777,41.14848435578111,-0.008606996888688009,0.9942757993480691,31.4,985.9599999999999,0.9995239228844999,1.6094379124341003,-2838.634662512345,4638.285689062471,3319.352364456312,89.97749209325389,135.0,74.8
2022-07-03,83.2,90.0,79.0,3.9,16.0,5.0,7.8,35.329503790786546,31.4,121.4666666,4.0,97.03768559270218,13.995820037408967,41.12084997569097,-0.02581844022713239,0.9942757993480691,31.4,985.9599999999999,0.9995239228844999,1.6094379124341003,-2838.634662512345,4638.285689062471,3319.352364456312,89.97749209325389,135.0,75.3
2022-07-04,84.4,90.7,79.2,2.5,16.9,5.3,9.7,158.97322787294289,31.4,121.4666666,4.0,98.37712757859498,13.98726932397085,41.091171982292344,-0.04302223300453034,0.9942757993480691,31.4,985.9599999999999,0.9995239228844999,1.6094379124341003,-2838.634662512345,4638.285689062471,3319.352364456312,89.97749209325389,135.0,75.4
2022-07-05,88.6,94.6,80.4,0.1,11.5,6.4,7.8,43.33663952665593,31.4,121.4666666,4.0,103.20468800981918,13.97806158146535,41.05944430847198,-0.060213277365792774,0.9942757993480691,31.4,985.9599999999999,0.9995239228844999,1.6094379124341003,-2838.634662512345,4638.285689062471,3319.352364456312,89.97749209325389,135.0,77.9
2022-07-06,91.8,98.2,84.0,1.6,13.5,7.0,9.7,-109.27015939424567,31.4,121.4666666,4.0,106.85675154935444,13.968202816909077,41.025660317476465,-0.07738647923346322,0.9942757993480691,31.4,985.9599999999999,0.9995239228844999,1.6094379124341003,-2838.634662512345,4638.285689062471,3319.352364456312,89.97749209325389,135.0,76.5
2022-07-07,89.6,99.0,84.2,4.5,14.1,3.2,5.8,55.75598444162864,31.4,121.4666666,4.0,104.21748894662403,13.95769941249429,40.98981282222091,-0.09453674981719933,0.9942757993480691,31.4,985.9599999999999,0.9995239228844999,1.6094379124341003,-2838.634662512345,4638.285689062471,3319.352364456312,89.97749209325389,135.0,77.5
2022-07-08,92.9,100.0,84.2,3.2,15.5,4.4,7.8,108.3424664583246,31.4,121.4666666,4.0,107.96960404845306,13.94655811174851,40.95189410615849,-0.11165900712169444,0.9942757993480691,31.4,985.9599999999999,0.9995239228844999,1.6094379124341003,-2838.634662512345,4638.285689062471,3319.352364456312,89.97749209325389,135.0,75.7
2022-07-09,88.5,100.0,83.5,2.6,7.9,3.4,5.8,72.57620933461403,31.4,121.4666666,4.0,102.76904678757285,13.934786005094624,40.911895945717966,-0.12874817745258066,0.9942757993480691,31.4,985.9599999999999,0.9995239228844999,1.6094379124341003,-2838.634662512345,4638.285689062471,3319.352364456312,89.97749209325389,135.0,79.3
2022-07-10,91.7,101.5,78.4,2.3,11.9,3.6,5.8,28.63225597873103,31.4,121.4666666,4.0,106.3902675178197,13.922390514872806,40.86980963431481,-0.14579919691987442,0.9942757993480691,31.4,985.9599999999999,0.9995239228844999,1.6094379124341003,-2838.634662512345,4638.285689062471,3319.352364456312,89.97749209325389,135.0,77.5
2022-07-11,87.8,101.5,78.4,4.8,10.1,3.3,5.8,45.67426594764973,31.4,121.4666666,4.0,101.77029246283875,13.909379379886845,40.825626007939555,-0.16280701293851646,0.9942757993480691,31.4,985.9599999999999,0.9995239228844999,1.6094379124341003,-2838.634662512345,4638.285689062471,3319.352364456312,89.97749209325389,135.0,75.7
2022-07-12,93.8,102.7,82.6,3.2,9.0,5.1,7.8,179.96069146930395,31.4,121.4666666,4.0,108.61852899905692,13.8957606395382,40.77933547232468,-0.17976658572556214,0.9942757993480691,31.4,985.9599999999999,0.9995239228844999,1.6094379124341003,-2838.634662512345,4638.285689062471,3319.352364456312,89.97749209325389,135.0,76.9
2022-07-13,94.1,103.5,85.8,1.9,9.7,2.7,5.8,-79.04131085716025,31.4,121.4666666,4.0,108.85443002643653,13.881542617611462,40.730928031689096,-0.19667288979357622,0.9942757993480691,31.4,985.9599999999999,0.9995239228844999,1.6094379124341003,-2838.634662512345,4638.285689062471,3319.352364456312,89.97749209325389,135.0,77.8
2022-07-14,95.5,103.5,86.2,1.1,12.8,3.9,5.8,44.2668769263776,31.4,121.4666666,4.0,110.3560906667925,13.866733905774973,40.680393319055945,-0.2135209154397959,0.9942757993480691,31.4,985.9599999999999,0.9995239228844999,1.6094379124341003,-2838.634662512345,4638.285689062471,3319.352364456312,89.97749209325389,135.0,74.9
2022-07-15,86.7,103.3,80.2,0.0,9.5,3.4,5.8,-24.268330964823388,31.4,121.4666666,4.0,100.07595568106285,13.85134334685991,40.627720628136615,-0.23030567023061196,0.9942757993480691,31.4,985.9599999999999,0.9995239228844999,1.6094379124341003,-2838.634662512345,4638.285689062471,3319.352364456312,89.97749209325389,135.0,78.4
2022-07-16,84.0,97.3,77.9,0.9,8.1,3.9,7.8,43.10669176795578,31.4,121.4666666,4.0,96.84766012586304,13.835380017980436,40.57289894677023,-0.24702218048093527,0.9942757993480691,31.4,985.9599999999999,0.9995239228844999,1.6094379124341003,-2838.634662512345,4638.285689062471,3319.352364456312,89.97749209325389,135.0,77.4
2022-07-17,85.7,98.6,77.9,998.4,8.7,4.1,5.8,36.143012520104875,31.4,121.4666666,4.0,98.68964336681606,13.818853213556507,40.515916991903914,-0.2636654927280072,0.9942757993480691,31.4,985.9599999999999,0.9995239228844999,1.6094379124341003,-2838.634662512345,4638.285689062471,3319.352364456312,89.97749209325389,135.0,77.4
2022-07-18,82.8,98.6,78.3,1.0,9.1,3.4,5.8,-55.39899594498286,31.4,121.4666666,4.0,95.23222975526636,13.801772428299472,40.45676324609561,-0.2802306751992161,0.9942757993480691,31.4,985.9599999999999,0.9995239228844999,1.6094379124341003,-2838.634662512345,4638.285689062471,3319.352364456312,89.97749209325389,135.0,76.6
2022-07-19,82.2,88.0,78.3,4.5,9.4,4.1,5.8,-42.236870236670086,31.4,121.4666666,4.0,94.42140928050016,13.784147340218999,40.39542599551649,-0.2967128192734901,0.9942757993480691,31.4,985.9599999999999,0.9995239228844999,1.6094379124341003,-2838.634662512345,4638.285689062471,3319.352364456312,89.97749209325389,135.0,77.5
2022-07-20,90.7,98.6,79.3,5.0,14.1,6.1,9.7,41.76753228417541,31.4,121.4666666,4.0,104.0479244074422,13.765987793707898,40.33189336942578,-0.3131070409358267,0.9942757993480691,31.4,985.9599999999999,0.9995239228844999,1.6094379124341003,-2838.634662512345,4638.285689062471,3319.352364456312,89.97749209325389,135.0,76.9
2022-07-21,84.6,98.6,78.8,8.3,7.8,3.9,7.8,-60.690066860519146,31.4,121.4666666,4.0,96.91849166845283,13.747303782759268,40.26615338108614,-0.3294084822245302,0.9942757993480691,31.4,985.9599999999999,0.9995239228844999,1.6094379124341003,-2838.634662512345,4638.285689062471,3319.352364456312,89.97749209325389,135.0,77.3
2022-07-22,87.9,93.7,78.8,6.3,6.2,4.6,7.8,-26.50517591730231,31.4,121.4666666,4.0,100.55837230674518,13.728105434367942,40.19819397008309,-0.3456123126707333,0.9942757993480691,31.4,985.9599999999999,0.9995239228844999,1.6094379124341003,-2838.634662512345,4638.285689062471,3319.352364456312,89.97749209325389,135.0,77.2
2022-07-23,91.1,101.1,80.1,3.4,14.1,6.8,9.7,88.77887616337263,31.4,121.4666666,4.0,104.06962604885842,13.708402992165764,40.12800304600679,-0.3617137307297674,0.9942757993480691,31.4,985.9599999999999,0.9995239228844999,1.6094379124341003,-2838.634662512345,4638.285689062471,3319.352364456312,89.97749209325389,135.0,74.5
2022-07-24,84.2,101.1,80.1,6.4,8.0,3.9,5.8,-14.954251619392707,31.4,121.4666666,4.0,96.04558438236673,13.688206800337301,40.05556853344971,-0.37770796520396466,0.9942757993480691,31.4,985.9599999999999,0.9995239228844999,1.6094379124341003,-2838.634662512345,4638.285689062471,3319.352364456312,89.97749209325389,135.0,73.5
2022-07-25,86.5,92.1,79.3,7.0,9.8,5.3,7.8,15.476376350399503,31.4,121.4666666,4.0,98.52009253332388,13.667527287859961,39.98087841826866,-0.39359027665646645,0.9942757993480691,31.4,985.9599999999999,0.9995239228844999,1.6094379124341003,-2838.634662512345,4638.285689062471,3319.352364456312,89.97749209325389,135.0,77.2
2022-07-26,86.1,98.4,79.2,4.8,12.7,2.4,3.9,120.67070221080168,31.4,121.4666666,4.0,97.91274028855923,13.646374953109301,39.903920795054454,-0.4093559588156211,0.9942757993480691,31.4,985.9599999999999,0.9995239228844999,1.6094379124341003,-2838.634662512345,4638.285689062471,3319.352364456312,89.97749209325389,135.0,75.7
2022-07-27,87.5,98.4,81.0,5.4,9.0,3.4,5.8,-37.280545673031135,31.4,121.4666666,4.0,99.34721087715808,13.624760348867392,39.824683915747364,-0.42500033996955394,0.9942757993480691,31.4,985.9599999999999,0.9995239228844999,1.6094379124341003,-2838.634662512345,4638.285689062471,3319.352364456312,89.97749209325389,135.0,77.0
2022-07-28,89.6,99.0,81.1,5.6,11.9,5.3,7.8,-1.624697109181156,31.4,121.4666666,4.0,101.56678237267501,13.602694067768974,39.74315623933169,-0.4405187843504952,0.9942757993480691,31.4,985.9599999999999,0.9995239228844999,1.6094379124341003,-2838.634662512345,4638.285689062471,3319.352364456312,89.97749209325389,135.0,76.1
2022-07-29,86.1,99.0,80.6,6.2,16.8,5.0,7.8,37.17273683131214,31.4,121.4666666,4.0,97.43783977495676,13.58018672821697,39.659326482537395,-0.455906693508459,0.9942757993480691,31.4,985.9599999999999,0.9995239228844999,1.6094379124341003,-2838.634662512345,4638.285689062471,3319.352364456312,89.97749209325389,135.0,77.3
2022-07-30,83.7,93.4,79.2,2.9,16.5,3.4,3.9,60.14067594086204,31.4,121.4666666,4.0,94.56181150155079,13.55724896079581,39.57318367147212,-0.47115950767386394,0.9942757993480691,31.4,985.9599999999999,0.9995239228844999,1.6094379124341003,-2838.634662512345,4638.285689062471,3319.352364456312,89.97749209325389,135.0,76.6
2022-07-31,86.7,94.5,79.2,1.9,15.9,4.9,7.8,107.25767268804782,31.4,121.4666666,4.0,97.78236533037688,13.533891395207872,39.484717194102146,-0.4862727071086902,0.9942757993480691,31.4,985.9599999999999,0.9995239228844999,1.6094379124341003,-2838.634662512345,4638.285689062471,3319.352364456312,89.97749209325389,135.0,76.0
2022-08-01,87.4,95.7,82.0,5.6,9.0,5.0,5.8,111.0802503949945,31.4,121.4666666,4.0,98.39874118448445,13.5101246477553,39.393916853495675,-0.5012418134457756,0.9942757993480691,31.4,985.9599999999999,0.9995239228844999,1.6094379124341003,-2838.634662512345,4638.285689062471,3319.352364456312,89.97749209325389,135.0,77.1
2022-08-02,88.9,95.9,83.3,7.8,11.0,5.1,7.8,70.7471824155026,31.4,121.4666666,4.0,99.90848188370373,13.48595930938633,39.300772921738144,-0.5160623910158526,0.9942757993480691,31.4,985.9599999999999,0.9995239228844999,1.6094379124341003,-2838.634662512345,4638.285689062471,3319.352364456312,89.97749209325389,135.0,78.6
2022-08-03,89.9,97.5,83.1,7.6,12.7,6.3,7.8,-33.524662256193736,31.4,121.4666666,4.0,100.84836612463187,13.461405934322384,39.20527619442417,-0.5307300481619331,0.9942757993480691,31.4,985.9599999999999,0.9995239228844999,1.6094379124341003,-2838.634662512345,4638.285689062471,3319.352364456312,89.97749209325389,135.0,76.1
2022-08-04,91.6,99.7,85.1,6.8,13.6,6.8,7.8,-118.04452119068615,31.4,121.4666666,4.0,102.56509272349821,13.436475029279242,39.107418045627206,-0.5452404385406507,0.9942757993480691,31.4,985.9599999999999,0.9995239228844999,1.6094379124341003,-2838.634662512345,4638.285689062471,3319.352364456312,89.97749209325389,135.0,76.1
2022-08-05,93.7,103.3,85.1,5.1,14.8,4.9,5.8,-5.653744384933887,31.4,121.4666666,4.0,104.71894074637801,13.411177043292808,39.00719048324391,-0.5595892624101763,0.9942757993480691,31.4,985.9599999999999,0.9995239228844999,1.6094379124341003,-2838.634662512345,4638.285689062471,3319.352364456312,89.97749209325389,135.0,77.2
2022-08-06,86.3,103.3,81.0,5.5,14.6,4.4,9.7,-53.416530472841174,31.4,121.4666666,4.0,96.26421495908188,13.385522358157388,38.90458620460666,-0.5737722679043243,0.9942757993480691,31.4,985.9599999999999,0.9995239228844999,1.6094379124341003,-2838.634662512345,4638.285689062471,3319.352364456312,89.97749209325389,135.0,75.9
2022-08-07,91.5,101.3,81.0,5.4,14.5,6.6,7.8,56.88431620009412,31.4,121.4666666,4.0,101.86634975604828,13.35952127948174,38.79959865225441,-0.5877852522924734,0.9942757993480691,31.4,985.9599999999999,0.9995239228844999,1.6094379124341003,-2838.634662512345,4638.285689062471,3319.352364456312,89.97749209325389,135.0,74.0
2022-08-08,90.7,101.3,85.3,6.2,13.2,6.7,7.8,47.97596979417734,31.4,121.4666666,4.0,100.77664928106465,13.333184028365773,38.69222206974905,-0.6016240632249227,0.9942757993480691,31.4,985.9599999999999,0.9995239228844999,1.6094379124341003,-2838.634662512345,4638.285689062471,3319.352364456312,89.97749209325389,135.0,74.0
2022-08-09,92.3,102.6,85.3,5.4,14.9,6.3,7.8,-100.20630947215382,31.4,121.4666666,4.0,102.34932197669752,13.306520733698486,38.58245155742189,-0.6152845999633277,0.9942757993480691,31.4,985.9599999999999,0.9995239228844999,1.6094379124341003,-2838.634662512345,4638.285689062471,3319.352364456312,89.97749209325389,135.0,75.3
2022-08-10,92.0,103.3,80.6,5.2,16.2,4.5,5.8,82.86288080120775,31.4,121.4666666,4.0,101.80981759224616,13.279541425075585,38.47028312793219,-0.6287628145958345,0.9942757993480691,31.4,985.9599999999999,0.9995239228844999,1.6094379124341003,-2838.634662512345,4638.285689062471,3319.352364456312,89.97749209325389,135.0,76.5
2022-08-11,90.2,103.3,80.6,5.5,11.5,2.3,3.9,-35.6214280202847,31.4,121.4666666,4.0,99.61279113127061,13.25225602633312,38.3557137615181,-0.6420547132365636,0.9942757993480691,31.4,985.9599999999999,0.9995239228844999,1.6094379124341003,-2838.634662512345,4638.285689062471,3319.352364456312,89.97749209325389,135.0,77.3
2022-08-12,88.2,102.6,80.4,4.9,14.1,2.9,7.8,5.496739673183958,31.4,121.4666666,4.0,97.2013564702343,13.22467434969174,38.238741460818446,-0.655156357209085,0.9942757993480691,31.4,985.9599999999999,0.9995239228844999,1.6094379124341003,-2838.634662512345,4638.285689062471,3319.352364456312,89.97749209325389,135.0,77.8
2022-08-13,91.4,101.1,80.4,4.4,12.0,3.4,5.8,44.24949174570021,31.4,121.4666666,4.0,100.51567305600838,13.196806090504383,38.11936530514249,-0.6680638642135333,0.9942757993480691,31.4,985.9599999999999,0.9995239228844999,1.6094379124341003,-2838.634662512345,4638.285689062471,3319.352364456312,89.97749209325389,135.0,79.1
2022-08-14,92.9,102.4,84.4,3.9,17.2,5.1,5.8,2.543114822268482,31.4,121.4666666,4.0,101.94738253495035,13.168660822598536,37.997585504064034,-0.6807734094770159,0.9942757993480691,31.4,985.9599999999999,0.9995239228844999,1.6094379124341003,-2838.634662512345,4638.285689062471,3319.352364456312,89.97749209325389,135.0,76.8
2022-08-15,94.6,103.5,86.2,2.3,15.6,6.8,7.8,8.150626634702602,31.4,121.4666666,4.0,103.58895502096706,13.14024799420301,37.87340345021574,-0.6932812268869771,0.9942757993480691,31.4,985.9599999999999,0.9995239228844999,1.6094379124341003,-2838.634662512345,4638.285689062471,3319.352364456312,89.97749209325389,135.0,75.1
2022-08-16,89.2,103.6,82.4,4.1,18.3,4.1,7.8,-87.11749793309266,31.4,121.4666666,4.0,97.46272180506062,13.111576924447617,37.74682177115889,-0.7055836101071774,0.9942757993480691,31.4,985.9599999999999,0.9995239228844999,1.6094379124341003,-2838.634662512345,4638.285689062471,3319.352364456312,89.97749209325389,135.0,76.6
2022-08-17,86.6,103.6,82.4,6.4,15.6,4.4,7.8,1.4734868812485367,31.4,121.4666666,4.0,94.41317324305366,13.082656800423141,37.61784438020488,-0.7176769136759615,0.9942757993480691,31.4,985.9599999999999,0.9995239228844999,1.6094379124341003,-2838.634662512345,4638.285689062471,3319.352364456312,89.97749209325389,135.0,78.0
2022-08-18,88.8,95.2,83.1,4.6,13.7,5.3,7.8,67.9314169683247,31.4,121.4666666,4.0,96.59587539343092,13.053496674787961,37.486476526064514,-0.7295575540864876,0.9942757993480691,31.4,985.9599999999999,0.9995239228844999,1.6094379124341003,-2838.634662512345,4638.285689062471,3319.352364456312,89.97749209325389,135.0,78.5
2022-08-19,95.1,104.0,85.1,2.5,16.2,4.6,7.8,112.7114230649835,31.4,121.4666666,4.0,103.2160358014605,13.02410546390669,37.35272484120271,-0.7412220108485957,0.9942757993480691,31.4,985.9599999999999,0.9995239228844999,1.6094379124341003,-2838.634662512345,4638.285689062471,3319.352364456312,89.97749209325389,135.0,77.7
2022-08-20,88.9,104.0,79.3,5.0,15.1,5.1,7.8,3.1536735772195748,31.4,121.4666666,4.0,96.26752783702891,12.994491946505589,37.21659738877735,-0.7526668275320083,0.9942757993480691,31.4,985.9599999999999,0.9995239228844999,1.6094379124341003,-2838.634662512345,4638.285689062471,3319.352364456312,89.97749209325389,135.0,77.7
2022-08-21,84.7,99.5,79.3,4.6,10.6,4.1,7.8,5.02684887880538,31.4,121.4666666,4.0,91.50892545096578,12.964664762828681,37.07810370804286,-0.7638886127905429,0.9942757993480691,31.4,985.9599999999999,0.9995239228844999,1.6094379124341003,-2838.634662512345,4638.285689062471,3319.352364456312,89.97749209325389,135.0,77.6
2022-08-22,92.8,103.1,81.9,3.1,14.2,3.2,5.8,50.96069476898239,31.4,121.4666666,4.0,100.02782400375098,12.934632414278143,36.93725485810117,-0.7748840413670406,0.9942757993480691,31.4,985.9599999999999,0.9995239228844999,1.6094379124341003,-2838.634662512345,4638.285689062471,3319.352364456312,89.97749209325389,135.0,77.8
2022-08-23,88.3,103.1,79.7,6.7,15.5,5.3,7.8,128.39026144553807,31.4,121.4666666,4.0,94.95490068074892,12.904403263521937,36.794063459885436,-0.7856498550787144,0.9942757993480691,31.4,985.9599999999999,0.9995239228844999,1.6094379124341003,-2838.634662512345,4638.285689062471,3319.352364456312,89.97749209325389,135.0,76.2
2022-08-24,81.5,102.7,79.7,8.9,18.3,4.6,5.8,-26.221594776499998,31.4,121.4666666,4.0,87.43581842555767,12.873985535051435,36.648543736264216,-0.7961828637826154,0.9942757993480691,31.4,985.9599999999999,0.9995239228844999,1.6094379124341003,-2838.634662512345,4638.285689062471,3319.352364456312,89.97749209325389,135.0,71.6
2022-08-25,83.7,89.8,79.9,7.8,18.0,5.1,7.8,7.093878872147203,31.4,121.4666666,4.0,89.58262653029645,12.843387316171535,36.50071155015786,-0.8064799463209447,0.9942757993480691,31.4,985.9599999999999,0.9995239228844999,1.6094379124341003,-2838.634662512345,4638.285689062471,3319.352364456312,89.97749209325389,135.0,75.2
2022-08-26,81.1,89.8,77.4,8.5,13.5,4.1,5.8,72.55743737234778,31.4,121.4666666,4.0,86.59193357389067,12.812616558405526,36.350584440561576,-0.8165380514459157,0.9942757993480691,31.4,985.9599999999999,0.9995239228844999,1.6094379124341003,-2838.634662512345,4638.285689062471,3319.352364456312,89.97749209325389,135.0,71.5
2022-08-27,79.1,84.0,76.6,11.0,16.9,6.3,7.8,37.58938054858933,31.4,121.4666666,4.0,84.25258111436585,12.78168107929697,36.198181656374096,-0.8263541987239094,0.9942757993480691,31.4,985.9599999999999,0.9995239228844999,1.6094379124341003,-2838.634662512345,4638.285689062471,3319.352364456312,89.97749209325389,135.0,68.6
2022-08-28,80.0,84.7,76.5,11.2,18.5,5.3,7.8,-67.65910505835637,31.4,121.4666666,4.0,85.00392376393876,12.750588564590814,36.043524187934906,-0.8359254794186365,0.9942757993480691,31.4,985.9599999999999,0.9995239228844999,1.6094379124341003,-2838.634662512345,4638.285689062471,3319.352364456312,89.97749209325389,135.0,68.2
2022-08-29,86.6,92.8,76.5,9.9,13.5,4.2,7.8,39.31958375831333,31.4,121.4666666,4.0,91.79128441910028,12.719346570776022,35.88663479617749,-0.8452490573530634,0.9942757993480691,31.4,985.9599999999999,0.9995239228844999,1.6094379124341003,-2838.634662512345,4638.285689062471,3319.352364456312,89.97749209325389,135.0,75.6
2022-08-30,81.8,92.8,75.0,9.1,12.7,4.9,5.8,-46.531974822729815,31.4,121.4666666,4.0,86.48961123234307,12.68796252797209,35.727538039310936,-0.8543221697498269,0.9942757993480691,31.4,985.9599999999999,0.9995239228844999,1.6094379124341003,-2838.634662512345,4638.285689062471,3319.352364456312,89.97749209325389,135.0,75.3
2022-08-31,76.1,90.0,72.9,11.2,16.1,5.1,5.8,17.976570647189504,31.4,121.4666666,4.0,80.26294740442553,12.656443743142004,35.56626029694739,-0.8631421280499115,0.9942757993480691,31.4,985.9599999999999,0.9995239228844999,1.6094379124341003,-2838.634662512345,4638.285689062471,3319.352364456312,89.97749209325389,135.0,68.7
2022-09-01,78.5,83.5,72.9,12.3,18.6,7.0,9.7,25.79023952287347,31.4,121.4666666,4.0,82.58721634864415,12.624797403614393,35.40282979159797,-0.8717063187093217,0.9942757993480691,31.4,985.9599999999999,0.9995239228844999,1.6094379124341003,-2838.634662512345,4638.285689062471,3319.352364456312,89.97749209325389,135.0,66.2
2022-09-02,78.0,83.5,75.2,8.8,14.3,8.3,9.7,102.3806395124928,31.4,121.4666666,4.0,81.85469877583601,12.59303058089785,35.23727660746592,-0.8800122039735356,0.9942757993480691,31.4,985.9599999999999,0.9995239228844999,1.6094379124341003,-2838.634662512345,4638.285689062471,3319.352364456312,89.97749209325389,135.0,70.7
2022-09-03,80.5,84.7,75.2,4.7,15.1,4.9,7.8,10.595610726079723,31.4,121.4666666,4.0,84.26438282492018,12.561150234770711,35.06963270647076,-0.888057322629493,0.9942757993480691,31.4,985.9599999999999,0.9995239228844999,1.6094379124341003,-2838.634662512345,4638.285689062471,3319.352364456312,89.97749209325389,135.0,77.3
2022-09-04,80.9,88.3,75.9,1.1,13.8,9.5,11.7,-15.465303008971507,31.4,121.4666666,4.0,84.467442025521,12.529163217629813,34.89993194144445,-0.8958392907349089,0.9942757993480691,31.4,985.9599999999999,0.9995239228844999,1.6094379124341003,-2838.634662512345,4638.285689062471,3319.352364456312,89.97749209325389,135.0,75.8
2022-09-05,72.7,88.3,68.5,2.9,13.7,9.7,15.5,-19.540593362480806,31.4,121.4666666,4.0,75.71145379077257,12.497076279082128,34.72821006644555,-0.9033558023246842,0.9942757993480691,31.4,985.9599999999999,0.9995239228844999,1.6094379124341003,-2838.634662512345,4638.285689062471,3319.352364456312,89.97749209325389,135.0,67.7
2022-09-06,77.7,87.8,68.0,13.2,7.5,2.2,3.9,91.10077920756743,31.4,121.4666666,4.0,80.71020205819335,12.46489607076345,34.554504744144815,-0.9106046300942162,0.9942757993480691,31.4,985.9599999999999,0.9995239228844999,1.6094379124341003,-2838.634662512345,4638.285689062471,3319.352364456312,89.97749209325389,135.0,69.2
2022-09-07,82.0,92.3,69.6,15.8,11.4,3.2,5.8,-52.22524549883232,31.4,121.4666666,4.0,84.95629920101958,12.432629151368717,34.37885555024187,-0.9175836260593934,0.9942757993480691,31.4,985.9599999999999,0.9995239228844999,1.6094379124341003,-2838.634662512345,4638.285689062471,3319.352364456312,89.97749209325389,135.0,68.2
2022-09-08,79.9,92.3,71.2,16.4,18.5,5.3,7.8,5.057004838420044,31.4,121.4666666,4.0,82.5652109292597,12.400281991878805,34.201303974879224,-0.9242907221930934,0.9942757993480691,31.4,985.9599999999999,0.9995239228844999,1.6094379124341003,-2838.634662512345,4638.285689062471,3319.352364456312,89.97749209325389,135.0,66.8
2022-09-09,76.5,86.7,70.7,15.7,18.6,3.6,5.8,-47.30644684042116,31.4,121.4666666,4.0,78.84511375367762,12.367860980969038,34.021893421027,-0.9307239310379793,0.9942757993480691,31.4,985.9599999999999,0.9995239228844999,1.6094379124341003,-2838.634662512345,4638.285689062471,3319.352364456312,89.97749209325389,135.0,64.0
2022-09-11,78.5,84.9,74.3,11.5,17.3,5.5,5.8,67.34259818059772,31.4,121.4666666,4.0,80.48096438843429,12.302822581671483,33.65767852282501,-0.9427611433904206,0.9942757993480691,31.4,985.9599999999999,0.9995239228844999,1.6094379124341003,-2838.634662512345,4638.285689062471,3319.352364456312,89.97749209325389,135.0,69.2
2022-09-12,75.4,84.9,72.7,10.5,12.1,5.8,9.7,16.839089198720345,31.4,121.4666666,4.0,77.09786731642383,12.270217610040927,33.47297049126052,-0.9483615800121716,0.9942757993480691,31.4,985.9599999999999,0.9995239228844999,1.6094379124341003,-2838.634662512345,4638.285689062471,3319.352364456312,89.97749209325389,135.0,71.8
2022-09-13,75.1,80.4,72.1,8.8,15.0,7.5,11.7,-2.5226143062517643,31.4,121.4666666,4.0,76.58675239923413,12.237563632367639,33.28659608212422,-0.9536809966304455,0.9942757993480691,31.4,985.9599999999999,0.9995239228844999,1.6094379124341003,-2838.634662512345,4638.285689062471,3319.352364456312,89.97749209325389,135.0,71.9
2022-09-14,77.1,78.6,72.5,1.1,8.5,11.4,21.4,13.748880304006054,31.4,121.4666666,4.0,78.41626862649453,12.204866712294868,33.098608131283115,-0.9587178169872964,0.9942757993480691,31.4,985.9599999999999,0.9995239228844999,1.6094379124341003,-2838.634662512345,4638.285689062471,3319.352364456312,89.97749209325389,135.0,75.1
2022-09-15,74.9,78.6,72.5,3.9,15.3,7.8,15.5,101.91360495369959,31.4,121.4666666,4.0,75.97439597595461,12.172132866641594,32.909061313514194,-0.9634705485641486,0.9942757993480691,31.4,985.9599999999999,0.9995239228844999,1.6094379124341003,-2838.634662512345,4638.285689062471,3319.352364456312,89.97749209325389,135.0,69.7
2022-09-16,76.9,83.5,70.9,6.4,8.8,2.2,5.8,23.0496865070046,31.4,121.4666666,4.0,77.79311705945499,12.139368071696486,32.71801211952803,-0.9679377830240642,0.9942757993480691,31.4,985.9599999999999,0.9995239228844999,1.6094379124341003,-2838.634662512345,4638.285689062471,3319.352364456312,89.97749209325389,135.0,70.0
2022-09-17,78.8,86.7,70.9,6.6,12.5,5.1,5.8,55.080813143787466,31.4,121.4666666,4.0,79.49986397028468,12.1065782695865,32.525518830003946,-0.9721181966290612,0.9942757993480691,31.4,985.9599999999999,0.9995239228844999,1.6094379124341003,-2838.634662512345,4638.285689062471,3319.352364456312,89.97749209325389,135.0,70.2
2022-09-18,77.7,86.7,75.0,5.8,14.7,8.7,11.7,113.30650075412554,31.4,121.4666666,4.0,78.17765670123342,12.073769374707863,32.33164148667364,-0.9760105506323682,0.9942757993480691,31.4,985.9599999999999,0.9995239228844999,1.6094379124341003,-2838.634662512345,4638.285689062471,3319.352364456312,89.97749209325389,135.0,68.2
2022-09-19,74.8,83.5,69.1,10.8,17.8,7.8,9.7,111.56881453503985,31.4,121.4666666,4.0,75.05523804662593,12.04094728020737,32.13644186049731,-0.9796136916454901,0.9942757993480691,31.4,985.9599999999999,0.9995239228844999,1.6094379124341003,-2838.634662512345,4638.285689062471,3319.352364456312,89.97749209325389,135.0,60.0
2022-09-20,71.7,81.5,68.2,15.2,18.6,7.0,9.7,-9.269072055876276,31.4,121.4666666,4.0,71.74850424039917,12.008117864501951,31.939983416982866,-0.9829265519799822,0.9942757993480691,31.4,985.9599999999999,0.9995239228844999,1.6094379124341003,-2838.634662512345,4638.285689062471,3319.352364456312,89.97749209325389,135.0,58.4
2022-09-21,69.6,77.0,63.0,15.1,17.2,3.2,5.8,130.0673603736427,31.4,121.4666666,4.0,69.45666458738349,11.97528699782474,31.742331278705755,-0.9859481499638303,0.9942757993480691,31.4,985.9599999999999,0.9995239228844999,1.6094379124341003,-2838.634662512345,4638.285689062471,3319.352364456312,89.97749209325389,135.0,58.9
2022-09-22,73.8,81.7,62.8,12.8,15.7,3.2,7.8,-120.3635620126717,31.4,121.4666666,4.0,73.44613237503249,11.942460548785771,31.54355218509332,-0.9886775902323404,0.9942757993480691,31.4,985.9599999999999,0.9995239228844999,1.6094379124341003,-2838.634662512345,4638.285689062471,3319.352364456312,89.97749209325389,135.0,64.2
2022-09-23,71.9,81.7,66.2,17.0,17.2,6.4,11.7,1.9762807090380328,31.4,121.4666666,4.0,71.35861930902229,11.909644390935568,31.343714449543743,-0.9911140639934546,0.9942757993480691,31.4,985.9599999999999,0.9995239228844999,1.6094379124341003,-2838.634662512345,4638.285689062471,3319.352364456312,89.97749209325389,135.0,58.3
2022-09-24,71.4,80.4,66.0,17.1,18.6,5.1,7.8,105.38782072021371,31.4,121.4666666,4.0,70.6672242354536,11.876844409319933,31.14288791395647,-0.9932568492674143,0.9942757993480691,31.4,985.9599999999999,0.9995239228844999,1.6094379124341003,-2838.634662512345,4638.285689062471,3319.352364456312,89.97749209325389,135.0,57.2
2022-09-25,71.5,78.1,65.7,15.6,17.1,4.1,5.8,-27.360942315133293,31.4,121.4666666,4.0,70.57089627095885,11.844066507014073,30.94114390075612,-0.9951053111006974,0.9942757993480691,31.4,985.9599999999999,0.9995239228844999,1.6094379124341003,-2838.634662512345,4638.285689062471,3319.352364456312,89.97749209325389,135.0,61.0
2022-09-26,73.0,78.1,65.7,15.5,17.1,4.6,5.8,-27.81097489458456,31.4,121.4666666,4.0,71.85217605404804,11.811316611624337,30.738555162498272,-0.99665890175417,0.9942757993480691,31.4,985.9599999999999,0.9995239228844999,1.6094379124341003,-2838.634662512345,4638.285689062471,3319.352364456312,89.97749209325389,135.0,65.0
2022-09-27,74.0,80.2,70.0,14.2,18.6,4.6,5.8,-21.329511392994704,31.4,121.4666666,4.0,72.63470420409766,11.778600681745566,30.535195829150993,-0.9979171608653922,0.9942757993480691,31.4,985.9599999999999,0.9995239228844999,1.6094379124341003,-2838.634662512345,4638.285689062471,3319.352364456312,89.97749209325389,135.0,61.5
2022-09-28,69.1,80.2,66.0,13.4,16.3,3.6,5.8,34.89892297984469,31.4,121.4666666,4.0,67.6369498077766,11.745924713362074,30.331141353150706,-0.9988797155850335,0.9942757993480691,31.4,985.9599999999999,0.9995239228844999,1.6094379124341003,-2838.634662512345,4638.285689062471,3319.352364456312,89.97749209325389,135.0,64.3
2022-09-29,73.7,79.9,66.0,14.3,18.6,4.1,5.8,3.1954930437659606,31.4,121.4666666,4.0,71.93915189945587,11.71329474618006,30.126468452336784,-0.9995462806873573,0.9942757993480691,31.4,985.9599999999999,0.9995239228844999,1.6094379124341003,-2838.634662512345,4638.285689062471,3319.352364456312,89.97749209325389,135.0,66.9
2022-09-30,75.4,79.9,68.9,14.0,12.6,3.6,5.8,55.82767536491127,31.4,121.4666666,4.0,73.39383766574018,11.680716869879074,29.921255050873285,-0.9999166586547379,0.9942757993480691,31.4,985.9599999999999,0.9995239228844999,1.6094379124341003,-2838.634662512345,4638.285689062471,3319.352364456312,89.97749209325389,135.0,71.0
2022-10-01,80.3,87.6,74.3,12.8,14.2,5.8,7.8,105.25077950983928,31.4,121.4666666,4.0,77.9458531325567,11.648197230269995,29.71558021827108,-0.9999907397361901,0.9942757993480691,31.4,985.9599999999999,0.9995239228844999,1.6094379124341003,-2838.634662512345,4638.285689062471,3319.352364456312,89.97749209325389,135.0,73.6
2022-10-02,84.6,93.4,76.5,11.4,15.9,5.8,7.8,49.3816768120511,31.4,121.4666666,4.0,81.89098134919426,11.615742035346704,29.509524106627673,-0.9997685019798909,0.9942757993480691,31.4,985.9599999999999,0.9995239228844999,1.6094379124341003,-2838.634662512345,4638.285689062471,3319.352364456312,89.97749209325389,135.0,72.3
2022-10-03,87.8,98.1,78.8,10.8,16.9,6.1,7.8,-39.29439456346351,31.4,121.4666666,4.0,84.75156615624788,11.583357561218389,29.30316788620557,-0.9992500112396835,0.9942757993480691,31.4,985.9599999999999,0.9995239228844999,1.6094379124341003,-2838.634662512345,4638.285689062471,3319.352364456312,89.97749209325389,135.0,74.0
2022-10-04,67.2,73.8,64.2,20.7,17.2,7.8,9.7,125.83466748115292,31.4,121.4666666,4.0,64.68588088429132,11.551050157909165,29.09659367947404,-0.9984354211555643,0.9942757993480691,31.4,985.9599999999999,0.9995239228844999,1.6094379124341003,-2838.634662512345,4638.285689062471,3319.352364456312,89.97749209325389,135.0,58.1
2022-10-05,62.8,73.9,58.1,22.6,18.6,5.8,9.7,-22.712655966230887,31.4,121.4666666,4.0,60.28185740122621,11.518826255011378,28.889884493741555,-0.9973249731081555,0.9942757993480691,31.4,985.9599999999999,0.9995239228844999,1.6094379124341003,-2838.634662512345,4638.285689062471,3319.352364456312,89.97749209325389,135.0,53.9
2022-10-06,60.3,67.8,57.6,22.2,12.5,5.8,7.8,-53.66233379458861,31.4,121.4666666,4.0,57.720629145072486,11.486692367178605,28.68312415250968,-0.9959189961471792,0.9942757993480691,31.4,985.9599999999999,0.9995239228844999,1.6094379124341003,-2838.634662512345,4638.285689062471,3319.352364456312,89.97749209325389,135.0,55.8
2022-10-07,62.6,65.5,57.6,23.3,17.5,4.1,5.8,-79.46117466315008,31.4,121.4666666,4.0,59.75511743543373,11.454655099444166,28.476397225681218,-0.994217906893952,0.9942757993480691,31.4,985.9599999999999,0.9995239228844999,1.6094379124341003,-2838.634662512345,4638.285689062471,3319.352364456312,89.97749209325389,135.0,52.8
2022-10-08,62.9,68.5,57.6,21.7,16.2,2.7,3.9,22.145999492433905,31.4,121.4666666,4.0,59.874096706903615,11.422721152350451,28.26978895875737,-0.9922222094179324,0.9942757993480691,31.4,985.9599999999999,0.9995239228844999,1.6094379124341003,-2838.634662512345,4638.285689062471,3319.352364456312,89.97749209325389,135.0,53.0
2022-10-09,62.1,70.3,54.1,22.3,15.9,6.1,9.7,-63.403756618845776,31.4,121.4666666,4.0,58.94789366657391,11.390897326874185,28.063385201161015,-0.989932495087353,0.9942757993480691,31.4,985.9599999999999,0.9995239228844999,1.6094379124341003,-2838.634662512345,4638.285689062471,3319.352364456312,89.97749209325389,135.0,48.0
2022-10-10,58.2,70.3,52.3,25.0,18.6,6.3,9.7,-54.19385963074771,31.4,121.4666666,4.0,55.09207406629165,11.359190529132299,27.85727233382369,-0.9873494423939864,0.9942757993480691,31.4,985.9599999999999,0.9995239228844999,1.6094379124341003,-2838.634662512345,4638.285689062471,3319.352364456312,89.97749209325389,135.0,33.5
2022-10-11,61.8,67.1,52.3,24.9,18.5,4.1,5.8,-22.788564345521348,31.4,121.4666666,4.0,58.337180040491845,11.327607774852787,27.65153719617546,-0.9844738167520923,0.9942757993480691,31.4,985.9599999999999,0.9995239228844999,1.6094379124341003,-2838.634662512345,4638.285689062471,3319.352364456312,89.97749209325389,135.0,46.0
2022-10-12,63.4,68.4,55.8,24.7,18.6,4.1,5.8,-26.36675229562465,31.4,121.4666666,4.0,59.68135855615811,11.296156193594594,27.446267012677414,-0.9813064702716093,0.9942757993480691,31.4,985.9599999999999,0.9995239228844999,1.6094379124341003,-2838.634662512345,4638.285689062471,3319.352364456312,89.97749209325389,135.0,48.9
2022-10-13,65.2,72.3,55.8,21.3,18.6,4.6,7.8,35.280776698732495,31.4,121.4666666,4.0,61.205647144337924,11.264843032700231,27.241549319035972,-0.9778483415056567,0.9942757993480691,31.4,985.9599999999999,0.9995239228844999,1.6094379124341003,-2838.634662512345,4638.285689062471,3319.352364456312,89.97749209325389,135.0,55.9
2022-10-14,65.4,72.3,56.5,18.4,16.9,3.3,5.8,76.498550828059,31.4,121.4666666,4.0,61.22353235225661,11.233675660964515,27.037471888239512,-0.9741004551724206,0.9942757993480691,31.4,985.9599999999999,0.9995239228844999,1.6094379124341003,-2838.634662512345,4638.285689062471,3319.352364456312,89.97749209325389,135.0,57.9
2022-10-15,66.6,73.4,58.3,18.4,16.5,3.6,5.8,63.32500901921915,31.4,121.4666666,4.0,62.17477172461434,11.202661572002585,26.834122656555383,-0.970063921851507,0.9942757993480691,31.4,985.9599999999999,0.9995239228844999,1.6094379124341003,-2838.634662512345,4638.285689062471,3319.352364456312,89.97749209325389,135.0,58.3
2022-10-16,66.7,73.4,63.3,19.7,10.5,5.8,7.8,-25.85976166676404,31.4,121.4666666,4.0,62.096634952742534,11.171808387300006,26.63158964962606,-0.965739937654855,0.9942757993480691,31.4,985.9599999999999,0.9995239228844999,1.6094379124341003,-2838.634662512345,4638.285689062471,3319.352364456312,89.97749209325389,135.0,58.6
2022-10-17,61.6,72.0,57.6,24.7,18.6,8.1,9.7,-25.726065186492356,31.4,121.4666666,4.0,57.191102475828664,11.141123858927662,26.42996090880105,-0.9611297838723007,0.9942757993480691,31.4,985.9599999999999,0.9995239228844999,1.6094379124341003,-2838.634662512345,4638.285689062471,3319.352364456312,89.97749209325389,135.0,41.3
2022-10-18,60.5,69.3,57.2,25.6,18.6,5.3,7.8,144.98304567140744,31.4,121.4666666,4.0,56.01602168751521,11.110615871903844,26.229324417839504,-0.9562348265919058,0.9942757993480691,31.4,985.9599999999999,0.9995239228844999,1.6094379124341003,-2838.634662512345,4638.285689062471,3319.352364456312,89.97749209325389,135.0,42.6
2022-10-19,60.5,67.6,51.4,26.6,16.3,4.9,7.8,-149.76128412395875,31.4,121.4666666,4.0,55.86314108285393,11.080292446185904,26.0297680301168,-0.9510565162951536,0.9942757993480691,31.4,985.9599999999999,0.9995239228844999,1.6094379124341003,-2838.634662512345,4638.285689062471,3319.352364456312,89.97749209325389,135.0,45.7
2022-10-20,63.1,70.3,51.4,24.4,14.4,3.6,7.8,98.00082987887009,31.4,121.4666666,4.0,58.105433807089064,11.050161738273673,25.83137939646551,-0.9455963874271428,0.9942757993480691,31.4,985.9599999999999,0.9995239228844999,1.6094379124341003,-2838.634662512345,4638.285689062471,3319.352364456312,89.97749209325389,135.0,52.7
2022-10-21,69.8,78.4,55.6,20.8,11.8,3.1,5.8,-45.22489958029287,31.4,121.4666666,4.0,64.10101638,11.020232042406878,25.634245893778626,-0.9398560579418953,0.9942757993480691,31.4,985.9599999999999,0.9995239228844999,1.6094379124341003,-2838.634662512345,4638.285689062471,3319.352364456312,89.97749209325389,135.0,61.3
2022-10-22,69.1,78.4,63.7,20.9,13.2,4.6,7.8,130.53071623249338,31.4,121.4666666,4.0,63.28703039845964,10.990511791338868,25.438454554499835,-0.9338372288229252,0.9942757993480691,31.4,985.9599999999999,0.9995239228844999,1.6094379124341003,-2838.634662512345,4638.285689062471,3319.352364456312,89.97749209325389,135.0,63.0
2022-10-23,64.4,77.9,59.7,23.0,16.9,6.3,9.7,-6.496074526773736,31.4,121.4666666,4.0,58.82408462078999,10.961009556668941,25.2440919971217,-0.9275416835791965,0.9942757993480691,31.4,985.9599999999999,0.9995239228844999,1.6094379124341003,-2838.634662512345,4638.285689062471,3319.352364456312,89.97749209325389,135.0,50.8
2022-10-24,61.1,70.9,54.1,25.5,18.6,4.3,5.8,4.278613554298017,31.4,121.4666666,4.0,55.66074586471205,10.931734048715951,25.051244357809516,-0.9209712877166347,0.9942757993480691,31.4,985.9599999999999,0.9995239228844999,1.6094379124341003,-2838.634662512345,4638.285689062471,3319.352364456312,89.97749209325389,135.0,47.7
2022-10-25,61.4,70.7,54.1,25.2,18.6,3.9,7.8,55.01292300612523,31.4,121.4666666,4.0,55.78545155977011,10.902694115915983,24.859997223263548,-0.9141279881853337,0.9942757993480691,31.4,985.9599999999999,0.9995239228844999,1.6094379124341003,-2838.634662512345,4638.285689062471,3319.352364456312,89.97749209325389,135.0,47.8
2022-10-26,65.6,69.8,55.4,22.1,17.5,4.1,5.8,28.924133365850828,31.4,121.4666666,4.0,59.4439797990432,10.873898743727414,24.67043556492861,-0.9070138128026362,0.9942757993480691,31.4,985.9599999999999,0.9995239228844999,1.6094379124341003,-2838.634662512345,4638.285689062471,3319.352364456312,89.97749209325389,135.0,58.7
2022-10-27,64.8,69.8,61.9,24.0,18.6,5.8,7.8,-15.068438878070374,31.4,121.4666666,4.0,58.56492808634623,10.84535705302708,24.482643674654806,-0.8996308696522434,0.9942757993480691,31.4,985.9599999999999,0.9995239228844999,1.6094379124341003,-2838.634662512345,4638.285689062471,3319.352364456312,89.97749209325389,135.0,57.2
2022-10-28,62.8,68.4,60.3,25.3,18.6,5.6,7.8,27.33936538731099,31.4,121.4666666,4.0,56.609376426104944,10.817078297981837,24.29670510190805,-0.8919813464595487,0.9942757993480691,31.4,985.9599999999999,0.9995239228844999,1.6094379124341003,-2838.634662512345,4638.285689062471,3319.352364456312,89.97749209325389,135.0,52.4
2022-10-29,63.5,68.9,60.1,23.7,17.0,4.6,5.8,57.48474098682693,31.4,121.4666666,4.0,57.09217194372264,10.789071863380657,24.1127025926239,-0.8840675099433637,0.9942757993480691,31.4,985.9599999999999,0.9995239228844999,1.6094379124341003,-2838.634662512345,4638.285689062471,3319.352364456312,89.97749209325389,135.0,54.1
2022-10-30,66.1,72.5,60.1,21.7,17.8,4.6,7.8,-102.8373728933386,31.4,121.4666666,4.0,59.2770878316167,10.761347261413018,23.930718029792317,-0.8758917051442433,0.9942757993480691,31.4,985.9599999999999,0.9995239228844999,1.6094379124341003,-2838.634662512345,4638.285689062471,3319.352364456312,89.97749209325389,135.0,57.1
2022-10-31,65.4,72.5,60.4,21.9,18.6,4.4,7.8,-141.69299092227462,31.4,121.4666666,4.0,58.49983199694868,10.73391412788049,23.75083237585496,-0.8674563547295971,0.9942757993480691,31.4,985.9599999999999,0.9995239228844999,1.6094379124341003,-2838.634662512345,4638.285689062471,3319.352364456312,89.97749209325389,135.0,55.2
2022-11-01,64.1,72.3,59.7,22.0,13.0,5.3,7.8,10.822705266983188,31.4,121.4666666,4.0,57.19206168023888,10.706782217829431,23.573125616991,-0.858763958275803,0.9942757993480691,31.4,985.9599999999999,0.9995239228844999,1.6094379124341003,-2838.634662512345,4638.285689062471,3319.352364456312,89.97749209325389,135.0,54.0
2022-11-02,59.9,69.8,50.0,19.8,16.2,3.9,7.8,-60.8274547334235,31.4,121.4666666,4.0,53.31080732463115,10.679961400593886,23.397676709360066,-0.8498170915275277,0.9942757993480691,31.4,985.9599999999999,0.9995239228844999,1.6094379124341003,-2838.634662512345,4638.285689062471,3319.352364456312,89.97749209325389,135.0,49.1
2022-11-03,62.4,69.1,50.0,21.4,17.0,5.1,5.8,43.69543858514264,31.4,121.4666666,4.0,55.39800060204403,10.653461654239237,23.22456352736537,-0.8406184056344783,0.9942757993480691,31.4,985.9599999999999,0.9995239228844999,1.6094379124341003,-2838.634662512345,4638.285689062471,3319.352364456312,89.97749209325389,135.0,49.9
2022-11-04,58.3,67.8,55.0,26.6,18.6,6.3,7.8,-36.397592371620966,31.4,121.4666666,4.0,51.6309321135783,10.627293059398621,23.053862813992502,-0.8311706263658079,0.9942757993480691,31.4,985.9599999999999,0.9995239228844999,1.6094379124341003,-2838.634662512345,4638.285689062471,3319.352364456312,89.97749209325389,135.0,42.8
2022-11-05,56.1,63.9,45.7,26.6,17.5,3.6,5.8,1.992323914826457,31.4,121.4666666,4.0,49.56185257991757,10.601465792495736,22.885650133272428,-0.8214765533024145,0.9942757993480691,31.4,985.9599999999999,0.9995239228844999,1.6094379124341003,-2838.634662512345,4638.285689062471,3319.352364456312,89.97749209325389,135.0,42.9
2022-11-06,56.7,65.8,45.7,23.1,16.9,3.9,7.8,-42.44156293331397,31.4,121.4666666,4.0,49.97155330920165,10.575990118349555,22.71999982491082,-0.8115390590073611,0.9942757993480691,31.4,985.9599999999999,0.9995239228844999,1.6094379124341003,-2838.634662512345,4638.285689062471,3319.352364456312,89.97749209325389,135.0,45.7
2022-11-07,61.1,73.2,47.1,21.9,13.9,2.7,7.8,24.817129632490392,31.4,121.4666666,4.0,53.721545579156015,10.5508763821583,22.556984961117358,-0.801361088174677,0.9942757993480691,31.4,985.9599999999999,0.9995239228844999,1.6094379124341003,-2838.634662512345,4638.285689062471,3319.352364456312,89.97749209325389,135.0,52.7
2022-11-08,62.6,73.2,50.2,22.8,16.8,4.2,7.8,-66.23409093926216,31.4,121.4666666,4.0,54.911337587831234,10.526135000862217,22.396677305662323,-0.7909456567567774,0.9942757993480691,31.4,985.9599999999999,0.9995239228844999,1.6094379124341003,-2838.634662512345,4638.285689062471,3319.352364456312,89.97749209325389,135.0,54.7
2022-11-09,67.0,74.8,54.3,20.3,9.3,3.4,7.8,-122.37081871599392,31.4,121.4666666,4.0,58.63491853420147,10.50177645388683,22.239147275179725,-0.780295851070776,0.9942757993480691,31.4,985.9599999999999,0.9995239228844999,1.6094379124341003,-2838.634662512345,4638.285689062471,3319.352364456312,89.97749209325389,135.0,61.9
2022-11-10,68.9,75.7,58.8,20.2,5.8,3.4,5.8,-99.74435766197647,31.4,121.4666666,4.0,60.160099727363146,10.477811273270794,22.08446390272873,-0.7694148268839381,0.9942757993480691,31.4,985.9599999999999,0.9995239228844999,1.6094379124341003,-2838.634662512345,4638.285689062471,3319.352364456312,89.97749209325389,135.0,65.0
2022-11-11,68.7,75.7,66.7,18.8,7.5,4.4,5.8,132.78593042490965,31.4,121.4666666,4.0,59.850581439983614,10.45425003318491,21.932694803617704,-0.7583058084785625,0.9942757993480691,31.4,985.9599999999999,0.9995239228844999,1.6094379124341003,-2838.634662512345,4638.285689062471,3319.352364456312,89.97749209325389,135.0,66.8
2022-11-12,71.4,81.1,59.9,15.6,12.9,5.8,7.8,-56.631668061537916,31.4,121.4666666,4.0,62.06506486616643,10.4311033388515,21.783906143487396,-0.7469720876965551,0.9942757993480691,31.4,985.9599999999999,0.9995239228844999,1.6094379124341003,-2838.634662512345,4638.285689062471,3319.352364456312,89.97749209325389,135.0,65.0
2022-11-13,56.1,81.1,52.9,23.3,18.3,6.1,7.8,59.132665520015415,31.4,121.4666666,4.0,48.65918498454577,10.4083818148761,21.638162608642467,-0.7354170229639858,0.9942757993480691,31.4,985.9599999999999,0.9995239228844999,1.6094379124341003,-2838.634662512345,4638.285689062471,3319.352364456312,89.97749209325389,135.0,47.7
2022-11-14,52.0,59.2,49.6,21.4,6.8,4.1,5.8,-88.60971650847272,31.4,121.4666666,4.0,45.00641640302697,10.386096093006223,21.495527378612493,-0.7236440382959124,0.9942757993480691,31.4,985.9599999999999,0.9995239228844999,1.6094379124341003,-2838.634662512345,4638.285689062471,3319.352364456312,89.97749209325389,135.0,45.1
2022-11-15,54.7,61.2,47.7,20.7,2.8,2.3,3.9,-74.74187124912908,31.4,121.4666666,4.0,47.243737243634996,10.364256799334918,21.356062100916663,-0.711656622281775,0.9942757993480691,31.4,985.9599999999999,0.9995239228844999,1.6094379124341003,-2838.634662512345,4638.285689062471,3319.352364456312,89.97749209325389,135.0,42.4
2022-11-18,64.9,66.9,57.4,20.3,7.7,4.1,5.8,15.401979971218939,31.4,121.4666666,4.0,55.71407228085747,10.301523380127728,20.95727900736338,-0.6744436188329457,0.9942757993480691,31.4,985.9599999999999,0.9995239228844999,1.6094379124341003,-2838.634662512345,4638.285689062471,3319.352364456312,89.97749209325389,135.0,60.5
2022-11-19,64.4,70.3,60.3,17.7,3.3,4.1,5.8,8.81276650726115,31.4,121.4666666,4.0,55.17778835553148,10.28157546997481,20.83107861109118,-0.661634618242279,0.9942757993480691,31.4,985.9599999999999,0.9995239228844999,1.6094379124341003,-2838.634662512345,4638.285689062471,3319.352364456312,89.97749209325389,135.0,60.5
2022-11-20,61.6,70.3,58.6,18.5,2.6,4.1,7.8,133.73514554908053,31.4,121.4666666,4.0,52.67891628895786,10.262126549796985,20.70833269080043,-0.6486295610349818,0.9942757993480691,31.4,985.9599999999999,0.9995239228844999,1.6094379124341003,-2838.634662512345,4638.285689062471,3319.352364456312,89.97749209325389,135.0,55.6
2022-11-21,64.4,70.7,55.4,18.2,4.8,2.8,5.8,124.90311695297585,31.4,121.4666666,4.0,54.97176977685863,10.243186914942601,20.58909329030279,-0.6354323008901775,0.9942757993480691,31.4,985.9599999999999,0.9995239228844999,1.6094379124341003,-2838.634662512345,4638.285689062471,3319.352364456312,89.97749209325389,135.0,58.5
2022-11-22,61.6,70.7,58.8,15.8,6.1,6.8,9.7,75.6618997773879,31.4,121.4666666,4.0,52.48713599418959,10.224766752114856,20.47341080275852,-0.622046748440868,0.9942757993480691,31.4,985.9599999999999,0.9995239228844999,1.6094379124341003,-2838.634662512345,4638.285689062471,3319.352364456312,89.97749209325389,135.0,57.4
2022-11-23,58.8,66.4,52.5,20.6,7.7,2.7,5.8,32.09911593480575,31.4,121.4666666,4.0,50.013693003386535,10.206876123140109,20.361333961284103,-0.6084768701151264,0.9942757993480691,31.4,985.9599999999999,0.9995239228844999,1.6094379124341003,-2838.634662512345,4638.285689062471,3319.352364456312,89.97749209325389,135.0,52.7
2022-11-24,57.2,67.3,49.8,20.4,6.4,2.9,5.8,6.6094666705747,31.4,121.4666666,4.0,48.57006892108292,10.189524948478933,20.252909831220226,-0.594726686960764,0.9942757993480691,31.4,985.9599999999999,0.9995239228844999,1.6094379124341003,-2838.634662512345,4638.285689062471,3319.352364456312,89.97749209325389,135.0,50.1
2022-11-25,62.4,68.9,49.8,16.0,5.2,3.2,7.8,-9.405027649326364,31.4,121.4666666,4.0,52.89815955074595,10.172722990528067,20.148183803970202,-0.5808002734538013,0.9942757993480691,31.4,985.9599999999999,0.9995239228844999,1.6094379124341003,-2838.634662512345,4638.285689062471,3319.352364456312,89.97749209325389,135.0,56.6
2022-11-26,59.9,68.9,54.0,17.8,3.9,3.9,7.8,130.31434676963593,31.4,121.4666666,4.0,50.69776185184703,10.156479836764012,20.04719959231472,-0.5667017562911184,0.9942757993480691,31.4,985.9599999999999,0.9995239228844999,1.6094379124341003,-2838.634662512345,4638.285689062471,3319.352364456312,89.97749209325389,135.0,54.1
2022-11-27,65.3,68.9,54.0,13.1,7.6,6.6,9.7,38.29127068091384,31.4,121.4666666,4.0,55.182879903802906,10.140804882781545,19.949999227104307,-0.5524353131676203,0.9942757993480691,31.4,985.9599999999999,0.9995239228844999,1.6094379124341003,-2838.634662512345,4638.285689062471,3319.352364456312,89.97749209325389,135.0,58.2
2022-11-28,66.6,72.9,60.3,10.5,4.1,7.0,11.7,37.9435555221372,31.4,121.4666666,4.0,56.19767559981873,10.125707315282655,19.85662305522752,-0.5380051715382992,0.9942757993480691,31.4,985.9599999999999,0.9995239228844999,1.6094379124341003,-2838.634662512345,4638.285689062471,3319.352364456312,89.97749209325389,135.0,63.2
2022-11-29,50.0,72.9,40.3,24.8,7.3,10.0,13.6,-20.929228531088643,31.4,121.4666666,4.0,42.129983729473075,10.111196095073538,19.767109738749948,-0.5234156073655503,0.9942757993480691,31.4,985.9599999999999,0.9995239228844999,1.6094379124341003,-2838.634662512345,4638.285689062471,3319.352364456312,89.97749209325389,135.0,45.3
2022-11-30,39.3,58.6,36.7,34.1,12.9,8.3,11.7,-90.06746636580498,31.4,121.4666666,4.0,33.0685918039224,10.09727994012898,19.681496255116148,-0.5086709438521042,0.9942757993480691,31.4,985.9599999999999,0.9995239228844999,1.6094379124341003,-2838.634662512345,4638.285689062471,3319.352364456312,89.97749209325389,135.0,31.3
2022-12-01,38.9,40.6,36.1,32.5,12.4,6.6,7.8,129.45773866515816,31.4,121.4666666,4.0,32.688860692645015,10.083967308785097,19.599817898305258,-0.49377555015997737,0.9942757993480691,31.4,985.9599999999999,0.9995239228844999,1.6094379124341003,-2838.634662512345,4638.285689062471,3319.352364456312,89.97749209325389,135.0,26.5
2022-12-02,44.6,46.9,37.4,26.8,6.0,2.7,3.9,-22.998822820272586,31.4,121.4666666,4.0,37.431540057271995,10.07126638312251,19.52210828082909,-0.4787338401157883,0.9942757993480691,31.4,985.9599999999999,0.9995239228844999,1.6094379124341003,-2838.634662512345,4638.285689062471,3319.352364456312,89.97749209325389,135.0,35.5
2022-12-03,49.3,51.3,38.3,24.4,2.8,5.8,9.7,9.693110144754337,31.4,121.4666666,4.0,41.3264852577773,10.059185052602993,19.448399336461197,-0.4635502709028512,0.9942757993480691,31.4,985.9599999999999,0.9995239228844999,1.6094379124341003,-2838.634662512345,4638.285689062471,3319.352364456312,89.97749209325389,135.0,47.2
2022-12-04,48.4,52.7,45.7,29.0,10.1,7.5,9.7,-62.12642733481665,31.4,121.4666666,4.0,40.52584795536022,10.047730898023195,19.378721323584937,-0.4482293417404106,0.9942757993480691,31.4,985.9599999999999,0.9995239228844999,1.6094379124341003,-2838.634662512345,4638.285689062471,3319.352364456312,89.97749209325389,135.0,42.1
2022-12-05,46.5,51.6,41.0,29.0,15.1,5.8,7.8,86.12460373794582,31.4,121.4666666,4.0,38.89303080641528,10.036911175849106,19.31310282904931,-0.4327755925504317,0.9942757993480691,31.4,985.9599999999999,0.9995239228844999,1.6094379124341003,-2838.634662512345,4638.285689062471,3319.352364456312,89.97749209325389,135.0,37.1
2022-12-06,43.3,54.1,37.2,26.9,7.0,1.1,1.9,-124.8002205625998,31.4,121.4666666,4.0,36.1797941974734,10.026732802994939,19.251570772422326,-0.41719360261231697,0.9942757993480691,31.4,985.9599999999999,0.9995239228844999,1.6094379124341003,-2838.634662512345,4638.285689062471,3319.352364456312,89.97749209325389,135.0,35.7
2022-12-07,50.6,55.8,36.5,25.7,5.7,2.9,3.9,78.08874715238898,31.4,121.4666666,4.0,42.2392032092277,10.017202342109336,19.19415041053322,-0.4014879892059737,0.9942757993480691,31.4,985.9599999999999,0.9995239228844999,1.6094379124341003,-2838.634662512345,4638.285689062471,3319.352364456312,89.97749209325389,135.0,39.2
2022-12-08,56.3,60.1,44.8,22.5,8.7,3.2,5.8,-61.90550890876572,31.4,121.4666666,4.0,46.95572942436336,10.008325987430913,19.14086534219785,-0.38566340624360745,0.9942757993480691,31.4,985.9599999999999,0.9995239228844999,1.6094379124341003,-2838.634662512345,4638.285689062471,3319.352364456312,89.97749209325389,135.0,49.1
2022-12-09,54.4,60.1,52.0,19.9,3.6,3.2,3.9,96.22604929104489,31.4,121.4666666,4.0,45.33382996577465,10.00010955127382,19.09173751302386,-0.3697245428906732,0.9942757993480691,31.4,985.9599999999999,0.9995239228844999,1.6094379124341003,-2838.634662512345,4638.285689062471,3319.352364456312,89.97749209325389,135.0,52.8
2022-12-10,51.1,56.5,45.5,22.1,3.0,6.6,7.8,61.284468453019926,31.4,121.4666666,4.0,42.55164473803559,9.992558451202095,19.04678722019658,-0.3536761221763721,0.9942757993480691,31.4,985.9599999999999,0.9995239228844999,1.6094379124341003,-2838.634662512345,4638.285689062471,3319.352364456312,89.97749209325389,135.0,45.9
2022-12-11,46.6,54.9,41.5,25.8,14.7,5.6,9.7,-47.169149287124384,31.4,121.4666666,4.0,38.777715060370625,9.985677697949518,19.00603311715024,-0.33752289959411347,0.9942757993480691,31.4,985.9599999999999,0.9995239228844999,1.6094379124341003,-2838.634662512345,4638.285689062471,3319.352364456312,89.97749209325389,135.0,32.7
2022-12-12,42.1,51.1,34.2,24.8,5.3,4.6,7.8,29.39455554893415,31.4,121.4666666,4.0,35.01131386018776,9.979471884139029,18.969492218034574,-0.32126966169236515,0.9942757993480691,31.4,985.9599999999999,0.9995239228844999,1.6094379124341003,-2838.634662512345,4638.285689062471,3319.352364456312,89.97749209325389,135.0,31.1
2022-12-13,45.9,53.1,34.2,28.1,5.7,6.3,9.7,-13.417038328822322,31.4,121.4666666,4.0,38.150340289987064,9.973945173852828,18.93717990189175,-0.3049212246562894,0.9942757993480691,31.4,985.9599999999999,0.9995239228844999,1.6094379124341003,-2838.634662512345,4638.285689062471,3319.352364456312,89.97749209325389,135.0,24.4
2022-12-14,37.2,53.1,29.5,29.3,9.0,2.9,7.8,-46.30022014048215,31.4,121.4666666,4.0,30.904214008612925,9.969101293100943,18.90910991646498,-0.2884824328806098,0.9942757993480691,31.4,985.9599999999999,0.9995239228844999,1.6094379124341003,-2838.634662512345,4638.285689062471,3319.352364456312,89.97749209325389,135.0,23.0
2022-12-15,46.8,55.8,29.1,24.2,8.2,3.2,5.8,88.25909254036172,31.4,121.4666666,4.0,38.863279732806305,9.964943521232385,18.885294381566293,-0.27195815753410524,0.9942757993480691,31.4,985.9599999999999,0.9995239228844999,1.6094379124341003,-2838.634662512345,4638.285689062471,3319.352364456312,89.97749209325389,135.0,32.9
2022-12-16,44.0,55.8,37.4,30.0,9.4,8.9,11.7,8.628912619783122,31.4,121.4666666,4.0,36.5254071722062,9.961474683328964,18.865743791938065,-0.2553532951161881,0.9942757993480691,31.4,985.9599999999999,0.9995239228844999,1.6094379124341003,-2838.634662512345,4638.285689062471,3319.352364456312,89.97749209325389,135.0,38.5
2022-12-17,32.5,51.4,26.2,34.4,9.9,9.0,11.7,8.840278204419878,31.4,121.4666666,4.0,26.971471430630928,9.958697143617574,18.850467019550315,-0.23867276600594997,0.9942757993480691,31.4,985.9599999999999,0.9995239228844999,1.6094379124341003,-2838.634662512345,4638.285689062471,3319.352364456312,89.97749209325389,135.0,12.2
2022-12-18,30.2,40.1,22.5,29.1,8.9,3.4,7.8,-49.16913230194168,31.4,121.4666666,4.0,25.05747554649586,9.95661279993213,18.83947131528334,-0.22192151300416674,0.9942757993480691,31.4,985.9599999999999,0.9995239228844999,1.6094379124341003,-2838.634662512345,4638.285689062471,3319.352364456312,89.97749209325389,135.0,12.2
2022-12-19,35.9,50.7,22.3,26.4,6.3,2.2,5.8,-6.527292466990726,31.4,121.4666666,4.0,29.78270904542751,9.955223079251535,18.832762309953544,-0.20510449986861926,0.9942757993480691,31.4,985.9599999999999,0.9995239228844999,1.6094379124341003,-2838.634662512345,4638.285689062471,3319.352364456312,89.97749209325389,135.0,22.1
2022-12-20,48.1,56.8,26.6,20.8,7.7,4.1,7.8,94.93955066086347,31.4,121.4666666,4.0,39.90107014512631,9.954528934335046,18.830344014648634,-0.1882267098432439,0.9942757993480691,31.4,985.9599999999999,0.9995239228844999,1.6094379124341003,-2838.634662512345,4638.285689062471,3319.352364456312,89.97749209325389,135.0,35.8
2022-12-21,42.1,56.8,31.8,16.2,4.2,4.6,11.7,-0.7208697392465915,31.4,121.4666666,4.0,34.92381236882804,9.954530841471176,18.832218820346846,-0.1712931441814778,0.9942757993480691,31.4,985.9599999999999,0.9995239228844999,1.6094379124341003,-2838.634662512345,4638.285689062471,3319.352364456312,89.97749209325389,135.0,23.4
2022-12-22,35.7,52.5,28.4,21.8,11.3,9.2,13.6,144.4642985331777,31.4,121.4666666,4.0,29.616805678069152,9.955228799350975,18.838387496803957,-0.154308820664281,0.9942757993480691,31.4,985.9599999999999,0.9995239228844999,1.6094379124341003,-2838.634662512345,4638.285689062471,3319.352364456312,89.97749209325389,135.0,10.2
2022-12-23,34.4,41.7,27.9,25.7,14.1,6.3,9.7,132.8848471074215,31.4,121.4666666,4.0,28.542317343337245,9.956622329071132,18.84884919070042,-0.13727877211326517,0.9942757993480691,31.4,985.9599999999999,0.9995239228844999,1.6094379124341003,-2838.634662512345,4638.285689062471,3319.352364456312,89.97749209325389,135.0,6.7
2022-12-24,35.0,40.5,29.7,27.8,10.0,7.0,9.7,-52.475492549821425,31.4,121.4666666,4.0,29.04623888619503,9.958710475266868,18.863601423050195,-0.12020804489935275,0.9942757993480691,31.4,985.9599999999999,0.9995239228844999,1.6094379124341003,-2838.634662512345,4638.285689062471,3319.352364456312,89.97749209325389,135.0,16.5
2022-12-25,34.6,42.6,27.7,29.0,5.6,2.7,5.8,-50.235860318427434,31.4,121.4666666,4.0,28.72230138079778,9.961491808369171,18.882640085881743,-0.10310169744743544,0.9942757993480691,31.4,985.9599999999999,0.9995239228844999,1.6094379124341003,-2838.634662512345,4638.285689062471,3319.352364456312,89.97749209325389,135.0,25.9
2022-12-26,40.5,44.4,27.7,29.4,5.0,3.6,7.8,92.14466851969766,31.4,121.4666666,4.0,33.631754944417295,9.964964427975495,18.905959438210548,-0.0859647987374467,0.9942757993480691,31.4,985.9599999999999,0.9995239228844999,1.6094379124341003,-2838.634662512345,4638.285689062471,3319.352364456312,89.97749209325389,135.0,26.4
2022-12-27,43.0,49.3,34.2,30.7,3.8,3.2,5.8,-4.8755064187224555,31.4,121.4666666,4.0,35.72270138288861,9.969125967317751,18.93355210133159,-0.06880242680232064,0.9942757993480691,31.4,985.9599999999999,0.9995239228844999,1.6094379124341003,-2838.634662512345,4638.285689062471,3319.352364456312,89.97749209325389,135.0,30.6
2022-12-28,42.6,49.3,35.6,33.0,4.0,4.1,5.8,-167.71196021337698,31.4,121.4666666,4.0,35.40760627576198,9.973973598806191,18.96540905346857,-0.05161966722325418,0.9942757993480691,31.4,985.9599999999999,0.9995239228844999,1.6094379124341003,-2838.634662512345,4638.285689062471,3319.352364456312,89.97749209325389,135.0,30.6
2022-12-29,41.5,45.7,38.1,34.1,13.5,3.6,3.9,-30.201867760604163,31.4,121.4666666,4.0,34.51245147382052,9.979504040622801,19.00151962382531,-0.034421611622745804,0.9942757993480691,31.4,985.9599999999999,0.9995239228844999,1.6094379124341003,-2838.634662512345,4638.285689062471,3319.352364456312,89.97749209325389,135.0,30.1
2022-12-30,35.9,45.5,27.3,33.7,5.2,1.5,5.8,30.863761652488943,31.4,121.4666666,4.0,29.873926413296132,9.985713564332968,19.041871486093022,-0.01721335615583528,0.9942757993480691,31.4,985.9599999999999,0.9995239228844999,1.6094379124341003,-2838.634662512345,4638.285689062471,3319.352364456312,89.97749209325389,135.0,28.4
2022-12-31,38.5,49.6,27.1,32.8,3.2,1.7,3.9,69.61912401256185,31.4,121.4666666,4.0,32.05958526116372,9.992598003479602,19.08645065147476,6.432490598706546e-16,0.9942757993480691,31.4,985.9599999999999,0.9995239228844999,1.6094379124341003,-2838.634662512345,4638.285689062471,3319.352364456312,89.97749209325389,135.0,26.2
2023-01-01,44.2,49.6,30.4,32.2,3.5,2.2,3.9,-66.91903876152502,31.4,121.4666666,4.0,36.83389601082391,10.000152763119614,19.13524146129605,0.017213356155834685,0.9942757993480691,31.4,985.9599999999999,0.9995239228844999,1.6094379124341003,-2838.634662512345,4638.285689062471,3319.352364456312,89.97749209325389,135.0,27.5
2023-01-02,44.8,48.0,37.2,32.9,10.2,4.6,5.8,-70.96184685356467,31.4,121.4666666,4.0,37.36459189963215,10.008372830258613,19.188226579277735,0.03442161162274574,0.9942757993480691,31.4,985.9599999999999,0.9995239228844999,1.6094379124341003,-2838.634662512345,4638.285689062471,3319.352364456312,89.97749209325389,135.0,34.6
2023-01-03,39.9,49.8,29.1,32.3,10.6,1.5,3.9,109.50640950626698,31.4,121.4666666,4.0,33.30736551057722,10.017252785136007,19.24538698355352,0.051619667223253764,0.9942757993480691,31.4,985.9599999999999,0.9995239228844999,1.6094379124341003,-2838.634662512345,4638.285689062471,3319.352364456312,89.97749209325389,135.0,29.0
2023-01-04,42.1,52.9,28.4,30.7,4.0,2.7,3.9,58.60200755408077,31.4,121.4666666,4.0,35.17731040336045,10.026786813309393,19.306701958521014,0.06880242680231986,0.9942757993480691,31.4,985.9599999999999,0.9995239228844999,1.6094379124341003,-2838.634662512345,4638.285689062471,3319.352364456312,89.97749209325389,135.0,28.8
2023-01-05,48.8,54.9,33.1,28.1,6.2,2.5,5.8,28.63978864149054,31.4,121.4666666,4.0,40.8170061218354,10.036968718484115,19.372149086620652,0.08596479873744647,0.9942757993480691,31.4,985.9599999999999,0.9995239228844999,1.6094379124341003,-2838.634662512345,4638.285689062471,3319.352364456312,89.97749209325389,135.0,42.4
2023-01-06,48.0,58.6,34.7,24.7,2.5,5.1,9.7,71.64387579889129,31.4,121.4666666,4.0,40.19116774412538,10.047791936031345,19.44170424014148,0.10310169744743485,0.9942757993480691,31.4,985.9599999999999,0.9995239228844999,1.6094379124341003,-2838.634662512345,4638.285689062471,3319.352364456312,89.97749209325389,135.0,32.5
2023-01-07,45.5,61.2,32.2,24.0,3.5,1.9,3.9,-0.7243175704242848,31.4,121.4666666,4.0,38.14132119955657,10.0592495471358,19.515341573157976,0.1202080448993527,0.9942757993480691,31.4,985.9599999999999,0.9995239228844999,1.6094379124341003,-2838.634662512345,4638.285689062471,3319.352364456312,89.97749209325389,135.0,25.1
2023-01-08,48.1,64.6,34.3,22.2,4.5,2.9,7.8,66.2912331211166,31.4,121.4666666,4.0,40.369264959829216,10.071334293512486,19.593033513705,0.13727877211326478,0.9942757993480691,31.4,985.9599999999999,0.9995239228844999,1.6094379124341003,-2838.634662512345,4638.285689062471,3319.352364456312,89.97749209325389,135.0,34.1
2023-01-09,49.5,64.6,35.8,26.6,5.9,5.6,7.8,-4.159969326548008,31.4,121.4666666,4.0,41.59665919460064,10.084038592630458,19.674750756302018,0.15430882066428117,0.9942757993480691,31.4,985.9599999999999,0.9995239228844999,1.6094379124341003,-2838.634662512345,4638.285689062471,3319.352364456312,89.97749209325389,135.0,40.1
2023-01-10,44.5,61.0,36.1,26.7,8.9,3.4,5.8,-32.76778555405894,31.4,121.4666666,4.0,37.44435646878627,10.097354553380566,19.76046225493954,0.1712931441814776,0.9942757993480691,31.4,985.9599999999999,0.9995239228844999,1.6094379124341003,-2838.634662512345,4638.285689062471,3319.352364456312,89.97749209325389,135.0,38.0
2023-01-11,52.9,62.2,36.0,21.3,5.0,3.4,5.8,56.113113872851905,31.4,121.4666666,4.0,44.573866181945206,10.111273992123676,19.850135216643256,0.1882267098432442,0.9942757993480691,31.4,985.9599999999999,0.9995239228844999,1.6094379124341003,-2838.634662512345,4638.285689062471,3319.352364456312,89.97749209325389,135.0,47.1
2023-01-12,61.8,68.2,39.7,12.9,4.2,3.6,7.8,1.3535747056677288,31.4,121.4666666,4.0,52.147810512636184,10.12578844905557,19.94373509573209,0.2051044998686192,0.9942757993480691,31.4,985.9599999999999,0.9995239228844999,1.6094379124341003,-2838.634662512345,4638.285689062471,3319.352364456312,89.97749209325389,135.0,58.2
2023-01-13,58.8,68.2,51.1,11.1,1.7,3.9,5.8,160.013522252989,31.4,121.4666666,4.0,49.69035710364244,10.140889204824989,20.041225588887517,0.2219215130041655,0.9942757993480691,31.4,985.9599999999999,0.9995239228844999,1.6094379124341003,-2838.634662512345,4638.285689062471,3319.352364456312,89.97749209325389,135.0,57.8
2023-01-14,42.3,65.1,32.7,20.4,5.9,9.7,13.6,3.042415856881661,31.4,121.4666666,4.0,35.80189972312974,10.156567297341772,20.14256863115088,0.2386727660059501,0.9942757993480691,31.4,985.9599999999999,0.9995239228844999,1.6094379124341003,-2838.634662512345,4638.285689062471,3319.352364456312,89.97749209325389,135.0,39.2
2023-01-15,30.6,50.5,28.8,28.6,9.7,7.8,9.7,122.70371863886703,31.4,121.4666666,4.0,25.940674523718116,10.172813538712985,20.247724392965353,0.255353295116187,0.9942757993480691,31.4,985.9599999999999,0.9995239228844999,1.6094379124341003,-2838.634662512345,4638.285689062471,3319.352364456312,89.97749209325389,135.0,21.0
2023-01-16,33.5,37.9,28.0,30.3,10.4,4.6,7.8,121.5454618515296,31.4,121.4666666,4.0,28.446018402520536,10.189618532246163,20.356651278377573,0.2719581575341055,0.9942757993480691,31.4,985.9599999999999,0.9995239228844999,1.6094379124341003,-2838.634662512345,4638.285689062471,3319.352364456312,89.97749209325389,135.0,18.4
2023-01-17,36.9,43.2,28.4,29.5,8.5,3.6,5.8,-34.62805627567553,31.4,121.4666666,4.0,31.386441020090217,10.206972689460233,20.46930592451206,0.288482432880609,0.9942757993480691,31.4,985.9599999999999,0.9995239228844999,1.6094379124341003,-2838.634662512345,4638.285689062471,3319.352364456312,89.97749209325389,135.0,19.6
2023-01-18,35.4,46.6,26.8,28.7,6.4,3.1,7.8,75.44780480387337,31.4,121.4666666,4.0,30.16335542878739,10.224866247046574,20.5856432024294,0.30492122465628907,0.9942757993480691,31.4,985.9599999999999,0.9995239228844999,1.6094379124341003,-2838.634662512345,4638.285689062471,3319.352364456312,89.97749209325389,135.0,21.7
2023-01-19,38.8,51.3,26.4,26.6,6.0,2.9,5.8,2.6045702089582132,31.4,121.4666666,4.0,33.11996868404322,10.243289283724708,20.70561621947558,0.3212696616923644,0.9942757993480691,31.4,985.9599999999999,0.9995239228844999,1.6094379124341003,-2838.634662512345,4638.285689062471,3319.352364456312,89.97749209325389,135.0,23.0
2023-01-20,42.6,51.3,29.8,30.5,7.4,5.3,7.8,114.22800791055647,31.4,121.4666666,4.0,36.43092266613464,10.262231736939336,20.829176323226974,0.3375228995941133,0.9942757993480691,31.4,985.9599999999999,0.9995239228844999,1.6094379124341003,-2838.634662512345,4638.285689062471,3319.352364456312,89.97749209325389,135.0,30.5
2023-01-21,45.3,50.7,38.8,24.7,9.3,5.1,7.8,8.857210803431027,31.4,121.4666666,4.0,38.81335490803868,10.281683419347996,20.956273107130723,0.3536761221763716,0.9942757993480691,31.4,985.9599999999999,0.9995239228844999,1.6094379124341003,-2838.634662512345,4638.285689062471,3319.352364456312,89.97749209325389,135.0,34.0
2023-01-22,45.8,50.7,41.0,21.0,3.7,3.4,5.8,60.08254070099924,31.4,121.4666666,4.0,39.31790323377884,10.301634035051226,21.086854417936063,0.3697245428906731,0.9942757993480691,31.4,985.9599999999999,0.9995239228844999,1.6094379124341003,-2838.634662512345,4638.285689062471,3319.352364456312,89.97749209325389,135.0,44.0
2023-01-23,41.7,48.0,32.7,27.1,6.2,7.8,11.7,18.36771715107978,31.4,121.4666666,4.0,35.86920435443184,10.322073195519952,21.22086636500717,0.38566340624360707,0.9942757993480691,31.4,985.9599999999999,0.9995239228844999,1.6094379124341003,-2838.634662512345,4638.285689062471,3319.352364456312,89.97749209325389,135.0,36.2
2023-01-24,27.0,46.2,20.8,37.2,13.0,9.0,13.6,-22.725000843448225,31.4,121.4666666,4.0,23.27172847914983,10.342990435177702,21.358253331602253,0.401487989205973,0.9942757993480691,31.4,985.9599999999999,0.9995239228844999,1.6094379124341003,-2838.634662512345,4638.285689062471,3319.352364456312,89.97749209325389,135.0,7.5
2023-01-25,29.2,36.1,20.1,28.1,12.1,2.9,3.9,-47.62340843843322,31.4,121.4666666,4.0,25.219979718055836,10.36437522659829,21.498957988198185,0.4171936026123168,0.9942757993480691,31.4,985.9599999999999,0.9995239228844999,1.6094379124341003,-2838.634662512345,4638.285689062471,3319.352364456312,89.97749209325389,135.0,18.3
2023-01-26,38.3,47.3,23.2,25.6,7.2,5.8,9.7,7.071304468254789,31.4,121.4666666,4.0,33.14934257661064,10.386216995282709,21.642921307933534,0.4327755925504312,0.9942757993480691,31.4,985.9599999999999,0.9995239228844999,1.6094379124341003,-2838.634662512345,4638.285689062471,3319.352364456312,89.97749209325389,135.0,23.1
2023-01-27,32.6,47.3,25.2,31.3,11.4,7.5,11.7,73.34219988719605,31.4,121.4666666,4.0,28.276438947317907,10.408505133982052,21.790082584236295,0.4482293417404106,0.9942757993480691,31.4,985.9599999999999,0.9995239228844999,1.6094379124341003,-2838.634662512345,4638.285689062471,3319.352364456312,89.97749209325389,135.0,12.7
2023-01-28,32.0,42.8,24.3,28.1,8.7,3.4,7.8,35.95973829125061,31.4,121.4666666,4.0,27.816610710763864,10.431229016536449,21.940379450695968,0.4635502709028509,0.9942757993480691,31.4,985.9599999999999,0.9995239228844999,1.6094379124341003,-2838.634662512345,4638.285689062471,3319.352364456312,89.97749209325389,135.0,13.9
2023-01-29,36.9,51.3,23.0,25.2,7.8,3.6,9.7,54.17153861345383,31.4,121.4666666,4.0,32.14721238444967,10.454378011203145,22.0937479032324,0.47873384011578846,0.9942757993480691,31.4,985.9599999999999,0.9995239228844999,1.6094379124341003,-2838.634662512345,4638.285689062471,3319.352364456312,89.97749209325389,135.0,17.7
2023-01-30,41.3,55.9,25.2,22.4,5.9,2.4,3.9,-28.631809673371947,31.4,121.4666666,4.0,36.061581973290345,10.47794149344998,22.250122324606387,0.49377555015997715,0.9942757993480691,31.4,985.9599999999999,0.9995239228844999,1.6094379124341003,-2838.634662512345,4638.285689062471,3319.352364456312,89.97749209325389,135.0,24.6
2023-01-31,47.0,66.6,30.0,15.8,5.1,2.4,7.8,14.053049894433082,31.4,121.4666666,4.0,41.13247636125789,10.501908858193504,22.409435511309844,0.5086709438521044,0.9942757993480691,31.4,985.9599999999999,0.9995239228844999,1.6094379124341003,-2838.634662512345,4638.285689062471,3319.352364456312,89.97749209325389,135.0,29.4
2023-02-01,46.1,66.6,34.5,24.1,8.5,7.5,13.6,-90.25917066588268,31.4,121.4666666,4.0,40.43841878337467,10.526269531464123,22.571618702865365,0.5234156073655503,0.9942757993480691,31.4,985.9599999999999,0.9995239228844999,1.6094379124341003,-2838.634662512345,4638.285689062471,3319.352364456312,89.97749209325389,135.0,32.3
2023-02-02,40.7,55.8,39.6,27.6,11.3,4.4,5.8,79.53757247525108,31.4,121.4666666,4.0,35.78551902886474,10.55101298148346,22.7366016135574,0.5380051715382996,0.9942757993480691,31.4,985.9599999999999,0.9995239228844999,1.6094379124341003,-2838.634662512345,4638.285689062471,3319.352364456312,89.97749209325389,135.0,30.9
2023-02-03,39.8,47.1,31.6,25.7,12.2,2.9,5.8,175.42784395376452,31.4,121.4666666,4.0,35.077493618321036,10.576128729142022,22.90431246660923,0.5524353131676196,0.9942757993480691,31.4,985.9599999999999,0.9995239228844999,1.6094379124341003,-2838.634662512345,4638.285689062471,3319.352364456312,89.97749209325389,135.0,29.6
2023-02-04,40.9,49.3,30.4,25.6,8.2,3.6,7.8,0.47717214066733504,31.4,121.4666666,4.0,36.133808336400094,10.601606357867999,23.07467803081211,0.5667017562911176,0.9942757993480691,31.4,985.9599999999999,0.9995239228844999,1.6094379124341003,-2838.634662512345,4638.285689062471,3319.352364456312,89.97749209325389,135.0,31.0
2023-02-05,47.8,50.9,33.3,21.4,5.2,4.9,7.8,-143.06206111432022,31.4,121.4666666,4.0,42.33261816614113,10.627435522880619,23.247623659604837,0.5808002734538009,0.9942757993480691,31.4,985.9599999999999,0.9995239228844999,1.6094379124341003,-2838.634662512345,4638.285689062471,3319.352364456312,89.97749209325389,135.0,40.8
2023-02-06,47.7,50.9,43.5,18.0,3.6,4.4,5.8,-51.770524610327215,31.4,121.4666666,4.0,42.34808369030031,10.653605959823976,23.423073332594146,0.5947266869607634,0.9942757993480691,31.4,985.9599999999999,0.9995239228844999,1.6094379124341003,-2838.634662512345,4638.285689062471,3319.352364456312,89.97749209325389,135.0,46.1
2023-02-07,47.3,53.2,43.3,23.3,6.0,3.9,3.9,39.539275010294006,31.4,121.4666666,4.0,42.09742370070645,10.68010749277965,23.60094969949809,0.6084768701151261,0.9942757993480691,31.4,985.9599999999999,0.9995239228844999,1.6094379124341003,-2838.634662512345,4638.285689062471,3319.352364456312,89.97749209325389,135.0,40.5
2023-02-08,46.8,53.2,43.0,25.9,8.3,5.8,7.8,38.23046215306224,31.4,121.4666666,4.0,41.75702716246852,10.706930041658595,23.78117412648706,0.6220467484408675,0.9942757993480691,31.4,985.9599999999999,0.9995239228844999,1.6094379124341003,-2838.634662512345,4638.285689062471,3319.352364456312,89.97749209325389,135.0,39.7
2023-02-09,46.1,48.7,43.7,19.9,4.4,4.7,7.8,73.20860492497528,31.4,121.4666666,4.0,41.23669444131213,10.734063628974958,23.963666744888716,0.6354323008901774,0.9942757993480691,31.4,985.9599999999999,0.9995239228844999,1.6094379124341003,-2838.634662512345,4638.285689062471,3319.352364456312,89.97749209325389,135.0,43.6
2023-02-10,45.1,48.0,43.3,21.7,9.5,3.6,3.9,-34.345398648173834,31.4,121.4666666,4.0,40.4452981007404,10.761498386006314,24.148346502215887,0.6486295610349814,0.9942757993480691,31.4,985.9599999999999,0.9995239228844999,1.6094379124341003,-2838.634662512345,4638.285689062471,3319.352364456312,89.97749209325389,135.0,40.3
2023-02-11,46.7,49.3,43.5,19.1,3.0,5.0,7.8,67.69064320085171,31.4,121.4666666,4.0,41.98806557289932,10.78922455834672,24.335131215468436,0.6616346182422783,0.9942757993480691,31.4,985.9599999999999,0.9995239228844999,1.6094379124341003,-2838.634662512345,4638.285689062471,3319.352364456312,89.97749209325389,135.0,45.2
2023-02-12,51.7,57.7,43.9,14.2,3.3,6.1,9.7,54.89529927396988,31.4,121.4666666,4.0,46.60424340095748,10.817232510860537,24.523937626652852,0.6744436188329455,0.9942757993480691,31.4,985.9599999999999,0.9995239228844999,1.6094379124341003,-2838.634662512345,4638.285689062471,3319.352364456312,89.97749209325389,135.0,49.9
2023-02-13,41.2,57.7,37.4,24.9,7.0,8.0,9.7,-8.431244253003516,31.4,121.4666666,4.0,37.23626038002647,10.845512732046545,24.71468146045597,0.6870527672236669,0.9942757993480691,31.4,985.9599999999999,0.9995239228844999,1.6094379124341003,-2838.634662512345,4638.285689062471,3319.352364456312,89.97749209325389,135.0,33.6
2023-02-14,39.4,44.2,36.9,28.8,12.3,6.3,7.8,26.379529917713885,31.4,121.4666666,4.0,35.703150000852915,10.874055837823224,24.907277484001956,0.699458327051647,0.9942757993480691,31.4,985.9599999999999,0.9995239228844999,1.6094379124341003,-2838.634662512345,4638.285689062471,3319.352364456312,89.97749209325389,135.0,27.6
2023-02-15,39.7,47.5,30.6,32.4,9.4,4.1,7.8,-55.800894168505366,31.4,121.4666666,4.0,36.07027060145555,10.902852574747268,25.10163956861502,0.7116566222817746,0.9942757993480691,31.4,985.9599999999999,0.9995239228844999,1.6094379124341003,-2838.634662512345,4638.285689062471,3319.352364456312,89.97749209325389,135.0,28.3
2023-02-16,43.2,50.4,29.5,29.5,8.6,4.1,5.8,5.643972631228188,31.4,121.4666666,4.0,39.3548177616427,10.931893822678527,25.29768075350346,0.7236440382959124,0.9942757993480691,31.4,985.9599999999999,0.9995239228844999,1.6094379124341003,-2838.634662512345,4638.285689062471,3319.352364456312,89.97749209325389,135.0,32.7
2023-02-17,50.0,54.1,36.0,22.2,6.9,2.4,3.9,92.31485177599048,31.4,121.4666666,4.0,45.671544153772906,10.961170596905498,25.495313311274202,0.7354170229639855,0.9942757993480691,31.4,985.9599999999999,0.9995239228844999,1.6094379124341003,-2838.634662512345,4638.285689062471,3319.352364456312,89.97749209325389,135.0,40.8
2023-02-18,56.7,70.5,45.1,20.6,3.4,4.6,7.8,4.375983413437767,31.4,121.4666666,4.0,51.93093488505151,10.99067404974635,25.694448815180913,0.7469720876965552,0.9942757993480691,31.4,985.9599999999999,0.9995239228844999,1.6094379124341003,-2838.634662512345,4638.285689062471,3319.352364456312,89.97749209325389,135.0,46.4
2023-02-19,43.8,70.5,36.9,27.4,5.0,4.6,7.8,89.64287494795632,31.4,121.4666666,4.0,40.224443471490055,11.02039547164111,25.894998208002857,0.7583058084785624,0.9942757993480691,31.4,985.9599999999999,0.9995239228844999,1.6094379124341003,-2838.634662512345,4638.285689062471,3319.352364456312,89.97749209325389,135.0,30.6
2023-02-20,44.9,53.6,32.5,31.7,9.0,5.1,7.8,33.33778821120566,31.4,121.4666666,4.0,41.34663754163624,11.050326291751334,26.096871872445863,0.7694148268839378,0.9942757993480691,31.4,985.9599999999999,0.9995239228844999,1.6094379124341003,-2838.634662512345,4638.285689062471,3319.352364456312,89.97749209325389,135.0,27.1
2023-02-21,41.1,53.6,38.7,34.6,15.1,5.1,7.8,-41.781834183653594,31.4,121.4666666,4.0,37.9505689174375,11.080458078083941,26.299979702951852,0.7802958510707755,0.9942757993480691,31.4,985.9599999999999,0.9995239228844999,1.6094379124341003,-2838.634662512345,4638.285689062471,3319.352364456312,89.97749209325389,135.0,27.6
2023-02-22,42.8,46.4,39.7,28.1,13.8,3.4,5.8,28.23873256725665,31.4,121.4666666,4.0,39.62845771585787,11.110782537156412,26.504231178797994,0.7909456567567772,0.9942757993480691,31.4,985.9599999999999,0.9995239228844999,1.6094379124341003,-2838.634662512345,4638.285689062471,3319.352364456312,89.97749209325389,135.0,32.0
2023-02-23,41.3,46.4,38.1,24.7,11.3,4.4,5.8,15.84067334241942,31.4,121.4666666,4.0,38.34461162466793,11.141291513220706,26.709535438362245,0.8013610881746766,0.9942757993480691,31.4,985.9599999999999,0.9995239228844999,1.6094379124341003,-2838.634662512345,4638.285689062471,3319.352364456312,89.97749209325389,135.0,36.1
2023-02-24,44.7,50.9,38.1,30.1,4.0,4.9,5.8,-2.7385497984649536,31.4,121.4666666,4.0,41.61561427681182,11.171976987063575,26.915801354427476,0.8115390590073611,0.9942757993480691,31.4,985.9599999999999,0.9995239228844999,1.6094379124341003,-2838.634662512345,4638.285689062471,3319.352364456312,89.97749209325389,135.0,36.6
2023-02-25,40.5,50.9,36.0,39.0,13.8,7.0,11.7,-57.38140592330369,31.4,121.4666666,4.0,37.8095548761032,11.202831074400947,27.122937610392665,0.8214765533024142,0.9942757993480691,31.4,985.9599999999999,0.9995239228844999,1.6094379124341003,-2838.634662512345,4638.285689062471,3319.352364456312,89.97749209325389,135.0,25.8
2023-02-26,40.0,49.1,29.7,38.0,8.2,3.4,5.8,-0.38306367884532655,31.4,121.4666666,4.0,37.44615341294739,11.233846023884217,27.330852777255874,0.8311706263658079,0.9942757993480691,31.4,985.9599999999999,0.9995239228844999,1.6094379124341003,-2838.634662512345,4638.285689062471,3319.352364456312,89.97749209325389,135.0,28.1
2023-02-27,44.5,54.0,29.3,31.5,7.9,4.4,7.8,-84.35213718623979,31.4,121.4666666,4.0,41.77442771297991,11.265014214736155,27.539455391230735,0.8406184056344782,0.9942757993480691,31.4,985.9599999999999,0.9995239228844999,1.6094379124341003,-2838.634662512345,4638.285689062471,3319.352364456312,89.97749209325389,135.0,35.0
2023-02-28,56.3,66.2,36.9,24.3,6.7,4.6,9.7,-70.46831834908744,31.4,121.4666666,4.0,52.99860625601028,11.296328154034162,27.748654031855143,0.8498170915275278,0.9942757993480691,31.4,985.9599999999999,0.9995239228844999,1.6094379124341003,-2838.634662512345,4638.285689062471,3319.352364456312,89.97749209325389,135.0,41.7
2023-03-01,50.3,66.2,41.9,27.5,3.3,4.9,9.7,6.7851245192345395,31.4,121.4666666,4.0,47.4822798187512,11.32778047365834,27.95835740044851,0.8587639582758029,0.9942757993480691,31.4,985.9599999999999,0.9995239228844999,1.6094379124341003,-2838.634662512345,4638.285689062471,3319.352364456312,89.97749209325389,135.0,39.7
2023-03-02,44.0,61.5,32.5,31.3,9.4,3.6,7.8,-17.37925318192252,31.4,121.4666666,4.0,41.65100106537996,11.359363926921807,28.168474398772098,0.8674563547295969,0.9942757993480691,31.4,985.9599999999999,0.9995239228844999,1.6094379124341003,-2838.634662512345,4638.285689062471,3319.352364456312,89.97749209325389,135.0,30.3
2023-03-03,43.6,57.2,31.8,26.9,8.2,1.9,5.8,114.42881018083997,31.4,121.4666666,4.0,41.38755936513794,11.39107138490035,28.37891420774491,0.8758917051442429,0.9942757993480691,31.4,985.9599999999999,0.9995239228844999,1.6094379124341003,-2838.634662512345,4638.285689062471,3319.352364456312,89.97749209325389,135.0,35.0
2023-03-04,50.5,60.8,35.1,27.2,7.4,3.6,5.8,-8.05761164380886,31.4,121.4666666,4.0,48.071353295012806,11.422895832478291,28.589586366066776,0.8840675099433636,0.9942757993480691,31.4,985.9599999999999,0.9995239228844999,1.6094379124341003,-2838.634662512345,4638.285689062471,3319.352364456312,89.97749209325389,135.0,38.2
2023-03-05,52.6,65.1,39.7,24.5,7.3,4.1,7.8,66.1755762497655,31.4,121.4666666,4.0,50.210339762757535,11.454830364127194,28.800400848599267,0.8919813464595485,0.9942757993480691,31.4,985.9599999999999,0.9995239228844999,1.6094379124341003,-2838.634662512345,4638.285689062471,3319.352364456312,89.97749209325389,135.0,40.2
2023-03-06,60.8,75.2,40.6,21.1,6.1,3.2,5.8,19.185357894338672,31.4,121.4666666,4.0,58.20013210913056,11.486868179433664,29.011268144354695,0.8996308696522433,0.9942757993480691,31.4,985.9599999999999,0.9995239228844999,1.6094379124341003,-2838.634662512345,4638.285689062471,3319.352364456312,89.97749209325389,135.0,36.2
2023-03-07,62.7,76.8,46.2,18.8,6.4,4.1,5.8,52.01635032738591,31.4,121.4666666,4.0,60.18678847209948,11.519002578392245,29.22209933394347,0.9070138128026359,0.9942757993480691,31.4,985.9599999999999,0.9995239228844999,1.6094379124341003,-2838.634662512345,4638.285689062471,3319.352364456312,89.97749209325389,135.0,40.0
2023-03-08,66.0,76.8,51.1,17.2,6.1,4.4,7.8,-27.54540519224611,31.4,121.4666666,4.0,63.5317482606344,11.551226956478983,29.432806166330515,0.9141279881853337,0.9942757993480691,31.4,985.9599999999999,0.9995239228844999,1.6094379124341003,-2838.634662512345,4638.285689062471,3319.352364456312,89.97749209325389,135.0,49.8
2023-03-09,63.5,78.4,51.1,17.9,2.9,3.2,5.8,124.27316734168686,31.4,121.4666666,4.0,61.29620498079877,11.583534799521027,29.643301134752257,0.9209712877166346,0.9942757993480691,31.4,985.9599999999999,0.9995239228844999,1.6094379124341003,-2838.634662512345,4638.285689062471,3319.352364456312,89.97749209325389,135.0,48.7
2023-03-10,69.3,81.7,50.2,18.0,6.4,4.9,9.7,25.01892901942292,31.4,121.4666666,4.0,67.08193614262791,11.615919678377127,29.85349755164685,0.9275416835791966,0.9942757993480691,31.4,985.9599999999999,0.9995239228844999,1.6094379124341003,-2838.634662512345,4638.285689062471,3319.352364456312,89.97749209325389,135.0,42.5
2023-03-11,65.0,81.7,54.9,18.9,6.3,5.1,7.8,85.70930012765653,31.4,121.4666666,4.0,63.09536590198676,11.64837524344371,30.063309622452174,0.9338372288229252,0.9942757993480691,31.4,985.9599999999999,0.9995239228844999,1.6094379124341003,-2838.634662512345,4638.285689062471,3319.352364456312,89.97749209325389,135.0,50.6
2023-03-12,47.7,75.6,42.6,29.1,10.6,6.8,11.7,2.9910462943927065,31.4,121.4666666,4.0,46.43155849552791,11.680895219000732,30.272652518127902,0.9398560579418954,0.9942757993480691,31.4,985.9599999999999,0.9995239228844999,1.6094379124341003,-2838.634662512345,4638.285689062471,3319.352364456312,89.97749209325389,135.0,33.6
2023-03-13,49.9,59.5,42.6,22.1,11.4,5.3,7.8,-70.9999861983122,31.4,121.4666666,4.0,48.7085268775687,11.713473397411311,30.48144244626051,0.9455963874271426,0.9942757993480691,31.4,985.9599999999999,0.9995239228844999,1.6094379124341003,-2838.634662512345,4638.285689062471,3319.352364456312,89.97749209325389,135.0,28.9
2023-03-14,58.2,69.1,43.3,14.7,10.1,7.8,9.7,52.66078640945507,31.4,121.4666666,4.0,56.96860262096528,11.746103633188715,30.689596720612915,0.9510565162951535,0.9942757993480691,31.4,985.9599999999999,0.9995239228844999,1.6094379124341003,-2838.634662512345,4638.285689062471,3319.352364456312,89.97749209325389,135.0,37.6
2023-03-15,56.7,73.0,48.2,22.0,7.7,6.8,9.7,-146.05331077806682,31.4,121.4666666,4.0,55.65473472956077,11.778779836944079,30.897033828983673,0.9562348265919056,0.9942757993480691,31.4,985.9599999999999,0.9995239228844999,1.6094379124341003,-2838.634662512345,4638.285689062471,3319.352364456312,89.97749209325389,135.0,42.3
2023-03-16,50.6,73.0,47.1,25.5,11.6,8.7,9.7,20.32073116775287,31.4,121.4666666,4.0,49.8051413369109,11.811495969227881,31.103673499244085,0.9611297838723007,0.9942757993480691,31.4,985.9599999999999,0.9995239228844999,1.6094379124341003,-2838.634662512345,4638.285689062471,3319.352364456312,89.97749209325389,135.0,36.8
2023-03-17,45.8,56.1,45.0,21.7,9.5,6.3,7.8,-40.89169014352669,31.4,121.4666666,4.0,45.205539030827666,11.844246034277992,31.309436763425598,0.9657399376548549,0.9942757993480691,31.4,985.9599999999999,0.9995239228844999,1.6094379124341003,-2838.634662512345,4638.285689062471,3319.352364456312,89.97749209325389,135.0,42.2
2023-03-18,48.6,53.2,45.0,22.9,12.8,3.6,5.8,36.823221797737375,31.4,121.4666666,4.0,48.1019474984318,11.877024073686863,31.51424601973429,0.9700639218515071,0.9942757993480691,31.4,985.9599999999999,0.9995239228844999,1.6094379124341003,-2838.634662512345,4638.285689062471,3319.352364456312,89.97749209325389,135.0,39.6
2023-03-19,51.4,54.7,45.9,18.6,10.3,5.3,7.8,159.55601426895478,31.4,121.4666666,4.0,51.013746818667535,11.909824160000202,31.718025092373587,0.9741004551724205,0.9942757993480691,31.4,985.9599999999999,0.9995239228844999,1.6094379124341003,-2838.634662512345,4638.285689062471,3319.352364456312,89.97749209325389,135.0,40.8
2023-03-20,54.9,58.1,49.5,11.3,4.0,3.6,5.8,7.913309442319863,31.4,121.4666666,4.0,54.63757978543644,11.94264039025933,31.92069928906145,0.9778483415056568,0.9942757993480691,31.4,985.9599999999999,0.9995239228844999,1.6094379124341003,-2838.634662512345,4638.285689062471,3319.352364456312,89.97749209325389,135.0,50.9
2023-03-21,56.3,58.1,52.5,7.9,6.2,3.2,5.8,76.85544319425082,31.4,121.4666666,4.0,56.184898776317375,11.975466879499264,32.12219545613371,0.9813064702716093,0.9942757993480691,31.4,985.9599999999999,0.9995239228844999,1.6094379124341003,-2838.634662512345,4638.285689062471,3319.352364456312,89.97749209325389,135.0,54.4
2023-03-22,57.9,61.2,53.6,6.2,3.2,4.6,7.8,18.813575091845248,31.4,121.4666666,4.0,57.94003666408456,12.008297754214416,32.32244203113032,0.9844738167520922,0.9942757993480691,31.4,985.9599999999999,0.9995239228844999,1.6094379124341003,-2838.634662512345,4638.285689062471,3319.352364456312,89.97749209325389,135.0,55.2
2023-03-23,52.4,61.2,48.7,14.4,5.8,6.1,9.7,20.799731925530118,31.4,121.4666666,4.0,52.57958853667638,12.041127145803753,32.52136909276768,0.9873494423939864,0.9942757993480691,31.4,985.9599999999999,0.9995239228844999,1.6094379124341003,-2838.634662512345,4638.285689062471,3319.352364456312,89.97749209325389,135.0,43.1
2023-03-24,47.4,55.8,44.6,21.3,11.6,5.1,7.8,121.25498518385801,31.4,121.4666666,4.0,47.6920992768283,12.073949184007166,32.718908408205834,0.989932495087353,0.9942757993480691,31.4,985.9599999999999,0.9995239228844999,1.6094379124341003,-2838.634662512345,4638.285689062471,3319.352364456312,89.97749209325389,135.0,35.8
2023-03-25,48.0,51.6,44.6,19.8,11.7,3.9,5.8,99.63253761560915,31.4,121.4666666,4.0,48.42703196137931,12.106757990344828,32.914993477526025,0.9922222094179323,0.9942757993480691,31.4,985.9599999999999,0.9995239228844999,1.6094379124341003,-2838.634662512345,4638.285689062471,3319.352364456312,89.97749209325389,135.0,36.8
2023-03-26,51.5,59.5,44.2,22.0,9.2,4.6,7.8,72.73580389010812,31.4,121.4666666,4.0,52.09889209049328,12.13954767157125,33.10955957534033,0.994217906893952,0.9942757993480691,31.4,985.9599999999999,0.9995239228844999,1.6094379124341003,-2838.634662512345,4638.285689062471,3319.352364456312,89.97749209325389,135.0,37.4
2023-03-27,52.4,62.4,40.3,23.1,7.1,3.4,5.8,-23.04983247649704,31.4,121.4666666,4.0,53.15243043411401,12.17231231315588,33.302543789462305,0.995918996147179,0.9942757993480691,31.4,985.9599999999999,0.9995239228844999,1.6094379124341003,-2838.634662512345,4638.285689062471,3319.352364456312,89.97749209325389,135.0,36.2
2023-03-28,57.3,66.6,39.7,23.4,6.8,5.1,7.8,24.918244174743133,31.4,121.4666666,4.0,58.27909452012979,12.20504597280205,33.49388505657412,0.9973249731081555,0.9942757993480691,31.4,985.9599999999999,0.9995239228844999,1.6094379124341003,-2838.634662512345,4638.285689062471,3319.352364456312,89.97749209325389,135.0,36.6
2023-03-29,57.2,66.6,52.3,20.0,8.1,4.1,5.8,-37.643215960817386,31.4,121.4666666,4.0,58.333240079477754,12.237742674016312,33.68352419483306,0.9984354211555643,0.9942757993480691,31.4,985.9599999999999,0.9995239228844999,1.6094379124341003,-2838.634662512345,4638.285689062471,3319.352364456312,89.97749209325389,135.0,46.6
2023-03-30,55.2,64.4,52.7,18.1,6.6,4.2,5.8,5.710087641174061,31.4,121.4666666,4.0,56.44382343880486,12.270396399740187,33.8714039333673,0.9992500112396835,0.9942757993480691,31.4,985.9599999999999,0.9995239228844999,1.6094379124341003,-2838.634662512345,4638.285689062471,3319.352364456312,89.97749209325389,135.0,46.4
2023-03-31,57.9,64.8,53.2,17.1,9.9,4.4,5.8,12.172764241307219,31.4,121.4666666,4.0,59.36198024022355,12.303001086056696,34.0574689386189,0.9997685019798909,0.9942757993480691,31.4,985.9599999999999,0.9995239228844999,1.6094379124341003,-2838.634662512345,4638.285689062471,3319.352364456312,89.97749209325389,135.0,48.3
2023-04-01,58.4,70.5,47.3,14.8,10.4,2.9,5.8,81.07772803563601,31.4,121.4666666,4.0,60.03301299778892,12.335550615984024,34.241665837498395,0.9999907397361901,0.9942757993480691,31.4,985.9599999999999,0.9995239228844999,1.6094379124341003,-2838.634662512345,4638.285689062471,3319.352364456312,89.97749209325389,135.0,44.9
2023-04-02,60.0,71.4,46.8,16.4,7.3,5.6,7.8,105.69247509002706,31.4,121.4666666,4.0,61.84019406684551,12.368038813369102,34.42394323732408,0.9999166586547379,0.9942757993480691,31.4,985.9599999999999,0.9995239228844999,1.6094379124341003,-2838.634662512345,4638.285689062471,3319.352364456312,89.97749209325389,135.0,51.7
2023-04-03,64.5,71.4,54.7,14.4,6.3,8.5,9.7,6.778322167095368,31.4,121.4666666,4.0,66.652469473305,12.400459436893955,34.604251742525896,0.9995462806873573,0.9942757993480691,31.4,985.9599999999999,0.9995239228844999,1.6094379124341003,-2838.634662512345,4638.285689062471,3319.352364456312,89.97749209325389,135.0,51.9
2023-04-05,53.7,67.3,52.7,15.8,7.2,5.4,7.8,-126.85075656669554,31.4,121.4666666,4.0,55.781200046995764,12.465072636200171,34.958774549823914,0.9979171608653922,0.9942757993480691,31.4,985.9599999999999,0.9995239228844999,1.6094379124341003,-2838.634662512345,4638.285689062471,3319.352364456312,89.97749209325389,135.0,43.7
2023-04-06,52.0,63.0,48.4,16.7,3.8,4.1,5.8,91.47995848582232,31.4,121.4666666,4.0,54.154760189501296,12.497252351423375,35.13290015119217,0.9966589017541702,0.9942757993480691,31.4,985.9599999999999,0.9995239228844999,1.6094379124341003,-2838.634662512345,4638.285689062471,3319.352364456312,89.97749209325389,135.0,45.9
2023-04-07,54.3,65.1,42.3,22.6,5.0,4.1,9.7,-45.28976819153739,31.4,121.4666666,4.0,56.6952578921112,12.52933876068756,35.30487946715581,0.9951053111006976,0.9942757993480691,31.4,985.9599999999999,0.9995239228844999,1.6094379124341003,-2838.634662512345,4638.285689062471,3319.352364456312,89.97749209325389,135.0,44.1
2023-04-08,56.0,65.3,41.7,24.2,10.9,4.1,7.8,38.34232576530592,31.4,121.4666666,4.0,58.619517655223675,12.561325211833644,35.4746732246119,0.9932568492674143,0.9942757993480691,31.4,985.9599999999999,0.9995239228844999,1.6094379124341003,-2838.634662512345,4638.285689062471,3319.352364456312,89.97749209325389,135.0,32.4
2023-04-09,61.0,70.2,44.1,17.5,8.8,5.8,7.8,-119.08452614127233,31.4,121.4666666,4.0,64.0154585197472,12.593204954704369,35.64224417971223,0.9911140639934547,0.9942757993480691,31.4,985.9599999999999,0.9995239228844999,1.6094379124341003,-2838.634662512345,4638.285689062471,3319.352364456312,89.97749209325389,135.0,39.0
2023-04-10,69.5,80.4,53.4,11.3,9.2,7.5,9.7,3.343341884571906,31.4,121.4666666,4.0,73.11962449789287,12.624971136326828,35.80755711201057,0.9886775902323405,0.9942757993480691,31.4,985.9599999999999,0.9995239228844999,1.6094379124341003,-2838.634662512345,4638.285689062471,3319.352364456312,89.97749209325389,135.0,52.0
2023-04-11,68.5,80.4,56.8,13.3,8.1,5.8,7.8,171.19995657900043,31.4,121.4666666,4.0,72.24818754567204,12.65661679632211,35.97057881549082,0.9859481499638304,0.9942757993480691,31.4,985.9599999999999,0.9995239228844999,1.6094379124341003,-2838.634662512345,4638.285689062471,3319.352364456312,89.97749209325389,135.0,50.9
2023-04-12,59.9,78.3,52.7,18.9,6.4,6.1,9.7,-66.40478467949073,31.4,121.4666666,4.0,63.33493985560156,12.68813486255791,36.13127808652416,0.9829265519799822,0.9942757993480691,31.4,985.9599999999999,0.9995239228844999,1.6094379124341003,-2838.634662512345,4638.285689062471,3319.352364456312,89.97749209325389,135.0,33.5
2023-04-13,65.6,74.7,52.7,12.4,5.8,5.3,7.8,4.241825803753903,31.4,121.4666666,4.0,69.53336587059589,12.719518147060224,36.289625708809766,0.9796136916454901,0.9942757993480691,31.4,985.9599999999999,0.9995239228844999,1.6094379124341003,-2838.634662512345,4638.285689062471,3319.352364456312,89.97749209325389,135.0,49.1
2023-04-14,66.7,74.7,59.7,8.5,6.6,5.1,7.8,-17.10871773636873,31.4,121.4666666,4.0,70.87297067706496,12.75075934220059,36.4455944353607,0.9760105506323683,0.9942757993480691,31.4,985.9599999999999,0.9995239228844999,1.6094379124341003,-2838.634662512345,4638.285689062471,3319.352364456312,89.97749209325389,135.0,58.4
2023-04-15,64.2,74.3,55.9,7.9,9.2,6.8,15.5,120.4099680541687,31.4,121.4666666,4.0,68.38290294188927,12.781851017175564,36.59915896760298,0.9721181966290613,0.9942757993480691,31.4,985.9599999999999,0.9995239228844999,1.6094379124341003,-2838.634662512345,4638.285689062471,3319.352364456312,89.97749209325389,135.0,53.4
2023-04-16,65.3,77.0,55.9,9.3,9.2,5.3,7.8,96.43515553209002,31.4,121.4666666,4.0,69.72290838717892,12.812785614795516,36.75029593166227,0.9679377830240642,0.9942757993480691,31.4,985.9599999999999,0.9995239228844999,1.6094379124341003,-2838.634662512345,4638.285689062471,3319.352364456312,89.97749209325389,135.0,51.8
2023-04-17,73.5,80.8,59.0,8.7,7.7,8.3,11.7,-25.842920532776116,31.4,121.4666666,4.0,78.66677712267466,12.843555448599943,36.898983851918516,0.9634705485641488,0.9942757993480691,31.4,985.9599999999999,0.9995239228844999,1.6094379124341003,-2838.634662512345,4638.285689062471,3319.352364456312,89.97749209325389,135.0,59.0
2023-04-18,79.0,90.5,66.2,7.4,8.2,4.6,7.8,-79.71813461314628,31.4,121.4666666,4.0,84.75483861041884,12.874152700316785,37.045203121914895,0.9587178169872964,0.9942757993480691,31.4,985.9599999999999,0.9995239228844999,1.6094379124341003,-2838.634662512345,4638.285689062471,3319.352364456312,89.97749209325389,135.0,61.7
2023-04-19,67.5,90.5,61.0,6.9,10.9,4.9,5.8,39.831835038060724,31.4,121.4666666,4.0,72.58820297446871,12.904569417683327,37.188935972712585,0.9536809966304457,0.9942757993480691,31.4,985.9599999999999,0.9995239228844999,1.6094379124341003,-2838.634662512345,4638.285689062471,3319.352364456312,89.97749209325389,135.0,61.6
2023-04-20,65.3,74.5,60.3,9.4,9.6,4.4,7.8,-11.515187489552787,31.4,121.4666666,4.0,70.38685646465109,12.93479751264645,37.33016643878857,0.9483615800121715,0.9942757993480691,31.4,985.9599999999999,0.9995239228844999,1.6094379124341003,-2838.634662512345,4638.285689062471,3319.352364456312,89.97749209325389,135.0,60.1
2023-04-21,59.1,71.6,54.1,15.9,11.3,6.3,9.7,52.829061360991865,31.4,121.4666666,4.0,63.851781642802926,12.964828759959984,37.46888032157798,0.9427611433904207,0.9942757993480691,31.4,985.9599999999999,0.9995239228844999,1.6094379124341003,-2838.634662512345,4638.285689062471,3319.352364456312,89.97749209325389,135.0,44.0
2023-04-22,62.0,68.4,54.1,17.4,10.0,6.3,7.8,-110.66758938340476,31.4,121.4666666,4.0,67.1390497803508,12.99465479619693,37.6050651507675,0.9368813462954315,0.9942757993480691,31.4,985.9599999999999,0.9995239228844999,1.6094379124341003,-2838.634662512345,4638.285689062471,3319.352364456312,89.97749209325389,135.0,48.0
2023-04-23,57.9,68.4,55.2,20.1,8.6,8.0,9.7,-54.551490959540956,31.4,121.4666666,4.0,62.8420888501122,13.024267119194239,37.73871014345034,0.9307239310379795,0.9942757993480691,31.4,985.9599999999999,0.9995239228844999,1.6094379124341003,-2838.634662512345,4638.285689062471,3319.352364456312,89.97749209325389,135.0,51.7
2023-04-24,56.4,60.1,54.7,20.5,14.5,6.6,11.7,57.38473097735392,31.4,121.4666666,4.0,61.352188313354134,13.053657087947688,37.86980616125699,0.9242907221930933,0.9942757993480691,31.4,985.9599999999999,0.9995239228844999,1.6094379124341003,-2838.634662512345,4638.285689062471,3319.352364456312,89.97749209325389,135.0,48.1
2023-04-25,59.0,61.9,55.0,16.1,10.6,3.9,3.9,-43.94984165053411,31.4,121.4666666,4.0,64.32384495462276,13.08281592297412,37.99834566557981,0.9175836260593937,0.9942757993480691,31.4,985.9599999999999,0.9995239228844999,1.6094379124341003,-2838.634662512345,4638.285689062471,3319.352364456312,89.97749209325389,135.0,47.3
2023-04-26,62.2,71.2,55.8,18.6,4.7,5.1,7.8,92.71710060356217,31.4,121.4666666,4.0,67.96249156543564,13.111734707158002,38.12432267101215,0.9106046300942162,0.9942757993480691,31.4,985.9599999999999,0.9995239228844999,1.6094379124341003,-2838.634662512345,4638.285689062471,3319.352364456312,89.97749209325389,135.0,50.7
2023-04-27,65.1,73.0,55.0,16.4,3.8,7.0,9.7,-87.80853453690362,31.4,121.4666666,4.0,71.2866938000111,13.14040438709882,38.24773269712563,0.9033558023246845,0.9942757993480691,31.4,985.9599999999999,0.9995239228844999,1.6094379124341003,-2838.634662512345,4638.285689062471,3319.352364456312,89.97749209325389,135.0,49.9
2023-04-28,73.7,83.5,60.4,11.2,6.2,4.6,5.8,-40.16199028416728,31.4,121.4666666,4.0,80.87847688463998,13.1688157749753,38.3685727187115,0.895839290734909,0.9942757993480691,31.4,985.9599999999999,0.9995239228844999,1.6094379124341003,-2838.634662512345,4638.285689062471,3319.352364456312,89.97749209325389,135.0,59.2
2023-04-29,59.1,83.5,48.9,14.2,7.0,3.9,9.7,229.3714549839245,31.4,121.4666666,4.0,64.99502578838812,13.19695955094175,38.48684111461374,0.8880573226294932,0.9942757993480691,31.4,985.9599999999999,0.9995239228844999,1.6094379124341003,-2838.634662512345,4638.285689062471,3319.352364456312,89.97749209325389,135.0,48.8
2023-04-30,63.4,75.4,48.7,14.4,7.5,2.9,5.8,2.1900099314386186,31.4,121.4666666,4.0,69.87116543907574,13.224826266071119,38.602537615283076,0.8800122039735357,0.9942757993480691,31.4,985.9599999999999,0.9995239228844999,1.6094379124341003,-2838.634662512345,4638.285689062471,3319.352364456312,89.97749209325389,135.0,44.4
2023-05-01,71.9,81.7,51.3,17.5,8.3,5.5,9.7,56.551537062132496,31.4,121.4666666,4.0,79.40400135560171,13.25240634585842,38.71566324918226,0.8717063187093218,0.9942757993480691,31.4,985.9599999999999,0.9995239228844999,1.6094379124341003,-2838.634662512345,4638.285689062471,3319.352364456312,89.97749209325389,135.0,42.9
2023-05-02,71.8,81.7,59.4,16.2,7.8,11.4,13.6,-34.45878525718942,31.4,121.4666666,4.0,79.45681239754461,13.27969009429715,38.82622028817354,0.8631421280499114,0.9942757993480691,31.4,985.9599999999999,0.9995239228844999,1.6094379124341003,-2838.634662512345,4638.285689062471,3319.352364456312,89.97749209325389,135.0,54.4
2023-05-03,75.4,81.9,68.2,10.0,9.8,7.0,9.7,40.514514926427545,31.4,121.4666666,4.0,83.61022870582774,13.306667698540224,38.93421219201917,0.854322169749827,0.9942757993480691,31.4,985.9599999999999,0.9995239228844999,1.6094379124341003,-2838.634662512345,4638.285689062471,3319.352364456312,89.97749209325389,135.0,68.3
2023-05-04,77.0,86.2,71.1,2.6,7.7,4.9,7.8,59.9353028289244,31.4,121.4666666,4.0,85.55552925249843,13.3333292341556,39.03964355212641,0.8452490573530633,0.9942757993480691,31.4,985.9599999999999,0.9995239228844999,1.6094379124341003,-2838.634662512345,4638.285689062471,3319.352364456312,89.97749209325389,135.0,69.5
2023-05-05,71.2,86.2,64.6,2.3,6.5,5.1,7.8,-14.617728309572055,31.4,121.4666666,4.0,79.26734371451309,13.359664670985351,39.14252003466685,0.8359254794186372,0.9942757993480691,31.4,985.9599999999999,0.9995239228844999,1.6094379124341003,-2838.634662512345,4638.285689062471,3319.352364456312,89.97749209325389,135.0,67.5
2023-05-06,63.3,78.3,59.2,7.4,7.6,6.4,7.8,86.025773483951,31.4,121.4666666,4.0,70.60937696497103,13.385663879615363,39.24284832319981,0.8263541987239096,0.9942757993480691,31.4,985.9599999999999,0.9995239228844999,1.6094379124341003,-2838.634662512345,4638.285689062471,3319.352364456312,89.97749209325389,135.0,57.0
2023-05-07,59.1,67.3,57.2,13.0,7.0,6.6,9.7,40.081701734295905,31.4,121.4666666,4.0,66.05073444442107,13.41131663846113,39.3406360609275,0.8165380514459161,0.9942757993480691,31.4,985.9599999999999,0.9995239228844999,1.6094379124341003,-2838.634662512345,4638.285689062471,3319.352364456312,89.97749209325389,135.0,55.1
2023-05-08,59.6,68.2,49.1,18.8,11.3,4.6,9.7,0.19485589561418593,31.4,121.4666666,4.0,66.73517611931695,13.43661264147321,39.43589179270846,0.8064799463209448,0.9942757993480691,31.4,985.9599999999999,0.9995239228844999,1.6094379124341003,-2838.634662512345,4638.285689062471,3319.352364456312,89.97749209325389,135.0,46.9
2023-05-09,62.9,72.9,49.1,18.0,14.1,3.6,7.8,26.587570845671408,31.4,121.4666666,4.0,70.56091339638178,13.461541506463934,39.52862490695295,0.7961828637826158,0.9942757993480691,31.4,985.9599999999999,0.9995239228844999,1.6094379124341003,-2838.634662512345,4638.285689062471,3319.352364456312,89.97749209325389,135.0,46.2
2023-05-10,65.4,72.9,51.4,17.9,11.5,4.9,7.8,30.348370821531798,31.4,121.4666666,4.0,73.49920567309827,13.48609278405473,39.61884557752219,0.7856498550787147,0.9942757993480691,31.4,985.9599999999999,0.9995239228844999,1.6094379124341003,-2838.634662512345,4638.285689062471,3319.352364456312,89.97749209325389,135.0,46.4
2023-05-11,65.5,72.1,59.0,17.6,10.6,1.9,3.9,-56.79122291396079,31.4,121.4666666,4.0,73.74348048785855,13.51025596724126,39.70656470574982,0.7748840413670407,0.9942757993480691,31.4,985.9599999999999,0.9995239228844999,1.6094379124341003,-2838.634662512345,4638.285689062471,3319.352364456312,89.97749209325389,135.0,47.5
2023-05-12,66.2,74.1,55.8,14.7,3.3,2.4,3.9,-5.975969002972885,31.4,121.4666666,4.0,74.66267976699972,13.534020501570945,39.79179386270127,0.7638886127905428,0.9942757993480691,31.4,985.9599999999999,0.9995239228844999,1.6094379124341003,-2838.634662512345,4638.285689062471,3319.352364456312,89.97749209325389,135.0,51.0
2023-05-13,71.8,82.2,55.8,10.9,3.8,2.7,3.9,-17.006470534604723,31.4,121.4666666,4.0,81.1182985122852,13.557375795925102,39.8745452317828,0.7526668275320085,0.9942757993480691,31.4,985.9599999999999,0.9995239228844999,1.6094379124341003,-2838.634662512345,4638.285689062471,3319.352364456312,89.97749209325389,135.0,56.7
2023-05-14,78.0,90.3,63.9,7.8,6.5,3.4,5.8,-3.1703437901740674,31.4,121.4666666,4.0,88.272023020318,13.580311233895076,39.95483155180851,0.7412220108485958,0.9942757993480691,31.4,985.9599999999999,0.9995239228844999,1.6094379124341003,-2838.634662512345,4638.285689062471,3319.352364456312,89.97749209325389,135.0,58.8
2023-05-15,82.9,93.7,64.4,7.9,7.4,5.8,7.8,66.86984869986962,31.4,121.4666666,4.0,93.9727884831472,13.602816185739039,40.0326660606293,0.7295575540864875,0.9942757993480691,31.4,985.9599999999999,0.9995239228844999,1.6094379124341003,-2838.634662512345,4638.285689062471,3319.352364456312,89.97749209325389,135.0,50.6
2023-05-16,79.8,93.7,69.8,8.2,9.1,10.5,13.6,25.81475500699712,31.4,121.4666666,4.0,90.60545213900643,13.624880020903223,40.108062439423506,0.717676913675962,0.9942757993480691,31.4,985.9599999999999,0.9995239228844999,1.6094379124341003,-2838.634662512345,4638.285689062471,3319.352364456312,89.97749209325389,135.0,61.9
2023-05-17,70.0,88.0,65.8,4.8,4.9,6.3,9.7,131.3196720285811,31.4,121.4666666,4.0,79.60453737301576,13.646492121088416,40.18103475774424,0.705583610107178,0.9942757993480691,31.4,985.9599999999999,0.9995239228844999,1.6094379124341003,-2838.634662512345,4638.285689062471,3319.352364456312,89.97749209325389,135.0,67.6
2023-05-18,67.8,73.2,64.6,7.3,10.7,6.6,11.7,-13.984192590428478,31.4,121.4666666,4.0,77.22217670019272,13.667641893839418,40.251597419414175,0.6932812268869777,0.9942757993480691,31.4,985.9599999999999,0.9995239228844999,1.6094379124341003,-2838.634662512345,4638.285689062471,3319.352364456312,89.97749209325389,135.0,62.8
2023-05-19,67.8,75.2,62.1,11.1,12.6,3.2,3.9,-3.187271542081424,31.4,121.4666666,4.0,77.33900114447192,13.688318786632198,40.31976510935261,0.6807734094770161,0.9942757993480691,31.4,985.9599999999999,0.9995239228844999,1.6094379124341003,-2838.634662512345,4638.285689062471,3319.352364456312,89.97749209325389,135.0,61.2
2023-05-20,69.3,75.6,61.5,10.0,5.8,3.6,3.9,67.11159902470655,31.4,121.4666666,4.0,79.1666585407595,13.708512301430218,40.38555274141588,0.6680638642135335,0.9942757993480691,31.4,985.9599999999999,0.9995239228844999,1.6094379124341003,-2838.634662512345,4638.285689062471,3319.352364456312,89.97749209325389,135.0,62.6
2023-05-21,70.4,78.6,65.1,8.0,4.2,5.6,7.8,26.571213940306375,31.4,121.4666666,4.0,80.53884379011316,13.72821200967838,40.44897540732545,0.6551563572090853,0.9942757993480691,31.4,985.9599999999999,0.9995239228844999,1.6094379124341003,-2838.634662512345,4638.285689062471,3319.352364456312,89.97749209325389,135.0,66.5
2023-05-22,61.8,78.6,56.3,12.5,6.4,5.1,7.8,27.646465147976794,31.4,121.4666666,4.0,70.79914897365398,13.747407567699803,40.51004832675425,0.6420547132365637,0.9942757993480691,31.4,985.9599999999999,0.9995239228844999,1.6094379124341003,-2838.634662512345,4638.285689062471,3319.352364456312,89.97749209325389,135.0,55.1
2023-05-23,69.7,79.2,56.3,13.5,9.6,2.9,5.8,-98.68211432936744,31.4,121.4666666,4.0,79.95803205435811,13.766088732457638,40.56878679863522,0.6287628145958344,0.9942757993480691,31.4,985.9599999999999,0.9995239228844999,1.6094379124341003,-2838.634662512345,4638.285689062471,3319.352364456312,89.97749209325389,135.0,49.7
2023-05-24,66.8,79.2,60.6,12.9,7.5,4.6,7.8,0.5235655067237381,31.4,121.4666666,4.0,76.73229926886805,13.784245377640968,40.625206153751314,0.6152845999633276,0.9942757993480691,31.4,985.9599999999999,0.9995239228844999,1.6094379124341003,-2838.634662512345,4638.285689062471,3319.352364456312,89.97749209325389,135.0,54.1
2023-05-25,72.1,78.6,63.9,13.2,9.2,4.6,7.8,-25.22845678854477,31.4,121.4666666,4.0,82.92622062276948,13.801867510030982,40.67932170866077,0.6016240632249226,0.9942757993480691,31.4,985.9599999999999,0.9995239228844999,1.6094379124341003,-2838.634662512345,4638.285689062471,3319.352364456312,89.97749209325389,135.0,61.9
2023-05-26,75.0,80.4,66.4,12.2,7.0,5.1,7.8,240.79979787569582,31.4,121.4666666,4.0,86.36840803812908,13.81894528610065,40.73114872100588,0.5877852522924732,0.9942757993480691,31.4,985.9599999999999,0.9995239228844999,1.6094379124341003,-2838.634662512345,4638.285689062471,3319.352364456312,89.97749209325389,135.0,69.0
2023-05-27,76.4,80.4,71.8,10.3,12.3,8.0,11.7,-10.753662870264503,31.4,121.4666666,4.0,88.08581948335019,13.835469028798459,40.780702346248404,0.5737722679043246,0.9942757993480691,31.4,985.9599999999999,0.9995239228844999,1.6094379124341003,-2838.634662512345,4638.285689062471,3319.352364456312,89.97749209325389,135.0,70.0
2023-05-28,83.0,92.5,73.6,8.8,11.7,5.1,7.8,101.09032995817486,31.4,121.4666666,4.0,95.80571894087707,13.851429244464155,40.82799759586969,0.5595892624101765,0.9942757993480691,31.4,985.9599999999999,0.9995239228844999,1.6094379124341003,-2838.634662512345,4638.285689062471,3319.352364456312,89.97749209325389,135.0,70.7
2023-05-29,79.9,93.2,70.0,8.7,8.4,4.4,5.8,47.152250431783564,31.4,121.4666666,4.0,92.32988746014888,13.866816639822108,40.87304929706815,0.545240438540651,0.9942757993480691,31.4,985.9599999999999,0.9995239228844999,1.6094379124341003,-2838.634662512345,4638.285689062471,3319.352364456312,89.97749209325389,135.0,72.2
2023-05-30,74.5,93.2,69.8,7.8,9.1,4.6,5.8,-11.791399207609945,31.4,121.4666666,4.0,86.18173744626465,13.881622138995649,40.915872053982476,0.5307300481619334,0.9942757993480691,31.4,985.9599999999999,0.9995239228844999,1.6094379124341003,-2838.634662512345,4638.285689062471,3319.352364456312,89.97749209325389,135.0,69.1
2023-05-31,74.1,81.9,69.8,6.8,12.9,3.6,5.8,22.15888183198461,31.4,121.4666666,4.0,85.80679286048816,13.895836900483914,40.956480210463525,0.5160623910158528,0.9942757993480691,31.4,985.9599999999999,0.9995239228844999,1.6094379124341003,-2838.634662512345,4638.285689062471,3319.352364456312,89.97749209325389,135.0,68.4
2023-06-01,75.8,84.6,69.4,3.6,11.7,3.6,5.8,83.88068243397578,31.4,121.4666666,4.0,87.86137391002549,13.909452334040974,40.99488781441426,0.5012418134457758,0.9942757993480691,31.4,985.9599999999999,0.9995239228844999,1.6094379124341003,-2838.634662512345,4638.285689062471,3319.352364456312,89.97749209325389,135.0,68.6
2023-06-02,80.2,91.9,69.4,6.5,6.8,4.6,5.8,98.12988394320689,31.4,121.4666666,4.0,93.04844178459474,13.92246011739572,41.03110858371184,0.48627270710868997,0.9942757993480691,31.4,985.9599999999999,0.9995239228844999,1.6094379124341003,-2838.634662512345,4638.285689062471,3319.352364456312,89.97749209325389,135.0,67.1
2023-06-03,73.1,91.9,69.1,12.6,14.5,4.4,5.8,-52.576515083513456,31.4,121.4666666,4.0,84.88647472933454,13.934852212749856,41.06515587372306,0.4711595076738638,0.9942757993480691,31.4,985.9599999999999,0.9995239228844999,1.6094379124341003,-2838.634662512345,4638.285689062471,3319.352364456312,89.97749209325389,135.0,58.0
2023-06-04,72.8,78.6,69.1,10.8,12.4,6.3,7.8,-10.40533821266881,31.4,121.4666666,4.0,84.60950002347685,13.946620882990691,41.09704264641978,0.4559066935084588,0.9942757993480691,31.4,985.9599999999999,0.9995239228844999,1.6094379124341003,-2838.634662512345,4638.285689062471,3319.352364456312,89.97749209325389,135.0,59.0
2023-06-05,70.1,77.5,65.5,8.2,4.1,4.6,5.8,-14.303317359704407,31.4,121.4666666,4.0,81.53657378330047,13.957758707555003,41.12678144109827,0.440518784350495,0.9942757993480691,31.4,985.9599999999999,0.9995239228844999,1.6094379124341003,-2838.634662512345,4638.285689062471,3319.352364456312,89.97749209325389,135.0,67.1
2023-06-06,68.4,76.8,62.2,9.6,7.3,2.9,5.8,-105.93191365322704,31.4,121.4666666,4.0,79.61907400791766,13.96825859788029,41.154384346702805,0.42500033996955416,0.9942757993480691,31.4,985.9599999999999,0.9995239228844999,1.6094379124341003,-2838.634662512345,4638.285689062471,3319.352364456312,89.97749209325389,135.0,63.3
2023-06-07,74.6,81.7,62.2,7.2,4.8,3.9,5.8,31.36750205331327,31.4,121.4666666,4.0,86.89727420029598,13.978113812380052,41.17986297575166,0.4093559588156213,0.9942757993480691,31.4,985.9599999999999,0.9995239228844999,1.6094379124341003,-2838.634662512345,4638.285689062471,3319.352364456312,89.97749209325389,135.0,69.1
2023-06-08,79.5,87.8,71.1,4.4,7.6,4.2,5.8,88.2818911885379,31.4,121.4666666,4.0,92.66598155708374,13.987317970880566,41.203228439860666,0.39359027665646673,0.9942757993480691,31.4,985.9599999999999,0.9995239228844999,1.6094379124341003,-2838.634662512345,4638.285689062471,3319.352364456312,89.97749209325389,135.0,69.6
2023-06-09,83.4,94.1,72.1,2.5,7.8,4.6,7.8,-3.3980692055705894,31.4,121.4666666,4.0,97.27126222578204,13.995865068457846,41.224491326858065,0.3777079652039649,0.9942757993480691,31.4,985.9599999999999,0.9995239228844999,1.6094379124341003,-2838.634662512345,4638.285689062471,3319.352364456312,89.97749209325389,135.0,66.7
2023-06-10,81.5,95.5,72.0,1.2,8.0,4.1,7.8,62.772963627182094,31.4,121.4666666,4.0,95.10879861017611,14.003749488614886,41.243661679482294,0.36171373072976765,0.9942757993480691,31.4,985.9599999999999,0.9995239228844999,1.6094379124341003,-2838.634662512345,4638.285689062471,3319.352364456312,89.97749209325389,135.0,68.6
2023-06-11,75.8,95.5,71.8,4.5,12.1,4.9,7.8,42.330292416443285,31.4,121.4666666,4.0,88.50260199943375,14.010966015741493,41.260748975653144,0.3456123126707335,0.9942757993480691,31.4,985.9599999999999,0.9995239228844999,1.6094379124341003,-2838.634662512345,4638.285689062471,3319.352364456312,89.97749209325389,135.0,69.6
2023-06-12,74.7,80.6,71.8,5.0,14.0,4.6,7.8,-4.512855673594913,31.4,121.4666666,4.0,87.25899879633774,14.017509846801243,41.275762110305706,0.3294084822245304,0.9942757993480691,31.4,985.9599999999999,0.9995239228844999,1.6094379124341003,-2838.634662512345,4638.285689062471,3319.352364456312,89.97749209325389,135.0,69.1
2023-06-13,72.5,79.5,68.7,4.9,8.6,2.9,5.8,-60.56808290912556,31.4,121.4666666,4.0,84.72456697158214,14.023376602192906,41.28870937877591,0.3131070409358269,0.9942757993480691,31.4,985.9599999999999,0.9995239228844999,1.6094379124341003,-2838.634662512345,4638.285689062471,3319.352364456312,89.97749209325389,135.0,69.4
2023-06-14,76.7,87.1,68.7,6.2,6.7,3.2,5.8,52.94679911419086,31.4,121.4666666,4.0,89.66589426258477,14.028562335736861,41.29959846172624,0.29671281927349075,0.9942757993480691,31.4,985.9599999999999,0.9995239228844999,1.6094379124341003,-2838.634662512345,4638.285689062471,3319.352364456312,89.97749209325389,135.0,69.0
2023-06-22,80.3,92.1,72.3,7.5,6.0,2.2,5.8,87.80608847991695,31.4,121.4666666,4.0,93.98584462708817,14.045207167186277,41.313325949292604,0.16280701293851715,0.9942757993480691,31.4,985.9599999999999,0.9995239228844999,1.6094379124341003,-2838.634662512345,4638.285689062471,3319.352364456312,89.97749209325389,135.0,68.5
2023-06-23,76.0,90.3,66.4,9.3,6.7,6.8,9.7,55.686993951867876,31.4,121.4666666,4.0,88.94635511346358,14.044161333704775,41.305930058421524,0.1457991969198751,0.9942757993480691,31.4,985.9599999999999,0.9995239228844999,1.6094379124341003,-2838.634662512345,4638.285689062471,3319.352364456312,89.97749209325389,135.0,66.8
2023-06-24,73.2,86.0,66.4,6.9,4.7,4.4,9.7,-125.22207242710957,31.4,121.4666666,4.0,85.65876411439693,14.042420346622448,41.29651674488778,0.12874817745258132,0.9942757993480691,31.4,985.9599999999999,0.9995239228844999,1.6094379124341003,-2838.634662512345,4638.285689062471,3319.352364456312,89.97749209325389,135.0,72.4
2023-06-25,82.0,88.7,68.9,6.1,15.9,4.4,9.7,-35.71534347911882,31.4,121.4666666,4.0,95.93990022484807,14.039985398758255,41.28508636317474,0.11165900712169512,0.9942757993480691,31.4,985.9599999999999,0.9995239228844999,1.6094379124341003,-2838.634662512345,4638.285689062471,3319.352364456312,89.97749209325389,135.0,75.0
2023-06-26,81.1,88.7,75.2,7.4,14.1,4.4,7.8,-85.62491984098824,31.4,121.4666666,4.0,94.8657663681845,14.036858155588336,41.2716385888448,0.09453674981719912,0.9942757993480691,31.4,985.9599999999999,0.9995239228844999,1.6094379124341003,-2838.634662512345,4638.285689062471,3319.352364456312,89.97749209325389,135.0,74.5
2023-06-27,86.1,92.5,75.2,8.5,14.4,6.1,7.8,29.85496416883518,31.4,121.4666666,4.0,100.68706739075189,14.033040751324306,41.25617242274726,0.07738647923346301,0.9942757993480691,31.4,985.9599999999999,0.9995239228844999,1.6094379124341003,-2838.634662512345,4638.285689062471,3319.352364456312,89.97749209325389,135.0,74.8
2023-06-28,89.7,96.8,82.0,5.4,12.7,6.1,7.8,66.3887680052058,31.4,121.4666666,4.0,104.86330498468496,14.028535783904342,41.23868619669873,0.06021327736579302,0.9942757993480691,31.4,985.9599999999999,0.9995239228844999,1.6094379124341003,-2838.634662512345,4638.285689062471,3319.352364456312,89.97749209325389,135.0,76.8
2023-06-29,91.5,97.5,85.6,0.8,13.4,5.8,7.8,-67.30286688472869,31.4,121.4666666,4.0,106.92801560552208,14.02334630892093,41.21917758064253,0.04302223300453059,0.9942757993480691,31.4,985.9599999999999,0.9995239228844999,1.6094379124341003,-2838.634662512345,4638.285689062471,3319.352364456312,89.97749209325389,135.0,76.5
2023-06-30,78.9,97.5,76.3,2.5,14.6,3.1,5.8,84.70982744654921,31.4,121.4666666,4.0,92.16490359878044,14.017475832514135,41.19764359129388,0.02581844022713308,0.9942757993480691,31.4,985.9599999999999,0.9995239228844999,1.6094379124341003,-2838.634662512345,4638.285689062471,3319.352364456312,89.97749209325389,135.0,76.4
2023-07-01,83.4,90.7,76.3,5.0,9.9,4.1,5.8,24.25500744912706,31.4,121.4666666,4.0,97.37595170768455,14.010928303263961,41.174080602279574,0.008606996888688698,0.9942757993480691,31.4,985.9599999999999,0.9995239228844999,1.6094379124341003,-2838.634662512345,4638.285689062471,3319.352364456312,89.97749209325389,135.0,78.1
2023-07-02,84.4,95.2,77.4,5.4,9.9,3.4,7.8,51.87174076806711,31.4,121.4666666,4.0,98.49274699194244,14.003708103119777,41.14848435578111,-0.008606996888688009,0.9942757993480691,31.4,985.9599999999999,0.9995239228844999,1.6094379124341003,-2838.634662512345,4638.285689062471,3319.352364456312,89.97749209325389,135.0,78.1
2023-07-03,88.0,95.2,77.4,2.9,10.0,3.1,3.9,143.47635717260098,31.4,121.4666666,4.0,102.63601360766576,13.995820037408967,41.12084997569097,-0.02581844022713239,0.9942757993480691,31.4,985.9599999999999,0.9995239228844999,1.6094379124341003,-2838.634662512345,4638.285689062471,3319.352364456312,89.97749209325389,135.0,80.3
2023-07-04,91.7,96.4,81.7,999.8,14.6,7.2,9.7,-73.86614202289122,31.4,121.4666666,4.0,106.88604975067724,13.98726932397085,41.091171982292344,-0.04302223300453034,0.9942757993480691,31.4,985.9599999999999,0.9995239228844999,1.6094379124341003,-2838.634662512345,4638.285689062471,3319.352364456312,89.97749209325389,135.0,78.2
2023-07-05,83.1,96.4,75.0,1.2,10.9,3.6,5.8,104.69163496837113,31.4,121.4666666,4.0,96.79807645164756,13.97806158146535,41.05944430847198,-0.060213277365792774,0.9942757993480691,31.4,985.9599999999999,0.9995239228844999,1.6094379124341003,-2838.634662512345,4638.285689062471,3319.352364456312,89.97749209325389,135.0,75.0
2023-07-06,89.7,96.1,77.7,0.1,12.1,4.6,5.8,-65.65877341677836,31.4,121.4666666,4.0,104.41231605639535,13.968202816909077,41.025660317476465,-0.07738647923346322,0.9942757993480691,31.4,985.9599999999999,0.9995239228844999,1.6094379124341003,-2838.634662512345,4638.285689062471,3319.352364456312,89.97749209325389,135.0,78.6
2023-07-07,84.5,96.1,81.3,0.9,9.3,3.2,5.8,-3.7687000574558915,31.4,121.4666666,4.0,98.28546669631396,13.95769941249429,40.98981282222091,-0.09453674981719933,0.9942757993480691,31.4,985.9599999999999,0.9995239228844999,1.6094379124341003,-2838.634662512345,4638.285689062471,3319.352364456312,89.97749209325389,135.0,80.2
2023-07-08,82.1,93.9,79.2,3.1,6.4,1.7,3.9,84.59607960386217,31.4,121.4666666,4.0,95.41770174787939,13.94655811174851,40.95189410615849,-0.11165900712169444,0.9942757993480691,31.4,985.9599999999999,0.9995239228844999,1.6094379124341003,-2838.634662512345,4638.285689062471,3319.352364456312,89.97749209325389,135.0,80.3
2023-07-09,85.8,90.0,79.2,4.2,13.0,3.9,7.8,108.32151031337887,31.4,121.4666666,4.0,99.63371993642656,13.934786005094624,40.911895945717966,-0.12874817745258066,0.9942757993480691,31.4,985.9599999999999,0.9995239228844999,1.6094379124341003,-2838.634662512345,4638.285689062471,3319.352364456312,89.97749209325389,135.0,78.6
2023-07-10,82.1,92.3,76.8,5.0,13.0,3.2,7.8,18.348450010856297,31.4,121.4666666,4.0,95.25235510592144,13.922390514872806,40.86980963431481,-0.14579919691987442,0.9942757993480691,31.4,985.9599999999999,0.9995239228844999,1.6094379124341003,-2838.634662512345,4638.285689062471,3319.352364456312,89.97749209325389,135.0,75.2
2023-07-11,90.9,100.4,76.8,3.9,11.1,4.4,7.8,33.44549566215601,31.4,121.4666666,4.0,105.36354880264287,13.909379379886845,40.825626007939555,-0.16280701293851646,0.9942757993480691,31.4,985.9599999999999,0.9995239228844999,1.6094379124341003,-2838.634662512345,4638.285689062471,3319.352364456312,89.97749209325389,135.0,78.3
2023-07-12,93.1,101.7,84.0,3.2,11.3,6.1,7.8,56.27088774036277,31.4,121.4666666,4.0,107.80794296175051,13.8957606395382,40.77933547232468,-0.17976658572556214,0.9942757993480691,31.4,985.9599999999999,0.9995239228844999,1.6094379124341003,-2838.634662512345,4638.285689062471,3319.352364456312,89.97749209325389,135.0,79.2
2023-07-13,91.4,101.7,86.9,2.2,13.8,6.1,7.8,85.94568816609419,31.4,121.4666666,4.0,105.73108293747397,13.881542617611462,40.730928031689096,-0.19667288979357622,0.9942757993480691,31.4,985.9599999999999,0.9995239228844999,1.6094379124341003,-2838.634662512345,4638.285689062471,3319.352364456312,89.97749209325389,135.0,78.3
2023-07-14,91.4,99.1,85.8,1.0,12.4,6.6,7.8,-62.68141586929059,31.4,121.4666666,4.0,105.61828991565272,13.866733905774973,40.680393319055945,-0.2135209154397959,0.9942757993480691,31.4,985.9599999999999,0.9995239228844999,1.6094379124341003,-2838.634662512345,4638.285689062471,3319.352364456312,89.97749209325389,135.0,78.1
2023-07-15,86.0,99.1,78.1,2.3,14.8,3.2,3.9,73.23253502423083,31.4,121.4666666,4.0,99.26796065249601,13.85134334685991,40.627720628136615,-0.23030567023061196,0.9942757993480691,31.4,985.9599999999999,0.9995239228844999,1.6094379124341003,-2838.634662512345,4638.285689062471,3319.352364456312,89.97749209325389,135.0,79.1
2023-07-16,81.6,97.3,76.1,5.8,13.9,3.2,3.9,9.518632846880683,31.4,121.4666666,4.0,94.08058412226696,13.835380017980436,40.57289894677023,-0.24702218048093527,0.9942757993480691,31.4,985.9599999999999,0.9995239228844999,1.6094379124341003,-2838.634662512345,4638.285689062471,3319.352364456312,89.97749209325389,135.0,78.1
2023-07-17,84.1,91.2,76.1,7.0,16.5,5.8,7.8,9.048323383333129,31.4,121.4666666,4.0,96.84712960500852,13.818853213556507,40.515916991903914,-0.2636654927280072,0.9942757993480691,31.4,985.9599999999999,0.9995239228844999,1.6094379124341003,-2838.634662512345,4638.285689062471,3319.352364456312,89.97749209325389,135.0,77.8
2023-07-18,82.8,91.2,78.4,9.0,18.6,4.1,5.8,1.2951880445345783,31.4,121.4666666,4.0,95.23222975526636,13.801772428299472,40.45676324609561,-0.2802306751992161,0.9942757993480691,31.4,985.9599999999999,0.9995239228844999,1.6094379124341003,-2838.634662512345,4638.285689062471,3319.352364456312,89.97749209325389,135.0,76.4
2023-07-19,82.4,90.9,78.8,8.4,14.9,3.9,5.8,16.403751910924264,31.4,121.4666666,4.0,94.6511450695038,13.784147340218999,40.39542599551649,-0.2967128192734901,0.9942757993480691,31.4,985.9599999999999,0.9995239228844999,1.6094379124341003,-2838.634662512345,4638.285689062471,3319.352364456312,89.97749209325389,135.0,75.7
2023-07-20,80.6,87.3,78.4,6.7,7.2,1.9,3.9,122.71035336768855,31.4,121.4666666,4.0,92.46155134773804,13.765987793707898,40.33189336942578,-0.3131070409358267,0.9942757993480691,31.4,985.9599999999999,0.9995239228844999,1.6094379124341003,-2838.634662512345,4638.285689062471,3319.352364456312,89.97749209325389,135.0,79.1
2023-07-21,84.0,92.7,78.4,6.9,13.3,4.6,7.8,26.11994652612993,31.4,121.4666666,4.0,96.23112647931488,13.747303782759268,40.26615338108614,-0.3294084822245302,0.9942757993480691,31.4,985.9599999999999,0.9995239228844999,1.6094379124341003,-2838.634662512345,4638.285689062471,3319.352364456312,89.97749209325389,135.0,78.8
2023-07-22,83.5,92.7,79.7,7.6,17.0,4.4,7.8,134.40022733160285,31.4,121.4666666,4.0,95.52473364747694,13.728105434367942,40.19819397008309,-0.3456123126707333,0.9942757993480691,31.4,985.9599999999999,0.9995239228844999,1.6094379124341003,-2838.634662512345,4638.285689062471,3319.352364456312,89.97749209325389,135.0,78.1
2023-07-23,85.7,91.4,79.7,6.6,15.2,4.4,5.8,-49.26565012369417,31.4,121.4666666,4.0,97.90084470238384,13.708402992165764,40.12800304600679,-0.3617137307297674,0.9942757993480691,31.4,985.9599999999999,0.9995239228844999,1.6094379124341003,-2838.634662512345,4638.285689062471,3319.352364456312,89.97749209325389,135.0,78.2
2023-07-24,86.7,92.7,81.9,7.1,11.9,6.4,7.8,59.778104505651775,31.4,121.4666666,4.0,98.897294132437,13.688206800337301,40.05556853344971,-0.37770796520396466,0.9942757993480691,31.4,985.9599999999999,0.9995239228844999,1.6094379124341003,-2838.634662512345,4638.285689062471,3319.352364456312,89.97749209325389,135.0,77.1
2023-07-25,87.1,93.6,82.0,9.0,13.9,6.8,9.7,82.73228970661722,31.4,121.4666666,4.0,99.20346889771687,13.667527287859961,39.98087841826866,-0.39359027665646645,0.9942757993480691,31.4,985.9599999999999,0.9995239228844999,1.6094379124341003,-2838.634662512345,4638.285689062471,3319.352364456312,89.97749209325389,135.0,77.1
2023-07-26,86.0,93.6,81.9,9.9,16.3,6.1,7.8,50.72367029570845,31.4,121.4666666,4.0,97.79902049728334,13.646374953109301,39.903920795054454,-0.4093559588156211,0.9942757993480691,31.4,985.9599999999999,0.9995239228844999,1.6094379124341003,-2838.634662512345,4638.285689062471,3319.352364456312,89.97749209325389,135.0,77.7
2023-07-27,82.8,92.7,78.4,8.3,17.9,4.7,5.8,34.086846560762666,31.4,121.4666666,4.0,94.01084640718501,13.624760348867392,39.824683915747364,-0.42500033996955394,0.9942757993480691,31.4,985.9599999999999,0.9995239228844999,1.6094379124341003,-2838.634662512345,4638.285689062471,3319.352364456312,89.97749209325389,135.0,77.3
2023-07-28,82.4,89.6,78.4,6.7,17.0,7.5,9.7,32.8602772986178,31.4,121.4666666,4.0,93.40516593201363,13.602694067768974,39.74315623933169,-0.4405187843504952,0.9942757993480691,31.4,985.9599999999999,0.9995239228844999,1.6094379124341003,-2838.634662512345,4638.285689062471,3319.352364456312,89.97749209325389,135.0,78.4
2023-07-29,82.3,84.2,79.5,7.2,17.9,7.3,9.7,96.21318615619379,31.4,121.4666666,4.0,93.13744731102139,13.58018672821697,39.659326482537395,-0.455906693508459,0.9942757993480691,31.4,985.9599999999999,0.9995239228844999,1.6094379124341003,-2838.634662512345,4638.285689062471,3319.352364456312,89.97749209325389,135.0,78.6
2023-07-30,85.6,91.8,80.6,8.2,15.8,7.3,9.7,85.34827278983448,31.4,121.4666666,4.0,96.70837592034344,13.55724896079581,39.57318367147212,-0.47115950767386394,0.9942757993480691,31.4,985.9599999999999,0.9995239228844999,1.6094379124341003,-2838.634662512345,4638.285689062471,3319.352364456312,89.97749209325389,135.0,77.5
2023-07-31,85.3,91.8,80.6,8.2,17.6,6.3,9.7,-60.30083570394437,31.4,121.4666666,4.0,96.20341133426928,13.533891395207872,39.484717194102146,-0.4862727071086902,0.9942757993480691,31.4,985.9599999999999,0.9995239228844999,1.6094379124341003,-2838.634662512345,4638.285689062471,3319.352364456312,89.97749209325389,135.0,76.8
2023-08-01,84.4,91.4,81.0,7.3,18.0,6.6,9.7,92.76124931528133,31.4,121.4666666,4.0,95.02121002254562,13.5101246477553,39.393916853495675,-0.5012418134457756,0.9942757993480691,31.4,985.9599999999999,0.9995239228844999,1.6094379124341003,-2838.634662512345,4638.285689062471,3319.352364456312,89.97749209325389,135.0,79.1
2023-08-02,85.2,90.0,81.5,4.6,17.6,6.6,7.8,3.059300627928881,31.4,121.4666666,4.0,95.75031109664293,13.48595930938633,39.300772921738144,-0.5160623910158526,0.9942757993480691,31.4,985.9599999999999,0.9995239228844999,1.6094379124341003,-2838.634662512345,4638.285689062471,3319.352364456312,89.97749209325389,135.0,79.1
2023-08-03,85.3,90.0,82.2,2.4,14.8,7.3,9.7,-24.930843788232284,31.4,121.4666666,4.0,95.68816051647494,13.461405934322384,39.20527619442417,-0.5307300481619331,0.9942757993480691,31.4,985.9599999999999,0.9995239228844999,1.6094379124341003,-2838.634662512345,4638.285689062471,3319.352364456312,89.97749209325389,135.0,79.1
2023-08-04,85.4,90.7,82.0,1.1,16.3,6.3,9.7,99.02255064299675,31.4,121.4666666,4.0,95.62291395837062,13.436475029279242,39.107418045627206,-0.5452404385406507,0.9942757993480691,31.4,985.9599999999999,0.9995239228844999,1.6094379124341003,-2838.634662512345,4638.285689062471,3319.352364456312,89.97749209325389,135.0,79.0
2023-08-05,85.3,91.8,79.0,999.9,15.5,3.6,5.8,3.9284547518358846,31.4,121.4666666,4.0,95.33111681607303,13.411177043292808,39.00719048324391,-0.5595892624101763,0.9942757993480691,31.4,985.9599999999999,0.9995239228844999,1.6094379124341003,-2838.634662512345,4638.285689062471,3319.352364456312,89.97749209325389,135.0,79.0
2023-08-06,87.7,94.6,79.0,998.8,16.5,4.1,5.8,76.54894394045571,31.4,121.4666666,4.0,97.82585923420025,13.385522358157388,38.90458620460666,-0.5737722679043243,0.9942757993480691,31.4,985.9599999999999,0.9995239228844999,1.6094379124341003,-2838.634662512345,4638.285689062471,3319.352364456312,89.97749209325389,135.0,78.1
2023-08-07,86.6,94.6,81.0,0.0,17.5,5.3,5.8,-28.950092937980568,31.4,121.4666666,4.0,96.41121190025989,13.35952127948174,38.79959865225441,-0.5877852522924734,0.9942757993480691,31.4,985.9599999999999,0.9995239228844999,1.6094379124341003,-2838.634662512345,4638.285689062471,3319.352364456312,89.97749209325389,135.0,77.4
2023-08-08,85.0,93.6,80.6,2.1,16.5,4.4,5.8,-170.11108529816764,31.4,121.4666666,4.0,94.4433868675909,13.333184028365773,38.69222206974905,-0.6016240632249227,0.9942757993480691,31.4,985.9599999999999,0.9995239228844999,1.6094379124341003,-2838.634662512345,4638.285689062471,3319.352364456312,89.97749209325389,135.0,75.4
2023-08-09,85.7,92.5,80.6,2.6,14.7,5.8,5.8,14.55803490348571,31.4,121.4666666,4.0,95.03073557316337,13.306520733698486,38.58245155742189,-0.6152845999633277,0.9942757993480691,31.4,985.9599999999999,0.9995239228844999,1.6094379124341003,-2838.634662512345,4638.285689062471,3319.352364456312,89.97749209325389,135.0,78.2
2023-08-10,85.5,93.4,78.4,3.6,12.8,4.2,7.8,-71.88965383708265,31.4,121.4666666,4.0,94.61673265366355,13.279541425075585,38.47028312793219,-0.6287628145958345,0.9942757993480691,31.4,985.9599999999999,0.9995239228844999,1.6094379124341003,-2838.634662512345,4638.285689062471,3319.352364456312,89.97749209325389,135.0,74.9
2023-08-11,87.8,94.8,78.4,2.9,10.1,3.6,5.8,61.89162278593526,31.4,121.4666666,4.0,96.96233992600398,13.25225602633312,38.3557137615181,-0.6420547132365636,0.9942757993480691,31.4,985.9599999999999,0.9995239228844999,1.6094379124341003,-2838.634662512345,4638.285689062471,3319.352364456312,89.97749209325389,135.0,75.8
2023-08-12,89.4,99.1,79.5,1.3,14.4,4.9,5.8,-26.575693534743127,31.4,121.4666666,4.0,98.52382390520349,13.22467434969174,38.238741460818446,-0.655156357209085,0.9942757993480691,31.4,985.9599999999999,0.9995239228844999,1.6094379124341003,-2838.634662512345,4638.285689062471,3319.352364456312,89.97749209325389,135.0,76.9
2023-08-13,87.5,99.1,80.1,1.3,17.1,4.4,5.8,5.126300268798781,31.4,121.4666666,4.0,96.22671107659446,13.196806090504383,38.11936530514249,-0.6680638642135333,0.9942757993480691,31.4,985.9599999999999,0.9995239228844999,1.6094379124341003,-2838.634662512345,4638.285689062471,3319.352364456312,89.97749209325389,135.0,78.6
2023-08-14,86.4,93.9,81.0,3.3,18.2,6.1,7.8,-76.51172392569539,31.4,121.4666666,4.0,94.81435792270948,13.168660822598536,37.997585504064034,-0.6807734094770159,0.9942757993480691,31.4,985.9599999999999,0.9995239228844999,1.6094379124341003,-2838.634662512345,4638.285689062471,3319.352364456312,89.97749209325389,135.0,78.8
2023-08-15,83.4,92.3,77.4,5.1,14.0,3.6,5.8,-24.725192994643166,31.4,121.4666666,4.0,91.32472355971093,13.14024799420301,37.87340345021574,-0.6932812268869771,0.9942757993480691,31.4,985.9599999999999,0.9995239228844999,1.6094379124341003,-2838.634662512345,4638.285689062471,3319.352364456312,89.97749209325389,135.0,75.9
2023-08-16,85.4,92.8,77.4,4.7,13.1,2.8,3.9,65.23883913641549,31.4,121.4666666,4.0,93.31072244565222,13.111576924447617,37.74682177115889,-0.7055836101071774,0.9942757993480691,31.4,985.9599999999999,0.9995239228844999,1.6094379124341003,-2838.634662512345,4638.285689062471,3319.352364456312,89.97749209325389,135.0,76.3
2023-08-17,79.9,92.8,75.4,4.7,11.4,2.2,9.7,-51.8712731922417,31.4,121.4666666,4.0,87.10868986281741,13.082656800423141,37.61784438020488,-0.7176769136759615,0.9942757993480691,31.4,985.9599999999999,0.9995239228844999,1.6094379124341003,-2838.634662512345,4638.285689062471,3319.352364456312,89.97749209325389,135.0,74.8
2023-08-18,83.1,91.4,75.4,6.5,16.0,3.9,7.8,43.23245655811833,31.4,121.4666666,4.0,90.39546447290662,13.053496674787961,37.486476526064514,-0.7295575540864876,0.9942757993480691,31.4,985.9599999999999,0.9995239228844999,1.6094379124341003,-2838.634662512345,4638.285689062471,3319.352364456312,89.97749209325389,135.0,74.8
2023-08-19,84.3,90.7,77.9,8.7,16.0,4.4,7.8,113.67499056128679,31.4,121.4666666,4.0,91.49434088394449,13.02410546390669,37.35272484120271,-0.7412220108485957,0.9942757993480691,31.4,985.9599999999999,0.9995239228844999,1.6094379124341003,-2838.634662512345,4638.285689062471,3319.352364456312,89.97749209325389,135.0,75.9
2023-08-20,86.4,91.8,78.8,7.8,15.6,5.6,7.8,49.93759818425516,31.4,121.4666666,4.0,93.56034201484023,12.994491946505589,37.21659738877735,-0.7526668275320083,0.9942757993480691,31.4,985.9599999999999,0.9995239228844999,1.6094379124341003,-2838.634662512345,4638.285689062471,3319.352364456312,89.97749209325389,135.0,76.6
2023-08-21,89.0,96.6,82.4,3.2,15.8,6.1,9.7,81.97585870601498,31.4,121.4666666,4.0,96.15459699097937,12.964664762828681,37.07810370804286,-0.7638886127905429,0.9942757993480691,31.4,985.9599999999999,0.9995239228844999,1.6094379124341003,-2838.634662512345,4638.285689062471,3319.352364456312,89.97749209325389,135.0,76.7
2023-08-22,81.1,96.6,77.0,2.7,10.4,3.9,7.8,-67.16740747787604,31.4,121.4666666,4.0,87.41655739982978,12.934632414278143,36.93725485810117,-0.7748840413670406,0.9942757993480691,31.4,985.9599999999999,0.9995239228844999,1.6094379124341003,-2838.634662512345,4638.285689062471,3319.352364456312,89.97749209325389,135.0,76.4
2023-08-23,82.7,93.2,76.6,5.8,15.4,4.4,7.8,-29.075976293225132,31.4,121.4666666,4.0,88.93284582443869,12.904403263521937,36.794063459885436,-0.7856498550787144,0.9942757993480691,31.4,985.9599999999999,0.9995239228844999,1.6094379124341003,-2838.634662512345,4638.285689062471,3319.352364456312,89.97749209325389,135.0,74.1
2023-08-26,84.5,90.3,75.2,6.6,18.3,5.8,7.8,104.36490419303847,31.4,121.4666666,4.0,90.22217493210559,12.812616558405526,36.350584440561576,-0.8165380514459157,0.9942757993480691,31.4,985.9599999999999,0.9995239228844999,1.6094379124341003,-2838.634662512345,4638.285689062471,3319.352364456312,89.97749209325389,135.0,75.8
2023-08-27,84.9,89.1,79.9,2.8,17.6,6.7,9.7,60.08241076419374,31.4,121.4666666,4.0,90.43039363602605,12.78168107929697,36.198181656374096,-0.8263541987239094,0.9942757993480691,31.4,985.9599999999999,0.9995239228844999,1.6094379124341003,-2838.634662512345,4638.285689062471,3319.352364456312,89.97749209325389,135.0,77.4
2023-08-28,80.1,91.9,72.9,2.9,14.0,6.3,7.8,43.666685110911246,31.4,121.4666666,4.0,85.11017866864367,12.750588564590814,36.043524187934906,-0.8359254794186365,0.9942757993480691,31.4,985.9599999999999,0.9995239228844999,1.6094379124341003,-2838.634662512345,4638.285689062471,3319.352364456312,89.97749209325389,135.0,74.5
2023-08-29,74.2,91.9,72.7,8.3,9.9,3.1,5.8,45.57518457955417,31.4,121.4666666,4.0,78.6479596292984,12.719346570776022,35.88663479617749,-0.8452490573530634,0.9942757993480691,31.4,985.9599999999999,0.9995239228844999,1.6094379124341003,-2838.634662512345,4638.285689062471,3319.352364456312,89.97749209325389,135.0,72.7
2023-08-30,70.1,75.7,68.5,11.4,8.7,3.1,5.8,-0.6478072204821697,31.4,121.4666666,4.0,74.11884776757029,12.68796252797209,35.727538039310936,-0.8543221697498269,0.9942757993480691,31.4,985.9599999999999,0.9995239228844999,1.6094379124341003,-2838.634662512345,4638.285689062471,3319.352364456312,89.97749209325389,135.0,68.2
2023-08-31,77.2,81.7,68.5,11.3,17.1,4.4,5.8,-104.48606592640667,31.4,121.4666666,4.0,81.42312141421357,12.656443743142004,35.56626029694739,-0.8631421280499115,0.9942757993480691,31.4,985.9599999999999,0.9995239228844999,1.6094379124341003,-2838.634662512345,4638.285689062471,3319.352364456312,89.97749209325389,135.0,68.7
2023-09-01,78.9,84.4,74.7,11.0,18.6,5.6,7.8,72.48479787260275,31.4,121.4666666,4.0,83.00804292876464,12.624797403614393,35.40282979159797,-0.8717063187093217,0.9942757993480691,31.4,985.9599999999999,0.9995239228844999,1.6094379124341003,-2838.634662512345,4638.285689062471,3319.352364456312,89.97749209325389,135.0,69.5
2023-09-02,80.3,86.2,75.4,9.8,16.3,5.1,7.8,49.80607064407465,31.4,121.4666666,4.0,84.26836297050811,12.59303058089785,35.23727660746592,-0.8800122039735356,0.9942757993480691,31.4,985.9599999999999,0.9995239228844999,1.6094379124341003,-2838.634662512345,4638.285689062471,3319.352364456312,89.97749209325389,135.0,71.3
2023-09-03,79.3,86.2,74.3,9.4,15.3,3.2,5.8,9.298736462749137,31.4,121.4666666,4.0,83.00826780144311,12.561150234770711,35.06963270647076,-0.888057322629493,0.9942757993480691,31.4,985.9599999999999,0.9995239228844999,1.6094379124341003,-2838.634662512345,4638.285689062471,3319.352364456312,89.97749209325389,135.0,75.4
2023-09-04,83.5,89.2,74.3,9.7,16.4,5.3,7.8,106.21635631776175,31.4,121.4666666,4.0,87.18209405600746,12.529163217629813,34.89993194144445,-0.8958392907349089,0.9942757993480691,31.4,985.9599999999999,0.9995239228844999,1.6094379124341003,-2838.634662512345,4638.285689062471,3319.352364456312,89.97749209325389,135.0,77.5
2023-09-05,81.3,89.2,78.1,11.4,17.0,4.4,5.8,-14.510084524499193,31.4,121.4666666,4.0,84.66769179078142,12.497076279082128,34.72821006644555,-0.9033558023246842,0.9942757993480691,31.4,985.9599999999999,0.9995239228844999,1.6094379124341003,-2838.634662512345,4638.285689062471,3319.352364456312,89.97749209325389,135.0,75.8
2023-09-06,81.8,88.2,77.4,12.4,16.0,4.9,5.8,-22.762995151357178,31.4,121.4666666,4.0,84.96904154903751,12.46489607076345,34.554504744144815,-0.9106046300942162,0.9942757993480691,31.4,985.9599999999999,0.9995239228844999,1.6094379124341003,-2838.634662512345,4638.285689062471,3319.352364456312,89.97749209325389,135.0,74.2
2023-09-07,81.0,88.2,74.5,12.7,13.2,3.9,5.8,93.70193816078036,31.4,121.4666666,4.0,83.92024677173885,12.432629151368717,34.37885555024187,-0.9175836260593934,0.9942757993480691,31.4,985.9599999999999,0.9995239228844999,1.6094379124341003,-2838.634662512345,4638.285689062471,3319.352364456312,89.97749209325389,135.0,73.4
2023-09-08,79.4,88.3,68.9,11.8,17.3,3.4,5.8,71.61242516767474,31.4,121.4666666,4.0,82.04853251293142,12.400281991878805,34.201303974879224,-0.9242907221930934,0.9942757993480691,31.4,985.9599999999999,0.9995239228844999,1.6094379124341003,-2838.634662512345,4638.285689062471,3319.352364456312,89.97749209325389,135.0,69.9
2023-09-09,78.4,88.3,68.7,10.2,14.7,3.9,7.8,19.63815958896188,31.4,121.4666666,4.0,80.80335840899772,12.367860980969038,34.021893421027,-0.9307239310379793,0.9942757993480691,31.4,985.9599999999999,0.9995239228844999,1.6094379124341003,-2838.634662512345,4638.285689062471,3319.352364456312,89.97749209325389,135.0,67.3
2023-09-10,79.9,86.9,68.5,8.2,16.9,3.9,7.8,-61.83015363603898,31.4,121.4666666,4.0,82.13302143364508,12.335372430584993,33.84066919981869,-0.9368813462954315,0.9942757993480691,31.4,985.9599999999999,0.9995239228844999,1.6094379124341003,-2838.634662512345,4638.285689062471,3319.352364456312,89.97749209325389,135.0,70.8
2023-09-11,81.9,89.1,74.7,7.9,17.4,3.6,5.8,-40.941968909046125,31.4,121.4666666,4.0,83.96676411990788,12.302822581671483,33.65767852282501,-0.9427611433904206,0.9942757993480691,31.4,985.9599999999999,0.9995239228844999,1.6094379124341003,-2838.634662512345,4638.285689062471,3319.352364456312,89.97749209325389,135.0,74.6
2023-09-12,79.0,89.1,74.3,7.9,14.5,3.2,5.8,42.566238707522054,31.4,121.4666666,4.0,80.7789325994361,12.270217610040927,33.47297049126052,-0.9483615800121716,0.9942757993480691,31.4,985.9599999999999,0.9995239228844999,1.6094379124341003,-2838.634662512345,4638.285689062471,3319.352364456312,89.97749209325389,135.0,74.2
2023-09-13,76.9,84.6,72.7,7.1,12.9,4.4,9.7,-0.2009035975413198,31.4,121.4666666,4.0,78.4223869440893,12.237563632367639,33.28659608212422,-0.9536809966304455,0.9942757993480691,31.4,985.9599999999999,0.9995239228844999,1.6094379124341003,-2838.634662512345,4638.285689062471,3319.352364456312,89.97749209325389,135.0,73.7
2023-09-14,76.0,82.4,72.7,10.8,11.2,2.3,5.8,82.08076966022962,31.4,121.4666666,4.0,77.2974891778675,12.204866712294868,33.098608131283115,-0.9587178169872964,0.9942757993480691,31.4,985.9599999999999,0.9995239228844999,1.6094379124341003,-2838.634662512345,4638.285689062471,3319.352364456312,89.97749209325389,135.0,73.7
2023-09-15,76.8,80.6,74.3,11.4,10.8,3.2,7.8,131.16798140440181,31.4,121.4666666,4.0,77.90165034650619,12.172132866641594,32.909061313514194,-0.9634705485641486,0.9942757993480691,31.4,985.9599999999999,0.9995239228844999,1.6094379124341003,-2838.634662512345,4638.285689062471,3319.352364456312,89.97749209325389,135.0,75.0
2023-09-16,75.1,80.6,71.2,10.9,10.7,1.7,3.9,70.84876627003129,31.4,121.4666666,4.0,75.97221184870051,12.139368071696486,32.71801211952803,-0.9679377830240642,0.9942757993480691,31.4,985.9599999999999,0.9995239228844999,1.6094379124341003,-2838.634662512345,4638.285689062471,3319.352364456312,89.97749209325389,135.0,73.0
2023-09-17,79.7,87.4,71.2,11.1,5.4,2.2,5.8,-8.040861442285543,31.4,121.4666666,4.0,80.40785734050367,12.1065782695865,32.525518830003946,-0.9721181966290612,0.9942757993480691,31.4,985.9599999999999,0.9995239228844999,1.6094379124341003,-2838.634662512345,4638.285689062471,3319.352364456312,89.97749209325389,135.0,73.8
2023-09-18,83.5,91.6,73.0,11.8,11.2,3.6,5.8,69.8127855423235,31.4,121.4666666,4.0,84.01331189900888,12.073769374707863,32.33164148667364,-0.9760105506323682,0.9942757993480691,31.4,985.9599999999999,0.9995239228844999,1.6094379124341003,-2838.634662512345,4638.285689062471,3319.352364456312,89.97749209325389,135.0,77.1
2023-09-19,88.6,94.3,78.1,10.4,14.2,5.8,7.8,-9.241086534778212,31.4,121.4666666,4.0,88.9023274188644,12.04094728020737,32.13644186049731,-0.9796136916454901,0.9942757993480691,31.4,985.9599999999999,0.9995239228844999,1.6094379124341003,-2838.634662512345,4638.285689062471,3319.352364456312,89.97749209325389,135.0,75.3
2023-09-27,79.7,86.0,72.9,13.6,6.6,2.7,3.9,-55.88394036793553,31.4,121.4666666,4.0,78.2295395279268,11.778600681745566,30.535195829150993,-0.9979171608653922,0.9942757993480691,31.4,985.9599999999999,0.9995239228844999,1.6094379124341003,-2838.634662512345,4638.285689062471,3319.352364456312,89.97749209325389,135.0,74.3
2023-09-28,79.2,86.0,75.7,15.0,8.7,3.6,5.8,-112.92695586747008,31.4,121.4666666,4.0,77.52310310818969,11.745924713362074,30.331141353150706,-0.9988797155850335,0.9942757993480691,31.4,985.9599999999999,0.9995239228844999,1.6094379124341003,-2838.634662512345,4638.285689062471,3319.352364456312,89.97749209325389,135.0,74.0
2023-09-29,78.5,83.5,75.2,12.8,6.5,3.6,5.8,-5.712300504887455,31.4,121.4666666,4.0,76.62446979792789,11.71329474618006,30.126468452336784,-0.9995462806873573,0.9942757993480691,31.4,985.9599999999999,0.9995239228844999,1.6094379124341003,-2838.634662512345,4638.285689062471,3319.352364456312,89.97749209325389,135.0,73.7
2023-09-30,72.9,83.1,70.7,13.6,15.5,4.9,5.8,106.32449570874701,31.4,121.4666666,4.0,70.96035498451538,11.680716869879074,29.921255050873285,-0.9999166586547379,0.9942757993480691,31.4,985.9599999999999,0.9995239228844999,1.6094379124341003,-2838.634662512345,4638.285689062471,3319.352364456312,89.97749209325389,135.0,67.7
2023-10-01,73.1,79.3,69.4,16.7,18.3,4.9,7.8,-31.87765148527807,31.4,121.4666666,4.0,70.95693479439471,11.648197230269995,29.71558021827108,-0.9999907397361901,0.9942757993480691,31.4,985.9599999999999,0.9995239228844999,1.6094379124341003,-2838.634662512345,4638.285689062471,3319.352364456312,89.97749209325389,135.0,60.0
2023-10-02,74.0,79.3,69.4,16.3,18.6,4.6,7.8,-39.85767404900621,31.4,121.4666666,4.0,71.63040921797133,11.615742035346704,29.509524106627673,-0.9997685019798909,0.9942757993480691,31.4,985.9599999999999,0.9995239228844999,1.6094379124341003,-2838.634662512345,4638.285689062471,3319.352364456312,89.97749209325389,135.0,57.7
2023-10-03,73.6,79.0,70.9,14.8,18.6,4.4,5.8,145.29796661032833,31.4,121.4666666,4.0,71.04459304213945,11.583357561218389,29.30316788620557,-0.9992500112396835,0.9942757993480691,31.4,985.9599999999999,0.9995239228844999,1.6094379124341003,-2838.634662512345,4638.285689062471,3319.352364456312,89.97749209325389,135.0,62.7
2023-10-04,73.5,78.4,70.0,15.8,17.9,5.3,5.8,-121.51849141278748,31.4,121.4666666,4.0,70.75018221719364,11.551050157909165,29.09659367947404,-0.9984354211555643,0.9942757993480691,31.4,985.9599999999999,0.9995239228844999,1.6094379124341003,-2838.634662512345,4638.285689062471,3319.352364456312,89.97749209325389,135.0,63.6
2023-10-05,71.8,78.4,67.1,19.1,18.3,7.4,9.7,76.38578240153349,31.4,121.4666666,4.0,68.92097709248475,11.518826255011378,28.889884493741555,-0.9973249731081555,0.9942757993480691,31.4,985.9599999999999,0.9995239228844999,1.6094379124341003,-2838.634662512345,4638.285689062471,3319.352364456312,89.97749209325389,135.0,53.6
2023-10-06,71.4,75.4,67.1,19.3,18.6,5.8,7.8,-14.70783021611604,31.4,121.4666666,4.0,68.3458195847127,11.486692367178605,28.68312415250968,-0.9959189961471792,0.9942757993480691,31.4,985.9599999999999,0.9995239228844999,1.6094379124341003,-2838.634662512345,4638.285689062471,3319.352364456312,89.97749209325389,135.0,58.8
2023-10-07,65.9,75.4,62.6,19.9,15.9,6.3,9.7,-102.56081600868886,31.4,121.4666666,4.0,62.90514758778088,11.454655099444166,28.476397225681218,-0.994217906893952,0.9942757993480691,31.4,985.9599999999999,0.9995239228844999,1.6094379124341003,-2838.634662512345,4638.285689062471,3319.352364456312,89.97749209325389,135.0,59.1
2023-10-08,68.1,72.7,62.6,19.9,18.2,4.6,5.8,111.0649055387488,31.4,121.4666666,4.0,64.82394253958881,11.422721152350451,28.26978895875737,-0.9922222094179324,0.9942757993480691,31.4,985.9599999999999,0.9995239228844999,1.6094379124341003,-2838.634662512345,4638.285689062471,3319.352364456312,89.97749209325389,135.0,59.5
2023-10-09,70.1,73.8,63.9,21.7,15.3,4.6,5.8,-61.111750404195796,31.4,121.4666666,4.0,66.54182521782336,11.390897326874185,28.063385201161015,-0.989932495087353,0.9942757993480691,31.4,985.9599999999999,0.9995239228844999,1.6094379124341003,-2838.634662512345,4638.285689062471,3319.352364456312,89.97749209325389,135.0,59.5
2023-10-10,69.8,73.9,64.8,22.5,17.4,4.4,5.8,23.25833971972166,31.4,121.4666666,4.0,66.07262491111953,11.359190529132299,27.85727233382369,-0.9873494423939864,0.9942757993480691,31.4,985.9599999999999,0.9995239228844999,1.6094379124341003,-2838.634662512345,4638.285689062471,3319.352364456312,89.97749209325389,135.0,57.9
2023-10-11,70.0,75.2,64.8,23.5,18.0,4.4,7.8,-24.826171282915393,31.4,121.4666666,4.0,66.07771201997458,11.327607774852787,27.65153719617546,-0.9844738167520923,0.9942757993480691,31.4,985.9599999999999,0.9995239228844999,1.6094379124341003,-2838.634662512345,4638.285689062471,3319.352364456312,89.97749209325389,135.0,56.8
2023-10-12,68.5,75.2,64.2,21.9,11.7,3.3,5.8,-90.96715609906354,31.4,121.4666666,4.0,64.4822249384358,11.296156193594594,27.446267012677414,-0.9813064702716093,0.9942757993480691,31.4,985.9599999999999,0.9995239228844999,1.6094379124341003,-2838.634662512345,4638.285689062471,3319.352364456312,89.97749209325389,135.0,62.8
2023-10-13,62.4,75.2,58.5,17.0,8.4,2.4,5.8,-99.63256533743225,31.4,121.4666666,4.0,58.5771837700412,11.264843032700231,27.241549319035972,-0.9778483415056567,0.9942757993480691,31.4,985.9599999999999,0.9995239228844999,1.6094379124341003,-2838.634662512345,4638.285689062471,3319.352364456312,89.97749209325389,135.0,60.7
2023-10-14,65.4,75.4,57.9,14.1,7.0,2.7,5.8,-69.03296992324127,31.4,121.4666666,4.0,61.22353235225661,11.233675660964515,27.037471888239512,-0.9741004551724206,0.9942757993480691,31.4,985.9599999999999,0.9995239228844999,1.6094379124341003,-2838.634662512345,4638.285689062471,3319.352364456312,89.97749209325389,135.0,58.3
2023-10-15,66.5,78.8,56.5,15.9,6.9,3.4,9.7,-82.08102315382726,31.4,121.4666666,4.0,62.08141621151432,11.202661572002585,26.834122656555383,-0.970063921851507,0.9942757993480691,31.4,985.9599999999999,0.9995239228844999,1.6094379124341003,-2838.634662512345,4638.285689062471,3319.352364456312,89.97749209325389,135.0,58.8
2023-10-16,67.0,78.8,56.1,19.9,8.2,1.5,3.9,60.3246824849802,31.4,121.4666666,4.0,62.375930162425036,11.171808387300006,26.63158964962606,-0.965739937654855,0.9942757993480691,31.4,985.9599999999999,0.9995239228844999,1.6094379124341003,-2838.634662512345,4638.285689062471,3319.352364456312,89.97749209325389,135.0,57.1
2023-10-17,67.8,77.7,56.8,20.7,8.4,2.8,5.8,11.416557493889194,31.4,121.4666666,4.0,62.94734980294129,11.141123858927662,26.42996090880105,-0.9611297838723007,0.9942757993480691,31.4,985.9599999999999,0.9995239228844999,1.6094379124341003,-2838.634662512345,4638.285689062471,3319.352364456312,89.97749209325389,135.0,60.0
2023-10-18,68.8,79.7,56.5,17.8,9.4,3.6,7.8,-11.195086452740789,31.4,121.4666666,4.0,63.700864332248706,11.110615871903844,26.229324417839504,-0.9562348265919058,0.9942757993480691,31.4,985.9599999999999,0.9995239228844999,1.6094379124341003,-2838.634662512345,4638.285689062471,3319.352364456312,89.97749209325389,135.0,58.2
2023-10-19,71.4,82.0,59.0,16.6,10.6,4.1,7.8,2.7716121260748583,31.4,121.4666666,4.0,65.92774005480614,11.080292446185904,26.0297680301168,-0.9510565162951536,0.9942757993480691,31.4,985.9599999999999,0.9995239228844999,1.6094379124341003,-2838.634662512345,4638.285689062471,3319.352364456312,89.97749209325389,135.0,62.1
2023-10-20,63.7,82.0,58.3,23.4,18.0,5.6,7.8,121.64918871238447,31.4,121.4666666,4.0,58.65794189400275,11.050161738273673,25.83137939646551,-0.9455963874271428,0.9942757993480691,31.4,985.9599999999999,0.9995239228844999,1.6094379124341003,-2838.634662512345,4638.285689062471,3319.352364456312,89.97749209325389,135.0,50.0
2023-10-21,61.3,70.2,51.3,24.9,14.8,1.9,5.8,106.84693813367696,31.4,121.4666666,4.0,56.29501868329513,11.020232042406878,25.634245893778626,-0.9398560579418953,0.9942757993480691,31.4,985.9599999999999,0.9995239228844999,1.6094379124341003,-2838.634662512345,4638.285689062471,3319.352364456312,89.97749209325389,135.0,48.7
2023-10-22,63.5,74.1,51.3,22.7,15.4,1.9,5.8,52.86164047697758,31.4,121.4666666,4.0,58.158124895834845,10.990511791338868,25.438454554499835,-0.9338372288229252,0.9942757993480691,31.4,985.9599999999999,0.9995239228844999,1.6094379124341003,-2838.634662512345,4638.285689062471,3319.352364456312,89.97749209325389,135.0,54.9
2023-10-23,68.2,76.6,55.4,20.2,16.2,3.1,5.8,96.80841272437365,31.4,121.4666666,4.0,62.29507098040182,10.961009556668941,25.2440919971217,-0.9275416835791965,0.9942757993480691,31.4,985.9599999999999,0.9995239228844999,1.6094379124341003,-2838.634662512345,4638.285689062471,3319.352364456312,89.97749209325389,135.0,60.9
2023-10-24,69.3,80.8,59.2,17.7,13.1,1.7,3.9,-21.637729408037902,31.4,121.4666666,4.0,63.13076413133461,10.931734048715951,25.051244357809516,-0.9209712877166347,0.9942757993480691,31.4,985.9599999999999,0.9995239228844999,1.6094379124341003,-2838.634662512345,4638.285689062471,3319.352364456312,89.97749209325389,135.0,62.9
2023-10-25,69.4,80.8,59.5,16.9,8.2,1.7,3.9,-9.878376663308678,31.4,121.4666666,4.0,63.05391430371411,10.902694115915983,24.859997223263548,-0.9141279881853337,0.9942757993480691,31.4,985.9599999999999,0.9995239228844999,1.6094379124341003,-2838.634662512345,4638.285689062471,3319.352364456312,89.97749209325389,135.0,63.3
2023-10-26,69.5,80.2,61.2,16.9,9.0,1.9,5.8,33.96732668464645,31.4,121.4666666,4.0,62.97799689075461,10.873898743727414,24.67043556492861,-0.9070138128026362,0.9942757993480691,31.4,985.9599999999999,0.9995239228844999,1.6094379124341003,-2838.634662512345,4638.285689062471,3319.352364456312,89.97749209325389,135.0,60.9
2023-10-27,65.6,80.2,55.6,18.9,14.3,3.6,5.8,36.824194388491094,31.4,121.4666666,4.0,59.28795188988136,10.84535705302708,24.482643674654806,-0.8996308696522434,0.9942757993480691,31.4,985.9599999999999,0.9995239228844999,1.6094379124341003,-2838.634662512345,4638.285689062471,3319.352364456312,89.97749209325389,135.0,55.1
2023-10-28,64.6,74.8,54.7,19.5,15.6,2.9,5.8,10.671496591517789,31.4,121.4666666,4.0,58.231938170802216,10.817078297981837,24.29670510190805,-0.8919813464595487,0.9942757993480691,31.4,985.9599999999999,0.9995239228844999,1.6094379124341003,-2838.634662512345,4638.285689062471,3319.352364456312,89.97749209325389,135.0,54.0
2023-10-29,63.8,75.4,54.7,20.0,12.9,1.9,5.8,-3.7627246721165672,31.4,121.4666666,4.0,57.361898740307154,10.789071863380657,24.1127025926239,-0.8840675099433637,0.9942757993480691,31.4,985.9599999999999,0.9995239228844999,1.6094379124341003,-2838.634662512345,4638.285689062471,3319.352364456312,89.97749209325389,135.0,57.7
2023-10-30,66.8,75.4,55.6,21.3,13.0,2.4,7.8,169.30259704516496,31.4,121.4666666,4.0,59.90483308853246,10.761347261413018,23.930718029792317,-0.8758917051442433,0.9942757993480691,31.4,985.9599999999999,0.9995239228844999,1.6094379124341003,-2838.634662512345,4638.285689062471,3319.352364456312,89.97749209325389,135.0,60.4
2023-10-31,70.2,81.1,56.8,21.2,14.1,3.9,5.8,78.17162513625048,31.4,121.4666666,4.0,62.79339764810088,10.73391412788049,23.75083237585496,-0.8674563547295971,0.9942757993480691,31.4,985.9599999999999,0.9995239228844999,1.6094379124341003,-2838.634662512345,4638.285689062471,3319.352364456312,89.97749209325389,135.0,59.9
2023-11-01,73.1,84.6,61.2,18.9,16.0,5.1,7.8,6.203941267519905,31.4,121.4666666,4.0,65.22214834361095,10.706782217829431,23.573125616991,-0.858763958275803,0.9942757993480691,31.4,985.9599999999999,0.9995239228844999,1.6094379124341003,-2838.634662512345,4638.285689062471,3319.352364456312,89.97749209325389,135.0,58.1
2023-11-02,71.9,84.6,61.3,15.1,16.8,5.1,7.8,59.96066601045649,31.4,121.4666666,4.0,63.99076872522504,10.679961400593886,23.397676709360066,-0.8498170915275277,0.9942757993480691,31.4,985.9599999999999,0.9995239228844999,1.6094379124341003,-2838.634662512345,4638.285689062471,3319.352364456312,89.97749209325389,135.0,60.0
2023-11-03,72.6,83.1,61.2,14.5,13.4,2.7,3.9,-31.557585894986545,31.4,121.4666666,4.0,64.45344300814737,10.653461654239237,23.22456352736537,-0.8406184056344783,0.9942757993480691,31.4,985.9599999999999,0.9995239228844999,1.6094379124341003,-2838.634662512345,4638.285689062471,3319.352364456312,89.97749209325389,135.0,61.7
2023-11-04,73.0,83.1,63.7,14.8,15.5,2.7,3.9,-77.86060899691391,31.4,121.4666666,4.0,64.6493661113416,10.627293059398621,23.053862813992502,-0.8311706263658079,0.9942757993480691,31.4,985.9599999999999,0.9995239228844999,1.6094379124341003,-2838.634662512345,4638.285689062471,3319.352364456312,89.97749209325389,135.0,69.8
2023-11-05,73.5,84.2,60.6,11.7,17.2,9.0,11.7,-1.874295588568227,31.4,121.4666666,4.0,64.93397797903638,10.601465792495736,22.885650133272428,-0.8214765533024145,0.9942757993480691,31.4,985.9599999999999,0.9995239228844999,1.6094379124341003,-2838.634662512345,4638.285689062471,3319.352364456312,89.97749209325389,135.0,64.8
2023-11-06,58.7,84.2,51.6,21.0,17.6,6.4,9.7,6.182756549607394,31.4,121.4666666,4.0,51.73421832892657,10.575990118349555,22.71999982491082,-0.8115390590073611,0.9942757993480691,31.4,985.9599999999999,0.9995239228844999,1.6094379124341003,-2838.634662512345,4638.285689062471,3319.352364456312,89.97749209325389,135.0,41.2
2023-11-07,55.9,65.7,45.5,22.0,14.2,2.4,3.9,-137.30327030207306,31.4,121.4666666,4.0,49.149499146887415,10.5508763821583,22.556984961117358,-0.801361088174677,0.9942757993480691,31.4,985.9599999999999,0.9995239228844999,1.6094379124341003,-2838.634662512345,4638.285689062471,3319.352364456312,89.97749209325389,135.0,39.3
2023-11-08,64.1,73.8,48.7,17.8,14.9,3.4,7.8,78.49158996971977,31.4,121.4666666,4.0,56.227104462939,10.526135000862217,22.396677305662323,-0.7909456567567774,0.9942757993480691,31.4,985.9599999999999,0.9995239228844999,1.6094379124341003,-2838.634662512345,4638.285689062471,3319.352364456312,89.97749209325389,135.0,55.2
2023-11-09,64.4,73.8,55.8,18.4,9.8,5.1,13.6,0.515385725837433,31.4,121.4666666,4.0,56.35953363585933,10.50177645388683,22.239147275179725,-0.780295851070776,0.9942757993480691,31.4,985.9599999999999,0.9995239228844999,1.6094379124341003,-2838.634662512345,4638.285689062471,3319.352364456312,89.97749209325389,135.0,60.2
2023-11-10,56.9,70.7,55.4,27.2,18.4,6.7,9.7,36.445318055759934,31.4,121.4666666,4.0,49.682288454092344,10.477811273270794,22.08446390272873,-0.7694148268839381,0.9942757993480691,31.4,985.9599999999999,0.9995239228844999,1.6094379124341003,-2838.634662512345,4638.285689062471,3319.352364456312,89.97749209325389,135.0,47.1
2023-11-11,56.1,59.2,51.4,28.6,17.8,6.1,9.7,-80.56361885480169,31.4,121.4666666,4.0,48.87361890513946,10.45425003318491,21.932694803617704,-0.7583058084785625,0.9942757993480691,31.4,985.9599999999999,0.9995239228844999,1.6094379124341003,-2838.634662512345,4638.285689062471,3319.352364456312,89.97749209325389,135.0,47.5
2023-11-12,49.9,59.2,44.8,31.9,17.0,7.8,9.7,-43.144742530322844,31.4,121.4666666,4.0,43.37600471739082,10.4311033388515,21.783906143487396,-0.7469720876965551,0.9942757993480691,31.4,985.9599999999999,0.9995239228844999,1.6094379124341003,-2838.634662512345,4638.285689062471,3319.352364456312,89.97749209325389,135.0,36.2
2023-11-13,48.4,54.5,43.0,31.4,17.8,4.9,7.8,102.63486830649927,31.4,121.4666666,4.0,41.980473320000264,10.4083818148761,21.638162608642467,-0.7354170229639858,0.9942757993480691,31.4,985.9599999999999,0.9995239228844999,1.6094379124341003,-2838.634662512345,4638.285689062471,3319.352364456312,89.97749209325389,135.0,36.3
2023-11-14,50.0,60.6,41.0,28.0,11.8,2.2,5.8,33.04096329368693,31.4,121.4666666,4.0,43.275400387525934,10.386096093006223,21.495527378612493,-0.7236440382959124,0.9942757993480691,31.4,985.9599999999999,0.9995239228844999,1.6094379124341003,-2838.634662512345,4638.285689062471,3319.352364456312,89.97749209325389,135.0,38.9
2023-11-15,53.1,60.8,39.2,26.5,7.3,2.2,5.8,127.74495998977791,31.4,121.4666666,4.0,45.86183633705701,10.364256799334918,21.356062100916663,-0.711656622281775,0.9942757993480691,31.4,985.9599999999999,0.9995239228844999,1.6094379124341003,-2838.634662512345,4638.285689062471,3319.352364456312,89.97749209325389,135.0,43.0
2023-11-16,50.2,60.8,43.2,26.3,10.5,6.3,9.7,231.81231783345223,31.4,121.4666666,4.0,43.26769182972369,10.342874540969806,21.219826867998755,-0.6994583270516471,0.9942757993480691,31.4,985.9599999999999,0.9995239228844999,1.6094379124341003,-2838.634662512345,4638.285689062471,3319.352364456312,89.97749209325389,135.0,39.0
2023-11-17,51.6,59.7,42.1,24.7,17.6,8.0,11.7,1.2342304701176836,31.4,121.4666666,4.0,44.384427536423125,10.321959892191424,21.086880196291595,-0.6870527672236675,0.9942757993480691,31.4,985.9599999999999,0.9995239228844999,1.6094379124341003,-2838.634662512345,4638.285689062471,3319.352364456312,89.97749209325389,135.0,24.4
2023-11-18,44.3,59.7,34.0,25.7,15.2,2.9,7.8,-19.461334784237984,31.4,121.4666666,4.0,38.02979047830486,10.301523380127728,20.95727900736338,-0.6744436188329457,0.9942757993480691,31.4,985.9599999999999,0.9995239228844999,1.6094379124341003,-2838.634662512345,4638.285689062471,3319.352364456312,89.97749209325389,135.0,29.3
2023-11-19,50.0,67.6,33.4,21.7,12.4,2.2,5.8,88.68843322600992,31.4,121.4666666,4.0,42.839897791561704,10.28157546997481,20.83107861109118,-0.661634618242279,0.9942757993480691,31.4,985.9599999999999,0.9995239228844999,1.6094379124341003,-2838.634662512345,4638.285689062471,3319.352364456312,89.97749209325389,135.0,36.1
2023-11-20,52.7,68.0,38.7,22.7,7.3,1.5,5.8,222.00724737356845,31.4,121.4666666,4.0,45.06783909785843,10.262126549796985,20.70833269080043,-0.6486295610349818,0.9942757993480691,31.4,985.9599999999999,0.9995239228844999,1.6094379124341003,-2838.634662512345,4638.285689062471,3319.352364456312,89.97749209325389,135.0,43.5
2023-11-21,55.9,72.0,40.5,18.2,10.1,2.7,7.8,39.9450989597278,31.4,121.4666666,4.0,47.71617904544095,10.243186914942601,20.58909329030279,-0.6354323008901775,0.9942757993480691,31.4,985.9599999999999,0.9995239228844999,1.6094379124341003,-2838.634662512345,4638.285689062471,3319.352364456312,89.97749209325389,135.0,47.1
2023-11-22,62.2,75.7,45.7,15.1,12.8,2.4,7.8,73.53232579478922,31.4,121.4666666,4.0,52.99837433179534,10.224766752114856,20.47341080275852,-0.622046748440868,0.9942757993480691,31.4,985.9599999999999,0.9995239228844999,1.6094379124341003,-2838.634662512345,4638.285689062471,3319.352364456312,89.97749209325389,135.0,49.9
2023-11-23,57.2,75.7,46.8,22.9,12.0,7.0,9.7,76.60309918382782,31.4,121.4666666,4.0,48.652776186967856,10.206876123140109,20.361333961284103,-0.6084768701151264,0.9942757993480691,31.4,985.9599999999999,0.9995239228844999,1.6094379124341003,-2838.634662512345,4638.285689062471,3319.352364456312,89.97749209325389,135.0,43.3
2023-11-24,49.6,70.5,43.0,31.3,18.5,5.1,7.8,-6.351871473127439,31.4,121.4666666,4.0,42.11670312037959,10.189524948478933,20.252909831220226,-0.594726686960764,0.9942757993480691,31.4,985.9599999999999,0.9995239228844999,1.6094379124341003,-2838.634662512345,4638.285689062471,3319.352364456312,89.97749209325389,135.0,36.2
2023-11-25,51.3,57.0,43.0,28.3,17.9,4.4,7.8,29.77748195064288,31.4,121.4666666,4.0,43.48839078450749,10.172722990528067,20.148183803970202,-0.5808002734538013,0.9942757993480691,31.4,985.9599999999999,0.9995239228844999,1.6094379124341003,-2838.634662512345,4638.285689062471,3319.352364456312,89.97749209325389,135.0,41.4
2023-11-27,52.8,63.9,45.9,21.1,12.7,3.9,7.8,84.87088822698487,31.4,121.4666666,4.0,44.619541484238795,10.140804882781545,19.949999227104307,-0.5524353131676203,0.9942757993480691,31.4,985.9599999999999,0.9995239228844999,1.6094379124341003,-2838.634662512345,4638.285689062471,3319.352364456312,89.97749209325389,135.0,40.9
2023-11-28,52.6,63.9,45.1,23.0,8.7,3.6,5.8,49.062315584964736,31.4,121.4666666,4.0,44.38435039865564,10.125707315282655,19.85662305522752,-0.5380051715382992,0.9942757993480691,31.4,985.9599999999999,0.9995239228844999,1.6094379124341003,-2838.634662512345,4638.285689062471,3319.352364456312,89.97749209325389,135.0,42.9
2023-11-29,57.6,69.8,45.3,25.2,14.3,8.5,11.7,-116.65322835600544,31.4,121.4666666,4.0,48.53374125635298,10.111196095073538,19.767109738749948,-0.5234156073655503,0.9942757993480691,31.4,985.9599999999999,0.9995239228844999,1.6094379124341003,-2838.634662512345,4638.285689062471,3319.352364456312,89.97749209325389,135.0,44.0
2023-11-30,44.9,69.8,39.2,31.7,18.6,6.6,7.8,-8.431021830376604,31.4,121.4666666,4.0,37.780655775982595,10.09727994012898,19.681496255116148,-0.5086709438521042,0.9942757993480691,31.4,985.9599999999999,0.9995239228844999,1.6094379124341003,-2838.634662512345,4638.285689062471,3319.352364456312,89.97749209325389,135.0,27.8
2023-12-01,39.5,50.9,30.0,31.0,9.5,3.9,9.7,-53.7518954313368,31.4,121.4666666,4.0,33.19305905808427,10.083967308785097,19.599817898305258,-0.49377555015997737,0.9942757993480691,31.4,985.9599999999999,0.9995239228844999,1.6094379124341003,-2838.634662512345,4638.285689062471,3319.352364456312,89.97749209325389,135.0,21.0
2023-12-02,41.4,53.6,29.3,28.1,5.3,1.2,3.9,-39.78759589933513,31.4,121.4666666,4.0,34.745869021772656,10.07126638312251,19.52210828082909,-0.4787338401157883,0.9942757993480691,31.4,985.9599999999999,0.9995239228844999,1.6094379124341003,-2838.634662512345,4638.285689062471,3319.352364456312,89.97749209325389,135.0,28.1
2023-12-03,43.2,55.0,32.4,26.1,3.1,1.5,3.9,102.69725630029488,31.4,121.4666666,4.0,36.21306618937078,10.059185052602993,19.448399336461197,-0.4635502709028512,0.9942757993480691,31.4,985.9599999999999,0.9995239228844999,1.6094379124341003,-2838.634662512345,4638.285689062471,3319.352364456312,89.97749209325389,135.0,31.8
2023-12-04,50.4,59.2,35.2,19.1,2.3,2.9,5.8,-110.82303698814871,31.4,121.4666666,4.0,42.20046977169741,10.047730898023195,19.378721323584937,-0.4482293417404106,0.9942757993480691,31.4,985.9599999999999,0.9995239228844999,1.6094379124341003,-2838.634662512345,4638.285689062471,3319.352364456312,89.97749209325389,135.0,43.8
2023-12-05,50.2,62.4,38.8,17.3,2.1,2.4,5.8,-39.52037370449105,31.4,121.4666666,4.0,41.98774508563543,10.036911175849106,19.31310282904931,-0.4327755925504317,0.9942757993480691,31.4,985.9599999999999,0.9995239228844999,1.6094379124341003,-2838.634662512345,4638.285689062471,3319.352364456312,89.97749209325389,135.0,41.3
2023-12-06,51.1,64.0,37.2,17.7,2.8,5.1,11.7,-11.290255662467768,31.4,121.4666666,4.0,42.69717051942011,10.026732802994939,19.251570772422326,-0.41719360261231697,0.9942757993480691,31.4,985.9599999999999,0.9995239228844999,1.6094379124341003,-2838.634662512345,4638.285689062471,3319.352364456312,89.97749209325389,135.0,37.1
2023-12-07,54.8,67.3,36.3,16.3,4.3,4.1,7.8,37.68885374339333,31.4,121.4666666,4.0,45.745224028965964,10.017202342109336,19.19415041053322,-0.4014879892059737,0.9942757993480691,31.4,985.9599999999999,0.9995239228844999,1.6094379124341003,-2838.634662512345,4638.285689062471,3319.352364456312,89.97749209325389,135.0,39.1
2023-12-08,60.6,73.6,43.0,14.1,6.5,4.1,5.8,20.363944555843563,31.4,121.4666666,4.0,50.54204623652611,10.008325987430913,19.14086534219785,-0.38566340624360745,0.9942757993480691,31.4,985.9599999999999,0.9995239228844999,1.6094379124341003,-2838.634662512345,4638.285689062471,3319.352364456312,89.97749209325389,135.0,42.5
2023-12-09,62.5,75.2,51.6,15.3,3.7,2.2,3.9,-42.4607306378069,31.4,121.4666666,4.0,52.08390391288448,10.00010955127382,19.09173751302386,-0.3697245428906732,0.9942757993480691,31.4,985.9599999999999,0.9995239228844999,1.6094379124341003,-2838.634662512345,4638.285689062471,3319.352364456312,89.97749209325389,135.0,50.3
2023-12-10,60.7,75.2,53.8,15.9,2.7,2.8,3.9,-55.285814604299254,31.4,121.4666666,4.0,50.545691498997265,9.992558451202095,19.04678722019658,-0.3536761221763721,0.9942757993480691,31.4,985.9599999999999,0.9995239228844999,1.6094379124341003,-2838.634662512345,4638.285689062471,3319.352364456312,89.97749209325389,135.0,58.2
2023-12-11,49.8,64.9,44.4,19.3,6.7,8.1,9.7,-26.632656247782872,31.4,121.4666666,4.0,41.440562446490496,9.985677697949518,19.00603311715024,-0.33752289959411347,0.9942757993480691,31.4,985.9599999999999,0.9995239228844999,1.6094379124341003,-2838.634662512345,4638.285689062471,3319.352364456312,89.97749209325389,135.0,46.6
2023-12-12,43.2,55.4,40.6,26.7,3.2,4.4,7.8,19.31369754518797,31.4,121.4666666,4.0,35.92609878290051,9.979471884139029,18.969492218034574,-0.32126966169236515,0.9942757993480691,31.4,985.9599999999999,0.9995239228844999,1.6094379124341003,-2838.634662512345,4638.285689062471,3319.352364456312,89.97749209325389,135.0,38.1
2023-12-13,55.8,59.9,41.0,21.8,4.2,3.1,5.8,-29.391923352541884,31.4,121.4666666,4.0,46.37884505841565,9.973945173852828,18.93717990189175,-0.3049212246562894,0.9942757993480691,31.4,985.9599999999999,0.9995239228844999,1.6094379124341003,-2838.634662512345,4638.285689062471,3319.352364456312,89.97749209325389,135.0,49.7
2023-12-14,62.3,75.9,46.0,15.7,3.7,3.6,11.7,135.25043253036586,31.4,121.4666666,4.0,51.75625088001573,9.969101293100943,18.90910991646498,-0.2884824328806098,0.9942757993480691,31.4,985.9599999999999,0.9995239228844999,1.6094379124341003,-2838.634662512345,4638.285689062471,3319.352364456312,89.97749209325389,135.0,55.1
2023-12-15,40.0,46.0,33.6,25.9,4.4,8.6,9.7,15.871752020410733,31.4,121.4666666,4.0,33.21647840410795,9.964943521232385,18.885294381566293,-0.27195815753410524,0.9942757993480691,31.4,985.9599999999999,0.9995239228844999,1.6094379124341003,-2838.634662512345,4638.285689062471,3319.352364456312,89.97749209325389,135.0,36.1
2023-12-16,31.0,47.7,27.0,36.4,9.1,9.0,11.7,-82.22891590999251,31.4,121.4666666,4.0,25.733809598599827,9.961474683328964,18.865743791938065,-0.2553532951161881,0.9942757993480691,31.4,985.9599999999999,0.9995239228844999,1.6094379124341003,-2838.634662512345,4638.285689062471,3319.352364456312,89.97749209325389,135.0,15.0
2023-12-17,33.4,36.1,26.2,36.5,13.0,5.8,9.7,62.38502638722311,31.4,121.4666666,4.0,27.718373716402247,9.958697143617574,18.850467019550315,-0.23867276600594997,0.9942757993480691,31.4,985.9599999999999,0.9995239228844999,1.6094379124341003,-2838.634662512345,4638.285689062471,3319.352364456312,89.97749209325389,135.0,19.2
2023-12-18,40.1,41.7,27.7,29.7,4.7,5.3,7.8,-14.147449078464586,31.4,121.4666666,4.0,33.271681106439864,9.95661279993213,18.83947131528334,-0.22192151300416674,0.9942757993480691,31.4,985.9599999999999,0.9995239228844999,1.6094379124341003,-2838.634662512345,4638.285689062471,3319.352364456312,89.97749209325389,135.0,37.4
2023-12-19,40.1,43.3,36.5,31.2,5.4,6.4,7.8,45.87743143940058,31.4,121.4666666,4.0,33.26703712316555,9.955223079251535,18.832762309953544,-0.20510449986861926,0.9942757993480691,31.4,985.9599999999999,0.9995239228844999,1.6094379124341003,-2838.634662512345,4638.285689062471,3319.352364456312,89.97749209325389,135.0,34.3
2023-12-20,32.6,43.3,25.9,35.0,8.2,7.0,9.7,-18.758067297951673,31.4,121.4666666,4.0,27.043136938276877,9.954528934335046,18.830344014648634,-0.1882267098432439,0.9942757993480691,31.4,985.9599999999999,0.9995239228844999,1.6094379124341003,-2838.634662512345,4638.285689062471,3319.352364456312,89.97749209325389,135.0,17.5
2023-12-21,25.8,38.8,22.1,40.3,10.8,8.3,11.7,38.191819779420555,31.4,121.4666666,4.0,21.402241309163028,9.954530841471176,18.832218820346846,-0.1712931441814778,0.9942757993480691,31.4,985.9599999999999,0.9995239228844999,1.6094379124341003,-2838.634662512345,4638.285689062471,3319.352364456312,89.97749209325389,135.0,5.7
2023-12-22,28.1,33.6,21.4,41.5,10.7,4.9,7.8,69.38078550086033,31.4,121.4666666,4.0,23.3118274384802,9.955228799350975,18.838387496803957,-0.154308820664281,0.9942757993480691,31.4,985.9599999999999,0.9995239228844999,1.6094379124341003,-2838.634662512345,4638.285689062471,3319.352364456312,89.97749209325389,135.0,10.7
2023-12-23,32.1,38.7,23.4,37.4,7.1,2.7,3.9,112.92403826273453,31.4,121.4666666,4.0,26.63396473026528,9.956622329071132,18.84884919070042,-0.13727877211326517,0.9942757993480691,31.4,985.9599999999999,0.9995239228844999,1.6094379124341003,-2838.634662512345,4638.285689062471,3319.352364456312,89.97749209325389,135.0,17.1
2023-12-24,32.0,43.5,22.6,34.8,3.5,3.2,7.8,-27.093202758103715,31.4,121.4666666,4.0,26.556561267378314,9.958710475266868,18.863601423050195,-0.12020804489935275,0.9942757993480691,31.4,985.9599999999999,0.9995239228844999,1.6094379124341003,-2838.634662512345,4638.285689062471,3319.352364456312,89.97749209325389,135.0,20.3
2023-12-25,33.4,45.9,22.5,32.3,2.8,2.2,5.8,-15.408745631613536,31.4,121.4666666,4.0,27.72615219996086,9.961491808369171,18.882640085881743,-0.10310169744743544,0.9942757993480691,31.4,985.9599999999999,0.9995239228844999,1.6094379124341003,-2838.634662512345,4638.285689062471,3319.352364456312,89.97749209325389,135.0,22.4
2023-12-26,42.1,52.3,25.0,28.9,2.1,2.7,5.8,7.310799055834699,31.4,121.4666666,4.0,34.96041686814736,9.964964427975495,18.905959438210548,-0.0859647987374467,0.9942757993480691,31.4,985.9599999999999,0.9995239228844999,1.6094379124341003,-2838.634662512345,4638.285689062471,3319.352364456312,89.97749209325389,135.0,33.3
2023-12-27,47.3,60.1,30.9,27.9,2.7,1.9,3.9,112.31934299231034,31.4,121.4666666,4.0,39.294971521177466,9.969125967317751,18.93355210133159,-0.06880242680232064,0.9942757993480691,31.4,985.9599999999999,0.9995239228844999,1.6094379124341003,-2838.634662512345,4638.285689062471,3319.352364456312,89.97749209325389,135.0,42.6
2023-12-28,46.6,60.1,37.9,28.4,0.8,2.9,5.8,104.83217765195442,31.4,121.4666666,4.0,38.73226414203071,9.973973598806191,18.96540905346857,-0.05161966722325418,0.9942757993480691,31.4,985.9599999999999,0.9995239228844999,1.6094379124341003,-2838.634662512345,4638.285689062471,3319.352364456312,89.97749209325389,135.0,44.4
2023-12-29,45.6,56.7,41.4,23.7,1.7,2.7,3.9,-80.83579382310697,31.4,121.4666666,4.0,37.922115354366646,9.979504040622801,19.00151962382531,-0.034421611622745804,0.9942757993480691,31.4,985.9599999999999,0.9995239228844999,1.6094379124341003,-2838.634662512345,4638.285689062471,3319.352364456312,89.97749209325389,135.0,43.5
2023-12-30,47.7,52.2,42.1,18.3,0.8,4.1,7.8,-60.41039467373428,31.4,121.4666666,4.0,39.693211418223555,9.985713564332968,19.041871486093022,-0.01721335615583528,0.9942757993480691,31.4,985.9599999999999,0.9995239228844999,1.6094379124341003,-2838.634662512345,4638.285689062471,3319.352364456312,89.97749209325389,135.0,45.3
2023-12-31,41.9,51.8,38.8,28.4,1.8,5.1,9.7,20.646042971588678,31.4,121.4666666,4.0,34.89082136214961,9.992598003479602,19.08645065147476,6.432490598706546e-16,0.9942757993480691,31.4,985.9599999999999,0.9995239228844999,1.6094379124341003,-2838.634662512345,4638.285689062471,3319.352364456312,89.97749209325389,135.0,33.3
2024-01-01,39.6,49.3,30.9,27.4,4.0,2.2,3.9,-75.11589070303881,31.4,121.4666666,4.0,33.00050411829473,10.000152763119614,19.13524146129605,0.017213356155834685,0.9942757993480691,31.4,985.9599999999999,0.9995239228844999,1.6094379124341003,-2838.634662512345,4638.285689062471,3319.352364456312,89.97749209325389,135.0,32.0
2024-01-02,43.6,52.0,30.6,23.2,3.5,4.6,5.8,-13.021843028315297,31.4,121.4666666,4.0,36.36375461660629,10.008372830258613,19.188226579277735,0.03442161162274574,0.9942757993480691,31.4,985.9599999999999,0.9995239228844999,1.6094379124341003,-2838.634662512345,4638.285689062471,3319.352364456312,89.97749209325389,135.0,36.6
2024-01-03,38.0,52.0,28.8,26.2,1.4,4.4,7.8,-54.1228406898992,31.4,121.4666666,4.0,31.721300486264024,10.017252785136007,19.24538698355352,0.051619667223253764,0.9942757993480691,31.4,985.9599999999999,0.9995239228844999,1.6094379124341003,-2838.634662512345,4638.285689062471,3319.352364456312,89.97749209325389,135.0,32.3
2024-01-04,43.6,54.3,28.0,22.6,2.5,3.2,5.8,38.22733245952954,31.4,121.4666666,4.0,36.430658755024126,10.026786813309393,19.306701958521014,0.06880242680231986,0.9942757993480691,31.4,985.9599999999999,0.9995239228844999,1.6094379124341003,-2838.634662512345,4638.285689062471,3319.352364456312,89.97749209325389,135.0,33.2
2024-01-05,45.1,58.6,30.4,22.2,1.6,2.4,5.8,128.29110012177202,31.4,121.4666666,4.0,37.7222741003028,10.036968718484115,19.372149086620652,0.08596479873744647,0.9942757993480691,31.4,985.9599999999999,0.9995239228844999,1.6094379124341003,-2838.634662512345,4638.285689062471,3319.352364456312,89.97749209325389,135.0,37.2
2024-01-06,45.0,58.6,34.5,25.9,2.1,3.6,5.8,204.509236896541,31.4,121.4666666,4.0,37.67921976011755,10.047791936031345,19.44170424014148,0.10310169744743485,0.9942757993480691,31.4,985.9599999999999,0.9995239228844999,1.6094379124341003,-2838.634662512345,4638.285689062471,3319.352364456312,89.97749209325389,135.0,36.9
2024-01-07,40.5,52.7,36.1,29.8,11.3,4.6,5.8,-6.324891739650019,31.4,121.4666666,4.0,33.94996722158332,10.0592495471358,19.515341573157976,0.1202080448993527,0.9942757993480691,31.4,985.9599999999999,0.9995239228844999,1.6094379124341003,-2838.634662512345,4638.285689062471,3319.352364456312,89.97749209325389,135.0,27.9
2024-01-08,44.8,51.1,34.0,23.2,7.0,2.7,5.8,30.913835706970065,31.4,121.4666666,4.0,37.599648029113276,10.071334293512486,19.593033513705,0.13727877211326478,0.9942757993480691,31.4,985.9599999999999,0.9995239228844999,1.6094379124341003,-2838.634662512345,4638.285689062471,3319.352364456312,89.97749209325389,135.0,38.0
2024-01-09,48.7,58.1,35.6,20.8,2.2,5.3,7.8,91.86441800669797,31.4,121.4666666,4.0,40.92438995509195,10.084038592630458,19.674750756302018,0.15430882066428117,0.9942757993480691,31.4,985.9599999999999,0.9995239228844999,1.6094379124341003,-2838.634662512345,4638.285689062471,3319.352364456312,89.97749209325389,135.0,38.9
2024-01-10,36.7,58.1,27.0,25.8,2.1,4.4,9.7,-60.6522619999848,31.4,121.4666666,4.0,30.8810760090889,10.097354553380566,19.76046225493954,0.1712931441814776,0.9942757993480691,31.4,985.9599999999999,0.9995239228844999,1.6094379124341003,-2838.634662512345,4638.285689062471,3319.352364456312,89.97749209325389,135.0,29.3
2024-01-11,40.0,53.6,26.4,20.9,1.8,2.9,7.8,51.611083952814305,31.4,121.4666666,4.0,33.70424664041225,10.111273992123676,19.850135216643256,0.1882267098432442,0.9942757993480691,31.4,985.9599999999999,0.9995239228844999,1.6094379124341003,-2838.634662512345,4638.285689062471,3319.352364456312,89.97749209325389,135.0,29.4
2024-01-12,46.5,63.1,32.2,20.7,1.7,2.2,5.8,-1.52060765577105,31.4,121.4666666,4.0,39.23743024009033,10.12578844905557,19.94373509573209,0.2051044998686192,0.9942757993480691,31.4,985.9599999999999,0.9995239228844999,1.6094379124341003,-2838.634662512345,4638.285689062471,3319.352364456312,89.97749209325389,135.0,35.9
2024-01-13,50.8,63.1,35.8,23.2,1.5,3.6,5.8,-42.51873250374448,31.4,121.4666666,4.0,42.92976430042579,10.140889204824989,20.041225588887517,0.2219215130041655,0.9942757993480691,31.4,985.9599999999999,0.9995239228844999,1.6094379124341003,-2838.634662512345,4638.285689062471,3319.352364456312,89.97749209325389,135.0,42.8
2024-01-14,50.7,70.0,38.5,25.5,4.3,6.8,7.8,2.906612068735047,31.4,121.4666666,4.0,42.911496831268984,10.156567297341772,20.14256863115088,0.2386727660059501,0.9942757993480691,31.4,985.9599999999999,0.9995239228844999,1.6094379124341003,-2838.634662512345,4638.285689062471,3319.352364456312,89.97749209325389,135.0,38.3
2024-01-15,38.5,44.2,30.6,31.9,11.2,4.1,7.8,-82.81587453402256,31.4,121.4666666,4.0,32.6377767700375,10.172813538712985,20.247724392965353,0.255353295116187,0.9942757993480691,31.4,985.9599999999999,0.9995239228844999,1.6094379124341003,-2838.634662512345,4638.285689062471,3319.352364456312,89.97749209325389,135.0,29.0
2024-01-16,47.8,53.4,30.6,28.2,11.9,4.6,5.8,49.037614302771416,31.4,121.4666666,4.0,40.58864715344721,10.189618532246163,20.356651278377573,0.2719581575341055,0.9942757993480691,31.4,985.9599999999999,0.9995239228844999,1.6094379124341003,-2838.634662512345,4638.285689062471,3319.352364456312,89.97749209325389,135.0,37.9
2024-01-17,55.0,67.3,43.2,21.6,5.7,5.8,11.7,-22.6559662695941,31.4,121.4666666,4.0,46.78195816002607,10.206972689460233,20.46930592451206,0.288482432880609,0.9942757993480691,31.4,985.9599999999999,0.9995239228844999,1.6094379124341003,-2838.634662512345,4638.285689062471,3319.352364456312,89.97749209325389,135.0,43.1
2024-01-18,47.1,67.3,46.0,23.2,2.7,4.1,5.8,-16.848338323229434,31.4,121.4666666,4.0,40.1326000196578,10.224866247046574,20.5856432024294,0.30492122465628907,0.9942757993480691,31.4,985.9599999999999,0.9995239228844999,1.6094379124341003,-2838.634662512345,4638.285689062471,3319.352364456312,89.97749209325389,135.0,45.0
2024-01-19,45.6,48.0,43.5,22.5,2.4,5.6,7.8,-63.27097371309245,31.4,121.4666666,4.0,38.924499278153895,10.243289283724708,20.70561621947558,0.3212696616923644,0.9942757993480691,31.4,985.9599999999999,0.9995239228844999,1.6094379124341003,-2838.634662512345,4638.285689062471,3319.352364456312,89.97749209325389,135.0,43.5
2024-01-20,40.9,48.0,39.9,24.6,1.9,8.0,9.7,99.37970507909996,31.4,121.4666666,4.0,34.97710650340157,10.262231736939336,20.829176323226974,0.3375228995941133,0.9942757993480691,31.4,985.9599999999999,0.9995239228844999,1.6094379124341003,-2838.634662512345,4638.285689062471,3319.352364456312,89.97749209325389,135.0,38.8
2024-01-21,38.2,42.1,33.1,32.6,5.1,9.0,11.7,23.72764901823786,31.4,121.4666666,4.0,32.730025551591126,10.281683419347996,20.956273107130723,0.3536761221763716,0.9942757993480691,31.4,985.9599999999999,0.9995239228844999,1.6094379124341003,-2838.634662512345,4638.285689062471,3319.352364456312,89.97749209325389,135.0,31.6
2024-01-22,28.2,41.0,23.7,37.8,10.1,9.0,9.7,36.04026175214953,31.4,121.4666666,4.0,24.20883998237038,10.301634035051226,21.086854417936063,0.3697245428906731,0.9942757993480691,31.4,985.9599999999999,0.9995239228844999,1.6094379124341003,-2838.634662512345,4638.285689062471,3319.352364456312,89.97749209325389,135.0,15.1
2024-01-23,27.5,32.5,23.0,36.7,12.6,7.8,11.7,36.38201303017462,31.4,121.4666666,4.0,23.654751073066556,10.322073195519952,21.22086636500717,0.38566340624360707,0.9942757993480691,31.4,985.9599999999999,0.9995239228844999,1.6094379124341003,-2838.634662512345,4638.285689062471,3319.352364456312,89.97749209325389,135.0,9.2
2024-01-24,33.0,39.2,24.1,34.1,9.6,5.6,9.7,4.4885347715963295,31.4,121.4666666,4.0,28.44322369673868,10.342990435177702,21.358253331602253,0.401487989205973,0.9942757993480691,31.4,985.9599999999999,0.9995239228844999,1.6094379124341003,-2838.634662512345,4638.285689062471,3319.352364456312,89.97749209325389,135.0,13.9
2024-01-25,33.7,44.1,24.6,33.2,5.1,2.7,5.8,-46.12465603362509,31.4,121.4666666,4.0,29.106620428030197,10.36437522659829,21.498957988198185,0.4171936026123168,0.9942757993480691,31.4,985.9599999999999,0.9995239228844999,1.6094379124341003,-2838.634662512345,4638.285689062471,3319.352364456312,89.97749209325389,135.0,19.0
2024-01-26,36.9,45.3,24.4,31.7,3.5,2.9,5.8,59.72572348267229,31.4,121.4666666,4.0,31.937617260494328,10.386216995282709,21.642921307933534,0.4327755925504312,0.9942757993480691,31.4,985.9599999999999,0.9995239228844999,1.6094379124341003,-2838.634662512345,4638.285689062471,3319.352364456312,89.97749209325389,135.0,22.3
2024-01-27,35.0,45.3,26.1,30.8,3.2,2.7,5.8,-64.96723356832813,31.4,121.4666666,4.0,30.358139974114316,10.408505133982052,21.790082584236295,0.4482293417404106,0.9942757993480691,31.4,985.9599999999999,0.9995239228844999,1.6094379124341003,-2838.634662512345,4638.285689062471,3319.352364456312,89.97749209325389,135.0,23.0
2024-01-28,38.7,51.4,25.3,31.4,2.9,1.9,5.8,-73.80532362102728,31.4,121.4666666,4.0,33.64071357833005,10.431229016536449,21.940379450695968,0.4635502709028509,0.9942757993480691,31.4,985.9599999999999,0.9995239228844999,1.6094379124341003,-2838.634662512345,4638.285689062471,3319.352364456312,89.97749209325389,135.0,26.5
2024-01-29,45.7,52.0,30.4,27.7,2.7,4.9,7.8,55.48092209263661,31.4,121.4666666,4.0,39.81375625933198,10.454378011203145,22.0937479032324,0.47873384011578846,0.9942757993480691,31.4,985.9599999999999,0.9995239228844999,1.6094379124341003,-2838.634662512345,4638.285689062471,3319.352364456312,89.97749209325389,135.0,37.5
2024-01-30,49.0,52.0,34.5,22.9,1.4,2.7,5.8,-43.61158473427102,31.4,121.4666666,4.0,42.78492776492075,10.47794149344998,22.250122324606387,0.49377555015997715,0.9942757993480691,31.4,985.9599999999999,0.9995239228844999,1.6094379124341003,-2838.634662512345,4638.285689062471,3319.352364456312,89.97749209325389,135.0,48.4
2024-01-31,49.3,50.7,46.6,19.8,1.2,3.9,5.8,-20.71009135524298,31.4,121.4666666,4.0,43.145342225744976,10.501908858193504,22.409435511309844,0.5086709438521044,0.9942757993480691,31.4,985.9599999999999,0.9995239228844999,1.6094379124341003,-2838.634662512345,4638.285689062471,3319.352364456312,89.97749209325389,135.0,49.1
2024-02-01,43.1,50.7,39.0,25.5,5.5,7.8,9.7,17.885593000201027,31.4,121.4666666,4.0,37.80685140050864,10.526269531464123,22.571618702865365,0.5234156073655503,0.9942757993480691,31.4,985.9599999999999,0.9995239228844999,1.6094379124341003,-2838.634662512345,4638.285689062471,3319.352364456312,89.97749209325389,135.0,40.6
2024-02-02,40.9,48.4,38.3,27.2,6.7,5.6,7.8,9.805664250158843,31.4,121.4666666,4.0,35.96136924522279,10.55101298148346,22.7366016135574,0.5380051715382996,0.9942757993480691,31.4,985.9599999999999,0.9995239228844999,1.6094379124341003,-2838.634662512345,4638.285689062471,3319.352364456312,89.97749209325389,135.0,37.0
2024-02-03,41.6,43.7,38.7,26.1,4.9,5.8,7.8,56.24957351927477,31.4,121.4666666,4.0,36.663912927692344,10.576128729142022,22.90431246660923,0.5524353131676196,0.9942757993480691,31.4,985.9599999999999,0.9995239228844999,1.6094379124341003,-2838.634662512345,4638.285689062471,3319.352364456312,89.97749209325389,135.0,39.2
2024-02-04,39.1,43.7,35.1,22.4,3.3,6.6,9.7,43.15015501170468,31.4,121.4666666,4.0,34.54356738271989,10.601606357867999,23.07467803081211,0.5667017562911176,0.9942757993480691,31.4,985.9599999999999,0.9995239228844999,1.6094379124341003,-2838.634662512345,4638.285689062471,3319.352364456312,89.97749209325389,135.0,37.3
2024-02-05,34.4,42.8,33.1,28.7,4.1,6.8,11.7,50.616363995463004,31.4,121.4666666,4.0,30.465315165591107,10.627435522880619,23.247623659604837,0.5808002734538009,0.9942757993480691,31.4,985.9599999999999,0.9995239228844999,1.6094379124341003,-2838.634662512345,4638.285689062471,3319.352364456312,89.97749209325389,135.0,27.7
2024-02-06,37.2,38.7,33.1,28.6,6.2,4.1,5.8,53.57957390682597,31.4,121.4666666,4.0,33.02617847545433,10.653605959823976,23.423073332594146,0.5947266869607634,0.9942757993480691,31.4,985.9599999999999,0.9995239228844999,1.6094379124341003,-2838.634662512345,4638.285689062471,3319.352364456312,89.97749209325389,135.0,30.2
2024-02-07,38.7,41.5,34.3,27.0,5.8,5.1,7.8,-20.412590564523924,31.4,121.4666666,4.0,34.443346664214374,10.68010749277965,23.60094969949809,0.6084768701151261,0.9942757993480691,31.4,985.9599999999999,0.9995239228844999,1.6094379124341003,-2838.634662512345,4638.285689062471,3319.352364456312,89.97749209325389,135.0,29.3
2024-02-08,37.5,44.6,29.5,26.0,3.6,4.1,5.8,-17.372662565238723,31.4,121.4666666,4.0,33.45915638018311,10.706930041658595,23.78117412648706,0.6220467484408675,0.9942757993480691,31.4,985.9599999999999,0.9995239228844999,1.6094379124341003,-2838.634662512345,4638.285689062471,3319.352364456312,89.97749209325389,135.0,26.6
2024-02-09,37.9,48.9,29.5,26.8,1.4,3.2,5.8,4.01832445023177,31.4,121.4666666,4.0,33.901750961512576,10.734063628974958,23.963666744888716,0.6354323008901774,0.9942757993480691,31.4,985.9599999999999,0.9995239228844999,1.6094379124341003,-2838.634662512345,4638.285689062471,3319.352364456312,89.97749209325389,135.0,28.5
2024-02-10,45.3,58.3,29.8,27.0,3.1,2.9,5.8,-20.827210010468313,31.4,121.4666666,4.0,40.62465640717384,10.761498386006314,24.148346502215887,0.6486295610349814,0.9942757993480691,31.4,985.9599999999999,0.9995239228844999,1.6094379124341003,-2838.634662512345,4638.285689062471,3319.352364456312,89.97749209325389,135.0,33.9
2024-02-11,45.9,59.7,33.8,29.3,2.9,3.2,5.8,165.7638598518624,31.4,121.4666666,4.0,41.268783935676204,10.78922455834672,24.335131215468436,0.6616346182422783,0.9942757993480691,31.4,985.9599999999999,0.9995239228844999,1.6094379124341003,-2838.634662512345,4638.285689062471,3319.352364456312,89.97749209325389,135.0,32.7
2024-02-12,53.4,63.1,33.1,26.2,5.9,6.6,7.8,79.77583378492038,31.4,121.4666666,4.0,48.136684673329384,10.817232510860537,24.523937626652852,0.6744436188329455,0.9942757993480691,31.4,985.9599999999999,0.9995239228844999,1.6094379124341003,-2838.634662512345,4638.285689062471,3319.352364456312,89.97749209325389,135.0,36.7
2024-02-13,60.5,68.0,45.3,21.8,7.5,5.8,7.8,-50.532132916838094,31.4,121.4666666,4.0,54.679460024068,10.845512732046545,24.71468146045597,0.6870527672236669,0.9942757993480691,31.4,985.9599999999999,0.9995239228844999,1.6094379124341003,-2838.634662512345,4638.285689062471,3319.352364456312,89.97749209325389,135.0,48.5
2024-02-14,53.9,74.8,46.9,17.8,3.3,1.9,3.9,-163.3961910625275,31.4,121.4666666,4.0,48.84263413822265,10.874055837823224,24.907277484001956,0.699458327051647,0.9942757993480691,31.4,985.9599999999999,0.9995239228844999,1.6094379124341003,-2838.634662512345,4638.285689062471,3319.352364456312,89.97749209325389,135.0,50.4
2024-02-15,42.5,47.5,39.9,27.6,9.2,7.2,9.7,-98.11847211610758,31.4,121.4666666,4.0,38.61426953556324,10.902852574747268,25.10163956861502,0.7116566222817746,0.9942757993480691,31.4,985.9599999999999,0.9995239228844999,1.6094379124341003,-2838.634662512345,4638.285689062471,3319.352364456312,89.97749209325389,135.0,35.0
2024-02-16,42.1,50.4,34.5,22.7,11.1,3.9,5.8,-33.715326678335984,31.4,121.4666666,4.0,38.35272749456383,10.931893822678527,25.29768075350346,0.7236440382959124,0.9942757993480691,31.4,985.9599999999999,0.9995239228844999,1.6094379124341003,-2838.634662512345,4638.285689062471,3319.352364456312,89.97749209325389,135.0,32.4
2024-02-17,55.4,61.3,37.8,15.2,10.1,6.1,9.7,-64.3549647390539,31.4,121.4666666,4.0,50.60407092238038,10.961170596905498,25.495313311274202,0.7354170229639855,0.9942757993480691,31.4,985.9599999999999,0.9995239228844999,1.6094379124341003,-2838.634662512345,4638.285689062471,3319.352364456312,89.97749209325389,135.0,46.2
2024-02-18,63.5,75.0,43.9,10.0,6.0,3.6,5.8,19.555230210952253,31.4,121.4666666,4.0,58.158983513241104,10.99067404974635,25.694448815180913,0.7469720876965552,0.9942757993480691,31.4,985.9599999999999,0.9995239228844999,1.6094379124341003,-2838.634662512345,4638.285689062471,3319.352364456312,89.97749209325389,135.0,55.5
2024-02-19,51.8,75.0,44.8,17.7,3.0,6.6,9.7,98.2027372684037,31.4,121.4666666,4.0,47.57137378591746,11.02039547164111,25.894998208002857,0.7583058084785624,0.9942757993480691,31.4,985.9599999999999,0.9995239228844999,1.6094379124341003,-2838.634662512345,4638.285689062471,3319.352364456312,89.97749209325389,135.0,49.2
2024-02-20,46.1,68.9,44.8,18.1,2.8,5.3,7.8,65.08832909366049,31.4,121.4666666,4.0,42.451670170811376,11.050326291751334,26.096871872445863,0.7694148268839378,0.9942757993480691,31.4,985.9599999999999,0.9995239228844999,1.6094379124341003,-2838.634662512345,4638.285689062471,3319.352364456312,89.97749209325389,135.0,44.7
2024-02-21,39.5,47.5,35.8,22.3,6.2,7.3,9.7,-32.75949546522485,31.4,121.4666666,4.0,36.47317450702631,11.080458078083941,26.299979702951852,0.7802958510707755,0.9942757993480691,31.4,985.9599999999999,0.9995239228844999,1.6094379124341003,-2838.634662512345,4638.285689062471,3319.352364456312,89.97749209325389,135.0,37.2
2024-02-22,34.3,43.7,32.4,29.3,5.6,7.3,7.8,2.171169369243227,31.4,121.4666666,4.0,31.758320085372077,11.110782537156412,26.504231178797994,0.7909456567567772,0.9942757993480691,31.4,985.9599999999999,0.9995239228844999,1.6094379124341003,-2838.634662512345,4638.285689062471,3319.352364456312,89.97749209325389,135.0,31.6
2024-02-23,34.4,35.8,32.2,30.7,3.1,5.8,7.8,19.454864678947626,31.4,121.4666666,4.0,31.93836900456602,11.141291513220706,26.709535438362245,0.8013610881746766,0.9942757993480691,31.4,985.9599999999999,0.9995239228844999,1.6094379124341003,-2838.634662512345,4638.285689062471,3319.352364456312,89.97749209325389,135.0,31.8
2024-02-24,33.6,35.8,31.3,28.3,2.5,6.8,7.8,79.86773921927983,31.4,121.4666666,4.0,31.28153556377801,11.171976987063575,26.915801354427476,0.8115390590073611,0.9942757993480691,31.4,985.9599999999999,0.9995239228844999,1.6094379124341003,-2838.634662512345,4638.285689062471,3319.352364456312,89.97749209325389,135.0,30.3
2024-02-25,36.1,38.7,30.9,29.5,3.5,5.8,9.7,89.40864419917659,31.4,121.4666666,4.0,33.70185014882285,11.202831074400947,27.122937610392665,0.8214765533024142,0.9942757993480691,31.4,985.9599999999999,0.9995239228844999,1.6094379124341003,-2838.634662512345,4638.285689062471,3319.352364456312,89.97749209325389,135.0,27.5
2024-02-26,41.5,47.7,31.1,29.6,6.9,6.1,7.8,111.09523313421441,31.4,121.4666666,4.0,38.850384165932915,11.233846023884217,27.330852777255874,0.8311706263658079,0.9942757993480691,31.4,985.9599999999999,0.9995239228844999,1.6094379124341003,-2838.634662512345,4638.285689062471,3319.352364456312,89.97749209325389,135.0,31.2
2024-02-27,43.6,49.3,38.8,27.5,5.9,3.6,5.8,16.134216930636413,31.4,121.4666666,4.0,40.92955164687469,11.265014214736155,27.539455391230735,0.8406184056344782,0.9942757993480691,31.4,985.9599999999999,0.9995239228844999,1.6094379124341003,-2838.634662512345,4638.285689062471,3319.352364456312,89.97749209325389,135.0,35.5
2024-02-28,46.3,49.3,39.9,22.7,1.7,3.1,3.9,46.687198513930156,31.4,121.4666666,4.0,43.584999460981805,11.296328154034162,27.748654031855143,0.8498170915275278,0.9942757993480691,31.4,985.9599999999999,0.9995239228844999,1.6094379124341003,-2838.634662512345,4638.285689062471,3319.352364456312,89.97749209325389,135.0,45.6
2024-02-29,41.5,48.6,38.7,24.7,4.5,7.3,9.7,-62.64682659126967,31.4,121.4666666,4.0,39.17524080473509,11.32778047365834,27.95835740044851,0.8587639582758029,0.9942757993480691,31.4,985.9599999999999,0.9995239228844999,1.6094379124341003,-2838.634662512345,4638.285689062471,3319.352364456312,89.97749209325389,135.0,38.2
2024-03-01,37.7,45.0,30.2,30.4,10.9,5.3,7.8,29.246899592434687,31.4,121.4666666,4.0,35.687335003746014,11.359363926921807,28.168474398772098,0.8674563547295969,0.9942757993480691,31.4,985.9599999999999,0.9995239228844999,1.6094379124341003,-2838.634662512345,4638.285689062471,3319.352364456312,89.97749209325389,135.0,23.6
2024-03-02,38.8,49.3,27.3,23.7,4.3,2.7,5.8,-33.13154019942364,31.4,121.4666666,4.0,36.83113081117779,11.39107138490035,28.37891420774491,0.8758917051442429,0.9942757993480691,31.4,985.9599999999999,0.9995239228844999,1.6094379124341003,-2838.634662512345,4638.285689062471,3319.352364456312,89.97749209325389,135.0,27.5
2024-03-03,50.0,59.0,31.1,19.3,5.4,5.6,7.8,5.199864673115329,31.4,121.4666666,4.0,47.59539930199288,11.422895832478291,28.589586366066776,0.8840675099433636,0.9942757993480691,31.4,985.9599999999999,0.9995239228844999,1.6094379124341003,-2838.634662512345,4638.285689062471,3319.352364456312,89.97749209325389,135.0,34.8
2024-03-04,51.2,59.0,41.7,10.8,3.3,3.4,7.8,40.79727876186732,31.4,121.4666666,4.0,48.8739428869427,11.454830364127194,28.800400848599267,0.8919813464595485,0.9942757993480691,31.4,985.9599999999999,0.9995239228844999,1.6094379124341003,-2838.634662512345,4638.285689062471,3319.352364456312,89.97749209325389,135.0,49.1
2024-03-05,49.0,54.7,44.1,11.4,2.6,6.6,9.7,-24.104315071900217,31.4,121.4666666,4.0,46.90471173268746,11.486868179433664,29.011268144354695,0.8996308696522433,0.9942757993480691,31.4,985.9599999999999,0.9995239228844999,1.6094379124341003,-2838.634662512345,4638.285689062471,3319.352364456312,89.97749209325389,135.0,47.3
2024-03-06,44.1,54.7,37.6,21.3,6.9,6.1,9.7,-91.57664037404132,31.4,121.4666666,4.0,42.3323344755915,11.519002578392245,29.22209933394347,0.9070138128026359,0.9942757993480691,31.4,985.9599999999999,0.9995239228844999,1.6094379124341003,-2838.634662512345,4638.285689062471,3319.352364456312,89.97749209325389,135.0,35.6
2024-03-07,46.4,53.2,36.0,21.9,7.5,3.9,5.8,-147.1572366027778,31.4,121.4666666,4.0,44.66474423171873,11.551226956478983,29.432806166330515,0.9141279881853337,0.9942757993480691,31.4,985.9599999999999,0.9995239228844999,1.6094379124341003,-2838.634662512345,4638.285689062471,3319.352364456312,89.97749209325389,135.0,33.9
2024-03-08,44.5,53.4,35.1,25.3,4.5,4.9,7.8,-122.11018474034483,31.4,121.4666666,4.0,42.955608214890475,11.583534799521027,29.643301134752257,0.9209712877166346,0.9942757993480691,31.4,985.9599999999999,0.9995239228844999,1.6094379124341003,-2838.634662512345,4638.285689062471,3319.352364456312,89.97749209325389,135.0,32.6
2024-03-09,44.2,53.4,33.8,27.2,4.1,3.6,5.8,-152.079562848304,31.4,121.4666666,4.0,42.785304148689086,11.615919678377127,29.85349755164685,0.9275416835791966,0.9942757993480691,31.4,985.9599999999999,0.9995239228844999,1.6094379124341003,-2838.634662512345,4638.285689062471,3319.352364456312,89.97749209325389,135.0,32.5
2024-03-10,50.5,59.5,33.1,25.4,7.3,6.6,7.8,-67.46399682078882,31.4,121.4666666,4.0,49.02024581615895,11.64837524344371,30.063309622452174,0.9338372288229252,0.9942757993480691,31.4,985.9599999999999,0.9995239228844999,1.6094379124341003,-2838.634662512345,4638.285689062471,3319.352364456312,89.97749209325389,135.0,38.9
2024-03-11,52.7,61.5,45.5,17.7,4.4,3.6,5.8,-34.52654035636199,31.4,121.4666666,4.0,51.298598170111546,11.680895219000732,30.272652518127902,0.9398560579418954,0.9942757993480691,31.4,985.9599999999999,0.9995239228844999,1.6094379124341003,-2838.634662512345,4638.285689062471,3319.352364456312,89.97749209325389,135.0,45.5
2024-03-15,57.6,67.3,48.2,22.0,4.7,4.1,5.8,-38.569369983226224,31.4,121.4666666,4.0,56.69518065229383,11.811495969227881,31.103673499244085,0.9611297838723007,0.9942757993480691,31.4,985.9599999999999,0.9995239228844999,1.6094379124341003,-2838.634662512345,4638.285689062471,3319.352364456312,89.97749209325389,135.0,50.5
2024-03-16,58.9,67.3,51.6,17.7,3.9,3.4,5.8,169.1266303393711,31.4,121.4666666,4.0,58.13550761824781,11.844246034277992,31.309436763425598,0.9657399376548549,0.9942757993480691,31.4,985.9599999999999,0.9995239228844999,1.6094379124341003,-2838.634662512345,4638.285689062471,3319.352364456312,89.97749209325389,135.0,54.9
2024-03-17,48.5,67.1,43.7,23.3,6.0,6.3,9.7,-12.362479738256408,31.4,121.4666666,4.0,48.002972297817735,11.877024073686863,31.51424601973429,0.9700639218515071,0.9942757993480691,31.4,985.9599999999999,0.9995239228844999,1.6094379124341003,-2838.634662512345,4638.285689062471,3319.352364456312,89.97749209325389,135.0,41.3
2024-03-18,47.7,55.2,43.2,23.3,7.5,3.4,5.8,-64.61521485230318,31.4,121.4666666,4.0,47.34155103600081,11.909824160000202,31.718025092373587,0.9741004551724205,0.9942757993480691,31.4,985.9599999999999,0.9995239228844999,1.6094379124341003,-2838.634662512345,4638.285689062471,3319.352364456312,89.97749209325389,135.0,40.9
2024-03-19,51.0,64.8,38.3,24.7,5.7,5.1,9.7,28.77074703722353,31.4,121.4666666,4.0,50.75622165860215,11.94264039025933,31.92069928906145,0.9778483415056568,0.9942757993480691,31.4,985.9599999999999,0.9995239228844999,1.6094379124341003,-2838.634662512345,4638.285689062471,3319.352364456312,89.97749209325389,135.0,33.7
2024-03-20,51.3,64.8,38.3,24.7,9.2,5.1,9.7,95.15107955973357,31.4,121.4666666,4.0,51.19512090985935,11.975466879499264,32.12219545613371,0.9813064702716093,0.9942757993480691,31.4,985.9599999999999,0.9995239228844999,1.6094379124341003,-2838.634662512345,4638.285689062471,3319.352364456312,89.97749209325389,135.0,32.5
2024-03-21,59.8,70.5,42.6,14.4,7.3,6.6,7.8,50.196393360163285,31.4,121.4666666,4.0,59.84135047516851,12.008297754214416,32.32244203113032,0.9844738167520922,0.9942757993480691,31.4,985.9599999999999,0.9995239228844999,1.6094379124341003,-2838.634662512345,4638.285689062471,3319.352364456312,89.97749209325389,135.0,38.4
2024-03-22,66.1,77.9,50.7,8.7,7.0,4.9,9.7,-17.253508909297153,31.4,121.4666666,4.0,66.32654202813566,12.041127145803753,32.52136909276768,0.9873494423939864,0.9942757993480691,31.4,985.9599999999999,0.9995239228844999,1.6094379124341003,-2838.634662512345,4638.285689062471,3319.352364456312,89.97749209325389,135.0,50.8
2024-03-23,62.3,77.9,55.2,10.1,3.9,4.1,5.8,26.79272853660446,31.4,121.4666666,4.0,62.68391951363719,12.073949184007166,32.718908408205834,0.989932495087353,0.9942757993480691,31.4,985.9599999999999,0.9995239228844999,1.6094379124341003,-2838.634662512345,4638.285689062471,3319.352364456312,89.97749209325389,135.0,54.4
2024-03-24,60.1,75.4,54.9,12.0,2.8,3.6,3.9,52.932104677018316,31.4,121.4666666,4.0,60.63467960164368,12.106757990344828,32.914993477526025,0.9922222094179323,0.9942757993480691,31.4,985.9599999999999,0.9995239228844999,1.6094379124341003,-2838.634662512345,4638.285689062471,3319.352364456312,89.97749209325389,135.0,56.3
2024-03-25,56.9,68.0,50.5,14.2,4.7,8.5,11.7,67.74914260239073,31.4,121.4666666,4.0,57.561688542700345,12.13954767157125,33.10955957534033,0.994217906893952,0.9942757993480691,31.4,985.9599999999999,0.9995239228844999,1.6094379124341003,-2838.634662512345,4638.285689062471,3319.352364456312,89.97749209325389,135.0,51.8
2024-03-26,54.8,67.3,48.4,24.2,5.7,5.8,7.8,49.06726276363932,31.4,121.4666666,4.0,55.586892896745184,12.17231231315588,33.302543789462305,0.995918996147179,0.9942757993480691,31.4,985.9599999999999,0.9995239228844999,1.6094379124341003,-2838.634662512345,4638.285689062471,3319.352364456312,89.97749209325389,135.0,44.8
2024-03-27,56.3,63.3,46.4,17.1,6.6,6.2,7.8,96.7628269153116,31.4,121.4666666,4.0,57.262007355729615,12.20504597280205,33.49388505657412,0.9973249731081555,0.9942757993480691,31.4,985.9599999999999,0.9995239228844999,1.6094379124341003,-2838.634662512345,4638.285689062471,3319.352364456312,89.97749209325389,135.0,47.5
2024-04-03,58.7,71.1,53.2,11.7,6.8,6.6,9.7,100.49763936423615,31.4,121.4666666,4.0,60.81714353550111,12.432806174208062,34.782543968102075,0.9988797155850336,0.9942757993480691,31.4,985.9599999999999,0.9995239228844999,1.6094379124341003,-2838.634662512345,4638.285689062471,3319.352364456312,89.97749209325389,135.0,52.1
2024-04-04,56.1,68.4,51.3,18.5,11.7,5.1,5.8,29.85225142617554,31.4,121.4666666,4.0,58.2742145742358,12.465072636200171,34.958774549823914,0.9979171608653922,0.9942757993480691,31.4,985.9599999999999,0.9995239228844999,1.6094379124341003,-2838.634662512345,4638.285689062471,3319.352364456312,89.97749209325389,135.0,37.6
2024-04-05,56.8,63.7,50.2,19.0,8.0,4.4,7.8,5.164362406779231,31.4,121.4666666,4.0,59.153661130070645,12.497252351423375,35.13290015119217,0.9966589017541702,0.9942757993480691,31.4,985.9599999999999,0.9995239228844999,1.6094379124341003,-2838.634662512345,4638.285689062471,3319.352364456312,89.97749209325389,135.0,44.5
2024-04-06,57.7,64.0,53.6,18.0,6.1,3.6,5.8,39.891139361887156,31.4,121.4666666,4.0,60.24523720763935,12.52933876068756,35.30487946715581,0.9951053111006976,0.9942757993480691,31.4,985.9599999999999,0.9995239228844999,1.6094379124341003,-2838.634662512345,4638.285689062471,3319.352364456312,89.97749209325389,135.0,53.8
2024-04-07,54.5,64.0,52.3,16.1,4.0,3.9,3.9,76.2588445715681,31.4,121.4666666,4.0,57.049352003744474,12.561325211833644,35.4746732246119,0.9932568492674143,0.9942757993480691,31.4,985.9599999999999,0.9995239228844999,1.6094379124341003,-2838.634662512345,4638.285689062471,3319.352364456312,89.97749209325389,135.0,52.3
2024-04-08,51.8,57.6,45.3,18.7,3.4,2.7,5.8,-162.3425665260423,31.4,121.4666666,4.0,54.360668054473855,12.593204954704369,35.64224417971223,0.9911140639934547,0.9942757993480691,31.4,985.9599999999999,0.9995239228844999,1.6094379124341003,-2838.634662512345,4638.285689062471,3319.352364456312,89.97749209325389,135.0,49.4
2024-04-09,60.0,70.9,44.8,22.8,7.7,3.2,3.9,179.00255481788395,31.4,121.4666666,4.0,63.12485568163414,12.624971136326828,35.80755711201057,0.9886775902323405,0.9942757993480691,31.4,985.9599999999999,0.9995239228844999,1.6094379124341003,-2838.634662512345,4638.285689062471,3319.352364456312,89.97749209325389,135.0,44.2
2024-04-10,62.7,72.3,50.5,20.5,6.5,5.3,7.8,-45.17566655022739,31.4,121.4666666,4.0,66.13082276078303,12.65661679632211,35.97057881549082,0.9859481499638304,0.9942757993480691,31.4,985.9599999999999,0.9995239228844999,1.6094379124341003,-2838.634662512345,4638.285689062471,3319.352364456312,89.97749209325389,135.0,52.7
2024-04-11,66.1,75.9,58.3,16.2,5.9,3.4,5.8,9.462938491521797,31.4,121.4666666,4.0,69.89047620125648,12.68813486255791,36.13127808652416,0.9829265519799822,0.9942757993480691,31.4,985.9599999999999,0.9995239228844999,1.6094379124341003,-2838.634662512345,4638.285689062471,3319.352364456312,89.97749209325389,135.0,60.0
2024-04-12,60.9,75.9,59.5,14.3,2.2,3.4,5.8,95.31366382521982,31.4,121.4666666,4.0,64.55155459633065,12.719518147060224,36.289625708809766,0.9796136916454901,0.9942757993480691,31.4,985.9599999999999,0.9995239228844999,1.6094379124341003,-2838.634662512345,4638.285689062471,3319.352364456312,89.97749209325389,135.0,60.4
2024-04-13,61.6,63.9,59.5,14.0,5.0,5.1,5.8,-37.49188294492424,31.4,121.4666666,4.0,65.4538979566297,12.75075934220059,36.4455944353607,0.9760105506323683,0.9942757993480691,31.4,985.9599999999999,0.9995239228844999,1.6094379124341003,-2838.634662512345,4638.285689062471,3319.352364456312,89.97749209325389,135.0,60.3
2024-04-14,67.5,73.0,59.9,9.5,6.6,4.6,7.8,13.237750217942217,31.4,121.4666666,4.0,71.89791197161254,12.781851017175564,36.59915896760298,0.9721181966290613,0.9942757993480691,31.4,985.9599999999999,0.9995239228844999,1.6094379124341003,-2838.634662512345,4638.285689062471,3319.352364456312,89.97749209325389,135.0,64.7
2024-04-15,68.9,79.5,62.1,12.7,5.7,3.9,7.8,-59.7599215193383,31.4,121.4666666,4.0,73.56674407161759,12.812785614795516,36.75029593166227,0.9679377830240642,0.9942757993480691,31.4,985.9599999999999,0.9995239228844999,1.6094379124341003,-2838.634662512345,4638.285689062471,3319.352364456312,89.97749209325389,135.0,60.0
2024-04-16,65.5,79.5,59.5,12.3,7.3,5.6,7.8,0.6564455538022571,31.4,121.4666666,4.0,70.10440682360803,12.843555448599943,36.898983851918516,0.9634705485641488,0.9942757993480691,31.4,985.9599999999999,0.9995239228844999,1.6094379124341003,-2838.634662512345,4638.285689062471,3319.352364456312,89.97749209325389,135.0,59.7
2024-04-17,54.9,74.1,47.7,11.8,3.5,3.9,5.8,-48.04478588880646,31.4,121.4666666,4.0,58.89924860394929,12.874152700316785,37.045203121914895,0.9587178169872964,0.9942757993480691,31.4,985.9599999999999,0.9995239228844999,1.6094379124341003,-2838.634662512345,4638.285689062471,3319.352364456312,89.97749209325389,135.0,54.1
2024-04-18,60.8,71.8,47.3,13.0,10.0,3.4,5.8,-10.216125740241546,31.4,121.4666666,4.0,65.38315171626219,12.904569417683327,37.188935972712585,0.9536809966304457,0.9942757993480691,31.4,985.9599999999999,0.9995239228844999,1.6094379124341003,-2838.634662512345,4638.285689062471,3319.352364456312,89.97749209325389,135.0,45.8
2024-04-19,64.6,74.7,50.2,6.1,6.3,8.5,11.7,1.9492147966755624,31.4,121.4666666,4.0,69.63232660974671,12.93479751264645,37.33016643878857,0.9483615800121715,0.9942757993480691,31.4,985.9599999999999,0.9995239228844999,1.6094379124341003,-2838.634662512345,4638.285689062471,3319.352364456312,89.97749209325389,135.0,51.0
2024-04-20,64.2,74.7,57.0,8.1,9.8,5.6,7.8,190.0912793095901,31.4,121.4666666,4.0,69.36183386578593,12.964828759959984,37.46888032157798,0.9427611433904207,0.9942757993480691,31.4,985.9599999999999,0.9995239228844999,1.6094379124341003,-2838.634662512345,4638.285689062471,3319.352364456312,89.97749209325389,135.0,57.1
2024-04-21,61.4,71.2,58.1,11.6,8.2,3.6,5.8,193.54719161391034,31.4,121.4666666,4.0,66.48931704054095,12.99465479619693,37.6050651507675,0.9368813462954315,0.9942757993480691,31.4,985.9599999999999,0.9995239228844999,1.6094379124341003,-2838.634662512345,4638.285689062471,3319.352364456312,89.97749209325389,135.0,56.3
2024-04-22,63.0,69.1,58.8,10.8,9.7,3.9,5.8,-69.02150209230619,31.4,121.4666666,4.0,68.37740237576975,13.024267119194239,37.73871014345034,0.9307239310379795,0.9942757993480691,31.4,985.9599999999999,0.9995239228844999,1.6094379124341003,-2838.634662512345,4638.285689062471,3319.352364456312,89.97749209325389,135.0,57.3
2024-04-23,64.1,72.0,57.9,9.7,4.4,2.2,5.8,55.80095059087077,31.4,121.4666666,4.0,69.72828494478722,13.053657087947688,37.86980616125699,0.9242907221930933,0.9942757993480691,31.4,985.9599999999999,0.9995239228844999,1.6094379124341003,-2838.634662512345,4638.285689062471,3319.352364456312,89.97749209325389,135.0,58.3
2024-04-24,67.7,77.9,55.0,11.8,9.9,3.6,5.8,-99.19816454280958,31.4,121.4666666,4.0,73.808886498779,13.08281592297412,37.99834566557981,0.9175836260593937,0.9942757993480691,31.4,985.9599999999999,0.9995239228844999,1.6094379124341003,-2838.634662512345,4638.285689062471,3319.352364456312,89.97749209325389,135.0,42.2
2024-04-25,69.4,79.0,54.3,8.9,11.3,7.2,9.7,-109.9714236027017,31.4,121.4666666,4.0,75.82953238973045,13.111734707158002,38.12432267101215,0.9106046300942162,0.9942757993480691,31.4,985.9599999999999,0.9995239228844999,1.6094379124341003,-2838.634662512345,4638.285689062471,3319.352364456312,89.97749209325389,135.0,41.2
2024-04-26,63.1,79.0,60.8,7.7,7.2,3.9,5.8,-70.80536838676429,31.4,121.4666666,4.0,69.09662640216129,13.14040438709882,38.24773269712563,0.9033558023246845,0.9942757993480691,31.4,985.9599999999999,0.9995239228844999,1.6094379124341003,-2838.634662512345,4638.285689062471,3319.352364456312,89.97749209325389,135.0,59.1
2024-04-27,65.0,69.3,60.8,10.4,5.9,5.3,5.8,141.7570034204506,31.4,121.4666666,4.0,71.33108544778288,13.1688157749753,38.3685727187115,0.895839290734909,0.9942757993480691,31.4,985.9599999999999,0.9995239228844999,1.6094379124341003,-2838.634662512345,4638.285689062471,3319.352364456312,89.97749209325389,135.0,62.7
2024-04-28,65.3,68.4,62.2,7.6,3.8,4.6,5.8,123.59130778271545,31.4,121.4666666,4.0,71.81345488970803,13.19695955094175,38.48684111461374,0.8880573226294932,0.9942757993480691,31.4,985.9599999999999,0.9995239228844999,1.6094379124341003,-2838.634662512345,4638.285689062471,3319.352364456312,89.97749209325389,135.0,64.9
2024-04-29,65.3,75.0,59.0,9.0,8.1,4.4,5.8,-44.890044331636034,31.4,121.4666666,4.0,71.96509626453701,13.224826266071119,38.602537615283076,0.8800122039735357,0.9942757993480691,31.4,985.9599999999999,0.9995239228844999,1.6094379124341003,-2838.634662512345,4638.285689062471,3319.352364456312,89.97749209325389,135.0,60.1
2024-04-30,57.4,75.0,54.1,10.8,7.1,6.3,7.8,-48.38658360776976,31.4,121.4666666,4.0,63.390677021022775,13.25240634585842,38.71566324918226,0.8717063187093218,0.9942757993480691,31.4,985.9599999999999,0.9995239228844999,1.6094379124341003,-2838.634662512345,4638.285689062471,3319.352364456312,89.97749209325389,135.0,53.3
2024-05-02,61.9,71.2,51.6,18.3,11.0,4.4,7.8,-31.74514682234736,31.4,121.4666666,4.0,68.64022754496999,13.306667698540224,38.93421219201917,0.854322169749827,0.9942757993480691,31.4,985.9599999999999,0.9995239228844999,1.6094379124341003,-2838.634662512345,4638.285689062471,3319.352364456312,89.97749209325389,135.0,56.0
2024-05-03,64.8,71.1,55.2,16.5,11.0,5.6,9.7,22.78428565924629,31.4,121.4666666,4.0,71.99997786444024,13.3333292341556,39.03964355212641,0.8452490573530633,0.9942757993480691,31.4,985.9599999999999,0.9995239228844999,1.6094379124341003,-2838.634662512345,4638.285689062471,3319.352364456312,89.97749209325389,135.0,54.6
2024-05-04,64.3,71.1,61.5,10.1,9.0,5.8,7.8,30.733078646834464,31.4,121.4666666,4.0,71.5855365286965,13.359664670985351,39.14252003466685,0.8359254794186372,0.9942757993480691,31.4,985.9599999999999,0.9995239228844999,1.6094379124341003,-2838.634662512345,4638.285689062471,3319.352364456312,89.97749209325389,135.0,57.4
2024-05-05,67.6,70.9,61.5,9.6,7.5,3.6,5.8,-39.449780863959695,31.4,121.4666666,4.0,75.4059065218332,13.385663879615363,39.24284832319981,0.8263541987239096,0.9942757993480691,31.4,985.9599999999999,0.9995239228844999,1.6094379124341003,-2838.634662512345,4638.285689062471,3319.352364456312,89.97749209325389,135.0,63.9
2024-05-06,70.7,80.4,61.2,13.4,5.8,4.1,5.8,63.22220584418975,31.4,121.4666666,4.0,79.0150071949335,13.41131663846113,39.3406360609275,0.8165380514459161,0.9942757993480691,31.4,985.9599999999999,0.9995239228844999,1.6094379124341003,-2838.634662512345,4638.285689062471,3319.352364456312,89.97749209325389,135.0,58.5
2024-05-07,71.6,80.4,59.0,16.3,9.4,3.9,5.8,-20.487220502747455,31.4,121.4666666,4.0,80.17178876079015,13.43661264147321,39.43589179270846,0.8064799463209448,0.9942757993480691,31.4,985.9599999999999,0.9995239228844999,1.6094379124341003,-2838.634662512345,4638.285689062471,3319.352364456312,89.97749209325389,135.0,53.0
2024-05-08,64.6,80.4,51.8,20.2,15.4,4.9,7.8,116.86398839440321,31.4,121.4666666,4.0,72.4679651097975,13.461541506463934,39.52862490695295,0.7961828637826158,0.9942757993480691,31.4,985.9599999999999,0.9995239228844999,1.6094379124341003,-2838.634662512345,4638.285689062471,3319.352364456312,89.97749209325389,135.0,50.7
2024-05-09,66.3,75.7,51.8,18.7,11.8,5.3,7.8,45.37437548112891,31.4,121.4666666,4.0,74.51066263190238,13.48609278405473,39.61884557752219,0.7856498550787147,0.9942757993480691,31.4,985.9599999999999,0.9995239228844999,1.6094379124341003,-2838.634662512345,4638.285689062471,3319.352364456312,89.97749209325389,135.0,49.2
2024-05-10,73.2,81.1,59.0,13.2,10.6,6.6,7.8,6.6415080714318275,31.4,121.4666666,4.0,82.4125614001717,13.51025596724126,39.70656470574982,0.7748840413670407,0.9942757993480691,31.4,985.9599999999999,0.9995239228844999,1.6094379124341003,-2838.634662512345,4638.285689062471,3319.352364456312,89.97749209325389,135.0,56.2
2024-05-11,70.0,81.1,63.5,10.8,4.5,4.9,5.8,71.89958974802647,31.4,121.4666666,4.0,78.94845292583051,13.534020501570945,39.79179386270127,0.7638886127905428,0.9942757993480691,31.4,985.9599999999999,0.9995239228844999,1.6094379124341003,-2838.634662512345,4638.285689062471,3319.352364456312,89.97749209325389,135.0,68.2
2024-05-12,62.2,77.4,50.9,15.1,9.0,3.2,7.8,80.67036812754529,31.4,121.4666666,4.0,70.27239787554511,13.557375795925102,39.8745452317828,0.7526668275320085,0.9942757993480691,31.4,985.9599999999999,0.9995239228844999,1.6094379124341003,-2838.634662512345,4638.285689062471,3319.352364456312,89.97749209325389,135.0,49.8
2024-05-13,66.0,77.7,50.9,16.1,10.4,2.9,5.8,-24.696765365076494,31.4,121.4666666,4.0,74.69171178642293,13.580311233895076,39.95483155180851,0.7412220108485958,0.9942757993480691,31.4,985.9599999999999,0.9995239228844999,1.6094379124341003,-2838.634662512345,4638.285689062471,3319.352364456312,89.97749209325389,135.0,47.5
2024-05-14,68.4,80.4,52.9,15.1,11.1,3.6,7.8,-12.051685027690048,31.4,121.4666666,4.0,77.53605225871253,13.602816185739039,40.0326660606293,0.7295575540864875,0.9942757993480691,31.4,985.9599999999999,0.9995239228844999,1.6094379124341003,-2838.634662512345,4638.285689062471,3319.352364456312,89.97749209325389,135.0,48.6
2024-05-15,64.0,80.4,47.8,19.6,12.7,5.3,11.7,129.19861700622616,31.4,121.4666666,4.0,72.66602677815052,13.624880020903223,40.108062439423506,0.717676913675962,0.9942757993480691,31.4,985.9599999999999,0.9995239228844999,1.6094379124341003,-2838.634662512345,4638.285689062471,3319.352364456312,89.97749209325389,135.0,47.7
2024-05-16,70.8,81.5,47.8,14.4,13.8,6.6,9.7,-48.20970066258293,31.4,121.4666666,4.0,80.51430351442166,13.646492121088416,40.18103475774424,0.705583610107178,0.9942757993480691,31.4,985.9599999999999,0.9995239228844999,1.6094379124341003,-2838.634662512345,4638.285689062471,3319.352364456312,89.97749209325389,135.0,40.6
2024-05-17,76.3,88.0,60.6,11.0,11.3,6.6,9.7,-99.4765214991514,31.4,121.4666666,4.0,86.90342304166231,13.667641893839418,40.251597419414175,0.6932812268869777,0.9942757993480691,31.4,985.9599999999999,0.9995239228844999,1.6094379124341003,-2838.634662512345,4638.285689062471,3319.352364456312,89.97749209325389,135.0,57.0
2024-05-18,75.2,88.0,66.2,11.7,11.4,5.8,7.8,10.584559892183774,31.4,121.4666666,4.0,85.78013106289512,13.688318786632198,40.31976510935261,0.6807734094770161,0.9942757993480691,31.4,985.9599999999999,0.9995239228844999,1.6094379124341003,-2838.634662512345,4638.285689062471,3319.352364456312,89.97749209325389,135.0,63.8
2024-05-19,72.7,86.0,66.2,11.8,12.0,5.6,7.8,77.71696017168262,31.4,121.4666666,4.0,83.05073702616474,13.708512301430218,40.38555274141588,0.6680638642135335,0.9942757993480691,31.4,985.9599999999999,0.9995239228844999,1.6094379124341003,-2838.634662512345,4638.285689062471,3319.352364456312,89.97749209325389,135.0,65.1
2024-05-20,73.7,80.4,68.5,14.0,11.5,5.6,7.8,69.84989071638395,31.4,121.4666666,4.0,84.31410209277472,13.72821200967838,40.44897540732545,0.6551563572090853,0.9942757993480691,31.4,985.9599999999999,0.9995239228844999,1.6094379124341003,-2838.634662512345,4638.285689062471,3319.352364456312,89.97749209325389,135.0,69.1
2024-05-21,72.3,80.1,68.0,15.4,13.8,5.3,9.7,118.16664298974317,31.4,121.4666666,4.0,82.82813059539131,13.747407567699803,40.51004832675425,0.6420547132365637,0.9942757993480691,31.4,985.9599999999999,0.9995239228844999,1.6094379124341003,-2838.634662512345,4638.285689062471,3319.352364456312,89.97749209325389,135.0,63.2
2024-05-22,71.9,79.9,68.0,12.7,10.6,4.4,5.8,20.927850259031583,31.4,121.4666666,4.0,82.48181498864201,13.766088732457638,40.56878679863522,0.6287628145958344,0.9942757993480691,31.4,985.9599999999999,0.9995239228844999,1.6094379124341003,-2838.634662512345,4638.285689062471,3319.352364456312,89.97749209325389,135.0,64.1
2024-05-23,73.8,81.7,68.2,10.2,10.9,4.6,7.8,-71.49641644254706,31.4,121.4666666,4.0,84.77310907249195,13.784245377640968,40.625206153751314,0.6152845999633276,0.9942757993480691,31.4,985.9599999999999,0.9995239228844999,1.6094379124341003,-2838.634662512345,4638.285689062471,3319.352364456312,89.97749209325389,135.0,67.2
2024-05-24,74.3,81.9,68.9,12.0,13.2,6.1,7.8,33.9360078369594,31.4,121.4666666,4.0,85.4565629996085,13.801867510030982,40.67932170866077,0.6016240632249226,0.9942757993480691,31.4,985.9599999999999,0.9995239228844999,1.6094379124341003,-2838.634662512345,4638.285689062471,3319.352364456312,89.97749209325389,135.0,67.4
2024-05-25,74.5,81.9,70.0,9.8,9.5,6.3,9.7,74.54351164003599,31.4,121.4666666,4.0,85.7926186512082,13.81894528610065,40.73114872100588,0.5877852522924732,0.9942757993480691,31.4,985.9599999999999,0.9995239228844999,1.6094379124341003,-2838.634662512345,4638.285689062471,3319.352364456312,89.97749209325389,135.0,69.5
2024-05-26,80.8,94.3,67.5,4.1,10.5,4.4,7.8,-74.349595050691,31.4,121.4666666,4.0,93.15882479390962,13.835469028798459,40.780702346248404,0.5737722679043246,0.9942757993480691,31.4,985.9599999999999,0.9995239228844999,1.6094379124341003,-2838.634662512345,4638.285689062471,3319.352364456312,89.97749209325389,135.0,71.8
2024-05-27,65.7,94.3,62.2,6.4,15.2,6.3,11.3,24.5,31.4,121.4666666,4.0,75.83657511344124,13.851429244464155,40.82799759586969,0.5595892624101765,0.9942757993480691,31.4,985.9599999999999,0.9995239228844999,1.6094379124341003,-2838.634662512345,4638.285689062471,3319.352364456312,89.97749209325389,135.0,59.5
2024-05-28,70.0,79.3,58.5,10.7,15.6,3.8,6.8,17.9,31.4,121.4666666,4.0,80.88976373229563,13.866816639822108,40.87304929706815,0.545240438540651,0.9942757993480691,31.4,985.9599999999999,0.9995239228844999,1.6094379124341003,-2838.634662512345,4638.285689062471,3319.352364456312,89.97749209325389,135.0,51.5
2024-05-29,71.5,79.3,58.5,10.5,15.9,6.0,8.2,19.4,31.4,121.4666666,4.0,82.71133191151574,13.881622138995649,40.915872053982476,0.5307300481619334,0.9942757993480691,31.4,985.9599999999999,0.9995239228844999,1.6094379124341003,-2838.634662512345,4638.285689062471,3319.352364456312,89.97749209325389,135.0,57.3
2024-05-30,71.9,81.1,65.7,8.4,6.5,4.1,7.0,15.9,31.4,121.4666666,4.0,83.25922276206613,13.895836900483914,40.956480210463525,0.5160623910158528,0.9942757993480691,31.4,985.9599999999999,0.9995239228844999,1.6094379124341003,-2838.634662512345,4638.285689062471,3319.352364456312,89.97749209325389,135.0,67.1
2024-05-31,69.2,81.1,66.6,12.7,4.4,1.8,2.7,11.1,31.4,121.4666666,4.0,80.21117512630296,13.909452334040974,40.99488781441426,0.5012418134457758,0.9942757993480691,31.4,985.9599999999999,0.9995239228844999,1.6094379124341003,-2838.634662512345,4638.285689062471,3319.352364456312,89.97749209325389,135.0,67.7
2024-06-01,70.7,77.9,64.8,14.2,11.6,4.2,6.6,18.3,31.4,121.4666666,4.0,82.02649419165647,13.92246011739572,41.03110858371184,0.48627270710868997,0.9942757993480691,31.4,985.9599999999999,0.9995239228844999,1.6094379124341003,-2838.634662512345,4638.285689062471,3319.352364456312,89.97749209325389,135.0,63.2
2024-06-02,73.4,81.7,64.8,11.9,14.8,3.3,6.8,14.0,31.4,121.4666666,4.0,85.2348460346533,13.934852212749856,41.06515587372306,0.4711595076738638,0.9942757993480691,31.4,985.9599999999999,0.9995239228844999,1.6094379124341003,-2838.634662512345,4638.285689062471,3319.352364456312,89.97749209325389,135.0,53.6
2024-06-03,78.2,89.4,65.7,10.9,13.5,4.5,6.0,14.6,31.4,121.4666666,4.0,90.88547942082268,13.946620882990691,41.09704264641978,0.4559066935084588,0.9942757993480691,31.4,985.9599999999999,0.9995239228844999,1.6094379124341003,-2838.634662512345,4638.285689062471,3319.352364456312,89.97749209325389,135.0,58.0
2024-06-04,73.5,89.4,69.1,14.3,11.5,5.5,7.0,15.7,31.4,121.4666666,4.0,85.49127208377439,13.957758707555003,41.12678144109827,0.440518784350495,0.9942757993480691,31.4,985.9599999999999,0.9995239228844999,1.6094379124341003,-2838.634662512345,4638.285689062471,3319.352364456312,89.97749209325389,135.0,65.3
2024-06-05,68.7,81.0,62.4,15.6,11.0,4.6,7.4,15.7,31.4,121.4666666,4.0,79.96828047286466,13.96825859788029,41.154384346702805,0.42500033996955416,0.9942757993480691,31.4,985.9599999999999,0.9995239228844999,1.6094379124341003,-2838.634662512345,4638.285689062471,3319.352364456312,89.97749209325389,135.0,65.0
2024-06-06,66.9,75.2,60.6,14.4,11.5,2.5,6.0,13.6,31.4,121.4666666,4.0,77.9279845040188,13.978113812380052,41.17986297575166,0.4093559588156213,0.9942757993480691,31.4,985.9599999999999,0.9995239228844999,1.6094379124341003,-2838.634662512345,4638.285689062471,3319.352364456312,89.97749209325389,135.0,61.4
2024-06-07,71.4,77.5,60.6,9.8,13.3,3.1,4.7,11.5,31.4,121.4666666,4.0,83.22454192673938,13.987317970880566,41.203228439860666,0.39359027665646673,0.9942757993480691,31.4,985.9599999999999,0.9995239228844999,1.6094379124341003,-2838.634662512345,4638.285689062471,3319.352364456312,89.97749209325389,135.0,66.5
2024-06-08,75.0,82.9,66.9,8.0,11.4,2.6,6.6,12.2,31.4,121.4666666,4.0,87.47415667786154,13.995865068457846,41.224491326858065,0.3777079652039649,0.9942757993480691,31.4,985.9599999999999,0.9995239228844999,1.6094379124341003,-2838.634662512345,4638.285689062471,3319.352364456312,89.97749209325389,135.0,67.3
2024-06-09,79.3,88.9,69.6,8.9,10.2,3.4,5.1,12.0,31.4,121.4666666,4.0,92.54144453726337,14.003749488614886,41.243661679482294,0.36171373072976765,0.9942757993480691,31.4,985.9599999999999,0.9995239228844999,1.6094379124341003,-2838.634662512345,4638.285689062471,3319.352364456312,89.97749209325389,135.0,64.4
2024-06-10,74.6,88.9,70.5,8.0,15.4,4.9,7.6,16.1,31.4,121.4666666,4.0,87.1015053978596,14.010966015741493,41.260748975653144,0.3456123126707335,0.9942757993480691,31.4,985.9599999999999,0.9995239228844999,1.6094379124341003,-2838.634662512345,4638.285689062471,3319.352364456312,89.97749209325389,135.0,64.2
2024-06-11,73.1,81.3,70.2,4.9,8.6,3.4,5.6,13.0,31.4,121.4666666,4.0,85.38999748343089,14.017509846801243,41.275762110305706,0.3294084822245304,0.9942757993480691,31.4,985.9599999999999,0.9995239228844999,1.6094379124341003,-2838.634662512345,4638.285689062471,3319.352364456312,89.97749209325389,135.0,71.9
2024-06-12,77.1,84.4,72.0,3.6,5.9,2.4,4.1,11.7,31.4,121.4666666,4.0,90.1001946690894,14.023376602192906,41.28870937877591,0.3131070409358269,0.9942757993480691,31.4,985.9599999999999,0.9995239228844999,1.6094379124341003,-2838.634662512345,4638.285689062471,3319.352364456312,89.97749209325389,135.0,73.6
2024-06-13,77.7,85.8,72.3,3.5,5.9,4.0,7.0,15.2,31.4,121.4666666,4.0,90.83494112389619,14.028562335736861,41.29959846172624,0.29671281927349075,0.9942757993480691,31.4,985.9599999999999,0.9995239228844999,1.6094379124341003,-2838.634662512345,4638.285689062471,3319.352364456312,89.97749209325389,135.0,72.8
2024-06-14,78.1,86.2,72.3,2.1,11.0,4.1,7.2,13.4,31.4,121.4666666,4.0,91.33185523051114,14.033063543740507,41.30843641159974,0.28023067519921585,0.9942757993480691,31.4,985.9599999999999,0.9995239228844999,1.6094379124341003,-2838.634662512345,4638.285689062471,3319.352364456312,89.97749209325389,135.0,72.4
2024-06-15,79.1,87.3,69.3,4.8,10.5,3.0,5.6,13.2,31.4,121.4666666,4.0,92.526415366021,14.03687717310053,41.31522964059135,0.26366549272800704,0.9942757993480691,31.4,985.9599999999999,0.9995239228844999,1.6094379124341003,-2838.634662512345,4638.285689062471,3319.352364456312,89.97749209325389,135.0,71.3
2024-06-16,79.5,87.3,69.4,7.8,14.5,5.0,6.6,14.8,31.4,121.4666666,4.0,93.01500416317677,14.04000062840404,41.319983910125586,0.24702218048093552,0.9942757993480691,31.4,985.9599999999999,0.9995239228844999,1.6094379124341003,-2838.634662512345,4638.285689062471,3319.352364456312,89.97749209325389,135.0,72.3
2024-06-17,75.6,86.0,66.0,7.4,12.0,3.6,7.0,14.2,31.4,121.4666666,4.0,88.46732020136892,14.04243177799507,41.32270432183072,0.23030567023061221,0.9942757993480691,31.4,985.9599999999999,0.9995239228844999,1.6094379124341003,-2838.634662512345,4638.285689062471,3319.352364456312,89.97749209325389,135.0,65.7
2024-06-18,79.0,86.4,66.0,6.7,13.1,7.1,9.7,17.1,31.4,121.4666666,4.0,92.45744564660254,14.044168958977599,41.32339531000043,0.21352091543979612,0.9942757993480691,31.4,985.9599999999999,0.9995239228844999,1.6094379124341003,-2838.634662512345,4638.285689062471,3319.352364456312,89.97749209325389,135.0,65.3
2024-06-19,76.4,86.4,72.5,2.8,5.8,3.9,5.8,14.8,31.4,121.4666666,4.0,89.42117657986897,14.04521098113125,41.322060635535195,0.19667288979357647,0.9942757993480691,31.4,985.9599999999999,0.9995239228844999,1.6094379124341003,-2838.634662512345,4638.285689062471,3319.352364456312,89.97749209325389,135.0,76.2
2024-06-20,79.5,86.0,73.8,1.1,4.3,2.7,6.6,12.4,31.4,121.4666666,4.0,93.05181598440053,14.045557129720834,41.31870338135702,0.1797665857255624,0.9942757993480691,31.4,985.9599999999999,0.9995239228844999,1.6094379124341003,-2838.634662512345,4638.285689062471,3319.352364456312,89.97749209325389,135.0,78.4
2024-06-21,79.8,86.0,76.3,0.5,6.1,2.4,3.7,10.5,31.4,121.4666666,4.0,93.40062766178875,14.045207167186277,41.313325949292604,0.16280701293851715,0.9942757993480691,31.4,985.9599999999999,0.9995239228844999,1.6094379124341003,-2838.634662512345,4638.285689062471,3319.352364456312,89.97749209325389,135.0,79.5
2024-06-22,81.2,88.7,77.2,0.6,8.7,3.9,7.8,16.5,31.4,121.4666666,4.0,95.03215835806898,14.044161333704775,41.305930058421524,0.1457991969198751,0.9942757993480691,31.4,985.9599999999999,0.9995239228844999,1.6094379124341003,-2838.634662512345,4638.285689062471,3319.352364456312,89.97749209325389,135.0,79.5
2024-06-23,74.7,88.7,70.5,3.7,7.5,4.7,7.8,16.7,31.4,121.4666666,4.0,87.41406665772473,14.042420346622448,41.29651674488778,0.12874817745258132,0.9942757993480691,31.4,985.9599999999999,0.9995239228844999,1.6094379124341003,-2838.634662512345,4638.285689062471,3319.352364456312,89.97749209325389,135.0,74.2
2024-06-24,78.1,86.0,70.5,7.6,10.4,4.1,5.1,14.4,31.4,121.4666666,4.0,91.37690497025164,14.039985398758255,41.28508636317474,0.11165900712169512,0.9942757993480691,31.4,985.9599999999999,0.9995239228844999,1.6094379124341003,-2838.634662512345,4638.285689062471,3319.352364456312,89.97749209325389,135.0,74.9
2024-06-25,73.7,86.0,71.2,12.1,6.0,2.2,3.5,14.4,31.4,121.4666666,4.0,86.20970383890504,14.036858155588336,41.2716385888448,0.09453674981719912,0.9942757993480691,31.4,985.9599999999999,0.9995239228844999,1.6094379124341003,-2838.634662512345,4638.285689062471,3319.352364456312,89.97749209325389,135.0,72.7
2024-06-26,75.0,78.3,71.2,11.5,4.2,3.8,7.8,16.7,31.4,121.4666666,4.0,87.70650469577691,14.033040751324306,41.25617242274726,0.07738647923346301,0.9942757993480691,31.4,985.9599999999999,0.9995239228844999,1.6094379124341003,-2838.634662512345,4638.285689062471,3319.352364456312,89.97749209325389,135.0,74.9
2024-06-27,74.4,77.9,72.5,9.2,10.1,3.8,5.8,16.7,31.4,121.4666666,4.0,86.97692186020693,14.028535783904342,41.23868619669873,0.06021327736579302,0.9942757993480691,31.4,985.9599999999999,0.9995239228844999,1.6094379124341003,-2838.634662512345,4638.285689062471,3319.352364456312,89.97749209325389,135.0,73.7
2024-06-28,77.7,81.7,72.3,5.7,8.4,3.7,6.0,13.2,31.4,121.4666666,4.0,90.80116735026301,14.02334630892093,41.21917758064253,0.04302223300453059,0.9942757993480691,31.4,985.9599999999999,0.9995239228844999,1.6094379124341003,-2838.634662512345,4638.285689062471,3319.352364456312,89.97749209325389,135.0,77.2
2024-06-29,84.4,88.3,74.7,0.4,12.5,4.9,8.4,20.0,31.4,121.4666666,4.0,98.5895800220161,14.017475832514135,41.19764359129388,0.02581844022713308,0.9942757993480691,31.4,985.9599999999999,0.9995239228844999,1.6094379124341003,-2838.634662512345,4638.285689062471,3319.352364456312,89.97749209325389,135.0,79.1
2024-06-30,76.7,88.3,74.3,1.8,4.3,3.2,8.7,18.5,31.4,121.4666666,4.0,89.55318340502883,14.010928303263961,41.174080602279574,0.008606996888688698,0.9942757993480691,31.4,985.9599999999999,0.9995239228844999,1.6094379124341003,-2838.634662512345,4638.285689062471,3319.352364456312,89.97749209325389,135.0,54.67559949516196
2024-07-01,84.2,88.7,74.3,0.3,12.4,4.1,5.1,14.0,31.4,121.4666666,4.0,98.25935185689043,14.003708103119777,41.14848435578111,-0.008606996888688009,0.9942757993480691,31.4,985.9599999999999,0.9995239228844999,1.6094379124341003,-2838.634662512345,4638.285689062471,3319.352364456312,89.97749209325389,135.0,80.4
2024-07-02,84.6,94.6,77.4,3.2,16.7,5.8,11.3,25.8,31.4,121.4666666,4.0,98.67053126373321,13.995820037408967,41.12084997569097,-0.02581844022713239,0.9942757993480691,31.4,985.9599999999999,0.9995239228844999,1.6094379124341003,-2838.634662512345,4638.285689062471,3319.352364456312,89.97749209325389,135.0,77.7
2024-07-03,85.1,94.6,77.2,9.7,11.1,3.0,6.0,11.5,31.4,121.4666666,4.0,99.19305162249326,13.98726932397085,41.091171982292344,-0.04302223300453034,0.9942757993480691,31.4,985.9599999999999,0.9995239228844999,1.6094379124341003,-2838.634662512345,4638.285689062471,3319.352364456312,89.97749209325389,135.0,79.7
2024-07-04,91.9,100.2,78.4,6.3,16.9,5.0,9.1,20.0,31.4,121.4666666,4.0,107.04865494472216,13.97806158146535,41.05944430847198,-0.060213277365792774,0.9942757993480691,31.4,985.9599999999999,0.9995239228844999,1.6094379124341003,-2838.634662512345,4638.285689062471,3319.352364456312,89.97749209325389,135.0,77.1
2024-07-05,93.7,101.3,81.0,3.8,16.6,6.2,8.4,15.7,31.4,121.4666666,4.0,109.0683836620317,13.968202816909077,41.025660317476465,-0.07738647923346322,0.9942757993480691,31.4,985.9599999999999,0.9995239228844999,1.6094379124341003,-2838.634662512345,4638.285689062471,3319.352364456312,89.97749209325389,135.0,76.9
2024-07-06,93.5,101.3,87.3,4.4,16.4,6.0,8.0,18.5,31.4,121.4666666,4.0,108.75374125568467,13.95769941249429,40.98981282222091,-0.09453674981719933,0.9942757993480691,31.4,985.9599999999999,0.9995239228844999,1.6094379124341003,-2838.634662512345,4638.285689062471,3319.352364456312,89.97749209325389,135.0,77.2
2024-07-07,94.4,101.1,88.0,4.1,17.5,5.1,7.2,17.1,31.4,121.4666666,4.0,109.71292381242164,13.94655811174851,40.95189410615849,-0.11165900712169444,0.9942757993480691,31.4,985.9599999999999,0.9995239228844999,1.6094379124341003,-2838.634662512345,4638.285689062471,3319.352364456312,89.97749209325389,135.0,76.8
2024-07-08,93.6,101.1,87.8,2.9,17.0,5.7,8.7,16.5,31.4,121.4666666,4.0,108.69133083973806,13.934786005094624,40.911895945717966,-0.12874817745258066,0.9942757993480691,31.4,985.9599999999999,0.9995239228844999,1.6094379124341003,-2838.634662512345,4638.285689062471,3319.352364456312,89.97749209325389,135.0,75.9
2024-07-09,92.3,100.6,84.6,3.0,15.3,5.9,7.4,16.3,31.4,121.4666666,4.0,107.08638704356333,13.922390514872806,40.86980963431481,-0.14579919691987442,0.9942757993480691,31.4,985.9599999999999,0.9995239228844999,1.6094379124341003,-2838.634662512345,4638.285689062471,3319.352364456312,89.97749209325389,135.0,75.9
2024-07-10,83.0,98.1,76.6,3.5,11.4,3.9,6.2,23.9,31.4,121.4666666,4.0,96.20654071088401,13.909379379886845,40.825626007939555,-0.16280701293851646,0.9942757993480691,31.4,985.9599999999999,0.9995239228844999,1.6094379124341003,-2838.634662512345,4638.285689062471,3319.352364456312,89.97749209325389,135.0,78.9
2024-07-11,75.6,91.2,72.7,2.9,8.9,3.6,5.8,15.5,31.4,121.4666666,4.0,87.54329202909065,13.8957606395382,40.77933547232468,-0.17976658572556214,0.9942757993480691,31.4,985.9599999999999,0.9995239228844999,1.6094379124341003,-2838.634662512345,4638.285689062471,3319.352364456312,89.97749209325389,135.0,75.4
2024-07-12,78.9,82.2,72.7,1.4,10.6,3.2,4.7,-53.58431062159629,31.4,121.4666666,4.0,91.27114271079536,13.881542617611462,40.730928031689096,-0.19667288979357622,0.9942757993480691,31.4,985.9599999999999,0.9995239228844999,1.6094379124341003,-2838.634662512345,4638.285689062471,3319.352364456312,89.97749209325389,135.0,78.0
2024-07-13,82.5,88.7,76.3,3.2,9.9,3.6,6.4,13.0,31.4,121.4666666,4.0,95.33379560220294,13.866733905774973,40.680393319055945,-0.2135209154397959,0.9942757993480691,31.4,985.9599999999999,0.9995239228844999,1.6094379124341003,-2838.634662512345,4638.285689062471,3319.352364456312,89.97749209325389,135.0,79.6
2024-07-14,82.2,88.7,78.1,8.3,9.2,1.9,3.5,11.7,31.4,121.4666666,4.0,94.88170192599038,13.85134334685991,40.627720628136615,-0.23030567023061196,0.9942757993480691,31.4,985.9599999999999,0.9995239228844999,1.6094379124341003,-2838.634662512345,4638.285689062471,3319.352364456312,89.97749209325389,135.0,79.6
2024-07-15,86.5,94.1,80.1,8.4,11.2,2.5,5.2,12.0,31.4,121.4666666,4.0,99.7300309629423,13.835380017980436,40.57289894677023,-0.24702218048093527,0.9942757993480691,31.4,985.9599999999999,0.9995239228844999,1.6094379124341003,-2838.634662512345,4638.285689062471,3319.352364456312,89.97749209325389,135.0,80.8
2024-07-16,89.7,97.2,82.9,7.5,14.1,7.0,10.9,20.0,31.4,121.4666666,4.0,103.2959277713349,13.818853213556507,40.515916991903914,-0.2636654927280072,0.9942757993480691,31.4,985.9599999999999,0.9995239228844999,1.6094379124341003,-2838.634662512345,4638.285689062471,3319.352364456312,89.97749209325389,135.0,77.9
2024-07-17,91.1,97.2,83.8,5.5,15.0,5.1,7.6,16.7,31.4,121.4666666,4.0,104.77845568484015,13.801772428299472,40.45676324609561,-0.2802306751992161,0.9942757993480691,31.4,985.9599999999999,0.9995239228844999,1.6094379124341003,-2838.634662512345,4638.285689062471,3319.352364456312,89.97749209325389,135.0,79.4
2024-07-18,90.0,99.3,83.3,5.0,14.0,4.9,7.4,17.1,31.4,121.4666666,4.0,103.38110505164249,13.784147340218999,40.39542599551649,-0.2967128192734901,0.9942757993480691,31.4,985.9599999999999,0.9995239228844999,1.6094379124341003,-2838.634662512345,4638.285689062471,3319.352364456312,89.97749209325389,135.0,77.5
2024-07-19,93.8,102.4,83.3,4.9,16.3,4.6,6.6,13.0,31.4,121.4666666,4.0,107.60413792081673,13.765987793707898,40.33189336942578,-0.3131070409358267,0.9942757993480691,31.4,985.9599999999999,0.9995239228844999,1.6094379124341003,-2838.634662512345,4638.285689062471,3319.352364456312,89.97749209325389,135.0,76.2
2024-07-20,92.8,102.4,86.7,5.9,13.3,5.1,7.4,17.1,31.4,121.4666666,4.0,106.31248258667168,13.747303782759268,40.26615338108614,-0.3294084822245302,0.9942757993480691,31.4,985.9599999999999,0.9995239228844999,1.6094379124341003,-2838.634662512345,4638.285689062471,3319.352364456312,89.97749209325389,135.0,78.3
2024-07-21,92.1,102.0,84.6,5.8,14.4,5.4,9.9,17.7,31.4,121.4666666,4.0,105.36320920877395,13.728105434367942,40.19819397008309,-0.3456123126707333,0.9942757993480691,31.4,985.9599999999999,0.9995239228844999,1.6094379124341003,-2838.634662512345,4638.285689062471,3319.352364456312,89.97749209325389,135.0,78.1
2024-07-22,91.5,102.0,84.4,3.4,15.1,6.6,8.7,21.4,31.4,121.4666666,4.0,104.52657281526395,13.708402992165764,40.12800304600679,-0.3617137307297674,0.9942757993480691,31.4,985.9599999999999,0.9995239228844999,1.6094379124341003,-2838.634662512345,4638.285689062471,3319.352364456312,89.97749209325389,135.0,77.0
2024-07-23,90.6,101.3,84.2,1.4,14.4,7.2,9.9,21.4,31.4,121.4666666,4.0,103.34596134254662,13.688206800337301,40.05556853344971,-0.37770796520396466,0.9942757993480691,31.4,985.9599999999999,0.9995239228844999,1.6094379124341003,-2838.634662512345,4638.285689062471,3319.352364456312,89.97749209325389,135.0,76.8
2024-07-24,88.9,99.3,83.3,0.0,13.9,7.0,8.4,20.8,31.4,121.4666666,4.0,101.25359799089588,13.667527287859961,39.98087841826866,-0.39359027665646645,0.9942757993480691,31.4,985.9599999999999,0.9995239228844999,1.6094379124341003,-2838.634662512345,4638.285689062471,3319.352364456312,89.97749209325389,135.0,79.2
2024-07-25,86.7,95.9,81.7,998.5,12.8,7.9,9.3,26.2,31.4,121.4666666,4.0,98.5950590362147,13.646374953109301,39.903920795054454,-0.4093559588156211,0.9942757993480691,31.4,985.9599999999999,0.9995239228844999,1.6094379124341003,-2838.634662512345,4638.285689062471,3319.352364456312,89.97749209325389,135.0,80.2
2024-07-26,84.3,92.3,81.5,0.2,13.7,9.2,12.2,29.3,31.4,121.4666666,4.0,95.71394145079343,13.624760348867392,39.824683915747364,-0.42500033996955394,0.9942757993480691,31.4,985.9599999999999,0.9995239228844999,1.6094379124341003,-2838.634662512345,4638.285689062471,3319.352364456312,89.97749209325389,135.0,80.8
2024-07-27,88.0,93.7,81.5,6.1,15.3,13.1,15.3,35.2,31.4,121.4666666,4.0,99.75308983030581,13.602694067768974,39.74315623933169,-0.4405187843504952,0.9942757993480691,31.4,985.9599999999999,0.9995239228844999,1.6094379124341003,-2838.634662512345,4638.285689062471,3319.352364456312,89.97749209325389,135.0,78.8
2024-07-28,88.6,95.7,83.1,8.8,16.4,10.2,15.7,28.9,31.4,121.4666666,4.0,100.2670453433353,13.58018672821697,39.659326482537395,-0.455906693508459,0.9942757993480691,31.4,985.9599999999999,0.9995239228844999,1.6094379124341003,-2838.634662512345,4638.285689062471,3319.352364456312,89.97749209325389,135.0,77.4
2024-07-29,89.8,97.7,82.9,7.9,18.2,6.8,9.1,18.1,31.4,121.4666666,4.0,101.45341305662198,13.55724896079581,39.57318367147212,-0.47115950767386394,0.9942757993480691,31.4,985.9599999999999,0.9995239228844999,1.6094379124341003,-2838.634662512345,4638.285689062471,3319.352364456312,89.97749209325389,135.0,76.8
2024-07-30,90.1,97.7,84.0,5.6,17.3,7.5,9.7,21.0,31.4,121.4666666,4.0,101.61696789235243,13.533891395207872,39.484717194102146,-0.4862727071086902,0.9942757993480691,31.4,985.9599999999999,0.9995239228844999,1.6094379124341003,-2838.634662512345,4638.285689062471,3319.352364456312,89.97749209325389,135.0,78.3
2024-07-31,92.9,100.6,84.9,3.4,16.4,4.9,7.4,21.0,31.4,121.4666666,4.0,104.59088164803896,13.5101246477553,39.393916853495675,-0.5012418134457756,0.9942757993480691,31.4,985.9599999999999,0.9995239228844999,1.6094379124341003,-2838.634662512345,4638.285689062471,3319.352364456312,89.97749209325389,135.0,78.8
2024-08-01,94.6,102.2,87.3,2.9,16.4,3.5,6.2,16.1,31.4,121.4666666,4.0,106.31431255566221,13.48595930938633,39.300772921738144,-0.5160623910158526,0.9942757993480691,31.4,985.9599999999999,0.9995239228844999,1.6094379124341003,-2838.634662512345,4638.285689062471,3319.352364456312,89.97749209325389,135.0,78.6
2024-08-02,93.4,102.2,86.0,4.6,15.6,3.7,5.2,13.8,31.4,121.4666666,4.0,104.77460952214255,13.461405934322384,39.20527619442417,-0.5307300481619331,0.9942757993480691,31.4,985.9599999999999,0.9995239228844999,1.6094379124341003,-2838.634662512345,4638.285689062471,3319.352364456312,89.97749209325389,135.0,79.5
2024-08-03,92.8,102.2,83.7,6.4,17.2,3.5,7.0,13.6,31.4,121.4666666,4.0,103.90874022642613,13.436475029279242,39.107418045627206,-0.5452404385406507,0.9942757993480691,31.4,985.9599999999999,0.9995239228844999,1.6094379124341003,-2838.634662512345,4638.285689062471,3319.352364456312,89.97749209325389,135.0,77.7
2024-08-04,92.0,102.2,83.5,5.8,16.7,4.2,8.0,15.7,31.4,121.4666666,4.0,102.81902399857819,13.411177043292808,39.00719048324391,-0.5595892624101763,0.9942757993480691,31.4,985.9599999999999,0.9995239228844999,1.6094379124341003,-2838.634662512345,4638.285689062471,3319.352364456312,89.97749209325389,135.0,76.8
2024-08-05,90.6,101.3,83.3,4.8,16.9,4.3,7.2,14.2,31.4,121.4666666,4.0,101.06069380408827,13.385522358157388,38.90458620460666,-0.5737722679043243,0.9942757993480691,31.4,985.9599999999999,0.9995239228844999,1.6094379124341003,-2838.634662512345,4638.285689062471,3319.352364456312,89.97749209325389,135.0,79.6
2024-08-06,91.0,101.3,83.1,5.3,14.9,4.8,8.2,19.8,31.4,121.4666666,4.0,101.30970303606986,13.35952127948174,38.79959865225441,-0.5877852522924734,0.9942757993480691,31.4,985.9599999999999,0.9995239228844999,1.6094379124341003,-2838.634662512345,4638.285689062471,3319.352364456312,89.97749209325389,135.0,75.3
2024-08-07,90.1,100.9,83.7,4.5,16.2,4.7,8.0,17.1,31.4,121.4666666,4.0,100.10999007964635,13.333184028365773,38.69222206974905,-0.6016240632249227,0.9942757993480691,31.4,985.9599999999999,0.9995239228844999,1.6094379124341003,-2838.634662512345,4638.285689062471,3319.352364456312,89.97749209325389,135.0,78.7
2024-08-08,89.4,99.1,83.3,3.6,16.2,3.0,6.4,21.0,31.4,121.4666666,4.0,99.13357946605373,13.306520733698486,38.58245155742189,-0.6152845999633277,0.9942757993480691,31.4,985.9599999999999,0.9995239228844999,1.6094379124341003,-2838.634662512345,4638.285689062471,3319.352364456312,89.97749209325389,135.0,77.7
2024-08-09,91.7,99.1,84.6,1.9,15.9,4.6,7.0,14.6,31.4,121.4666666,4.0,101.47782905661927,13.279541425075585,38.47028312793219,-0.6287628145958345,0.9942757993480691,31.4,985.9599999999999,0.9995239228844999,1.6094379124341003,-2838.634662512345,4638.285689062471,3319.352364456312,89.97749209325389,135.0,77.4
2024-08-10,92.5,102.7,84.9,0.0,13.8,4.8,7.8,13.6,31.4,121.4666666,4.0,102.15280686965113,13.25225602633312,38.3557137615181,-0.6420547132365636,0.9942757993480691,31.4,985.9599999999999,0.9995239228844999,1.6094379124341003,-2838.634662512345,4638.285689062471,3319.352364456312,89.97749209325389,135.0,77.8
2024-08-11,87.8,102.7,80.6,999.6,11.6,3.4,11.7,27.8,31.4,121.4666666,4.0,96.76053399191125,13.22467434969174,38.238741460818446,-0.655156357209085,0.9942757993480691,31.4,985.9599999999999,0.9995239228844999,1.6094379124341003,-2838.634662512345,4638.285689062471,3319.352364456312,89.97749209325389,135.0,80.9
2024-08-12,85.5,101.1,78.3,2.5,10.0,2.3,4.9,24.5,31.4,121.4666666,4.0,94.02724339484372,13.196806090504383,38.11936530514249,-0.6680638642135333,0.9942757993480691,31.4,985.9599999999999,0.9995239228844999,1.6094379124341003,-2838.634662512345,4638.285689062471,3319.352364456312,89.97749209325389,135.0,81.7
2024-08-13,87.8,95.2,78.3,5.9,15.6,4.5,7.6,15.7,31.4,121.4666666,4.0,96.35070168534595,13.168660822598536,37.997585504064034,-0.6807734094770159,0.9942757993480691,31.4,985.9599999999999,0.9995239228844999,1.6094379124341003,-2838.634662512345,4638.285689062471,3319.352364456312,89.97749209325389,135.0,79.9
2024-08-14,86.9,94.8,82.6,6.6,18.6,5.5,8.7,17.1,31.4,121.4666666,4.0,95.15729589135347,13.14024799420301,37.87340345021574,-0.6932812268869771,0.9942757993480691,31.4,985.9599999999999,0.9995239228844999,1.6094379124341003,-2838.634662512345,4638.285689062471,3319.352364456312,89.97749209325389,135.0,79.0
2024-08-15,85.8,92.8,78.6,6.1,15.1,4.3,7.2,13.8,31.4,121.4666666,4.0,93.74777500980045,13.111576924447617,37.74682177115889,-0.7055836101071774,0.9942757993480691,31.4,985.9599999999999,0.9995239228844999,1.6094379124341003,-2838.634662512345,4638.285689062471,3319.352364456312,89.97749209325389,135.0,78.6
2024-08-16,86.0,93.0,78.6,7.3,14.6,3.4,5.4,13.8,31.4,121.4666666,4.0,93.7590404030325,13.082656800423141,37.61784438020488,-0.7176769136759615,0.9942757993480691,31.4,985.9599999999999,0.9995239228844999,1.6094379124341003,-2838.634662512345,4638.285689062471,3319.352364456312,89.97749209325389,135.0,78.1
2024-08-17,87.1,93.0,79.3,8.2,18.5,4.3,6.6,15.7,31.4,121.4666666,4.0,94.74663003116927,13.053496674787961,37.486476526064514,-0.7295575540864876,0.9942757993480691,31.4,985.9599999999999,0.9995239228844999,1.6094379124341003,-2838.634662512345,4638.285689062471,3319.352364456312,89.97749209325389,135.0,77.3
2024-08-18,85.3,92.7,79.2,6.1,18.6,4.8,8.0,17.9,31.4,121.4666666,4.0,92.57968300593672,13.02410546390669,37.35272484120271,-0.7412220108485957,0.9942757993480691,31.4,985.9599999999999,0.9995239228844999,1.6094379124341003,-2838.634662512345,4638.285689062471,3319.352364456312,89.97749209325389,135.0,78.2
2024-08-19,89.2,95.7,79.2,4.0,17.3,5.7,10.7,18.1,31.4,121.4666666,4.0,96.59239013569155,12.994491946505589,37.21659738877735,-0.7526668275320083,0.9942757993480691,31.4,985.9599999999999,0.9995239228844999,1.6094379124341003,-2838.634662512345,4638.285689062471,3319.352364456312,89.97749209325389,135.0,78.6
2024-08-20,90.1,95.9,84.0,3.9,17.2,4.5,8.9,15.2,31.4,121.4666666,4.0,97.34302459423867,12.964664762828681,37.07810370804286,-0.7638886127905429,0.9942757993480691,31.4,985.9599999999999,0.9995239228844999,1.6094379124341003,-2838.634662512345,4638.285689062471,3319.352364456312,89.97749209325389,135.0,79.5
2024-08-21,86.2,95.9,79.3,4.1,14.6,5.3,8.0,21.0,31.4,121.4666666,4.0,92.91377617589801,12.934632414278143,36.93725485810117,-0.7748840413670406,0.9942757993480691,31.4,985.9599999999999,0.9995239228844999,1.6094379124341003,-2838.634662512345,4638.285689062471,3319.352364456312,89.97749209325389,135.0,78.4
2024-08-22,88.4,97.0,79.3,7.0,14.8,3.0,5.1,10.9,31.4,121.4666666,4.0,95.0624373746116,12.904403263521937,36.794063459885436,-0.7856498550787144,0.9942757993480691,31.4,985.9599999999999,0.9995239228844999,1.6094379124341003,-2838.634662512345,4638.285689062471,3319.352364456312,89.97749209325389,135.0,76.9
2024-08-23,88.7,97.5,81.1,8.4,15.6,3.8,7.8,15.3,31.4,121.4666666,4.0,95.16020974658854,12.873985535051435,36.648543736264216,-0.7961828637826154,0.9942757993480691,31.4,985.9599999999999,0.9995239228844999,1.6094379124341003,-2838.634662512345,4638.285689062471,3319.352364456312,89.97749209325389,135.0,75.1
2024-08-24,86.6,97.5,81.0,8.5,15.9,4.0,8.2,15.2,31.4,121.4666666,4.0,92.68644513170456,12.843387316171535,36.50071155015786,-0.8064799463209447,0.9942757993480691,31.4,985.9599999999999,0.9995239228844999,1.6094379124341003,-2838.634662512345,4638.285689062471,3319.352364456312,89.97749209325389,135.0,79.2
2024-08-25,87.0,93.4,81.5,7.1,18.4,4.9,7.6,15.3,31.4,121.4666666,4.0,92.89147004844007,12.812616558405526,36.350584440561576,-0.8165380514459157,0.9942757993480691,31.4,985.9599999999999,0.9995239228844999,1.6094379124341003,-2838.634662512345,4638.285689062471,3319.352364456312,89.97749209325389,135.0,78.0
2024-08-26,88.0,96.6,81.9,3.6,17.2,4.7,7.4,18.1,31.4,121.4666666,4.0,93.73232791484443,12.78168107929697,36.198181656374096,-0.8263541987239094,0.9942757993480691,31.4,985.9599999999999,0.9995239228844999,1.6094379124341003,-2838.634662512345,4638.285689062471,3319.352364456312,89.97749209325389,135.0,78.6
2024-08-27,83.9,96.8,78.1,2.6,11.7,3.7,6.6,20.2,31.4,121.4666666,4.0,89.14786504743078,12.750588564590814,36.043524187934906,-0.8359254794186365,0.9942757993480691,31.4,985.9599999999999,0.9995239228844999,1.6094379124341003,-2838.634662512345,4638.285689062471,3319.352364456312,89.97749209325389,135.0,78.7
2024-08-28,86.1,96.8,78.1,4.5,17.8,5.5,9.1,18.6,31.4,121.4666666,4.0,91.26131164531795,12.719346570776022,35.88663479617749,-0.8452490573530634,0.9942757993480691,31.4,985.9599999999999,0.9995239228844999,1.6094379124341003,-2838.634662512345,4638.285689062471,3319.352364456312,89.97749209325389,135.0,79.6
2024-08-29,85.7,93.7,78.8,6.7,16.6,4.3,7.0,15.9,31.4,121.4666666,4.0,90.61319905393401,12.68796252797209,35.727538039310936,-0.8543221697498269,0.9942757993480691,31.4,985.9599999999999,0.9995239228844999,1.6094379124341003,-2838.634662512345,4638.285689062471,3319.352364456312,89.97749209325389,135.0,77.8
2024-08-30,86.5,93.7,78.8,8.3,18.4,3.9,6.4,12.4,31.4,121.4666666,4.0,91.23186531514861,12.656443743142004,35.56626029694739,-0.8631421280499115,0.9942757993480691,31.4,985.9599999999999,0.9995239228844999,1.6094379124341003,-2838.634662512345,4638.285689062471,3319.352364456312,89.97749209325389,135.0,77.3
2024-08-31,85.8,93.6,78.8,8.6,18.1,3.4,6.4,12.6,31.4,121.4666666,4.0,90.26730143584291,12.624797403614393,35.40282979159797,-0.8717063187093217,0.9942757993480691,31.4,985.9599999999999,0.9995239228844999,1.6094379124341003,-2838.634662512345,4638.285689062471,3319.352364456312,89.97749209325389,135.0,71.8
2024-09-01,88.0,95.9,78.3,7.2,15.6,3.4,5.8,12.8,31.4,121.4666666,4.0,92.34889092658422,12.59303058089785,35.23727660746592,-0.8800122039735356,0.9942757993480691,31.4,985.9599999999999,0.9995239228844999,1.6094379124341003,-2838.634662512345,4638.285689062471,3319.352364456312,89.97749209325389,135.0,74.5
2024-09-02,88.6,96.8,80.6,8.6,17.0,4.5,5.8,13.6,31.4,121.4666666,4.0,92.7431592333904,12.561150234770711,35.06963270647076,-0.888057322629493,0.9942757993480691,31.4,985.9599999999999,0.9995239228844999,1.6094379124341003,-2838.634662512345,4638.285689062471,3319.352364456312,89.97749209325389,135.0,77.2
2024-09-03,81.6,96.8,80.1,9.0,17.2,3.7,6.6,14.6,31.4,121.4666666,4.0,85.19830987988273,12.529163217629813,34.89993194144445,-0.8958392907349089,0.9942757993480691,31.4,985.9599999999999,0.9995239228844999,1.6094379124341003,-2838.634662512345,4638.285689062471,3319.352364456312,89.97749209325389,135.0,77.7
2024-09-04,85.5,93.0,80.1,6.3,18.1,4.2,6.4,13.4,31.4,121.4666666,4.0,89.04166848846016,12.497076279082128,34.72821006644555,-0.9033558023246842,0.9942757993480691,31.4,985.9599999999999,0.9995239228844999,1.6094379124341003,-2838.634662512345,4638.285689062471,3319.352364456312,89.97749209325389,135.0,76.6
2024-09-05,86.0,93.0,78.3,7.8,18.4,4.5,7.6,14.8,31.4,121.4666666,4.0,89.33175517380472,12.46489607076345,34.554504744144815,-0.9106046300942162,0.9942757993480691,31.4,985.9599999999999,0.9995239228844999,1.6094379124341003,-2838.634662512345,4638.285689062471,3319.352364456312,89.97749209325389,135.0,77.0
2024-09-06,85.3,92.8,78.1,11.2,11.5,4.0,6.8,13.6,31.4,121.4666666,4.0,88.37527221764597,12.432629151368717,34.37885555024187,-0.9175836260593934,0.9942757993480691,31.4,985.9599999999999,0.9995239228844999,1.6094379124341003,-2838.634662512345,4638.285689062471,3319.352364456312,89.97749209325389,135.0,75.9
2024-09-07,86.3,92.7,78.1,12.6,11.8,4.2,7.6,15.5,31.4,121.4666666,4.0,89.17869465826173,12.400281991878805,34.201303974879224,-0.9242907221930934,0.9942757993480691,31.4,985.9599999999999,0.9995239228844999,1.6094379124341003,-2838.634662512345,4638.285689062471,3319.352364456312,89.97749209325389,135.0,76.3
2024-09-08,85.7,92.7,79.9,11.6,17.1,4.9,8.5,15.9,31.4,121.4666666,4.0,88.32714050575389,12.367860980969038,34.021893421027,-0.9307239310379793,0.9942757993480691,31.4,985.9599999999999,0.9995239228844999,1.6094379124341003,-2838.634662512345,4638.285689062471,3319.352364456312,89.97749209325389,135.0,77.7
2024-09-09,86.4,91.9,80.4,10.1,15.8,5.0,7.8,15.7,31.4,121.4666666,4.0,88.81468150021195,12.335372430584993,33.84066919981869,-0.9368813462954315,0.9942757993480691,31.4,985.9599999999999,0.9995239228844999,1.6094379124341003,-2838.634662512345,4638.285689062471,3319.352364456312,89.97749209325389,135.0,77.9
2024-09-10,83.4,91.9,79.0,8.7,13.4,7.1,9.1,22.5,31.4,121.4666666,4.0,85.50461694261682,12.302822581671483,33.65767852282501,-0.9427611433904206,0.9942757993480691,31.4,985.9599999999999,0.9995239228844999,1.6094379124341003,-2838.634662512345,4638.285689062471,3319.352364456312,89.97749209325389,135.0,80.3
2024-09-11,84.6,90.3,79.0,8.4,16.3,5.7,7.6,22.5,31.4,121.4666666,4.0,86.50503415078853,12.270217610040927,33.47297049126052,-0.9483615800121716,0.9942757993480691,31.4,985.9599999999999,0.9995239228844999,1.6094379124341003,-2838.634662512345,4638.285689062471,3319.352364456312,89.97749209325389,135.0,82.1
2024-09-12,86.5,93.2,81.0,9.2,16.6,5.6,6.6,16.5,31.4,121.4666666,4.0,88.2124378499834,12.237563632367639,33.28659608212422,-0.9536809966304455,0.9942757993480691,31.4,985.9599999999999,0.9995239228844999,1.6094379124341003,-2838.634662512345,4638.285689062471,3319.352364456312,89.97749209325389,135.0,78.4
2024-09-13,87.7,94.1,78.1,6.8,16.8,3.9,5.8,-142.69609295637804,31.4,121.4666666,4.0,89.197234222355,12.204866712294868,33.098608131283115,-0.9587178169872964,0.9942757993480691,31.4,985.9599999999999,0.9995239228844999,1.6094379124341003,-2838.634662512345,4638.285689062471,3319.352364456312,89.97749209325389,135.0,77.0
2024-09-14,85.1,94.1,77.9,5.0,18.6,5.3,5.8,31.535922364034306,31.4,121.4666666,4.0,86.32070891259995,12.172132866641594,32.909061313514194,-0.9634705485641486,0.9942757993480691,31.4,985.9599999999999,0.9995239228844999,1.6094379124341003,-2838.634662512345,4638.285689062471,3319.352364456312,89.97749209325389,135.0,77.4
2024-09-15,84.2,90.7,81.3,5.0,13.3,8.5,9.7,106.34315998330456,31.4,121.4666666,4.0,85.17789930307035,12.139368071696486,32.71801211952803,-0.9679377830240642,0.9942757993480691,31.4,985.9599999999999,0.9995239228844999,1.6094379124341003,-2838.634662512345,4638.285689062471,3319.352364456312,89.97749209325389,135.0,80.0
2024-09-16,81.7,89.4,79.2,4.1,12.8,11.7,31.1,83.2766915264319,31.4,121.4666666,4.0,82.42562038543475,12.1065782695865,32.525518830003946,-0.9721181966290612,0.9942757993480691,31.4,985.9599999999999,0.9995239228844999,1.6094379124341003,-2838.634662512345,4638.285689062471,3319.352364456312,89.97749209325389,135.0,80.6
2024-09-17,85.0,92.5,78.8,11.2,15.7,5.6,7.8,163.89190654522906,31.4,121.4666666,4.0,85.52253307084737,12.073769374707863,32.33164148667364,-0.9760105506323682,0.9942757993480691,31.4,985.9599999999999,0.9995239228844999,1.6094379124341003,-2838.634662512345,4638.285689062471,3319.352364456312,89.97749209325389,135.0,78.0
2024-09-18,84.7,92.5,78.6,9.5,14.4,6.6,7.8,-87.99859752640988,31.4,121.4666666,4.0,84.98901955279702,12.04094728020737,32.13644186049731,-0.9796136916454901,0.9942757993480691,31.4,985.9599999999999,0.9995239228844999,1.6094379124341003,-2838.634662512345,4638.285689062471,3319.352364456312,89.97749209325389,135.0,79.2
2024-09-19,82.9,89.2,78.8,3.8,7.8,9.5,11.7,115.80098177664053,31.4,121.4666666,4.0,82.95608091393433,12.008117864501951,31.939983416982866,-0.9829265519799822,0.9942757993480691,31.4,985.9599999999999,0.9995239228844999,1.6094379124341003,-2838.634662512345,4638.285689062471,3319.352364456312,89.97749209325389,135.0,80.5
2024-09-20,81.4,88.3,78.6,4.0,9.1,4.1,5.8,77.12672247865765,31.4,121.4666666,4.0,81.23236346857783,11.97528699782474,31.742331278705755,-0.9859481499638303,0.9942757993480691,31.4,985.9599999999999,0.9995239228844999,1.6094379124341003,-2838.634662512345,4638.285689062471,3319.352364456312,89.97749209325389,135.0,81.3
2024-09-21,74.8,82.9,70.9,10.9,15.0,7.8,9.7,-11.793030675493348,31.4,121.4666666,4.0,74.44133742076464,11.942460548785771,31.54355218509332,-0.9886775902323404,0.9942757993480691,31.4,985.9599999999999,0.9995239228844999,1.6094379124341003,-2838.634662512345,4638.285689062471,3319.352364456312,89.97749209325389,135.0,69.2
2024-09-22,72.2,78.8,66.2,15.9,17.8,6.1,9.7,155.19166296804946,31.4,121.4666666,4.0,71.65636041879567,11.909644390935568,31.343714449543743,-0.9911140639934546,0.9942757993480691,31.4,985.9599999999999,0.9995239228844999,1.6094379124341003,-2838.634662512345,4638.285689062471,3319.352364456312,89.97749209325389,135.0,60.6
2024-09-23,74.8,79.7,66.0,15.4,16.2,4.9,5.8,-24.74446224513352,31.4,121.4666666,4.0,74.03233015142757,11.876844409319933,31.14288791395647,-0.9932568492674143,0.9942757993480691,31.4,985.9599999999999,0.9995239228844999,1.6094379124341003,-2838.634662512345,4638.285689062471,3319.352364456312,89.97749209325389,135.0,62.6
2024-09-24,71.9,79.7,68.7,12.8,5.0,2.4,3.9,96.96157742154817,31.4,121.4666666,4.0,70.96569848785933,11.844066507014073,30.94114390075612,-0.9951053111006974,0.9942757993480691,31.4,985.9599999999999,0.9995239228844999,1.6094379124341003,-2838.634662512345,4638.285689062471,3319.352364456312,89.97749209325389,135.0,71.3
2024-09-25,74.7,77.7,70.3,12.8,8.8,1.2,1.9,89.64459754726803,31.4,121.4666666,4.0,73.5254459073615,11.811316611624337,30.738555162498272,-0.99665890175417,0.9942757993480691,31.4,985.9599999999999,0.9995239228844999,1.6094379124341003,-2838.634662512345,4638.285689062471,3319.352364456312,89.97749209325389,135.0,74.3
2024-09-26,77.9,82.8,73.0,13.2,18.6,3.9,5.8,62.641109441092716,31.4,121.4666666,4.0,76.46274942566497,11.778600681745566,30.535195829150993,-0.9979171608653922,0.9942757993480691,31.4,985.9599999999999,0.9995239228844999,1.6094379124341003,-2838.634662512345,4638.285689062471,3319.352364456312,89.97749209325389,135.0,72.9
2024-09-27,78.0,84.6,73.4,13.8,16.5,5.3,7.8,28.859415417212347,31.4,121.4666666,4.0,76.34851063685348,11.745924713362074,30.331141353150706,-0.9988797155850335,0.9942757993480691,31.4,985.9599999999999,0.9995239228844999,1.6094379124341003,-2838.634662512345,4638.285689062471,3319.352364456312,89.97749209325389,135.0,70.4
2024-09-28,78.6,84.6,73.4,15.0,13.9,5.1,7.8,-64.19416235105452,31.4,121.4666666,4.0,76.72208058747938,11.71329474618006,30.126468452336784,-0.9995462806873573,0.9942757993480691,31.4,985.9599999999999,0.9995239228844999,1.6094379124341003,-2838.634662512345,4638.285689062471,3319.352364456312,89.97749209325389,135.0,71.5
2024-09-29,80.8,85.3,76.5,13.8,10.7,6.1,9.7,26.211573407349036,31.4,121.4666666,4.0,78.65016025718576,11.680716869879074,29.921255050873285,-0.9999166586547379,0.9942757993480691,31.4,985.9599999999999,0.9995239228844999,1.6094379124341003,-2838.634662512345,4638.285689062471,3319.352364456312,89.97749209325389,135.0,75.8
2024-09-30,80.2,85.8,73.6,11.9,10.9,5.8,9.7,-5.169787049134197,31.4,121.4666666,4.0,77.84878482230447,11.648197230269995,29.71558021827108,-0.9999907397361901,0.9942757993480691,31.4,985.9599999999999,0.9995239228844999,1.6094379124341003,-2838.634662512345,4638.285689062471,3319.352364456312,89.97749209325389,135.0,76.7
2024-10-01,71.3,85.8,68.2,16.0,17.5,8.0,9.7,79.58321301123789,31.4,121.4666666,4.0,69.01686726001833,11.615742035346704,29.509524106627673,-0.9997685019798909,0.9942757993480691,31.4,985.9599999999999,0.9995239228844999,1.6094379124341003,-2838.634662512345,4638.285689062471,3319.352364456312,89.97749209325389,135.0,62.4
2024-10-02,68.7,75.9,64.6,20.4,17.4,6.6,9.7,69.79579143954288,31.4,121.4666666,4.0,66.31472203797529,11.583357561218389,29.30316788620557,-0.9992500112396835,0.9942757993480691,31.4,985.9599999999999,0.9995239228844999,1.6094379124341003,-2838.634662512345,4638.285689062471,3319.352364456312,89.97749209325389,135.0,50.8
2024-10-03,69.5,75.0,64.6,22.2,18.6,5.8,7.8,111.32509078804718,31.4,121.4666666,4.0,66.89983216455725,11.551050157909165,29.09659367947404,-0.9984354211555643,0.9942757993480691,31.4,985.9599999999999,0.9995239228844999,1.6094379124341003,-2838.634662512345,4638.285689062471,3319.352364456312,89.97749209325389,135.0,50.7
2024-10-04,71.6,75.4,66.0,21.4,18.3,6.6,9.7,-130.99889626169073,31.4,121.4666666,4.0,68.72899665490122,11.518826255011378,28.889884493741555,-0.9973249731081555,0.9942757993480691,31.4,985.9599999999999,0.9995239228844999,1.6094379124341003,-2838.634662512345,4638.285689062471,3319.352364456312,89.97749209325389,135.0,57.2
2024-10-05,71.4,76.1,68.9,19.3,14.1,5.1,5.8,75.90622396410494,31.4,121.4666666,4.0,68.3458195847127,11.486692367178605,28.68312415250968,-0.9959189961471792,0.9942757993480691,31.4,985.9599999999999,0.9995239228844999,1.6094379124341003,-2838.634662512345,4638.285689062471,3319.352364456312,89.97749209325389,135.0,66.7
2024-10-06,66.6,76.1,64.4,18.8,5.4,5.6,9.7,128.8773349026405,31.4,121.4666666,4.0,63.573335801915114,11.454655099444166,28.476397225681218,-0.994217906893952,0.9942757993480691,31.4,985.9599999999999,0.9995239228844999,1.6094379124341003,-2838.634662512345,4638.285689062471,3319.352364456312,89.97749209325389,135.0,66.6
2024-10-07,65.0,69.1,62.4,20.4,9.2,5.3,7.8,73.85662093371067,31.4,121.4666666,4.0,61.87307290856494,11.422721152350451,28.26978895875737,-0.9922222094179324,0.9942757993480691,31.4,985.9599999999999,0.9995239228844999,1.6094379124341003,-2838.634662512345,4638.285689062471,3319.352364456312,89.97749209325389,135.0,63.6
2024-10-08,66.0,73.9,58.5,19.6,13.6,4.6,7.8,-60.944823700341374,31.4,121.4666666,4.0,62.64993529780802,11.390897326874185,28.063385201161015,-0.989932495087353,0.9942757993480691,31.4,985.9599999999999,0.9995239228844999,1.6094379124341003,-2838.634662512345,4638.285689062471,3319.352364456312,89.97749209325389,135.0,54.3
2024-10-09,63.5,73.9,54.1,16.5,11.2,1.9,3.9,-86.12574638611632,31.4,121.4666666,4.0,60.109049883325085,11.359190529132299,27.85727233382369,-0.9873494423939864,0.9942757993480691,31.4,985.9599999999999,0.9995239228844999,1.6094379124341003,-2838.634662512345,4638.285689062471,3319.352364456312,89.97749209325389,135.0,53.3
2024-10-10,66.1,75.0,54.1,16.8,6.4,1.7,5.8,-128.5591683565613,31.4,121.4666666,4.0,62.39623949314743,11.327607774852787,27.65153719617546,-0.9844738167520923,0.9942757993480691,31.4,985.9599999999999,0.9995239228844999,1.6094379124341003,-2838.634662512345,4638.285689062471,3319.352364456312,89.97749209325389,135.0,56.1
2024-10-11,70.2,77.0,57.2,19.2,5.7,2.9,3.9,33.761830224238835,31.4,121.4666666,4.0,66.08251373252838,11.296156193594594,27.446267012677414,-0.9813064702716093,0.9942757993480691,31.4,985.9599999999999,0.9995239228844999,1.6094379124341003,-2838.634662512345,4638.285689062471,3319.352364456312,89.97749209325389,135.0,60.3
2024-10-12,73.2,77.9,65.5,20.5,12.9,4.1,5.8,37.053012158606364,31.4,121.4666666,4.0,68.71554249947141,11.264843032700231,27.241549319035972,-0.9778483415056567,0.9942757993480691,31.4,985.9599999999999,0.9995239228844999,1.6094379124341003,-2838.634662512345,4638.285689062471,3319.352364456312,89.97749209325389,135.0,65.1
2024-10-13,74.7,79.7,69.4,17.6,12.7,4.6,7.8,172.0085140012426,31.4,121.4666666,4.0,69.9296309895041,11.233675660964515,27.037471888239512,-0.9741004551724206,0.9942757993480691,31.4,985.9599999999999,0.9995239228844999,1.6094379124341003,-2838.634662512345,4638.285689062471,3319.352364456312,89.97749209325389,135.0,67.4
2024-10-14,72.6,79.7,68.4,16.0,9.9,4.1,5.8,-3.1401413260718343,31.4,121.4666666,4.0,67.77610251061563,11.202661572002585,26.834122656555383,-0.970063921851507,0.9942757993480691,31.4,985.9599999999999,0.9995239228844999,1.6094379124341003,-2838.634662512345,4638.285689062471,3319.352364456312,89.97749209325389,135.0,68.8
2024-10-15,69.8,78.8,67.6,19.2,5.4,3.6,3.9,-17.518033042258732,31.4,121.4666666,4.0,64.98268545279502,11.171808387300006,26.63158964962606,-0.965739937654855,0.9942757993480691,31.4,985.9599999999999,0.9995239228844999,1.6094379124341003,-2838.634662512345,4638.285689062471,3319.352364456312,89.97749209325389,135.0,68.4
2024-10-16,71.8,75.4,68.4,20.5,6.9,4.6,7.8,39.54068230726381,31.4,121.4666666,4.0,66.66105775591717,11.141123858927662,26.42996090880105,-0.9611297838723007,0.9942757993480691,31.4,985.9599999999999,0.9995239228844999,1.6094379124341003,-2838.634662512345,4638.285689062471,3319.352364456312,89.97749209325389,135.0,70.1
2024-10-17,74.8,80.2,70.2,15.6,5.1,4.6,7.8,82.87581361395605,31.4,121.4666666,4.0,69.25617226820063,11.110615871903844,26.229324417839504,-0.9562348265919058,0.9942757993480691,31.4,985.9599999999999,0.9995239228844999,1.6094379124341003,-2838.634662512345,4638.285689062471,3319.352364456312,89.97749209325389,135.0,73.0
2024-10-18,79.0,88.9,68.9,13.3,8.2,5.8,7.8,124.57941510002628,31.4,121.4666666,4.0,72.9452586040572,11.080292446185904,26.0297680301168,-0.9510565162951536,0.9942757993480691,31.4,985.9599999999999,0.9995239228844999,1.6094379124341003,-2838.634662512345,4638.285689062471,3319.352364456312,89.97749209325389,135.0,70.1
2024-10-19,64.5,88.9,62.1,24.3,8.3,7.5,9.7,83.91248585847949,31.4,121.4666666,4.0,59.39461934322099,11.050161738273673,25.83137939646551,-0.9455963874271428,0.9942757993480691,31.4,985.9599999999999,0.9995239228844999,1.6094379124341003,-2838.634662512345,4638.285689062471,3319.352364456312,89.97749209325389,135.0,57.1
2024-10-20,64.6,68.7,62.1,23.1,3.5,3.6,5.8,1.7414714546031274,31.4,121.4666666,4.0,59.325582494957025,11.020232042406878,25.634245893778626,-0.9398560579418953,0.9942757993480691,31.4,985.9599999999999,0.9995239228844999,1.6094379124341003,-2838.634662512345,4638.285689062471,3319.352364456312,89.97749209325389,135.0,61.9
2024-10-21,69.2,76.1,62.1,19.2,3.5,3.4,5.8,38.416404174994746,31.4,121.4666666,4.0,63.378617996720806,10.990511791338868,25.438454554499835,-0.9338372288229252,0.9942757993480691,31.4,985.9599999999999,0.9995239228844999,1.6094379124341003,-2838.634662512345,4638.285689062471,3319.352364456312,89.97749209325389,135.0,66.7
2024-10-22,62.2,76.1,54.7,20.9,4.9,7.5,9.7,96.65950674392384,31.4,121.4666666,4.0,56.81456620206735,10.961009556668941,25.2440919971217,-0.9275416835791965,0.9942757993480691,31.4,985.9599999999999,0.9995239228844999,1.6094379124341003,-2838.634662512345,4638.285689062471,3319.352364456312,89.97749209325389,135.0,56.0
2024-10-23,61.4,67.5,53.4,22.2,13.4,4.6,5.8,12.79247844738306,31.4,121.4666666,4.0,55.93403921592994,10.931734048715951,25.051244357809516,-0.9209712877166347,0.9942757993480691,31.4,985.9599999999999,0.9995239228844999,1.6094379124341003,-2838.634662512345,4638.285689062471,3319.352364456312,89.97749209325389,135.0,48.5
2024-10-24,65.5,69.4,55.9,20.7,15.2,5.1,7.8,-37.74800357593135,31.4,121.4666666,4.0,59.51053871604141,10.902694115915983,24.859997223263548,-0.9141279881853337,0.9942757993480691,31.4,985.9599999999999,0.9995239228844999,1.6094379124341003,-2838.634662512345,4638.285689062471,3319.352364456312,89.97749209325389,135.0,53.4
2024-10-25,70.6,73.9,63.1,18.3,7.6,7.0,7.8,-48.31540134024287,31.4,121.4666666,4.0,63.97477094226295,10.873898743727414,24.67043556492861,-0.9070138128026362,0.9942757993480691,31.4,985.9599999999999,0.9995239228844999,1.6094379124341003,-2838.634662512345,4638.285689062471,3319.352364456312,89.97749209325389,135.0,66.8
2024-10-26,71.2,73.9,68.0,14.9,2.7,5.6,7.8,-232.70930119216894,31.4,121.4666666,4.0,64.34911851462735,10.84535705302708,24.482643674654806,-0.8996308696522434,0.9942757993480691,31.4,985.9599999999999,0.9995239228844999,1.6094379124341003,-2838.634662512345,4638.285689062471,3319.352364456312,89.97749209325389,135.0,71.2
2024-10-27,66.2,72.3,62.4,15.6,8.0,6.1,11.7,63.89861769983822,31.4,121.4666666,4.0,59.6742152771998,10.817078297981837,24.29670510190805,-0.8919813464595487,0.9942757993480691,31.4,985.9599999999999,0.9995239228844999,1.6094379124341003,-2838.634662512345,4638.285689062471,3319.352364456312,89.97749209325389,135.0,60.6
2024-10-28,62.9,71.1,56.5,17.2,9.7,4.9,7.8,-67.11008433300813,31.4,121.4666666,4.0,56.55271835055361,10.789071863380657,24.1127025926239,-0.8840675099433637,0.9942757993480691,31.4,985.9599999999999,0.9995239228844999,1.6094379124341003,-2838.634662512345,4638.285689062471,3319.352364456312,89.97749209325389,135.0,53.0
2024-10-29,63.4,69.1,56.1,19.6,15.5,4.9,5.8,-33.79347392884231,31.4,121.4666666,4.0,56.855784697798775,10.761347261413018,23.930718029792317,-0.8758917051442433,0.9942757993480691,31.4,985.9599999999999,0.9995239228844999,1.6094379124341003,-2838.634662512345,4638.285689062471,3319.352364456312,89.97749209325389,135.0,52.2
2024-10-30,66.7,72.3,61.0,20.5,11.8,6.1,7.8,-18.84068032058829,31.4,121.4666666,4.0,59.66267269413573,10.73391412788049,23.75083237585496,-0.8674563547295971,0.9942757993480691,31.4,985.9599999999999,0.9995239228844999,1.6094379124341003,-2838.634662512345,4638.285689062471,3319.352364456312,89.97749209325389,135.0,59.3
2024-10-31,66.8,72.3,64.0,16.1,3.8,6.6,11.7,34.707757986894826,31.4,121.4666666,4.0,59.601087679250504,10.706782217829431,23.573125616991,-0.858763958275803,0.9942757993480691,31.4,985.9599999999999,0.9995239228844999,1.6094379124341003,-2838.634662512345,4638.285689062471,3319.352364456312,89.97749209325389,135.0,66.2
2024-11-01,64.7,69.6,61.3,13.6,4.5,10.0,13.6,10.20558009458465,31.4,121.4666666,4.0,57.582791884868705,10.679961400593886,23.397676709360066,-0.8498170915275277,0.9942757993480691,31.4,985.9599999999999,0.9995239228844999,1.6094379124341003,-2838.634662512345,4638.285689062471,3319.352364456312,89.97749209325389,135.0,64.3
2024-11-02,65.3,71.1,59.4,21.8,3.1,4.9,7.8,49.34754991477371,31.4,121.4666666,4.0,57.97258716848518,10.653461654239237,23.22456352736537,-0.8406184056344783,0.9942757993480691,31.4,985.9599999999999,0.9995239228844999,1.6094379124341003,-2838.634662512345,4638.285689062471,3319.352364456312,89.97749209325389,135.0,60.1
2024-11-03,64.5,73.6,57.4,21.3,2.8,1.7,3.9,-99.47245364276657,31.4,121.4666666,4.0,57.12170019426759,10.627293059398621,23.053862813992502,-0.8311706263658079,0.9942757993480691,31.4,985.9599999999999,0.9995239228844999,1.6094379124341003,-2838.634662512345,4638.285689062471,3319.352364456312,89.97749209325389,135.0,60.2
2024-11-04,66.1,73.6,57.6,24.2,6.6,6.1,9.7,-59.62730837766385,31.4,121.4666666,4.0,58.39640740699734,10.601465792495736,22.885650133272428,-0.8214765533024145,0.9942757993480691,31.4,985.9599999999999,0.9995239228844999,1.6094379124341003,-2838.634662512345,4638.285689062471,3319.352364456312,89.97749209325389,135.0,55.3
2024-11-05,60.1,73.2,56.3,27.0,16.8,5.6,7.8,18.80473070450195,31.4,121.4666666,4.0,52.968083842734025,10.575990118349555,22.71999982491082,-0.8115390590073611,0.9942757993480691,31.4,985.9599999999999,0.9995239228844999,1.6094379124341003,-2838.634662512345,4638.285689062471,3319.352364456312,89.97749209325389,135.0,45.2
2024-11-06,60.1,65.3,56.1,29.1,18.2,5.3,7.8,-11.714444062470932,31.4,121.4666666,4.0,52.842305880642826,10.5508763821583,22.556984961117358,-0.801361088174677,0.9942757993480691,31.4,985.9599999999999,0.9995239228844999,1.6094379124341003,-2838.634662512345,4638.285689062471,3319.352364456312,89.97749209325389,135.0,41.1
2024-11-07,59.4,64.8,57.0,28.0,17.8,4.1,5.8,-22.827358200443655,31.4,121.4666666,4.0,52.104368254267975,10.526135000862217,22.396677305662323,-0.7909456567567774,0.9942757993480691,31.4,985.9599999999999,0.9995239228844999,1.6094379124341003,-2838.634662512345,4638.285689062471,3319.352364456312,89.97749209325389,135.0,46.0
2024-11-08,64.4,68.0,57.0,24.4,14.4,4.9,5.8,-90.03913131905324,31.4,121.4666666,4.0,56.35953363585933,10.50177645388683,22.239147275179725,-0.780295851070776,0.9942757993480691,31.4,985.9599999999999,0.9995239228844999,1.6094379124341003,-2838.634662512345,4638.285689062471,3319.352364456312,89.97749209325389,135.0,56.0
2024-11-09,66.2,72.0,62.4,22.2,10.3,5.3,7.8,105.5021521331042,31.4,121.4666666,4.0,57.80259219087721,10.477811273270794,22.08446390272873,-0.7694148268839381,0.9942757993480691,31.4,985.9599999999999,0.9995239228844999,1.6094379124341003,-2838.634662512345,4638.285689062471,3319.352364456312,89.97749209325389,135.0,60.6
2024-11-10,63.1,72.0,60.4,21.2,7.1,4.6,5.8,50.51909589407023,31.4,121.4666666,4.0,54.97193142449733,10.45425003318491,21.932694803617704,-0.7583058084785625,0.9942757993480691,31.4,985.9599999999999,0.9995239228844999,1.6094379124341003,-2838.634662512345,4638.285689062471,3319.352364456312,89.97749209325389,135.0,59.5
2024-11-11,62.7,70.3,54.0,21.0,7.4,3.4,5.8,-67.02755401803347,31.4,121.4666666,4.0,54.50251494549909,10.4311033388515,21.783906143487396,-0.7469720876965551,0.9942757993480691,31.4,985.9599999999999,0.9995239228844999,1.6094379124341003,-2838.634662512345,4638.285689062471,3319.352364456312,89.97749209325389,135.0,56.9
2024-11-12,65.2,70.3,54.0,20.9,5.5,3.9,5.8,-91.4697634851155,31.4,121.4666666,4.0,56.55220786082681,10.4083818148761,21.638162608642467,-0.7354170229639858,0.9942757993480691,31.4,985.9599999999999,0.9995239228844999,1.6094379124341003,-2838.634662512345,4638.285689062471,3319.352364456312,89.97749209325389,135.0,59.2
2024-11-23,53.3,61.3,46.9,27.9,14.7,3.2,5.8,150.39980468277287,31.4,121.4666666,4.0,45.25847331282726,10.189524948478933,20.252909831220226,-0.594726686960764,0.9942757993480691,31.4,985.9599999999999,0.9995239228844999,1.6094379124341003,-2838.634662512345,4638.285689062471,3319.352364456312,89.97749209325389,135.0,40.8
2024-11-24,58.0,62.6,46.9,25.7,16.2,4.1,5.8,46.30921329925319,31.4,121.4666666,4.0,49.16816112088566,10.172722990528067,20.148183803970202,-0.5808002734538013,0.9942757993480691,31.4,985.9599999999999,0.9995239228844999,1.6094379124341003,-2838.634662512345,4638.285689062471,3319.352364456312,89.97749209325389,135.0,47.1
2024-11-25,56.1,65.8,46.8,21.4,7.7,5.8,9.7,6.335213807282155,31.4,121.4666666,4.0,47.48154323687176,10.156479836764012,20.04719959231472,-0.5667017562911184,0.9942757993480691,31.4,985.9599999999999,0.9995239228844999,1.6094379124341003,-2838.634662512345,4638.285689062471,3319.352364456312,89.97749209325389,135.0,50.8
2024-11-26,47.7,65.8,42.3,24.1,11.5,5.8,11.7,61.848324713415224,31.4,121.4666666,4.0,40.30969940905665,10.140804882781545,19.949999227104307,-0.5524353131676203,0.9942757993480691,31.4,985.9599999999999,0.9995239228844999,1.6094379124341003,-2838.634662512345,4638.285689062471,3319.352364456312,89.97749209325389,135.0,28.6
2024-11-27,46.5,54.7,36.5,23.0,9.8,6.4,12.0,28.2,31.4,121.4666666,4.0,39.237115846720286,10.125707315282655,19.85662305522752,-0.5380051715382992,0.9942757993480691,31.4,985.9599999999999,0.9995239228844999,1.6094379124341003,-2838.634662512345,4638.285689062471,3319.352364456312,89.97749209325389,135.0,23.9
2024-11-28,48.8,57.7,36.5,21.8,12.3,6.8,9.7,69.08199624285913,31.4,121.4666666,4.0,41.11886411996572,10.111196095073538,19.767109738749948,-0.5234156073655503,0.9942757993480691,31.4,985.9599999999999,0.9995239228844999,1.6094379124341003,-2838.634662512345,4638.285689062471,3319.352364456312,89.97749209325389,135.0,22.9
2024-11-29,46.0,59.2,35.8,20.7,8.7,2.9,7.8,70.95405367676918,31.4,121.4666666,4.0,38.70623977049442,10.09727994012898,19.681496255116148,-0.5086709438521042,0.9942757993480691,31.4,985.9599999999999,0.9995239228844999,1.6094379124341003,-2838.634662512345,4638.285689062471,3319.352364456312,89.97749209325389,135.0,29.1
2024-11-30,48.7,63.1,35.4,17.4,5.1,1.5,3.9,7.424990628539819,31.4,121.4666666,4.0,40.924100661486186,10.083967308785097,19.599817898305258,-0.49377555015997737,0.9942757993480691,31.4,985.9599999999999,0.9995239228844999,1.6094379124341003,-2838.634662512345,4638.285689062471,3319.352364456312,89.97749209325389,135.0,36.9
2024-12-02,58.0,70.5,40.5,19.6,4.0,3.2,3.9,-0.829842331184862,31.4,121.4666666,4.0,48.61939442091447,10.059185052602993,19.448399336461197,-0.4635502709028512,0.9942757993480691,31.4,985.9599999999999,0.9995239228844999,1.6094379124341003,-2838.634662512345,4638.285689062471,3319.352364456312,89.97749209325389,135.0,46.9
2024-12-03,55.0,70.5,49.1,23.7,6.6,5.5,7.8,-139.94068467609588,31.4,121.4666666,4.0,46.05209994927297,10.047730898023195,19.378721323584937,-0.4482293417404106,0.9942757993480691,31.4,985.9599999999999,0.9995239228844999,1.6094379124341003,-2838.634662512345,4638.285689062471,3319.352364456312,89.97749209325389,135.0,46.4
2024-12-04,53.0,59.2,49.5,23.1,13.1,4.6,7.8,118.57638405467118,31.4,121.4666666,4.0,44.329691026666886,10.036911175849106,19.31310282904931,-0.4327755925504317,0.9942757993480691,31.4,985.9599999999999,0.9995239228844999,1.6094379124341003,-2838.634662512345,4638.285689062471,3319.352364456312,89.97749209325389,135.0,42.6
2024-12-05,49.0,57.4,44.6,22.6,4.3,3.4,5.8,33.13424311465073,31.4,121.4666666,4.0,40.942492278896,10.026732802994939,19.251570772422326,-0.41719360261231697,0.9942757993480691,31.4,985.9599999999999,0.9995239228844999,1.6094379124341003,-2838.634662512345,4638.285689062471,3319.352364456312,89.97749209325389,135.0,42.1
2024-12-06,49.7,55.4,43.9,23.8,1.9,2.4,3.9,-46.3783417912183,31.4,121.4666666,4.0,41.4879130335695,10.017202342109336,19.19415041053322,-0.4014879892059737,0.9942757993480691,31.4,985.9599999999999,0.9995239228844999,1.6094379124341003,-2838.634662512345,4638.285689062471,3319.352364456312,89.97749209325389,135.0,39.8
2024-12-07,48.8,55.6,42.3,28.4,7.1,5.6,7.8,115.74205658110047,31.4,121.4666666,4.0,40.700525682219045,10.008325987430913,19.14086534219785,-0.38566340624360745,0.9942757993480691,31.4,985.9599999999999,0.9995239228844999,1.6094379124341003,-2838.634662512345,4638.285689062471,3319.352364456312,89.97749209325389,135.0,34.5
2024-12-08,43.1,55.6,37.0,30.4,13.4,4.1,5.8,110.81415479309314,31.4,121.4666666,4.0,35.917060138325134,10.00010955127382,19.09173751302386,-0.3697245428906732,0.9942757993480691,31.4,985.9599999999999,0.9995239228844999,1.6094379124341003,-2838.634662512345,4638.285689062471,3319.352364456312,89.97749209325389,135.0,28.8
2024-12-09,48.2,51.8,37.0,25.4,13.8,2.7,3.9,170.09320915371956,31.4,121.4666666,4.0,40.13677644566175,9.992558451202095,19.04678722019658,-0.3536761221763721,0.9942757993480691,31.4,985.9599999999999,0.9995239228844999,1.6094379124341003,-2838.634662512345,4638.285689062471,3319.352364456312,89.97749209325389,135.0,33.4
2024-12-10,48.1,51.8,43.9,23.1,5.1,4.9,5.8,94.72597657575628,31.4,121.4666666,4.0,40.02592477261432,9.985677697949518,19.00603311715024,-0.33752289959411347,0.9942757993480691,31.4,985.9599999999999,0.9995239228844999,1.6094379124341003,-2838.634662512345,4638.285689062471,3319.352364456312,89.97749209325389,135.0,44.2
2024-12-11,44.9,50.5,42.3,26.0,2.8,5.6,9.7,219.1404540632154,31.4,121.4666666,4.0,37.3398572998202,9.979471884139029,18.969492218034574,-0.32126966169236515,0.9942757993480691,31.4,985.9599999999999,0.9995239228844999,1.6094379124341003,-2838.634662512345,4638.285689062471,3319.352364456312,89.97749209325389,135.0,40.8
2024-12-12,47.5,51.8,42.3,26.3,14.6,4.1,5.8,-33.93278892088657,31.4,121.4666666,4.0,39.48019964650078,9.973945173852828,18.93717990189175,-0.3049212246562894,0.9942757993480691,31.4,985.9599999999999,0.9995239228844999,1.6094379124341003,-2838.634662512345,4638.285689062471,3319.352364456312,89.97749209325389,135.0,36.3
2024-12-13,44.5,51.8,39.2,28.7,4.7,6.6,7.8,88.79979542689324,31.4,121.4666666,4.0,36.96875062858266,9.969101293100943,18.90910991646498,-0.2884824328806098,0.9942757993480691,31.4,985.9599999999999,0.9995239228844999,1.6094379124341003,-2838.634662512345,4638.285689062471,3319.352364456312,89.97749209325389,135.0,34.0
2024-12-14,37.9,50.4,29.3,32.0,7.1,5.3,9.7,85.64279500589677,31.4,121.4666666,4.0,31.472613287892283,9.964943521232385,18.885294381566293,-0.27195815753410524,0.9942757993480691,31.4,985.9599999999999,0.9995239228844999,1.6094379124341003,-2838.634662512345,4638.285689062471,3319.352364456312,89.97749209325389,135.0,22.8
2024-12-15,36.8,48.2,28.0,28.4,6.1,2.9,7.8,-33.98602813085134,31.4,121.4666666,4.0,30.54852236220882,9.961474683328964,18.865743791938065,-0.2553532951161881,0.9942757993480691,31.4,985.9599999999999,0.9995239228844999,1.6094379124341003,-2838.634662512345,4638.285689062471,3319.352364456312,89.97749209325389,135.0,22.3
2024-12-16,39.2,53.2,27.7,25.6,5.0,2.9,7.8,-72.47458408198153,31.4,121.4666666,4.0,32.531744002484075,9.958697143617574,18.850467019550315,-0.23867276600594997,0.9942757993480691,31.4,985.9599999999999,0.9995239228844999,1.6094379124341003,-2838.634662512345,4638.285689062471,3319.352364456312,89.97749209325389,135.0,26.4
2024-12-17,45.6,57.6,28.8,26.5,4.5,2.7,5.8,155.87287783002722,31.4,121.4666666,4.0,37.83512863974209,9.95661279993213,18.83947131528334,-0.22192151300416674,0.9942757993480691,31.4,985.9599999999999,0.9995239228844999,1.6094379124341003,-2838.634662512345,4638.285689062471,3319.352364456312,89.97749209325389,135.0,30.0
2024-12-18,42.6,57.6,34.5,31.6,9.5,6.2,7.8,-17.9306918451753,31.4,121.4666666,4.0,35.34104193134295,9.955223079251535,18.832762309953544,-0.20510449986861926,0.9942757993480691,31.4,985.9599999999999,0.9995239228844999,1.6094379124341003,-2838.634662512345,4638.285689062471,3319.352364456312,89.97749209325389,135.0,31.6
2024-12-19,40.6,48.4,32.2,29.5,11.2,3.4,5.8,92.83198109024474,31.4,121.4666666,4.0,33.67948956116691,9.954528934335046,18.830344014648634,-0.1882267098432439,0.9942757993480691,31.4,985.9599999999999,0.9995239228844999,1.6094379124341003,-2838.634662512345,4638.285689062471,3319.352364456312,89.97749209325389,135.0,30.5
2024-12-20,42.4,51.3,31.6,24.3,6.2,4.4,7.8,-166.4609599199227,31.4,121.4666666,4.0,35.17267563986482,9.954530841471176,18.832218820346846,-0.1712931441814778,0.9942757993480691,31.4,985.9599999999999,0.9995239228844999,1.6094379124341003,-2838.634662512345,4638.285689062471,3319.352364456312,89.97749209325389,135.0,27.8
2024-12-21,39.9,51.3,34.7,30.0,6.6,6.3,7.8,-122.18709362019553,31.4,121.4666666,4.0,33.10113575784199,9.955228799350975,18.838387496803957,-0.154308820664281,0.9942757993480691,31.4,985.9599999999999,0.9995239228844999,1.6094379124341003,-2838.634662512345,4638.285689062471,3319.352364456312,89.97749209325389,135.0,22.0
2024-12-22,41.7,46.2,35.4,31.0,11.3,5.0,7.8,11.5,31.4,121.4666666,4.0,34.599262593522184,9.956622329071132,18.84884919070042,-0.13727877211326517,0.9942757993480691,31.4,985.9599999999999,0.9995239228844999,1.6094379124341003,-2838.634662512345,4638.285689062471,3319.352364456312,89.97749209325389,135.0,28.4
2024-12-23,44.8,48.6,37.2,29.8,10.7,3.6,3.9,5.270613852603115,31.4,121.4666666,4.0,37.17918577432964,9.958710475266868,18.863601423050195,-0.12020804489935275,0.9942757993480691,31.4,985.9599999999999,0.9995239228844999,1.6094379124341003,-2838.634662512345,4638.285689062471,3319.352364456312,89.97749209325389,135.0,34.5
2024-12-24,44.9,52.2,37.2,28.8,7.6,2.4,5.8,-35.68080425953549,31.4,121.4666666,4.0,37.272581849647985,9.961491808369171,18.882640085881743,-0.10310169744743544,0.9942757993480691,31.4,985.9599999999999,0.9995239228844999,1.6094379124341003,-2838.634662512345,4638.285689062471,3319.352364456312,89.97749209325389,135.0,35.2
2024-12-25,47.3,54.0,37.2,27.4,3.9,2.4,3.9,45.517239995465864,31.4,121.4666666,4.0,39.27856812027007,9.964964427975495,18.905959438210548,-0.0859647987374467,0.9942757993480691,31.4,985.9599999999999,0.9995239228844999,1.6094379124341003,-2838.634662512345,4638.285689062471,3319.352364456312,89.97749209325389,135.0,40.0
2024-12-26,44.5,54.0,39.9,30.8,6.6,5.1,7.8,29.98750512059113,31.4,121.4666666,4.0,36.96884212880333,9.969125967317751,18.93355210133159,-0.06880242680232064,0.9942757993480691,31.4,985.9599999999999,0.9995239228844999,1.6094379124341003,-2838.634662512345,4638.285689062471,3319.352364456312,89.97749209325389,135.0,33.4
2024-12-27,41.7,51.4,34.9,31.7,8.3,4.6,7.8,-81.01605250186356,31.4,121.4666666,4.0,34.659558255851515,9.973973598806191,18.96540905346857,-0.05161966722325418,0.9942757993480691,31.4,985.9599999999999,0.9995239228844999,1.6094379124341003,-2838.634662512345,4638.285689062471,3319.352364456312,89.97749209325389,135.0,26.4
2024-12-28,33.8,49.3,25.0,31.6,9.6,4.1,9.7,-47.64088468121898,31.4,121.4666666,4.0,28.108936381087553,9.979504040622801,19.00151962382531,-0.034421611622745804,0.9942757993480691,31.4,985.9599999999999,0.9995239228844999,1.6094379124341003,-2838.634662512345,4638.285689062471,3319.352364456312,89.97749209325389,135.0,14.6
2024-12-29,40.2,50.4,24.6,26.2,6.6,2.7,5.8,-6.261584783086507,31.4,121.4666666,4.0,33.45214044051545,9.985713564332968,19.041871486093022,-0.01721335615583528,0.9942757993480691,31.4,985.9599999999999,0.9995239228844999,1.6094379124341003,-2838.634662512345,4638.285689062471,3319.352364456312,89.97749209325389,135.0,23.9
2024-12-30,44.9,55.0,30.4,22.8,4.9,5.3,9.7,-42.032859931613956,31.4,121.4666666,4.0,37.38897086301951,9.992598003479602,19.08645065147476,6.432490598706546e-16,0.9942757993480691,31.4,985.9599999999999,0.9995239228844999,1.6094379124341003,-2838.634662512345,4638.285689062471,3319.352364456312,89.97749209325389,135.0,26.7
2024-12-31,41.6,55.0,31.6,25.1,6.6,2.7,5.8,71.26204789255223,31.4,121.4666666,4.0,34.66719624548133,10.000152763119614,19.13524146129605,0.017213356155833904,0.9942757993480691,31.4,985.9599999999999,0.9995239228844999,1.6094379124341003,-2838.634662512345,4638.285689062471,3319.352364456312,89.97749209325389,135.0,29.7
2025-01-01,43.7,55.4,31.6,22.9,9.7,3.0,7.2,13.8,31.4,121.4666666,4.0,36.41722297902726,10.000152763119614,19.13524146129605,0.017213356155834685,0.9942757993480691,31.4,985.9599999999999,0.9995239228844999,1.6094379124341003,-2838.634662512345,4638.285689062471,3319.352364456312,89.97749209325389,135.0,33.7
2025-01-02,45.1,55.4,35.8,25.5,8.6,3.5,6.4,10.9,31.4,121.4666666,4.0,37.61480122038862,10.008372830258613,19.188226579277735,0.03442161162274574,0.9942757993480691,31.4,985.9599999999999,0.9995239228844999,1.6094379124341003,-2838.634662512345,4638.285689062471,3319.352364456312,89.97749209325389,135.0,37.8
2025-01-03,43.3,55.4,35.8,28.1,9.0,4.1,7.6,13.0,31.4,121.4666666,4.0,36.14558713303242,10.017252785136007,19.24538698355352,0.051619667223253764,0.9942757993480691,31.4,985.9599999999999,0.9995239228844999,1.6094379124341003,-2838.634662512345,4638.285689062471,3319.352364456312,89.97749209325389,135.0,35.1
2025-01-04,48.2,56.3,35.8,24.7,13.5,4.3,7.6,13.0,31.4,121.4666666,4.0,40.27426036679273,10.026786813309393,19.306701958521014,0.06880242680231986,0.9942757993480691,31.4,985.9599999999999,0.9995239228844999,1.6094379124341003,-2838.634662512345,4638.285689062471,3319.352364456312,89.97749209325389,135.0,35.5
2025-01-05,46.7,56.3,38.1,21.1,4.4,3.4,6.6,11.3,31.4,121.4666666,4.0,39.06053659610068,10.036968718484115,19.372149086620652,0.08596479873744647,0.9942757993480691,31.4,985.9599999999999,0.9995239228844999,1.6094379124341003,-2838.634662512345,4638.285689062471,3319.352364456312,89.97749209325389,135.0,36.2
2025-01-06,43.1,54.5,34.5,25.2,5.7,5.4,8.5,17.5,31.4,121.4666666,4.0,36.08831937024591,10.047791936031345,19.44170424014148,0.10310169744743485,0.9942757993480691,31.4,985.9599999999999,0.9995239228844999,1.6094379124341003,-2838.634662512345,4638.285689062471,3319.352364456312,89.97749209325389,135.0,28.4
2025-01-07,37.8,52.7,28.2,25.2,9.2,2.8,5.2,12.2,31.4,121.4666666,4.0,31.686636073477764,10.0592495471358,19.515341573157976,0.1202080448993527,0.9942757993480691,31.4,985.9599999999999,0.9995239228844999,1.6094379124341003,-2838.634662512345,4638.285689062471,3319.352364456312,89.97749209325389,135.0,23.2
2025-01-08,42.0,52.0,27.7,25.9,11.4,7.4,10.7,19.2,31.4,121.4666666,4.0,35.2496700272937,10.071334293512486,19.593033513705,0.13727877211326478,0.9942757993480691,31.4,985.9599999999999,0.9995239228844999,1.6094379124341003,-2838.634662512345,4638.285689062471,3319.352364456312,89.97749209325389,135.0,23.3
2025-01-09,34.9,52.0,28.9,34.3,18.2,8.0,10.7,21.8,31.4,121.4666666,4.0,29.327745573566915,10.084038592630458,19.674750756302018,0.15430882066428117,0.9942757993480691,31.4,985.9599999999999,0.9995239228844999,1.6094379124341003,-2838.634662512345,4638.285689062471,3319.352364456312,89.97749209325389,135.0,16.3
2025-01-10,34.0,41.5,27.7,36.3,15.7,4.7,8.0,20.0,31.4,121.4666666,4.0,28.60917123457827,10.097354553380566,19.76046225493954,0.1712931441814776,0.9942757993480691,31.4,985.9599999999999,0.9995239228844999,1.6094379124341003,-2838.634662512345,4638.285689062471,3319.352364456312,89.97749209325389,135.0,12.3
2025-01-11,36.6,43.0,29.7,30.5,12.4,4.2,6.4,15.0,31.4,121.4666666,4.0,30.839385675977216,10.111273992123676,19.850135216643256,0.1882267098432442,0.9942757993480691,31.4,985.9599999999999,0.9995239228844999,1.6094379124341003,-2838.634662512345,4638.285689062471,3319.352364456312,89.97749209325389,135.0,14.7
2025-01-12,39.5,51.4,28.8,27.5,8.3,4.3,11.5,23.9,31.4,121.4666666,4.0,33.330720311474586,10.12578844905557,19.94373509573209,0.2051044998686192,0.9942757993480691,31.4,985.9599999999999,0.9995239228844999,1.6094379124341003,-2838.634662512345,4638.285689062471,3319.352364456312,89.97749209325389,135.0,22.4
2025-01-13,44.4,57.6,28.8,25.0,5.8,2.9,5.8,15.2,31.4,121.4666666,4.0,37.52129005785246,10.140889204824989,20.041225588887517,0.2219215130041655,0.9942757993480691,31.4,985.9599999999999,0.9995239228844999,1.6094379124341003,-2838.634662512345,4638.285689062471,3319.352364456312,89.97749209325389,135.0,27.5
2025-01-14,49.1,62.8,33.1,27.6,7.1,6.7,12.4,27.4,31.4,121.4666666,4.0,41.55728785829008,10.156567297341772,20.14256863115088,0.2386727660059501,0.9942757993480691,31.4,985.9599999999999,0.9995239228844999,1.6094379124341003,-2838.634662512345,4638.285689062471,3319.352364456312,89.97749209325389,135.0,31.9
2025-01-15,33.6,62.8,25.5,33.6,17.3,5.3,11.1,27.4,31.4,121.4666666,4.0,28.48387790839636,10.172813538712985,20.247724392965353,0.255353295116187,0.9942757993480691,31.4,985.9599999999999,0.9995239228844999,1.6094379124341003,-2838.634662512345,4638.285689062471,3319.352364456312,89.97749209325389,135.0,14.4
2025-01-16,34.2,45.5,25.0,29.6,12.4,3.0,6.2,15.2,31.4,121.4666666,4.0,29.040412816901565,10.189618532246163,20.356651278377573,0.2719581575341055,0.9942757993480691,31.4,985.9599999999999,0.9995239228844999,1.6094379124341003,-2838.634662512345,4638.285689062471,3319.352364456312,89.97749209325389,135.0,15.4
2025-01-17,39.5,52.7,24.4,27.0,9.3,2.4,4.9,10.9,31.4,121.4666666,4.0,33.59795176947327,10.206972689460233,20.46930592451206,0.288482432880609,0.9942757993480691,31.4,985.9599999999999,0.9995239228844999,1.6094379124341003,-2838.634662512345,4638.285689062471,3319.352364456312,89.97749209325389,135.0,20.3
2025-01-18,43.2,56.7,30.6,21.0,6.6,2.5,5.2,12.6,31.4,121.4666666,4.0,36.80951848936767,10.224866247046574,20.5856432024294,0.30492122465628907,0.9942757993480691,31.4,985.9599999999999,0.9995239228844999,1.6094379124341003,-2838.634662512345,4638.285689062471,3319.352364456312,89.97749209325389,135.0,30.2
2025-01-19,42.4,59.7,31.8,17.9,3.9,1.9,4.7,14.6,31.4,121.4666666,4.0,36.19295546916064,10.243289283724708,20.70561621947558,0.3212696616923644,0.9942757993480691,31.4,985.9599999999999,0.9995239228844999,1.6094379124341003,-2838.634662512345,4638.285689062471,3319.352364456312,89.97749209325389,135.0,31.0
2025-01-20,42.7,59.7,32.0,20.2,2.4,2.6,4.3,-1.6054553446645237,31.4,121.4666666,4.0,36.516441263942475,10.262231736939336,20.829176323226974,0.3375228995941133,0.9942757993480691,31.4,985.9599999999999,0.9995239228844999,1.6094379124341003,-2838.634662512345,4638.285689062471,3319.352364456312,89.97749209325389,135.0,30.9
2025-01-21,46.9,59.5,32.0,21.9,5.4,3.5,5.8,12.6,31.4,121.4666666,4.0,40.18424603061842,10.281683419347996,20.956273107130723,0.3536761221763716,0.9942757993480691,31.4,985.9599999999999,0.9995239228844999,1.6094379124341003,-2838.634662512345,4638.285689062471,3319.352364456312,89.97749209325389,135.0,34.2
2025-01-22,53.2,63.1,34.3,20.5,11.6,5.3,8.9,16.7,31.4,121.4666666,4.0,45.67057755539377,10.301634035051226,21.086854417936063,0.3697245428906731,0.9942757993480691,31.4,985.9599999999999,0.9995239228844999,1.6094379124341003,-2838.634662512345,4638.285689062471,3319.352364456312,89.97749209325389,135.0,42.4
2025-01-23,51.8,63.1,46.2,21.6,9.9,5.4,7.8,14.4,31.4,121.4666666,4.0,44.55694929399446,10.322073195519952,21.22086636500717,0.38566340624360707,0.9942757993480691,31.4,985.9599999999999,0.9995239228844999,1.6094379124341003,-2838.634662512345,4638.285689062471,3319.352364456312,89.97749209325389,135.0,46.0
2025-01-24,51.6,57.6,47.5,22.8,14.2,7.0,8.2,17.9,31.4,121.4666666,4.0,44.47485887126412,10.342990435177702,21.358253331602253,0.401487989205973,0.9942757993480691,31.4,985.9599999999999,0.9995239228844999,1.6094379124341003,-2838.634662512345,4638.285689062471,3319.352364456312,89.97749209325389,135.0,42.0
2025-01-25,48.2,57.6,46.2,25.3,14.4,6.0,8.4,17.9,31.4,121.4666666,4.0,41.63024049350313,10.36437522659829,21.498957988198185,0.4171936026123168,0.9942757993480691,31.4,985.9599999999999,0.9995239228844999,1.6094379124341003,-2838.634662512345,4638.285689062471,3319.352364456312,89.97749209325389,135.0,38.9
2025-01-26,42.7,50.4,35.8,25.5,8.4,8.4,11.5,23.9,31.4,121.4666666,4.0,36.95762214154764,10.386216995282709,21.642921307933534,0.4327755925504312,0.9942757993480691,31.4,985.9599999999999,0.9995239228844999,1.6094379124341003,-2838.634662512345,4638.285689062471,3319.352364456312,89.97749209325389,135.0,34.1
2025-01-27,35.8,47.5,29.8,26.4,17.4,7.9,12.2,25.6,31.4,121.4666666,4.0,31.052040316379784,10.408505133982052,21.790082584236295,0.4482293417404106,0.9942757993480691,31.4,985.9599999999999,0.9995239228844999,1.6094379124341003,-2838.634662512345,4638.285689062471,3319.352364456312,89.97749209325389,135.0,12.0
2025-01-28,35.9,43.9,28.4,28.7,12.8,5.8,11.7,22.3,31.4,121.4666666,4.0,31.206760141138208,10.431229016536449,21.940379450695968,0.4635502709028509,0.9942757993480691,31.4,985.9599999999999,0.9995239228844999,1.6094379124341003,-2838.634662512345,4638.285689062471,3319.352364456312,89.97749209325389,135.0,10.7
2025-01-29,38.6,46.8,25.9,28.0,14.9,3.5,5.6,12.4,31.4,121.4666666,4.0,33.62824926937012,10.454378011203145,22.0937479032324,0.47873384011578846,0.9942757993480691,31.4,985.9599999999999,0.9995239228844999,1.6094379124341003,-2838.634662512345,4638.285689062471,3319.352364456312,89.97749209325389,135.0,15.6
2025-01-30,48.8,57.4,30.6,21.8,14.1,5.1,8.2,17.7,31.4,121.4666666,4.0,42.610295406696586,10.47794149344998,22.250122324606387,0.49377555015997715,0.9942757993480691,31.4,985.9599999999999,0.9995239228844999,1.6094379124341003,-2838.634662512345,4638.285689062471,3319.352364456312,89.97749209325389,135.0,35.0
2025-01-31,49.2,57.4,42.3,18.1,5.6,4.0,6.8,13.6,31.4,121.4666666,4.0,43.05782631859337,10.501908858193504,22.409435511309844,0.5086709438521044,0.9942757993480691,31.4,985.9599999999999,0.9995239228844999,1.6094379124341003,-2838.634662512345,4638.285689062471,3319.352364456312,89.97749209325389,135.0,46.5
2025-02-01,44.8,55.2,40.3,20.4,9.4,8.5,12.0,22.1,31.4,121.4666666,4.0,39.29807291746606,10.526269531464123,22.571618702865365,0.5234156073655503,0.9942757993480691,31.4,985.9599999999999,0.9995239228844999,1.6094379124341003,-2838.634662512345,4638.285689062471,3319.352364456312,89.97749209325389,135.0,40.9
2025-02-02,42.7,48.6,39.0,22.6,6.9,6.0,8.5,18.8,31.4,121.4666666,4.0,37.544021192445314,10.55101298148346,22.7366016135574,0.5380051715382996,0.9942757993480691,31.4,985.9599999999999,0.9995239228844999,1.6094379124341003,-2838.634662512345,4638.285689062471,3319.352364456312,89.97749209325389,135.0,35.2
2025-02-03,38.8,47.1,29.7,26.9,6.7,5.4,10.9,17.5,31.4,121.4666666,4.0,34.1961495575592,10.576128729142022,22.90431246660923,0.5524353131676196,0.9942757993480691,31.4,985.9599999999999,0.9995239228844999,1.6094379124341003,-2838.634662512345,4638.285689062471,3319.352364456312,89.97749209325389,135.0,28.2
2025-02-04,38.7,48.6,28.9,23.4,6.6,2.6,7.4,20.4,31.4,121.4666666,4.0,34.1901805041243,10.601606357867999,23.07467803081211,0.5667017562911176,0.9942757993480691,31.4,985.9599999999999,0.9995239228844999,1.6094379124341003,-2838.634662512345,4638.285689062471,3319.352364456312,89.97749209325389,135.0,27.1
2025-02-05,39.1,53.1,28.4,23.3,13.7,5.9,12.6,23.1,31.4,121.4666666,4.0,34.627727412052685,10.627435522880619,23.247623659604837,0.5808002734538009,0.9942757993480691,31.4,985.9599999999999,0.9995239228844999,1.6094379124341003,-2838.634662512345,4638.285689062471,3319.352364456312,89.97749209325389,135.0,25.4
2025-02-06,41.1,53.1,27.5,24.1,16.4,3.4,5.4,11.1,31.4,121.4666666,4.0,36.48860041239712,10.653605959823976,23.423073332594146,0.5947266869607634,0.9942757993480691,31.4,985.9599999999999,0.9995239228844999,1.6094379124341003,-2838.634662512345,4638.285689062471,3319.352364456312,89.97749209325389,135.0,18.2
2025-02-07,29.4,48.7,22.6,34.0,16.5,11.0,14.8,31.9,31.4,121.4666666,4.0,26.16626335731014,10.68010749277965,23.60094969949809,0.6084768701151261,0.9942757993480691,31.4,985.9599999999999,0.9995239228844999,1.6094379124341003,-2838.634662512345,4638.285689062471,3319.352364456312,89.97749209325389,135.0,2.9
2025-02-08,28.2,36.3,21.7,34.4,18.2,4.9,9.3,19.6,31.4,121.4666666,4.0,25.161285597897695,10.706930041658595,23.78117412648706,0.6220467484408675,0.9942757993480691,31.4,985.9599999999999,0.9995239228844999,1.6094379124341003,-2838.634662512345,4638.285689062471,3319.352364456312,89.97749209325389,135.0,7.8
2025-02-09,32.0,39.2,21.6,30.2,17.4,3.4,6.2,14.8,31.4,121.4666666,4.0,28.624169677266554,10.734063628974958,23.963666744888716,0.6354323008901774,0.9942757993480691,31.4,985.9599999999999,0.9995239228844999,1.6094379124341003,-2838.634662512345,4638.285689062471,3319.352364456312,89.97749209325389,135.0,11.0
2025-02-10,41.6,47.5,26.1,26.2,14.3,4.5,7.4,15.5,31.4,121.4666666,4.0,37.306527738155225,10.761498386006314,24.148346502215887,0.6486295610349814,0.9942757993480691,31.4,985.9599999999999,0.9995239228844999,1.6094379124341003,-2838.634662512345,4638.285689062471,3319.352364456312,89.97749209325389,135.0,25.2
2025-02-11,49.8,53.8,34.9,20.3,13.2,6.9,9.7,22.7,31.4,121.4666666,4.0,44.775281917138884,10.78922455834672,24.335131215468436,0.6616346182422783,0.9942757993480691,31.4,985.9599999999999,0.9995239228844999,1.6094379124341003,-2838.634662512345,4638.285689062471,3319.352364456312,89.97749209325389,135.0,42.5
2025-02-12,44.4,53.8,38.1,25.3,6.4,8.1,11.7,27.4,31.4,121.4666666,4.0,40.023760290183986,10.817232510860537,24.523937626652852,0.6744436188329455,0.9942757993480691,31.4,985.9599999999999,0.9995239228844999,1.6094379124341003,-2838.634662512345,4638.285689062471,3319.352364456312,89.97749209325389,135.0,33.5
2025-02-13,41.3,50.9,33.3,26.0,18.0,3.8,5.8,16.9,31.4,121.4666666,4.0,37.326639652793524,10.845512732046545,24.71468146045597,0.6870527672236669,0.9942757993480691,31.4,985.9599999999999,0.9995239228844999,1.6094379124341003,-2838.634662512345,4638.285689062471,3319.352364456312,89.97749209325389,135.0,24.1
2025-02-14,45.6,50.0,33.3,20.1,10.5,3.0,6.6,10.9,31.4,121.4666666,4.0,41.32141218372825,10.874055837823224,24.907277484001956,0.699458327051647,0.9942757993480691,31.4,985.9599999999999,0.9995239228844999,1.6094379124341003,-2838.634662512345,4638.285689062471,3319.352364456312,89.97749209325389,135.0,39.2
2025-02-15,44.5,48.0,37.4,17.5,1.2,2.5,2.9,-82.16857783330066,31.4,121.4666666,4.0,40.43141163135445,10.902852574747268,25.10163956861502,0.7116566222817746,0.9942757993480691,31.4,985.9599999999999,0.9995239228844999,1.6094379124341003,-2838.634662512345,4638.285689062471,3319.352364456312,89.97749209325389,135.0,43.1
2025-02-16,49.3,60.6,37.4,22.7,4.8,5.9,8.5,19.8,31.4,121.4666666,4.0,44.91186378817095,10.931893822678527,25.29768075350346,0.7236440382959124,0.9942757993480691,31.4,985.9599999999999,0.9995239228844999,1.6094379124341003,-2838.634662512345,4638.285689062471,3319.352364456312,89.97749209325389,135.0,36.7
2025-02-17,42.9,60.6,36.9,29.1,16.9,4.4,6.6,19.8,31.4,121.4666666,4.0,39.18618488393715,10.961170596905498,25.495313311274202,0.7354170229639855,0.9942757993480691,31.4,985.9599999999999,0.9995239228844999,1.6094379124341003,-2838.634662512345,4638.285689062471,3319.352364456312,89.97749209325389,135.0,25.9
2025-02-18,42.5,52.2,34.5,29.0,13.7,3.4,7.0,12.2,31.4,121.4666666,4.0,38.92530392618499,10.99067404974635,25.694448815180913,0.7469720876965552,0.9942757993480691,31.4,985.9599999999999,0.9995239228844999,1.6094379124341003,-2838.634662512345,4638.285689062471,3319.352364456312,89.97749209325389,135.0,29.9
2025-02-19,44.7,52.2,34.5,30.2,13.2,6.9,9.1,18.3,31.4,121.4666666,4.0,41.05097313186314,11.02039547164111,25.894998208002857,0.7583058084785624,0.9942757993480691,31.4,985.9599999999999,0.9995239228844999,1.6094379124341003,-2838.634662512345,4638.285689062471,3319.352364456312,89.97749209325389,135.0,33.0
2025-02-20,43.0,51.8,38.5,31.2,18.3,7.0,9.1,19.4,31.4,121.4666666,4.0,39.59700254544228,11.050326291751334,26.096871872445863,0.7694148268839378,0.9942757993480691,31.4,985.9599999999999,0.9995239228844999,1.6094379124341003,-2838.634662512345,4638.285689062471,3319.352364456312,89.97749209325389,135.0,30.1
2025-02-21,42.7,48.2,38.5,32.7,14.7,4.5,6.4,13.0,31.4,121.4666666,4.0,39.427963327848694,11.080458078083941,26.299979702951852,0.7802958510707755,0.9942757993480691,31.4,985.9599999999999,0.9995239228844999,1.6094379124341003,-2838.634662512345,4638.285689062471,3319.352364456312,89.97749209325389,135.0,28.6
2025-02-22,43.7,48.2,39.4,33.3,10.8,5.1,7.0,14.8,31.4,121.4666666,4.0,40.461766406144605,11.110782537156412,26.504231178797994,0.7909456567567772,0.9942757993480691,31.4,985.9599999999999,0.9995239228844999,1.6094379124341003,-2838.634662512345,4638.285689062471,3319.352364456312,89.97749209325389,135.0,28.9
2025-02-23,38.6,48.2,31.5,36.0,8.4,3.8,7.0,12.8,31.4,121.4666666,4.0,35.83782103419327,11.141291513220706,26.709535438362245,0.8013610881746766,0.9942757993480691,31.4,985.9599999999999,0.9995239228844999,1.6094379124341003,-2838.634662512345,4638.285689062471,3319.352364456312,89.97749209325389,135.0,30.1
2025-02-24,41.2,48.0,31.5,34.1,10.9,4.0,5.6,13.0,31.4,121.4666666,4.0,38.357120988918275,11.171976987063575,26.915801354427476,0.8115390590073611,0.9942757993480691,31.4,985.9599999999999,0.9995239228844999,1.6094379124341003,-2838.634662512345,4638.285689062471,3319.352364456312,89.97749209325389,135.0,24.3
2025-02-25,42.2,48.0,34.7,27.7,4.1,3.7,8.0,15.9,31.4,121.4666666,4.0,39.39662261164333,11.202831074400947,27.122937610392665,0.8214765533024142,0.9942757993480691,31.4,985.9599999999999,0.9995239228844999,1.6094379124341003,-2838.634662512345,4638.285689062471,3319.352364456312,89.97749209325389,135.0,32.7
2025-02-26,49.5,58.3,34.2,23.8,3.3,4.4,6.8,13.0,31.4,121.4666666,4.0,46.339614848522395,11.233846023884217,27.330852777255874,0.8311706263658079,0.9942757993480691,31.4,985.9599999999999,0.9995239228844999,1.6094379124341003,-2838.634662512345,4638.285689062471,3319.352364456312,89.97749209325389,135.0,35.6
2025-02-27,50.6,61.0,40.1,17.2,1.9,2.7,5.6,14.0,31.4,121.4666666,4.0,47.50080993880412,11.265014214736155,27.539455391230735,0.8406184056344782,0.9942757993480691,31.4,985.9599999999999,0.9995239228844999,1.6094379124341003,-2838.634662512345,4638.285689062471,3319.352364456312,89.97749209325389,135.0,46.0
2025-02-28,59.3,68.9,43.5,15.9,6.0,5.9,8.4,16.7,31.4,121.4666666,4.0,55.82268829451881,11.296328154034162,27.748654031855143,0.8498170915275278,0.9942757993480691,31.4,985.9599999999999,0.9995239228844999,1.6094379124341003,-2838.634662512345,4638.285689062471,3319.352364456312,89.97749209325389,135.0,53.3
2025-03-01,67.6,82.4,49.5,10.7,10.5,4.0,9.3,17.9,31.4,121.4666666,4.0,63.813163334941976,11.32778047365834,27.95835740044851,0.8587639582758029,0.9942757993480691,31.4,985.9599999999999,0.9995239228844999,1.6094379124341003,-2838.634662512345,4638.285689062471,3319.352364456312,89.97749209325389,135.0,54.7
2025-03-02,66.5,85.3,48.0,7.8,12.3,7.9,12.4,29.7,31.4,121.4666666,4.0,62.94980842835835,11.359363926921807,28.168474398772098,0.8674563547295969,0.9942757993480691,31.4,985.9599999999999,0.9995239228844999,1.6094379124341003,-2838.634662512345,4638.285689062471,3319.352364456312,89.97749209325389,135.0,53.2
2025-03-03,46.4,47.3,44.1,14.5,12.0,7.9,11.5,29.7,31.4,121.4666666,4.0,44.04547602161468,11.39107138490035,28.37891420774491,0.8758917051442429,0.9942757993480691,31.4,985.9599999999999,0.9995239228844999,1.6094379124341003,-2838.634662512345,4638.285689062471,3319.352364456312,89.97749209325389,135.0,43.5
2025-03-04,44.0,48.9,42.3,19.2,12.8,9.3,14.0,27.8,31.4,121.4666666,4.0,41.88395138575373,11.422895832478291,28.589586366066776,0.8840675099433636,0.9942757993480691,31.4,985.9599999999999,0.9995239228844999,1.6094379124341003,-2838.634662512345,4638.285689062471,3319.352364456312,89.97749209325389,135.0,39.3
2025-03-05,44.0,46.9,42.3,25.6,18.1,7.9,10.7,18.5,31.4,121.4666666,4.0,42.00104466846638,11.454830364127194,28.800400848599267,0.8919813464595485,0.9942757993480691,31.4,985.9599999999999,0.9995239228844999,1.6094379124341003,-2838.634662512345,4638.285689062471,3319.352364456312,89.97749209325389,135.0,34.7
2025-03-06,43.6,51.3,37.4,30.4,11.2,7.6,11.5,19.8,31.4,121.4666666,4.0,41.73562105194231,11.486868179433664,29.011268144354695,0.8996308696522433,0.9942757993480691,31.4,985.9599999999999,0.9995239228844999,1.6094379124341003,-2838.634662512345,4638.285689062471,3319.352364456312,89.97749209325389,135.0,33.8
2025-03-07,44.5,51.3,36.7,26.2,11.5,3.9,6.0,12.6,31.4,121.4666666,4.0,42.71630122820457,11.519002578392245,29.22209933394347,0.9070138128026359,0.9942757993480691,31.4,985.9599999999999,0.9995239228844999,1.6094379124341003,-2838.634662512345,4638.285689062471,3319.352364456312,89.97749209325389,135.0,32.6
2025-03-08,46.5,55.4,36.0,26.8,8.5,4.0,6.4,12.4,31.4,121.4666666,4.0,44.761004456356055,11.551226956478983,29.432806166330515,0.9141279881853337,0.9942757993480691,31.4,985.9599999999999,0.9995239228844999,1.6094379124341003,-2838.634662512345,4638.285689062471,3319.352364456312,89.97749209325389,135.0,34.5
2025-03-09,51.2,55.6,39.9,26.3,11.9,6.6,8.7,17.5,31.4,121.4666666,4.0,49.42308181128972,11.583534799521027,29.643301134752257,0.9209712877166346,0.9942757993480691,31.4,985.9599999999999,0.9995239228844999,1.6094379124341003,-2838.634662512345,4638.285689062471,3319.352364456312,89.97749209325389,135.0,43.3
2025-03-10,51.8,55.6,47.7,20.8,3.9,3.3,5.1,16.1,31.4,121.4666666,4.0,50.14205327832793,11.615919678377127,29.85349755164685,0.9275416835791966,0.9942757993480691,31.4,985.9599999999999,0.9995239228844999,1.6094379124341003,-2838.634662512345,4638.285689062471,3319.352364456312,89.97749209325389,135.0,49.3
2025-03-11,56.4,63.3,49.6,16.3,4.2,4.6,7.8,14.2,31.4,121.4666666,4.0,54.747363644185434,11.64837524344371,30.063309622452174,0.9338372288229252,0.9942757993480691,31.4,985.9599999999999,0.9995239228844999,1.6094379124341003,-2838.634662512345,4638.285689062471,3319.352364456312,89.97749209325389,135.0,52.2
2025-03-12,52.2,63.3,49.5,16.8,4.5,5.2,7.2,15.0,31.4,121.4666666,4.0,50.811894202653185,11.680895219000732,30.272652518127902,0.9398560579418954,0.9942757993480691,31.4,985.9599999999999,0.9995239228844999,1.6094379124341003,-2838.634662512345,4638.285689062471,3319.352364456312,89.97749209325389,135.0,50.7
2025-03-13,50.8,55.8,48.0,20.8,14.5,6.4,8.7,16.9,31.4,121.4666666,4.0,49.58703738237455,11.713473397411311,30.48144244626051,0.9455963874271426,0.9942757993480691,31.4,985.9599999999999,0.9995239228844999,1.6094379124341003,-2838.634662512345,4638.285689062471,3319.352364456312,89.97749209325389,135.0,39.9
2025-03-14,51.0,55.4,48.0,19.0,10.6,6.8,9.3,20.8,31.4,121.4666666,4.0,49.92094044105204,11.746103633188715,30.689596720612915,0.9510565162951535,0.9942757993480691,31.4,985.9599999999999,0.9995239228844999,1.6094379124341003,-2838.634662512345,4638.285689062471,3319.352364456312,89.97749209325389,135.0,45.1
2025-03-15,47.3,55.4,44.1,21.6,13.1,7.3,10.1,21.0,31.4,121.4666666,4.0,46.428023857287904,11.778779836944079,30.897033828983673,0.9562348265919056,0.9942757993480691,31.4,985.9599999999999,0.9995239228844999,1.6094379124341003,-2838.634662512345,4638.285689062471,3319.352364456312,89.97749209325389,135.0,42.0
2025-03-16,41.7,50.0,34.9,25.3,12.3,6.4,11.3,28.6,31.4,121.4666666,4.0,41.04494849306689,11.811495969227881,31.103673499244085,0.9611297838723007,0.9942757993480691,31.4,985.9599999999999,0.9995239228844999,1.6094379124341003,-2838.634662512345,4638.285689062471,3319.352364456312,89.97749209325389,135.0,30.5
2025-03-17,48.4,55.8,34.9,22.0,16.3,6.0,9.1,17.1,31.4,121.4666666,4.0,47.77179233825456,11.844246034277992,31.309436763425598,0.9657399376548549,0.9942757993480691,31.4,985.9599999999999,0.9995239228844999,1.6094379124341003,-2838.634662512345,4638.285689062471,3319.352364456312,89.97749209325389,135.0,25.1
2025-03-18,44.2,55.8,34.5,26.9,16.7,6.4,11.1,24.7,31.4,121.4666666,4.0,43.74703867141328,11.877024073686863,31.51424601973429,0.9700639218515071,0.9942757993480691,31.4,985.9599999999999,0.9995239228844999,1.6094379124341003,-2838.634662512345,4638.285689062471,3319.352364456312,89.97749209325389,135.0,25.9
2025-03-19,48.4,56.3,34.0,27.3,17.9,3.7,5.8,13.4,31.4,121.4666666,4.0,48.03629077866748,11.909824160000202,31.718025092373587,0.9741004551724205,0.9942757993480691,31.4,985.9599999999999,0.9995239228844999,1.6094379124341003,-2838.634662512345,4638.285689062471,3319.352364456312,89.97749209325389,135.0,23.9
2025-03-20,58.4,68.9,43.0,21.9,11.4,6.3,10.7,18.6,31.4,121.4666666,4.0,58.12084989926207,11.94264039025933,31.92069928906145,0.9778483415056568,0.9942757993480691,31.4,985.9599999999999,0.9995239228844999,1.6094379124341003,-2838.634662512345,4638.285689062471,3319.352364456312,89.97749209325389,135.0,34.4
2025-03-21,65.3,77.5,50.2,18.6,14.9,6.4,10.5,20.0,31.4,121.4666666,4.0,65.16649893594183,11.975466879499264,32.12219545613371,0.9813064702716093,0.9942757993480691,31.4,985.9599999999999,0.9995239228844999,1.6094379124341003,-2838.634662512345,4638.285689062471,3319.352364456312,89.97749209325389,135.0,31.3
2025-03-22,66.9,79.9,56.3,15.9,14.0,5.2,12.6,23.3,31.4,121.4666666,4.0,66.94625997974538,12.008297754214416,32.32244203113032,0.9844738167520922,0.9942757993480691,31.4,985.9599999999999,0.9995239228844999,1.6094379124341003,-2838.634662512345,4638.285689062471,3319.352364456312,89.97749209325389,135.0,33.9
2025-03-23,69.4,83.1,57.7,11.6,12.8,7.1,13.6,29.7,31.4,121.4666666,4.0,69.6378519932317,12.041127145803753,32.52136909276768,0.9873494423939864,0.9942757993480691,31.4,985.9599999999999,0.9995239228844999,1.6094379124341003,-2838.634662512345,4638.285689062471,3319.352364456312,89.97749209325389,135.0,43.4
2025-03-24,71.5,83.1,60.1,7.3,13.9,6.1,10.5,22.5,31.4,121.4666666,4.0,71.94061388804269,12.073949184007166,32.718908408205834,0.989932495087353,0.9942757993480691,31.4,985.9599999999999,0.9995239228844999,1.6094379124341003,-2838.634662512345,4638.285689062471,3319.352364456312,89.97749209325389,135.0,43.4
2025-03-25,72.9,87.6,59.7,3.1,11.1,4.9,9.9,19.2,31.4,121.4666666,4.0,73.54855479134484,12.106757990344828,32.914993477526025,0.9922222094179323,0.9942757993480691,31.4,985.9599999999999,0.9995239228844999,1.6094379124341003,-2838.634662512345,4638.285689062471,3319.352364456312,89.97749209325389,135.0,42.1
2025-03-26,78.6,91.6,59.4,997.9,10.4,5.6,10.5,30.3,31.4,121.4666666,4.0,79.51403724879168,12.13954767157125,33.10955957534033,0.994217906893952,0.9942757993480691,31.4,985.9599999999999,0.9995239228844999,1.6094379124341003,-2838.634662512345,4638.285689062471,3319.352364456312,89.97749209325389,135.0,58.1
2025-03-27,54.1,68.4,45.3,11.5,11.7,9.3,12.4,30.3,31.4,121.4666666,4.0,54.87684134514443,12.17231231315588,33.302543789462305,0.995918996147179,0.9942757993480691,31.4,985.9599999999999,0.9995239228844999,1.6094379124341003,-2838.634662512345,4638.285689062471,3319.352364456312,89.97749209325389,135.0,44.8
2025-03-28,46.6,69.4,42.8,23.0,13.7,6.6,9.7,29.1,31.4,121.4666666,4.0,47.39626186104797,12.20504597280205,33.49388505657412,0.9973249731081555,0.9942757993480691,31.4,985.9599999999999,0.9995239228844999,1.6094379124341003,-2838.634662512345,4638.285689062471,3319.352364456312,89.97749209325389,135.0,36.8
2025-03-29,48.1,52.2,42.8,27.7,16.4,4.9,7.8,14.4,31.4,121.4666666,4.0,49.05295188501538,12.237742674016312,33.68352419483306,0.9984354211555643,0.9942757993480691,31.4,985.9599999999999,0.9995239228844999,1.6094379124341003,-2838.634662512345,4638.285689062471,3319.352364456312,89.97749209325389,135.0,29.8
2025-03-30,47.5,54.3,41.0,29.2,18.6,4.5,7.0,13.6,31.4,121.4666666,4.0,48.570319082304906,12.270396399740187,33.8714039333673,0.9992500112396835,0.9942757993480691,31.4,985.9599999999999,0.9995239228844999,1.6094379124341003,-2838.634662512345,4638.285689062471,3319.352364456312,89.97749209325389,135.0,25.5
2025-03-31,49.7,56.1,41.0,25.1,17.8,4.7,9.3,18.5,31.4,121.4666666,4.0,50.954929498084816,12.303001086056696,34.0574689386189,0.9997685019798909,0.9942757993480691,31.4,985.9599999999999,0.9995239228844999,1.6094379124341003,-2838.634662512345,4638.285689062471,3319.352364456312,89.97749209325389,135.0,30.6
2025-04-01,51.4,60.1,42.6,21.3,15.9,3.4,6.4,13.8,31.4,121.4666666,4.0,52.8372751384649,12.335550615984024,34.241665837498395,0.9999907397361901,0.9942757993480691,31.4,985.9599999999999,0.9995239228844999,1.6094379124341003,-2838.634662512345,4638.285689062471,3319.352364456312,89.97749209325389,135.0,29.7
2025-04-02,56.4,73.0,43.0,20.8,8.2,4.8,10.5,22.7,31.4,121.4666666,4.0,58.12978242283478,12.368038813369102,34.42394323732408,0.9999166586547379,0.9942757993480691,31.4,985.9599999999999,0.9995239228844999,1.6094379124341003,-2838.634662512345,4638.285689062471,3319.352364456312,89.97749209325389,135.0,39.8
2025-04-03,54.5,73.0,43.2,21.1,15.4,3.4,5.4,11.7,31.4,121.4666666,4.0,56.31875327589338,12.400459436893955,34.604251742525896,0.9995462806873573,0.9942757993480691,31.4,985.9599999999999,0.9995239228844999,1.6094379124341003,-2838.634662512345,4638.285689062471,3319.352364456312,89.97749209325389,135.0,32.6
2025-04-04,61.1,69.6,43.3,15.7,14.5,5.2,7.8,15.3,31.4,121.4666666,4.0,63.30370477034272,12.432806174208062,34.782543968102075,0.9988797155850336,0.9942757993480691,31.4,985.9599999999999,0.9995239228844999,1.6094379124341003,-2838.634662512345,4638.285689062471,3319.352364456312,89.97749209325389,135.0,41.8
2025-04-05,61.1,72.5,50.9,14.7,6.0,4.4,7.0,15.7,31.4,121.4666666,4.0,63.4679948393192,12.465072636200171,34.958774549823914,0.9979171608653922,0.9942757993480691,31.4,985.9599999999999,0.9995239228844999,1.6094379124341003,-2838.634662512345,4638.285689062471,3319.352364456312,89.97749209325389,135.0,50.5
2025-04-06,62.3,73.8,50.9,17.0,7.1,5.4,8.7,14.6,31.4,121.4666666,4.0,64.88156845780635,12.497252351423375,35.13290015119217,0.9966589017541702,0.9942757993480691,31.4,985.9599999999999,0.9995239228844999,1.6094379124341003,-2838.634662512345,4638.285689062471,3319.352364456312,89.97749209325389,135.0,49.3
2025-04-07,69.1,80.2,53.6,15.4,15.8,5.8,8.9,16.7,31.4,121.4666666,4.0,72.14810903029252,12.52933876068756,35.30487946715581,0.9951053111006976,0.9942757993480691,31.4,985.9599999999999,0.9995239228844999,1.6094379124341003,-2838.634662512345,4638.285689062471,3319.352364456312,89.97749209325389,135.0,42.8
2025-04-08,70.4,84.9,55.9,13.3,10.6,4.2,7.6,14.8,31.4,121.4666666,4.0,73.69310790942406,12.561325211833644,35.4746732246119,0.9932568492674143,0.9942757993480691,31.4,985.9599999999999,0.9995239228844999,1.6094379124341003,-2838.634662512345,4638.285689062471,3319.352364456312,89.97749209325389,135.0,50.3
2025-04-09,72.7,84.9,57.9,8.0,8.4,5.0,9.1,21.2,31.4,121.4666666,4.0,76.29383335058397,12.593204954704369,35.64224417971223,0.9911140639934547,0.9942757993480691,31.4,985.9599999999999,0.9995239228844999,1.6094379124341003,-2838.634662512345,4638.285689062471,3319.352364456312,89.97749209325389,135.0,56.0
2025-04-10,65.2,83.7,55.8,7.9,8.7,5.0,9.1,15.0,31.4,121.4666666,4.0,68.59567650737577,12.624971136326828,35.80755711201057,0.9886775902323405,0.9942757993480691,31.4,985.9599999999999,0.9995239228844999,1.6094379124341003,-2838.634662512345,4638.285689062471,3319.352364456312,89.97749209325389,135.0,51.4
2025-04-11,70.2,77.2,55.8,5.1,10.4,6.8,11.8,23.5,31.4,121.4666666,4.0,74.04120825848435,12.65661679632211,35.97057881549082,0.9859481499638304,0.9942757993480691,31.4,985.9599999999999,0.9995239228844999,1.6094379124341003,-2838.634662512345,4638.285689062471,3319.352364456312,89.97749209325389,135.0,59.4
2025-04-12,55.3,76.8,48.2,9.5,11.2,9.9,18.3,40.4,31.4,121.4666666,4.0,58.47115482495436,12.68813486255791,36.13127808652416,0.9829265519799822,0.9942757993480691,31.4,985.9599999999999,0.9995239228844999,1.6094379124341003,-2838.634662512345,4638.285689062471,3319.352364456312,89.97749209325389,135.0,36.8
2025-04-13,61.7,69.8,48.0,5.9,17.5,9.3,14.4,32.8,31.4,121.4666666,4.0,65.39952247280132,12.719518147060224,36.289625708809766,0.9796136916454901,0.9942757993480691,31.4,985.9599999999999,0.9995239228844999,1.6094379124341003,-2838.634662512345,4638.285689062471,3319.352364456312,89.97749209325389,135.0,31.9
2025-04-14,64.2,72.9,51.6,8.6,18.2,9.3,15.3,34.6,31.4,121.4666666,4.0,68.21656248077316,12.75075934220059,36.4455944353607,0.9760105506323683,0.9942757993480691,31.4,985.9599999999999,0.9995239228844999,1.6094379124341003,-2838.634662512345,4638.285689062471,3319.352364456312,89.97749209325389,135.0,35.9
2025-04-15,68.6,78.4,55.9,10.8,18.5,5.6,10.9,20.2,31.4,121.4666666,4.0,73.06958164818697,12.781851017175564,36.59915896760298,0.9721181966290613,0.9942757993480691,31.4,985.9599999999999,0.9995239228844999,1.6094379124341003,-2838.634662512345,4638.285689062471,3319.352364456312,89.97749209325389,135.0,40.2
2025-04-16,76.0,85.8,60.6,5.6,18.4,6.9,9.7,19.8,31.4,121.4666666,4.0,81.14764222703826,12.812785614795516,36.75029593166227,0.9679377830240642,0.9942757993480691,31.4,985.9599999999999,0.9995239228844999,1.6094379124341003,-2838.634662512345,4638.285689062471,3319.352364456312,89.97749209325389,135.0,48.0
2025-04-17,75.3,85.8,64.4,5.8,16.5,6.4,11.5,25.3,31.4,121.4666666,4.0,80.59331043996464,12.843555448599943,36.898983851918516,0.9634705485641488,0.9942757993480691,31.4,985.9599999999999,0.9995239228844999,1.6094379124341003,-2838.634662512345,4638.285689062471,3319.352364456312,89.97749209325389,135.0,56.9
2025-04-18,76.3,86.7,63.1,7.1,14.6,6.3,9.1,16.9,31.4,121.4666666,4.0,81.85815425284756,12.874152700316785,37.045203121914895,0.9587178169872964,0.9942757993480691,31.4,985.9599999999999,0.9995239228844999,1.6094379124341003,-2838.634662512345,4638.285689062471,3319.352364456312,89.97749209325389,135.0,61.2
2025-04-19,70.3,86.7,58.5,6.9,9.7,6.8,9.3,20.0,31.4,121.4666666,4.0,75.59926917192816,12.904569417683327,37.188935972712585,0.9536809966304457,0.9942757993480691,31.4,985.9599999999999,0.9995239228844999,1.6094379124341003,-2838.634662512345,4638.285689062471,3319.352364456312,89.97749209325389,135.0,61.1
2025-04-20,63.2,85.5,56.7,12.9,11.8,5.5,8.4,15.5,31.4,121.4666666,4.0,68.12326689993796,12.93479751264645,37.33016643878857,0.9483615800121715,0.9942757993480691,31.4,985.9599999999999,0.9995239228844999,1.6094379124341003,-2838.634662512345,4638.285689062471,3319.352364456312,89.97749209325389,135.0,52.5
2025-04-21,70.1,77.5,56.7,6.4,5.6,6.0,8.5,20.0,31.4,121.4666666,4.0,75.73620800609957,12.964828759959984,37.46888032157798,0.9427611433904207,0.9942757993480691,31.4,985.9599999999999,0.9995239228844999,1.6094379124341003,-2838.634662512345,4638.285689062471,3319.352364456312,89.97749209325389,135.0,63.6
2025-04-22,64.4,77.5,59.0,9.1,11.7,6.4,10.1,20.8,31.4,121.4666666,4.0,69.7379807395902,12.99465479619693,37.6050651507675,0.9368813462954315,0.9942757993480691,31.4,985.9599999999999,0.9995239228844999,1.6094379124341003,-2838.634662512345,4638.285689062471,3319.352364456312,89.97749209325389,135.0,56.2
2025-04-23,67.9,77.0,59.0,9.4,8.1,3.8,7.2,16.1,31.4,121.4666666,4.0,73.69564478277407,13.024267119194239,37.73871014345034,0.9307239310379795,0.9942757993480691,31.4,985.9599999999999,0.9995239228844999,1.6094379124341003,-2838.634662512345,4638.285689062471,3319.352364456312,89.97749209325389,135.0,54.3
2025-04-24,66.8,79.0,58.3,13.2,12.4,5.5,10.3,18.6,31.4,121.4666666,4.0,72.66535778957545,13.053657087947688,37.86980616125699,0.9242907221930933,0.9942757993480691,31.4,985.9599999999999,0.9995239228844999,1.6094379124341003,-2838.634662512345,4638.285689062471,3319.352364456312,89.97749209325389,135.0,50.8
2025-04-25,59.3,79.0,48.0,19.0,18.6,4.5,7.0,15.7,31.4,121.4666666,4.0,64.65091535269711,13.08281592297412,37.99834566557981,0.9175836260593937,0.9942757993480691,31.4,985.9599999999999,0.9995239228844999,1.6094379124341003,-2838.634662512345,4638.285689062471,3319.352364456312,89.97749209325389,135.0,37.9
2025-04-26,67.3,77.4,48.0,17.6,18.6,5.6,7.8,16.9,31.4,121.4666666,4.0,73.5349788159778,13.111734707158002,38.12432267101215,0.9106046300942162,0.9942757993480691,31.4,985.9599999999999,0.9995239228844999,1.6094379124341003,-2838.634662512345,4638.285689062471,3319.352364456312,89.97749209325389,135.0,36.2
2025-04-27,64.4,77.4,57.4,11.3,13.0,4.2,8.9,14.4,31.4,121.4666666,4.0,70.52017021076367,13.14040438709882,38.24773269712563,0.9033558023246845,0.9942757993480691,31.4,985.9599999999999,0.9995239228844999,1.6094379124341003,-2838.634662512345,4638.285689062471,3319.352364456312,89.97749209325389,135.0,55.2
2025-04-28,64.2,74.5,53.4,14.5,14.5,5.1,8.7,15.3,31.4,121.4666666,4.0,70.45316439611787,13.1688157749753,38.3685727187115,0.895839290734909,0.9942757993480691,31.4,985.9599999999999,0.9995239228844999,1.6094379124341003,-2838.634662512345,4638.285689062471,3319.352364456312,89.97749209325389,135.0,52.0
2025-04-29,71.5,81.3,52.2,12.7,17.5,6.1,8.2,16.9,31.4,121.4666666,4.0,78.63188399102793,13.19695955094175,38.48684111461374,0.8880573226294932,0.9942757993480691,31.4,985.9599999999999,0.9995239228844999,1.6094379124341003,-2838.634662512345,4638.285689062471,3319.352364456312,89.97749209325389,135.0,43.7
2025-04-30,75.4,84.9,64.9,8.6,18.5,6.8,8.5,16.3,31.4,121.4666666,4.0,83.09599170514687,13.224826266071119,38.602537615283076,0.8800122039735357,0.9942757993480691,31.4,985.9599999999999,0.9995239228844999,1.6094379124341003,-2838.634662512345,4638.285689062471,3319.352364456312,89.97749209325389,135.0,57.4
2025-05-01,70.3,84.9,56.8,10.7,15.7,6.0,12.6,26.0,31.4,121.4666666,4.0,77.63701384282058,13.25240634585842,38.71566324918226,0.8717063187093218,0.9942757993480691,31.4,985.9599999999999,0.9995239228844999,1.6094379124341003,-2838.634662512345,4638.285689062471,3319.352364456312,89.97749209325389,135.0,51.5
2025-05-02,75.0,84.4,56.8,7.8,18.0,7.9,10.1,19.6,31.4,121.4666666,4.0,82.99806308935719,13.27969009429715,38.82622028817354,0.8631421280499114,0.9942757993480691,31.4,985.9599999999999,0.9995239228844999,1.6094379124341003,-2838.634662512345,4638.285689062471,3319.352364456312,89.97749209325389,135.0,53.4
2025-05-03,66.2,83.1,59.0,12.7,17.4,7.8,14.4,29.5,31.4,121.4666666,4.0,73.4084501369469,13.306667698540224,38.93421219201917,0.854322169749827,0.9942757993480691,31.4,985.9599999999999,0.9995239228844999,1.6094379124341003,-2838.634662512345,4638.285689062471,3319.352364456312,89.97749209325389,135.0,50.0
2025-05-04,65.1,82.0,59.0,11.5,18.5,7.6,9.7,10.7,31.4,121.4666666,4.0,72.33331109529412,13.3333292341556,39.03964355212641,0.8452490573530633,0.9942757993480691,31.4,985.9599999999999,0.9995239228844999,1.6094379124341003,-2838.634662512345,4638.285689062471,3319.352364456312,89.97749209325389,135.0,45.6
2025-05-05,64.0,72.3,59.0,5.0,6.8,3.6,5.8,12.055185910572174,31.4,121.4666666,4.0,71.25154491192187,13.359664670985351,39.14252003466685,0.8359254794186372,0.9942757993480691,31.4,985.9599999999999,0.9995239228844999,1.6094379124341003,-2838.634662512345,4638.285689062471,3319.352364456312,89.97749209325389,135.0,60.9
2025-05-06,67.4,79.9,56.8,9.7,12.4,6.3,12.2,25.6,31.4,121.4666666,4.0,75.18281212383962,13.385663879615363,39.24284832319981,0.8263541987239096,0.9942757993480691,31.4,985.9599999999999,0.9995239228844999,1.6094379124341003,-2838.634662512345,4638.285689062471,3319.352364456312,89.97749209325389,135.0,56.3
2025-05-07,68.3,79.9,56.3,12.6,17.5,6.6,9.7,-72.1381279049705,31.4,121.4666666,4.0,76.33274386724126,13.41131663846113,39.3406360609275,0.8165380514459161,0.9942757993480691,31.4,985.9599999999999,0.9995239228844999,1.6094379124341003,-2838.634662512345,4638.285689062471,3319.352364456312,89.97749209325389,135.0,53.8
2025-05-08,68.1,76.3,61.3,5.5,12.9,9.2,11.7,-53.711845729406505,31.4,121.4666666,4.0,76.25277674036046,13.43661264147321,39.43589179270846,0.8064799463209448,0.9942757993480691,31.4,985.9599999999999,0.9995239228844999,1.6094379124341003,-2838.634662512345,4638.285689062471,3319.352364456312,89.97749209325389,135.0,63.1
2025-05-09,69.4,75.7,61.3,5.5,15.1,8.5,17.5,-17.344655715631024,31.4,121.4666666,4.0,77.85258171238308,13.461541506463934,39.52862490695295,0.7961828637826158,0.9942757993480691,31.4,985.9599999999999,0.9995239228844999,1.6094379124341003,-2838.634662512345,4638.285689062471,3319.352364456312,89.97749209325389,135.0,60.5
2025-05-10,68.7,75.7,61.5,11.5,18.1,7.4,12.8,26.2,31.4,121.4666666,4.0,77.20788118871333,13.48609278405473,39.61884557752219,0.7856498550787147,0.9942757993480691,31.4,985.9599999999999,0.9995239228844999,1.6094379124341003,-2838.634662512345,4638.285689062471,3319.352364456312,89.97749209325389,135.0,51.8
2025-05-11,69.8,77.7,62.8,9.0,17.7,5.7,8.5,24.1,31.4,121.4666666,4.0,78.58465554278666,13.51025596724126,39.70656470574982,0.7748840413670407,0.9942757993480691,31.4,985.9599999999999,0.9995239228844999,1.6094379124341003,-2838.634662512345,4638.285689062471,3319.352364456312,89.97749209325389,135.0,47.4
2025-05-12,76.2,85.1,63.7,10.0,18.2,7.7,10.7,20.4,31.4,121.4666666,4.0,85.9410301849755,13.534020501570945,39.79179386270127,0.7638886127905428,0.9942757993480691,31.4,985.9599999999999,0.9995239228844999,1.6094379124341003,-2838.634662512345,4638.285689062471,3319.352364456312,89.97749209325389,135.0,42.6
2025-05-13,74.7,85.1,68.4,10.7,18.6,7.8,9.7,19.2,31.4,121.4666666,4.0,84.39466432963376,13.557375795925102,39.8745452317828,0.7526668275320085,0.9942757993480691,31.4,985.9599999999999,0.9995239228844999,1.6094379124341003,-2838.634662512345,4638.285689062471,3319.352364456312,89.97749209325389,135.0,57.3
2025-05-14,79.2,91.6,68.7,10.6,18.2,4.0,6.8,19.2,31.4,121.4666666,4.0,89.63005414370751,13.580311233895076,39.95483155180851,0.7412220108485958,0.9942757993480691,31.4,985.9599999999999,0.9995239228844999,1.6094379124341003,-2838.634662512345,4638.285689062471,3319.352364456312,89.97749209325389,135.0,62.6
2025-05-15,77.1,91.6,68.7,10.5,11.7,3.3,5.1,13.6,31.4,121.4666666,4.0,87.39809399337332,13.602816185739039,40.0326660606293,0.7295575540864875,0.9942757993480691,31.4,985.9599999999999,0.9995239228844999,1.6094379124341003,-2838.634662512345,4638.285689062471,3319.352364456312,89.97749209325389,135.0,67.7
2025-05-16,69.8,85.5,65.1,7.9,5.4,3.8,8.0,16.1,31.4,121.4666666,4.0,79.25138545492041,13.624880020903223,40.108062439423506,0.717676913675962,0.9942757993480691,31.4,985.9599999999999,0.9995239228844999,1.6094379124341003,-2838.634662512345,4638.285689062471,3319.352364456312,89.97749209325389,135.0,66.7
2025-05-17,76.6,88.0,64.8,9.4,14.8,6.8,11.5,21.6,31.4,121.4666666,4.0,87.11010803961439,13.646492121088416,40.18103475774424,0.705583610107178,0.9942757993480691,31.4,985.9599999999999,0.9995239228844999,1.6094379124341003,-2838.634662512345,4638.285689062471,3319.352364456312,89.97749209325389,135.0,62.1
2025-05-18,68.7,88.0,64.8,10.6,13.2,5.4,7.0,21.6,31.4,121.4666666,4.0,78.24724984223067,13.667641893839418,40.251597419414175,0.6932812268869777,0.9942757993480691,31.4,985.9599999999999,0.9995239228844999,1.6094379124341003,-2838.634662512345,4638.285689062471,3319.352364456312,89.97749209325389,135.0,58.2
2025-05-19,79.6,90.1,66.4,5.1,15.0,4.6,6.6,13.6,31.4,121.4666666,4.0,90.79918128466025,13.688318786632198,40.31976510935261,0.6807734094770161,0.9942757993480691,31.4,985.9599999999999,0.9995239228844999,1.6094379124341003,-2838.634662512345,4638.285689062471,3319.352364456312,89.97749209325389,135.0,68.5
2025-05-20,79.6,90.1,73.2,4.1,11.1,5.8,10.1,18.1,31.4,121.4666666,4.0,90.9331315994871,13.708512301430218,40.38555274141588,0.6680638642135335,0.9942757993480691,31.4,985.9599999999999,0.9995239228844999,1.6094379124341003,-2838.634662512345,4638.285689062471,3319.352364456312,89.97749209325389,135.0,73.5
2025-05-21,75.2,85.3,69.4,5.5,12.2,3.2,7.8,17.9,31.4,121.4666666,4.0,86.03012859398451,13.72821200967838,40.44897540732545,0.6551563572090853,0.9942757993480691,31.4,985.9599999999999,0.9995239228844999,1.6094379124341003,-2838.634662512345,4638.285689062471,3319.352364456312,89.97749209325389,135.0,70.5
2025-05-22,77.5,86.2,69.3,6.1,10.7,6.5,9.3,16.1,31.4,121.4666666,4.0,88.78534054139456,13.747407567699803,40.51004832675425,0.6420547132365637,0.9942757993480691,31.4,985.9599999999999,0.9995239228844999,1.6094379124341003,-2838.634662512345,4638.285689062471,3319.352364456312,89.97749209325389,135.0,70.2
2025-05-23,67.4,86.2,63.7,6.4,10.0,9.7,11.1,23.1,31.4,121.4666666,4.0,77.3195317139704,13.766088732457638,40.56878679863522,0.6287628145958344,0.9942757993480691,31.4,985.9599999999999,0.9995239228844999,1.6094379124341003,-2838.634662512345,4638.285689062471,3319.352364456312,89.97749209325389,135.0,64.3
2025-05-24,68.0,75.4,61.5,13.7,16.4,6.3,10.5,21.8,31.4,121.4666666,4.0,78.11072380663215,13.784245377640968,40.625206153751314,0.6152845999633276,0.9942757993480691,31.4,985.9599999999999,0.9995239228844999,1.6094379124341003,-2838.634662512345,4638.285689062471,3319.352364456312,89.97749209325389,135.0,52.5
2025-05-25,69.3,79.3,59.0,16.8,14.3,3.5,6.4,14.6,31.4,121.4666666,4.0,79.70578487042891,13.801867510030982,40.67932170866077,0.6016240632249226,0.9942757993480691,31.4,985.9599999999999,0.9995239228844999,1.6094379124341003,-2838.634662512345,4638.285689062471,3319.352364456312,89.97749209325389,135.0,52.2
2025-05-26,72.1,80.8,59.0,17.0,16.7,4.5,6.0,14.2,31.4,121.4666666,4.0,83.02882959398808,13.81894528610065,40.73114872100588,0.5877852522924732,0.9942757993480691,31.4,985.9599999999999,0.9995239228844999,1.6094379124341003,-2838.634662512345,4638.285689062471,3319.352364456312,89.97749209325389,135.0,52.2
2025-05-27,72.0,81.1,64.2,16.1,15.3,6.0,8.2,17.9,31.4,121.4666666,4.0,83.01281417279074,13.835469028798459,40.780702346248404,0.5737722679043246,0.9942757993480691,31.4,985.9599999999999,0.9995239228844999,1.6094379124341003,-2838.634662512345,4638.285689062471,3319.352364456312,89.97749209325389,135.0,55.8
2025-05-28,69.4,81.1,62.1,14.6,11.8,4.3,8.7,15.9,31.4,121.4666666,4.0,80.1074324638177,13.851429244464155,40.82799759586969,0.5595892624101765,0.9942757993480691,31.4,985.9599999999999,0.9995239228844999,1.6094379124341003,-2838.634662512345,4638.285689062471,3319.352364456312,89.97749209325389,135.0,56.9
2025-05-29,71.4,80.8,61.9,13.6,8.9,3.6,8.0,14.2,31.4,121.4666666,4.0,82.50755900694156,13.866816639822108,40.87304929706815,0.545240438540651,0.9942757993480691,31.4,985.9599999999999,0.9995239228844999,1.6094379124341003,-2838.634662512345,4638.285689062471,3319.352364456312,89.97749209325389,135.0,60.1
2025-05-30,74.8,84.2,61.7,11.8,7.3,4.7,8.9,15.9,31.4,121.4666666,4.0,86.52877799973953,13.881622138995649,40.915872053982476,0.5307300481619334,0.9942757993480691,31.4,985.9599999999999,0.9995239228844999,1.6094379124341003,-2838.634662512345,4638.285689062471,3319.352364456312,89.97749209325389,135.0,54.0
2025-05-31,72.1,84.2,63.9,7.1,7.1,6.1,8.5,17.5,31.4,121.4666666,4.0,83.49082004374084,13.895836900483914,40.956480210463525,0.5160623910158528,0.9942757993480691,31.4,985.9599999999999,0.9995239228844999,1.6094379124341003,-2838.634662512345,4638.285689062471,3319.352364456312,89.97749209325389,135.0,58.5
2025-06-01,66.8,79.2,63.5,2.4,3.6,6.2,9.7,22.9,31.4,121.4666666,4.0,77.42928465949475,13.909452334040974,40.99488781441426,0.5012418134457758,0.9942757993480691,31.4,985.9599999999999,0.9995239228844999,1.6094379124341003,-2838.634662512345,4638.285689062471,3319.352364456312,89.97749209325389,135.0,65.0
2025-06-02,67.3,71.8,64.2,1.7,7.2,5.8,7.8,19.6,31.4,121.4666666,4.0,78.08179715839434,13.92246011739572,41.03110858371184,0.48627270710868997,0.9942757993480691,31.4,985.9599999999999,0.9995239228844999,1.6094379124341003,-2838.634662512345,4638.285689062471,3319.352364456312,89.97749209325389,135.0,64.2
2025-06-03,74.7,83.3,64.9,6.5,6.8,3.5,6.4,12.6,31.4,121.4666666,4.0,86.74445502436787,13.934852212749856,41.06515587372306,0.4711595076738638,0.9942757993480691,31.4,985.9599999999999,0.9995239228844999,1.6094379124341003,-2838.634662512345,4638.285689062471,3319.352364456312,89.97749209325389,135.0,61.6
2025-06-04,79.4,90.5,68.7,9.3,8.2,3.7,5.1,14.0,31.4,121.4666666,4.0,92.28014150912175,13.946620882990691,41.09704264641978,0.4559066935084588,0.9942757993480691,31.4,985.9599999999999,0.9995239228844999,1.6094379124341003,-2838.634662512345,4638.285689062471,3319.352364456312,89.97749209325389,135.0,61.4
2025-06-05,82.5,91.4,69.1,8.3,17.6,7.1,12.0,20.8,31.4,121.4666666,4.0,95.95959111444064,13.957758707555003,41.12678144109827,0.440518784350495,0.9942757993480691,31.4,985.9599999999999,0.9995239228844999,1.6094379124341003,-2838.634662512345,4638.285689062471,3319.352364456312,89.97749209325389,135.0,51.6
2025-06-06,83.3,92.1,72.5,4.8,14.8,5.3,8.4,15.3,31.4,121.4666666,4.0,96.96299510028568,13.96825859788029,41.154384346702805,0.42500033996955416,0.9942757993480691,31.4,985.9599999999999,0.9995239228844999,1.6094379124341003,-2838.634662512345,4638.285689062471,3319.352364456312,89.97749209325389,135.0,66.4
2025-06-07,75.4,92.1,74.3,5.0,3.3,3.7,6.6,15.2,31.4,121.4666666,4.0,87.82914845445467,13.978113812380052,41.17986297575166,0.4093559588156213,0.9942757993480691,31.4,985.9599999999999,0.9995239228844999,1.6094379124341003,-2838.634662512345,4638.285689062471,3319.352364456312,89.97749209325389,135.0,72.5
2025-06-08,71.1,77.0,69.3,5.1,4.9,5.7,8.7,23.1,31.4,121.4666666,4.0,82.87485897746734,13.987317970880566,41.203228439860666,0.39359027665646673,0.9942757993480691,31.4,985.9599999999999,0.9995239228844999,1.6094379124341003,-2838.634662512345,4638.285689062471,3319.352364456312,89.97749209325389,135.0,69.2
2025-06-09,72.0,74.8,69.3,5.4,3.6,3.3,7.8,11.7,31.4,121.4666666,4.0,83.97519041074708,13.995865068457846,41.224491326858065,0.3777079652039649,0.9942757993480691,31.4,985.9599999999999,0.9995239228844999,1.6094379124341003,-2838.634662512345,4638.285689062471,3319.352364456312,89.97749209325389,135.0,69.8
2025-06-10,72.3,76.5,70.0,9.4,7.9,2.5,4.3,12.6,31.4,121.4666666,4.0,84.37259066890469,14.003749488614886,41.243661679482294,0.36171373072976765,0.9942757993480691,31.4,985.9599999999999,0.9995239228844999,1.6094379124341003,-2838.634662512345,4638.285689062471,3319.352364456312,89.97749209325389,135.0,69.2
2025-06-11,70.4,76.5,64.8,12.3,6.6,4.3,6.0,11.5,31.4,121.4666666,4.0,82.19766729235009,14.010966015741493,41.260748975653144,0.3456123126707335,0.9942757993480691,31.4,985.9599999999999,0.9995239228844999,1.6094379124341003,-2838.634662512345,4638.285689062471,3319.352364456312,89.97749209325389,135.0,65.8
2025-06-12,73.6,78.6,64.8,11.2,8.4,4.6,7.2,16.1,31.4,121.4666666,4.0,85.97406039371428,14.017509846801243,41.275762110305706,0.3294084822245304,0.9942757993480691,31.4,985.9599999999999,0.9995239228844999,1.6094379124341003,-2838.634662512345,4638.285689062471,3319.352364456312,89.97749209325389,135.0,70.7
2025-06-13,79.2,85.5,67.5,3.7,10.3,4.3,7.6,17.7,31.4,121.4666666,4.0,92.55428557447318,14.023376602192906,41.28870937877591,0.3131070409358269,0.9942757993480691,31.4,985.9599999999999,0.9995239228844999,1.6094379124341003,-2838.634662512345,4638.285689062471,3319.352364456312,89.97749209325389,135.0,75.7
2025-06-14,82.1,91.8,76.1,1.8,10.4,5.6,8.4,16.7,31.4,121.4666666,4.0,95.97874731366635,14.028562335736861,41.29959846172624,0.29671281927349075,0.9942757993480691,31.4,985.9599999999999,0.9995239228844999,1.6094379124341003,-2838.634662512345,4638.285689062471,3319.352364456312,89.97749209325389,135.0,76.1
2025-06-15,76.3,91.8,70.5,999.7,11.6,6.8,9.9,17.5,31.4,121.4666666,4.0,89.22689569895006,14.033063543740507,41.30843641159974,0.28023067519921585,0.9942757993480691,31.4,985.9599999999999,0.9995239228844999,1.6094379124341003,-2838.634662512345,4638.285689062471,3319.352364456312,89.97749209325389,135.0,72.8
2025-06-16,82.2,90.7,70.5,2.4,15.2,7.0,9.9,19.6,31.4,121.4666666,4.0,96.15260863573864,14.03687717310053,41.31522964059135,0.26366549272800704,0.9942757993480691,31.4,985.9599999999999,0.9995239228844999,1.6094379124341003,-2838.634662512345,4638.285689062471,3319.352364456312,89.97749209325389,135.0,68.9
2025-06-17,85.2,96.3,73.8,6.6,11.6,3.8,7.2,20.6,31.4,121.4666666,4.0,99.68400446166869,14.04000062840404,41.319983910125586,0.24702218048093552,0.9942757993480691,31.4,985.9599999999999,0.9995239228844999,1.6094379124341003,-2838.634662512345,4638.285689062471,3319.352364456312,89.97749209325389,135.0,68.9
2025-06-18,86.4,96.3,73.8,7.0,13.0,4.8,7.2,15.3,31.4,121.4666666,4.0,101.1055088015645,14.04243177799507,41.32270432183072,0.23030567023061221,0.9942757993480691,31.4,985.9599999999999,0.9995239228844999,1.6094379124341003,-2838.634662512345,4638.285689062471,3319.352364456312,89.97749209325389,135.0,73.1
2025-06-19,83.8,93.0,76.8,6.7,12.7,4.1,5.8,25.1,31.4,121.4666666,4.0,98.07511323019357,14.044168958977599,41.32339531000043,0.21352091543979612,0.9942757993480691,31.4,985.9599999999999,0.9995239228844999,1.6094379124341003,-2838.634662512345,4638.285689062471,3319.352364456312,89.97749209325389,135.0,75.4
2025-06-20,87.1,93.6,76.8,4.3,18.2,6.7,11.5,21.4,31.4,121.4666666,4.0,101.94482303804432,14.04521098113125,41.322060635535195,0.19667288979357647,0.9942757993480691,31.4,985.9599999999999,0.9995239228844999,1.6094379124341003,-2838.634662512345,4638.285689062471,3319.352364456312,89.97749209325389,135.0,74.2
2025-06-21,78.7,94.8,69.8,4.8,14.6,6.9,10.1,22.9,31.4,121.4666666,4.0,92.11544550908582,14.045557129720834,41.31870338135702,0.1797665857255624,0.9942757993480691,31.4,985.9599999999999,0.9995239228844999,1.6094379124341003,-2838.634662512345,4638.285689062471,3319.352364456312,89.97749209325389,135.0,71.2
2025-06-22,71.7,94.8,69.8,6.4,3.6,4.8,6.6,16.9,31.4,121.4666666,4.0,83.92011282393801,14.045207167186277,41.313325949292604,0.16280701293851715,0.9942757993480691,31.4,985.9599999999999,0.9995239228844999,1.6094379124341003,-2838.634662512345,4638.285689062471,3319.352364456312,89.97749209325389,135.0,69.8
2025-06-23,70.1,73.8,68.4,5.1,6.6,4.5,6.4,18.3,31.4,121.4666666,4.0,82.04130912439206,14.044161333704775,41.305930058421524,0.1457991969198751,0.9942757993480691,31.4,985.9599999999999,0.9995239228844999,1.6094379124341003,-2838.634662512345,4638.285689062471,3319.352364456312,89.97749209325389,135.0,68.2
2025-06-24,70.7,77.4,66.6,8.6,9.3,3.4,6.4,13.8,31.4,121.4666666,4.0,82.73325987551725,14.042420346622448,41.29651674488778,0.12874817745258132,0.9942757993480691,31.4,985.9599999999999,0.9995239228844999,1.6094379124341003,-2838.634662512345,4638.285689062471,3319.352364456312,89.97749209325389,135.0,66.1
2025-06-25,79.3,85.8,66.6,9.1,7.2,2.8,6.2,16.3,31.4,121.4666666,4.0,92.78090351012747,14.039985398758255,41.28508636317474,0.11165900712169512,0.9942757993480691,31.4,985.9599999999999,0.9995239228844999,1.6094379124341003,-2838.634662512345,4638.285689062471,3319.352364456312,89.97749209325389,135.0,68.3
2025-06-26,85.3,94.6,75.6,6.7,8.6,3.5,7.4,14.2,31.4,121.4666666,4.0,99.77866672264042,14.036858155588336,41.2716385888448,0.09453674981719912,0.9942757993480691,31.4,985.9599999999999,0.9995239228844999,1.6094379124341003,-2838.634662512345,4638.285689062471,3319.352364456312,89.97749209325389,135.0,76.1
2025-06-27,87.0,99.1,77.7,6.1,11.0,4.6,11.3,28.2,31.4,121.4666666,4.0,101.73954544710122,14.033040751324306,41.25617242274726,0.07738647923346301,0.9942757993480691,31.4,985.9599999999999,0.9995239228844999,1.6094379124341003,-2838.634662512345,4638.285689062471,3319.352364456312,89.97749209325389,135.0,74.8
2025-06-28,86.0,99.1,77.7,4.4,13.2,4.3,6.8,21.8,31.4,121.4666666,4.0,100.53783978464779,14.028535783904342,41.23868619669873,0.06021327736579302,0.9942757993480691,31.4,985.9599999999999,0.9995239228844999,1.6094379124341003,-2838.634662512345,4638.285689062471,3319.352364456312,89.97749209325389,135.0,74.4
2025-06-29,87.9,96.6,78.1,4.9,18.2,6.3,7.4,21.8,31.4,121.4666666,4.0,102.72101171284581,14.02334630892093,41.21917758064253,0.04302223300453059,0.9942757993480691,31.4,985.9599999999999,0.9995239228844999,1.6094379124341003,-2838.634662512345,4638.285689062471,3319.352364456312,89.97749209325389,135.0,73.9
2025-06-30,88.7,96.4,82.0,7.4,18.6,6.5,9.3,15.0,31.4,121.4666666,4.0,103.61250886200033,14.017475832514135,41.19764359129388,0.02581844022713308,0.9942757993480691,31.4,985.9599999999999,0.9995239228844999,1.6094379124341003,-2838.634662512345,4638.285689062471,3319.352364456312,89.97749209325389,135.0,75.6
2025-07-01,89.3,96.4,83.1,9.3,18.6,7.4,8.9,19.4,31.4,121.4666666,4.0,104.26465812345599,14.010928303263961,41.174080602279574,0.008606996888688698,0.9942757993480691,31.4,985.9599999999999,0.9995239228844999,1.6094379124341003,-2838.634662512345,4638.285689062471,3319.352364456312,89.97749209325389,135.0,74.8
2025-07-02,88.8,96.8,81.7,8.9,17.7,6.6,8.4,17.9,31.4,121.4666666,4.0,103.62743996308635,14.003708103119777,41.14848435578111,-0.008606996888688009,0.9942757993480691,31.4,985.9599999999999,0.9995239228844999,1.6094379124341003,-2838.634662512345,4638.285689062471,3319.352364456312,89.97749209325389,135.0,74.9
2025-07-03,87.7,96.8,81.0,6.8,17.2,6.9,9.3,17.9,31.4,121.4666666,4.0,102.28611810673054,13.995820037408967,41.12084997569097,-0.02581844022713239,0.9942757993480691,31.4,985.9599999999999,0.9995239228844999,1.6094379124341003,-2838.634662512345,4638.285689062471,3319.352364456312,89.97749209325389,135.0,72.8
2025-07-04,89.1,99.3,81.0,4.6,14.5,5.6,7.4,16.9,31.4,121.4666666,4.0,103.85547473048355,13.98726932397085,41.091171982292344,-0.04302223300453034,0.9942757993480691,31.4,985.9599999999999,0.9995239228844999,1.6094379124341003,-2838.634662512345,4638.285689062471,3319.352364456312,89.97749209325389,135.0,74.3
2025-07-05,90.3,99.5,82.2,3.5,17.3,5.6,8.0,14.4,31.4,121.4666666,4.0,105.18491340052677,13.97806158146535,41.05944430847198,-0.060213277365792774,0.9942757993480691,31.4,985.9599999999999,0.9995239228844999,1.6094379124341003,-2838.634662512345,4638.285689062471,3319.352364456312,89.97749209325389,135.0,75.3
2025-07-06,90.8,99.7,82.2,2.6,18.2,5.3,8.9,14.8,31.4,121.4666666,4.0,105.69273464794534,13.968202816909077,41.025660317476465,-0.07738647923346322,0.9942757993480691,31.4,985.9599999999999,0.9995239228844999,1.6094379124341003,-2838.634662512345,4638.285689062471,3319.352364456312,89.97749209325389,135.0,75.0
2025-07-07,87.5,99.7,82.2,2.3,18.6,7.2,10.3,17.9,31.4,121.4666666,4.0,101.77489154943753,13.95769941249429,40.98981282222091,-0.09453674981719933,0.9942757993480691,31.4,985.9599999999999,0.9995239228844999,1.6094379124341003,-2838.634662512345,4638.285689062471,3319.352364456312,89.97749209325389,135.0,74.9
2025-07-08,85.7,94.1,82.2,2.8,16.9,11.9,14.4,26.8,31.4,121.4666666,4.0,99.60166918140395,13.94655811174851,40.95189410615849,-0.11165900712169444,0.9942757993480691,31.4,985.9599999999999,0.9995239228844999,1.6094379124341003,-2838.634662512345,4638.285689062471,3319.352364456312,89.97749209325389,135.0,77.8
2025-07-09,85.4,90.7,81.9,4.2,12.9,9.4,12.6,24.7,31.4,121.4666666,4.0,99.16922706959008,13.934786005094624,40.911895945717966,-0.12874817745258066,0.9942757993480691,31.4,985.9599999999999,0.9995239228844999,1.6094379124341003,-2838.634662512345,4638.285689062471,3319.352364456312,89.97749209325389,135.0,77.5
2025-07-10,84.0,90.7,81.0,5.0,6.1,8.8,11.1,22.3,31.4,121.4666666,4.0,97.45673360410964,13.922390514872806,40.86980963431481,-0.14579919691987442,0.9942757993480691,31.4,985.9599999999999,0.9995239228844999,1.6094379124341003,-2838.634662512345,4638.285689062471,3319.352364456312,89.97749209325389,135.0,76.6
2025-07-11,82.4,89.2,79.2,5.5,9.0,9.1,13.4,24.7,31.4,121.4666666,4.0,95.51107174188968,13.909379379886845,40.825626007939555,-0.16280701293851646,0.9942757993480691,31.4,985.9599999999999,0.9995239228844999,1.6094379124341003,-2838.634662512345,4638.285689062471,3319.352364456312,89.97749209325389,135.0,76.7
2025-07-12,80.5,86.5,77.2,5.3,10.2,6.7,11.3,20.8,31.4,121.4666666,4.0,93.21739429023542,13.8957606395382,40.77933547232468,-0.17976658572556214,0.9942757993480691,31.4,985.9599999999999,0.9995239228844999,1.6094379124341003,-2838.634662512345,4638.285689062471,3319.352364456312,89.97749209325389,135.0,76.0
2025-07-13,85.8,91.2,77.2,2.2,11.9,5.1,8.0,15.2,31.4,121.4666666,4.0,99.25302971592194,13.881542617611462,40.730928031689096,-0.19667288979357622,0.9942757993480691,31.4,985.9599999999999,0.9995239228844999,1.6094379124341003,-2838.634662512345,4638.285689062471,3319.352364456312,89.97749209325389,135.0,74.3
2025-07-14,85.0,94.8,76.5,999.8,11.0,5.8,10.3,21.0,31.4,121.4666666,4.0,98.2226984992394,13.866733905774973,40.680393319055945,-0.2135209154397959,0.9942757993480691,31.4,985.9599999999999,0.9995239228844999,1.6094379124341003,-2838.634662512345,4638.285689062471,3319.352364456312,89.97749209325389,135.0,70.4
2025-07-15,89.5,97.0,76.5,998.5,11.8,5.9,7.2,15.0,31.4,121.4666666,4.0,103.30793579533015,13.85134334685991,40.627720628136615,-0.23030567023061196,0.9942757993480691,31.4,985.9599999999999,0.9995239228844999,1.6094379124341003,-2838.634662512345,4638.285689062471,3319.352364456312,89.97749209325389,135.0,70.7
2025-07-16,91.2,97.2,83.5,999.0,10.1,5.3,7.0,15.2,31.4,121.4666666,4.0,105.14888813665131,13.835380017980436,40.57289894677023,-0.24702218048093527,0.9942757993480691,31.4,985.9599999999999,0.9995239228844999,1.6094379124341003,-2838.634662512345,4638.285689062471,3319.352364456312,89.97749209325389,135.0,77.9
2025-07-17,88.5,99.0,82.0,0.9,5.9,4.4,7.6,15.3,31.4,121.4666666,4.0,101.91404244997925,13.818853213556507,40.515916991903914,-0.2636654927280072,0.9942757993480691,31.4,985.9599999999999,0.9995239228844999,1.6094379124341003,-2838.634662512345,4638.285689062471,3319.352364456312,89.97749209325389,135.0,79.5
2025-07-18,83.2,99.0,79.0,3.1,10.4,4.4,7.0,20.6,31.4,121.4666666,4.0,95.69228883620967,13.801772428299472,40.45676324609561,-0.2802306751992161,0.9942757993480691,31.4,985.9599999999999,0.9995239228844999,1.6094379124341003,-2838.634662512345,4638.285689062471,3319.352364456312,89.97749209325389,135.0,77.3
2025-07-19,87.1,93.2,79.5,5.2,17.4,7.6,10.3,18.8,31.4,121.4666666,4.0,100.04993611108956,13.784147340218999,40.39542599551649,-0.2967128192734901,0.9942757993480691,31.4,985.9599999999999,0.9995239228844999,1.6094379124341003,-2838.634662512345,4638.285689062471,3319.352364456312,89.97749209325389,135.0,76.4
2025-07-20,87.0,93.2,83.1,6.6,16.1,8.0,10.1,21.0,31.4,121.4666666,4.0,99.80341150438225,13.765987793707898,40.33189336942578,-0.3131070409358267,0.9942757993480691,31.4,985.9599999999999,0.9995239228844999,1.6094379124341003,-2838.634662512345,4638.285689062471,3319.352364456312,89.97749209325389,135.0,77.3
2025-07-21,86.6,92.7,81.1,8.6,17.3,8.5,10.9,24.7,31.4,121.4666666,4.0,99.20970896557938,13.747303782759268,40.26615338108614,-0.3294084822245302,0.9942757993480691,31.4,985.9599999999999,0.9995239228844999,1.6094379124341003,-2838.634662512345,4638.285689062471,3319.352364456312,89.97749209325389,135.0,76.1
2025-07-22,85.3,92.1,81.0,9.5,17.5,6.9,9.3,20.2,31.4,121.4666666,4.0,97.58394946263212,13.728105434367942,40.19819397008309,-0.3456123126707333,0.9942757993480691,31.4,985.9599999999999,0.9995239228844999,1.6094379124341003,-2838.634662512345,4638.285689062471,3319.352364456312,89.97749209325389,135.0,76.1
2025-07-23,85.9,92.1,81.1,8.6,16.6,7.3,10.9,22.1,31.4,121.4666666,4.0,98.1293180855866,13.708402992165764,40.12800304600679,-0.3617137307297674,0.9942757993480691,31.4,985.9599999999999,0.9995239228844999,1.6094379124341003,-2838.634662512345,4638.285689062471,3319.352364456312,89.97749209325389,135.0,75.8
2025-07-24,84.6,91.6,81.0,6.2,14.4,7.7,11.8,20.8,31.4,121.4666666,4.0,96.50185794237797,13.688206800337301,40.05556853344971,-0.37770796520396466,0.9942757993480691,31.4,985.9599999999999,0.9995239228844999,1.6094379124341003,-2838.634662512345,4638.285689062471,3319.352364456312,89.97749209325389,135.0,77.5
2025-07-25,84.4,90.3,80.8,2.8,12.7,11.5,14.0,28.0,31.4,121.4666666,4.0,96.12827525794839,13.667527287859961,39.98087841826866,-0.39359027665646645,0.9942757993480691,31.4,985.9599999999999,0.9995239228844999,1.6094379124341003,-2838.634662512345,4638.285689062471,3319.352364456312,89.97749209325389,135.0,77.0
2025-07-26,83.7,88.5,80.2,1.5,15.5,10.1,14.2,28.4,31.4,121.4666666,4.0,95.18346529793739,13.646374953109301,39.903920795054454,-0.4093559588156211,0.9942757993480691,31.4,985.9599999999999,0.9995239228844999,1.6094379124341003,-2838.634662512345,4638.285689062471,3319.352364456312,89.97749209325389,135.0,77.2
2025-07-27,83.4,88.2,81.1,999.9,12.8,8.7,11.5,23.5,31.4,121.4666666,4.0,94.69208442462839,13.624760348867392,39.824683915747364,-0.42500033996955394,0.9942757993480691,31.4,985.9599999999999,0.9995239228844999,1.6094379124341003,-2838.634662512345,4638.285689062471,3319.352364456312,89.97749209325389,135.0,77.4
2025-07-28,82.3,88.2,79.7,999.0,12.6,7.7,11.5,23.7,31.4,121.4666666,4.0,93.29181014811554,13.602694067768974,39.74315623933169,-0.4405187843504952,0.9942757993480691,31.4,985.9599999999999,0.9995239228844999,1.6094379124341003,-2838.634662512345,4638.285689062471,3319.352364456312,89.97749209325389,135.0,77.4
2025-07-29,82.3,88.0,79.9,994.9,10.4,9.7,12.0,26.8,31.4,121.4666666,4.0,93.13744731102139,13.58018672821697,39.659326482537395,-0.455906693508459,0.9942757993480691,31.4,985.9599999999999,0.9995239228844999,1.6094379124341003,-2838.634662512345,4638.285689062471,3319.352364456312,89.97749209325389,135.0,76.9
2025-07-30,78.3,88.0,75.7,987.1,6.7,15.1,20.6,41.2,31.4,121.4666666,4.0,88.46104946919266,13.55724896079581,39.57318367147212,-0.47115950767386394,0.9942757993480691,31.4,985.9599999999999,0.9995239228844999,1.6094379124341003,-2838.634662512345,4638.285689062471,3319.352364456312,89.97749209325389,135.0,76.1
2025-07-31,82.1,89.4,75.7,995.6,9.3,4.4,8.2,27.6,31.4,121.4666666,4.0,92.59437362888052,13.533891395207872,39.484717194102146,-0.4862727071086902,0.9942757993480691,31.4,985.9599999999999,0.9995239228844999,1.6094379124341003,-2838.634662512345,4638.285689062471,3319.352364456312,89.97749209325389,135.0,77.0
2025-08-01,86.4,92.3,77.5,998.1,7.1,5.0,9.5,17.3,31.4,121.4666666,4.0,97.27289746383816,13.5101246477553,39.393916853495675,-0.5012418134457756,0.9942757993480691,31.4,985.9599999999999,0.9995239228844999,1.6094379124341003,-2838.634662512345,4638.285689062471,3319.352364456312,89.97749209325389,135.0,79.8
2025-08-02,81.7,92.3,79.7,997.9,4.6,2.9,5.1,17.1,31.4,121.4666666,4.0,91.81690629807193,13.48595930938633,39.300772921738144,-0.5160623910158526,0.9942757993480691,31.4,985.9599999999999,0.9995239228844999,1.6094379124341003,-2838.634662512345,4638.285689062471,3319.352364456312,89.97749209325389,135.0,79.1
2025-08-03,86.0,93.2,79.7,998.7,6.5,3.6,6.8,16.3,31.4,121.4666666,4.0,96.47340919597708,13.461405934322384,39.20527619442417,-0.5307300481619331,0.9942757993480691,31.4,985.9599999999999,0.9995239228844999,1.6094379124341003,-2838.634662512345,4638.285689062471,3319.352364456312,89.97749209325389,135.0,78.8
2025-08-04,86.9,94.1,80.1,2.0,11.9,4.2,6.6,12.8,31.4,121.4666666,4.0,97.30247333703052,13.436475029279242,39.107418045627206,-0.5452404385406507,0.9942757993480691,31.4,985.9599999999999,0.9995239228844999,1.6094379124341003,-2838.634662512345,4638.285689062471,3319.352364456312,89.97749209325389,135.0,79.3
2025-08-05,89.2,94.5,83.1,1.7,14.6,5.4,7.4,14.4,31.4,121.4666666,4.0,99.6897493551432,13.411177043292808,39.00719048324391,-0.5595892624101763,0.9942757993480691,31.4,985.9599999999999,0.9995239228844999,1.6094379124341003,-2838.634662512345,4638.285689062471,3319.352364456312,89.97749209325389,135.0,78.0
2025-08-06,89.5,95.5,84.4,3.1,17.2,4.2,8.2,18.3,31.4,121.4666666,4.0,99.83368758792385,13.385522358157388,38.90458620460666,-0.5737722679043243,0.9942757993480691,31.4,985.9599999999999,0.9995239228844999,1.6094379124341003,-2838.634662512345,4638.285689062471,3319.352364456312,89.97749209325389,135.0,77.9
2025-08-07,90.0,97.2,84.2,4.3,18.0,3.9,7.6,14.4,31.4,121.4666666,4.0,100.19640959611306,13.35952127948174,38.79959865225441,-0.5877852522924734,0.9942757993480691,31.4,985.9599999999999,0.9995239228844999,1.6094379124341003,-2838.634662512345,4638.285689062471,3319.352364456312,89.97749209325389,135.0,75.3
2025-08-08,90.4,97.2,85.5,3.4,13.0,3.3,4.3,14.0,31.4,121.4666666,4.0,100.4433196803555,13.333184028365773,38.69222206974905,-0.6016240632249227,0.9942757993480691,31.4,985.9599999999999,0.9995239228844999,1.6094379124341003,-2838.634662512345,4638.285689062471,3319.352364456312,89.97749209325389,135.0,77.0
2025-08-09,91.9,96.8,86.9,1.5,15.7,5.3,11.1,19.8,31.4,121.4666666,4.0,101.90577128557425,13.306520733698486,38.58245155742189,-0.6152845999633277,0.9942757993480691,31.4,985.9599999999999,0.9995239228844999,1.6094379124341003,-2838.634662512345,4638.285689062471,3319.352364456312,89.97749209325389,135.0,76.8
2025-08-10,86.4,96.6,82.2,2.7,8.7,3.1,12.0,29.3,31.4,121.4666666,4.0,95.61269826054422,13.279541425075585,38.47028312793219,-0.6287628145958345,0.9942757993480691,31.4,985.9599999999999,0.9995239228844999,1.6094379124341003,-2838.634662512345,4638.285689062471,3319.352364456312,89.97749209325389,135.0,78.8
2025-08-11,87.1,95.9,82.2,3.0,11.9,3.8,9.7,17.9,31.4,121.4666666,4.0,96.18929165780122,13.25225602633312,38.3557137615181,-0.6420547132365636,0.9942757993480691,31.4,985.9599999999999,0.9995239228844999,1.6094379124341003,-2838.634662512345,4638.285689062471,3319.352364456312,89.97749209325389,135.0,78.3
2025-08-12,86.5,95.9,82.2,6.7,13.9,4.0,7.6,16.7,31.4,121.4666666,4.0,95.32786093736131,13.22467434969174,38.238741460818446,-0.655156357209085,0.9942757993480691,31.4,985.9599999999999,0.9995239228844999,1.6094379124341003,-2838.634662512345,4638.285689062471,3319.352364456312,89.97749209325389,135.0,77.2
2025-08-13,88.7,95.5,82.8,10.1,18.6,8.3,10.5,20.6,31.4,121.4666666,4.0,97.54639168564489,13.196806090504383,38.11936530514249,-0.6680638642135333,0.9942757993480691,31.4,985.9599999999999,0.9995239228844999,1.6094379124341003,-2838.634662512345,4638.285689062471,3319.352364456312,89.97749209325389,135.0,75.4
2025-08-14,87.8,95.5,81.7,12.2,18.6,7.2,9.5,18.8,31.4,121.4666666,4.0,96.35070168534595,13.168660822598536,37.997585504064034,-0.6807734094770159,0.9942757993480691,31.4,985.9599999999999,0.9995239228844999,1.6094379124341003,-2838.634662512345,4638.285689062471,3319.352364456312,89.97749209325389,135.0,75.7
2025-08-15,87.4,94.8,81.7,12.3,18.6,6.3,7.4,21.2,31.4,121.4666666,4.0,95.70480622444526,13.14024799420301,37.87340345021574,-0.6932812268869771,0.9942757993480691,31.4,985.9599999999999,0.9995239228844999,1.6094379124341003,-2838.634662512345,4638.285689062471,3319.352364456312,89.97749209325389,135.0,75.0
2025-08-16,87.8,94.8,81.9,11.3,12.7,6.2,8.0,15.5,31.4,121.4666666,4.0,95.93303783054172,13.111576924447617,37.74682177115889,-0.7055836101071774,0.9942757993480691,31.4,985.9599999999999,0.9995239228844999,1.6094379124341003,-2838.634662512345,4638.285689062471,3319.352364456312,89.97749209325389,135.0,74.6
2025-08-17,88.2,97.0,82.4,12.1,17.2,5.7,7.8,14.0,31.4,121.4666666,4.0,96.15752748311009,13.082656800423141,37.61784438020488,-0.7176769136759615,0.9942757993480691,31.4,985.9599999999999,0.9995239228844999,1.6094379124341003,-2838.634662512345,4638.285689062471,3319.352364456312,89.97749209325389,135.0,73.2
2025-08-18,88.4,97.0,82.6,11.0,18.6,6.8,7.8,93.61698231956733,31.4,121.4666666,4.0,96.16075883760466,13.053496674787961,37.486476526064514,-0.7295575540864876,0.9942757993480691,31.4,985.9599999999999,0.9995239228844999,1.6094379124341003,-2838.634662512345,4638.285689062471,3319.352364456312,89.97749209325389,135.0,75.5
2025-08-19,87.7,98.4,80.4,8.2,18.6,4.2,7.8,117.39589151537928,31.4,121.4666666,4.0,95.18450409871807,13.02410546390669,37.35272484120271,-0.7412220108485957,0.9942757993480691,31.4,985.9599999999999,0.9995239228844999,1.6094379124341003,-2838.634662512345,4638.285689062471,3319.352364456312,89.97749209325389,135.0,77.4
2025-08-20,87.5,98.4,80.2,7.2,13.1,3.9,7.8,82.8694834841572,31.4,121.4666666,4.0,94.75150377660324,12.994491946505589,37.21659738877735,-0.7526668275320083,0.9942757993480691,31.4,985.9599999999999,0.9995239228844999,1.6094379124341003,-2838.634662512345,4638.285689062471,3319.352364456312,89.97749209325389,135.0,77.4
2025-08-21,88.5,97.2,81.1,7.3,7.4,3.6,7.8,-12.621220930244863,31.4,121.4666666,4.0,95.61440262586152,12.964664762828681,37.07810370804286,-0.7638886127905429,0.9942757993480691,31.4,985.9599999999999,0.9995239228844999,1.6094379124341003,-2838.634662512345,4638.285689062471,3319.352364456312,89.97749209325389,135.0,79.2
2025-08-22,89.2,99.1,80.6,7.2,14.1,3.9,7.8,-24.988456607464208,31.4,121.4666666,4.0,96.14743427946755,12.934632414278143,36.93725485810117,-0.7748840413670406,0.9942757993480691,31.4,985.9599999999999,0.9995239228844999,1.6094379124341003,-2838.634662512345,4638.285689062471,3319.352364456312,89.97749209325389,135.0,75.3
2025-08-23,89.5,99.1,80.6,8.3,12.6,2.9,3.9,20.03505437888303,31.4,121.4666666,4.0,96.24534100710112,12.904403263521937,36.794063459885436,-0.7856498550787144,0.9942757993480691,31.4,985.9599999999999,0.9995239228844999,1.6094379124341003,-2838.634662512345,4638.285689062471,3319.352364456312,89.97749209325389,135.0,77.5
2025-08-24,91.1,101.7,84.0,9.0,18.1,4.4,5.8,55.80394343669086,31.4,121.4666666,4.0,97.7350068535988,12.873985535051435,36.648543736264216,-0.7961828637826154,0.9942757993480691,31.4,985.9599999999999,0.9995239228844999,1.6094379124341003,-2838.634662512345,4638.285689062471,3319.352364456312,89.97749209325389,135.0,75.6
