DATE,TEMP,MAX,MIN,STP,VISIB,WDSP,MXSPD,GUST,LATITUDE,LONGITUDE,ELEVATION,PET_Est,DaylightDuration,DailyRadiation,Geo_Zoning_Season,Geo_Zoning_Continentality,Geo_Zoning_Lat_Abs,Geo_Zoning_Lat_2,Geo_Zoning_Atmos_Thickness,Geo_Zoning_Atmos_Log_Elevation,Geo_Spatial_X,Geo_Spatial_Y,Geo_Spatial_Z,Terrain_Slope,Terrain_Aspect,DEWP
2019-01-01,37.8,41.0,33.8,999.9,6.2,7.8,13.6,117.63182180833738,31.197875,121.336319,3.04,31.551503090906525,10.016350187589374,19.25838855253157,0.017213356155834685,0.9943497193247306,31.197875,973.307404515625,0.9996381607177243,1.3962446919730587,-2834.147463702414,4654.704350319257,3300.1479610932843,89.99288237460244,296.565051177078,26.0
2019-01-02,41.4,44.6,37.4,999.9,5.9,6.2,9.7,841.3068043477382,31.197875,121.336319,3.04,34.584527053393835,10.02450059518662,19.311273516826205,0.03442161162274574,0.9943497193247306,31.197875,973.307404515625,0.9996381607177243,1.3962446919730587,-2834.147463702414,4654.704350319257,3300.1479610932843,89.99288237460244,296.565051177078,30.6
2019-01-03,47.6,48.2,42.8,999.9,6.2,7.0,11.7,-1285.3964618582124,31.197875,121.336319,3.04,39.79877785963769,10.033305342765804,19.36832370583962,0.051619667223253764,0.9943497193247306,31.197875,973.307404515625,0.9996381607177243,1.3962446919730587,-2834.147463702414,4654.704350319257,3300.1479610932843,89.99288237460244,296.565051177078,36.6
2019-01-04,48.4,51.8,44.6,999.9,3.3,7.0,9.7,114.42595890298514,31.197875,121.336319,3.04,40.50579332282244,10.042758675079945,19.429518245473343,0.06880242680231986,0.9943497193247306,31.197875,973.307404515625,0.9996381607177243,1.3962446919730587,-2834.147463702414,4654.704350319257,3300.1479610932843,89.99288237460244,296.565051177078,47.1
2019-01-05,45.7,48.2,42.8,999.9,2.9,6.2,7.8,322.2852179925093,31.197875,121.336319,3.04,38.28462073046448,10.052854458765289,19.494834550115293,0.08596479873744647,0.9943497193247306,31.197875,973.307404515625,0.9996381607177243,1.3962446919730587,-2834.147463702414,4654.704350319257,3300.1479610932843,89.99288237460244,296.565051177078,44.5
2019-01-06,44.4,46.4,42.8,999.9,5.9,5.1,9.7,15.5,31.197875,121.336319,3.04,37.23526892406327,10.063586195692777,19.56424831490725,0.10310169744743485,0.9943497193247306,31.197875,973.307404515625,0.9996381607177243,1.3962446919730587,-2834.147463702414,4654.704350319257,3300.1479610932843,89.99288237460244,296.565051177078,40.2
2019-01-07,44.3,46.4,42.8,999.9,4.6,7.0,9.7,369.9137042588342,31.197875,121.336319,3.04,37.19334614471167,10.074947036942213,19.637733508168203,0.1202080448993527,0.9943497193247306,31.197875,973.307404515625,0.9996381607177243,1.3962446919730587,-2834.147463702414,4654.704350319257,3300.1479610932843,89.99288237460244,296.565051177078,40.7
2019-01-08,42.6,46.4,39.2,999.9,5.8,9.8,15.5,726.8950618054508,31.197875,121.336319,3.04,35.80860078055496,10.086929797339424,19.715262364079656,0.13727877211326478,0.9943497193247306,31.197875,973.307404515625,0.9996381607177243,1.3962446919730587,-2834.147463702414,4654.704350319257,3300.1479610932843,89.99288237460244,296.565051177078,34.5
2019-01-09,40.5,42.8,39.2,999.9,5.0,6.2,9.7,-1391.6640180976754,31.197875,121.336319,3.04,34.08590352542139,10.099526970495226,19.796805375742082,0.15430882066428117,0.9943497193247306,31.197875,973.307404515625,0.9996381607177243,1.3962446919730587,-2834.147463702414,4654.704350319257,3300.1479610932843,89.99288237460244,296.565051177078,38.3
2019-01-10,43.8,44.6,42.8,999.9,5.2,5.9,9.7,-1813.6139422424492,31.197875,121.336319,3.04,36.91146721663714,10.112730744284148,19.882331288714088,0.1712931441814776,0.9943497193247306,31.197875,973.307404515625,0.9996381607177243,1.3962446919730587,-2834.147463702414,4654.704350319257,3300.1479610932843,89.99288237460244,296.565051177078,42.8
2019-01-11,45.6,48.2,42.8,999.9,4.2,6.6,11.7,-18.978946419004437,31.197875,121.336319,3.04,38.48082546346073,10.126533016700193,19.971807095147962,0.1882267098432442,0.9943497193247306,31.197875,973.307404515625,0.9996381607177243,1.3962446919730587,-2834.147463702414,4654.704350319257,3300.1479610932843,89.99288237460244,296.565051177078,44.6
2019-01-12,42.7,46.4,41.0,999.9,5.3,7.2,11.7,-998.0372327030561,31.197875,121.336319,3.04,36.08479292446195,10.140925412026776,20.065198028636313,0.2051044998686192,0.9943497193247306,31.197875,973.307404515625,0.9996381607177243,1.3962446919730587,-2834.147463702414,4654.704350319257,3300.1479610932843,89.99288237460244,296.565051177078,36.9
2019-01-13,40.2,46.4,33.8,999.9,3.2,5.1,7.8,1062.0194555011801,31.197875,121.336319,3.04,34.022262645814735,10.155899297258129,20.1624675598852,0.2219215130041655,0.9943497193247306,31.197875,973.307404515625,0.9996381607177243,1.3962446919730587,-2834.147463702414,4654.704350319257,3300.1479610932843,89.99288237460244,296.565051177078,34.6
2019-01-14,46.8,51.8,41.0,999.9,4.2,6.4,9.7,-395.1552508196235,31.197875,121.336319,3.04,39.66863861496903,10.17144579871001,20.263577393329115,0.2386727660059501,0.9943497193247306,31.197875,973.307404515625,0.9996381607177243,1.3962446919730587,-2834.147463702414,4654.704350319257,3300.1479610932843,89.99288237460244,296.565051177078,39.6
2019-01-15,42.2,46.4,33.8,999.9,3.8,12.1,15.5,-13.408781225905479,31.197875,121.336319,3.04,35.82623796263372,10.187555818758403,20.36848746480244,0.255353295116187,0.9943497193247306,31.197875,973.307404515625,0.9996381607177243,1.3962446919730587,-2834.147463702414,4654.704350319257,3300.1479610932843,89.99288237460244,296.565051177078,34.0
2019-01-16,37.1,41.0,30.2,999.9,6.2,6.3,9.7,-814.1898570381469,31.197875,121.336319,3.04,31.54804699609749,10.204220052646088,20.47715594038083,0.2719581575341055,0.9943497193247306,31.197875,973.307404515625,0.9996381607177243,1.3962446919730587,-2834.147463702414,4654.704350319257,3300.1479610932843,89.99288237460244,296.565051177078,24.2
2019-01-17,40.3,48.2,32.0,999.9,5.3,4.5,9.7,45.317862005236094,31.197875,121.336319,3.04,34.326965742794144,10.221429005298505,20.589539216503955,0.288482432880609,0.9943497193247306,31.197875,973.307404515625,0.9996381607177243,1.3962446919730587,-2834.147463702414,4654.704350319257,3300.1479610932843,89.99288237460244,296.565051177078,28.4
2019-01-18,45.8,51.8,35.6,999.9,5.5,7.9,13.6,-143.08467552798646,31.197875,121.336319,3.04,39.07951031421775,10.239173008091988,20.705591921488796,0.30492122465628907,0.9943497193247306,31.197875,973.307404515625,0.9996381607177243,1.3962446919730587,-2834.147463702414,4654.704350319257,3300.1479610932843,89.99288237460244,296.565051177078,34.6
2019-01-19,47.2,51.8,41.0,999.9,3.7,7.2,9.7,-896.6716071018337,31.197875,121.336319,3.04,40.34593945971032,10.257442235519573,20.825266918539374,0.3212696616923644,0.9943497193247306,31.197875,973.307404515625,0.9996381607177243,1.3962446919730587,-2834.147463702414,4654.704350319257,3300.1479610932843,89.99288237460244,296.565051177078,39.4
2019-01-20,40.2,50.0,32.0,999.9,5.0,9.1,15.5,-206.30489678532663,31.197875,121.336319,3.04,34.425359517700855,10.276226721701747,20.948515310355496,0.3375228995941133,0.9943497193247306,31.197875,973.307404515625,0.9996381607177243,1.3962446919730587,-2834.147463702414,4654.704350319257,3300.1479610932843,89.99288237460244,296.565051177078,29.6
2019-01-21,41.2,48.2,33.8,999.9,6.2,5.3,9.7,-132.38289721310187,31.197875,121.336319,3.04,35.34793955997588,10.295516376692001,21.07528644543902,0.3536761221763716,0.9943497193247306,31.197875,973.307404515625,0.9996381607177243,1.3962446919730587,-2834.147463702414,4654.704350319257,3300.1479610932843,89.99288237460244,296.565051177078,28.1
2019-01-22,43.5,51.8,33.8,999.9,5.4,6.2,13.6,1268.8142388757233,31.197875,121.336319,3.04,37.39296613416983,10.315301002529608,21.205527926191273,0.3697245428906731,0.9943497193247306,31.197875,973.307404515625,0.9996381607177243,1.3962446919730587,-2834.147463702414,4654.704350319257,3300.1479610932843,89.99288237460244,296.565051177078,23.7
2019-01-23,46.0,57.2,35.6,999.9,5.4,4.3,9.7,-421.69719306590474,31.197875,121.336319,3.04,39.619686184480145,10.33557030899482,21.33918561889088,0.38566340624360707,0.9943497193247306,31.197875,973.307404515625,0.9996381607177243,1.3962446919730587,-2834.147463702414,4654.704350319257,3300.1479610932843,89.99288237460244,296.565051177078,27.3
2019-01-24,47.5,57.2,37.4,999.9,5.6,4.0,9.7,76.15703865753808,31.197875,121.336319,3.04,40.993742635722285,10.356313929024576,21.47620366563513,0.401487989205973,0.9943497193247306,31.197875,973.307404515625,0.9996381607177243,1.3962446919730587,-2834.147463702414,4654.704350319257,3300.1479610932843,89.99288237460244,296.565051177078,30.7
2019-01-25,44.9,55.4,35.6,999.9,6.2,11.2,17.5,1226.168793820133,31.197875,121.336319,3.04,38.829226031280314,10.37752143374975,21.616524498322782,0.4171936026123168,0.9943497193247306,31.197875,973.307404515625,0.9996381607177243,1.3962446919730587,-2834.147463702414,4654.704350319257,3300.1479610932843,89.99288237460244,296.565051177078,31.8
2019-01-26,37.6,42.8,30.2,999.9,6.2,7.0,13.6,17.5,31.197875,121.336319,3.04,32.584104687636405,10.399182347118,21.76008885474976,0.4327755925504312,0.9943497193247306,31.197875,973.307404515625,0.9996381607177243,1.3962446919730587,-2834.147463702414,4654.704350319257,3300.1479610932843,89.99288237460244,296.565051177078,24.3
2019-01-27,44.4,51.8,35.6,999.9,6.2,5.1,11.7,17.5,31.197875,121.336319,3.04,38.55875879225666,10.42128616006937,21.9068357968827,0.4482293417404106,0.9943497193247306,31.197875,973.307404515625,0.9996381607177243,1.3962446919730587,-2834.147463702414,4654.704350319257,3300.1479610932843,89.99288237460244,296.565051177078,32.8
2019-01-28,43.8,46.4,41.0,999.9,5.1,5.4,9.7,452.8945338918121,31.197875,121.336319,3.04,38.11995155645736,10.443822344234892,22.056702731368713,0.4635502709028509,0.9943497193247306,31.197875,973.307404515625,0.9996381607177243,1.3962446919730587,-2834.147463702414,4654.704350319257,3300.1479610932843,89.99288237460244,296.565051177078,37.6
2019-01-29,48.1,50.0,44.6,999.9,6.2,5.3,9.7,1346.6794186562925,31.197875,121.336319,3.04,41.95434463023549,10.466780365131514,22.209625432332462,0.47873384011578846,0.9943497193247306,31.197875,973.307404515625,0.9996381607177243,1.3962446919730587,-2834.147463702414,4654.704350319257,3300.1479610932843,89.99288237460244,296.565051177078,39.9
2019-01-30,51.0,57.2,42.8,999.9,5.0,7.5,19.4,29.1,31.197875,121.336319,3.04,44.583136203026385,10.490149694829737,22.365538066504538,0.49377555015997715,0.9943497193247306,31.197875,973.307404515625,0.9996381607177243,1.3962446919730587,-2834.147463702414,4654.704350319257,3300.1479610932843,89.99288237460244,296.565051177078,47.0
2019-01-31,39.1,42.8,35.6,999.9,6.2,11.7,19.4,29.1,31.197875,121.336319,3.04,34.257855426772565,10.51391982407342,22.524373220717678,0.5086709438521044,0.9943497193247306,31.197875,973.307404515625,0.9996381607177243,1.3962446919730587,-2834.147463702414,4654.704350319257,3300.1479610932843,89.99288237460244,296.565051177078,32.2
2019-02-01,38.5,42.8,35.6,999.9,5.4,6.7,9.7,1012.7855972228289,31.197875,121.336319,3.04,33.80967421188449,10.538080273834128,22.686061931799657,0.5234156073655503,0.9943497193247306,31.197875,973.307404515625,0.9996381607177243,1.3962446919730587,-2834.147463702414,4654.704350319257,3300.1479610932843,89.99288237460244,296.565051177078,31.2
2019-02-02,54.4,59.0,42.8,999.9,5.8,9.1,15.5,9.95610566950985,31.197875,121.336319,3.04,47.88388008182673,10.562620606285309,22.85053371888396,0.5380051715382996,0.9943497193247306,31.197875,973.307404515625,0.9996381607177243,1.3962446919730587,-2834.147463702414,4654.704350319257,3300.1479610932843,89.99288237460244,296.565051177078,47.5
2019-02-03,45.4,53.6,39.2,999.9,2.8,9.2,15.5,19.4,31.197875,121.336319,3.04,40.05615681311426,10.587530435184386,23.017716618151677,0.5524353131676196,0.9943497193247306,31.197875,973.307404515625,0.9996381607177243,1.3962446919730587,-2834.147463702414,4654.704350319257,3300.1479610932843,89.99288237460244,296.565051177078,40.0
2019-02-04,48.6,55.4,41.0,999.9,5.4,6.2,9.7,292.06492093726797,31.197875,121.336319,3.04,42.98183771439695,10.612799435653569,23.18753722000991,0.5667017562911176,0.9943497193247306,31.197875,973.307404515625,0.9996381607177243,1.3962446919730587,-2834.147463702414,4654.704350319257,3300.1479610932843,89.99288237460244,296.565051177078,34.7
2019-02-05,49.2,55.4,42.8,999.9,5.8,5.2,9.7,-641.7816054185037,31.197875,121.336319,3.04,43.61751114874624,10.638417353352741,23.359920708704127,0.5808002734538009,0.9943497193247306,31.197875,973.307404515625,0.9996381607177243,1.3962446919730587,-2834.147463702414,4654.704350319257,3300.1479610932843,89.99288237460244,296.565051177078,41.8
2019-02-06,55.6,64.4,46.4,999.9,5.5,8.3,19.4,-51.61919533158648,31.197875,121.336319,3.04,49.411599593753245,10.664374013040268,23.534790904354207,0.5947266869607634,0.9943497193247306,31.197875,973.307404515625,0.9996381607177243,1.3962446919730587,-2834.147463702414,4654.704350319257,3300.1479610932843,89.99288237460244,296.565051177078,49.6
2019-02-07,40.2,48.2,32.0,999.9,4.7,15.5,23.3,35.0,31.197875,121.336319,3.04,35.81370874384178,10.690659326519933,23.712070307395543,0.6084768701151261,0.9943497193247306,31.197875,973.307404515625,0.9996381607177243,1.3962446919730587,-2834.147463702414,4654.704350319257,3300.1479610932843,89.99288237460244,296.565051177078,34.9
2019-02-08,36.6,39.2,33.8,999.9,6.0,8.3,13.6,490.19320794275916,31.197875,121.336319,3.04,32.687653064921754,10.717263299974345,23.891680145399032,0.6220467484408675,0.9943497193247306,31.197875,973.307404515625,0.9996381607177243,1.3962446919730587,-2834.147463702414,4654.704350319257,3300.1479610932843,89.99288237460244,296.565051177078,33.9
2019-02-09,37.6,41.0,35.6,999.9,6.2,10.6,15.5,29.833656079532194,31.197875,121.336319,3.04,33.66508492748693,10.744176040687318,24.073540422235986,0.6354323008901774,0.9943497193247306,31.197875,973.307404515625,0.9996381607177243,1.3962446919730587,-2834.147463702414,4654.704350319257,3300.1479610932843,89.99288237460244,296.565051177078,31.0
2019-02-10,36.1,39.2,32.0,999.9,5.8,8.8,11.7,304.1332942220437,31.197875,121.336319,3.04,32.40392485417165,10.77138776315955,24.257569969545965,0.6486295610349814,0.9943497193247306,31.197875,973.307404515625,0.9996381607177243,1.3962446919730587,-2834.147463702414,4654.704350319257,3300.1479610932843,89.99288237460244,296.565051177078,32.0
2019-02-11,38.5,42.8,33.8,999.9,6.2,4.6,7.8,368.5652417482629,31.197875,121.336319,3.04,34.64643488275131,10.798888794623785,24.443686500458483,0.6616346182422783,0.9943497193247306,31.197875,973.307404515625,0.9996381607177243,1.3962446919730587,-2834.147463702414,4654.704350319257,3300.1479610932843,89.99288237460244,296.565051177078,27.3
2019-02-12,43.4,46.4,41.0,999.9,5.2,8.4,13.6,-335.94214470676263,31.197875,121.336319,3.04,39.1564549808816,10.826669579967263,24.6318066655115,0.6744436188329455,0.9943497193247306,31.197875,973.307404515625,0.9996381607177243,1.3962446919730587,-2834.147463702414,4654.704350319257,3300.1479610932843,89.99288237460244,296.565051177078,40.1
2019-02-13,42.9,48.2,37.4,999.9,5.8,9.4,13.6,640.4013659123,31.197875,121.336319,3.04,38.80562645270275,10.8547206860707,24.821846110702953,0.6870527672236669,0.9943497193247306,31.197875,973.307404515625,0.9996381607177243,1.3962446919730587,-2834.147463702414,4654.704350319257,3300.1479610932843,89.99288237460244,296.565051177078,37.9
2019-02-14,43.4,44.6,41.0,999.9,5.2,7.7,11.7,-35.680987452812,31.197875,121.336319,3.04,39.360301980161076,10.883032805574492,25.01371953760395,0.699458327051647,0.9943497193247306,31.197875,973.307404515625,0.9996381607177243,1.3962446919730587,-2834.147463702414,4654.704350319257,3300.1479610932843,89.99288237460244,296.565051177078,40.5
2019-02-15,41.1,44.6,39.2,999.9,5.4,9.2,13.6,-412.5151950593754,31.197875,121.336319,3.04,37.37221890328767,10.91159676008399,25.20734076545583,0.7116566222817746,0.9943497193247306,31.197875,973.307404515625,0.9996381607177243,1.3962446919730587,-2834.147463702414,4654.704350319257,3300.1479610932843,89.99288237460244,296.565051177078,39.1
2019-02-16,38.5,41.0,37.4,999.9,6.2,9.3,11.7,611.6584390858238,31.197875,121.336319,3.04,35.10046123823577,10.940403502826735,25.402622795166376,0.7236440382959124,0.9943497193247306,31.197875,973.307404515625,0.9996381607177243,1.3962446919730587,-2834.147463702414,4654.704350319257,3300.1479610932843,89.99288237460244,296.565051177078,28.7
2019-02-17,41.8,46.4,37.4,999.9,6.2,5.9,9.7,-95.75931069625987,31.197875,121.336319,3.04,38.210230354035154,10.969444120775643,25.599477875114125,0.7354170229639855,0.9943497193247306,31.197875,973.307404515625,0.9996381607177243,1.3962446919730587,-2834.147463702414,4654.704350319257,3300.1479610932843,89.99288237460244,296.565051177078,30.9
2019-02-18,45.1,46.4,41.0,999.9,5.6,6.5,11.7,381.6259027943888,31.197875,121.336319,3.04,41.33681780125003,10.998709836252779,25.797817568663724,0.7469720876965552,0.9943497193247306,31.197875,973.307404515625,0.9996381607177243,1.3962446919730587,-2834.147463702414,4654.704350319257,3300.1479610932843,89.99288237460244,296.565051177078,43.1
2019-02-19,43.0,48.2,39.2,999.9,5.6,8.1,11.7,82.88232714085572,31.197875,121.336319,3.04,39.51768802877122,11.028192008029176,25.997552823289187,0.7583058084785624,0.9943497193247306,31.197875,973.307404515625,0.9996381607177243,1.3962446919730587,-2834.147463702414,4654.704350319257,3300.1479610932843,89.99288237460244,296.565051177078,38.4
2019-02-20,42.5,42.8,41.0,999.9,3.1,7.7,11.7,-142.93525026777994,31.197875,121.336319,3.04,39.163332550609304,11.057882131936745,26.19859404119653,0.7694148268839378,0.9943497193247306,31.197875,973.307404515625,0.9996381607177243,1.3962446919730587,-2834.147463702414,4654.704350319257,3300.1479610932843,89.99288237460244,296.565051177078,40.8
2019-02-21,43.2,46.4,41.0,999.9,3.5,6.5,9.7,487.10667790085773,31.197875,121.336319,3.04,39.915978627631446,11.087771841008735,26.400851151332063,0.7802958510707755,0.9943497193247306,31.197875,973.307404515625,0.9996381607177243,1.3962446919730587,-2834.147463702414,4654.704350319257,3300.1479610932843,89.99288237460244,296.565051177078,39.3
2019-02-22,40.3,42.8,37.4,999.9,5.4,8.0,11.7,132.90374964075409,31.197875,121.336319,3.04,37.33745600651474,11.11785290516568,26.604233682657256,0.7909456567567772,0.9943497193247306,31.197875,973.307404515625,0.9996381607177243,1.3962446919730587,-2834.147463702414,4654.704350319257,3300.1479610932843,89.99288237460244,296.565051177078,36.5
2019-02-23,43.4,48.2,33.8,999.9,2.9,5.7,9.7,-132.91518846326363,31.197875,121.336319,3.04,40.31902398351152,11.148117230464015,26.80865083856721,0.8013610881746766,0.9943497193247306,31.197875,973.307404515625,0.9996381607177243,1.3962446919730587,-2834.147463702414,4654.704350319257,3300.1479610932843,89.99288237460244,296.565051177078,33.8
2019-02-24,47.8,57.2,39.2,999.9,4.2,4.5,9.7,-644.4655911879585,31.197875,121.336319,3.04,44.527918150733434,11.178556857924713,27.014011572324733,0.8115390590073611,0.9943497193247306,31.197875,973.307404515625,0.9996381607177243,1.3962446919730587,-2834.147463702414,4654.704350319257,3300.1479610932843,89.99288237460244,296.565051177078,30.3
2019-02-25,45.8,53.6,37.4,999.9,4.6,5.3,7.8,688.2274157049277,31.197875,121.336319,3.04,42.78164245481213,11.20916396195951,27.2202246633788,0.8214765533024142,0.9943497193247306,31.197875,973.307404515625,0.9996381607177243,1.3962446919730587,-2834.147463702414,4654.704350319257,3300.1479610932843,89.99288237460244,296.565051177078,34.8
2019-02-26,49.4,57.2,46.4,999.9,5.9,7.6,11.7,-952.4693760965698,31.197875,121.336319,3.04,46.27104865929706,11.239930848412241,27.427198794431984,0.8311706263658079,0.9943497193247306,31.197875,973.307404515625,0.9996381607177243,1.3962446919730587,-2834.147463702414,4654.704350319257,3300.1479610932843,89.99288237460244,296.565051177078,39.4
2019-02-27,47.1,50.0,44.6,999.9,6.0,7.5,9.7,604.0271397563906,31.197875,121.336319,3.04,44.238086062514014,11.27084995223287,27.634842629119053,0.8406184056344782,0.9943497193247306,31.197875,973.307404515625,0.9996381607177243,1.3962446919730587,-2834.147463702414,4654.704350319257,3300.1479610932843,89.99288237460244,296.565051177078,43.3
2019-02-28,47.1,51.8,39.2,999.9,6.2,4.9,9.7,-176.38963816791318,31.197875,121.336319,3.04,44.36001180159647,11.301913834801649,27.843064890155265,0.8498170915275278,0.9943497193247306,31.197875,973.307404515625,0.9996381607177243,1.3962446919730587,-2834.147463702414,4654.704350319257,3300.1479610932843,89.99288237460244,296.565051177078,37.9
2019-03-01,48.9,51.8,44.6,999.9,4.7,5.7,7.8,205.4438973114273,31.197875,121.336319,3.04,46.18244436225222,11.33311518092079,28.05177443781132,0.8587639582758029,0.9943497193247306,31.197875,973.307404515625,0.9996381607177243,1.3962446919730587,-2834.147463702414,4654.704350319257,3300.1479610932843,89.99288237460244,296.565051177078,38.5
2019-03-02,44.7,46.4,42.8,999.9,4.5,5.3,9.7,778.8278717905579,31.197875,121.336319,3.04,42.332564313203264,11.364446795490808,28.26088034856937,0.8674563547295969,0.9943497193247306,31.197875,973.307404515625,0.9996381607177243,1.3962446919730587,-2834.147463702414,4654.704350319257,3300.1479610932843,89.99288237460244,296.565051177078,41.3
2019-03-03,47.8,53.6,44.6,999.9,3.9,8.4,11.7,-534.8736242267752,31.197875,121.336319,3.04,45.39367470622243,11.395901599888475,28.470291993813127,0.8758917051442429,0.9943497193247306,31.197875,973.307404515625,0.9996381607177243,1.3962446919730587,-2834.147463702414,4654.704350319257,3300.1479610932843,89.99288237460244,296.565051177078,38.5
2019-03-04,51.2,59.0,44.6,999.9,3.9,7.2,13.6,111.1115927165216,31.197875,121.336319,3.04,48.757216546402624,11.427472628063114,28.67991911840394,0.8840675099433636,0.9943497193247306,31.197875,973.307404515625,0.9996381607177243,1.3962446919730587,-2834.147463702414,4654.704350319257,3300.1479610932843,89.99288237460244,296.565051177078,37.2
2019-03-05,50.1,53.6,48.2,999.9,2.1,7.3,13.6,407.7715150501832,31.197875,121.336319,3.04,47.84196386838501,11.459153022367666,28.889671918993717,0.8919813464595485,0.9943497193247306,31.197875,973.307404515625,0.9996381607177243,1.3962446919730587,-2834.147463702414,4654.704350319257,3300.1479610932843,89.99288237460244,296.565051177078,47.7
2019-03-06,51.4,59.0,44.6,999.9,3.8,10.9,15.5,21.4,31.197875,121.336319,3.04,49.219509324819136,11.490936029140654,29.099461121925547,0.8996308696522433,0.9943497193247306,31.197875,973.307404515625,0.9996381607177243,1.3962446919730587,-2834.147463702414,4654.704350319257,3300.1479610932843,89.99288237460244,296.565051177078,42.4
2019-03-07,45.1,53.6,37.4,999.9,5.7,9.0,15.5,21.4,31.197875,121.336319,3.04,43.30657968598952,11.52281499405486,29.309198060572484,0.9070138128026359,0.9943497193247306,31.197875,973.307404515625,0.9996381607177243,1.3962446919730587,-2834.147463702414,4654.704350319257,3300.1479610932843,89.99288237460244,296.565051177078,30.4
2019-03-08,50.0,55.4,44.6,999.9,5.6,7.2,11.7,393.6655655162907,31.197875,121.336319,3.04,48.144930655200874,11.55478335724821,29.518794751965757,0.9141279881853337,0.9943497193247306,31.197875,973.307404515625,0.9996381607177243,1.3962446919730587,-2834.147463702414,4654.704350319257,3300.1479610932843,89.99288237460244,296.565051177078,40.0
2019-03-09,50.5,51.8,48.2,999.9,2.4,6.8,11.7,53.22870898102794,31.197875,121.336319,3.04,48.76126247806072,11.586834648252053,29.728163972564378,0.9209712877166346,0.9943497193247306,31.197875,973.307404515625,0.9996381607177243,1.3962446919730587,-2834.147463702414,4654.704350319257,3300.1479610932843,89.99288237460244,296.565051177078,48.3
2019-03-10,48.2,51.8,39.2,999.9,4.1,6.7,13.6,192.20652475440946,31.197875,121.336319,3.04,46.66949929760523,11.618962480731591,29.937219333019222,0.9275416835791966,0.9943497193247306,31.197875,973.307404515625,0.9996381607177243,1.3962446919730587,-2834.147463702414,4654.704350319257,3300.1479610932843,89.99288237460244,296.565051177078,45.6
2019-03-11,54.4,66.2,42.8,999.9,4.2,7.1,15.5,19.4,31.197875,121.336319,3.04,52.818594479973655,11.651160547053012,30.145875351786717,0.9338372288229252,0.9943497193247306,31.197875,973.307404515625,0.9996381607177243,1.3962446919730587,-2834.147463702414,4654.704350319257,3300.1479610932843,89.99288237460244,296.565051177078,39.5
2019-03-12,54.9,69.8,44.6,999.9,5.8,9.1,19.4,29.1,31.197875,121.336319,3.04,53.451658453063324,11.683422612691437,30.35404752744892,0.9398560579418954,0.9943497193247306,31.197875,973.307404515625,0.9996381607177243,1.3962446919730587,-2834.147463702414,4654.704350319257,3300.1479610932843,89.99288237460244,296.565051177078,35.4
2019-03-13,54.3,62.6,48.2,999.9,6.2,6.7,11.7,393.30172329254765,31.197875,121.336319,3.04,53.013734859983344,11.715742510493557,30.56165240959944,0.9455963874271426,0.9943497193247306,31.197875,973.307404515625,0.9996381607177243,1.3962446919730587,-2834.147463702414,4654.704350319257,3300.1479610932843,89.99288237460244,296.565051177078,35.6
2019-03-14,47.5,51.8,42.8,999.9,5.8,7.0,15.5,559.6049114765514,31.197875,121.336319,3.04,46.50295178361678,11.74811413480845,30.768607668157465,0.9510565162951535,0.9943497193247306,31.197875,973.307404515625,0.9996381607177243,1.3962446919730587,-2834.147463702414,4654.704350319257,3300.1479610932843,89.99288237460244,296.565051177078,43.1
2019-03-15,55.4,69.8,41.0,999.9,6.0,7.8,15.5,17.5,31.197875,121.336319,3.04,54.38678679389088,11.78053143549983,30.97483216097545,0.9562348265919056,0.9943497193247306,31.197875,973.307404515625,0.9996381607177243,1.3962446919730587,-2834.147463702414,4654.704350319257,3300.1479610932843,89.99288237460244,296.565051177078,35.7
2019-03-16,56.4,69.8,46.4,999.9,6.0,5.5,9.7,397.95845497970055,31.197875,121.336319,3.04,55.52104553570789,11.812988411852743,31.180245999609323,0.9611297838723007,0.9943497193247306,31.197875,973.307404515625,0.9996381607177243,1.3962446919730587,-2834.147463702414,4654.704350319257,3300.1479610932843,89.99288237460244,296.565051177078,40.1
2019-03-17,60.5,73.4,51.8,999.9,5.8,7.6,15.5,-178.66601341278528,31.197875,121.336319,3.04,59.72095716136947,11.845479106387332,31.384770613124484,0.9657399376548549,0.9943497193247306,31.197875,973.307404515625,0.9996381607177243,1.3962446919730587,-2834.147463702414,4654.704350319257,3300.1479610932843,89.99288237460244,296.565051177078,43.8
2019-03-18,50.8,53.6,44.6,999.9,5.8,5.7,13.6,1481.9914297604416,31.197875,121.336319,3.04,50.28352316737386,11.87799759859225,31.588328809814694,0.9700639218515071,0.9943497193247306,31.197875,973.307404515625,0.9996381607177243,1.3962446919730587,-2834.147463702414,4654.704350319257,3300.1479610932843,89.99288237460244,296.565051177078,46.9
2019-03-19,59.4,68.0,53.6,999.9,5.9,13.0,19.4,29.1,31.197875,121.336319,3.04,58.95716309302026,11.910537998589952,31.79084483671597,0.9741004551724205,0.9943497193247306,31.197875,973.307404515625,0.9996381607177243,1.3962446919730587,-2834.147463702414,4654.704350319257,3300.1479610932843,89.99288237460244,296.565051177078,43.8
2019-03-20,67.5,80.6,57.2,999.9,5.9,9.6,19.4,29.1,31.197875,121.336319,3.04,67.17990622919619,11.94309444074599,31.992244436802252,0.9778483415056568,0.9943497193247306,31.197875,973.307404515625,0.9996381607177243,1.3962446919730587,-2834.147463702414,4654.704350319257,3300.1479610932843,89.99288237460244,296.565051177078,58.7
2019-03-21,52.8,64.4,46.4,999.9,5.3,11.8,15.5,21.4,31.197875,121.336319,3.04,52.69290873983079,11.975661077234271,32.192454903755234,0.9813064702716093,0.9943497193247306,31.197875,973.307404515625,0.9996381607177243,1.3962446919730587,-2834.147463702414,4654.704350319257,3300.1479610932843,89.99288237460244,296.565051177078,45.2
2019-03-22,47.8,53.6,44.6,999.9,6.2,8.2,13.6,15.5,31.197875,121.336319,3.04,47.83279108508778,12.008232071570156,32.3914051342058,0.9844738167520922,0.9943497193247306,31.197875,973.307404515625,0.9996381607177243,1.3962446919730587,-2834.147463702414,4654.704350319257,3300.1479610932843,89.99288237460244,296.565051177078,34.2
2019-03-23,52.0,60.8,41.0,999.9,6.2,6.1,11.7,-70.04177872692348,31.197875,121.336319,3.04,52.1768068992,12.040801592123076,32.58902567735108,0.9873494423939864,0.9943497193247306,31.197875,973.307404515625,0.9996381607177243,1.3962446919730587,-2834.147463702414,4654.704350319257,3300.1479610932843,89.99288237460244,296.565051177078,34.0
2019-03-24,53.6,59.0,50.0,999.9,6.0,8.3,11.7,-1039.658833112176,31.197875,121.336319,3.04,53.927691665104746,12.073363805620465,32.78524878185637,0.989932495087353,0.9943497193247306,31.197875,973.307404515625,0.9996381607177243,1.3962446919730587,-2834.147463702414,4654.704350319257,3300.1479610932843,89.99288237460244,296.565051177078,39.2
2019-03-25,52.0,59.0,44.6,999.9,4.1,4.1,7.8,-175.2009533479723,31.197875,121.336319,3.04,52.458955772836724,12.105912870654628,32.98000843995834,0.9922222094179323,0.9943497193247306,31.197875,973.307404515625,0.9996381607177243,1.3962446919730587,-2834.147463702414,4654.704350319257,3300.1479610932843,89.99288237460244,296.565051177078,46.4
2019-03-26,60.3,71.6,51.8,999.9,6.0,7.2,9.7,15.5,31.197875,121.336319,3.04,60.99567572930135,12.138442931204247,33.17324042869194,0.994217906893952,0.9943497193247306,31.197875,973.307404515625,0.9996381607177243,1.3962446919730587,-2834.147463702414,4654.704350319257,3300.1479610932843,89.99288237460244,296.565051177078,46.7
2019-03-27,61.2,71.6,57.2,999.9,5.1,4.9,9.7,-595.5437516203806,31.197875,121.336319,3.04,62.07183536192953,12.170948110182259,33.36488234817054,0.995918996147179,0.9943497193247306,31.197875,973.307404515625,0.9996381607177243,1.3962446919730587,-2834.147463702414,4654.704350319257,3300.1479610932843,89.99288237460244,296.565051177078,55.5
2019-03-28,58.4,64.4,53.6,999.9,3.2,6.3,9.7,-611.3948713725498,31.197875,121.336319,3.04,59.389989514706436,12.203422503021871,33.55487365685551,0.9973249731081555,0.9943497193247306,31.197875,973.307404515625,0.9996381607177243,1.3962446919730587,-2834.147463702414,4654.704350319257,3300.1479610932843,89.99288237460244,296.565051177078,54.1
2019-03-29,59.0,68.0,51.8,999.9,5.3,5.3,11.7,15.5,31.197875,121.336319,3.04,60.15964584228736,12.235860171312684,33.74315570375904,0.9984354211555643,0.9943497193247306,31.197875,973.307404515625,0.9996381607177243,1.3962446919730587,-2834.147463702414,4654.704350319257,3300.1479610932843,89.99288237460244,296.565051177078,51.2
2019-03-30,55.5,68.0,48.2,999.9,4.8,10.2,17.5,-285.8889796460811,31.197875,121.336319,3.04,56.740680006307294,12.268255136498874,33.92967175753052,0.9992500112396835,0.9943497193247306,31.197875,973.307404515625,0.9996381607177243,1.3962446919730587,-2834.147463702414,4654.704350319257,3300.1479610932843,89.99288237460244,296.565051177078,40.5
2019-03-31,51.1,59.0,42.8,999.9,6.2,5.3,9.7,15.5,31.197875,121.336319,3.04,52.38006084946675,12.300601373651682,34.1143670323853,0.9997685019798909,0.9943497193247306,31.197875,973.307404515625,0.9996381607177243,1.3962446919730587,-2834.147463702414,4654.704350319257,3300.1479610932843,89.99288237460244,296.565051177078,28.5
2019-04-01,55.6,66.2,48.2,999.9,6.2,7.9,11.7,15.5,31.197875,121.336319,3.04,57.142403331355766,12.332892805328582,34.29718871084079,0.9999907397361901,0.9943497193247306,31.197875,973.307404515625,0.9996381607177243,1.3962446919730587,-2834.147463702414,4654.704350319257,3300.1479610932843,89.99288237460244,296.565051177078,33.6
2019-04-02,58.2,64.4,53.6,999.9,6.2,5.6,11.7,-848.1762669823764,31.197875,121.336319,3.04,59.970847983328824,12.365123295531717,34.47808596323383,0.9999166586547379,0.9943497193247306,31.197875,973.307404515625,0.9996381607177243,1.3962446919730587,-2834.147463702414,4654.704350319257,3300.1479610932843,89.99288237460244,296.565051177078,43.9
2019-04-03,58.5,66.2,51.8,999.9,6.2,5.7,11.7,282.51040669932723,31.197875,121.336319,3.04,60.43677238841994,12.39728664377845,34.65700996399965,0.9995462806873573,0.9943497193247306,31.197875,973.307404515625,0.9996381607177243,1.3962446919730587,-2834.147463702414,4654.704350319257,3300.1479610932843,89.99288237460244,296.565051177078,48.9
2019-04-04,56.0,60.8,53.6,999.9,5.4,7.9,11.7,-758.9415398796059,31.197875,121.336319,3.04,58.00375737005338,12.429376579297154,34.83391390470139,0.9988797155850336,0.9943497193247306,31.197875,973.307404515625,0.9996381607177243,1.3962446919730587,-2834.147463702414,4654.704350319257,3300.1479610932843,89.99288237460244,296.565051177078,50.8
2019-04-05,64.5,75.2,53.6,999.9,5.2,5.6,9.7,-429.7438013850806,31.197875,121.336319,3.04,66.9799538100684,12.461386755361563,35.008753003806305,0.9979171608653922,0.9943497193247306,31.197875,973.307404515625,0.9996381607177243,1.3962446919730587,-2834.147463702414,4654.704350319257,3300.1479610932843,89.99288237460244,296.565051177078,48.7
2019-04-06,67.0,78.8,57.2,999.9,5.6,6.4,11.7,-692.4747204416319,31.197875,121.336319,3.04,69.7543183194241,12.493310743777451,35.18148451321224,0.9966589017541702,0.9943497193247306,31.197875,973.307404515625,0.9996381607177243,1.3962446919730587,-2834.147463702414,4654.704350319257,3300.1479610932843,89.99288237460244,296.565051177078,54.7
2019-04-07,72.7,86.0,60.8,999.9,5.0,7.2,15.5,21.4,31.197875,121.336319,3.04,75.88148546226975,12.525142029535585,35.35206772153639,0.9951053111006976,0.9943497193247306,31.197875,973.307404515625,0.9996381607177243,1.3962446919730587,-2834.147463702414,4654.704350319257,3300.1479610932843,89.99288237460244,296.565051177078,54.7
2019-04-08,72.4,84.2,66.2,999.9,5.4,10.6,15.5,-798.5294202501963,31.197875,121.336319,3.04,75.75980650072634,12.55687400564525,35.52046395418503,0.9932568492674143,0.9943497193247306,31.197875,973.307404515625,0.9996381607177243,1.3962446919730587,-2834.147463702414,4654.704350319257,3300.1479610932843,89.99288237460244,296.565051177078,61.5
2019-04-09,64.0,86.0,50.0,999.9,5.8,14.4,19.4,31.1,31.197875,121.336319,3.04,67.13866649686979,12.588499968163086,35.68663657023083,0.9911140639934547,0.9943497193247306,31.197875,973.307404515625,0.9996381607177243,1.3962446919730587,-2834.147463702414,4654.704350319257,3300.1479610932843,89.99288237460244,296.565051177078,56.5
2019-04-10,51.9,53.6,50.0,999.9,6.2,9.0,17.5,-307.15238740625597,31.197875,121.336319,3.04,54.58155670694402,12.620013111432144,35.85055095613186,0.9886775902323405,0.9943497193247306,31.197875,973.307404515625,0.9996381607177243,1.3962446919730587,-2834.147463702414,4654.704350319257,3300.1479610932843,89.99288237460244,296.565051177078,43.2
2019-04-11,51.8,57.2,46.4,999.9,6.1,4.5,7.8,110.96966802225889,31.197875,121.336319,3.04,54.61190482664249,12.651406523546523,36.01217451633321,0.9859481499638304,0.9943497193247306,31.197875,973.307404515625,0.9996381607177243,1.3962446919730587,-2834.147463702414,4654.704350319257,3300.1479610932843,89.99288237460244,296.565051177078,41.0
2019-04-12,58.3,68.0,51.8,999.9,5.4,7.1,11.7,989.2923216363218,31.197875,121.336319,3.04,61.616653876161536,12.682673182057263,36.171476660799584,0.9829265519799822,0.9943497193247306,31.197875,973.307404515625,0.9996381607177243,1.3962446919730587,-2834.147463702414,4654.704350319257,3300.1479610932843,89.99288237460244,296.565051177078,42.1
2019-04-13,61.6,68.0,57.2,999.9,6.1,6.8,15.5,642.5359925606905,31.197875,121.336319,3.04,65.2642038763352,12.713805949935429,36.328428789534065,0.9796136916454901,0.9943497193247306,31.197875,973.307404515625,0.9996381607177243,1.3962446919730587,-2834.147463702414,4654.704350319257,3300.1479610932843,89.99288237460244,296.565051177078,51.4
2019-04-14,57.9,68.0,48.2,999.9,5.2,7.8,15.5,643.4892688265636,31.197875,121.336319,3.04,61.49364828397705,12.744797571808716,36.48300427414487,0.9760105506323683,0.9943497193247306,31.197875,973.307404515625,0.9996381607177243,1.3962446919730587,-2834.147463702414,4654.704350319257,3300.1479610932843,89.99288237460244,296.565051177078,48.7
2019-04-15,61.3,71.6,55.4,999.9,6.0,9.1,11.7,19.4,31.197875,121.336319,3.04,65.26223109174353,12.77564067048813,36.63517843652859,0.9721181966290613,0.9943497193247306,31.197875,973.307404515625,0.9996381607177243,1.3962446919730587,-2834.147463702414,4654.704350319257,3300.1479610932843,89.99288237460244,296.565051177078,39.1
2019-04-16,59.5,66.2,53.6,999.9,6.0,8.1,13.6,-479.04907099633635,31.197875,121.336319,3.04,63.498041729682846,12.806327743801583,36.784928524744565,0.9679377830240642,0.9943497193247306,31.197875,973.307404515625,0.9996381607177243,1.3962446919730587,-2834.147463702414,4654.704350319257,3300.1479610932843,89.99288237460244,296.565051177078,49.9
2019-04-17,64.4,75.2,57.2,999.9,5.3,6.4,11.7,-319.41533641261896,31.197875,121.336319,3.04,68.8911012347329,12.836851161751472,36.932233686161084,0.9634705485641488,0.9943497193247306,31.197875,973.307404515625,0.9996381607177243,1.3962446919730587,-2834.147463702414,4654.704350319257,3300.1479610932843,89.99288237460244,296.565051177078,55.4
2019-04-18,72.7,84.2,64.4,999.9,5.7,6.2,9.7,-752.2143143916405,31.197875,121.336319,3.04,77.95380583531525,12.867203164013521,37.077074937959935,0.9587178169872964,0.9943497193247306,31.197875,973.307404515625,0.9996381607177243,1.3962446919730587,-2834.147463702414,4654.704350319257,3300.1479610932843,89.99288237460244,296.565051177078,59.1
2019-04-19,70.2,75.2,66.2,999.9,5.6,8.3,11.7,430.8837803530387,31.197875,121.336319,3.04,75.44964876809652,12.897375857794277,37.21943513509125,0.9536809966304457,0.9943497193247306,31.197875,973.307404515625,0.9996381607177243,1.3962446919730587,-2834.147463702414,4654.704350319257,3300.1479610932843,89.99288237460244,296.565051177078,63.6
2019-04-20,69.9,77.0,66.2,999.9,6.1,11.3,17.5,-768.0002836628101,31.197875,121.336319,3.04,75.30187908357752,12.92736121606481,37.35929893577572,0.9483615800121715,0.9943497193247306,31.197875,973.307404515625,0.9996381607177243,1.3962446919730587,-2834.147463702414,4654.704350319257,3300.1479610932843,89.99288237460244,296.565051177078,63.6
2019-04-21,68.7,75.2,64.4,999.9,4.3,6.4,9.7,92.71890392665624,31.197875,121.336319,3.04,74.17968991117716,12.95715107618815,37.49665276465612,0.9427611433904207,0.9943497193247306,31.197875,973.307404515625,0.9996381607177243,1.3962446919730587,-2834.147463702414,4654.704350319257,3300.1479610932843,89.99288237460244,296.565051177078,65.5
2019-04-22,66.6,68.0,66.2,999.9,4.0,5.7,9.7,-349.5652411427919,31.197875,121.336319,3.04,72.07639112121716,12.986737138958048,37.63148477370465,0.9368813462954315,0.9943497193247306,31.197875,973.307404515625,0.9996381607177243,1.3962446919730587,-2834.147463702414,4654.704350319257,3300.1479610932843,89.99288237460244,296.565051177078,65.7
2019-04-23,73.2,78.8,69.8,999.9,3.4,5.7,9.7,-357.2505427880504,31.197875,121.336319,3.04,79.39827690520542,13.01611096806646,37.76378480099666,0.9307239310379795,0.9943497193247306,31.197875,973.307404515625,0.9996381607177243,1.3962446919730587,-2834.147463702414,4654.704350319257,3300.1479610932843,89.99288237460244,296.565051177078,67.0
2019-04-24,70.0,77.0,64.4,999.9,3.5,4.8,7.8,1278.7715545989486,31.197875,121.336319,3.04,76.09737327509994,13.045263990017132,37.89354432746522,0.9242907221930933,0.9943497193247306,31.197875,973.307404515625,0.9996381607177243,1.3962446919730587,-2834.147463702414,4654.704350319257,3300.1479610932843,89.99288237460244,296.565051177078,64.2
2019-04-25,66.0,75.2,57.2,999.9,6.0,7.6,15.5,397.18475035819216,31.197875,121.336319,3.04,71.90803121976258,13.074187494502285,38.02075643175428,0.9175836260593937,0.9943497193247306,31.197875,973.307404515625,0.9996381607177243,1.3962446919730587,-2834.147463702414,4654.704350319257,3300.1479610932843,89.99288237460244,296.565051177078,58.9
2019-04-26,54.1,60.8,48.2,999.9,6.1,8.4,19.4,555.3538803850279,31.197875,121.336319,3.04,59.07211746395973,13.10287263525909,38.145415743291544,0.9106046300942162,0.9943497193247306,31.197875,973.307404515625,0.9996381607177243,1.3962446919730587,-2834.147463702414,4654.704350319257,3300.1479610932843,89.99288237460244,296.565051177078,45.1
2019-04-27,61.2,66.2,59.0,999.9,6.2,10.3,13.6,21.4,31.197875,121.336319,3.04,66.96968320025366,13.131310431422284,38.267518393704115,0.9033558023246845,0.9943497193247306,31.197875,973.307404515625,0.9996381607177243,1.3962446919730587,-2834.147463702414,4654.704350319257,3300.1479610932843,89.99288237460244,296.565051177078,48.2
2019-04-28,62.8,66.2,60.8,999.9,4.3,3.6,9.7,13.6,31.197875,121.336319,3.04,68.86800692646699,13.159491769388596,38.387061966703406,0.895839290734909,0.9943497193247306,31.197875,973.307404515625,0.9996381607177243,1.3962446919730587,-2834.147463702414,4654.704350319257,3300.1479610932843,89.99288237460244,296.565051177078,58.9
2019-04-29,60.7,64.4,57.2,999.9,5.0,7.0,11.7,116.17158570194931,31.197875,121.336319,3.04,66.70630245801095,13.187407405208095,38.504045446566224,0.8880573226294932,0.9943497193247306,31.197875,973.307404515625,0.9996381607177243,1.3962446919730587,-2834.147463702414,4654.704350319257,3300.1479610932843,89.99288237460244,296.565051177078,58.0
2019-04-30,59.0,62.6,57.2,999.9,5.4,5.8,9.7,623.7214563910383,31.197875,121.336319,3.04,64.97398584029077,13.215047967516766,38.61846916534176,0.8800122039735357,0.9943497193247306,31.197875,973.307404515625,0.9996381607177243,1.3962446919730587,-2834.147463702414,4654.704350319257,3300.1479610932843,89.99288237460244,296.565051177078,54.7
2019-05-01,63.6,75.2,51.8,999.9,5.4,6.3,15.5,223.67856855550363,31.197875,121.336319,3.04,70.18474099342603,13.24240396102378,38.73033474891414,0.8717063187093218,0.9943497193247306,31.197875,973.307404515625,0.9996381607177243,1.3962446919730587,-2834.147463702414,4654.704350319257,3300.1479610932843,89.99288237460244,296.565051177078,51.4
2019-05-02,66.3,77.0,51.8,999.9,6.2,4.5,9.7,880.9054294799712,31.197875,121.336319,3.04,73.31379838237602,13.269465770565796,38.839645062051645,0.8631421280499114,0.9943497193247306,31.197875,973.307404515625,0.9996381607177243,1.3962446919730587,-2834.147463702414,4654.704350319257,3300.1479610932843,89.99288237460244,296.565051177078,40.0
2019-05-03,70.0,82.4,59.0,999.9,6.2,4.9,9.7,-294.98819820181,31.197875,121.336319,3.04,77.56130471681463,13.29622366573965,38.94640415257327,0.854322169749827,0.9943497193247306,31.197875,973.307404515625,0.9996381607177243,1.3962446919730587,-2834.147463702414,4654.704350319257,3300.1479610932843,89.99288237460244,296.565051177078,38.7
2019-05-04,70.9,82.4,60.8,999.9,6.2,8.6,15.5,152.81326030792238,31.197875,121.336319,3.04,78.71476228784523,13.32266780612331,39.050617194763724,0.8452490573530633,0.9943497193247306,31.197875,973.307404515625,0.9996381607177243,1.3962446919730587,-2834.147463702414,4654.704350319257,3300.1479610932843,89.99288237460244,296.565051177078,42.7
2019-05-05,69.8,78.8,60.8,999.9,6.2,8.7,17.5,292.48578561712714,31.197875,121.336319,3.04,77.64545163726189,13.348788247093733,39.15229043216671,0.8359254794186372,0.9943497193247306,31.197875,973.307404515625,0.9996381607177243,1.3962446919730587,-2834.147463702414,4654.704350319257,3300.1479610932843,89.99288237460244,296.565051177078,55.2
2019-05-06,59.2,68.0,51.8,999.9,6.2,10.7,17.5,23.3,31.197875,121.336319,3.04,65.98123640149286,13.374574946248552,39.251431119886036,0.8263541987239096,0.9943497193247306,31.197875,973.307404515625,0.9996381607177243,1.3962446919730587,-2834.147463702414,4654.704350319257,3300.1479610932843,89.99288237460244,296.565051177078,39.7
2019-05-07,63.9,69.8,60.8,999.9,6.2,7.8,11.7,19.4,31.197875,121.336319,3.04,71.35509462757642,13.400017770436888,39.34804746652181,0.8165380514459161,0.9943497193247306,31.197875,973.307404515625,0.9996381607177243,1.3962446919730587,-2834.147463702414,4654.704350319257,3300.1479610932843,89.99288237460244,296.565051177078,33.7
2019-05-08,64.2,71.6,57.2,999.9,6.2,6.4,11.7,19.4,31.197875,121.336319,3.04,71.82431979320442,13.425106503402697,39.44214857586848,0.8064799463209448,0.9943497193247306,31.197875,973.307404515625,0.9996381607177243,1.3962446919730587,-2834.147463702414,4654.704350319257,3300.1479610932843,89.99288237460244,296.565051177078,51.3
2019-05-09,69.5,78.8,62.6,999.9,6.2,6.2,13.6,-125.16519637601004,31.197875,121.336319,3.04,77.89693702966048,13.449830854042096,39.53374438849778,0.7961828637826158,0.9943497193247306,31.197875,973.307404515625,0.9996381607177243,1.3962446919730587,-2834.147463702414,4654.704350319257,3300.1479610932843,89.99288237460244,296.565051177078,52.9
2019-05-10,70.5,82.4,62.6,999.9,6.2,6.2,13.6,15.5,31.197875,121.336319,3.04,79.16081023348443,13.474180465273946,39.622845623348496,0.7856498550787147,0.9943497193247306,31.197875,973.307404515625,0.9996381607177243,1.3962446919730587,-2834.147463702414,4654.704350319257,3300.1479610932843,89.99288237460244,296.565051177078,54.6
2019-05-11,73.6,86.0,64.4,999.9,6.2,6.8,11.7,648.8034584609859,31.197875,121.336319,3.04,82.78862219759355,13.498144923520687,39.70946371944134,0.7748840413670407,0.9943497193247306,31.197875,973.307404515625,0.9996381607177243,1.3962446919730587,-2834.147463702414,4654.704350319257,3300.1479610932843,89.99288237460244,296.565051177078,56.6
2019-05-12,75.0,86.0,68.0,999.9,6.2,9.5,13.6,1121.8536989067975,31.197875,121.336319,3.04,84.51071105496301,13.521713768794083,39.79361077783425,0.7638886127905428,0.9943497193247306,31.197875,973.307404515625,0.9996381607177243,1.3962446919730587,-2834.147463702414,4654.704350319257,3300.1479610932843,89.99288237460244,296.565051177078,52.9
2019-05-13,66.3,73.4,62.6,999.9,6.1,6.9,11.7,21.4,31.197875,121.336319,3.04,74.83544269221295,13.54487650537791,39.87529950392982,0.7526668275320085,0.9943497193247306,31.197875,973.307404515625,0.9996381607177243,1.3962446919730587,-2834.147463702414,4654.704350319257,3300.1479610932843,89.99288237460244,296.565051177078,58.9
2019-05-14,68.1,73.4,66.2,999.9,6.1,6.8,9.7,7.596933130073921,31.197875,121.336319,3.04,76.99625832932588,13.567622613097072,39.95454315024323,0.7412220108485958,0.9943497193247306,31.197875,973.307404515625,0.9996381607177243,1.3962446919730587,-2834.147463702414,4654.704350319257,3300.1479610932843,89.99288237460244,296.565051177078,59.8
2019-05-15,67.9,71.6,66.2,999.9,4.6,7.3,9.7,-132.94007703656098,31.197875,121.336319,3.04,76.89641932224576,13.58994155915978,40.0313554597341,0.7295575540864875,0.9943497193247306,31.197875,973.307404515625,0.9996381607177243,1.3962446919730587,-2834.147463702414,4654.704350319257,3300.1479610932843,89.99288237460244,296.565051177078,64.5
2019-05-16,71.5,75.2,68.0,999.9,4.5,5.1,9.7,-21.29781217899964,31.197875,121.336319,3.04,81.10377757956684,13.611822810556673,40.10575060980245,0.717676913675962,0.9943497193247306,31.197875,973.307404515625,0.9996381607177243,1.3962446919730587,-2834.147463702414,4654.704350319257,3300.1479610932843,89.99288237460244,296.565051177078,66.6
2019-05-17,74.8,78.8,69.8,999.9,5.6,6.6,15.5,587.0238165859323,31.197875,121.336319,3.04,84.98062811295256,13.633255846997738,40.177743157043324,0.705583610107178,0.9943497193247306,31.197875,973.307404515625,0.9996381607177243,1.3962446919730587,-2834.147463702414,4654.704350319257,3300.1479610932843,89.99288237460244,296.565051177078,69.3
2019-05-18,69.9,75.2,66.2,999.9,6.0,7.4,13.6,221.49863118962915,31.197875,121.336319,3.04,79.53589076567604,13.654230174364985,40.24734798285102,0.6932812268869777,0.9943497193247306,31.197875,973.307404515625,0.9996381607177243,1.3962446919730587,-2834.147463702414,4654.704350319257,3300.1479610932843,89.99288237460244,296.565051177078,62.1
2019-05-19,74.1,84.2,69.8,999.9,4.6,5.4,17.5,-886.842770293792,31.197875,121.336319,3.04,84.44149071619886,13.674735338655685,40.314580239957756,0.6807734094770161,0.9943497193247306,31.197875,973.307404515625,0.9996381607177243,1.3962446919730587,-2834.147463702414,4654.704350319257,3300.1479610932843,89.99288237460244,296.565051177078,63.6
2019-05-20,70.2,78.8,62.6,999.9,6.2,8.2,19.4,25.3,31.197875,121.336319,3.04,80.11435150126958,13.694760940387962,40.37945529998776,0.6680638642135335,0.9943497193247306,31.197875,973.307404515625,0.9996381607177243,1.3962446919730587,-2834.147463702414,4654.704350319257,3300.1479610932843,89.99288237460244,296.565051177078,40.6
2019-05-21,73.8,82.4,64.4,999.9,6.2,5.6,9.7,19.4,31.197875,121.336319,3.04,84.34292439404007,13.71429664943741,40.44198870210135,0.6551563572090853,0.9943497193247306,31.197875,973.307404515625,0.9996381607177243,1.3962446919730587,-2834.147463702414,4654.704350319257,3300.1479610932843,89.99288237460244,296.565051177078,45.4
2019-05-22,77.0,87.8,66.2,999.9,6.2,5.4,9.7,21.4,31.197875,121.336319,3.04,88.12221508006793,13.733332220270327,40.50219610279956,0.6420547132365637,0.9943497193247306,31.197875,973.307404515625,0.9996381607177243,1.3962446919730587,-2834.147463702414,4654.704350319257,3300.1479610932843,89.99288237460244,296.565051177078,51.5
2019-05-23,81.1,95.0,68.0,999.9,6.0,6.0,11.7,15.5,31.197875,121.336319,3.04,92.93963698843135,13.751857507536084,40.5600932269536,0.6287628145958344,0.9943497193247306,31.197875,973.307404515625,0.9996381607177243,1.3962446919730587,-2834.147463702414,4654.704350319257,3300.1479610932843,89.99288237460244,296.565051177078,53.4
2019-05-24,81.2,93.2,73.4,999.9,6.2,13.8,17.5,23.3,31.197875,121.336319,3.04,93.17606946138567,13.769862481978176,40.61569582011839,0.6152845999633276,0.9943497193247306,31.197875,973.307404515625,0.9996381607177243,1.3962446919730587,-2834.147463702414,4654.704350319257,3300.1479610932843,89.99288237460244,296.565051177078,53.1
2019-05-25,76.6,84.2,69.8,999.9,6.0,14.2,17.5,21.4,31.197875,121.336319,3.04,88.00916942426105,13.787337246620531,40.66901960218439,0.6016240632249226,0.9943497193247306,31.197875,973.307404515625,0.9996381607177243,1.3962446919730587,-2834.147463702414,4654.704350319257,3300.1479610932843,89.99288237460244,296.565051177078,66.1
2019-05-26,72.9,75.2,69.8,999.9,5.5,12.0,17.5,27.2,31.197875,121.336319,3.04,83.86095272308619,13.804272053182912,40.720080222416115,0.5877852522924732,0.9943497193247306,31.197875,973.307404515625,0.9996381607177243,1.3962446919730587,-2834.147463702414,4654.704350319257,3300.1479610932843,89.99288237460244,296.565051177078,71.1
2019-05-27,72.2,89.6,60.8,999.9,5.8,12.5,25.3,29.1,31.197875,121.336319,3.04,83.15428820070333,13.820657318676455,40.76889321592092,0.5737722679043246,0.9943497193247306,31.197875,973.307404515625,0.9996381607177243,1.3962446919730587,-2834.147463702414,4654.704350319257,3300.1479610932843,89.99288237460244,296.565051177078,60.0
2019-05-28,72.7,78.8,66.2,999.9,6.2,7.0,13.6,19.4,31.197875,121.336319,3.04,83.82603006522547,13.836483642128,40.815473961586264,0.5595892624101765,0.9943497193247306,31.197875,973.307404515625,0.9996381607177243,1.3962446919730587,-2834.147463702414,4654.704350319257,3300.1479610932843,89.99288237460244,296.565051177078,44.4
2019-05-29,74.5,86.0,66.2,999.9,6.2,6.0,11.7,17.5,31.197875,121.336319,3.04,85.99623047439687,13.851741821379361,40.859837641518816,0.545240438540651,0.9943497193247306,31.197875,973.307404515625,0.9996381607177243,1.3962446919730587,-2834.147463702414,4654.704350319257,3300.1479610932843,89.99288237460244,296.565051177078,45.6
2019-05-30,72.0,80.6,64.4,999.9,5.5,7.8,13.6,77.95029371830205,31.197875,121.336319,3.04,83.19853721943431,13.866422869905717,40.90199920201378,0.5307300481619334,0.9943497193247306,31.197875,973.307404515625,0.9996381607177243,1.3962446919730587,-2834.147463702414,4654.704350319257,3300.1479610932843,89.99288237460244,296.565051177078,55.5
2019-05-31,70.5,78.8,66.2,999.9,5.4,6.4,9.7,-1119.3066784251014,31.197875,121.336319,3.04,81.54804344737254,13.880518033595326,40.941973316078325,0.5160623910158528,0.9943497193247306,31.197875,973.307404515625,0.9996381607177243,1.3962446919730587,-2834.147463702414,4654.704350319257,3300.1479610932843,89.99288237460244,296.565051177078,60.1
2019-06-01,70.1,75.2,66.2,999.9,6.2,6.1,11.7,430.9614022771963,31.197875,121.336319,3.04,81.16422653340994,13.89401880743109,40.97977434752847,0.5012418134457758,0.9943497193247306,31.197875,973.307404515625,0.9996381607177243,1.3962446919730587,-2834.147463702414,4654.704350319257,3300.1479610932843,89.99288237460244,296.565051177078,60.8
2019-06-02,72.7,84.2,66.2,999.9,6.2,5.7,11.7,-220.70551952546273,31.197875,121.336319,3.04,84.25273853428072,13.906916952013326,41.01541631667452,0.48627270710868997,0.9943497193247306,31.197875,973.307404515625,0.9996381607177243,1.3962446919730587,-2834.147463702414,4654.704350319257,3300.1479610932843,89.99288237460244,296.565051177078,60.5
2019-06-03,76.4,87.8,68.0,999.9,6.2,7.8,11.7,-19.241584265214485,31.197875,121.336319,3.04,88.61893537945384,13.91920450986186,41.04891286760636,0.4711595076738638,0.9943497193247306,31.197875,973.307404515625,0.9996381607177243,1.3962446919730587,-2834.147463702414,4654.704350319257,3300.1479610932843,89.99288237460244,296.565051177078,63.6
2019-06-04,79.6,93.2,69.8,999.9,6.0,6.6,11.7,13.6,31.197875,121.336319,3.04,92.40812968218555,13.930873821435009,41.08027723708625,0.4559066935084588,0.9943497193247306,31.197875,973.307404515625,0.9996381607177243,1.3962446919730587,-2834.147463702414,4654.704350319257,3300.1479610932843,89.99288237460244,296.565051177078,65.9
2019-06-05,80.9,91.4,77.0,999.9,5.8,12.5,17.5,27.2,31.197875,121.336319,3.04,93.99176075424437,13.941917540802624,41.10952222505303,0.440518784350495,0.9943497193247306,31.197875,973.307404515625,0.9996381607177243,1.3962446919730587,-2834.147463702414,4654.704350319257,3300.1479610932843,89.99288237460244,296.565051177078,71.2
2019-06-06,80.1,93.2,69.8,999.9,6.2,15.4,25.3,36.9,31.197875,121.336319,3.04,93.13179374482635,13.952328650910317,41.136660166739325,0.42500033996955416,0.9943497193247306,31.197875,973.307404515625,0.9996381607177243,1.3962446919730587,-2834.147463702414,4654.704350319257,3300.1479610932843,89.99288237460244,296.565051177078,68.3
2019-06-07,74.4,82.4,69.8,999.9,6.1,6.9,9.7,465.6653420342369,31.197875,121.336319,3.04,86.56502296590949,13.962100478372497,41.161702906399924,0.4093559588156213,0.9943497193247306,31.197875,973.307404515625,0.9996381607177243,1.3962446919730587,-2834.147463702414,4654.704350319257,3300.1479610932843,89.99288237460244,296.565051177078,63.0
2019-06-08,77.3,84.2,71.6,999.9,6.2,8.3,13.6,-881.4823207703199,31.197875,121.336319,3.04,89.99798537564358,13.97122670773251,41.18466177264736,0.39359027665646673,0.9943497193247306,31.197875,973.307404515625,0.9996381607177243,1.3962446919730587,-2834.147463702414,4654.704350319257,3300.1479610932843,89.99288237460244,296.565051177078,65.4
2019-06-09,77.5,87.8,71.6,999.9,6.0,7.1,11.7,-519.0984408357049,31.197875,121.336319,3.04,90.28557151021081,13.979701395129416,41.205547555389096,0.3777079652039649,0.9943497193247306,31.197875,973.307404515625,0.9996381607177243,1.3962446919730587,-2834.147463702414,4654.704350319257,3300.1479610932843,89.99288237460244,296.565051177078,68.1
2019-06-10,75.4,86.0,68.0,999.9,5.6,8.0,15.5,-115.80100594118363,31.197875,121.336319,3.04,87.88824426591329,13.98751898131246,41.224370484358154,0.36171373072976765,0.9943497193247306,31.197875,973.307404515625,0.9996381607177243,1.3962446919730587,-2834.147463702414,4654.704350319257,3300.1479610932843,89.99288237460244,296.565051177078,67.2
2019-06-11,75.4,84.2,69.8,999.9,6.2,7.9,11.7,15.5,31.197875,121.336319,3.04,87.93320354312932,13.994674303946312,41.24114020922852,0.3456123126707335,0.9943497193247306,31.197875,973.307404515625,0.9996381607177243,1.3962446919730587,-2834.147463702414,4654.704350319257,3300.1479610932843,89.99288237460244,296.565051177078,62.7
2019-06-12,74.0,80.6,69.8,999.9,6.2,8.8,13.6,-376.0483041614652,31.197875,121.336319,3.04,86.34050275643997,14.001162609152427,41.25586578130531,0.3294084822245304,0.9943497193247306,31.197875,973.307404515625,0.9996381607177243,1.3962446919730587,-2834.147463702414,4654.704350319257,3300.1479610932843,89.99288237460244,296.565051177078,61.4
2019-06-13,69.3,77.0,62.6,999.9,6.2,7.0,11.7,-205.9940103881733,31.197875,121.336319,3.04,80.89030697190533,14.00697956223469,41.26855563677867,0.3131070409358269,0.9943497193247306,31.197875,973.307404515625,0.9996381607177243,1.3962446919730587,-2834.147463702414,4654.704350319257,3300.1479610932843,89.99288237460244,296.565051177078,62.9
2019-06-14,74.0,82.4,66.2,999.9,6.0,7.6,15.5,21.4,31.197875,121.336319,3.04,86.40808108816675,14.012121257540555,41.2792175815308,0.29671281927349075,0.9943497193247306,31.197875,973.307404515625,0.9996381607177243,1.3962446919730587,-2834.147463702414,4654.704350319257,3300.1479610932843,89.99288237460244,296.565051177078,59.1
2019-06-15,82.2,91.4,75.2,999.9,6.0,6.6,9.7,15.5,31.197875,121.336319,3.04,96.01360195777501,14.016584227412409,41.2878587774846,0.28023067519921585,0.9943497193247306,31.197875,973.307404515625,0.9996381607177243,1.3962446919730587,-2834.147463702414,4654.704350319257,3300.1479610932843,89.99288237460244,296.565051177078,64.0
2019-06-16,83.2,91.4,78.8,999.9,6.0,7.1,9.7,1577.8976486115525,31.197875,121.336319,3.04,97.20786712130091,14.02036545018763,41.294485730483274,0.26366549272800704,0.9943497193247306,31.197875,973.307404515625,0.9996381607177243,1.3962446919730587,-2834.147463702414,4654.704350319257,3300.1479610932843,89.99288237460244,296.565051177078,64.2
2019-06-17,79.5,91.4,69.8,999.9,5.7,12.5,17.5,25.3,31.197875,121.336319,3.04,92.90543811651585,14.02346235720994,41.299104279690404,0.24702218048093552,0.9943497193247306,31.197875,973.307404515625,0.9996381607177243,1.3962446919730587,-2834.147463702414,4654.704350319257,3300.1479610932843,89.99288237460244,296.565051177078,62.2
2019-06-18,73.5,75.2,71.6,999.9,3.6,6.6,11.7,17.5,31.197875,121.336319,3.04,85.90847113776671,14.025872838819057,41.30171958850089,0.23030567023061221,0.9943497193247306,31.197875,973.307404515625,0.9996381607177243,1.3962446919730587,-2834.147463702414,4654.704350319257,3300.1479610932843,89.99288237460244,296.565051177078,72.4
2019-06-19,75.2,78.8,71.6,999.9,6.2,6.2,9.7,519.5972468585794,31.197875,121.336319,3.04,87.90626356221871,14.02759524929022,41.30233613695408,0.21352091543979612,0.9943497193247306,31.197875,973.307404515625,0.9996381607177243,1.3962446919730587,-2834.147463702414,4654.704350319257,3300.1479610932843,89.99288237460244,296.565051177078,68.9
2019-06-20,73.6,77.0,69.8,999.9,5.0,7.2,11.7,660.9683441517396,31.197875,121.336319,3.04,86.04225425229419,14.02862841070014,41.30095771564151,0.19667288979357647,0.9943497193247306,31.197875,973.307404515625,0.9996381607177243,1.3962446919730587,-2834.147463702414,4654.704350319257,3300.1479610932843,89.99288237460244,296.565051177078,70.6
2019-06-21,74.9,80.6,69.8,999.9,6.2,6.7,11.7,841.183092173762,31.197875,121.336319,3.04,87.56416450133253,14.028971615700806,41.29758742110299,0.1797665857255624,0.9943497193247306,31.197875,973.307404515625,0.9996381607177243,1.3962446919730587,-2834.147463702414,4654.704350319257,3300.1479610932843,89.99288237460244,296.565051177078,68.4
2019-06-22,74.5,82.4,66.2,999.9,6.2,6.6,9.7,-203.70719598983118,31.197875,121.336319,3.04,87.09437790620824,14.028624629187904,41.292227652706394,0.16280701293851715,0.9943497193247306,31.197875,973.307404515625,0.9996381607177243,1.3962446919730587,-2834.147463702414,4654.704350319257,3300.1479610932843,89.99288237460244,296.565051177078,65.1
2019-06-23,76.2,82.4,69.8,999.9,6.2,7.9,11.7,-267.19160310302675,31.197875,121.336319,3.04,89.07518182423445,14.027587688855819,41.28488011100759,0.1457991969198751,0.9943497193247306,31.197875,973.307404515625,0.9996381607177243,1.3962446919730587,-2834.147463702414,4654.704350319257,3300.1479610932843,89.99288237460244,296.565051177078,64.1
2019-06-24,76.5,84.2,71.6,999.9,6.2,11.0,17.5,25.3,31.197875,121.336319,3.04,89.4148670920578,14.02586150463652,41.27554579758898,0.12874817745258132,0.9943497193247306,31.197875,973.307404515625,0.9996381607177243,1.3962446919730587,-2834.147463702414,4654.704350319257,3300.1479610932843,89.99288237460244,296.565051177078,63.7
2019-06-25,74.2,78.8,69.8,999.9,5.5,8.3,13.6,-368.41676993204317,31.197875,121.336319,3.04,86.71164887260491,14.023447257025053,41.264225016376564,0.11165900712169512,0.9943497193247306,31.197875,973.307404515625,0.9996381607177243,1.3962446919730587,-2834.147463702414,4654.704350319257,3300.1479610932843,89.99288237460244,296.565051177078,67.3
2019-06-26,74.2,75.2,71.6,999.9,4.6,4.5,9.7,529.7640788571236,31.197875,121.336319,3.04,86.69247644141993,14.020346594299717,41.25091737643674,0.09453674981719912,0.9943497193247306,31.197875,973.307404515625,0.9996381607177243,1.3962446919730587,-2834.147463702414,4654.704350319257,3300.1479610932843,89.99288237460244,296.565051177078,72.4
2019-06-27,79.5,87.8,75.2,999.9,5.4,5.8,9.7,13.6,31.197875,121.336319,3.04,92.85972078980744,14.01656162865018,41.235621796256076,0.07738647923346301,0.9943497193247306,31.197875,973.307404515625,0.9996381607177243,1.3962446919730587,-2834.147463702414,4654.704350319257,3300.1479610932843,89.99288237460244,296.565051177078,71.8
2019-06-28,87.3,93.2,82.4,999.9,5.9,7.2,9.7,267.3475285122627,31.197875,121.336319,3.04,101.9379906247136,14.012094931232113,41.21833650950832,0.06021327736579302,0.9943497193247306,31.197875,973.307404515625,0.9996381607177243,1.3962446919730587,-2834.147463702414,4654.704350319257,3300.1479610932843,89.99288237460244,296.565051177078,76.4
2019-06-29,81.8,91.4,75.2,999.9,4.7,6.1,13.6,25.3,31.197875,121.336319,3.04,95.48070593673832,14.006949526171882,41.19905907231449,0.04302223300453059,0.9943497193247306,31.197875,973.307404515625,0.9996381607177243,1.3962446919730587,-2834.147463702414,4654.704350319257,3300.1479610932843,89.99288237460244,296.565051177078,77.8
2019-06-30,76.7,80.6,73.4,999.9,5.9,4.5,9.7,-369.50102732851104,31.197875,121.336319,3.04,89.49054878068824,14.00112888354966,41.17778637200283,0.02581844022713308,0.9943497193247306,31.197875,973.307404515625,0.9996381607177243,1.3962446919730587,-2834.147463702414,4654.704350319257,3300.1479610932843,89.99288237460244,296.565051177078,73.9
2019-07-01,76.3,80.6,73.4,999.9,5.9,5.4,9.7,15.5,31.197875,121.336319,3.04,88.9825663616139,13.994636911394062,41.154514637376764,0.008606996888688698,0.9943497193247306,31.197875,973.307404515625,0.9996381607177243,1.3962446919730587,-2834.147463702414,4654.704350319257,3300.1479610932843,89.99288237460244,296.565051177078,70.4
2019-07-02,77.1,80.6,75.2,999.9,6.1,7.7,11.7,-149.39096537545112,31.197875,121.336319,3.04,89.8695458077126,13.987477946725697,41.12923945049935,-0.008606996888688009,0.9943497193247306,31.197875,973.307404515625,0.9996381607177243,1.3962446919730587,-2834.147463702414,4654.704350319257,3300.1479610932843,89.99288237460244,296.565051177078,70.2
2019-07-03,78.1,84.2,73.4,999.9,6.0,6.3,9.7,25.495617978070705,31.197875,121.336319,3.04,90.98426598653975,13.979656745691129,41.101955760003506,-0.02581844022713239,0.9943497193247306,31.197875,973.307404515625,0.9996381607177243,1.3962446919730587,-2834.147463702414,4654.704350319257,3300.1479610932843,89.99288237460244,296.565051177078,70.1
2019-07-04,78.4,84.2,75.2,999.9,5.9,6.6,7.8,51.92387429781556,31.197875,121.336319,3.04,91.27836602250667,13.971178472832653,41.072657895937695,-0.04302223300453034,0.9943497193247306,31.197875,973.307404515625,0.9996381607177243,1.3962446919730587,-2834.147463702414,4654.704350319257,3300.1479610932843,89.99288237460244,296.565051177078,68.8
2019-07-05,78.3,86.0,73.4,999.9,5.0,5.9,9.7,15.5,31.197875,121.336319,3.04,91.10236769926543,13.962048689542595,41.04133958615651,-0.060213277365792774,0.9943497193247306,31.197875,973.307404515625,0.9996381607177243,1.3962446919730587,-2834.147463702414,4654.704350319257,3300.1479610932843,89.99288237460244,296.565051177078,69.0
2019-07-06,81.6,89.6,73.4,999.9,5.8,9.4,13.6,25.3,31.197875,121.336319,3.04,94.87545872392748,13.952273341754042,41.00799397426532,-0.07738647923346322,0.9943497193247306,31.197875,973.307404515625,0.9996381607177243,1.3962446919730587,-2834.147463702414,4654.704350319257,3300.1479610932843,89.99288237460244,296.565051177078,72.8
2019-07-07,82.0,89.6,75.2,999.9,5.9,7.4,13.6,676.6862186466061,31.197875,121.336319,3.04,95.26936810397133,13.941858746922634,40.97261363912788,-0.09453674981719933,0.9943497193247306,31.197875,973.307404515625,0.9996381607177243,1.3962446919730587,-2834.147463702414,4654.704350319257,3300.1479610932843,89.99288237460244,296.565051177078,69.9
2019-07-08,80.7,89.6,73.4,999.9,5.4,8.3,11.7,-144.44830602957518,31.197875,121.336319,3.04,93.68470787789663,13.930811580356377,40.93519061594453,-0.11165900712169444,0.9943497193247306,31.197875,973.307404515625,0.9996381607177243,1.3962446919730587,-2834.147463702414,4654.704350319257,3300.1479610932843,89.99288237460244,296.565051177078,69.7
2019-07-09,72.7,75.2,69.8,999.9,5.2,8.2,11.7,21.4,31.197875,121.336319,3.04,84.32678293260335,13.91913886095241,40.895716418907384,-0.12874817745258066,0.9943497193247306,31.197875,973.307404515625,0.9996381607177243,1.3962446919730587,-2834.147463702414,4654.704350319257,3300.1479610932843,89.99288237460244,296.565051177078,70.3
2019-07-10,73.7,77.0,71.6,999.9,5.4,4.7,11.7,734.3712499578738,31.197875,121.336319,3.04,85.41122440939756,13.90684793640123,40.854182065437726,-0.14579919691987442,0.9943497193247306,31.197875,973.307404515625,0.9996381607177243,1.3962446919730587,-2834.147463702414,4654.704350319257,3300.1479610932843,89.99288237460244,296.565051177078,71.3
2019-07-11,79.5,84.2,75.2,999.9,6.0,5.4,9.7,13.6,31.197875,121.336319,3.04,92.04739534997029,13.893946467920044,40.81057810200833,-0.16280701293851646,0.9943497193247306,31.197875,973.307404515625,0.9996381607177243,1.3962446919730587,-2834.147463702414,4654.704350319257,3300.1479610932843,89.99288237460244,296.565051177078,71.7
2019-07-12,75.8,80.6,71.6,999.9,4.9,6.8,11.7,21.4,31.197875,121.336319,3.04,87.67812791874888,13.880442414577661,40.76489463155162,-0.17976658572556214,0.9943497193247306,31.197875,973.307404515625,0.9996381607177243,1.3962446919730587,-2834.147463702414,4654.704350319257,3300.1479610932843,89.99288237460244,296.565051177078,73.2
2019-07-13,72.5,77.0,69.8,999.9,5.6,5.3,9.7,-62.92211043297547,31.197875,121.336319,3.04,83.77582843769589,13.866344017273804,40.71712134245207,-0.19667288979357622,0.9943497193247306,31.197875,973.307404515625,0.9996381607177243,1.3962446919730587,-2834.147463702414,4654.704350319257,3300.1479610932843,89.99288237460244,296.565051177078,70.3
2019-07-14,78.7,86.0,71.6,999.9,6.2,5.3,11.7,375.2735381185957,31.197875,121.336319,3.04,90.84380207314013,13.851659782435599,40.66724753911772,-0.2135209154397959,0.9943497193247306,31.197875,973.307404515625,0.9996381607177243,1.3962446919730587,-2834.147463702414,4654.704350319257,3300.1479610932843,89.99288237460244,296.565051177078,70.5
2019-07-15,81.6,87.8,77.0,999.9,6.2,7.6,13.6,815.1831119406161,31.197875,121.336319,3.04,94.08750956535795,13.836398465493817,40.615262174123494,-0.23030567023061196,0.9943497193247306,31.197875,973.307404515625,0.9996381607177243,1.3962446919730587,-2834.147463702414,4654.704350319257,3300.1479610932843,89.99288237460244,296.565051177078,71.2
2019-07-16,79.8,82.4,78.8,999.9,6.2,8.3,9.7,728.9728125149244,31.197875,121.336319,3.04,91.90678421043373,13.820569054200561,40.56115388191461,-0.24702218048093527,0.9943497193247306,31.197875,973.307404515625,0.9996381607177243,1.3962446919730587,-2834.147463702414,4654.704350319257,3300.1479610932843,89.99288237460244,296.565051177078,75.9
2019-07-17,85.2,93.2,80.6,999.9,6.2,11.0,15.5,-825.8163057576061,31.197875,121.336319,3.04,98.0096833381293,13.804180751849199,40.5049110140553,-0.2636654927280072,0.9943497193247306,31.197875,973.307404515625,0.9996381607177243,1.3962446919730587,-2834.147463702414,4654.704350319257,3300.1479610932843,89.99288237460244,296.565051177078,77.5
2019-07-18,85.1,93.2,78.8,999.9,6.2,9.0,13.6,-419.9689977545214,31.197875,121.336319,3.04,97.77453132790005,13.787242960455941,40.44652167600361,-0.2802306751992161,0.9943497193247306,31.197875,973.307404515625,0.9996381607177243,1.3962446919730587,-2834.147463702414,4654.704350319257,3300.1479610932843,89.99288237460244,296.565051177078,77.2
2019-07-19,82.0,87.8,77.0,999.9,6.2,11.7,17.5,-4.8611920179342825,31.197875,121.336319,3.04,94.0933959703987,13.769765263960785,40.385973765389245,-0.2967128192734901,0.9943497193247306,31.197875,973.307404515625,0.9996381607177243,1.3962446919730587,-2834.147463702414,4654.704350319257,3300.1479610932843,89.99288237460244,296.565051177078,75.9
2019-07-20,85.0,91.4,80.6,999.9,6.0,5.2,9.7,-76.07914714140563,31.197875,121.336319,3.04,97.40828166481852,13.75175741150379,40.323255011766555,-0.3131070409358267,0.9943497193247306,31.197875,973.307404515625,0.9996381607177243,1.3962446919730587,-2834.147463702414,4654.704350319257,3300.1479610932843,89.99288237460244,296.565051177078,75.7
2019-07-21,88.4,96.8,82.4,999.9,5.9,5.4,11.7,212.83289717155435,31.197875,121.336319,3.04,101.16812251611701,13.733229300830363,40.25835301781065,-0.3294084822245302,0.9943497193247306,31.197875,973.307404515625,0.9996381607177243,1.3962446919730587,-2834.147463702414,4654.704350319257,3300.1479610932843,89.99288237460244,296.565051177078,76.9
2019-07-22,88.7,96.8,82.4,999.9,6.2,8.7,11.7,876.2786445209742,31.197875,121.336319,3.04,101.37072819320737,13.714190961876984,40.19125530191951,-0.3456123126707333,0.9943497193247306,31.197875,973.307404515625,0.9996381607177243,1.3962446919730587,-2834.147463702414,4654.704350319257,3300.1479610932843,89.99288237460244,296.565051177078,78.0
2019-07-23,90.8,98.6,84.2,999.9,6.2,7.5,11.7,17.5,31.197875,121.336319,3.04,103.62287089043626,13.694652540586292,40.12194934218025,-0.3617137307297674,0.9943497193247306,31.197875,973.307404515625,0.9996381607177243,1.3962446919730587,-2834.147463702414,4654.704350319257,3300.1479610932843,89.99288237460244,296.565051177078,78.8
2019-07-24,90.4,96.8,84.2,999.9,6.2,6.0,11.7,19.4,31.197875,121.336319,3.04,103.01550293191566,13.674624282997653,40.0504226216528,-0.37770796520396466,0.9943497193247306,31.197875,973.307404515625,0.9996381607177243,1.3962446919730587,-2834.147463702414,4654.704350319257,3300.1479610932843,89.99288237460244,296.565051177078,79.0
2019-07-25,91.0,98.6,86.0,999.9,6.2,6.6,11.7,17.5,31.197875,121.336319,3.04,103.54371694072968,13.654116519656661,39.976662674919005,-0.39359027665646645,0.9943497193247306,31.197875,973.307404515625,0.9996381607177243,1.3962446919730587,-2834.147463702414,4654.704350319257,3300.1479610932843,89.99288237460244,296.565051177078,79.6
2019-07-26,93.2,102.2,87.8,999.9,6.2,6.7,9.7,23.3,31.197875,121.336319,3.04,105.88405128464883,13.633139650383969,39.90065713584059,-0.4093559588156211,0.9943497193247306,31.197875,973.307404515625,0.9996381607177243,1.3962446919730587,-2834.147463702414,4654.704350319257,3300.1479610932843,89.99288237460244,296.565051177078,78.8
2019-07-27,88.8,98.6,84.2,999.9,6.2,7.9,13.6,25.3,31.197875,121.336319,3.04,100.72661055786304,13.611704129440952,39.822393786463564,-0.42500033996955394,0.9943497193247306,31.197875,973.307404515625,0.9996381607177243,1.3962446919730587,-2834.147463702414,4654.704350319257,3300.1479610932843,89.99288237460244,296.565051177078,78.3
2019-07-28,89.7,98.6,84.2,999.9,6.2,11.4,15.5,25.3,31.197875,121.336319,3.04,101.583907872171,13.589820451126554,39.741860607002614,-0.4405187843504952,0.9943497193247306,31.197875,973.307404515625,0.9996381607177243,1.3962446919730587,-2834.147463702414,4654.704350319257,3300.1479610932843,89.99288237460244,296.565051177078,77.4
2019-07-29,91.1,98.6,86.0,999.9,6.2,10.4,13.6,21.4,31.197875,121.336319,3.04,102.99993093956004,13.56749913583667,39.65904582683319,-0.455906693508459,0.9943497193247306,31.197875,973.307404515625,0.9996381607177243,1.3962446919730587,-2834.147463702414,4654.704350319257,3300.1479610932843,89.99288237460244,296.565051177078,77.0
2019-07-30,91.6,100.4,86.0,999.9,6.2,9.8,15.5,-628.4742288065015,31.197875,121.336319,3.04,103.39159713682204,13.544750716614242,39.57393797641466,-0.47115950767386394,0.9943497193247306,31.197875,973.307404515625,0.9996381607177243,1.3962446919730587,-2834.147463702414,4654.704350319257,3300.1479610932843,89.99288237460244,296.565051177078,76.8
2019-07-31,89.1,96.8,82.4,999.9,6.2,10.5,15.5,19.4,31.197875,121.336319,3.04,100.3977740171479,13.521585726215207,39.48652594006284,-0.4862727071086902,0.9943497193247306,31.197875,973.307404515625,0.9996381607177243,1.3962446919730587,-2834.147463702414,4654.704350319257,3300.1479610932843,89.99288237460244,296.565051177078,75.0
2019-08-01,89.2,96.8,82.4,999.9,6.2,12.8,17.5,-38.6058164316522,31.197875,121.336319,3.04,100.33524248969547,13.498014684712397,39.396799009485704,-0.5012418134457756,0.9943497193247306,31.197875,973.307404515625,0.9996381607177243,1.3962446919730587,-2834.147463702414,4654.704350319257,3300.1479610932843,89.99288237460244,296.565051177078,76.7
2019-08-02,88.0,96.8,82.4,999.9,6.2,11.4,15.5,-443.32773684785195,31.197875,121.336319,3.04,98.80968597614725,13.474048087656444,39.30474693799169,-0.5160623910158526,0.9943497193247306,31.197875,973.307404515625,0.9996381607177243,1.3962446919730587,-2834.147463702414,4654.704350319257,3300.1479610932843,89.99288237460244,296.565051177078,74.5
2019-08-03,84.1,91.4,75.2,999.9,5.6,10.0,21.4,25.3,31.197875,121.336319,3.04,94.25995556695908,13.449696394809857,39.210359995275596,-0.5307300481619331,0.9943497193247306,31.197875,973.307404515625,0.9996381607177243,1.3962446919730587,-2834.147463702414,4654.704350319257,3300.1479610932843,89.99288237460244,296.565051177078,75.6
2019-08-04,81.3,86.0,78.8,999.9,6.2,6.1,11.7,689.782734462159,31.197875,121.336319,3.04,90.95417188189276,13.424970019467565,39.11362902268288,-0.5452404385406507,0.9943497193247306,31.197875,973.307404515625,0.9996381607177243,1.3962446919730587,-2834.147463702414,4654.704350319257,3300.1479610932843,89.99288237460244,296.565051177078,76.8
2019-08-05,85.8,93.2,80.6,999.9,6.2,10.2,13.6,21.4,31.197875,121.336319,3.04,95.80913712637758,13.399879318374486,39.01454548885,-0.5595892624101763,0.9943497193247306,31.197875,973.307404515625,0.9996381607177243,1.3962446919730587,-2834.147463702414,4654.704350319257,3300.1479610932843,89.99288237460244,296.565051177078,76.8
2019-08-06,86.8,95.0,80.6,999.9,6.2,8.0,11.7,17.5,31.197875,121.336319,3.04,96.74174347826049,13.374434582247993,38.913101545613834,-0.5737722679043243,0.9943497193247306,31.197875,973.307404515625,0.9996381607177243,1.3962446919730587,-2834.147463702414,4654.704350319257,3300.1479610932843,89.99288237460244,296.565051177078,75.2
2019-08-07,88.1,95.0,84.2,999.9,6.2,9.3,13.6,991.8175121879112,31.197875,121.336319,3.04,98.00130958090286,13.34864602691072,38.809290084081184,-0.5877852522924734,0.9943497193247306,31.197875,973.307404515625,0.9996381607177243,1.3962446919730587,-2834.147463702414,4654.704350319257,3300.1479610932843,89.99288237460244,296.565051177078,75.9
2019-08-08,88.3,95.0,84.2,999.9,6.2,11.3,13.6,-7.320857903869339,31.197875,121.336319,3.04,98.03157085156079,13.322523785036573,38.70310479074503,-0.6016240632249227,0.9943497193247306,31.197875,973.307404515625,0.9996381607177243,1.3962446919730587,-2834.147463702414,4654.704350319257,3300.1479610932843,89.99288237460244,296.565051177078,78.2
2019-08-09,83.8,89.6,78.8,999.9,5.9,17.8,23.3,36.9,31.197875,121.336319,3.04,92.85094399126685,13.296077898510767,38.59454020353302,-0.6152845999633277,0.9943497193247306,31.197875,973.307404515625,0.9996381607177243,1.3962446919730587,-2834.147463702414,4654.704350319257,3300.1479610932843,89.99288237460244,296.565051177078,77.6
2019-08-10,81.1,84.2,78.8,999.9,5.2,19.3,27.2,48.6,31.197875,121.336319,3.04,89.6784762545608,13.26931831140234,38.48359176766985,-0.6287628145958345,0.9943497193247306,31.197875,973.307404515625,0.9996381607177243,1.3962446919730587,-2834.147463702414,4654.704350319257,3300.1479610932843,89.99288237460244,296.565051177078,78.7
2019-08-11,84.3,91.4,78.8,999.9,6.2,10.8,19.4,31.1,31.197875,121.336319,3.04,93.02684041640929,13.242254863545805,38.370255891234315,-0.6420547132365636,0.9943497193247306,31.197875,973.307404515625,0.9996381607177243,1.3962446919730587,-2834.147463702414,4654.704350319257,3300.1479610932843,89.99288237460244,296.565051177078,74.0
2019-08-12,87.5,93.2,82.4,999.9,6.2,7.1,13.6,21.4,31.197875,121.336319,3.04,96.35862603446469,13.214897284726586,38.2545300002897,-0.655156357209085,0.9943497193247306,31.197875,973.307404515625,0.9996381607177243,1.3962446919730587,-2834.147463702414,4654.704350319257,3300.1479610932843,89.99288237460244,296.565051177078,73.7
2019-08-13,84.9,93.2,80.6,999.9,6.0,4.6,15.5,-653.0241420156214,31.197875,121.336319,3.04,93.29983046545286,13.1872551894633,38.13641259346484,-0.6680638642135333,0.9943497193247306,31.197875,973.307404515625,0.9996381607177243,1.3962446919730587,-2834.147463702414,4654.704350319257,3300.1479610932843,89.99288237460244,296.565051177078,76.6
2019-08-14,86.5,95.0,80.6,999.9,5.7,4.9,17.5,450.55208162607585,31.197875,121.336319,3.04,94.85689527172673,13.159338072378276,38.01590329586241,-0.6807734094770159,0.9943497193247306,31.197875,973.307404515625,0.9996381607177243,1.3962446919730587,-2834.147463702414,4654.704350319257,3300.1479610932843,89.99288237460244,296.565051177078,75.5
2019-08-15,85.3,91.4,78.8,999.9,5.9,7.0,13.6,23.3,31.197875,121.336319,3.04,93.34062895364055,13.131155304146384,37.8930029121704,-0.6932812268869771,0.9943497193247306,31.197875,973.307404515625,0.9996381607177243,1.3962446919730587,-2834.147463702414,4654.704350319257,3300.1479610932843,89.99288237460244,296.565051177078,72.5
2019-08-16,87.1,95.0,80.6,999.9,5.9,5.3,9.7,293.93812807520345,31.197875,121.336319,3.04,95.10388122914537,13.102716128010844,37.7677134788525,-0.7055836101071774,0.9943497193247306,31.197875,973.307404515625,0.9996381607177243,1.3962446919730587,-2834.147463702414,4654.704350319257,3300.1479610932843,89.99288237460244,296.565051177078,74.4
2019-08-17,89.2,100.4,80.6,999.9,5.4,6.5,11.7,13.6,31.197875,121.336319,3.04,97.18362044927879,13.07402965685365,37.64003831529362,-0.7176769136759615,0.9943497193247306,31.197875,973.307404515625,0.9996381607177243,1.3962446919730587,-2834.147463702414,4654.704350319257,3300.1479610932843,89.99288237460244,296.565051177078,74.0
2019-08-18,81.3,93.2,69.8,999.9,6.0,7.8,27.2,56.3,31.197875,121.336319,3.04,88.38058549971846,13.045104870807155,37.50998207377679,-0.7295575540864876,0.9943497193247306,31.197875,973.307404515625,0.9996381607177243,1.3962446919730587,-2834.147463702414,4654.704350319257,3300.1479610932843,89.99288237460244,296.565051177078,72.9
2019-08-19,83.6,89.6,77.0,999.9,6.2,7.7,11.7,-180.9400884833727,31.197875,121.336319,3.04,90.6777892872342,13.015950615392471,37.37755078816934,-0.7412220108485957,0.9943497193247306,31.197875,973.307404515625,0.9996381607177243,1.3962446919730587,-2834.147463702414,4654.704350319257,3300.1479610932843,89.99288237460244,296.565051177078,72.6
2019-08-20,83.1,89.6,77.0,999.9,6.2,5.5,9.7,668.272894515931,31.197875,121.336319,3.04,89.93203603117485,12.986575600169655,37.24275192119704,-0.7526668275320083,0.9943497193247306,31.197875,973.307404515625,0.9996381607177243,1.3962446919730587,-2834.147463702414,4654.704350319257,3300.1479610932843,89.99288237460244,296.565051177078,70.6
2019-08-21,85.7,93.2,78.8,999.9,6.2,5.5,9.7,15.5,31.197875,121.336319,3.04,92.5344921415539,12.95698839788386,37.10559441018709,-0.7638886127905429,0.9943497193247306,31.197875,973.307404515625,0.9996381607177243,1.3962446919730587,-2834.147463702414,4654.704350319257,3300.1479610932843,89.99288237460244,296.565051177078,71.8
2019-08-22,86.8,93.2,82.4,999.9,6.1,4.9,9.7,1077.3067577524816,31.197875,121.336319,3.04,93.5067281789268,12.927197444091263,36.9660887111625,-0.7748840413670406,0.9943497193247306,31.197875,973.307404515625,0.9996381607177243,1.3962446919730587,-2834.147463702414,4654.704350319257,3300.1479610932843,89.99288237460244,296.565051177078,73.9
2019-08-23,84.9,89.6,82.4,999.9,6.1,5.7,9.7,94.7723566048061,31.197875,121.336319,3.04,91.24776808852943,12.897211037247974,36.82424684117339,-0.7856498550787144,0.9943497193247306,31.197875,973.307404515625,0.9996381607177243,1.3962446919730587,-2834.147463702414,4654.704350319257,3300.1479610932843,89.99288237460244,296.565051177078,76.8
2019-08-24,85.2,89.6,82.4,999.9,6.2,7.1,13.6,110.39761384947992,31.197875,121.336319,3.04,91.35596510863897,12.867037339244925,36.68008241875292,-0.7961828637826154,0.9943497193247306,31.197875,973.307404515625,0.9996381607177243,1.3962446919730587,-2834.147463702414,4654.704350319257,3300.1479610932843,89.99288237460244,296.565051177078,78.2
2019-08-25,86.2,95.0,82.4,999.9,6.2,9.6,17.5,-259.8329244745331,31.197875,121.336319,3.04,92.21018277026815,12.836684376371435,36.53361070238958,-0.8064799463209447,0.9943497193247306,31.197875,973.307404515625,0.9996381607177243,1.3962446919730587,-2834.147463702414,4654.704350319257,3300.1479610932843,89.99288237460244,296.565051177078,78.6
2019-08-26,89.3,96.8,84.2,999.9,6.2,7.5,9.7,131.24539448331905,31.197875,121.336319,3.04,95.29917430280112,12.80616004068996,36.3848486269103,-0.8165380514459157,0.9943497193247306,31.197875,973.307404515625,0.9996381607177243,1.3962446919730587,-2834.147463702414,4654.704350319257,3300.1479610932843,89.99288237460244,296.565051177078,79.3
2019-08-27,87.7,98.6,82.4,999.9,6.2,5.7,11.7,19.4,31.197875,121.336319,3.04,93.3674085376046,12.775472091804506,36.233814837673194,-0.8263541987239094,0.9943497193247306,31.197875,973.307404515625,0.9996381607177243,1.3962446919730587,-2834.147463702414,4654.704350319257,3300.1479610932843,89.99288237460244,296.565051177078,78.5
2019-08-28,80.8,89.6,69.8,999.9,6.2,8.3,15.5,-57.59658349797135,31.197875,121.336319,3.04,85.81382960396807,12.74462815900516,36.08052972247284,-0.8359254794186365,0.9943497193247306,31.197875,973.307404515625,0.9996381607177243,1.3962446919730587,-2834.147463702414,4654.704350319257,3300.1479610932843,89.99288237460244,296.565051177078,75.0
2019-08-29,69.7,71.6,68.0,999.9,5.5,4.3,9.7,15.5,31.197875,121.336319,3.04,73.84503427840409,12.713635743771148,35.925015441065426,-0.8452490573530634,0.9943497193247306,31.197875,973.307404515625,0.9996381607177243,1.3962446919730587,-2834.147463702414,4654.704350319257,3300.1479610932843,89.99288237460244,296.565051177078,67.1
2019-08-30,79.0,87.8,73.4,999.9,5.1,4.0,9.7,-262.1859611115884,31.197875,121.336319,3.04,83.49313963221597,12.682502222615085,35.767295952225886,-0.8543221697498269,0.9943497193247306,31.197875,973.307404515625,0.9996381607177243,1.3962446919730587,-2834.147463702414,4654.704350319257,3300.1479610932843,89.99288237460244,296.565051177078,70.4
2019-08-31,78.0,86.0,66.2,999.9,6.0,8.6,13.6,-782.4738728601012,31.197875,121.336319,3.04,82.23302652663222,12.65123485025111,35.60739703825439,-0.8631421280499115,0.9943497193247306,31.197875,973.307404515625,0.9996381607177243,1.3962446919730587,-2834.147463702414,4654.704350319257,3300.1479610932843,89.99288237460244,296.565051177078,67.6
2019-09-01,70.5,73.4,66.2,999.9,5.3,5.7,11.7,-338.61733412515116,31.197875,121.336319,3.04,74.14156448303524,12.619840763069828,35.445346326854505,-0.8717063187093217,0.9943497193247306,31.197875,973.307404515625,0.9996381607177243,1.3962446919730587,-2834.147463702414,4654.704350319257,3300.1479610932843,89.99288237460244,296.565051177078,69.0
2019-09-02,73.0,75.2,71.6,999.9,5.2,6.6,13.6,-434.9309429706427,31.197875,121.336319,3.04,76.57898914599491,12.588326982903274,35.28117331031157,-0.8800122039735356,0.9943497193247306,31.197875,973.307404515625,0.9996381607177243,1.3962446919730587,-2834.147463702414,4654.704350319257,3300.1479610932843,89.99288237460244,296.565051177078,71.7
2019-09-03,76.3,78.8,73.4,999.9,5.4,4.9,7.8,71.14311158947936,31.197875,121.336319,3.04,79.83968684392717,12.556700421063251,35.11490936190484,-0.888057322629493,0.9943497193247306,31.197875,973.307404515625,0.9996381607177243,1.3962446919730587,-2834.147463702414,4654.704350319257,3300.1479610932843,89.99288237460244,296.565051177078,73.4
2019-09-04,77.7,80.6,75.2,999.9,4.3,4.4,7.8,152.78289591198,31.197875,121.336319,3.04,81.09916704007347,12.524967882636828,34.94658774949393,-0.8958392907349089,0.9943497193247306,31.197875,973.307404515625,0.9996381607177243,1.3962446919730587,-2834.147463702414,4654.704350319257,3300.1479610932843,89.99288237460244,296.565051177078,74.8
2019-09-05,81.3,91.4,77.0,999.9,6.2,6.1,15.5,171.05400881645693,31.197875,121.336319,3.04,84.64099688118061,12.493136071022969,34.77624364622525,-0.9033558023246842,0.9943497193247306,31.197875,973.307404515625,0.9996381607177243,1.3962446919730587,-2834.147463702414,4654.704350319257,3300.1479610932843,89.99288237460244,296.565051177078,75.9
2019-09-06,77.4,82.4,75.2,999.9,6.2,10.4,21.4,31.1,31.197875,121.336319,3.04,80.37481477288058,12.461211592694664,34.60391413831158,-0.9106046300942162,0.9943497193247306,31.197875,973.307404515625,0.9996381607177243,1.3962446919730587,-2834.147463702414,4654.704350319257,3300.1479610932843,89.99288237460244,296.565051177078,73.5
2019-09-07,81.1,87.8,73.4,999.9,5.8,5.3,13.6,17.5,31.197875,121.336319,3.04,84.00068316934052,12.429200962171222,34.42963822984389,-0.9175836260593934,0.9943497193247306,31.197875,973.307404515625,0.9996381607177243,1.3962446919730587,-2834.147463702414,4654.704350319257,3300.1479610932843,89.99288237460244,296.565051177078,69.7
2019-09-08,81.0,89.6,75.2,999.9,5.9,6.7,9.7,-136.33476009474492,31.197875,121.336319,3.04,83.68049659850388,12.39711060718576,34.25345684460121,-0.9242907221930934,0.9943497193247306,31.197875,973.307404515625,0.9996381607177243,1.3962446919730587,-2834.147463702414,4654.704350319257,3300.1479610932843,89.99288237460244,296.565051177078,69.9
2019-09-09,81.2,89.6,75.2,999.9,6.0,5.8,9.7,-90.44487069806291,31.197875,121.336319,3.04,83.66947384762463,12.364946874033198,34.07541282483168,-0.9307239310379793,0.9943497193247306,31.197875,973.307404515625,0.9996381607177243,1.3962446919730587,-2834.147463702414,4654.704350319257,3300.1479610932843,89.99288237460244,296.565051177078,72.7
2019-09-10,83.6,91.4,78.8,999.9,5.1,4.0,9.7,15.5,31.197875,121.336319,3.04,85.91792169715512,12.332716033084468,33.89555092698427,-0.9368813462954315,0.9943497193247306,31.197875,973.307404515625,0.9996381607177243,1.3962446919730587,-2834.147463702414,4654.704350319257,3300.1479610932843,89.99288237460244,296.565051177078,74.7
2019-09-11,83.4,91.4,77.0,999.9,6.2,5.8,11.7,19.4,31.197875,121.336319,3.04,85.48794877694795,12.30042428445294,33.71391781437797,-0.9427611433904206,0.9943497193247306,31.197875,973.307404515625,0.9996381607177243,1.3962446919730587,-2834.147463702414,4654.704350319257,3300.1479610932843,89.99288237460244,296.565051177078,73.7
2019-09-12,81.7,89.6,75.2,999.9,6.2,5.9,9.7,538.1598560314873,31.197875,121.336319,3.04,83.52516277520074,12.268077763799374,33.5305620468025,-0.9483615800121716,0.9943497193247306,31.197875,973.307404515625,0.9996381607177243,1.3962446919730587,-2834.147463702414,4654.704350319257,3300.1479610932843,89.99288237460244,296.565051177078,71.2
2019-09-13,83.0,89.6,78.8,999.9,6.2,5.8,9.7,-15.581715990487233,31.197875,121.336319,3.04,84.6301376254788,12.235682548261995,33.34553406705117,-0.9536809966304455,0.9943497193247306,31.197875,973.307404515625,0.9996381607177243,1.3962446919730587,-2834.147463702414,4654.704350319257,3300.1479610932843,89.99288237460244,296.565051177078,71.6
2019-09-14,82.9,89.6,77.0,999.9,6.2,6.5,9.7,1225.36704862017,31.197875,121.336319,3.04,84.30408187676163,12.203244662498665,33.15888618439429,-0.9587178169872964,0.9943497193247306,31.197875,973.307404515625,0.9996381607177243,1.3962446919730587,-2834.147463702414,4654.704350319257,3300.1479610932843,89.99288237460244,296.565051177078,72.1
2019-09-15,78.0,86.0,71.6,999.9,6.2,8.8,13.6,-60.46286219065895,31.197875,121.336319,3.04,79.11000555138328,12.170770084828197,32.97067255500813,-0.9634705485641486,0.9943497193247306,31.197875,973.307404515625,0.9996381607177243,1.3962446919730587,-2834.147463702414,4654.704350319257,3300.1479610932843,89.99288237460244,296.565051177078,67.8
2019-09-16,78.6,86.0,71.6,999.9,6.2,10.0,13.6,21.4,31.197875,121.336319,3.04,79.505634135152,12.138264753458321,32.78094915938175,-0.9679377830240642,0.9943497193247306,31.197875,973.307404515625,0.9996381607177243,1.3962446919730587,-2834.147463702414,4654.704350319257,3300.1479610932843,89.99288237460244,296.565051177078,64.8
2019-09-17,79.1,86.0,71.6,999.9,6.2,10.0,15.5,230.23847995096605,31.197875,121.336319,3.04,79.79696705896004,12.105734572787869,32.589773776731306,-0.9721181966290612,0.9943497193247306,31.197875,973.307404515625,0.9996381607177243,1.3962446919730587,-2834.147463702414,4654.704350319257,3300.1479610932843,89.99288237460244,296.565051177078,66.6
2019-09-18,76.7,86.0,68.0,999.9,6.2,13.9,19.4,27.2,31.197875,121.336319,3.04,77.1677768080361,12.073185419770965,32.39720595645791,-0.9760105506323682,0.9943497193247306,31.197875,973.307404515625,0.9996381607177243,1.3962446919730587,-2834.147463702414,4654.704350319257,3300.1479610932843,89.99288237460244,296.565051177078,59.9
2019-09-19,74.1,82.4,68.0,999.9,6.2,10.7,15.5,21.4,31.197875,121.336319,3.04,74.35084795329544,12.040623150331246,32.20330698669245,-0.9796136916454901,0.9943497193247306,31.197875,973.307404515625,0.9996381607177243,1.3962446919730587,-2834.147463702414,4654.704350319257,3300.1479610932843,89.99288237460244,296.565051177078,59.4
2019-09-20,76.0,82.4,69.8,999.9,6.1,12.4,17.5,23.3,31.197875,121.336319,3.04,76.05100617015641,12.00805360581417,32.00813985997743,-0.9829265519799822,0.9943497193247306,31.197875,973.307404515625,0.9996381607177243,1.3962446919730587,-2834.147463702414,4654.704350319257,3300.1479610932843,89.99288237460244,296.565051177078,60.0
2019-09-21,68.6,69.8,66.2,999.9,5.7,18.2,23.3,35.0,31.197875,121.336319,3.04,68.459842307945,11.975482619465597,31.811769236142535,-0.9859481499638303,0.9943497193247306,31.197875,973.307404515625,0.9996381607177243,1.3962446919730587,-2834.147463702414,4654.704350319257,3300.1479610932843,89.99288237460244,296.565051177078,65.1
2019-09-22,69.9,73.4,66.2,999.9,6.1,12.9,25.3,35.0,31.197875,121.336319,3.04,69.5674858335381,11.942916022924996,31.61426140243723,-0.9886775902323404,0.9943497193247306,31.197875,973.307404515625,0.9996381607177243,1.3962446919730587,-2834.147463702414,4654.704350319257,3300.1479610932843,89.99288237460244,296.565051177078,62.6
2019-09-23,73.9,84.2,64.4,999.9,6.2,6.2,13.6,21.4,31.197875,121.336319,3.04,73.34796486134321,11.910359652721494,31.415684230989896,-0.9911140639934546,0.9943497193247306,31.197875,973.307404515625,0.9996381607177243,1.3962446919730587,-2834.147463702414,4654.704350319257,3300.1479610932843,89.99288237460244,296.565051177078,60.6
2019-09-24,75.5,84.2,66.2,999.9,6.2,5.0,9.7,-865.2604901606429,31.197875,121.336319,3.04,74.7312801196223,11.87781935676116,31.21610713366949,-0.9932568492674143,0.9943497193247306,31.197875,973.307404515625,0.9996381607177243,1.3962446919730587,-2834.147463702414,4654.704350319257,3300.1479610932843,89.99288237460244,296.565051177078,58.7
2019-09-25,75.8,84.2,68.0,999.9,6.1,5.5,9.7,228.26073704804548,31.197875,121.336319,3.04,74.82281798834737,11.845301000793778,31.01560101443133,-0.9951053111006974,0.9943497193247306,31.197875,973.307404515625,0.9996381607177243,1.3962446919730587,-2834.147463702414,4654.704350319257,3300.1479610932843,89.99288237460244,296.565051177078,59.8
2019-09-26,75.3,82.4,68.0,999.9,6.2,5.3,9.7,576.6343204373721,31.197875,121.336319,3.04,74.12538572966729,11.812810474847376,30.81423821923451,-0.99665890175417,0.9943497193247306,31.197875,973.307404515625,0.9996381607177243,1.3962446919730587,-2834.147463702414,4654.704350319257,3300.1479610932843,89.99288237460244,296.565051177078,61.4
2019-09-27,75.4,84.2,69.8,999.9,6.1,4.8,7.8,860.266821921927,31.197875,121.336319,3.04,74.01988907927061,11.780353699618665,30.612092483624263,-0.9979171608653922,0.9943497193247306,31.197875,973.307404515625,0.9996381607177243,1.3962446919730587,-2834.147463702414,4654.704350319257,3300.1479610932843,89.99288237460244,296.565051177078,62.7
2019-09-28,76.4,84.2,69.8,999.9,5.8,5.7,7.8,1510.0306773007742,31.197875,121.336319,3.04,74.79519656220698,11.747936632807379,30.409238878077268,-0.9988797155850335,0.9943497193247306,31.197875,973.307404515625,0.9996381607177243,1.3962446919730587,-2834.147463702414,4654.704350319257,3300.1479610932843,89.99288237460244,296.565051177078,65.7
2019-09-29,76.1,84.2,69.8,999.9,6.1,6.3,9.7,-293.37045678895174,31.197875,121.336319,3.04,74.29620978805067,11.715565275382499,30.205753751213468,-0.9995462806873573,0.9943497193247306,31.197875,973.307404515625,0.9996381607177243,1.3962446919730587,-2834.147463702414,4654.704350319257,3300.1479610932843,89.99288237460244,296.565051177078,65.6
2019-09-30,78.5,84.2,73.4,999.9,5.9,5.8,7.8,116.34796815987119,31.197875,121.336319,3.04,76.42789880873214,11.68324567776797,30.00171467098231,-0.9999166586547379,0.9943497193247306,31.197875,973.307404515625,0.9996381607177243,1.3962446919730587,-2834.147463702414,4654.704350319257,3300.1479610932843,89.99288237460244,296.565051177078,69.3
2019-10-01,73.3,77.0,71.6,999.9,5.5,17.7,29.1,40.8,31.197875,121.336319,3.04,71.16809360308928,11.65098394593549,29.79720036393609,-0.9999907397361901,0.9943497193247306,31.197875,973.307404515625,0.9996381607177243,1.3962446919730587,-2834.147463702414,4654.704350319257,3300.1479610932843,89.99288237460244,296.565051177078,71.1
2019-10-02,76.0,84.2,69.8,999.9,6.2,7.9,15.5,23.3,31.197875,121.336319,3.04,73.5856462334804,11.618786247391643,29.592290652706886,-0.9997685019798909,0.9943497193247306,31.197875,973.307404515625,0.9996381607177243,1.3962446919730587,-2834.147463702414,4654.704350319257,3300.1479610932843,89.99288237460244,296.565051177078,70.4
2019-10-03,79.8,89.6,73.4,999.9,5.8,5.0,9.7,15.5,31.197875,121.336319,3.04,77.0512811333584,11.586658817046377,29.3870663918075,-0.9992500112396835,0.9943497193247306,31.197875,973.307404515625,0.9996381607177243,1.3962446919730587,-2834.147463702414,4654.704350319257,3300.1479610932843,89.99288237460244,296.565051177078,69.8
2019-10-04,79.6,87.8,73.4,999.9,6.0,6.4,11.7,-47.729972452366624,31.197875,121.336319,3.04,76.64556615423253,11.554607962949628,29.181609401880635,-0.9984354211555643,0.9943497193247306,31.197875,973.307404515625,0.9996381607177243,1.3962446919730587,-2834.147463702414,4654.704350319257,3300.1479610932843,89.99288237460244,296.565051177078,70.6
2019-10-05,71.3,78.8,68.0,999.9,6.1,10.8,15.5,109.35153580011097,31.197875,121.336319,3.04,68.46368642710209,11.52264007188254,28.976002402523026,-0.9973249731081555,0.9943497193247306,31.197875,973.307404515625,0.9996381607177243,1.3962446919730587,-2834.147463702414,4654.704350319257,3300.1479610932843,89.99288237460244,296.565051177078,61.2
2019-10-06,72.4,77.0,69.8,999.9,6.2,5.0,7.8,15.5,31.197875,121.336319,3.04,69.32759507589608,11.490761614789404,28.77032894381469,-0.9959189961471792,0.9943497193247306,31.197875,973.307404515625,0.9996381607177243,1.3962446919730587,-2834.147463702414,4654.704350319257,3300.1479610932843,89.99288237460244,296.565051177078,58.5
2019-10-07,68.9,75.2,64.4,999.9,5.7,8.5,13.6,-518.9401081253367,31.197875,121.336319,3.04,65.7936386312748,11.458979152036248,28.564673336685654,-0.994217906893952,0.9943497193247306,31.197875,973.307404515625,0.9996381607177243,1.3962446919730587,-2834.147463702414,4654.704350319257,3300.1479610932843,89.99288237460244,296.565051177078,60.5
2019-10-08,65.7,71.6,62.6,999.9,4.5,5.9,9.7,587.1537761986692,31.197875,121.336319,3.04,62.564463878186174,11.427299338481493,28.359120582254388,-0.9922222094179324,0.9943497193247306,31.197875,973.307404515625,0.9996381607177243,1.3962446919730587,-2834.147463702414,4654.704350319257,3300.1479610932843,89.99288237460244,296.565051177078,57.0
2019-10-09,71.0,75.2,68.0,999.9,6.1,6.2,9.7,735.2390830303966,31.197875,121.336319,3.04,67.4247294927015,11.395728928343917,28.153756300274495,-0.989932495087353,0.9943497193247306,31.197875,973.307404515625,0.9996381607177243,1.3962446919730587,-2834.147463702414,4654.704350319257,3300.1479610932843,89.99288237460244,296.565051177078,57.6
2019-10-10,76.4,84.2,71.6,999.9,6.2,6.1,9.7,15.5,31.197875,121.336319,3.04,72.35254943172905,11.36427477985273,27.948666656826884,-0.9873494423939864,0.9943497193247306,31.197875,973.307404515625,0.9996381607177243,1.3962446919730587,-2834.147463702414,4654.704350319257,3300.1479610932843,89.99288237460244,296.565051177078,64.6
2019-10-11,73.3,78.8,68.0,999.9,4.8,7.0,11.7,-49.00074102063228,31.197875,121.336319,3.04,69.2253987427827,11.33294385966429,27.743938291396063,-0.9844738167520923,0.9943497193247306,31.197875,973.307404515625,0.9996381607177243,1.3962446919730587,-2834.147463702414,4654.704350319257,3300.1479610932843,89.99288237460244,296.565051177078,66.7
2019-10-12,73.0,80.6,66.2,999.9,6.2,8.7,13.6,-291.2919816966898,31.197875,121.336319,3.04,68.75227141943036,11.301743247029647,27.539658243469958,-0.9813064702716093,0.9943497193247306,31.197875,973.307404515625,0.9996381607177243,1.3962446919730587,-2834.147463702414,4654.704350319257,3300.1479610932843,89.99288237460244,296.565051177078,61.7
2019-10-13,72.4,80.6,68.0,999.9,6.2,5.3,9.7,-562.4394067928677,31.197875,121.336319,3.04,67.99977016410362,11.270680137696733,27.33591387880204,-0.9778483415056567,0.9943497193247306,31.197875,973.307404515625,0.9996381607177243,1.3962446919730587,-2834.147463702414,4654.704350319257,3300.1479610932843,89.99288237460244,296.565051177078,63.3
2019-10-14,66.9,78.8,59.0,999.9,6.1,12.7,21.4,31.1,31.197875,121.336319,3.04,62.66167229998428,11.239761847530811,27.13279281547572,-0.9741004551724206,0.9943497193247306,31.197875,973.307404515625,0.9996381607177243,1.3962446919730587,-2834.147463702414,4654.704350319257,3300.1479610932843,89.99288237460244,296.565051177078,57.4
2019-10-15,61.9,68.0,55.4,999.9,6.2,10.4,15.5,23.3,31.197875,121.336319,3.04,57.81973675002316,11.208995815836477,26.930382849909172,-0.970063921851507,0.9943497193247306,31.197875,973.307404515625,0.9996381607177243,1.3962446919730587,-2834.147463702414,4654.704350319257,3300.1479610932843,89.99288237460244,296.565051177078,46.0
2019-10-16,66.6,71.6,62.6,999.9,6.2,7.0,9.7,273.1797867580846,31.197875,121.336319,3.04,62.040062326421264,11.178389608364192,26.72877188293845,-0.965739937654855,0.9943497193247306,31.197875,973.307404515625,0.9996381607177243,1.3962446919730587,-2834.147463702414,4654.704350319257,3300.1479610932843,89.99288237460244,296.565051177078,54.3
2019-10-17,66.7,73.4,60.8,999.9,6.2,6.6,11.7,-244.32643582660234,31.197875,121.336319,3.04,61.9640271969125,11.147950919984257,26.528047846115758,-0.9611297838723007,0.9943497193247306,31.197875,973.307404515625,0.9996381607177243,1.3962446919730587,-2834.147463702414,4654.704350319257,3300.1479610932843,89.99288237460244,296.565051177078,55.6
2019-10-18,66.3,73.4,59.0,999.9,6.1,7.7,13.6,739.8765284571452,31.197875,121.336319,3.04,61.425223862984815,11.117687577010827,26.328298628357206,-0.9562348265919058,0.9943497193247306,31.197875,973.307404515625,0.9996381607177243,1.3962446919730587,-2834.147463702414,4654.704350319257,3300.1479610932843,89.99288237460244,296.565051177078,53.7
2019-10-19,66.8,75.2,59.0,999.9,6.0,5.1,9.7,254.00310337903744,31.197875,121.336319,3.04,61.72101530131564,11.087607539158498,26.129612003073298,-0.9510565162951536,0.9943497193247306,31.197875,973.307404515625,0.9996381607177243,1.3962446919730587,-2834.147463702414,4654.704350319257,3300.1479610932843,89.99288237460244,296.565051177078,53.7
2019-10-20,67.4,77.0,59.0,999.9,5.6,4.3,7.8,214.48810903203616,31.197875,121.336319,3.04,62.10752116125668,11.057718901113947,25.93207555591226,-0.9455963874271428,0.9943497193247306,31.197875,973.307404515625,0.9996381607177243,1.3962446919730587,-2834.147463702414,4654.704350319257,3300.1479610932843,89.99288237460244,296.565051177078,53.4
2019-10-21,66.9,75.2,59.0,999.9,6.1,5.0,9.7,96.48516961633499,31.197875,121.336319,3.04,61.481266657405506,11.028029893705023,25.735776613244,-0.9398560579418953,0.9943497193247306,31.197875,973.307404515625,0.9996381607177243,1.3962446919730587,-2834.147463702414,4654.704350319257,3300.1479610932843,89.99288237460244,296.565051177078,54.1
2019-10-22,68.1,73.4,64.4,999.9,6.1,5.1,9.7,-890.2569412893365,31.197875,121.336319,3.04,62.41676492038752,10.998548884649784,25.540802171509323,-0.9338372288229252,0.9943497193247306,31.197875,973.307404515625,0.9996381607177243,1.3962446919730587,-2834.147463702414,4654.704350319257,3300.1479610932843,89.99288237460244,296.565051177078,55.6
2019-10-23,68.1,75.2,60.8,999.9,6.2,7.4,13.6,821.7658754232195,31.197875,121.336319,3.04,62.25068885007656,10.969284378868117,25.347238827555177,-0.9275416835791965,0.9943497193247306,31.197875,973.307404515625,0.9996381607177243,1.3962446919730587,-2834.147463702414,4654.704350319257,3300.1479610932843,89.99288237460244,296.565051177078,58.8
2019-10-24,68.6,77.0,60.8,999.9,6.0,6.7,11.7,194.02853413771223,31.197875,121.336319,3.04,62.54173402150308,10.940245018338732,25.1551727100736,-0.9209712877166347,0.9943497193247306,31.197875,973.307404515625,0.9996381607177243,1.3962446919730587,-2834.147463702414,4654.704350319257,3300.1479610932843,89.99288237460244,296.565051177078,57.5
2019-10-25,68.1,75.2,62.6,999.9,6.2,9.2,15.5,1374.850212955395,31.197875,121.336319,3.04,61.92241962492525,10.911439581484625,24.96468941225715,-0.9141279881853337,0.9943497193247306,31.197875,973.307404515625,0.9996381607177243,1.3962446919730587,-2834.147463702414,4654.704350319257,3300.1479610932843,89.99288237460244,296.565051177078,56.6
2019-10-26,62.5,68.0,57.2,999.9,6.2,8.3,13.6,71.39763974202789,31.197875,121.336319,3.04,56.68165094828407,10.882876982070542,24.775873925779663,-0.9070138128026362,0.9943497193247306,31.197875,973.307404515625,0.9996381607177243,1.3962446919730587,-2834.147463702414,4654.704350319257,3300.1479610932843,89.99288237460244,296.565051177078,48.9
2019-10-27,60.0,64.4,55.4,999.9,6.2,3.3,7.8,311.35813466089724,31.197875,121.336319,3.04,54.27283133798196,10.854566267596391,24.588810576206342,-0.8996308696522434,0.9943497193247306,31.197875,973.307404515625,0.9996381607177243,1.3962446919730587,-2834.147463702414,4654.704350319257,3300.1479610932843,89.99288237460244,296.565051177078,49.3
2019-10-28,62.5,69.8,55.4,999.9,4.4,5.1,7.8,15.5,31.197875,121.336319,3.04,56.38810738109997,10.826516617171194,24.40358295993177,-0.8919813464595487,0.9943497193247306,31.197875,973.307404515625,0.9996381607177243,1.3962446919730587,-2834.147463702414,4654.704350319257,3300.1479610932843,89.99288237460244,296.565051177078,55.6
2019-10-29,64.3,73.4,55.4,999.9,5.5,5.1,11.7,15.5,31.197875,121.336319,3.04,57.86323424068657,10.79873733885286,24.220273882739605,-0.8840675099433637,0.9943497193247306,31.197875,973.307404515625,0.9996381607177243,1.3962446919730587,-2834.147463702414,4654.704350319257,3300.1479610932843,89.99288237460244,296.565051177078,47.4
2019-10-30,65.3,75.2,55.4,999.9,6.2,3.6,11.7,15.5,31.197875,121.336319,3.04,58.6134860565437,10.771237866439884,24.03896530007163,-0.8758917051442433,0.9943497193247306,31.197875,973.307404515625,0.9996381607177243,1.3962446919730587,-2834.147463702414,4654.704350319257,3300.1479610932843,89.99288237460244,296.565051177078,46.3
2019-10-31,66.3,77.0,57.2,999.9,6.2,3.1,7.8,11.7,31.197875,121.336319,3.04,59.360753350253745,10.744027755702035,23.85973825908817,-0.8674563547295971,0.9943497193247306,31.197875,973.307404515625,0.9996381607177243,1.3962446919730587,-2834.147463702414,4654.704350319257,3300.1479610932843,89.99288237460244,296.565051177078,48.7
2019-11-01,67.7,78.8,57.2,999.9,5.8,4.0,7.8,-839.063453570222,31.197875,121.336319,3.04,60.462399936548856,10.717116680038203,23.682672842595863,-0.858763958275803,0.9943497193247306,31.197875,973.307404515625,0.9996381607177243,1.3962446919730587,-2834.147463702414,4654.704350319257,3300.1479610932843,89.99288237460244,296.565051177078,51.1
2019-11-02,69.3,75.2,64.4,999.9,5.7,4.7,7.8,194.69491229855748,31.197875,121.336319,3.04,61.73772080755545,10.690514425550727,23.50784811491196,-0.8498170915275277,0.9943497193247306,31.197875,973.307404515625,0.9996381607177243,1.3962446919730587,-2834.147463702414,4654.704350319257,3300.1479610932843,89.99288237460244,296.565051177078,56.1
2019-11-03,65.8,73.4,59.0,999.9,6.2,5.9,11.7,406.13333937401353,31.197875,121.336319,3.04,58.4755326889729,10.664230885526973,23.335342069728377,-0.8406184056344783,0.9943497193247306,31.197875,973.307404515625,0.9996381607177243,1.3962446919730587,-2834.147463702414,4654.704350319257,3300.1479610932843,89.99288237460244,296.565051177078,53.7
2019-11-04,63.2,71.6,55.4,999.9,6.2,9.0,15.5,435.3754379199887,31.197875,121.336319,3.04,56.028253886087036,10.638276054320322,23.165231580031374,-0.8311706263658079,0.9943497193247306,31.197875,973.307404515625,0.9996381607177243,1.3962446919730587,-2834.147463702414,4654.704350319257,3300.1479610932843,89.99288237460244,296.565051177078,51.8
2019-11-05,61.9,69.8,53.6,999.9,6.2,6.3,9.7,413.30881063548657,31.197875,121.336319,3.04,54.74363793972126,10.612660020624476,22.99759235012612,-0.8214765533024145,0.9943497193247306,31.197875,973.307404515625,0.9996381607177243,1.3962446919730587,-2834.147463702414,4654.704350319257,3300.1479610932843,89.99288237460244,296.565051177078,48.4
2019-11-06,65.2,71.6,60.8,999.9,6.2,4.2,7.8,-389.85038219827885,31.197875,121.336319,3.04,57.52483508340932,10.587392960136684,22.832498869808262,-0.8115390590073611,0.9943497193247306,31.197875,973.307404515625,0.9996381607177243,1.3962446919730587,-2834.147463702414,4654.704350319257,3300.1479610932843,89.99288237460244,296.565051177078,51.3
2019-11-07,62.9,68.0,53.6,999.9,6.2,9.0,13.6,1078.2172796585037,31.197875,121.336319,3.04,55.36502621054233,10.56248512760744,22.670024370717268,-0.801361088174677,0.9943497193247306,31.197875,973.307404515625,0.9996381607177243,1.3962446919730587,-2834.147463702414,4654.704350319257,3300.1479610932843,89.99288237460244,296.565051177078,50.3
2019-11-08,58.4,66.2,50.0,999.9,6.2,7.4,13.6,19.4,31.197875,121.336319,3.04,51.284674661611405,10.537946848276317,22.51024078489899,-0.7909456567567774,0.9943497193247306,31.197875,973.307404515625,0.9996381607177243,1.3962446919730587,-2834.147463702414,4654.704350319257,3300.1479610932843,89.99288237460244,296.565051177078,43.1
2019-11-09,59.5,68.0,50.0,999.9,6.2,4.5,7.8,1404.5184762866613,31.197875,121.336319,3.04,52.13086802228302,10.513788508695734,22.353218705597687,-0.780295851070776,0.9943497193247306,31.197875,973.307404515625,0.9996381607177243,1.3962446919730587,-2834.147463702414,4654.704350319257,3300.1479610932843,89.99288237460244,296.565051177078,43.6
2019-11-10,63.5,71.6,51.8,999.9,6.2,7.2,13.6,27.2,31.197875,121.336319,3.04,55.50969206092699,10.490020546946832,22.199027350289686,-0.7694148268839381,0.9943497193247306,31.197875,973.307404515625,0.9996381607177243,1.3962446919730587,-2834.147463702414,4654.704350319257,3300.1479610932843,89.99288237460244,296.565051177078,45.1
2019-11-11,64.6,73.4,59.0,999.9,6.2,4.9,7.8,-757.6660473644168,31.197875,121.336319,3.04,56.3454843641346,10.466653442254106,22.047734525964092,-0.7583058084785625,0.9943497193247306,31.197875,973.307404515625,0.9996381607177243,1.3962446919730587,-2834.147463702414,4654.704350319257,3300.1479610932843,89.99288237460244,296.565051177078,39.3
2019-11-12,66.1,68.0,62.6,999.9,6.2,7.9,11.7,838.7324357267249,31.197875,121.336319,3.04,57.52736818624415,10.443697704008017,21.899406596647598,-0.7469720876965551,0.9943497193247306,31.197875,973.307404515625,0.9996381607177243,1.3962446919730587,-2834.147463702414,4654.704350319257,3300.1479610932843,89.99288237460244,296.565051177078,55.7
2019-11-13,61.8,69.8,50.0,999.9,5.4,10.0,15.5,-274.428013857485,31.197875,121.336319,3.04,53.66899388006863,10.421163860207502,21.754108453163663,-0.7354170229639858,0.9943497193247306,31.197875,973.307404515625,0.9996381607177243,1.3962446919730587,-2834.147463702414,4654.704350319257,3300.1479610932843,89.99288237460244,296.565051177078,46.1
2019-11-14,58.1,66.2,51.8,999.9,6.2,6.0,13.6,285.900619856923,31.197875,121.336319,3.04,50.348794006173904,10.399062445337123,21.611903485108144,-0.7236440382959124,0.9943497193247306,31.197875,973.307404515625,0.9996381607177243,1.3962446919730587,-2834.147463702414,4654.704350319257,3300.1479610932843,89.99288237460244,296.565051177078,38.2
2019-11-15,62.7,71.6,57.2,999.9,6.2,8.0,11.7,-206.1870997234361,31.197875,121.336319,3.04,54.221935835714056,10.37740398769647,21.4728535550164,-0.711656622281775,0.9943497193247306,31.197875,973.307404515625,0.9996381607177243,1.3962446919730587,-2834.147463702414,4654.704350319257,3300.1479610932843,89.99288237460244,296.565051177078,49.1
2019-11-16,67.6,77.0,60.8,999.9,6.2,7.3,11.7,1011.5941811566491,31.197875,121.336319,3.04,58.33992101194024,10.35619899620241,21.337018974689844,-0.6994583270516471,0.9943497193247306,31.197875,973.307404515625,0.9996381607177243,1.3962446919730587,-2834.147463702414,4654.704350319257,3300.1479610932843,89.99288237460244,296.565051177078,54.4
2019-11-17,67.8,78.8,53.6,999.9,5.7,10.9,31.1,-641.0217832024949,31.197875,121.336319,3.04,58.3953373987861,10.335457946687805,21.204458483641908,-0.6870527672236675,0.9943497193247306,31.197875,973.307404515625,0.9996381607177243,1.3962446919730587,-2834.147463702414,4654.704350319257,3300.1479610932843,89.99288237460244,296.565051177078,54.4
2019-11-18,48.7,53.6,41.0,999.9,5.9,10.9,17.5,22.8135940849959,31.197875,121.336319,3.04,41.86248456151066,10.315191267723366,21.075229229617282,-0.6744436188329457,0.9943497193247306,31.197875,973.307404515625,0.9996381607177243,1.3962446919730587,-2834.147463702414,4654.704350319257,3300.1479610932843,89.99288237460244,296.565051177078,35.2
2019-11-19,50.2,57.2,42.8,999.9,6.2,6.8,11.7,-79.0569766010364,31.197875,121.336319,3.04,43.06912901373507,10.295409325992447,20.94938675113082,-0.661634618242279,0.9943497193247306,31.197875,973.307404515625,0.9996381607177243,1.3962446919730587,-2834.147463702414,4654.704350319257,3300.1479610932843,89.99288237460244,296.565051177078,32.8
2019-11-20,55.3,62.6,50.0,999.9,6.2,5.3,9.7,-226.51176170621184,31.197875,121.336319,3.04,47.355797445184486,10.276122411251606,20.826984961966193,-0.6486295610349818,0.9943497193247306,31.197875,973.307404515625,0.9996381607177243,1.3962446919730587,-2834.147463702414,4654.704350319257,3300.1479610932843,89.99288237460244,296.565051177078,40.8
2019-11-21,60.4,64.4,55.4,999.9,6.2,5.1,7.8,214.5608633425504,31.197875,121.336319,3.04,51.62861496192858,10.257340720912962,20.70807613756813,-0.6354323008901775,0.9943497193247306,31.197875,973.307404515625,0.9996381607177243,1.3962446919730587,-2834.147463702414,4654.704350319257,3300.1479610932843,89.99288237460244,296.565051177078,49.9
2019-11-22,67.0,71.6,60.8,999.9,5.9,5.1,7.8,-588.2192500704263,31.197875,121.336319,3.04,57.16816508893697,10.23907434428722,20.592710903255753,-0.622046748440868,0.9943497193247306,31.197875,973.307404515625,0.9996381607177243,1.3962446919730587,-2834.147463702414,4654.704350319257,3300.1479610932843,89.99288237460244,296.565051177078,61.5
2019-11-23,68.6,71.6,66.2,999.9,6.2,4.6,9.7,324.22241700852703,31.197875,121.336319,3.04,58.431955059326306,10.221333246529383,20.48093822417909,-0.6084768701151264,0.9943497193247306,31.197875,973.307404515625,0.9996381607177243,1.3962446919730587,-2834.147463702414,4654.704350319257,3300.1479610932843,89.99288237460244,296.565051177078,64.3
2019-11-24,61.6,73.4,50.0,999.9,5.6,14.6,23.3,33.0,31.197875,121.336319,3.04,52.3811865619708,10.204127252331974,20.37280539693555,-0.594726686960764,0.9943497193247306,31.197875,973.307404515625,0.9996381607177243,1.3962446919730587,-2834.147463702414,4654.704350319257,3300.1479610932843,89.99288237460244,296.565051177078,53.4
2019-11-25,47.0,50.0,44.6,999.9,6.2,11.3,17.5,1135.4627362420888,31.197875,121.336319,3.04,39.90090861520194,10.187466029413262,20.26835804275781,-0.5808002734538013,0.9943497193247306,31.197875,973.307404515625,0.9996381607177243,1.3962446919730587,-2834.147463702414,4654.704350319257,3300.1479610932843,89.99288237460244,296.565051177078,38.7
2019-11-26,50.7,55.4,48.2,999.9,6.2,7.3,11.7,479.11430144733606,31.197875,121.336319,3.04,42.973992078569516,10.171359071850771,20.167640102180687,-0.5667017562911184,0.9943497193247306,31.197875,973.307404515625,0.9996381607177243,1.3962446919730587,-2834.147463702414,4654.704350319257,3300.1479610932843,89.99288237460244,296.565051177078,42.2
2019-11-27,48.3,50.0,46.4,999.9,5.7,12.0,17.5,606.0761229259906,31.197875,121.336319,3.04,40.877158125333295,10.15581568331262,20.07069383108999,-0.5524353131676203,0.9943497193247306,31.197875,973.307404515625,0.9996381607177243,1.3962446919730587,-2834.147463702414,4654.704350319257,3300.1479610932843,89.99288237460244,296.565051177078,44.0
2019-11-28,48.6,53.6,44.6,999.9,6.2,11.0,15.5,25.3,31.197875,121.336319,3.04,41.07042208897831,10.140844960241557,19.977559798052976,-0.5380051715382992,0.9943497193247306,31.197875,973.307404515625,0.9996381607177243,1.3962446919730587,-2834.147463702414,4654.704350319257,3300.1479610932843,89.99288237460244,296.565051177078,36.4
2019-11-29,50.8,53.6,46.4,999.9,6.2,7.4,13.6,-172.07193959943996,31.197875,121.336319,3.04,42.868662781039106,10.126455775048608,19.888276882827164,-0.5234156073655503,0.9943497193247306,31.197875,973.307404515625,0.9996381607177243,1.3962446919730587,-2834.147463702414,4654.704350319257,3300.1479610932843,89.99288237460244,296.565051177078,41.1
2019-11-30,54.3,57.2,51.8,999.9,5.2,6.8,13.6,-223.06692195627897,31.197875,121.336319,3.04,45.75977183617144,10.112656759374904,19.8028822759414,-0.5086709438521042,0.9943497193247306,31.197875,973.307404515625,0.9996381607177243,1.3962446919730587,-2834.147463702414,4654.704350319257,3300.1479610932843,89.99288237460244,296.565051177078,51.0
2019-12-01,46.3,50.0,41.0,999.9,5.8,12.9,17.5,40.8,31.197875,121.336319,3.04,38.967068842534104,10.099456287481841,19.721411479241485,-0.49377555015997737,0.9943497193247306,31.197875,973.307404515625,0.9996381607177243,1.3962446919730587,-2834.147463702414,4654.704350319257,3300.1479610932843,89.99288237460244,296.565051177078,40.7
2019-12-02,44.7,51.8,35.6,999.9,5.9,7.5,13.6,43.71847862875587,31.197875,121.336319,3.04,37.57356266287008,10.086862459830893,19.643898307291074,-0.4787338401157883,0.9943497193247306,31.197875,973.307404515625,0.9996381607177243,1.3962446919730587,-2834.147463702414,4654.704350319257,3300.1479610932843,89.99288237460244,296.565051177078,27.9
2019-12-03,44.7,51.8,37.4,999.9,5.1,3.8,7.8,-893.3353053612358,31.197875,121.336319,3.04,37.528939498759165,10.07488308691521,19.5703748895178,-0.4635502709028512,0.9943497193247306,31.197875,973.307404515625,0.9996381607177243,1.3962446919730587,-2834.147463702414,4654.704350319257,3300.1479610932843,89.99288237460244,296.565051177078,28.8
2019-12-04,48.4,55.4,41.0,999.9,5.5,4.6,9.7,876.1912752605779,31.197875,121.336319,3.04,40.58955354940322,10.063525673405758,19.500871672994673,-0.4482293417404106,0.9943497193247306,31.197875,973.307404515625,0.9996381607177243,1.3962446919730587,-2834.147463702414,4654.704350319257,3300.1479610932843,89.99288237460244,296.565051177078,29.4
2019-12-05,50.7,57.2,44.6,999.9,6.0,10.9,17.5,21.4,31.197875,121.336319,3.04,42.4730690263012,10.05279740267484,19.435417425746856,-0.4327755925504317,0.9943497193247306,31.197875,973.307404515625,0.9996381607177243,1.3962446919730587,-2834.147463702414,4654.704350319257,3300.1479610932843,89.99288237460244,296.565051177078,36.1
2019-12-06,43.9,53.6,35.6,999.9,6.2,9.1,17.5,-546.3002469789985,31.197875,121.336319,3.04,36.73956290377091,10.042705121759703,19.374039240475593,-0.41719360261231697,0.9943497193247306,31.197875,973.307404515625,0.9996381607177243,1.3962446919730587,-2834.147463702414,4654.704350319257,3300.1479610932843,89.99288237460244,296.565051177078,29.5
2019-12-07,43.5,51.8,35.6,999.9,6.1,4.6,9.7,713.3973715865112,31.197875,121.336319,3.04,36.370550559752594,10.033255326828302,19.31676253859204,-0.4014879892059737,0.9943497193247306,31.197875,973.307404515625,0.9996381607177243,1.3962446919730587,-2834.147463702414,4654.704350319257,3300.1479610932843,89.99288237460244,296.565051177078,28.0
2019-12-08,46.5,55.4,37.4,999.9,5.5,3.2,5.8,-731.2086513810327,31.197875,121.336319,3.04,38.84475982818245,10.024454149208374,19.263611074456918,-0.38566340624360745,0.9943497193247306,31.197875,973.307404515625,0.9996381607177243,1.3962446919730587,-2834.147463702414,4654.704350319257,3300.1479610932843,89.99288237460244,296.565051177078,29.3
2019-12-09,51.3,62.6,41.0,999.9,5.5,3.5,7.8,19.4,31.197875,121.336319,3.04,42.8197138872191,10.016307342039557,19.214606939724288,-0.3697245428906732,0.9943497193247306,31.197875,973.307404515625,0.9996381607177243,1.3962446919730587,-2834.147463702414,4654.704350319257,3300.1479610932843,89.99288237460244,296.565051177078,36.3
2019-12-10,53.8,66.2,42.8,999.9,5.1,3.9,7.8,13.6,31.197875,121.336319,3.04,44.87287753310272,10.008820267606554,19.169770567691735,-0.3536761221763721,0.9943497193247306,31.197875,973.307404515625,0.9996381607177243,1.3962446919730587,-2834.147463702414,4654.704350319257,3300.1479610932843,89.99288237460244,296.565051177078,39.5
2019-12-11,50.1,60.8,39.2,999.9,4.7,6.9,13.6,517.7110273950145,31.197875,121.336319,3.04,41.75834117158329,10.001997885409171,19.129120737563152,-0.33752289959411347,0.9943497193247306,31.197875,973.307404515625,0.9996381607177243,1.3962446919730587,-2834.147463702414,4654.704350319257,3300.1479610932843,89.99288237460244,296.565051177078,38.4
2019-12-12,51.0,57.2,46.4,999.9,6.2,5.7,9.7,-536.5872329185383,31.197875,121.336319,3.04,42.48234014934571,9.99584474102252,19.092674578535348,-0.32126966169236515,0.9943497193247306,31.197875,973.307404515625,0.9996381607177243,1.3962446919730587,-2834.147463702414,4654.704350319257,3300.1479610932843,89.99288237460244,296.565051177078,35.9
2019-12-13,53.7,62.6,44.6,999.9,6.1,5.7,15.5,-929.3679709035533,31.197875,121.336319,3.04,44.70688317719483,9.990364955797729,19.06044757362494,-0.3049212246562894,0.9943497193247306,31.197875,973.307404515625,0.9996381607177243,1.3962446919730587,-2834.147463702414,4654.704350319257,3300.1479610932843,89.99288237460244,296.565051177078,42.3
2019-12-14,54.5,60.8,50.0,999.9,5.8,7.0,11.7,19.4,31.197875,121.336319,3.04,45.35109507091997,9.985562217450267,19.03245356315792,-0.2884824328806098,0.9943497193247306,31.197875,973.307404515625,0.9996381607177243,1.3962446919730587,-2834.147463702414,4654.704350319257,3300.1479610932843,89.99288237460244,296.565051177078,46.4
2019-12-15,58.8,64.4,53.6,999.9,6.2,9.8,11.7,330.8703769979568,31.197875,121.336319,3.04,48.909054880738545,9.981439771579295,19.00870474785042,-0.27195815753410524,0.9943497193247306,31.197875,973.307404515625,0.9996381607177243,1.3962446919730587,-2834.147463702414,4654.704350319257,3300.1479610932843,89.99288237460244,296.565051177078,50.8
2019-12-16,63.2,71.6,57.2,999.9,5.2,6.2,11.7,-294.3732713350682,31.197875,121.336319,3.04,52.55080218122971,9.97800041415754,18.989211691416603,-0.2553532951161881,0.9943497193247306,31.197875,973.307404515625,0.9996381607177243,1.3962446919730587,-2834.147463702414,4654.704350319257,3300.1479610932843,89.99288237460244,296.565051177078,57.3
2019-12-17,52.2,59.0,46.4,999.9,3.5,10.5,13.6,325.00894846565063,31.197875,121.336319,3.04,43.39232220986732,9.97524648502697,18.97398332264617,-0.23867276600594997,0.9943497193247306,31.197875,973.307404515625,0.9996381607177243,1.3962446919730587,-2834.147463702414,4654.704350319257,3300.1479610932843,89.99288237460244,296.565051177078,48.1
2019-12-18,44.2,48.2,39.2,999.9,6.2,10.8,15.5,97.50417300864575,31.197875,121.336319,3.04,36.73454582662063,9.973179862430941,18.963026936902082,-0.22192151300416674,0.9943497193247306,31.197875,973.307404515625,0.9996381607177243,1.3962446919730587,-2834.147463702414,4654.704350319257,3300.1479610932843,89.99288237460244,296.565051177078,38.5
2019-12-19,43.0,46.4,37.4,999.9,6.2,6.3,9.7,19.4,31.197875,121.336319,3.04,35.73229035168165,9.971801958608832,18.956348196997073,-0.20510449986861926,0.9943497193247306,31.197875,973.307404515625,0.9996381607177243,1.3962446919730587,-2834.147463702414,4654.704350319257,3300.1479610932843,89.99288237460244,296.565051177078,36.0
2019-12-20,48.1,50.0,42.8,999.9,5.8,5.3,13.6,-641.1535378107404,31.197875,121.336319,3.04,39.9675474802007,9.971113716474187,18.953951133415384,-0.1882267098432439,0.9943497193247306,31.197875,973.307404515625,0.9996381607177243,1.3962446919730587,-2834.147463702414,4654.704350319257,3300.1479610932843,89.99288237460244,296.565051177078,39.9
2019-12-21,49.9,50.0,48.2,999.9,5.4,7.6,11.7,820.2402545668882,31.197875,121.336319,3.04,41.46322240073946,9.971115607392255,18.95583814385521,-0.1712931441814778,0.9943497193247306,31.197875,973.307404515625,0.9996381607177243,1.3962446919730587,-2834.147463702414,4654.704350319257,3300.1479610932843,89.99288237460244,296.565051177078,47.3
2019-12-22,50.7,55.4,44.6,999.9,5.8,5.9,9.7,-48.24231995258516,31.197875,121.336319,3.04,42.130887237035694,9.97180763006762,18.96200999207553,-0.154308820664281,0.9943497193247306,31.197875,973.307404515625,0.9996381607177243,1.3962446919730587,-2834.147463702414,4654.704350319257,3300.1479610932843,89.99288237460244,296.565051177078,46.4
2019-12-23,52.2,55.4,48.2,999.9,5.4,7.5,11.7,355.0991758238774,31.197875,121.336319,3.04,43.38337350088056,9.973189310547253,18.972465806040066,-0.13727877211326517,0.9943497193247306,31.197875,973.307404515625,0.9996381607177243,1.3962446919730587,-2834.147463702414,4654.704350319257,3300.1479610932843,89.99288237460244,296.565051177078,46.4
2019-12-24,52.3,53.6,50.0,999.9,6.2,6.0,9.7,17.621806055437794,31.197875,121.336319,3.04,43.475506873719134,9.975259703338999,18.98720307535989,-0.12020804489935275,0.9943497193247306,31.197875,973.307404515625,0.9996381607177243,1.3962446919730587,-2834.147463702414,4654.704350319257,3300.1479610932843,89.99288237460244,296.565051177078,46.3
2019-12-25,56.2,59.0,50.0,999.9,5.4,7.2,15.5,19.4,31.197875,121.336319,3.04,46.73038146021436,9.978017393640076,19.006217648045045,-0.10310169744743544,0.9943497193247306,31.197875,973.307404515625,0.9996381607177243,1.3962446919730587,-2834.147463702414,4654.704350319257,3300.1479610932843,89.99288237460244,296.565051177078,53.2
2019-12-26,43.7,50.0,37.4,999.9,5.6,11.8,21.4,25.3,31.197875,121.336319,3.04,36.34915198992147,9.981460500664934,19.029503726584416,-0.0859647987374467,0.9943497193247306,31.197875,973.307404515625,0.9996381607177243,1.3962446919730587,-2834.147463702414,4654.704350319257,3300.1479610932843,89.99288237460244,296.565051177078,37.5
2019-12-27,42.1,48.2,35.6,999.9,5.9,3.6,7.8,17.5,31.197875,121.336319,3.04,35.032766609548226,9.985586682056502,19.057053863381718,-0.06880242680232064,0.9943497193247306,31.197875,973.307404515625,0.9996381607177243,1.3962446919730587,-2834.147463702414,4654.704350319257,3300.1479610932843,89.99288237460244,296.565051177078,28.8
2019-12-28,52.2,57.2,41.0,999.9,5.5,7.4,13.6,23.3,31.197875,121.336319,3.04,43.45821015621501,9.990393139359773,19.088858955584172,-0.05161966722325418,0.9943497193247306,31.197875,973.307404515625,0.9996381607177243,1.3962446919730587,-2834.147463702414,4654.704350319257,3300.1479610932843,89.99288237460244,296.565051177078,42.8
2019-12-29,53.0,59.0,44.6,999.9,4.8,6.1,9.7,158.4449774267375,31.197875,121.336319,3.04,44.14845509168197,9.995876624531766,19.12490823934853,-0.034421611622745804,0.9943497193247306,31.197875,973.307404515625,0.9996381607177243,1.3962446919730587,-2834.147463702414,4654.704350319257,3300.1479610932843,89.99288237460244,296.565051177078,46.5
2019-12-30,47.2,59.0,32.0,999.9,4.6,15.1,21.4,29.1,31.197875,121.336319,3.04,39.341331559997684,10.002033447457038,19.16518928359747,-0.01721335615583528,0.9943497193247306,31.197875,973.307404515625,0.9996381607177243,1.3962446919730587,-2834.147463702414,4654.704350319257,3300.1479610932843,89.99288237460244,296.565051177078,36.7
2019-12-31,37.3,42.8,32.0,999.9,6.2,7.4,11.7,-259.4301490470705,31.197875,121.336319,3.04,31.110871564114312,10.00885948443356,19.209687983326774,6.432490598706546e-16,0.9943497193247306,31.197875,973.307404515625,0.9996381607177243,1.3962446919730587,-2834.147463702414,4654.704350319257,3300.1479610932843,89.99288237460244,296.565051177078,25.0
2020-01-01,47.3,51.8,39.2,999.9,6.2,4.9,9.7,-435.1532274053972,31.197875,121.336319,3.04,39.48111365608145,10.016350187589374,19.25838855253157,0.017213356155834685,0.9943497193247306,31.197875,973.307404515625,0.9996381607177243,1.3962446919730587,-2834.147463702414,4654.704350319257,3300.1479610932843,89.99288237460244,296.565051177078,34.9
2020-01-02,51.9,55.4,50.0,999.9,5.6,4.4,7.8,70.93918351114485,31.197875,121.336319,3.04,43.35596507418213,10.02450059518662,19.311273516826205,0.03442161162274574,0.9943497193247306,31.197875,973.307404515625,0.9996381607177243,1.3962446919730587,-2834.147463702414,4654.704350319257,3300.1479610932843,89.99288237460244,296.565051177078,46.5
2020-01-03,50.1,51.8,48.2,999.9,3.1,5.9,7.8,-67.04504757106407,31.197875,121.336319,3.04,41.88904980604723,10.033305342765804,19.36832370583962,0.051619667223253764,0.9943497193247306,31.197875,973.307404515625,0.9996381607177243,1.3962446919730587,-2834.147463702414,4654.704350319257,3300.1479610932843,89.99288237460244,296.565051177078,48.6
2020-01-04,50.5,51.8,48.2,999.9,4.0,5.7,7.8,-136.02377644657733,31.197875,121.336319,3.04,42.26327609096143,10.042758675079945,19.429518245473343,0.06880242680231986,0.9943497193247306,31.197875,973.307404515625,0.9996381607177243,1.3962446919730587,-2834.147463702414,4654.704350319257,3300.1479610932843,89.99288237460244,296.565051177078,44.9
2020-01-05,56.1,59.0,51.8,999.9,6.2,9.7,13.6,261.2963119258868,31.197875,121.336319,3.04,46.99709459472773,10.052854458765289,19.494834550115293,0.08596479873744647,0.9943497193247306,31.197875,973.307404515625,0.9996381607177243,1.3962446919730587,-2834.147463702414,4654.704350319257,3300.1479610932843,89.99288237460244,296.565051177078,49.3
2020-01-06,64.4,75.2,59.0,999.9,6.2,6.0,11.7,17.5,31.197875,121.336319,3.04,54.00791258355124,10.063586195692777,19.56424831490725,0.10310169744743485,0.9943497193247306,31.197875,973.307404515625,0.9996381607177243,1.3962446919730587,-2834.147463702414,4654.704350319257,3300.1479610932843,89.99288237460244,296.565051177078,57.9
2020-01-07,49.5,64.4,41.0,999.9,5.1,13.8,23.3,33.0,31.197875,121.336319,3.04,41.55915652738663,10.074947036942213,19.637733508168203,0.1202080448993527,0.9943497193247306,31.197875,973.307404515625,0.9996381607177243,1.3962446919730587,-2834.147463702414,4654.704350319257,3300.1479610932843,89.99288237460244,296.565051177078,42.9
2020-01-08,42.4,46.4,41.0,999.9,6.1,8.3,13.6,287.4208173959724,31.197875,121.336319,3.04,35.640485283932634,10.086929797339424,19.715262364079656,0.13727877211326478,0.9943497193247306,31.197875,973.307404515625,0.9996381607177243,1.3962446919730587,-2834.147463702414,4654.704350319257,3300.1479610932843,89.99288237460244,296.565051177078,31.4
2020-01-09,44.3,48.2,42.8,999.9,6.0,6.1,9.7,-890.1151777147763,31.197875,121.336319,3.04,37.28408706607821,10.099526970495226,19.796805375742082,0.15430882066428117,0.9943497193247306,31.197875,973.307404515625,0.9996381607177243,1.3962446919730587,-2834.147463702414,4654.704350319257,3300.1479610932843,89.99288237460244,296.565051177078,40.2
2020-01-10,46.4,48.2,44.6,999.9,5.7,8.7,11.7,-205.0016780376228,31.197875,121.336319,3.04,39.10255887789871,10.112730744284148,19.882331288714088,0.1712931441814776,0.9943497193247306,31.197875,973.307404515625,0.9996381607177243,1.3962446919730587,-2834.147463702414,4654.704350319257,3300.1479610932843,89.99288237460244,296.565051177078,43.9
2020-01-11,43.1,44.6,39.2,999.9,3.9,8.8,11.7,-101.15398720284603,31.197875,121.336319,3.04,36.37113108498153,10.126533016700193,19.971807095147962,0.1882267098432442,0.9943497193247306,31.197875,973.307404515625,0.9996381607177243,1.3962446919730587,-2834.147463702414,4654.704350319257,3300.1479610932843,89.99288237460244,296.565051177078,39.4
2020-01-12,41.1,48.2,33.8,999.9,2.7,6.4,11.7,17.5,31.197875,121.336319,3.04,34.73266953619171,10.140925412026776,20.065198028636313,0.2051044998686192,0.9943497193247306,31.197875,973.307404515625,0.9996381607177243,1.3962446919730587,-2834.147463702414,4654.704350319257,3300.1479610932843,89.99288237460244,296.565051177078,32.8
2020-01-13,43.9,50.0,37.4,999.9,3.4,4.5,7.8,17.5,31.197875,121.336319,3.04,37.153664929135985,10.155899297258129,20.1624675598852,0.2219215130041655,0.9943497193247306,31.197875,973.307404515625,0.9996381607177243,1.3962446919730587,-2834.147463702414,4654.704350319257,3300.1479610932843,89.99288237460244,296.565051177078,33.8
2020-01-14,41.1,46.4,33.8,999.9,4.0,7.4,13.6,-677.3747423640236,31.197875,121.336319,3.04,34.837201860581786,10.17144579871001,20.263577393329115,0.2386727660059501,0.9943497193247306,31.197875,973.307404515625,0.9996381607177243,1.3962446919730587,-2834.147463702414,4654.704350319257,3300.1479610932843,89.99288237460244,296.565051177078,32.3
2020-01-15,44.1,48.2,41.0,999.9,6.2,7.7,9.7,-370.8708099109379,31.197875,121.336319,3.04,37.43926763393713,10.187555818758403,20.36848746480244,0.255353295116187,0.9943497193247306,31.197875,973.307404515625,0.9996381607177243,1.3962446919730587,-2834.147463702414,4654.704350319257,3300.1479610932843,89.99288237460244,296.565051177078,37.1
2020-01-16,43.3,44.6,41.0,999.9,6.1,9.1,11.7,-856.7406676382757,31.197875,121.336319,3.04,36.8202273566313,10.204220052646088,20.47715594038083,0.2719581575341055,0.9943497193247306,31.197875,973.307404515625,0.9996381607177243,1.3962446919730587,-2834.147463702414,4654.704350319257,3300.1479610932843,89.99288237460244,296.565051177078,40.5
2020-01-17,41.5,44.6,39.2,999.9,5.7,8.8,11.7,1454.2213142959977,31.197875,121.336319,3.04,35.349108643324,10.221429005298505,20.589539216503955,0.288482432880609,0.9943497193247306,31.197875,973.307404515625,0.9996381607177243,1.3962446919730587,-2834.147463702414,4654.704350319257,3300.1479610932843,89.99288237460244,296.565051177078,33.4
2020-01-18,40.6,41.0,39.2,999.9,5.5,5.1,7.8,353.58214390134094,31.197875,121.336319,3.04,34.64253534404456,10.239173008091988,20.705591921488796,0.30492122465628907,0.9943497193247306,31.197875,973.307404515625,0.9996381607177243,1.3962446919730587,-2834.147463702414,4654.704350319257,3300.1479610932843,89.99288237460244,296.565051177078,29.5
2020-01-19,42.4,48.2,35.6,999.9,4.4,4.9,9.7,-712.9969846418704,31.197875,121.336319,3.04,36.24296256550249,10.257442235519573,20.825266918539374,0.3212696616923644,0.9943497193247306,31.197875,973.307404515625,0.9996381607177243,1.3962446919730587,-2834.147463702414,4654.704350319257,3300.1479610932843,89.99288237460244,296.565051177078,31.8
2020-01-20,44.6,53.6,35.6,999.9,2.4,4.5,7.8,-1087.2690560805902,31.197875,121.336319,3.04,38.19330931565816,10.276226721701747,20.948515310355496,0.3375228995941133,0.9943497193247306,31.197875,973.307404515625,0.9996381607177243,1.3962446919730587,-2834.147463702414,4654.704350319257,3300.1479610932843,89.99288237460244,296.565051177078,34.8
2020-01-21,50.7,55.4,42.8,999.9,3.3,7.3,15.5,21.4,31.197875,121.336319,3.04,43.49855669152371,10.295516376692001,21.07528644543902,0.3536761221763716,0.9943497193247306,31.197875,973.307404515625,0.9996381607177243,1.3962446919730587,-2834.147463702414,4654.704350319257,3300.1479610932843,89.99288237460244,296.565051177078,44.2
2020-01-22,48.9,50.0,48.2,999.9,1.5,5.6,7.8,325.67536942351614,31.197875,121.336319,3.04,42.034851585308154,10.315301002529608,21.205527926191273,0.3697245428906731,0.9943497193247306,31.197875,973.307404515625,0.9996381607177243,1.3962446919730587,-2834.147463702414,4654.704350319257,3300.1479610932843,89.99288237460244,296.565051177078,47.4
2020-01-23,48.4,51.8,46.4,999.9,5.1,6.7,11.7,-63.9574224848582,31.197875,121.336319,3.04,41.686800246279105,10.33557030899482,21.33918561889088,0.38566340624360707,0.9943497193247306,31.197875,973.307404515625,0.9996381607177243,1.3962446919730587,-2834.147463702414,4654.704350319257,3300.1479610932843,89.99288237460244,296.565051177078,46.0
2020-01-24,47.8,50.0,46.4,999.9,4.8,9.1,13.6,447.9893193721912,31.197875,121.336319,3.04,41.252650483947896,10.356313929024576,21.47620366563513,0.401487989205973,0.9943497193247306,31.197875,973.307404515625,0.9996381607177243,1.3962446919730587,-2834.147463702414,4654.704350319257,3300.1479610932843,89.99288237460244,296.565051177078,43.7
2020-01-25,46.2,48.2,44.6,999.9,5.5,10.1,13.6,788.3351591482727,31.197875,121.336319,3.04,39.95345751993654,10.37752143374975,21.616524498322782,0.4171936026123168,0.9943497193247306,31.197875,973.307404515625,0.9996381607177243,1.3962446919730587,-2834.147463702414,4654.704350319257,3300.1479610932843,89.99288237460244,296.565051177078,44.6
2020-01-26,46.3,48.2,42.8,999.9,6.0,12.8,15.5,21.4,31.197875,121.336319,3.04,40.12351188929695,10.399182347118,21.76008885474976,0.4327755925504312,0.9943497193247306,31.197875,973.307404515625,0.9996381607177243,1.3962446919730587,-2834.147463702414,4654.704350319257,3300.1479610932843,89.99288237460244,296.565051177078,44.1
2020-01-27,42.2,44.6,37.4,999.9,4.5,9.3,11.7,153.72726468059258,31.197875,121.336319,3.04,36.64818966291062,10.42128616006937,21.9068357968827,0.4482293417404106,0.9943497193247306,31.197875,973.307404515625,0.9996381607177243,1.3962446919730587,-2834.147463702414,4654.704350319257,3300.1479610932843,89.99288237460244,296.565051177078,38.2
2020-01-28,42.0,44.6,39.2,999.9,3.4,8.7,11.7,-459.06282093482326,31.197875,121.336319,3.04,36.553378204822124,10.443822344234892,22.056702731368713,0.4635502709028509,0.9943497193247306,31.197875,973.307404515625,0.9996381607177243,1.3962446919730587,-2834.147463702414,4654.704350319257,3300.1479610932843,89.99288237460244,296.565051177078,33.9
2020-01-29,43.4,50.0,37.4,999.9,5.9,9.6,17.5,25.3,31.197875,121.336319,3.04,37.85485565389231,10.466780365131514,22.209625432332462,0.47873384011578846,0.9943497193247306,31.197875,973.307404515625,0.9996381607177243,1.3962446919730587,-2834.147463702414,4654.704350319257,3300.1479610932843,89.99288237460244,296.565051177078,28.9
2020-01-30,40.0,46.4,32.0,999.9,5.7,8.7,15.5,25.3,31.197875,121.336319,3.04,34.96716564943246,10.490149694829737,22.365538066504538,0.49377555015997715,0.9943497193247306,31.197875,973.307404515625,0.9996381607177243,1.3962446919730587,-2834.147463702414,4654.704350319257,3300.1479610932843,89.99288237460244,296.565051177078,25.6
2020-01-31,41.1,50.0,32.0,999.9,6.0,4.9,11.7,436.86684144093465,31.197875,121.336319,3.04,36.01017539745147,10.51391982407342,22.524373220717678,0.5086709438521044,0.9943497193247306,31.197875,973.307404515625,0.9996381607177243,1.3962446919730587,-2834.147463702414,4654.704350319257,3300.1479610932843,89.99288237460244,296.565051177078,24.5
2020-02-01,45.6,57.2,37.4,999.9,6.2,2.4,7.8,928.2611960063238,31.197875,121.336319,3.04,40.04470504056969,10.538080273834128,22.686061931799657,0.5234156073655503,0.9943497193247306,31.197875,973.307404515625,0.9996381607177243,1.3962446919730587,-2834.147463702414,4654.704350319257,3300.1479610932843,89.99288237460244,296.565051177078,28.0
2020-02-02,49.4,57.2,42.8,999.9,5.9,5.0,9.7,124.44183442244584,31.197875,121.336319,3.04,43.48278816254118,10.562620606285309,22.85053371888396,0.5380051715382996,0.9943497193247306,31.197875,973.307404515625,0.9996381607177243,1.3962446919730587,-2834.147463702414,4654.704350319257,3300.1479610932843,89.99288237460244,296.565051177078,37.4
2020-02-03,46.0,51.8,39.2,999.9,5.4,6.5,13.6,274.9833991726127,31.197875,121.336319,3.04,40.585533334873475,10.587530435184386,23.017716618151677,0.5524353131676196,0.9943497193247306,31.197875,973.307404515625,0.9996381607177243,1.3962446919730587,-2834.147463702414,4654.704350319257,3300.1479610932843,89.99288237460244,296.565051177078,36.6
2020-02-04,46.9,57.2,35.6,999.9,6.2,3.8,9.7,-209.5400511660043,31.197875,121.336319,3.04,41.47835779434603,10.612799435653569,23.18753722000991,0.5667017562911176,0.9943497193247306,31.197875,973.307404515625,0.9996381607177243,1.3962446919730587,-2834.147463702414,4654.704350319257,3300.1479610932843,89.99288237460244,296.565051177078,33.4
2020-02-05,45.2,51.8,41.0,999.9,6.2,9.2,13.6,-141.69553722729916,31.197875,121.336319,3.04,40.071372030961996,10.638417353352741,23.359920708704127,0.5808002734538009,0.9943497193247306,31.197875,973.307404515625,0.9996381607177243,1.3962446919730587,-2834.147463702414,4654.704350319257,3300.1479610932843,89.99288237460244,296.565051177078,34.2
2020-02-06,42.5,44.6,41.0,999.9,6.2,8.0,13.6,357.3926524894357,31.197875,121.336319,3.04,37.76965796285095,10.664374013040268,23.534790904354207,0.5947266869607634,0.9943497193247306,31.197875,973.307404515625,0.9996381607177243,1.3962446919730587,-2834.147463702414,4654.704350319257,3300.1479610932843,89.99288237460244,296.565051177078,36.0
2020-02-07,44.4,48.2,42.8,999.9,6.2,6.6,9.7,799.5972575862913,31.197875,121.336319,3.04,39.55543950812375,10.690659326519933,23.712070307395543,0.6084768701151261,0.9943497193247306,31.197875,973.307404515625,0.9996381607177243,1.3962446919730587,-2834.147463702414,4654.704350319257,3300.1479610932843,89.99288237460244,296.565051177078,38.2
2020-02-08,43.7,50.0,35.6,999.9,5.1,5.7,9.7,192.7783418630864,31.197875,121.336319,3.04,39.02870051740658,10.717263299974345,23.891680145399032,0.6220467484408675,0.9943497193247306,31.197875,973.307404515625,0.9996381607177243,1.3962446919730587,-2834.147463702414,4654.704350319257,3300.1479610932843,89.99288237460244,296.565051177078,35.8
2020-02-09,44.4,53.6,37.4,999.9,4.3,3.7,9.7,448.3131890166377,31.197875,121.336319,3.04,39.753451350543074,10.744176040687318,24.073540422235986,0.6354323008901774,0.9943497193247306,31.197875,973.307404515625,0.9996381607177243,1.3962446919730587,-2834.147463702414,4654.704350319257,3300.1479610932843,89.99288237460244,296.565051177078,35.1
2020-02-10,52.6,62.6,41.0,999.9,5.7,6.8,11.7,-490.68339554024345,31.197875,121.336319,3.04,47.21458302851603,10.77138776315955,24.257569969545965,0.6486295610349814,0.9943497193247306,31.197875,973.307404515625,0.9996381607177243,1.3962446919730587,-2834.147463702414,4654.704350319257,3300.1479610932843,89.99288237460244,296.565051177078,36.0
2020-02-11,52.2,53.6,48.2,999.9,4.4,6.6,13.6,-408.3502943029337,31.197875,121.336319,3.04,46.97516625661347,10.798888794623785,24.443686500458483,0.6616346182422783,0.9943497193247306,31.197875,973.307404515625,0.9996381607177243,1.3962446919730587,-2834.147463702414,4654.704350319257,3300.1479610932843,89.99288237460244,296.565051177078,51.0
2020-02-12,54.7,62.6,50.0,999.9,3.8,4.2,7.8,56.415177169101355,31.197875,121.336319,3.04,49.351568835350776,10.826669579967263,24.6318066655115,0.6744436188329455,0.9943497193247306,31.197875,973.307404515625,0.9996381607177243,1.3962446919730587,-2834.147463702414,4654.704350319257,3300.1479610932843,89.99288237460244,296.565051177078,48.7
2020-02-13,56.1,60.8,53.6,999.9,3.4,8.3,13.6,-478.20104212856677,31.197875,121.336319,3.04,50.74581920738052,10.8547206860707,24.821846110702953,0.6870527672236669,0.9943497193247306,31.197875,973.307404515625,0.9996381607177243,1.3962446919730587,-2834.147463702414,4654.704350319257,3300.1479610932843,89.99288237460244,296.565051177078,53.1
2020-02-14,58.9,64.4,55.4,999.9,4.3,5.7,11.7,203.778479767635,31.197875,121.336319,3.04,53.417552687361464,10.883032805574492,25.01371953760395,0.699458327051647,0.9943497193247306,31.197875,973.307404515625,0.9996381607177243,1.3962446919730587,-2834.147463702414,4654.704350319257,3300.1479610932843,89.99288237460244,296.565051177078,57.0
2020-02-15,41.6,57.2,32.0,999.9,5.0,14.2,19.4,29.1,31.197875,121.336319,3.04,37.82686876829116,10.91159676008399,25.20734076545583,0.7116566222817746,0.9943497193247306,31.197875,973.307404515625,0.9996381607177243,1.3962446919730587,-2834.147463702414,4654.704350319257,3300.1479610932843,89.99288237460244,296.565051177078,38.4
2020-02-16,37.5,42.8,33.8,999.9,6.2,12.3,19.4,29.1,31.197875,121.336319,3.04,34.188760946333545,10.940403502826735,25.402622795166376,0.7236440382959124,0.9943497193247306,31.197875,973.307404515625,0.9996381607177243,1.3962446919730587,-2834.147463702414,4654.704350319257,3300.1479610932843,89.99288237460244,296.565051177078,20.4
2020-02-17,41.4,50.0,32.0,999.9,6.2,10.7,19.4,31.1,31.197875,121.336319,3.04,37.84458221667597,10.969444120775643,25.599477875114125,0.7354170229639855,0.9943497193247306,31.197875,973.307404515625,0.9996381607177243,1.3962446919730587,-2834.147463702414,4654.704350319257,3300.1479610932843,89.99288237460244,296.565051177078,18.2
2020-02-18,42.9,53.6,35.6,999.9,6.2,4.9,9.7,-279.5900764528494,31.197875,121.336319,3.04,39.320387664603686,10.998709836252779,25.797817568663724,0.7469720876965552,0.9943497193247306,31.197875,973.307404515625,0.9996381607177243,1.3962446919730587,-2834.147463702414,4654.704350319257,3300.1479610932843,89.99288237460244,296.565051177078,24.6
2020-02-19,47.7,55.4,41.0,999.9,6.2,5.7,11.7,454.2027573121797,31.197875,121.336319,3.04,43.83706323191598,11.028192008029176,25.997552823289187,0.7583058084785624,0.9943497193247306,31.197875,973.307404515625,0.9996381607177243,1.3962446919730587,-2834.147463702414,4654.704350319257,3300.1479610932843,89.99288237460244,296.565051177078,35.2
2020-02-20,52.0,60.8,44.6,999.9,6.2,7.1,9.7,483.57829714089314,31.197875,121.336319,3.04,47.91748923839256,11.057882131936745,26.19859404119653,0.7694148268839378,0.9943497193247306,31.197875,973.307404515625,0.9996381607177243,1.3962446919730587,-2834.147463702414,4654.704350319257,3300.1479610932843,89.99288237460244,296.565051177078,41.7
2020-02-21,54.0,64.4,46.4,999.9,6.1,7.9,13.6,-28.534163058270806,31.197875,121.336319,3.04,49.89497328453931,11.087771841008735,26.400851151332063,0.7802958510707755,0.9943497193247306,31.197875,973.307404515625,0.9996381607177243,1.3962446919730587,-2834.147463702414,4654.704350319257,3300.1479610932843,89.99288237460244,296.565051177078,43.8
2020-02-22,52.8,64.4,44.6,999.9,5.8,7.3,13.6,-469.9571764132824,31.197875,121.336319,3.04,48.91855278272899,11.11785290516568,26.604233682657256,0.7909456567567772,0.9943497193247306,31.197875,973.307404515625,0.9996381607177243,1.3962446919730587,-2834.147463702414,4654.704350319257,3300.1479610932843,89.99288237460244,296.565051177078,32.9
2020-02-23,52.8,59.0,48.2,999.9,6.2,10.3,13.6,222.91567160783183,31.197875,121.336319,3.04,49.051715814041664,11.148117230464015,26.80865083856721,0.8013610881746766,0.9943497193247306,31.197875,973.307404515625,0.9996381607177243,1.3962446919730587,-2834.147463702414,4654.704350319257,3300.1479610932843,89.99288237460244,296.565051177078,37.4
2020-02-24,63.4,71.6,53.6,999.9,6.2,7.9,11.7,1333.1441353719192,31.197875,121.336319,3.04,59.060042066035564,11.178556857924713,27.014011572324733,0.8115390590073611,0.9943497193247306,31.197875,973.307404515625,0.9996381607177243,1.3962446919730587,-2834.147463702414,4654.704350319257,3300.1479610932843,89.99288237460244,296.565051177078,51.4
2020-02-25,61.1,78.8,48.2,999.9,5.6,10.2,15.5,190.09237502942048,31.197875,121.336319,3.04,57.07332650631051,11.20916396195951,27.2202246633788,0.8214765533024142,0.9943497193247306,31.197875,973.307404515625,0.9996381607177243,1.3962446919730587,-2834.147463702414,4654.704350319257,3300.1479610932843,89.99288237460244,296.565051177078,52.1
2020-02-26,49.5,51.8,44.6,999.9,6.2,10.1,13.6,-946.9376591755416,31.197875,121.336319,3.04,46.3647147497005,11.239930848412241,27.427198794431984,0.8311706263658079,0.9943497193247306,31.197875,973.307404515625,0.9996381607177243,1.3962446919730587,-2834.147463702414,4654.704350319257,3300.1479610932843,89.99288237460244,296.565051177078,41.4
2020-02-27,51.1,57.2,48.2,999.9,6.2,9.0,15.5,-1112.5746579106205,31.197875,121.336319,3.04,47.99503604659164,11.27084995223287,27.634842629119053,0.8406184056344782,0.9943497193247306,31.197875,973.307404515625,0.9996381607177243,1.3962446919730587,-2834.147463702414,4654.704350319257,3300.1479610932843,89.99288237460244,296.565051177078,40.4
2020-02-28,51.6,55.4,48.2,999.9,4.7,6.6,11.7,-232.28001062024902,31.197875,121.336319,3.04,48.59822948964709,11.301913834801649,27.843064890155265,0.8498170915275278,0.9943497193247306,31.197875,973.307404515625,0.9996381607177243,1.3962446919730587,-2834.147463702414,4654.704350319257,3300.1479610932843,89.99288237460244,296.565051177078,46.7
2020-02-29,50.7,53.6,48.2,999.9,5.4,5.2,11.7,-441.8496562396235,31.197875,121.336319,3.04,47.88241163939034,11.33311518092079,28.05177443781132,0.8587639582758029,0.9943497193247306,31.197875,973.307404515625,0.9996381607177243,1.3962446919730587,-2834.147463702414,4654.704350319257,3300.1479610932843,89.99288237460244,296.565051177078,47.1
2020-03-01,49.0,51.8,42.8,999.9,6.1,10.0,13.6,498.91061177632923,31.197875,121.336319,3.04,46.4048244149208,11.364446795490808,28.26088034856937,0.8674563547295969,0.9943497193247306,31.197875,973.307404515625,0.9996381607177243,1.3962446919730587,-2834.147463702414,4654.704350319257,3300.1479610932843,89.99288237460244,296.565051177078,45.0
2020-03-02,47.8,51.8,44.6,999.9,6.0,6.5,9.7,560.7877041554749,31.197875,121.336319,3.04,45.39367470622243,11.395901599888475,28.470291993813127,0.8758917051442429,0.9943497193247306,31.197875,973.307404515625,0.9996381607177243,1.3962446919730587,-2834.147463702414,4654.704350319257,3300.1479610932843,89.99288237460244,296.565051177078,35.1
2020-03-03,50.6,55.4,46.4,999.9,6.2,4.8,11.7,-329.58313343900255,31.197875,121.336319,3.04,48.18584291499947,11.427472628063114,28.67991911840394,0.8840675099433636,0.9943497193247306,31.197875,973.307404515625,0.9996381607177243,1.3962446919730587,-2834.147463702414,4654.704350319257,3300.1479610932843,89.99288237460244,296.565051177078,37.9
2020-03-04,47.0,53.6,41.0,999.9,6.2,9.3,15.5,-219.94979185920482,31.197875,121.336319,3.04,44.88168267094002,11.459153022367666,28.889671918993717,0.8919813464595485,0.9943497193247306,31.197875,973.307404515625,0.9996381607177243,1.3962446919730587,-2834.147463702414,4654.704350319257,3300.1479610932843,89.99288237460244,296.565051177078,32.7
2020-03-05,46.5,53.6,41.0,999.9,6.2,6.9,9.7,-370.39307644637387,31.197875,121.336319,3.04,44.527377112920036,11.490936029140654,29.099461121925547,0.8996308696522433,0.9943497193247306,31.197875,973.307404515625,0.9996381607177243,1.3962446919730587,-2834.147463702414,4654.704350319257,3300.1479610932843,89.99288237460244,296.565051177078,28.1
2020-03-06,53.3,59.0,48.2,999.9,5.8,8.9,13.6,735.7082683015676,31.197875,121.336319,3.04,51.180503265260334,11.52281499405486,29.309198060572484,0.9070138128026359,0.9943497193247306,31.197875,973.307404515625,0.9996381607177243,1.3962446919730587,-2834.147463702414,4654.704350319257,3300.1479610932843,89.99288237460244,296.565051177078,44.1
2020-03-07,54.8,62.6,48.2,999.9,4.3,4.9,11.7,21.838864552886484,31.197875,121.336319,3.04,52.76684399810016,11.55478335724821,29.518794751965757,0.9141279881853337,0.9943497193247306,31.197875,973.307404515625,0.9996381607177243,1.3962446919730587,-2834.147463702414,4654.704350319257,3300.1479610932843,89.99288237460244,296.565051177078,46.8
2020-03-08,56.3,62.6,50.0,999.9,5.8,11.7,17.5,23.3,31.197875,121.336319,3.04,54.36156589138255,11.586834648252053,29.728163972564378,0.9209712877166346,0.9943497193247306,31.197875,973.307404515625,0.9996381607177243,1.3962446919730587,-2834.147463702414,4654.704350319257,3300.1479610932843,89.99288237460244,296.565051177078,48.0
2020-03-09,53.4,57.2,48.2,999.9,5.6,10.4,17.5,23.3,31.197875,121.336319,3.04,51.70438303925558,11.618962480731591,29.937219333019222,0.9275416835791966,0.9943497193247306,31.197875,973.307404515625,0.9996381607177243,1.3962446919730587,-2834.147463702414,4654.704350319257,3300.1479610932843,89.99288237460244,296.565051177078,51.7
2020-03-10,49.0,55.4,42.8,999.9,6.1,7.8,19.4,243.69889294301336,31.197875,121.336319,3.04,47.5755722337998,11.651160547053012,30.145875351786717,0.9338372288229252,0.9943497193247306,31.197875,973.307404515625,0.9996381607177243,1.3962446919730587,-2834.147463702414,4654.704350319257,3300.1479610932843,89.99288237460244,296.565051177078,40.4
2020-03-11,54.4,62.6,48.2,999.9,4.7,5.9,9.7,-98.98829136747544,31.197875,121.336319,3.04,52.96484917753451,11.683422612691437,30.35404752744892,0.9398560579418954,0.9943497193247306,31.197875,973.307404515625,0.9996381607177243,1.3962446919730587,-2834.147463702414,4654.704350319257,3300.1479610932843,89.99288237460244,296.565051177078,41.8
2020-03-12,55.8,60.8,53.6,999.9,5.5,9.6,19.4,207.41954611194151,31.197875,121.336319,3.04,54.47820267379504,11.715742510493557,30.56165240959944,0.9455963874271426,0.9943497193247306,31.197875,973.307404515625,0.9996381607177243,1.3962446919730587,-2834.147463702414,4654.704350319257,3300.1479610932843,89.99288237460244,296.565051177078,49.1
2020-03-13,50.6,57.2,44.6,999.9,5.7,9.0,15.5,-132.91132570232344,31.197875,121.336319,3.04,49.5378812684423,11.74811413480845,30.768607668157465,0.9510565162951535,0.9943497193247306,31.197875,973.307404515625,0.9996381607177243,1.3962446919730587,-2834.147463702414,4654.704350319257,3300.1479610932843,89.99288237460244,296.565051177078,44.8
2020-03-14,50.4,59.0,44.6,999.9,6.2,5.5,11.7,15.5,31.197875,121.336319,3.04,49.47823202909928,11.78053143549983,30.97483216097545,0.9562348265919056,0.9943497193247306,31.197875,973.307404515625,0.9996381607177243,1.3962446919730587,-2834.147463702414,4654.704350319257,3300.1479610932843,89.99288237460244,296.565051177078,40.0
2020-03-15,59.1,68.0,50.0,999.9,6.2,7.9,13.6,19.4,31.197875,121.336319,3.04,58.17896792837476,11.812988411852743,31.180245999609323,0.9611297838723007,0.9943497193247306,31.197875,973.307404515625,0.9996381607177243,1.3962446919730587,-2834.147463702414,4654.704350319257,3300.1479610932843,89.99288237460244,296.565051177078,33.0
2020-03-16,56.4,64.4,51.8,999.9,6.2,8.2,13.6,15.5,31.197875,121.336319,3.04,55.67375180002046,11.845479106387332,31.384770613124484,0.9657399376548549,0.9943497193247306,31.197875,973.307404515625,0.9996381607177243,1.3962446919730587,-2834.147463702414,4654.704350319257,3300.1479610932843,89.99288237460244,296.565051177078,34.5
2020-03-17,63.0,75.2,51.8,999.9,6.1,4.1,7.8,17.5,31.197875,121.336319,3.04,62.35948739260931,11.87799759859225,31.588328809814694,0.9700639218515071,0.9943497193247306,31.197875,973.307404515625,0.9996381607177243,1.3962446919730587,-2834.147463702414,4654.704350319257,3300.1479610932843,89.99288237460244,296.565051177078,43.5
2020-03-18,64.8,77.0,53.6,999.9,5.9,6.1,13.6,15.5,31.197875,121.336319,3.04,64.31690519238573,11.910537998589952,31.79084483671597,0.9741004551724205,0.9943497193247306,31.197875,973.307404515625,0.9996381607177243,1.3962446919730587,-2834.147463702414,4654.704350319257,3300.1479610932843,89.99288237460244,296.565051177078,47.8
2020-03-19,57.6,68.0,48.2,999.9,6.0,9.1,17.5,21.4,31.197875,121.336319,3.04,57.32685331558075,11.94309444074599,31.992244436802252,0.9778483415056568,0.9943497193247306,31.197875,973.307404515625,0.9996381607177243,1.3962446919730587,-2834.147463702414,4654.704350319257,3300.1479610932843,89.99288237460244,296.565051177078,31.2
2020-03-20,60.0,69.8,53.6,999.9,6.2,8.8,15.5,-199.31402373497315,31.197875,121.336319,3.04,59.878305386171355,11.975661077234271,32.192454903755234,0.9813064702716093,0.9943497193247306,31.197875,973.307404515625,0.9996381607177243,1.3962446919730587,-2834.147463702414,4654.704350319257,3300.1479610932843,89.99288237460244,296.565051177078,41.4
2020-03-21,69.3,80.6,62.6,999.9,5.3,6.6,9.7,200.32246748938638,31.197875,121.336319,3.04,69.34754021331764,12.008232071570156,32.3914051342058,0.9844738167520922,0.9943497193247306,31.197875,973.307404515625,0.9996381607177243,1.3962446919730587,-2834.147463702414,4654.704350319257,3300.1479610932843,89.99288237460244,296.565051177078,57.0
2020-03-22,57.9,68.0,48.2,999.9,5.4,8.7,15.5,146.75615863563436,31.197875,121.336319,3.04,58.09686768199384,12.040801592123076,32.58902567735108,0.9873494423939864,0.9943497193247306,31.197875,973.307404515625,0.9996381607177243,1.3962446919730587,-2834.147463702414,4654.704350319257,3300.1479610932843,89.99288237460244,296.565051177078,46.1
2020-03-23,58.0,66.2,51.8,999.9,6.2,6.6,11.7,-273.53574589740606,31.197875,121.336319,3.04,58.354591727165584,12.073363805620465,32.78524878185637,0.989932495087353,0.9943497193247306,31.197875,973.307404515625,0.9996381607177243,1.3962446919730587,-2834.147463702414,4654.704350319257,3300.1479610932843,89.99288237460244,296.565051177078,36.0
2020-03-24,61.7,69.8,57.2,999.9,6.2,11.3,15.5,19.4,31.197875,121.336319,3.04,62.244568676615884,12.105912870654628,32.98000843995834,0.9922222094179323,0.9943497193247306,31.197875,973.307404515625,0.9996381607177243,1.3962446919730587,-2834.147463702414,4654.704350319257,3300.1479610932843,89.99288237460244,296.565051177078,38.1
2020-03-25,66.4,75.2,59.0,999.9,6.0,11.0,17.5,23.3,31.197875,121.336319,3.04,67.16605088599685,12.138442931204247,33.17324042869194,0.994217906893952,0.9943497193247306,31.197875,973.307404515625,0.9996381607177243,1.3962446919730587,-2834.147463702414,4654.704350319257,3300.1479610932843,89.99288237460244,296.565051177078,58.2
2020-03-26,66.3,75.2,51.8,999.9,5.2,7.6,19.4,-529.4899034423175,31.197875,121.336319,3.04,67.24448830875698,12.170948110182259,33.36488234817054,0.995918996147179,0.9943497193247306,31.197875,973.307404515625,0.9996381607177243,1.3962446919730587,-2834.147463702414,4654.704350319257,3300.1479610932843,89.99288237460244,296.565051177078,62.5
2020-03-27,49.4,55.4,42.8,999.9,6.1,13.6,19.4,-152.40055883606,31.197875,121.336319,3.04,50.237422637440034,12.203422503021871,33.55487365685551,0.9973249731081555,0.9943497193247306,31.197875,973.307404515625,0.9996381607177243,1.3962446919730587,-2834.147463702414,4654.704350319257,3300.1479610932843,89.99288237460244,296.565051177078,41.0
2020-03-28,45.0,48.2,41.0,999.9,6.2,8.6,13.6,-94.30432602247659,31.197875,121.336319,3.04,45.884475642422565,12.235860171312684,33.74315570375904,0.9984354211555643,0.9943497193247306,31.197875,973.307404515625,0.9996381607177243,1.3962446919730587,-2834.147463702414,4654.704350319257,3300.1479610932843,89.99288237460244,296.565051177078,37.4
2020-03-29,47.8,50.0,46.4,999.9,5.1,5.3,7.8,189.95906153033573,31.197875,121.336319,3.04,48.868549627053845,12.268255136498874,33.92967175753052,0.9992500112396835,0.9943497193247306,31.197875,973.307404515625,0.9996381607177243,1.3962446919730587,-2834.147463702414,4654.704350319257,3300.1479610932843,89.99288237460244,296.565051177078,42.8
2020-03-30,52.5,55.4,50.0,999.9,6.0,5.4,9.7,751.591979961596,31.197875,121.336319,3.04,53.815131009726116,12.300601373651682,34.1143670323853,0.9997685019798909,0.9943497193247306,31.197875,973.307404515625,0.9996381607177243,1.3962446919730587,-2834.147463702414,4654.704350319257,3300.1479610932843,89.99288237460244,296.565051177078,48.3
2020-03-31,53.3,60.8,48.2,999.9,6.2,6.8,9.7,-949.6555364723741,31.197875,121.336319,3.04,54.778598877001116,12.332892805328582,34.29718871084079,0.9999907397361901,0.9943497193247306,31.197875,973.307404515625,0.9996381607177243,1.3962446919730587,-2834.147463702414,4654.704350319257,3300.1479610932843,89.99288237460244,296.565051177078,47.2
2020-04-01,55.0,62.6,48.2,999.9,6.0,8.8,13.6,-352.4736901048637,31.197875,121.336319,3.04,56.673481771187035,12.365123295531717,34.47808596323383,0.9999166586547379,0.9943497193247306,31.197875,973.307404515625,0.9996381607177243,1.3962446919730587,-2834.147463702414,4654.704350319257,3300.1479610932843,89.99288237460244,296.565051177078,42.9
2020-04-02,56.8,62.6,53.6,999.9,6.2,6.2,11.7,-446.09643073560136,31.197875,121.336319,3.04,58.68049011388466,12.39728664377845,34.65700996399965,0.9995462806873573,0.9943497193247306,31.197875,973.307404515625,0.9996381607177243,1.3962446919730587,-2834.147463702414,4654.704350319257,3300.1479610932843,89.99288237460244,296.565051177078,40.2
2020-04-03,57.2,64.4,51.8,999.9,6.2,4.3,9.7,18.900156633578092,31.197875,121.336319,3.04,59.2466950279831,12.429376579297154,34.83391390470139,0.9988797155850336,0.9943497193247306,31.197875,973.307404515625,0.9996381607177243,1.3962446919730587,-2834.147463702414,4654.704350319257,3300.1479610932843,89.99288237460244,296.565051177078,37.8
2020-04-04,57.0,68.0,46.4,999.9,6.0,9.7,17.5,21.4,31.197875,121.336319,3.04,59.19158708796742,12.461386755361563,35.008753003806305,0.9979171608653922,0.9943497193247306,31.197875,973.307404515625,0.9996381607177243,1.3962446919730587,-2834.147463702414,4654.704350319257,3300.1479610932843,89.99288237460244,296.565051177078,40.1
2020-04-05,53.2,62.6,46.4,999.9,6.2,6.2,11.7,-77.16859866503144,31.197875,121.336319,3.04,55.387010964080034,12.493310743777451,35.18148451321224,0.9966589017541702,0.9943497193247306,31.197875,973.307404515625,0.9996381607177243,1.3962446919730587,-2834.147463702414,4654.704350319257,3300.1479610932843,89.99288237460244,296.565051177078,36.1
2020-04-06,54.0,60.8,44.6,999.9,6.2,3.8,7.8,341.5901333002505,31.197875,121.336319,3.04,56.363139132910135,12.525142029535585,35.35206772153639,0.9951053111006976,0.9943497193247306,31.197875,973.307404515625,0.9996381607177243,1.3962446919730587,-2834.147463702414,4654.704350319257,3300.1479610932843,89.99288237460244,296.565051177078,40.5
2020-04-07,59.5,71.6,48.2,999.9,6.2,3.6,7.8,-361.8195529910159,31.197875,121.336319,3.04,62.261166944657695,12.55687400564525,35.52046395418503,0.9932568492674143,0.9943497193247306,31.197875,973.307404515625,0.9996381607177243,1.3962446919730587,-2834.147463702414,4654.704350319257,3300.1479610932843,89.99288237460244,296.565051177078,38.5
2020-04-08,64.3,75.2,55.4,999.9,6.1,6.5,11.7,146.771573620619,31.197875,121.336319,3.04,67.45337899607387,12.588499968163086,35.68663657023083,0.9911140639934547,0.9943497193247306,31.197875,973.307404515625,0.9996381607177243,1.3962446919730587,-2834.147463702414,4654.704350319257,3300.1479610932843,89.99288237460244,296.565051177078,36.0
2020-04-09,63.0,71.6,57.2,999.9,5.8,9.4,13.6,662.3301282808515,31.197875,121.336319,3.04,66.25506883501876,12.620013111432144,35.85055095613186,0.9886775902323405,0.9943497193247306,31.197875,973.307404515625,0.9996381607177243,1.3962446919730587,-2834.147463702414,4654.704350319257,3300.1479610932843,89.99288237460244,296.565051177078,48.6
2020-04-10,61.9,69.8,57.2,999.9,6.1,10.2,13.6,19.4,31.197875,121.336319,3.04,65.26017198396082,12.651406523546523,36.01217451633321,0.9859481499638304,0.9943497193247306,31.197875,973.307404515625,0.9996381607177243,1.3962446919730587,-2834.147463702414,4654.704350319257,3300.1479610932843,89.99288237460244,296.565051177078,52.4
2020-04-11,50.2,57.2,46.4,999.9,5.3,11.3,17.5,747.6405743340586,31.197875,121.336319,3.04,53.05584947827288,12.682673182057263,36.171476660799584,0.9829265519799822,0.9943497193247306,31.197875,973.307404515625,0.9996381607177243,1.3962446919730587,-2834.147463702414,4654.704350319257,3300.1479610932843,89.99288237460244,296.565051177078,46.3
2020-04-12,56.1,68.0,48.2,999.9,6.0,10.1,17.5,27.2,31.197875,121.336319,3.04,59.43704281594813,12.713805949935429,36.328428789534065,0.9796136916454901,0.9943497193247306,31.197875,973.307404515625,0.9996381607177243,1.3962446919730587,-2834.147463702414,4654.704350319257,3300.1479610932843,89.99288237460244,296.565051177078,40.0
2020-04-13,58.6,68.0,50.0,999.9,6.0,6.6,13.6,953.730717539199,31.197875,121.336319,3.04,62.237094808999224,12.744797571808716,36.48300427414487,0.9760105506323683,0.9943497193247306,31.197875,973.307404515625,0.9996381607177243,1.3962446919730587,-2834.147463702414,4654.704350319257,3300.1479610932843,89.99288237460244,296.565051177078,38.4
2020-04-14,62.1,68.0,57.2,999.9,6.2,6.2,9.7,418.8170604352711,31.197875,121.336319,3.04,66.11394046977607,12.77564067048813,36.63517843652859,0.9721181966290613,0.9943497193247306,31.197875,973.307404515625,0.9996381607177243,1.3962446919730587,-2834.147463702414,4654.704350319257,3300.1479610932843,89.99288237460244,296.565051177078,40.4
2020-04-15,67.3,77.0,59.0,999.9,6.1,6.2,11.7,725.734281332997,31.197875,121.336319,3.04,71.82215476315388,12.806327743801583,36.784928524744565,0.9679377830240642,0.9943497193247306,31.197875,973.307404515625,0.9996381607177243,1.3962446919730587,-2834.147463702414,4654.704350319257,3300.1479610932843,89.99288237460244,296.565051177078,45.8
2020-04-16,71.1,80.6,64.4,999.9,6.2,10.4,17.5,-363.373580134428,31.197875,121.336319,3.04,76.05834313337746,12.836851161751472,36.932233686161084,0.9634705485641488,0.9943497193247306,31.197875,973.307404515625,0.9996381607177243,1.3962446919730587,-2834.147463702414,4654.704350319257,3300.1479610932843,89.99288237460244,296.565051177078,52.0
2020-04-17,65.8,71.6,60.8,999.9,6.2,5.6,11.7,-438.13199074358187,31.197875,121.336319,3.04,70.55516401600747,12.867203164013521,37.077074937959935,0.9587178169872964,0.9943497193247306,31.197875,973.307404515625,0.9996381607177243,1.3962446919730587,-2834.147463702414,4654.704350319257,3300.1479610932843,89.99288237460244,296.565051177078,50.5
2020-04-18,60.3,64.4,57.2,999.9,5.8,8.3,11.7,21.4,31.197875,121.336319,3.04,64.80931368541623,12.897375857794277,37.21943513509125,0.9536809966304457,0.9943497193247306,31.197875,973.307404515625,0.9996381607177243,1.3962446919730587,-2834.147463702414,4654.704350319257,3300.1479610932843,89.99288237460244,296.565051177078,49.5
2020-04-19,58.6,62.6,53.6,999.9,5.2,8.3,17.5,25.3,31.197875,121.336319,3.04,63.12861393844982,12.92736121606481,37.35929893577572,0.9483615800121715,0.9943497193247306,31.197875,973.307404515625,0.9996381607177243,1.3962446919730587,-2834.147463702414,4654.704350319257,3300.1479610932843,89.99288237460244,296.565051177078,52.8
2020-04-20,63.1,73.4,53.6,999.9,5.5,5.4,11.7,-1316.2756945312653,31.197875,121.336319,3.04,68.13301940895603,12.95715107618815,37.49665276465612,0.9427611433904207,0.9943497193247306,31.197875,973.307404515625,0.9996381607177243,1.3962446919730587,-2834.147463702414,4654.704350319257,3300.1479610932843,89.99288237460244,296.565051177078,51.4
2020-04-21,56.5,59.0,53.6,999.9,6.2,4.9,9.7,308.5915571811346,31.197875,121.336319,3.04,61.14588736259414,12.986737138958048,37.63148477370465,0.9368813462954315,0.9943497193247306,31.197875,973.307404515625,0.9996381607177243,1.3962446919730587,-2834.147463702414,4654.704350319257,3300.1479610932843,89.99288237460244,296.565051177078,41.8
2020-04-22,61.4,68.0,53.6,999.9,6.2,6.4,11.7,15.5,31.197875,121.336319,3.04,66.59910111994006,13.01611096806646,37.76378480099666,0.9307239310379795,0.9943497193247306,31.197875,973.307404515625,0.9996381607177243,1.3962446919730587,-2834.147463702414,4654.704350319257,3300.1479610932843,89.99288237460244,296.565051177078,45.9
2020-04-23,60.6,68.0,55.4,999.9,6.2,5.4,11.7,842.3441577646822,31.197875,121.336319,3.04,65.87858314958652,13.045263990017132,37.89354432746522,0.9242907221930933,0.9943497193247306,31.197875,973.307404515625,0.9996381607177243,1.3962446919730587,-2834.147463702414,4654.704350319257,3300.1479610932843,89.99288237460244,296.565051177078,35.5
2020-04-24,63.9,73.4,55.4,999.9,6.2,7.0,11.7,19.4,31.197875,121.336319,3.04,69.62004840822468,13.074187494502285,38.02075643175428,0.9175836260593937,0.9943497193247306,31.197875,973.307404515625,0.9996381607177243,1.3962446919730587,-2834.147463702414,4654.704350319257,3300.1479610932843,89.99288237460244,296.565051177078,40.1
2020-04-25,69.4,80.6,59.0,999.9,6.2,9.3,13.6,21.4,31.197875,121.336319,3.04,75.77828007391507,13.10287263525909,38.145415743291544,0.9106046300942162,0.9943497193247306,31.197875,973.307404515625,0.9996381607177243,1.3962446919730587,-2834.147463702414,4654.704350319257,3300.1479610932843,89.99288237460244,296.565051177078,44.5
2020-04-26,63.9,77.0,57.2,999.9,6.2,8.0,13.6,-457.70750412479896,31.197875,121.336319,3.04,69.92422804732367,13.131310431422284,38.267518393704115,0.9033558023246845,0.9943497193247306,31.197875,973.307404515625,0.9996381607177243,1.3962446919730587,-2834.147463702414,4654.704350319257,3300.1479610932843,89.99288237460244,296.565051177078,49.4
2020-04-27,59.2,69.8,50.0,999.9,6.2,6.8,13.6,208.7820309086119,31.197875,121.336319,3.04,64.92015939565042,13.159491769388596,38.387061966703406,0.895839290734909,0.9943497193247306,31.197875,973.307404515625,0.9996381607177243,1.3962446919730587,-2834.147463702414,4654.704350319257,3300.1479610932843,89.99288237460244,296.565051177078,41.1
2020-04-28,63.8,75.2,57.2,999.9,6.2,11.1,17.5,23.3,31.197875,121.336319,3.04,70.11304937102304,13.187407405208095,38.504045446566224,0.8880573226294932,0.9943497193247306,31.197875,973.307404515625,0.9996381607177243,1.3962446919730587,-2834.147463702414,4654.704350319257,3300.1479610932843,89.99288237460244,296.565051177078,41.0
2020-04-29,70.2,80.6,64.4,999.9,6.0,8.8,11.7,374.56982197783367,31.197875,121.336319,3.04,77.30803060997307,13.215047967516766,38.61846916534176,0.8800122039735357,0.9943497193247306,31.197875,973.307404515625,0.9996381607177243,1.3962446919730587,-2834.147463702414,4654.704350319257,3300.1479610932843,89.99288237460244,296.565051177078,57.4
2020-04-30,78.9,91.4,69.8,999.9,6.2,8.5,11.7,21.4,31.197875,121.336319,3.04,87.06880604373136,13.24240396102378,38.73033474891414,0.8717063187093218,0.9943497193247306,31.197875,973.307404515625,0.9996381607177243,1.3962446919730587,-2834.147463702414,4654.704350319257,3300.1479610932843,89.99288237460244,296.565051177078,62.5
2020-05-01,72.4,78.8,69.8,999.9,5.6,7.2,11.7,801.8942368317886,31.197875,121.336319,3.04,80.05911014908031,13.269465770565796,38.839645062051645,0.8631421280499114,0.9943497193247306,31.197875,973.307404515625,0.9996381607177243,1.3962446919730587,-2834.147463702414,4654.704350319257,3300.1479610932843,89.99288237460244,296.565051177078,66.9
2020-05-02,76.6,86.0,68.0,999.9,6.2,8.3,15.5,225.9647660207675,31.197875,121.336319,3.04,84.87422773297143,13.29622366573965,38.94640415257327,0.854322169749827,0.9943497193247306,31.197875,973.307404515625,0.9996381607177243,1.3962446919730587,-2834.147463702414,4654.704350319257,3300.1479610932843,89.99288237460244,296.565051177078,66.4
2020-05-03,82.8,93.2,71.6,999.9,5.2,5.6,11.7,19.4,31.197875,121.336319,3.04,91.92640786225084,13.32266780612331,39.050617194763724,0.8452490573530633,0.9943497193247306,31.197875,973.307404515625,0.9996381607177243,1.3962446919730587,-2834.147463702414,4654.704350319257,3300.1479610932843,89.99288237460244,296.565051177078,67.9
2020-05-04,73.3,84.2,66.2,999.9,5.6,8.8,11.7,1031.087192404155,31.197875,121.336319,3.04,81.5388482093309,13.348788247093733,39.15229043216671,0.8359254794186372,0.9943497193247306,31.197875,973.307404515625,0.9996381607177243,1.3962446919730587,-2834.147463702414,4654.704350319257,3300.1479610932843,89.99288237460244,296.565051177078,63.4
2020-05-05,65.7,69.8,60.8,999.9,4.5,9.5,13.6,-193.46363918622853,31.197875,121.336319,3.04,73.22579783071083,13.374574946248552,39.251431119886036,0.8263541987239096,0.9943497193247306,31.197875,973.307404515625,0.9996381607177243,1.3962446919730587,-2834.147463702414,4654.704350319257,3300.1479610932843,89.99288237460244,296.565051177078,62.9
2020-05-06,67.1,71.6,62.6,999.9,6.2,6.8,11.7,-188.25299745266494,31.197875,121.336319,3.04,74.92843269969292,13.400017770436888,39.34804746652181,0.8165380514459161,0.9943497193247306,31.197875,973.307404515625,0.9996381607177243,1.3962446919730587,-2834.147463702414,4654.704350319257,3300.1479610932843,89.99288237460244,296.565051177078,61.0
2020-05-07,71.5,78.8,68.0,999.9,6.2,13.4,17.5,23.3,31.197875,121.336319,3.04,79.99125958277439,13.425106503402697,39.44214857586848,0.8064799463209448,0.9943497193247306,31.197875,973.307404515625,0.9996381607177243,1.3962446919730587,-2834.147463702414,4654.704350319257,3300.1479610932843,89.99288237460244,296.565051177078,62.1
2020-05-08,75.0,80.6,69.8,999.9,5.6,12.0,21.4,31.1,31.197875,121.336319,3.04,84.0614428377631,13.449830854042096,39.53374438849778,0.7961828637826158,0.9943497193247306,31.197875,973.307404515625,0.9996381607177243,1.3962446919730587,-2834.147463702414,4654.704350319257,3300.1479610932843,89.99288237460244,296.565051177078,69.8
2020-05-09,69.3,77.0,62.6,999.9,5.8,6.7,9.7,74.25198778360459,31.197875,121.336319,3.04,77.81339218695703,13.474180465273946,39.622845623348496,0.7856498550787147,0.9943497193247306,31.197875,973.307404515625,0.9996381607177243,1.3962446919730587,-2834.147463702414,4654.704350319257,3300.1479610932843,89.99288237460244,296.565051177078,61.2
2020-05-10,68.5,75.2,64.4,999.9,3.0,4.9,7.8,-145.46360780837605,31.197875,121.336319,3.04,77.05191060509726,13.498144923520687,39.70946371944134,0.7748840413670407,0.9943497193247306,31.197875,973.307404515625,0.9996381607177243,1.3962446919730587,-2834.147463702414,4654.704350319257,3300.1479610932843,89.99288237460244,296.565051177078,61.1
2020-05-11,73.0,80.6,64.4,999.9,5.0,7.2,19.4,-1574.2392481862832,31.197875,121.336319,3.04,82.25709209349733,13.521713768794083,39.79361077783425,0.7638886127905428,0.9943497193247306,31.197875,973.307404515625,0.9996381607177243,1.3962446919730587,-2834.147463702414,4654.704350319257,3300.1479610932843,89.99288237460244,296.565051177078,56.8
2020-05-12,76.1,87.8,68.0,999.9,6.2,8.3,13.6,19.4,31.197875,121.336319,3.04,85.89709183827158,13.54487650537791,39.87529950392982,0.7526668275320085,0.9943497193247306,31.197875,973.307404515625,0.9996381607177243,1.3962446919730587,-2834.147463702414,4654.704350319257,3300.1479610932843,89.99288237460244,296.565051177078,41.6
2020-05-13,73.8,86.0,66.2,999.9,6.2,12.5,15.5,23.3,31.197875,121.336319,3.04,83.440879070547,13.567622613097072,39.95454315024323,0.7412220108485958,0.9943497193247306,31.197875,973.307404515625,0.9996381607177243,1.3962446919730587,-2834.147463702414,4654.704350319257,3300.1479610932843,89.99288237460244,296.565051177078,50.8
2020-05-14,73.9,78.8,69.8,999.9,6.2,13.9,19.4,29.1,31.197875,121.336319,3.04,83.69139010182565,13.58994155915978,40.0313554597341,0.7295575540864875,0.9943497193247306,31.197875,973.307404515625,0.9996381607177243,1.3962446919730587,-2834.147463702414,4654.704350319257,3300.1479610932843,89.99288237460244,296.565051177078,64.7
2020-05-15,76.4,84.2,71.6,999.9,4.9,4.7,7.8,13.6,31.197875,121.336319,3.04,86.66193856054416,13.611822810556673,40.10575060980245,0.717676913675962,0.9943497193247306,31.197875,973.307404515625,0.9996381607177243,1.3962446919730587,-2834.147463702414,4654.704350319257,3300.1479610932843,89.99288237460244,296.565051177078,70.2
2020-05-16,75.3,80.6,71.6,999.9,3.3,4.8,9.7,348.5073350456714,31.197875,121.336319,3.04,85.5486804399108,13.633255846997738,40.177743157043324,0.705583610107178,0.9943497193247306,31.197875,973.307404515625,0.9996381607177243,1.3962446919730587,-2834.147463702414,4654.704350319257,3300.1479610932843,89.99288237460244,296.565051177078,70.8
2020-05-17,79.0,86.0,71.6,999.9,5.0,6.4,11.7,384.3939101243668,31.197875,121.336319,3.04,89.89034864790283,13.654230174364985,40.24734798285102,0.6932812268869777,0.9943497193247306,31.197875,973.307404515625,0.9996381607177243,1.3962446919730587,-2834.147463702414,4654.704350319257,3300.1479610932843,89.99288237460244,296.565051177078,71.2
2020-05-18,75.1,87.8,60.8,999.9,6.2,10.3,17.5,27.2,31.197875,121.336319,3.04,85.58105199442016,13.674735338655685,40.314580239957756,0.6807734094770161,0.9943497193247306,31.197875,973.307404515625,0.9996381607177243,1.3962446919730587,-2834.147463702414,4654.704350319257,3300.1479610932843,89.99288237460244,296.565051177078,51.8
2020-05-19,75.8,86.0,66.2,999.9,6.2,8.6,15.5,380.73812668203186,31.197875,121.336319,3.04,86.50523994011729,13.694760940387962,40.37945529998776,0.6680638642135335,0.9943497193247306,31.197875,973.307404515625,0.9996381607177243,1.3962446919730587,-2834.147463702414,4654.704350319257,3300.1479610932843,89.99288237460244,296.565051177078,48.4
2020-05-20,78.2,87.8,71.6,999.9,6.2,8.9,13.6,-193.30597196476293,31.197875,121.336319,3.04,89.37149983216712,13.71429664943741,40.44198870210135,0.6551563572090853,0.9943497193247306,31.197875,973.307404515625,0.9996381607177243,1.3962446919730587,-2834.147463702414,4654.704350319257,3300.1479610932843,89.99288237460244,296.565051177078,54.1
2020-05-21,72.5,80.6,68.0,999.9,6.2,11.3,17.5,55.61556454409986,31.197875,121.336319,3.04,82.97221549746656,13.733332220270327,40.50219610279956,0.6420547132365637,0.9943497193247306,31.197875,973.307404515625,0.9996381607177243,1.3962446919730587,-2834.147463702414,4654.704350319257,3300.1479610932843,89.99288237460244,296.565051177078,60.9
2020-05-22,73.1,80.6,68.0,999.9,6.2,8.3,11.7,-173.99342995201607,31.197875,121.336319,3.04,83.77173198340729,13.751857507536084,40.5600932269536,0.6287628145958344,0.9943497193247306,31.197875,973.307404515625,0.9996381607177243,1.3962446919730587,-2834.147463702414,4654.704350319257,3300.1479610932843,89.99288237460244,296.565051177078,60.3
2020-05-23,75.3,82.4,69.8,999.9,6.2,9.1,11.7,-1132.766740615461,31.197875,121.336319,3.04,86.40588707441306,13.769862481978176,40.61569582011839,0.6152845999633276,0.9943497193247306,31.197875,973.307404515625,0.9996381607177243,1.3962446919730587,-2834.147463702414,4654.704350319257,3300.1479610932843,89.99288237460244,296.565051177078,65.5
2020-05-24,78.3,89.6,69.8,999.9,5.5,7.1,13.6,105.34363031930877,31.197875,121.336319,3.04,89.96237553419896,13.787337246620531,40.66901960218439,0.6016240632249226,0.9943497193247306,31.197875,973.307404515625,0.9996381607177243,1.3962446919730587,-2834.147463702414,4654.704350319257,3300.1479610932843,89.99288237460244,296.565051177078,66.3
2020-05-25,72.9,82.4,62.6,999.9,5.9,6.1,9.7,-604.7954126623496,31.197875,121.336319,3.04,83.86095272308619,13.804272053182912,40.720080222416115,0.5877852522924732,0.9943497193247306,31.197875,973.307404515625,0.9996381607177243,1.3962446919730587,-2834.147463702414,4654.704350319257,3300.1479610932843,89.99288237460244,296.565051177078,61.9
2020-05-26,67.4,69.8,64.4,999.9,6.0,4.6,9.7,-738.15196079073,31.197875,121.336319,3.04,77.62602527323276,13.820657318676455,40.76889321592092,0.5737722679043246,0.9943497193247306,31.197875,973.307404515625,0.9996381607177243,1.3962446919730587,-2834.147463702414,4654.704350319257,3300.1479610932843,89.99288237460244,296.565051177078,62.7
2020-05-27,74.2,80.6,69.8,999.9,5.7,5.0,9.7,387.9774583078231,31.197875,121.336319,3.04,85.55559052049146,13.836483642128,40.815473961586264,0.5595892624101765,0.9943497193247306,31.197875,973.307404515625,0.9996381607177243,1.3962446919730587,-2834.147463702414,4654.704350319257,3300.1479610932843,89.99288237460244,296.565051177078,62.9
2020-05-28,80.0,87.8,73.4,999.9,5.0,6.1,21.4,-1229.1040383933348,31.197875,121.336319,3.04,92.3449454758624,13.851741821379361,40.859837641518816,0.545240438540651,0.9943497193247306,31.197875,973.307404515625,0.9996381607177243,1.3962446919730587,-2834.147463702414,4654.704350319257,3300.1479610932843,89.99288237460244,296.565051177078,65.0
2020-05-29,71.2,80.6,60.8,999.9,6.1,10.0,21.4,29.1,31.197875,121.336319,3.04,82.27410902810726,13.866422869905717,40.90199920201378,0.5307300481619334,0.9943497193247306,31.197875,973.307404515625,0.9996381607177243,1.3962446919730587,-2834.147463702414,4654.704350319257,3300.1479610932843,89.99288237460244,296.565051177078,61.1
2020-05-30,66.9,69.8,64.4,999.9,4.4,6.2,11.7,953.2776709701006,31.197875,121.336319,3.04,77.38388803729394,13.880518033595326,40.941973316078325,0.5160623910158528,0.9943497193247306,31.197875,973.307404515625,0.9996381607177243,1.3962446919730587,-2834.147463702414,4654.704350319257,3300.1479610932843,89.99288237460244,296.565051177078,65.2
2020-05-31,77.0,84.2,71.6,999.9,5.1,4.9,7.8,34.55034209842889,31.197875,121.336319,3.04,89.15328734768282,13.89401880743109,40.97977434752847,0.5012418134457758,0.9943497193247306,31.197875,973.307404515625,0.9996381607177243,1.3962446919730587,-2834.147463702414,4654.704350319257,3300.1479610932843,89.99288237460244,296.565051177078,68.0
2020-06-01,79.2,87.8,71.6,999.9,5.9,8.9,11.7,1158.0910667965688,31.197875,121.336319,3.04,91.78565188328795,13.906916952013326,41.01541631667452,0.48627270710868997,0.9943497193247306,31.197875,973.307404515625,0.9996381607177243,1.3962446919730587,-2834.147463702414,4654.704350319257,3300.1479610932843,89.99288237460244,296.565051177078,66.4
2020-06-02,83.1,91.4,77.0,999.9,6.2,6.4,11.7,-825.5585924890347,31.197875,121.336319,3.04,96.39049123079337,13.91920450986186,41.04891286760636,0.4711595076738638,0.9943497193247306,31.197875,973.307404515625,0.9996381607177243,1.3962446919730587,-2834.147463702414,4654.704350319257,3300.1479610932843,89.99288237460244,296.565051177078,71.7
2020-06-03,75.8,84.2,71.6,999.9,5.6,4.8,11.7,13.6,31.197875,121.336319,3.04,87.9966863053978,13.930873821435009,41.08027723708625,0.4559066935084588,0.9943497193247306,31.197875,973.307404515625,0.9996381607177243,1.3962446919730587,-2834.147463702414,4654.704350319257,3300.1479610932843,89.99288237460244,296.565051177078,72.0
2020-06-04,80.1,87.8,69.8,999.9,5.7,5.2,7.8,13.6,31.197875,121.336319,3.04,93.06229958485751,13.941917540802624,41.10952222505303,0.440518784350495,0.9943497193247306,31.197875,973.307404515625,0.9996381607177243,1.3962446919730587,-2834.147463702414,4654.704350319257,3300.1479610932843,89.99288237460244,296.565051177078,73.2
2020-06-05,71.7,75.2,69.8,999.9,6.0,7.5,15.5,25.3,31.197875,121.336319,3.04,83.36516368918915,13.952328650910317,41.136660166739325,0.42500033996955416,0.9943497193247306,31.197875,973.307404515625,0.9996381607177243,1.3962446919730587,-2834.147463702414,4654.704350319257,3300.1479610932843,89.99288237460244,296.565051177078,68.9
2020-06-06,75.0,82.4,68.0,999.9,6.2,7.9,11.7,132.23048185807286,31.197875,121.336319,3.04,87.2631279898281,13.962100478372497,41.161702906399924,0.4093559588156213,0.9943497193247306,31.197875,973.307404515625,0.9996381607177243,1.3962446919730587,-2834.147463702414,4654.704350319257,3300.1479610932843,89.99288237460244,296.565051177078,67.0
2020-06-07,76.4,84.2,71.6,999.9,6.2,9.1,13.6,-187.01950362280294,31.197875,121.336319,3.04,88.95014337256364,13.97122670773251,41.18466177264736,0.39359027665646673,0.9943497193247306,31.197875,973.307404515625,0.9996381607177243,1.3962446919730587,-2834.147463702414,4654.704350319257,3300.1479610932843,89.99288237460244,296.565051177078,66.7
2020-06-08,77.5,84.2,73.4,999.9,5.7,9.1,13.6,21.4,31.197875,121.336319,3.04,90.28557151021081,13.979701395129416,41.205547555389096,0.3777079652039649,0.9943497193247306,31.197875,973.307404515625,0.9996381607177243,1.3962446919730587,-2834.147463702414,4654.704350319257,3300.1479610932843,89.99288237460244,296.565051177078,71.0
2020-06-09,79.0,84.2,75.2,999.9,6.0,6.1,11.7,560.9729603416207,31.197875,121.336319,3.04,92.08449996030703,13.98751898131246,41.224370484358154,0.36171373072976765,0.9943497193247306,31.197875,973.307404515625,0.9996381607177243,1.3962446919730587,-2834.147463702414,4654.704350319257,3300.1479610932843,89.99288237460244,296.565051177078,73.5
2020-06-10,79.1,82.4,77.0,999.9,3.9,3.6,9.7,15.5,31.197875,121.336319,3.04,92.24822812017942,13.994674303946312,41.24114020922852,0.3456123126707335,0.9943497193247306,31.197875,973.307404515625,0.9996381607177243,1.3962446919730587,-2834.147463702414,4654.704350319257,3300.1479610932843,89.99288237460244,296.565051177078,76.7
2020-06-11,80.1,86.0,77.0,999.9,4.0,6.1,9.7,15.5,31.197875,121.336319,3.04,93.45776041609246,14.001162609152427,41.25586578130531,0.3294084822245304,0.9943497193247306,31.197875,973.307404515625,0.9996381607177243,1.3962446919730587,-2834.147463702414,4654.704350319257,3300.1479610932843,89.99288237460244,296.565051177078,75.9
2020-06-12,84.7,93.2,78.8,999.9,5.8,7.1,19.4,33.0,31.197875,121.336319,3.04,98.86593074343985,14.00697956223469,41.26855563677867,0.3131070409358269,0.9943497193247306,31.197875,973.307404515625,0.9996381607177243,1.3962446919730587,-2834.147463702414,4654.704350319257,3300.1479610932843,89.99288237460244,296.565051177078,78.1
2020-06-13,86.6,93.2,78.8,999.9,6.2,6.2,11.7,-171.39154960868515,31.197875,121.336319,3.04,101.12080840858432,14.012121257540555,41.2792175815308,0.29671281927349075,0.9943497193247306,31.197875,973.307404515625,0.9996381607177243,1.3962446919730587,-2834.147463702414,4654.704350319257,3300.1479610932843,89.99288237460244,296.565051177078,77.8
2020-06-14,84.3,89.6,80.6,999.9,4.7,5.2,9.7,-328.1893881494292,31.197875,121.336319,3.04,98.46650419757218,14.016584227412409,41.2878587774846,0.28023067519921585,0.9943497193247306,31.197875,973.307404515625,0.9996381607177243,1.3962446919730587,-2834.147463702414,4654.704350319257,3300.1479610932843,89.99288237460244,296.565051177078,78.0
2020-06-15,77.2,80.6,75.2,999.9,5.2,4.6,9.7,591.0440813549285,31.197875,121.336319,3.04,90.1976843962071,14.02036545018763,41.294485730483274,0.26366549272800704,0.9943497193247306,31.197875,973.307404515625,0.9996381607177243,1.3962446919730587,-2834.147463702414,4654.704350319257,3300.1479610932843,89.99288237460244,296.565051177078,75.6
2020-06-16,74.7,78.8,71.6,999.9,5.8,7.9,13.6,-150.3792722974183,31.197875,121.336319,3.04,87.29605317363188,14.02346235720994,41.299104279690404,0.24702218048093552,0.9943497193247306,31.197875,973.307404515625,0.9996381607177243,1.3962446919730587,-2834.147463702414,4654.704350319257,3300.1479610932843,89.99288237460244,296.565051177078,70.0
2020-06-17,85.2,93.2,77.0,999.9,5.4,6.0,9.7,13.6,31.197875,121.336319,3.04,99.5836971556153,14.025872838819057,41.30171958850089,0.23030567023061221,0.9943497193247306,31.197875,973.307404515625,0.9996381607177243,1.3962446919730587,-2834.147463702414,4654.704350319257,3300.1479610932843,89.99288237460244,296.565051177078,77.9
2020-06-18,77.5,91.4,71.6,999.9,6.1,9.6,15.5,19.4,31.197875,121.336319,3.04,90.59488598499934,14.02759524929022,41.30233613695408,0.21352091543979612,0.9943497193247306,31.197875,973.307404515625,0.9996381607177243,1.3962446919730587,-2834.147463702414,4654.704350319257,3300.1479610932843,89.99288237460244,296.565051177078,71.0
2020-06-19,76.6,82.4,73.4,999.9,5.9,5.8,9.7,-1124.8200057804793,31.197875,121.336319,3.04,89.54941135496922,14.02862841070014,41.30095771564151,0.19667288979357647,0.9943497193247306,31.197875,973.307404515625,0.9996381607177243,1.3962446919730587,-2834.147463702414,4654.704350319257,3300.1479610932843,89.99288237460244,296.565051177078,67.3
2020-06-20,72.4,78.8,69.8,999.9,6.0,5.8,9.7,-133.64743442863596,31.197875,121.336319,3.04,84.64146208139486,14.028971615700806,41.29758742110299,0.1797665857255624,0.9943497193247306,31.197875,973.307404515625,0.9996381607177243,1.3962446919730587,-2834.147463702414,4654.704350319257,3300.1479610932843,89.99288237460244,296.565051177078,67.3
2020-06-21,71.2,75.2,69.8,999.9,5.7,6.4,13.6,234.59195871446025,31.197875,121.336319,3.04,83.23650613318156,14.028624629187904,41.292227652706394,0.16280701293851715,0.9943497193247306,31.197875,973.307404515625,0.9996381607177243,1.3962446919730587,-2834.147463702414,4654.704350319257,3300.1479610932843,89.99288237460244,296.565051177078,68.8
2020-06-22,76.5,78.8,75.2,999.9,6.2,8.1,9.7,-338.40827432353774,31.197875,121.336319,3.04,89.42587151645584,14.027587688855819,41.28488011100759,0.1457991969198751,0.9943497193247306,31.197875,973.307404515625,0.9996381607177243,1.3962446919730587,-2834.147463702414,4654.704350319257,3300.1479610932843,89.99288237460244,296.565051177078,72.4
2020-06-23,79.1,82.4,75.2,999.9,6.1,7.2,11.7,-72.74564442917129,31.197875,121.336319,3.04,92.45380375139571,14.02586150463652,41.27554579758898,0.12874817745258132,0.9943497193247306,31.197875,973.307404515625,0.9996381607177243,1.3962446919730587,-2834.147463702414,4654.704350319257,3300.1479610932843,89.99288237460244,296.565051177078,75.8
2020-06-24,77.7,82.4,71.6,999.9,5.2,5.6,9.7,-833.5812178694573,31.197875,121.336319,3.04,90.80182098923721,14.023447257025053,41.264225016376564,0.11165900712169512,0.9943497193247306,31.197875,973.307404515625,0.9996381607177243,1.3962446919730587,-2834.147463702414,4654.704350319257,3300.1479610932843,89.99288237460244,296.565051177078,73.6
2020-06-25,75.6,78.8,73.4,999.9,4.4,4.3,7.8,133.82423291816497,31.197875,121.336319,3.04,88.32818354408822,14.020346594299717,41.25091737643674,0.09453674981719912,0.9943497193247306,31.197875,973.307404515625,0.9996381607177243,1.3962446919730587,-2834.147463702414,4654.704350319257,3300.1479610932843,89.99288237460244,296.565051177078,73.4
2020-06-26,82.9,89.6,78.8,999.9,5.9,6.2,9.7,389.4887940389303,31.197875,121.336319,3.04,96.831079917925,14.01656162865018,41.235621796256076,0.07738647923346301,0.9943497193247306,31.197875,973.307404515625,0.9996381607177243,1.3962446919730587,-2834.147463702414,4654.704350319257,3300.1479610932843,89.99288237460244,296.565051177078,76.8
2020-06-27,80.0,84.2,77.0,999.9,5.3,5.1,11.7,15.5,31.197875,121.336319,3.04,93.41396620821408,14.012094931232113,41.21833650950832,0.06021327736579302,0.9943497193247306,31.197875,973.307404515625,0.9996381607177243,1.3962446919730587,-2834.147463702414,4654.704350319257,3300.1479610932843,89.99288237460244,296.565051177078,77.5
2020-06-28,79.3,82.4,77.0,999.9,5.4,7.9,13.6,17.5,31.197875,121.336319,3.04,92.56259145211918,14.006949526171882,41.19905907231449,0.04302223300453059,0.9943497193247306,31.197875,973.307404515625,0.9996381607177243,1.3962446919730587,-2834.147463702414,4654.704350319257,3300.1479610932843,89.99288237460244,296.565051177078,76.9
2020-06-29,78.0,86.0,71.6,999.9,6.1,8.7,15.5,21.4,31.197875,121.336319,3.04,91.00733774307278,14.00112888354966,41.17778637200283,0.02581844022713308,0.9943497193247306,31.197875,973.307404515625,0.9996381607177243,1.3962446919730587,-2834.147463702414,4654.704350319257,3300.1479610932843,89.99288237460244,296.565051177078,72.6
2020-06-30,80.0,89.6,75.2,999.9,6.2,6.2,9.7,-101.70530961748884,31.197875,121.336319,3.04,93.29757940929375,13.994636911394062,41.154514637376764,0.008606996888688698,0.9943497193247306,31.197875,973.307404515625,0.9996381607177243,1.3962446919730587,-2834.147463702414,4654.704350319257,3300.1479610932843,89.99288237460244,296.565051177078,68.2
2020-07-01,79.5,86.0,75.2,999.9,6.2,8.8,11.7,19.4,31.197875,121.336319,3.04,92.66704139705774,13.987477946725697,41.12923945049935,-0.008606996888688009,0.9943497193247306,31.197875,973.307404515625,0.9996381607177243,1.3962446919730587,-2834.147463702414,4654.704350319257,3300.1479610932843,89.99288237460244,296.565051177078,68.2
2020-07-02,77.3,80.6,73.4,999.9,6.2,9.4,15.5,-84.21821177227667,31.197875,121.336319,3.04,90.05228887016034,13.979656745691129,41.101955760003506,-0.02581844022713239,0.9943497193247306,31.197875,973.307404515625,0.9996381607177243,1.3962446919730587,-2834.147463702414,4654.704350319257,3300.1479610932843,89.99288237460244,296.565051177078,72.4
2020-07-03,80.1,86.0,73.4,999.9,6.2,9.1,13.6,19.4,31.197875,121.336319,3.04,93.25761630615796,13.971178472832653,41.072657895937695,-0.04302223300453034,0.9943497193247306,31.197875,973.307404515625,0.9996381607177243,1.3962446919730587,-2834.147463702414,4654.704350319257,3300.1479610932843,89.99288237460244,296.565051177078,74.2
2020-07-04,76.6,82.4,73.4,999.9,5.9,5.8,9.7,-709.7357612777034,31.197875,121.336319,3.04,89.12441080158023,13.962048689542595,41.04133958615651,-0.060213277365792774,0.9943497193247306,31.197875,973.307404515625,0.9996381607177243,1.3962446919730587,-2834.147463702414,4654.704350319257,3300.1479610932843,89.99288237460244,296.565051177078,70.0
2020-07-05,77.8,80.6,75.2,999.9,3.5,5.1,9.7,-431.7035864823316,31.197875,121.336319,3.04,90.45723883237204,13.952273341754042,41.00799397426532,-0.07738647923346322,0.9943497193247306,31.197875,973.307404515625,0.9996381607177243,1.3962446919730587,-2834.147463702414,4654.704350319257,3300.1479610932843,89.99288237460244,296.565051177078,77.0
2020-07-06,77.8,80.6,71.6,999.9,4.9,6.4,15.5,25.3,31.197875,121.336319,3.04,90.38971754254841,13.941858746922634,40.97261363912788,-0.09453674981719933,0.9943497193247306,31.197875,973.307404515625,0.9996381607177243,1.3962446919730587,-2834.147463702414,4654.704350319257,3300.1479610932843,89.99288237460244,296.565051177078,77.0
2020-07-07,83.4,89.6,77.0,999.9,6.2,5.1,9.7,-529.3660283181899,31.197875,121.336319,3.04,96.81914048347682,13.930811580356377,40.93519061594453,-0.11165900712169444,0.9943497193247306,31.197875,973.307404515625,0.9996381607177243,1.3962446919730587,-2834.147463702414,4654.704350319257,3300.1479610932843,89.99288237460244,296.565051177078,76.7
2020-07-08,80.2,86.0,77.0,999.9,5.3,5.3,11.7,-5.829274188847549,31.197875,121.336319,3.04,93.0262447206986,13.91913886095241,40.895716418907384,-0.12874817745258066,0.9943497193247306,31.197875,973.307404515625,0.9996381607177243,1.3962446919730587,-2834.147463702414,4654.704350319257,3300.1479610932843,89.99288237460244,296.565051177078,76.6
2020-07-09,77.7,80.6,75.2,999.9,5.7,6.6,9.7,56.12232240626487,31.197875,121.336319,3.04,90.04684038819796,13.90684793640123,40.854182065437726,-0.14579919691987442,0.9943497193247306,31.197875,973.307404515625,0.9996381607177243,1.3962446919730587,-2834.147463702414,4654.704350319257,3300.1479610932843,89.99288237460244,296.565051177078,75.7
2020-07-10,76.8,80.6,75.2,999.9,5.6,5.4,7.8,892.2696337626921,31.197875,121.336319,3.04,88.92125739468828,13.893946467920044,40.81057810200833,-0.16280701293851646,0.9943497193247306,31.197875,973.307404515625,0.9996381607177243,1.3962446919730587,-2834.147463702414,4654.704350319257,3300.1479610932843,89.99288237460244,296.565051177078,73.6
2020-07-11,79.6,82.4,77.0,999.9,4.4,5.5,9.7,-763.3638811430444,31.197875,121.336319,3.04,92.07360135003181,13.880442414577661,40.76489463155162,-0.17976658572556214,0.9943497193247306,31.197875,973.307404515625,0.9996381607177243,1.3962446919730587,-2834.147463702414,4654.704350319257,3300.1479610932843,89.99288237460244,296.565051177078,77.5
2020-07-12,90.0,98.6,84.2,999.9,6.0,7.1,11.7,17.5,31.197875,121.336319,3.04,103.99758012955353,13.866344017273804,40.71712134245207,-0.19667288979357622,0.9943497193247306,31.197875,973.307404515625,0.9996381607177243,1.3962446919730587,-2834.147463702414,4654.704350319257,3300.1479610932843,89.99288237460244,296.565051177078,78.1
2020-07-13,78.1,86.0,73.4,999.9,5.8,7.0,11.7,154.559992601892,31.197875,121.336319,3.04,90.15121908401834,13.851659782435599,40.66724753911772,-0.2135209154397959,0.9943497193247306,31.197875,973.307404515625,0.9996381607177243,1.3962446919730587,-2834.147463702414,4654.704350319257,3300.1479610932843,89.99288237460244,296.565051177078,74.0
2020-07-14,75.7,78.8,69.8,999.9,5.4,5.2,11.7,55.17893754306918,31.197875,121.336319,3.04,87.28461365315682,13.836398465493817,40.615262174123494,-0.23030567023061196,0.9943497193247306,31.197875,973.307404515625,0.9996381607177243,1.3962446919730587,-2834.147463702414,4654.704350319257,3300.1479610932843,89.99288237460244,296.565051177078,70.7
2020-07-15,70.0,71.6,68.0,999.9,5.1,5.6,9.7,38.49928012525819,31.197875,121.336319,3.04,80.61998614950326,13.820569054200561,40.56115388191461,-0.24702218048093527,0.9943497193247306,31.197875,973.307404515625,0.9996381607177243,1.3962446919730587,-2834.147463702414,4654.704350319257,3300.1479610932843,89.99288237460244,296.565051177078,69.1
2020-07-16,72.8,77.0,69.8,999.9,6.0,6.0,9.7,629.6380315471075,31.197875,121.336319,3.04,83.74536322788514,13.804180751849199,40.5049110140553,-0.2636654927280072,0.9943497193247306,31.197875,973.307404515625,0.9996381607177243,1.3962446919730587,-2834.147463702414,4654.704350319257,3300.1479610932843,89.99288237460244,296.565051177078,67.7
2020-07-17,74.9,78.8,71.6,999.9,5.8,7.8,11.7,-422.5856136271786,31.197875,121.336319,3.04,86.05537481151251,13.787242960455941,40.44652167600361,-0.2802306751992161,0.9943497193247306,31.197875,973.307404515625,0.9996381607177243,1.3962446919730587,-2834.147463702414,4654.704350319257,3300.1479610932843,89.99288237460244,296.565051177078,72.9
2020-07-18,84.7,91.4,80.6,999.9,5.7,5.3,7.8,15.5,31.197875,121.336319,3.04,97.19159315478989,13.769765263960785,40.385973765389245,-0.2967128192734901,0.9943497193247306,31.197875,973.307404515625,0.9996381607177243,1.3962446919730587,-2834.147463702414,4654.704350319257,3300.1479610932843,89.99288237460244,296.565051177078,78.8
2020-07-19,84.7,95.0,77.0,999.9,6.1,8.8,15.5,23.3,31.197875,121.336319,3.04,97.06448772953092,13.75175741150379,40.323255011766555,-0.3131070409358267,0.9943497193247306,31.197875,973.307404515625,0.9996381607177243,1.3962446919730587,-2834.147463702414,4654.704350319257,3300.1479610932843,89.99288237460244,296.565051177078,76.0
2020-07-20,77.5,80.6,75.2,999.9,5.4,4.0,7.8,-921.4576302838531,31.197875,121.336319,3.04,88.69377256786277,13.733229300830363,40.25835301781065,-0.3294084822245302,0.9943497193247306,31.197875,973.307404515625,0.9996381607177243,1.3962446919730587,-2834.147463702414,4654.704350319257,3300.1479610932843,89.99288237460244,296.565051177078,74.9
2020-07-21,84.5,91.4,78.8,999.9,4.9,4.5,7.8,15.5,31.197875,121.336319,3.04,96.57076135655042,13.714190961876984,40.19125530191951,-0.3456123126707333,0.9943497193247306,31.197875,973.307404515625,0.9996381607177243,1.3962446919730587,-2834.147463702414,4654.704350319257,3300.1479610932843,89.99288237460244,296.565051177078,76.8
2020-07-22,88.2,96.8,82.4,999.9,6.2,7.9,11.7,258.6344246006981,31.197875,121.336319,3.04,100.65569617330924,13.694652540586292,40.12194934218025,-0.3617137307297674,0.9943497193247306,31.197875,973.307404515625,0.9996381607177243,1.3962446919730587,-2834.147463702414,4654.704350319257,3300.1479610932843,89.99288237460244,296.565051177078,79.0
2020-07-23,85.9,95.0,77.0,999.9,6.2,9.6,15.5,23.3,31.197875,121.336319,3.04,97.88751882579155,13.674624282997653,40.0504226216528,-0.37770796520396466,0.9943497193247306,31.197875,973.307404515625,0.9996381607177243,1.3962446919730587,-2834.147463702414,4654.704350319257,3300.1479610932843,89.99288237460244,296.565051177078,75.3
2020-07-24,79.2,86.0,73.4,999.9,6.0,7.4,15.5,-190.4037744272016,31.197875,121.336319,3.04,90.11716902973397,13.654116519656661,39.976662674919005,-0.39359027665646645,0.9943497193247306,31.197875,973.307404515625,0.9996381607177243,1.3962446919730587,-2834.147463702414,4654.704350319257,3300.1479610932843,89.99288237460244,296.565051177078,70.6
2020-07-25,83.5,93.2,77.0,999.9,4.7,5.2,9.7,-1115.3117925723589,31.197875,121.336319,3.04,94.86393006725511,13.633139650383969,39.90065713584059,-0.4093559588156211,0.9943497193247306,31.197875,973.307404515625,0.9996381607177243,1.3962446919730587,-2834.147463702414,4654.704350319257,3300.1479610932843,89.99288237460244,296.565051177078,71.5
2020-07-26,83.1,89.6,80.6,999.9,5.9,6.7,11.7,13.6,31.197875,121.336319,3.04,94.26105109637858,13.611704129440952,39.822393786463564,-0.42500033996955394,0.9943497193247306,31.197875,973.307404515625,0.9996381607177243,1.3962446919730587,-2834.147463702414,4654.704350319257,3300.1479610932843,89.99288237460244,296.565051177078,74.8
2020-07-27,84.9,89.6,80.6,999.9,5.9,5.8,13.6,17.5,31.197875,121.336319,3.04,96.14797969172038,13.589820451126554,39.741860607002614,-0.4405187843504952,0.9943497193247306,31.197875,973.307404515625,0.9996381607177243,1.3962446919730587,-2834.147463702414,4654.704350319257,3300.1479610932843,89.99288237460244,296.565051177078,77.6
2020-07-28,86.5,93.2,82.4,999.9,6.0,6.2,17.5,-333.9359433884062,31.197875,121.336319,3.04,97.79905627082266,13.56749913583667,39.65904582683319,-0.455906693508459,0.9943497193247306,31.197875,973.307404515625,0.9996381607177243,1.3962446919730587,-2834.147463702414,4654.704350319257,3300.1479610932843,89.99288237460244,296.565051177078,78.2
2020-07-29,87.2,93.2,82.4,999.9,6.2,8.1,11.7,-248.2238001471714,31.197875,121.336319,3.04,98.42518854073016,13.544750716614242,39.57393797641466,-0.47115950767386394,0.9943497193247306,31.197875,973.307404515625,0.9996381607177243,1.3962446919730587,-2834.147463702414,4654.704350319257,3300.1479610932843,89.99288237460244,296.565051177078,78.3
2020-07-30,87.7,95.0,82.4,999.9,6.2,11.3,15.5,183.4028775990773,31.197875,121.336319,3.04,98.8202556824228,13.521585726215207,39.48652594006284,-0.4862727071086902,0.9943497193247306,31.197875,973.307404515625,0.9996381607177243,1.3962446919730587,-2834.147463702414,4654.704350319257,3300.1479610932843,89.99288237460244,296.565051177078,77.8
2020-07-31,86.5,91.4,82.4,999.9,6.2,11.8,15.5,21.4,31.197875,121.336319,3.04,97.29818918563518,13.498014684712397,39.396799009485704,-0.5012418134457756,0.9943497193247306,31.197875,973.307404515625,0.9996381607177243,1.3962446919730587,-2834.147463702414,4654.704350319257,3300.1479610932843,89.99288237460244,296.565051177078,78.6
2020-08-01,89.1,96.8,82.4,999.9,6.2,11.3,13.6,21.4,31.197875,121.336319,3.04,100.04480705084909,13.474048087656444,39.30474693799169,-0.5160623910158526,0.9943497193247306,31.197875,973.307404515625,0.9996381607177243,1.3962446919730587,-2834.147463702414,4654.704350319257,3300.1479610932843,89.99288237460244,296.565051177078,77.5
2020-08-02,89.5,96.8,84.2,999.9,6.2,12.4,15.5,-483.34972301126453,31.197875,121.336319,3.04,100.31231894462351,13.449696394809857,39.210359995275596,-0.5307300481619331,0.9943497193247306,31.197875,973.307404515625,0.9996381607177243,1.3962446919730587,-2834.147463702414,4654.704350319257,3300.1479610932843,89.99288237460244,296.565051177078,75.8
2020-08-03,88.1,95.0,82.4,999.9,6.2,14.5,19.4,25.3,31.197875,121.336319,3.04,98.56165489292438,13.424970019467565,39.11362902268288,-0.5452404385406507,0.9943497193247306,31.197875,973.307404515625,0.9996381607177243,1.3962446919730587,-2834.147463702414,4654.704350319257,3300.1479610932843,89.99288237460244,296.565051177078,76.5
2020-08-04,82.7,89.6,77.0,999.9,5.6,18.8,27.2,40.8,31.197875,121.336319,3.04,92.3475016357975,13.399879318374486,39.01454548885,-0.5595892624101763,0.9943497193247306,31.197875,973.307404515625,0.9996381607177243,1.3962446919730587,-2834.147463702414,4654.704350319257,3300.1479610932843,89.99288237460244,296.565051177078,77.1
2020-08-05,83.2,87.8,77.0,999.9,5.7,10.8,19.4,-89.07109648854083,31.197875,121.336319,3.04,92.7294131035861,13.374434582247993,38.913101545613834,-0.5737722679043243,0.9943497193247306,31.197875,973.307404515625,0.9996381607177243,1.3962446919730587,-2834.147463702414,4654.704350319257,3300.1479610932843,89.99288237460244,296.565051177078,78.5
2020-08-06,88.8,95.0,84.2,999.9,6.2,6.7,9.7,17.5,31.197875,121.336319,3.04,98.77998059913932,13.34864602691072,38.809290084081184,-0.5877852522924734,0.9943497193247306,31.197875,973.307404515625,0.9996381607177243,1.3962446919730587,-2834.147463702414,4654.704350319257,3300.1479610932843,89.99288237460244,296.565051177078,79.1
2020-08-07,89.4,96.8,82.4,999.9,6.2,8.8,15.5,17.5,31.197875,121.336319,3.04,99.25280219852249,13.322523785036573,38.70310479074503,-0.6016240632249227,0.9943497193247306,31.197875,973.307404515625,0.9996381607177243,1.3962446919730587,-2834.147463702414,4654.704350319257,3300.1479610932843,89.99288237460244,296.565051177078,77.0
2020-08-08,87.9,93.2,84.2,999.9,6.2,8.8,13.6,17.5,31.197875,121.336319,3.04,97.39377060659136,13.296077898510767,38.59454020353302,-0.6152845999633277,0.9943497193247306,31.197875,973.307404515625,0.9996381607177243,1.3962446919730587,-2834.147463702414,4654.704350319257,3300.1479610932843,89.99288237460244,296.565051177078,78.1
2020-08-09,89.1,96.8,84.2,999.9,6.2,8.6,11.7,19.4,31.197875,121.336319,3.04,98.52468846216237,13.26931831140234,38.48359176766985,-0.6287628145958345,0.9943497193247306,31.197875,973.307404515625,0.9996381607177243,1.3962446919730587,-2834.147463702414,4654.704350319257,3300.1479610932843,89.99288237460244,296.565051177078,79.1
2020-08-10,84.7,96.8,78.8,999.9,6.1,7.1,17.5,27.2,31.197875,121.336319,3.04,93.46824891186081,13.242254863545805,38.370255891234315,-0.6420547132365636,0.9943497193247306,31.197875,973.307404515625,0.9996381607177243,1.3962446919730587,-2834.147463702414,4654.704350319257,3300.1479610932843,89.99288237460244,296.565051177078,78.3
2020-08-11,88.2,96.8,84.2,999.9,6.2,8.6,11.7,-4.894835745125345,31.197875,121.336319,3.04,97.12949504274042,13.214897284726586,38.2545300002897,-0.655156357209085,0.9943497193247306,31.197875,973.307404515625,0.9996381607177243,1.3962446919730587,-2834.147463702414,4654.704350319257,3300.1479610932843,89.99288237460244,296.565051177078,77.6
2020-08-12,90.5,96.8,84.2,999.9,6.2,10.7,15.5,19.4,31.197875,121.336319,3.04,99.4538828872024,13.1872551894633,38.13641259346484,-0.6680638642135333,0.9943497193247306,31.197875,973.307404515625,0.9996381607177243,1.3962446919730587,-2834.147463702414,4654.704350319257,3300.1479610932843,89.99288237460244,296.565051177078,76.1
2020-08-13,91.9,98.6,86.0,999.9,6.2,8.7,11.7,21.4,31.197875,121.336319,3.04,100.77859740429696,13.159338072378276,38.01590329586241,-0.6807734094770159,0.9943497193247306,31.197875,973.307404515625,0.9996381607177243,1.3962446919730587,-2834.147463702414,4654.704350319257,3300.1479610932843,89.99288237460244,296.565051177078,77.8
2020-08-14,91.6,100.4,84.2,999.9,6.2,7.9,11.7,17.5,31.197875,121.336319,3.04,100.2344854883174,13.131155304146384,37.8930029121704,-0.6932812268869771,0.9943497193247306,31.197875,973.307404515625,0.9996381607177243,1.3962446919730587,-2834.147463702414,4654.704350319257,3300.1479610932843,89.99288237460244,296.565051177078,76.7
2020-08-15,90.0,98.6,82.4,999.9,6.2,10.5,13.6,-33.45386751067221,31.197875,121.336319,3.04,98.27037096008134,13.102716128010844,37.7677134788525,-0.7055836101071774,0.9943497193247306,31.197875,973.307404515625,0.9996381607177243,1.3962446919730587,-2834.147463702414,4654.704350319257,3300.1479610932843,89.99288237460244,296.565051177078,75.3
2020-08-16,90.0,100.4,84.2,999.9,6.2,9.3,11.7,1062.0824692172441,31.197875,121.336319,3.04,98.05522242640237,13.07402965685365,37.64003831529362,-0.7176769136759615,0.9943497193247306,31.197875,973.307404515625,0.9996381607177243,1.3962446919730587,-2834.147463702414,4654.704350319257,3300.1479610932843,89.99288237460244,296.565051177078,76.2
2020-08-17,88.5,96.8,82.4,999.9,6.2,10.9,15.5,21.4,31.197875,121.336319,3.04,96.20764842220277,13.045104870807155,37.50998207377679,-0.7295575540864876,0.9943497193247306,31.197875,973.307404515625,0.9996381607177243,1.3962446919730587,-2834.147463702414,4654.704350319257,3300.1479610932843,89.99288237460244,296.565051177078,75.7
2020-08-18,88.2,96.8,82.4,999.9,6.2,10.5,15.5,-884.3689950274847,31.197875,121.336319,3.04,95.66723702313466,13.015950615392471,37.37755078816934,-0.7412220108485957,0.9943497193247306,31.197875,973.307404515625,0.9996381607177243,1.3962446919730587,-2834.147463702414,4654.704350319257,3300.1479610932843,89.99288237460244,296.565051177078,76.4
2020-08-19,88.9,98.6,82.4,999.9,6.2,9.7,13.6,19.4,31.197875,121.336319,3.04,96.20888090459019,12.986575600169655,37.24275192119704,-0.7526668275320083,0.9943497193247306,31.197875,973.307404515625,0.9996381607177243,1.3962446919730587,-2834.147463702414,4654.704350319257,3300.1479610932843,89.99288237460244,296.565051177078,76.0
2020-08-20,89.2,98.6,80.6,999.9,6.2,9.7,11.7,907.9190823484872,31.197875,121.336319,3.04,96.31361375760336,12.95698839788386,37.10559441018709,-0.7638886127905429,0.9943497193247306,31.197875,973.307404515625,0.9996381607177243,1.3962446919730587,-2834.147463702414,4654.704350319257,3300.1479610932843,89.99288237460244,296.565051177078,75.1
2020-08-21,87.7,96.8,82.4,999.9,6.2,8.9,11.7,17.5,31.197875,121.336319,3.04,94.47626798723365,12.927197444091263,36.9660887111625,-0.7748840413670406,0.9943497193247306,31.197875,973.307404515625,0.9996381607177243,1.3962446919730587,-2834.147463702414,4654.704350319257,3300.1479610932843,89.99288237460244,296.565051177078,75.5
2020-08-22,86.5,95.0,80.6,999.9,6.2,8.0,11.7,130.0355699446693,31.197875,121.336319,3.04,92.96739622682915,12.897211037247974,36.82424684117339,-0.7856498550787144,0.9943497193247306,31.197875,973.307404515625,0.9996381607177243,1.3962446919730587,-2834.147463702414,4654.704350319257,3300.1479610932843,89.99288237460244,296.565051177078,76.1
2020-08-23,87.4,96.8,80.6,999.9,6.2,6.7,11.7,462.891866316002,31.197875,121.336319,3.04,93.71492195416721,12.867037339244925,36.68008241875292,-0.7961828637826154,0.9943497193247306,31.197875,973.307404515625,0.9996381607177243,1.3962446919730587,-2834.147463702414,4654.704350319257,3300.1479610932843,89.99288237460244,296.565051177078,74.1
2020-08-24,89.6,98.6,82.4,999.9,6.2,6.0,11.7,13.6,31.197875,121.336319,3.04,95.84724334357338,12.836684376371435,36.53361070238958,-0.8064799463209447,0.9943497193247306,31.197875,973.307404515625,0.9996381607177243,1.3962446919730587,-2834.147463702414,4654.704350319257,3300.1479610932843,89.99288237460244,296.565051177078,74.2
2020-08-25,90.1,98.6,84.2,999.9,6.2,11.9,15.5,21.4,31.197875,121.336319,3.04,96.15291830551378,12.80616004068996,36.3848486269103,-0.8165380514459157,0.9943497193247306,31.197875,973.307404515625,0.9996381607177243,1.3962446919730587,-2834.147463702414,4654.704350319257,3300.1479610932843,89.99288237460244,296.565051177078,76.3
2020-08-26,84.1,93.2,77.0,999.9,6.1,8.3,19.4,31.1,31.197875,121.336319,3.04,89.53476691006324,12.775472091804506,36.233814837673194,-0.8263541987239094,0.9943497193247306,31.197875,973.307404515625,0.9996381607177243,1.3962446919730587,-2834.147463702414,4654.704350319257,3300.1479610932843,89.99288237460244,296.565051177078,76.2
2020-08-27,85.8,93.2,78.8,999.9,6.2,6.0,9.7,17.5,31.197875,121.336319,3.04,91.12409133688688,12.74462815900516,36.08052972247284,-0.8359254794186365,0.9943497193247306,31.197875,973.307404515625,0.9996381607177243,1.3962446919730587,-2834.147463702414,4654.704350319257,3300.1479610932843,89.99288237460244,296.565051177078,75.7
2020-08-28,80.7,89.6,75.2,999.9,5.9,7.5,13.6,21.4,31.197875,121.336319,3.04,85.49920037686097,12.713635743771148,35.925015441065426,-0.8452490573530634,0.9943497193247306,31.197875,973.307404515625,0.9996381607177243,1.3962446919730587,-2834.147463702414,4654.704350319257,3300.1479610932843,89.99288237460244,296.565051177078,77.1
2020-08-29,79.9,84.2,78.8,999.9,5.0,4.6,9.7,13.6,31.197875,121.336319,3.04,84.44432729891211,12.682502222615085,35.767295952225886,-0.8543221697498269,0.9943497193247306,31.197875,973.307404515625,0.9996381607177243,1.3962446919730587,-2834.147463702414,4654.704350319257,3300.1479610932843,89.99288237460244,296.565051177078,77.5
2020-08-30,87.0,95.0,82.4,999.9,6.1,7.5,11.7,-75.3741530621405,31.197875,121.336319,3.04,91.72145266432054,12.65123485025111,35.60739703825439,-0.8631421280499115,0.9943497193247306,31.197875,973.307404515625,0.9996381607177243,1.3962446919730587,-2834.147463702414,4654.704350319257,3300.1479610932843,89.99288237460244,296.565051177078,77.5
2020-08-31,86.8,93.2,82.4,999.9,6.2,7.3,11.7,-43.23917932262318,31.197875,121.336319,3.04,91.28351485287176,12.619840763069828,35.445346326854505,-0.8717063187093217,0.9943497193247306,31.197875,973.307404515625,0.9996381607177243,1.3962446919730587,-2834.147463702414,4654.704350319257,3300.1479610932843,89.99288237460244,296.565051177078,75.9
2020-09-01,85.3,93.2,80.6,999.9,6.2,12.3,17.5,21.4,31.197875,121.336319,3.04,89.48202430347077,12.588326982903274,35.28117331031157,-0.8800122039735356,0.9943497193247306,31.197875,973.307404515625,0.9996381607177243,1.3962446919730587,-2834.147463702414,4654.704350319257,3300.1479610932843,89.99288237460244,296.565051177078,76.3
2020-09-02,81.2,89.6,75.2,999.9,6.1,11.1,19.4,27.2,31.197875,121.336319,3.04,84.967006182528,12.556700421063251,35.11490936190484,-0.888057322629493,0.9943497193247306,31.197875,973.307404515625,0.9996381607177243,1.3962446919730587,-2834.147463702414,4654.704350319257,3300.1479610932843,89.99288237460244,296.565051177078,72.3
2020-09-03,82.5,89.6,75.2,999.9,6.1,5.8,9.7,646.1586857483438,31.197875,121.336319,3.04,86.10915419312819,12.524967882636828,34.94658774949393,-0.8958392907349089,0.9943497193247306,31.197875,973.307404515625,0.9996381607177243,1.3962446919730587,-2834.147463702414,4654.704350319257,3300.1479610932843,89.99288237460244,296.565051177078,64.0
2020-09-04,82.9,91.4,73.4,999.9,6.2,7.4,11.7,695.4680239317574,31.197875,121.336319,3.04,86.30674835731702,12.493136071022969,34.77624364622525,-0.9033558023246842,0.9943497193247306,31.197875,973.307404515625,0.9996381607177243,1.3962446919730587,-2834.147463702414,4654.704350319257,3300.1479610932843,89.99288237460244,296.565051177078,63.8
2020-09-05,81.1,91.4,71.6,999.9,6.2,7.3,13.6,-360.4703502682173,31.197875,121.336319,3.04,84.2170216806281,12.461211592694664,34.60391413831158,-0.9106046300942162,0.9943497193247306,31.197875,973.307404515625,0.9996381607177243,1.3962446919730587,-2834.147463702414,4654.704350319257,3300.1479610932843,89.99288237460244,296.565051177078,63.2
2020-09-06,82.2,89.6,78.8,999.9,6.2,11.3,19.4,-425.4497117015458,31.197875,121.336319,3.04,85.14002659087288,12.429200962171222,34.42963822984389,-0.9175836260593934,0.9943497193247306,31.197875,973.307404515625,0.9996381607177243,1.3962446919730587,-2834.147463702414,4654.704350319257,3300.1479610932843,89.99288237460244,296.565051177078,63.9
2020-09-07,85.8,93.2,78.8,999.9,6.2,6.9,13.6,19.4,31.197875,121.336319,3.04,88.63934084137819,12.39711060718576,34.25345684460121,-0.9242907221930934,0.9943497193247306,31.197875,973.307404515625,0.9996381607177243,1.3962446919730587,-2834.147463702414,4654.704350319257,3300.1479610932843,89.99288237460244,296.565051177078,67.4
2020-09-08,84.6,96.8,75.2,999.9,6.2,9.2,13.6,15.966315633645271,31.197875,121.336319,3.04,87.17287546193403,12.364946874033198,34.07541282483168,-0.9307239310379793,0.9943497193247306,31.197875,973.307404515625,0.9996381607177243,1.3962446919730587,-2834.147463702414,4654.704350319257,3300.1479610932843,89.99288237460244,296.565051177078,67.6
2020-09-09,82.8,91.4,77.0,999.9,5.8,4.5,9.7,11.7,31.197875,121.336319,3.04,85.09574062828283,12.332716033084468,33.89555092698427,-0.9368813462954315,0.9943497193247306,31.197875,973.307404515625,0.9996381607177243,1.3962446919730587,-2834.147463702414,4654.704350319257,3300.1479610932843,89.99288237460244,296.565051177078,71.8
2020-09-10,80.3,89.6,71.6,999.9,6.0,7.2,13.6,710.629222266666,31.197875,121.336319,3.04,82.31033917013093,12.30042428445294,33.71391781437797,-0.9427611433904206,0.9943497193247306,31.197875,973.307404515625,0.9996381607177243,1.3962446919730587,-2834.147463702414,4654.704350319257,3300.1479610932843,89.99288237460244,296.565051177078,71.6
2020-09-11,74.6,77.0,71.6,999.9,6.2,4.0,9.7,-230.997183725946,31.197875,121.336319,3.04,76.2665500982861,12.268077763799374,33.5305620468025,-0.9483615800121716,0.9943497193247306,31.197875,973.307404515625,0.9996381607177243,1.3962446919730587,-2834.147463702414,4654.704350319257,3300.1479610932843,89.99288237460244,296.565051177078,69.4
2020-09-12,76.5,84.2,71.6,999.9,6.0,5.7,13.6,230.91230664964246,31.197875,121.336319,3.04,78.00247624517021,12.235682548261995,33.34553406705117,-0.9536809966304455,0.9943497193247306,31.197875,973.307404515625,0.9996381607177243,1.3962446919730587,-2834.147463702414,4654.704350319257,3300.1479610932843,89.99288237460244,296.565051177078,69.0
2020-09-13,78.0,84.2,73.4,999.9,6.1,4.6,7.8,308.4815983539672,31.197875,121.336319,3.04,79.32109030624133,12.203244662498665,33.15888618439429,-0.9587178169872964,0.9943497193247306,31.197875,973.307404515625,0.9996381607177243,1.3962446919730587,-2834.147463702414,4654.704350319257,3300.1479610932843,89.99288237460244,296.565051177078,68.9
2020-09-14,74.3,82.4,71.6,999.9,6.0,3.8,9.7,428.2390471958353,31.197875,121.336319,3.04,75.35735144189458,12.170770084828197,32.97067255500813,-0.9634705485641486,0.9943497193247306,31.197875,973.307404515625,0.9996381607177243,1.3962446919730587,-2834.147463702414,4654.704350319257,3300.1479610932843,89.99288237460244,296.565051177078,69.5
2020-09-15,73.2,73.4,71.6,999.9,4.8,4.2,7.8,13.6,31.197875,121.336319,3.04,74.04341499609576,12.138264753458321,32.78094915938175,-0.9679377830240642,0.9943497193247306,31.197875,973.307404515625,0.9996381607177243,1.3962446919730587,-2834.147463702414,4654.704350319257,3300.1479610932843,89.99288237460244,296.565051177078,71.7
2020-09-16,77.0,82.4,69.8,999.9,4.2,4.9,11.7,15.5,31.197875,121.336319,3.04,77.67846350872216,12.105734572787869,32.589773776731306,-0.9721181966290612,0.9943497193247306,31.197875,973.307404515625,0.9996381607177243,1.3962446919730587,-2834.147463702414,4654.704350319257,3300.1479610932843,89.99288237460244,296.565051177078,72.1
2020-09-17,67.3,73.4,62.6,999.9,5.6,9.1,17.5,112.23614254990822,31.197875,121.336319,3.04,67.71044822921549,12.073185419770965,32.39720595645791,-0.9760105506323682,0.9943497193247306,31.197875,973.307404515625,0.9996381607177243,1.3962446919730587,-2834.147463702414,4654.704350319257,3300.1479610932843,89.99288237460244,296.565051177078,65.5
2020-09-18,66.0,68.0,64.4,999.9,5.2,4.0,5.8,15.5,31.197875,121.336319,3.04,66.22342732682185,12.040623150331246,32.20330698669245,-0.9796136916454901,0.9943497193247306,31.197875,973.307404515625,0.9996381607177243,1.3962446919730587,-2834.147463702414,4654.704350319257,3300.1479610932843,89.99288237460244,296.565051177078,63.7
2020-09-19,70.1,75.2,66.2,999.9,3.6,3.3,7.8,-118.71950919672148,31.197875,121.336319,3.04,70.1470464806311,12.00805360581417,32.00813985997743,-0.9829265519799822,0.9943497193247306,31.197875,973.307404515625,0.9996381607177243,1.3962446919730587,-2834.147463702414,4654.704350319257,3300.1479610932843,89.99288237460244,296.565051177078,65.5
2020-09-20,75.6,82.4,69.8,999.9,6.2,4.6,11.7,1006.6412933856541,31.197875,121.336319,3.04,75.44554050263325,11.975482619465597,31.811769236142535,-0.9859481499638303,0.9943497193247306,31.197875,973.307404515625,0.9996381607177243,1.3962446919730587,-2834.147463702414,4654.704350319257,3300.1479610932843,89.99288237460244,296.565051177078,60.0
2020-09-21,76.0,82.4,71.6,999.9,6.2,4.3,7.8,165.89572575512946,31.197875,121.336319,3.04,75.63846814519164,11.942916022924996,31.61426140243723,-0.9886775902323404,0.9943497193247306,31.197875,973.307404515625,0.9996381607177243,1.3962446919730587,-2834.147463702414,4654.704350319257,3300.1479610932843,89.99288237460244,296.565051177078,59.8
2020-09-22,74.5,78.8,68.0,999.9,6.2,5.5,9.7,343.7515004960668,31.197875,121.336319,3.04,73.94348284397928,11.910359652721494,31.415684230989896,-0.9911140639934546,0.9943497193247306,31.197875,973.307404515625,0.9996381607177243,1.3962446919730587,-2834.147463702414,4654.704350319257,3300.1479610932843,89.99288237460244,296.565051177078,61.5
2020-09-23,68.5,73.4,66.2,999.9,6.0,4.5,11.7,-195.74368415449493,31.197875,121.336319,3.04,67.80255216151161,11.87781935676116,31.21610713366949,-0.9932568492674143,0.9943497193247306,31.197875,973.307404515625,0.9996381607177243,1.3962446919730587,-2834.147463702414,4654.704350319257,3300.1479610932843,89.99288237460244,296.565051177078,65.3
2020-09-24,72.3,78.8,66.2,999.9,6.2,8.3,13.6,257.47325482258094,31.197875,121.336319,3.04,71.36793852978252,11.845301000793778,31.01560101443133,-0.9951053111006974,0.9943497193247306,31.197875,973.307404515625,0.9996381607177243,1.3962446919730587,-2834.147463702414,4654.704350319257,3300.1479610932843,89.99288237460244,296.565051177078,61.7
2020-09-25,74.0,80.6,69.8,999.9,6.2,7.4,11.7,17.5,31.197875,121.336319,3.04,72.84566459489216,11.812810474847376,30.81423821923451,-0.99665890175417,0.9943497193247306,31.197875,973.307404515625,0.9996381607177243,1.3962446919730587,-2834.147463702414,4654.704350319257,3300.1479610932843,89.99288237460244,296.565051177078,62.8
2020-09-26,74.4,80.6,69.8,999.9,6.2,7.4,11.7,-330.48636933889435,31.197875,121.336319,3.04,73.03819293763573,11.780353699618665,30.612092483624263,-0.9979171608653922,0.9943497193247306,31.197875,973.307404515625,0.9996381607177243,1.3962446919730587,-2834.147463702414,4654.704350319257,3300.1479610932843,89.99288237460244,296.565051177078,62.8
2020-09-27,75.3,80.6,71.6,999.9,6.2,6.6,11.7,-351.8412353303911,31.197875,121.336319,3.04,73.7183023708663,11.747936632807379,30.409238878077268,-0.9988797155850335,0.9943497193247306,31.197875,973.307404515625,0.9996381607177243,1.3962446919730587,-2834.147463702414,4654.704350319257,3300.1479610932843,89.99288237460244,296.565051177078,63.7
2020-09-28,75.2,80.6,69.8,999.9,6.2,6.2,9.7,321.3093523741333,31.197875,121.336319,3.04,73.417542392397,11.715565275382499,30.205753751213468,-0.9995462806873573,0.9943497193247306,31.197875,973.307404515625,0.9996381607177243,1.3962446919730587,-2834.147463702414,4654.704350319257,3300.1479610932843,89.99288237460244,296.565051177078,61.8
2020-09-29,75.2,80.6,68.0,999.9,6.2,4.9,7.8,43.27120758354362,31.197875,121.336319,3.04,73.21500624734594,11.68324567776797,30.00171467098231,-0.9999166586547379,0.9943497193247306,31.197875,973.307404515625,0.9996381607177243,1.3962446919730587,-2834.147463702414,4654.704350319257,3300.1479610932843,89.99288237460244,296.565051177078,58.4
2020-09-30,73.8,82.4,66.2,999.9,6.2,8.0,13.6,277.29584180163505,31.197875,121.336319,3.04,71.65355126750326,11.65098394593549,29.79720036393609,-0.9999907397361901,0.9943497193247306,31.197875,973.307404515625,0.9996381607177243,1.3962446919730587,-2834.147463702414,4654.704350319257,3300.1479610932843,89.99288237460244,296.565051177078,60.9
2020-10-01,75.0,82.4,69.8,999.9,6.2,5.7,9.7,-313.9088332352603,31.197875,121.336319,3.04,72.61741404619777,11.618786247391643,29.592290652706886,-0.9997685019798909,0.9943497193247306,31.197875,973.307404515625,0.9996381607177243,1.3962446919730587,-2834.147463702414,4654.704350319257,3300.1479610932843,89.99288237460244,296.565051177078,64.0
2020-10-02,77.2,84.2,73.4,999.9,6.2,7.1,9.7,150.51780156797878,31.197875,121.336319,3.04,74.54083838966503,11.586658817046377,29.3870663918075,-0.9992500112396835,0.9943497193247306,31.197875,973.307404515625,0.9996381607177243,1.3962446919730587,-2834.147463702414,4654.704350319257,3300.1479610932843,89.99288237460244,296.565051177078,65.6
2020-10-03,73.9,78.8,69.8,999.9,5.9,8.2,13.6,-54.482522019003085,31.197875,121.336319,3.04,71.15712737183146,11.554607962949628,29.181609401880635,-0.9984354211555643,0.9943497193247306,31.197875,973.307404515625,0.9996381607177243,1.3962446919730587,-2834.147463702414,4654.704350319257,3300.1479610932843,89.99288237460244,296.565051177078,68.5
2020-10-04,66.6,75.2,59.0,999.9,5.9,12.3,19.4,25.3,31.197875,121.336319,3.04,63.95065239894809,11.52264007188254,28.976002402523026,-0.9973249731081555,0.9943497193247306,31.197875,973.307404515625,0.9996381607177243,1.3962446919730587,-2834.147463702414,4654.704350319257,3300.1479610932843,89.99288237460244,296.565051177078,61.0
2020-10-05,66.9,73.4,62.6,999.9,6.2,10.9,15.5,155.08762190527574,31.197875,121.336319,3.04,64.06099600245093,11.490761614789404,28.77032894381469,-0.9959189961471792,0.9943497193247306,31.197875,973.307404515625,0.9996381607177243,1.3962446919730587,-2834.147463702414,4654.704350319257,3300.1479610932843,89.99288237460244,296.565051177078,52.5
2020-10-06,69.1,75.2,66.2,999.9,6.2,8.9,11.7,-277.4411030368482,31.197875,121.336319,3.04,65.98462161714205,11.458979152036248,28.564673336685654,-0.994217906893952,0.9943497193247306,31.197875,973.307404515625,0.9996381607177243,1.3962446919730587,-2834.147463702414,4654.704350319257,3300.1479610932843,89.99288237460244,296.565051177078,54.3
2020-10-07,68.5,75.2,60.8,999.9,6.2,9.2,13.6,327.166947856311,31.197875,121.336319,3.04,65.23083372383185,11.427299338481493,28.359120582254388,-0.9922222094179324,0.9943497193247306,31.197875,973.307404515625,0.9996381607177243,1.3962446919730587,-2834.147463702414,4654.704350319257,3300.1479610932843,89.99288237460244,296.565051177078,54.8
2020-10-08,69.9,77.0,62.6,999.9,6.2,8.6,13.6,484.8284849168549,31.197875,121.336319,3.04,66.38012100760332,11.395728928343917,28.153756300274495,-0.989932495087353,0.9943497193247306,31.197875,973.307404515625,0.9996381607177243,1.3962446919730587,-2834.147463702414,4654.704350319257,3300.1479610932843,89.99288237460244,296.565051177078,56.9
2020-10-09,69.9,77.0,62.6,999.9,6.2,6.4,11.7,-326.9098511195048,31.197875,121.336319,3.04,66.19690059264215,11.36427477985273,27.948666656826884,-0.9873494423939864,0.9943497193247306,31.197875,973.307404515625,0.9996381607177243,1.3962446919730587,-2834.147463702414,4654.704350319257,3300.1479610932843,89.99288237460244,296.565051177078,57.2
2020-10-10,69.9,77.0,62.6,999.9,6.2,5.9,9.7,-264.3737512005315,31.197875,121.336319,3.04,66.0143979825445,11.33294385966429,27.743938291396063,-0.9844738167520923,0.9943497193247306,31.197875,973.307404515625,0.9996381607177243,1.3962446919730587,-2834.147463702414,4654.704350319257,3300.1479610932843,89.99288237460244,296.565051177078,57.7
2020-10-11,70.3,78.8,62.6,999.9,6.2,5.6,7.8,237.1748749534824,31.197875,121.336319,3.04,66.20937918884869,11.301743247029647,27.539658243469958,-0.9813064702716093,0.9943497193247306,31.197875,973.307404515625,0.9996381607177243,1.3962446919730587,-2834.147463702414,4654.704350319257,3300.1479610932843,89.99288237460244,296.565051177078,57.4
2020-10-12,71.3,78.8,64.4,999.9,6.2,7.3,11.7,293.7100911317595,31.197875,121.336319,3.04,66.96662448481474,11.270680137696733,27.33591387880204,-0.9778483415056567,0.9943497193247306,31.197875,973.307404515625,0.9996381607177243,1.3962446919730587,-2834.147463702414,4654.704350319257,3300.1479610932843,89.99288237460244,296.565051177078,58.0
2020-10-13,69.5,75.2,62.6,999.9,6.2,7.7,13.6,309.43816613438446,31.197875,121.336319,3.04,65.09695403361596,11.239761847530811,27.13279281547572,-0.9741004551724206,0.9943497193247306,31.197875,973.307404515625,0.9996381607177243,1.3962446919730587,-2834.147463702414,4654.704350319257,3300.1479610932843,89.99288237460244,296.565051177078,53.9
2020-10-14,70.9,75.2,68.0,999.9,6.2,9.9,13.6,276.4708558469385,31.197875,121.336319,3.04,66.22648361190052,11.208995815836477,26.930382849909172,-0.970063921851507,0.9943497193247306,31.197875,973.307404515625,0.9996381607177243,1.3962446919730587,-2834.147463702414,4654.704350319257,3300.1479610932843,89.99288237460244,296.565051177078,53.3
2020-10-15,65.4,71.6,60.8,999.9,6.2,7.7,13.6,-125.23423860887016,31.197875,121.336319,3.04,60.92222336558485,11.178389608364192,26.72877188293845,-0.965739937654855,0.9943497193247306,31.197875,973.307404515625,0.9996381607177243,1.3962446919730587,-2834.147463702414,4654.704350319257,3300.1479610932843,89.99288237460244,296.565051177078,55.4
2020-10-16,60.0,62.6,55.4,999.9,6.1,7.1,11.7,-124.29037401865529,31.197875,121.336319,3.04,55.739754599921284,11.147950919984257,26.528047846115758,-0.9611297838723007,0.9943497193247306,31.197875,973.307404515625,0.9996381607177243,1.3962446919730587,-2834.147463702414,4654.704350319257,3300.1479610932843,89.99288237460244,296.565051177078,56.4
2020-10-17,65.6,71.6,59.0,999.9,6.2,7.3,13.6,-333.0823058860815,31.197875,121.336319,3.04,60.776692087659185,11.117687577010827,26.328298628357206,-0.9562348265919058,0.9943497193247306,31.197875,973.307404515625,0.9996381607177243,1.3962446919730587,-2834.147463702414,4654.704350319257,3300.1479610932843,89.99288237460244,296.565051177078,52.8
2020-10-18,66.2,71.6,59.0,999.9,6.2,6.4,11.7,-522.278718774642,31.197875,121.336319,3.04,61.166634924357716,11.087607539158498,26.129612003073298,-0.9510565162951536,0.9943497193247306,31.197875,973.307404515625,0.9996381607177243,1.3962446919730587,-2834.147463702414,4654.704350319257,3300.1479610932843,89.99288237460244,296.565051177078,49.8
2020-10-19,64.4,71.6,55.4,999.9,6.2,6.2,9.7,286.7566313809344,31.197875,121.336319,3.04,59.343091435978195,11.057718901113947,25.93207555591226,-0.9455963874271428,0.9943497193247306,31.197875,973.307404515625,0.9996381607177243,1.3962446919730587,-2834.147463702414,4654.704350319257,3300.1479610932843,89.99288237460244,296.565051177078,51.0
2020-10-20,67.7,73.4,64.4,999.9,6.2,4.9,9.7,-693.8106642876567,31.197875,121.336319,3.04,62.21646865031917,11.028029893705023,25.735776613244,-0.9398560579418953,0.9943497193247306,31.197875,973.307404515625,0.9996381607177243,1.3962446919730587,-2834.147463702414,4654.704350319257,3300.1479610932843,89.99288237460244,296.565051177078,54.2
2020-10-21,63.1,66.2,60.8,999.9,4.6,6.8,11.7,844.1776900784406,31.197875,121.336319,3.04,57.834036218450116,10.998548884649784,25.540802171509323,-0.9338372288229252,0.9943497193247306,31.197875,973.307404515625,0.9996381607177243,1.3962446919730587,-2834.147463702414,4654.704350319257,3300.1479610932843,89.99288237460244,296.565051177078,57.5
2020-10-22,62.9,71.6,55.4,999.9,4.9,9.1,13.6,526.4164691809688,31.197875,121.336319,3.04,57.49733228590038,10.969284378868117,25.347238827555177,-0.9275416835791965,0.9943497193247306,31.197875,973.307404515625,0.9996381607177243,1.3962446919730587,-2834.147463702414,4654.704350319257,3300.1479610932843,89.99288237460244,296.565051177078,51.1
2020-10-23,60.4,69.8,50.0,999.9,6.2,9.2,15.5,597.6981577415523,31.197875,121.336319,3.04,55.065899925638284,10.940245018338732,25.1551727100736,-0.9209712877166347,0.9943497193247306,31.197875,973.307404515625,0.9996381607177243,1.3962446919730587,-2834.147463702414,4654.704350319257,3300.1479610932843,89.99288237460244,296.565051177078,42.4
2020-10-24,60.6,68.0,51.8,999.9,6.2,4.4,7.8,17.5,31.197875,121.336319,3.04,55.10276988649736,10.911439581484625,24.96468941225715,-0.9141279881853337,0.9943497193247306,31.197875,973.307404515625,0.9996381607177243,1.3962446919730587,-2834.147463702414,4654.704350319257,3300.1479610932843,89.99288237460244,296.565051177078,44.1
2020-10-25,64.1,71.6,57.2,999.9,6.2,5.5,9.7,725.553026582486,31.197875,121.336319,3.04,58.132701212560136,10.882876982070542,24.775873925779663,-0.9070138128026362,0.9943497193247306,31.197875,973.307404515625,0.9996381607177243,1.3962446919730587,-2834.147463702414,4654.704350319257,3300.1479610932843,89.99288237460244,296.565051177078,51.0
2020-10-26,67.6,75.2,62.6,999.9,6.2,6.6,9.7,-108.19147890537165,31.197875,121.336319,3.04,61.147389974126334,10.854566267596391,24.588810576206342,-0.8996308696522434,0.9943497193247306,31.197875,973.307404515625,0.9996381607177243,1.3962446919730587,-2834.147463702414,4654.704350319257,3300.1479610932843,89.99288237460244,296.565051177078,57.2
2020-10-27,67.0,71.6,62.6,999.9,6.2,6.1,9.7,565.6228834479595,31.197875,121.336319,3.04,60.44805111253917,10.826516617171194,24.40358295993177,-0.8919813464595487,0.9943497193247306,31.197875,973.307404515625,0.9996381607177243,1.3962446919730587,-2834.147463702414,4654.704350319257,3300.1479610932843,89.99288237460244,296.565051177078,56.8
2020-10-28,66.7,69.8,64.4,999.9,6.2,7.4,11.7,-519.7460985573535,31.197875,121.336319,3.04,60.02298170845715,10.79873733885286,24.220273882739605,-0.8840675099433637,0.9943497193247306,31.197875,973.307404515625,0.9996381607177243,1.3962446919730587,-2834.147463702414,4654.704350319257,3300.1479610932843,89.99288237460244,296.565051177078,57.0
2020-10-29,63.4,71.6,55.4,999.9,6.2,6.0,9.7,-1069.593159394979,31.197875,121.336319,3.04,56.90804006102405,10.771237866439884,24.03896530007163,-0.8758917051442433,0.9943497193247306,31.197875,973.307404515625,0.9996381607177243,1.3962446919730587,-2834.147463702414,4654.704350319257,3300.1479610932843,89.99288237460244,296.565051177078,50.5
2020-10-30,62.7,71.6,55.4,999.9,6.2,6.2,11.7,442.16143329414723,31.197875,121.336319,3.04,56.13754502354313,10.744027755702035,23.85973825908817,-0.8674563547295971,0.9943497193247306,31.197875,973.307404515625,0.9996381607177243,1.3962446919730587,-2834.147463702414,4654.704350319257,3300.1479610932843,89.99288237460244,296.565051177078,47.8
2020-10-31,66.4,73.4,62.6,999.9,6.2,5.3,9.7,-758.2398109462019,31.197875,121.336319,3.04,59.301378962878054,10.717116680038203,23.682672842595863,-0.858763958275803,0.9943497193247306,31.197875,973.307404515625,0.9996381607177243,1.3962446919730587,-2834.147463702414,4654.704350319257,3300.1479610932843,89.99288237460244,296.565051177078,52.6
2020-11-01,66.6,73.4,60.8,999.9,5.6,4.9,7.8,1235.6399635907583,31.197875,121.336319,3.04,59.33235506180653,10.690514425550727,23.50784811491196,-0.8498170915275277,0.9943497193247306,31.197875,973.307404515625,0.9996381607177243,1.3962446919730587,-2834.147463702414,4654.704350319257,3300.1479610932843,89.99288237460244,296.565051177078,58.9
2020-11-02,64.0,73.4,57.2,999.9,5.2,7.4,13.6,264.0972873625452,31.197875,121.336319,3.04,56.87589805614385,10.664230885526973,23.335342069728377,-0.8406184056344783,0.9943497193247306,31.197875,973.307404515625,0.9996381607177243,1.3962446919730587,-2834.147463702414,4654.704350319257,3300.1479610932843,89.99288237460244,296.565051177078,53.6
2020-11-03,58.8,66.2,53.6,999.9,6.2,10.0,15.5,391.1655379762513,31.197875,121.336319,3.04,52.12755266616958,10.638276054320322,23.165231580031374,-0.8311706263658079,0.9943497193247306,31.197875,973.307404515625,0.9996381607177243,1.3962446919730587,-2834.147463702414,4654.704350319257,3300.1479610932843,89.99288237460244,296.565051177078,39.1
2020-11-04,60.2,66.2,55.4,999.9,6.2,5.5,7.8,-355.8090116254955,31.197875,121.336319,3.04,53.240177770132796,10.612660020624476,22.99759235012612,-0.8214765533024145,0.9943497193247306,31.197875,973.307404515625,0.9996381607177243,1.3962446919730587,-2834.147463702414,4654.704350319257,3300.1479610932843,89.99288237460244,296.565051177078,43.2
2020-11-05,64.3,69.8,59.0,999.9,6.2,7.4,13.6,263.1448167262544,31.197875,121.336319,3.04,56.73078061139907,10.587392960136684,22.832498869808262,-0.8115390590073611,0.9943497193247306,31.197875,973.307404515625,0.9996381607177243,1.3962446919730587,-2834.147463702414,4654.704350319257,3300.1479610932843,89.99288237460244,296.565051177078,54.1
2020-11-06,68.4,78.8,60.8,999.9,5.8,4.6,9.7,15.5,31.197875,121.336319,3.04,60.20616522736241,10.56248512760744,22.670024370717268,-0.801361088174677,0.9943497193247306,31.197875,973.307404515625,0.9996381607177243,1.3962446919730587,-2834.147463702414,4654.704350319257,3300.1479610932843,89.99288237460244,296.565051177078,55.6
2020-11-07,67.0,77.0,55.4,999.9,5.6,6.3,11.7,-902.2362868828317,31.197875,121.336319,3.04,58.836869902876096,10.537946848276317,22.51024078489899,-0.7909456567567774,0.9943497193247306,31.197875,973.307404515625,0.9996381607177243,1.3962446919730587,-2834.147463702414,4654.704350319257,3300.1479610932843,89.99288237460244,296.565051177078,46.6
2020-11-08,62.1,71.6,53.6,999.9,5.7,8.0,13.6,550.2379436102813,31.197875,121.336319,3.04,54.408855532500425,10.513788508695734,22.353218705597687,-0.780295851070776,0.9943497193247306,31.197875,973.307404515625,0.9996381607177243,1.3962446919730587,-2834.147463702414,4654.704350319257,3300.1479610932843,89.99288237460244,296.565051177078,42.9
2020-11-09,59.2,66.2,50.0,999.9,6.2,4.6,9.7,-497.0569664022879,31.197875,121.336319,3.04,51.75076803160437,10.490020546946832,22.199027350289686,-0.7694148268839381,0.9943497193247306,31.197875,973.307404515625,0.9996381607177243,1.3962446919730587,-2834.147463702414,4654.704350319257,3300.1479610932843,89.99288237460244,296.565051177078,42.4
2020-11-10,59.7,68.0,50.0,999.9,6.2,3.9,7.8,291.52966327077803,31.197875,121.336319,3.04,52.07160087521418,10.466653442254106,22.047734525964092,-0.7583058084785625,0.9943497193247306,31.197875,973.307404515625,0.9996381607177243,1.3962446919730587,-2834.147463702414,4654.704350319257,3300.1479610932843,89.99288237460244,296.565051177078,42.6
2020-11-11,60.0,68.0,51.8,999.9,6.2,4.7,9.7,-390.6701394388142,31.197875,121.336319,3.04,52.21848852004008,10.443697704008017,21.899406596647598,-0.7469720876965551,0.9943497193247306,31.197875,973.307404515625,0.9996381607177243,1.3962446919730587,-2834.147463702414,4654.704350319257,3300.1479610932843,89.99288237460244,296.565051177078,46.2
2020-11-12,62.8,71.6,53.6,999.9,6.2,5.3,9.7,-782.9212766144202,31.197875,121.336319,3.04,54.53742420175259,10.421163860207502,21.754108453163663,-0.7354170229639858,0.9943497193247306,31.197875,973.307404515625,0.9996381607177243,1.3962446919730587,-2834.147463702414,4654.704350319257,3300.1479610932843,89.99288237460244,296.565051177078,49.2
2020-11-13,60.9,68.0,51.8,999.9,6.2,6.0,9.7,-8.557353557099063,31.197875,121.336319,3.04,52.775241910085896,10.399062445337123,21.611903485108144,-0.7236440382959124,0.9943497193247306,31.197875,973.307404515625,0.9996381607177243,1.3962446919730587,-2834.147463702414,4654.704350319257,3300.1479610932843,89.99288237460244,296.565051177078,49.3
2020-11-14,62.3,69.8,55.4,999.9,5.4,5.7,11.7,19.4,31.197875,121.336319,3.04,53.8760223694575,10.37740398769647,21.4728535550164,-0.711656622281775,0.9943497193247306,31.197875,973.307404515625,0.9996381607177243,1.3962446919730587,-2834.147463702414,4654.704350319257,3300.1479610932843,89.99288237460244,296.565051177078,53.9
2020-11-15,65.5,73.4,59.0,999.9,5.5,6.1,9.7,-498.0642860624336,31.197875,121.336319,3.04,56.527586187604825,10.35619899620241,21.337018974689844,-0.6994583270516471,0.9943497193247306,31.197875,973.307404515625,0.9996381607177243,1.3962446919730587,-2834.147463702414,4654.704350319257,3300.1479610932843,89.99288237460244,296.565051177078,57.4
2020-11-16,67.6,71.6,66.2,999.9,5.8,7.9,11.7,346.90549093088185,31.197875,121.336319,3.04,58.22307976634129,10.335457946687805,21.204458483641908,-0.6870527672236675,0.9943497193247306,31.197875,973.307404515625,0.9996381607177243,1.3962446919730587,-2834.147463702414,4654.704350319257,3300.1479610932843,89.99288237460244,296.565051177078,62.0
2020-11-17,71.4,77.0,68.0,999.9,6.1,11.9,15.5,-360.30607963090125,31.197875,121.336319,3.04,61.37538804295403,10.315191267723366,21.075229229617282,-0.6744436188329457,0.9943497193247306,31.197875,973.307404515625,0.9996381607177243,1.3962446919730587,-2834.147463702414,4654.704350319257,3300.1479610932843,89.99288237460244,296.565051177078,65.0
2020-11-18,75.3,84.2,68.0,999.9,6.2,11.5,17.5,-192.10117639144687,31.197875,121.336319,3.04,64.6036935206026,10.295409325992447,20.94938675113082,-0.661634618242279,0.9943497193247306,31.197875,973.307404515625,0.9996381607177243,1.3962446919730587,-2834.147463702414,4654.704350319257,3300.1479610932843,89.99288237460244,296.565051177078,65.8
2020-11-19,64.6,71.6,57.2,999.9,5.4,8.8,13.6,112.34898791396165,31.197875,121.336319,3.04,55.31979231390448,10.276122411251606,20.826984961966193,-0.6486295610349818,0.9943497193247306,31.197875,973.307404515625,0.9996381607177243,1.3962446919730587,-2834.147463702414,4654.704350319257,3300.1479610932843,89.99288237460244,296.565051177078,55.0
2020-11-20,58.4,60.8,57.2,999.9,5.6,10.0,15.5,-281.96953812823983,31.197875,121.336319,3.04,49.91905817510975,10.257340720912962,20.70807613756813,-0.6354323008901775,0.9943497193247306,31.197875,973.307404515625,0.9996381607177243,1.3962446919730587,-2834.147463702414,4654.704350319257,3300.1479610932843,89.99288237460244,296.565051177078,49.5
2020-11-21,62.2,64.4,57.2,999.9,5.8,7.7,15.5,-143.12455608189242,31.197875,121.336319,3.04,53.072535351222086,10.23907434428722,20.592710903255753,-0.622046748440868,0.9943497193247306,31.197875,973.307404515625,0.9996381607177243,1.3962446919730587,-2834.147463702414,4654.704350319257,3300.1479610932843,89.99288237460244,296.565051177078,56.0
2020-11-22,53.1,55.4,50.0,999.9,6.0,12.0,15.5,506.23375068601695,31.197875,121.336319,3.04,45.229399615892525,10.221333246529383,20.48093822417909,-0.6084768701151264,0.9943497193247306,31.197875,973.307404515625,0.9996381607177243,1.3962446919730587,-2834.147463702414,4654.704350319257,3300.1479610932843,89.99288237460244,296.565051177078,48.4
2020-11-23,51.0,55.4,48.2,999.9,6.0,9.0,11.7,-475.1246493375366,31.197875,121.336319,3.04,43.36754082241089,10.204127252331974,20.37280539693555,-0.594726686960764,0.9943497193247306,31.197875,973.307404515625,0.9996381607177243,1.3962446919730587,-2834.147463702414,4654.704350319257,3300.1479610932843,89.99288237460244,296.565051177078,44.2
2020-11-24,51.4,53.6,48.2,999.9,3.8,7.1,9.7,-730.764175782349,31.197875,121.336319,3.04,43.636312825986806,10.187466029413262,20.26835804275781,-0.5808002734538013,0.9943497193247306,31.197875,973.307404515625,0.9996381607177243,1.3962446919730587,-2834.147463702414,4654.704350319257,3300.1479610932843,89.99288237460244,296.565051177078,50.5
2020-11-25,56.6,59.0,53.6,999.9,4.0,5.7,7.8,-224.82689200284005,31.197875,121.336319,3.04,47.97491028889614,10.171359071850771,20.167640102180687,-0.5667017562911184,0.9943497193247306,31.197875,973.307404515625,0.9996381607177243,1.3962446919730587,-2834.147463702414,4654.704350319257,3300.1479610932843,89.99288237460244,296.565051177078,56.0
2020-11-26,54.6,57.2,53.6,999.9,3.4,7.7,11.7,-84.02242094289477,31.197875,121.336319,3.04,46.20896135907242,10.15581568331262,20.07069383108999,-0.5524353131676203,0.9943497193247306,31.197875,973.307404515625,0.9996381607177243,1.3962446919730587,-2834.147463702414,4654.704350319257,3300.1479610932843,89.99288237460244,296.565051177078,53.8
2020-11-27,50.7,53.6,44.6,999.9,5.1,11.0,13.6,78.78977306434408,31.197875,121.336319,3.04,42.845069957020584,10.140844960241557,19.977559798052976,-0.5380051715382992,0.9943497193247306,31.197875,973.307404515625,0.9996381607177243,1.3962446919730587,-2834.147463702414,4654.704350319257,3300.1479610932843,89.99288237460244,296.565051177078,45.8
2020-11-28,48.7,53.6,42.8,999.9,6.2,9.4,13.6,-154.00946906784503,31.197875,121.336319,3.04,41.09653302040561,10.126455775048608,19.888276882827164,-0.5234156073655503,0.9943497193247306,31.197875,973.307404515625,0.9996381607177243,1.3962446919730587,-2834.147463702414,4654.704350319257,3300.1479610932843,89.99288237460244,296.565051177078,37.9
2020-11-29,48.2,53.6,44.6,999.9,6.2,7.4,11.7,451.18670363901396,31.197875,121.336319,3.04,40.61917131682253,10.112656759374904,19.8028822759414,-0.5086709438521042,0.9943497193247306,31.197875,973.307404515625,0.9996381607177243,1.3962446919730587,-2834.147463702414,4654.704350319257,3300.1479610932843,89.99288237460244,296.565051177078,35.9
2020-11-30,49.5,57.2,44.6,999.9,5.7,8.7,13.6,-924.508374779812,31.197875,121.336319,3.04,41.66025718586259,10.099456287481841,19.721411479241485,-0.49377555015997737,0.9943497193247306,31.197875,973.307404515625,0.9996381607177243,1.3962446919730587,-2834.147463702414,4654.704350319257,3300.1479610932843,89.99288237460244,296.565051177078,38.9
2020-12-01,54.4,59.0,50.0,999.9,6.2,6.7,11.7,-73.84060030634706,31.197875,121.336319,3.04,45.72710981790004,10.086862459830893,19.643898307291074,-0.4787338401157883,0.9943497193247306,31.197875,973.307404515625,0.9996381607177243,1.3962446919730587,-2834.147463702414,4654.704350319257,3300.1479610932843,89.99288237460244,296.565051177078,41.1
2020-12-02,51.6,55.4,46.4,999.9,6.1,9.6,13.6,-139.93921714967456,31.197875,121.336319,3.04,43.321997273735406,10.07488308691521,19.5703748895178,-0.4635502709028512,0.9943497193247306,31.197875,973.307404515625,0.9996381607177243,1.3962446919730587,-2834.147463702414,4654.704350319257,3300.1479610932843,89.99288237460244,296.565051177078,42.8
2020-12-03,45.6,53.6,39.2,999.9,5.2,12.2,17.5,228.63193824682878,31.197875,121.336319,3.04,38.241397558941884,10.063525673405758,19.500871672994673,-0.4482293417404106,0.9943497193247306,31.197875,973.307404515625,0.9996381607177243,1.3962446919730587,-2834.147463702414,4654.704350319257,3300.1479610932843,89.99288237460244,296.565051177078,35.5
2020-12-04,44.2,50.0,39.2,999.9,6.2,7.8,11.7,1000.5434616194659,31.197875,121.336319,3.04,37.02780376651899,10.05279740267484,19.435417425746856,-0.4327755925504317,0.9943497193247306,31.197875,973.307404515625,0.9996381607177243,1.3962446919730587,-2834.147463702414,4654.704350319257,3300.1479610932843,89.99288237460244,296.565051177078,33.9
2020-12-05,47.9,51.8,44.6,999.9,6.2,4.6,9.7,29.810074112990634,31.197875,121.336319,3.04,40.08713127769081,10.042705121759703,19.374039240475593,-0.41719360261231697,0.9943497193247306,31.197875,973.307404515625,0.9996381607177243,1.3962446919730587,-2834.147463702414,4654.704350319257,3300.1479610932843,89.99288237460244,296.565051177078,36.1
2020-12-06,54.6,59.0,50.0,999.9,6.2,4.9,7.8,1207.77790941451,31.197875,121.336319,3.04,45.651311737068774,10.033255326828302,19.31676253859204,-0.4014879892059737,0.9943497193247306,31.197875,973.307404515625,0.9996381607177243,1.3962446919730587,-2834.147463702414,4654.704350319257,3300.1479610932843,89.99288237460244,296.565051177078,42.9
2020-12-07,51.9,59.0,48.2,999.9,5.2,9.2,13.6,-257.9472336979334,31.197875,121.336319,3.04,43.355764195326216,10.024454149208374,19.263611074456918,-0.38566340624360745,0.9943497193247306,31.197875,973.307404515625,0.9996381607177243,1.3962446919730587,-2834.147463702414,4654.704350319257,3300.1479610932843,89.99288237460244,296.565051177078,43.9
2020-12-08,47.5,51.8,41.0,999.9,6.2,7.7,11.7,-985.030692893327,31.197875,121.336319,3.04,39.64788322890658,10.016307342039557,19.214606939724288,-0.3697245428906732,0.9943497193247306,31.197875,973.307404515625,0.9996381607177243,1.3962446919730587,-2834.147463702414,4654.704350319257,3300.1479610932843,89.99288237460244,296.565051177078,37.0
2020-12-09,55.0,59.0,48.2,999.9,6.2,4.9,7.8,-507.80202358117833,31.197875,121.336319,3.04,45.87375955986337,10.008820267606554,19.169770567691735,-0.3536761221763721,0.9943497193247306,31.197875,973.307404515625,0.9996381607177243,1.3962446919730587,-2834.147463702414,4654.704350319257,3300.1479610932843,89.99288237460244,296.565051177078,43.4
2020-12-10,52.2,57.2,50.0,999.9,3.1,6.3,9.7,-127.22445878507574,31.197875,121.336319,3.04,43.508690801529895,10.001997885409171,19.129120737563152,-0.33752289959411347,0.9943497193247306,31.197875,973.307404515625,0.9996381607177243,1.3962446919730587,-2834.147463702414,4654.704350319257,3300.1479610932843,89.99288237460244,296.565051177078,46.1
2020-12-11,48.4,51.8,41.0,999.9,2.6,6.6,9.7,-240.3325202864628,31.197875,121.336319,3.04,40.316573788790826,9.99584474102252,19.092674578535348,-0.32126966169236515,0.9943497193247306,31.197875,973.307404515625,0.9996381607177243,1.3962446919730587,-2834.147463702414,4654.704350319257,3300.1479610932843,89.99288237460244,296.565051177078,42.9
2020-12-12,46.6,53.6,39.2,999.9,2.6,3.8,11.7,-679.3219896345374,31.197875,121.336319,3.04,38.795917245014515,9.990364955797729,19.06044757362494,-0.3049212246562894,0.9943497193247306,31.197875,973.307404515625,0.9996381607177243,1.3962446919730587,-2834.147463702414,4654.704350319257,3300.1479610932843,89.99288237460244,296.565051177078,35.9
2020-12-13,45.5,57.2,35.6,999.9,4.3,13.4,21.4,-61.343657847889716,31.197875,121.336319,3.04,37.861923407832265,9.985562217450267,19.03245356315792,-0.2884824328806098,0.9943497193247306,31.197875,973.307404515625,0.9996381607177243,1.3962446919730587,-2834.147463702414,4654.704350319257,3300.1479610932843,89.99288237460244,296.565051177078,34.8
2020-12-14,37.5,42.8,32.0,999.9,6.2,11.7,15.5,-201.58376299322973,31.197875,121.336319,3.04,31.191999286185297,9.981439771579295,19.00870474785042,-0.27195815753410524,0.9943497193247306,31.197875,973.307404515625,0.9996381607177243,1.3962446919730587,-2834.147463702414,4654.704350319257,3300.1479610932843,89.99288237460244,296.565051177078,22.9
2020-12-15,38.3,44.6,33.8,999.9,6.2,8.8,11.7,-606.4313815181514,31.197875,121.336319,3.04,31.846451321852815,9.97800041415754,18.989211691416603,-0.2553532951161881,0.9943497193247306,31.197875,973.307404515625,0.9996381607177243,1.3962446919730587,-2834.147463702414,4654.704350319257,3300.1479610932843,89.99288237460244,296.565051177078,21.5
2020-12-16,39.4,46.4,35.6,999.9,6.2,8.3,11.7,-270.080923849177,31.197875,121.336319,3.04,32.752059292505216,9.97524648502697,18.97398332264617,-0.23867276600594997,0.9943497193247306,31.197875,973.307404515625,0.9996381607177243,1.3962446919730587,-2834.147463702414,4654.704350319257,3300.1479610932843,89.99288237460244,296.565051177078,21.6
2020-12-17,43.8,48.2,37.4,999.9,6.2,5.8,9.7,664.890597627844,31.197875,121.336319,3.04,36.40210649787293,9.973179862430941,18.963026936902082,-0.22192151300416674,0.9943497193247306,31.197875,973.307404515625,0.9996381607177243,1.3962446919730587,-2834.147463702414,4654.704350319257,3300.1479610932843,89.99288237460244,296.565051177078,30.8
2020-12-18,42.6,46.4,41.0,999.9,5.6,8.3,11.7,-260.57431596742106,31.197875,121.336319,3.04,35.39989695306136,9.971801958608832,18.956348196997073,-0.20510449986861926,0.9943497193247306,31.197875,973.307404515625,0.9996381607177243,1.3962446919730587,-2834.147463702414,4654.704350319257,3300.1479610932843,89.99288237460244,296.565051177078,30.9
2020-12-19,42.3,48.2,35.6,999.9,6.2,9.3,17.5,328.9185529194584,31.197875,121.336319,3.04,35.148175850571505,9.971113716474187,18.953951133415384,-0.1882267098432439,0.9943497193247306,31.197875,973.307404515625,0.9996381607177243,1.3962446919730587,-2834.147463702414,4654.704350319257,3300.1479610932843,89.99288237460244,296.565051177078,29.1
2020-12-20,40.7,48.2,32.0,999.9,6.2,4.9,9.7,168.65633416921983,31.197875,121.336319,3.04,33.81870043507207,9.971115607392255,18.95583814385521,-0.1712931441814778,0.9943497193247306,31.197875,973.307404515625,0.9996381607177243,1.3962446919730587,-2834.147463702414,4654.704350319257,3300.1479610932843,89.99288237460244,296.565051177078,28.0
2020-12-21,42.3,50.0,33.8,999.9,6.1,2.4,5.8,-87.70301190654087,31.197875,121.336319,3.04,35.15062189598836,9.97180763006762,18.96200999207553,-0.154308820664281,0.9943497193247306,31.197875,973.307404515625,0.9996381607177243,1.3962446919730587,-2834.147463702414,4654.704350319257,3300.1479610932843,89.99288237460244,296.565051177078,24.1
2020-12-22,47.0,55.4,39.2,999.9,6.1,3.9,9.7,-365.49372220346436,31.197875,121.336319,3.04,39.061658132976746,9.973189310547253,18.972465806040066,-0.13727877211326517,0.9943497193247306,31.197875,973.307404515625,0.9996381607177243,1.3962446919730587,-2834.147463702414,4654.704350319257,3300.1479610932843,89.99288237460244,296.565051177078,33.6
2020-12-23,50.7,55.4,44.6,999.9,5.5,5.7,7.8,-165.8932600562191,31.197875,121.336319,3.04,42.14547224660727,9.975259703338999,18.98720307535989,-0.12020804489935275,0.9943497193247306,31.197875,973.307404515625,0.9996381607177243,1.3962446919730587,-2834.147463702414,4654.704350319257,3300.1479610932843,89.99288237460244,296.565051177078,41.7
2020-12-24,45.8,55.4,35.6,999.9,4.9,6.9,15.5,148.0190867794183,31.197875,121.336319,3.04,38.08276638572629,9.978017393640076,19.006217648045045,-0.10310169744743544,0.9943497193247306,31.197875,973.307404515625,0.9996381607177243,1.3962446919730587,-2834.147463702414,4654.704350319257,3300.1479610932843,89.99288237460244,296.565051177078,35.7
2020-12-25,47.4,53.6,41.0,999.9,6.2,5.8,9.7,-190.077164080475,31.197875,121.336319,3.04,39.42676897762649,9.981460500664934,19.029503726584416,-0.0859647987374467,0.9943497193247306,31.197875,973.307404515625,0.9996381607177243,1.3962446919730587,-2834.147463702414,4654.704350319257,3300.1479610932843,89.99288237460244,296.565051177078,29.7
2020-12-26,52.1,55.4,48.2,999.9,5.8,7.1,13.6,-403.24737815425607,31.197875,121.336319,3.04,43.35408884459532,9.985586682056502,19.057053863381718,-0.06880242680232064,0.9943497193247306,31.197875,973.307404515625,0.9996381607177243,1.3962446919730587,-2834.147463702414,4654.704350319257,3300.1479610932843,89.99288237460244,296.565051177078,44.8
2020-12-27,49.6,57.2,39.2,999.9,2.5,3.8,7.8,-627.0082447016422,31.197875,121.336319,3.04,41.293624976020396,9.990393139359773,19.088858955584172,-0.05161966722325418,0.9943497193247306,31.197875,973.307404515625,0.9996381607177243,1.3962446919730587,-2834.147463702414,4654.704350319257,3300.1479610932843,89.99288237460244,296.565051177078,44.9
2020-12-28,55.8,60.8,46.4,999.9,5.1,5.8,9.7,647.2274010256385,31.197875,121.336319,3.04,46.48082630407271,9.995876624531766,19.12490823934853,-0.034421611622745804,0.9943497193247306,31.197875,973.307404515625,0.9996381607177243,1.3962446919730587,-2834.147463702414,4654.704350319257,3300.1479610932843,89.99288237460244,296.565051177078,48.0
2020-12-29,41.8,62.6,24.8,999.9,5.7,15.2,27.2,40.8,31.197875,121.336319,3.04,34.840416508642015,10.002033447457038,19.16518928359747,-0.01721335615583528,0.9943497193247306,31.197875,973.307404515625,0.9996381607177243,1.3962446919730587,-2834.147463702414,4654.704350319257,3300.1479610932843,89.99288237460244,296.565051177078,36.2
2020-12-30,24.4,28.4,21.2,999.9,6.2,16.5,25.3,33.0,31.197875,121.336319,3.04,20.351347618348235,10.00885948443356,19.209687983326774,6.432490598706546e-16,0.9943497193247306,31.197875,973.307404515625,0.9996381607177243,1.3962446919730587,-2834.147463702414,4654.704350319257,3300.1479610932843,89.99288237460244,296.565051177078,4.8
2020-12-31,29.0,33.8,23.0,999.9,6.2,7.7,13.6,-60.34665335378824,31.197875,121.336319,3.04,24.206179620007653,10.016350187589374,19.25838855253157,0.017213356155833904,0.9943497193247306,31.197875,973.307404515625,0.9996381607177243,1.3962446919730587,-2834.147463702414,4654.704350319257,3300.1479610932843,89.99288237460244,296.565051177078,10.0
2021-01-01,33.0,41.0,24.8,999.9,6.2,3.4,7.8,184.52398570667629,31.197875,121.336319,3.04,27.544963015870778,10.016350187589374,19.25838855253157,0.017213356155834685,0.9943497193247306,31.197875,973.307404515625,0.9996381607177243,1.3962446919730587,-2834.147463702414,4654.704350319257,3300.1479610932843,89.99288237460244,296.565051177078,15.3
2021-01-02,38.1,46.4,32.0,999.9,5.4,4.2,9.7,2.310672713666065,31.197875,121.336319,3.04,31.82778938971752,10.02450059518662,19.311273516826205,0.03442161162274574,0.9943497193247306,31.197875,973.307404515625,0.9996381607177243,1.3962446919730587,-2834.147463702414,4654.704350319257,3300.1479610932843,89.99288237460244,296.565051177078,25.5
2021-01-03,47.5,51.8,41.0,999.9,6.1,7.0,13.6,19.4,31.197875,121.336319,3.04,39.7151669817813,10.033305342765804,19.36832370583962,0.051619667223253764,0.9943497193247306,31.197875,973.307404515625,0.9996381607177243,1.3962446919730587,-2834.147463702414,4654.704350319257,3300.1479610932843,89.99288237460244,296.565051177078,36.9
2021-01-04,49.6,57.2,46.4,999.9,5.9,7.4,9.7,626.9970348651123,31.197875,121.336319,3.04,41.51006919033044,10.042758675079945,19.429518245473343,0.06880242680231986,0.9943497193247306,31.197875,973.307404515625,0.9996381607177243,1.3962446919730587,-2834.147463702414,4654.704350319257,3300.1479610932843,89.99288237460244,296.565051177078,42.0
2021-01-05,42.5,48.2,37.4,999.9,5.8,11.1,15.5,86.14139342937293,31.197875,121.336319,3.04,35.6038595414604,10.052854458765289,19.494834550115293,0.08596479873744647,0.9943497193247306,31.197875,973.307404515625,0.9996381607177243,1.3962446919730587,-2834.147463702414,4654.704350319257,3300.1479610932843,89.99288237460244,296.565051177078,32.4
2021-01-06,36.8,41.0,24.8,999.9,6.2,11.6,19.4,2.6080624779788124,31.197875,121.336319,3.04,30.861664333457846,10.063586195692777,19.56424831490725,0.10310169744743485,0.9943497193247306,31.197875,973.307404515625,0.9996381607177243,1.3962446919730587,-2834.147463702414,4654.704350319257,3300.1479610932843,89.99288237460244,296.565051177078,22.5
2021-01-07,21.6,24.8,19.4,999.9,6.2,14.5,19.4,25.3,31.197875,121.336319,3.04,18.134904666495984,10.074947036942213,19.637733508168203,0.1202080448993527,0.9943497193247306,31.197875,973.307404515625,0.9996381607177243,1.3962446919730587,-2834.147463702414,4654.704350319257,3300.1479610932843,89.99288237460244,296.565051177078,-2.4
2021-01-08,26.7,30.2,21.2,999.9,6.2,8.5,15.5,25.3,31.197875,121.336319,3.04,22.44341879908022,10.086929797339424,19.715262364079656,0.13727877211326478,0.9943497193247306,31.197875,973.307404515625,0.9996381607177243,1.3962446919730587,-2834.147463702414,4654.704350319257,3300.1479610932843,89.99288237460244,296.565051177078,2.8
2021-01-09,31.8,39.2,24.8,999.9,6.2,5.7,11.7,789.6225341742572,31.197875,121.336319,3.04,26.76374647181235,10.099526970495226,19.796805375742082,0.15430882066428117,0.9943497193247306,31.197875,973.307404515625,0.9996381607177243,1.3962446919730587,-2834.147463702414,4654.704350319257,3300.1479610932843,89.99288237460244,296.565051177078,6.8
2021-01-10,35.6,42.8,26.6,999.9,6.2,5.3,11.7,330.76559312840203,31.197875,121.336319,3.04,30.001101208042975,10.112730744284148,19.882331288714088,0.1712931441814776,0.9943497193247306,31.197875,973.307404515625,0.9996381607177243,1.3962446919730587,-2834.147463702414,4654.704350319257,3300.1479610932843,89.99288237460244,296.565051177078,12.6
2021-01-11,37.0,44.6,26.6,999.9,6.2,6.7,11.7,-636.2379043621656,31.197875,121.336319,3.04,31.22347680149226,10.126533016700193,19.971807095147962,0.1882267098432442,0.9943497193247306,31.197875,973.307404515625,0.9996381607177243,1.3962446919730587,-2834.147463702414,4654.704350319257,3300.1479610932843,89.99288237460244,296.565051177078,12.8
2021-01-12,39.8,48.2,32.0,999.9,6.2,6.6,11.7,-478.5599437960771,31.197875,121.336319,3.04,33.63406928322214,10.140925412026776,20.065198028636313,0.2051044998686192,0.9943497193247306,31.197875,973.307404515625,0.9996381607177243,1.3962446919730587,-2834.147463702414,4654.704350319257,3300.1479610932843,89.99288237460244,296.565051177078,14.3
2021-01-13,46.8,60.8,33.8,999.9,6.2,4.5,9.7,443.27146557202525,31.197875,121.336319,3.04,39.608007259306696,10.155899297258129,20.1624675598852,0.2219215130041655,0.9943497193247306,31.197875,973.307404515625,0.9996381607177243,1.3962446919730587,-2834.147463702414,4654.704350319257,3300.1479610932843,89.99288237460244,296.565051177078,22.6
2021-01-14,52.7,66.2,39.2,999.9,6.2,6.0,11.7,543.3078573052743,31.197875,121.336319,3.04,44.669599466001465,10.17144579871001,20.263577393329115,0.2386727660059501,0.9943497193247306,31.197875,973.307404515625,0.9996381607177243,1.3962446919730587,-2834.147463702414,4654.704350319257,3300.1479610932843,89.99288237460244,296.565051177078,33.0
2021-01-15,51.3,69.8,39.2,999.9,5.3,12.1,21.4,90.0929315811666,31.197875,121.336319,3.04,43.55180112519217,10.187555818758403,20.36848746480244,0.255353295116187,0.9943497193247306,31.197875,973.307404515625,0.9996381607177243,1.3962446919730587,-2834.147463702414,4654.704350319257,3300.1479610932843,89.99288237460244,296.565051177078,33.4
2021-01-16,38.0,44.6,32.0,999.9,6.2,12.5,15.5,96.20298027282945,31.197875,121.336319,3.04,32.313363500045945,10.204220052646088,20.47715594038083,0.2719581575341055,0.9943497193247306,31.197875,973.307404515625,0.9996381607177243,1.3962446919730587,-2834.147463702414,4654.704350319257,3300.1479610932843,89.99288237460244,296.565051177078,25.8
2021-01-17,36.8,44.6,28.4,999.9,6.2,5.1,9.7,196.5793125953826,31.197875,121.336319,3.04,31.34571561624875,10.221429005298505,20.589539216503955,0.288482432880609,0.9943497193247306,31.197875,973.307404515625,0.9996381607177243,1.3962446919730587,-2834.147463702414,4654.704350319257,3300.1479610932843,89.99288237460244,296.565051177078,18.9
2021-01-18,43.2,51.8,33.8,999.9,6.2,4.3,9.7,-66.60808423780551,31.197875,121.336319,3.04,36.86102282913116,10.239173008091988,20.705591921488796,0.30492122465628907,0.9943497193247306,31.197875,973.307404515625,0.9996381607177243,1.3962446919730587,-2834.147463702414,4654.704350319257,3300.1479610932843,89.99288237460244,296.565051177078,23.1
2021-01-19,46.3,53.6,41.0,999.9,6.0,10.2,15.5,274.21886134790134,31.197875,121.336319,3.04,39.57663129204635,10.257442235519573,20.825266918539374,0.3212696616923644,0.9943497193247306,31.197875,973.307404515625,0.9996381607177243,1.3962446919730587,-2834.147463702414,4654.704350319257,3300.1479610932843,89.99288237460244,296.565051177078,35.3
2021-01-20,53.3,59.0,46.4,999.9,6.1,9.0,17.5,-637.5544158013462,31.197875,121.336319,3.04,45.64357368889192,10.276226721701747,20.948515310355496,0.3375228995941133,0.9943497193247306,31.197875,973.307404515625,0.9996381607177243,1.3962446919730587,-2834.147463702414,4654.704350319257,3300.1479610932843,89.99288237460244,296.565051177078,48.1
2021-01-21,58.6,68.0,51.8,999.9,3.9,6.0,9.7,964.2953005781599,31.197875,121.336319,3.04,50.27643830617927,10.295516376692001,21.07528644543902,0.3536761221763716,0.9943497193247306,31.197875,973.307404515625,0.9996381607177243,1.3962446919730587,-2834.147463702414,4654.704350319257,3300.1479610932843,89.99288237460244,296.565051177078,53.9
2021-01-22,48.8,51.8,46.4,999.9,4.6,8.6,11.7,381.0003979307267,31.197875,121.336319,3.04,41.9488907436204,10.315301002529608,21.205527926191273,0.3697245428906731,0.9943497193247306,31.197875,973.307404515625,0.9996381607177243,1.3962446919730587,-2834.147463702414,4654.704350319257,3300.1479610932843,89.99288237460244,296.565051177078,47.2
2021-01-23,44.4,46.4,41.0,999.9,2.6,9.2,11.7,198.512363515835,31.197875,121.336319,3.04,38.24161014328083,10.33557030899482,21.33918561889088,0.38566340624360707,0.9943497193247306,31.197875,973.307404515625,0.9996381607177243,1.3962446919730587,-2834.147463702414,4654.704350319257,3300.1479610932843,89.99288237460244,296.565051177078,41.1
2021-01-24,48.7,51.8,42.8,999.9,4.2,5.5,9.7,-240.49001455983029,31.197875,121.336319,3.04,42.029374028624744,10.356313929024576,21.47620366563513,0.401487989205973,0.9943497193247306,31.197875,973.307404515625,0.9996381607177243,1.3962446919730587,-2834.147463702414,4654.704350319257,3300.1479610932843,89.99288237460244,296.565051177078,43.4
2021-01-25,54.1,60.8,48.2,999.9,5.5,5.9,9.7,-516.2698347847705,31.197875,121.336319,3.04,46.785325797155124,10.37752143374975,21.616524498322782,0.4171936026123168,0.9943497193247306,31.197875,973.307404515625,0.9996381607177243,1.3962446919730587,-2834.147463702414,4654.704350319257,3300.1479610932843,89.99288237460244,296.565051177078,47.0
2021-01-26,45.8,48.2,41.0,999.9,3.6,8.0,9.7,-106.9238345480999,31.197875,121.336319,3.04,39.6902126248337,10.399182347118,21.76008885474976,0.4327755925504312,0.9943497193247306,31.197875,973.307404515625,0.9996381607177243,1.3962446919730587,-2834.147463702414,4654.704350319257,3300.1479610932843,89.99288237460244,296.565051177078,43.7
2021-01-27,47.2,51.8,42.8,999.9,4.7,5.6,9.7,239.7558239771505,31.197875,121.336319,3.04,40.990392229606186,10.42128616006937,21.9068357968827,0.4482293417404106,0.9943497193247306,31.197875,973.307404515625,0.9996381607177243,1.3962446919730587,-2834.147463702414,4654.704350319257,3300.1479610932843,89.99288237460244,296.565051177078,36.9
2021-01-28,41.4,51.8,32.0,999.9,4.7,9.7,19.4,25.3,31.197875,121.336319,3.04,36.03118708761038,10.443822344234892,22.056702731368713,0.4635502709028509,0.9943497193247306,31.197875,973.307404515625,0.9996381607177243,1.3962446919730587,-2834.147463702414,4654.704350319257,3300.1479610932843,89.99288237460244,296.565051177078,29.4
2021-01-29,40.8,50.0,37.4,999.9,6.2,6.2,11.7,200.86419553638922,31.197875,121.336319,3.04,35.587053241447144,10.466780365131514,22.209625432332462,0.47873384011578846,0.9943497193247306,31.197875,973.307404515625,0.9996381607177243,1.3962446919730587,-2834.147463702414,4654.704350319257,3300.1479610932843,89.99288237460244,296.565051177078,23.4
2021-01-30,51.2,59.0,41.0,999.9,6.2,6.9,9.7,-144.24719725110586,31.197875,121.336319,3.04,44.757972031273546,10.490149694829737,22.365538066504538,0.49377555015997715,0.9943497193247306,31.197875,973.307404515625,0.9996381607177243,1.3962446919730587,-2834.147463702414,4654.704350319257,3300.1479610932843,89.99288237460244,296.565051177078,34.9
2021-01-31,54.4,59.0,48.2,999.9,6.1,4.6,7.8,168.57392696247214,31.197875,121.336319,3.04,47.663103202466175,10.51391982407342,22.524373220717678,0.5086709438521044,0.9943497193247306,31.197875,973.307404515625,0.9996381607177243,1.3962446919730587,-2834.147463702414,4654.704350319257,3300.1479610932843,89.99288237460244,296.565051177078,45.2
2021-02-01,47.8,51.8,42.8,999.9,4.1,5.7,13.6,499.9360334547646,31.197875,121.336319,3.04,41.97668642410594,10.538080273834128,22.686061931799657,0.5234156073655503,0.9943497193247306,31.197875,973.307404515625,0.9996381607177243,1.3962446919730587,-2834.147463702414,4654.704350319257,3300.1479610932843,89.99288237460244,296.565051177078,45.1
2021-02-02,45.4,53.6,41.0,999.9,6.2,6.8,9.7,-1026.1574218368548,31.197875,121.336319,3.04,39.96191462711275,10.562620606285309,22.85053371888396,0.5380051715382996,0.9943497193247306,31.197875,973.307404515625,0.9996381607177243,1.3962446919730587,-2834.147463702414,4654.704350319257,3300.1479610932843,89.99288237460244,296.565051177078,33.8
2021-02-03,49.6,59.0,42.8,999.9,6.0,8.3,15.5,-44.0826297845165,31.197875,121.336319,3.04,43.76179246542879,10.587530435184386,23.017716618151677,0.5524353131676196,0.9943497193247306,31.197875,973.307404515625,0.9996381607177243,1.3962446919730587,-2834.147463702414,4654.704350319257,3300.1479610932843,89.99288237460244,296.565051177078,40.3
2021-02-04,48.4,55.4,44.6,999.9,6.0,7.2,13.6,397.1858552253428,31.197875,121.336319,3.04,42.80495772380272,10.612799435653569,23.18753722000991,0.5667017562911176,0.9943497193247306,31.197875,973.307404515625,0.9996381607177243,1.3962446919730587,-2834.147463702414,4654.704350319257,3300.1479610932843,89.99288237460244,296.565051177078,34.3
2021-02-05,48.6,50.0,46.4,999.9,4.0,5.4,7.8,76.07717890265558,31.197875,121.336319,3.04,43.0855902810786,10.638417353352741,23.359920708704127,0.5808002734538009,0.9943497193247306,31.197875,973.307404515625,0.9996381607177243,1.3962446919730587,-2834.147463702414,4654.704350319257,3300.1479610932843,89.99288237460244,296.565051177078,45.1
2021-02-06,51.2,62.6,41.0,999.9,4.6,3.9,7.8,222.38741765110262,31.197875,121.336319,3.04,45.50132912230515,10.664374013040268,23.534790904354207,0.5947266869607634,0.9943497193247306,31.197875,973.307404515625,0.9996381607177243,1.3962446919730587,-2834.147463702414,4654.704350319257,3300.1479610932843,89.99288237460244,296.565051177078,42.9
2021-02-07,55.9,69.8,44.6,999.9,5.2,7.4,15.5,45.04361980203849,31.197875,121.336319,3.04,49.800654696038684,10.690659326519933,23.712070307395543,0.6084768701151261,0.9943497193247306,31.197875,973.307404515625,0.9996381607177243,1.3962446919730587,-2834.147463702414,4654.704350319257,3300.1479610932843,89.99288237460244,296.565051177078,39.0
2021-02-08,42.4,48.2,37.4,999.9,6.2,9.1,13.6,1311.505804212439,31.197875,121.336319,3.04,37.867663659909354,10.717263299974345,23.891680145399032,0.6220467484408675,0.9943497193247306,31.197875,973.307404515625,0.9996381607177243,1.3962446919730587,-2834.147463702414,4654.704350319257,3300.1479610932843,89.99288237460244,296.565051177078,30.0
2021-02-09,46.5,53.6,41.0,999.9,6.2,7.5,11.7,-842.4023782398108,31.197875,121.336319,3.04,41.63368215766336,10.744176040687318,24.073540422235986,0.6354323008901774,0.9943497193247306,31.197875,973.307404515625,0.9996381607177243,1.3962446919730587,-2834.147463702414,4654.704350319257,3300.1479610932843,89.99288237460244,296.565051177078,34.8
2021-02-10,51.4,55.4,46.4,999.9,6.2,6.5,9.7,4.063558499758011,31.197875,121.336319,3.04,46.137444252200076,10.77138776315955,24.257569969545965,0.6486295610349814,0.9943497193247306,31.197875,973.307404515625,0.9996381607177243,1.3962446919730587,-2834.147463702414,4654.704350319257,3300.1479610932843,89.99288237460244,296.565051177078,41.8
2021-02-13,53.8,57.2,50.0,999.9,5.7,4.7,5.8,-704.300393994026,31.197875,121.336319,3.04,48.665331075883635,10.8547206860707,24.821846110702953,0.6870527672236669,0.9943497193247306,31.197875,973.307404515625,0.9996381607177243,1.3962446919730587,-2834.147463702414,4654.704350319257,3300.1479610932843,89.99288237460244,296.565051177078,47.0
2021-02-14,59.0,68.0,51.8,999.9,5.6,7.0,11.7,-516.4638833735365,31.197875,121.336319,3.04,53.50824462740792,10.883032805574492,25.01371953760395,0.699458327051647,0.9943497193247306,31.197875,973.307404515625,0.9996381607177243,1.3962446919730587,-2834.147463702414,4654.704350319257,3300.1479610932843,89.99288237460244,296.565051177078,50.4
2021-02-15,45.2,53.6,39.2,999.9,5.8,8.2,15.5,-137.3010452097412,31.197875,121.336319,3.04,41.10034779631636,10.91159676008399,25.20734076545583,0.7116566222817746,0.9943497193247306,31.197875,973.307404515625,0.9996381607177243,1.3962446919730587,-2834.147463702414,4654.704350319257,3300.1479610932843,89.99288237460244,296.565051177078,35.0
2021-02-16,46.6,55.4,37.4,999.9,6.1,8.2,13.6,15.5,31.197875,121.336319,3.04,42.485233602643824,10.940403502826735,25.402622795166376,0.7236440382959124,0.9943497193247306,31.197875,973.307404515625,0.9996381607177243,1.3962446919730587,-2834.147463702414,4654.704350319257,3300.1479610932843,89.99288237460244,296.565051177078,31.8
2021-02-17,39.3,46.4,33.8,999.9,6.2,8.4,13.6,-524.0104827934688,31.197875,121.336319,3.04,35.924929495540226,10.969444120775643,25.599477875114125,0.7354170229639855,0.9943497193247306,31.197875,973.307404515625,0.9996381607177243,1.3962446919730587,-2834.147463702414,4654.704350319257,3300.1479610932843,89.99288237460244,296.565051177078,22.8
2021-02-18,41.7,50.0,35.6,999.9,6.2,6.6,15.5,986.8844727821919,31.197875,121.336319,3.04,38.22051668097841,10.998709836252779,25.797817568663724,0.7469720876965552,0.9943497193247306,31.197875,973.307404515625,0.9996381607177243,1.3962446919730587,-2834.147463702414,4654.704350319257,3300.1479610932843,89.99288237460244,296.565051177078,16.8
2021-02-19,56.6,66.2,42.8,999.9,6.2,9.1,11.7,886.2606132759133,31.197875,121.336319,3.04,52.01630563787095,11.028192008029176,25.997552823289187,0.7583058084785624,0.9943497193247306,31.197875,973.307404515625,0.9996381607177243,1.3962446919730587,-2834.147463702414,4654.704350319257,3300.1479610932843,89.99288237460244,296.565051177078,29.6
2021-02-21,53.6,57.2,50.0,999.9,6.2,2.2,3.9,-218.3793828581041,31.197875,121.336319,3.04,49.52538088983902,11.087771841008735,26.400851151332063,0.7802958510707755,0.9943497193247306,31.197875,973.307404515625,0.9996381607177243,1.3962446919730587,-2834.147463702414,4654.704350319257,3300.1479610932843,89.99288237460244,296.565051177078,43.8
2021-02-22,57.4,80.6,44.6,999.9,5.9,10.8,21.4,220.81389361057578,31.197875,121.336319,3.04,53.18039639637583,11.11785290516568,26.604233682657256,0.7909456567567772,0.9943497193247306,31.197875,973.307404515625,0.9996381607177243,1.3962446919730587,-2834.147463702414,4654.704350319257,3300.1479610932843,89.99288237460244,296.565051177078,41.2
2021-02-23,49.1,55.4,46.4,999.9,6.2,8.6,13.6,19.4,31.197875,121.336319,3.04,45.61437966798193,11.148117230464015,26.80865083856721,0.8013610881746766,0.9943497193247306,31.197875,973.307404515625,0.9996381607177243,1.3962446919730587,-2834.147463702414,4654.704350319257,3300.1479610932843,89.99288237460244,296.565051177078,36.8
2021-02-24,54.8,60.8,50.0,999.9,6.2,10.4,13.6,66.19512553982538,31.197875,121.336319,3.04,51.04874298452285,11.178556857924713,27.014011572324733,0.8115390590073611,0.9943497193247306,31.197875,973.307404515625,0.9996381607177243,1.3962446919730587,-2834.147463702414,4654.704350319257,3300.1479610932843,89.99288237460244,296.565051177078,46.1
2021-02-25,54.8,62.6,48.2,999.9,5.3,10.8,15.5,505.76005365755077,31.197875,121.336319,3.04,51.18851542628176,11.20916396195951,27.2202246633788,0.8214765533024142,0.9943497193247306,31.197875,973.307404515625,0.9996381607177243,1.3962446919730587,-2834.147463702414,4654.704350319257,3300.1479610932843,89.99288237460244,296.565051177078,52.0
2021-02-26,49.2,50.0,48.2,999.9,5.0,10.9,13.6,195.5662271275404,31.197875,121.336319,3.04,46.08371647849019,11.239930848412241,27.427198794431984,0.8311706263658079,0.9943497193247306,31.197875,973.307404515625,0.9996381607177243,1.3962446919730587,-2834.147463702414,4654.704350319257,3300.1479610932843,89.99288237460244,296.565051177078,45.5
2021-02-27,52.1,55.4,50.0,999.9,5.5,6.4,11.7,-1850.1982618765155,31.197875,121.336319,3.04,48.934273542611045,11.27084995223287,27.634842629119053,0.8406184056344782,0.9943497193247306,31.197875,973.307404515625,0.9996381607177243,1.3962446919730587,-2834.147463702414,4654.704350319257,3300.1479610932843,89.99288237460244,296.565051177078,49.1
2021-02-28,55.6,57.2,51.8,999.9,4.5,3.9,7.8,399.08539755556825,31.197875,121.336319,3.04,52.36553410124764,11.301913834801649,27.843064890155265,0.8498170915275278,0.9943497193247306,31.197875,973.307404515625,0.9996381607177243,1.3962446919730587,-2834.147463702414,4654.704350319257,3300.1479610932843,89.99288237460244,296.565051177078,53.7
2021-03-01,47.3,57.2,37.4,999.9,4.6,12.1,21.4,387.14356506370626,31.197875,121.336319,3.04,44.67136233812945,11.33311518092079,28.05177443781132,0.8587639582758029,0.9943497193247306,31.197875,973.307404515625,0.9996381607177243,1.3962446919730587,-2834.147463702414,4654.704350319257,3300.1479610932843,89.99288237460244,296.565051177078,44.8
2021-03-02,44.0,51.8,37.4,999.9,6.1,7.1,11.7,31.08051474418969,31.197875,121.336319,3.04,41.66963825013296,11.364446795490808,28.26088034856937,0.8674563547295969,0.9943497193247306,31.197875,973.307404515625,0.9996381607177243,1.3962446919730587,-2834.147463702414,4654.704350319257,3300.1479610932843,89.99288237460244,296.565051177078,32.7
2021-03-03,49.8,53.6,44.6,999.9,5.5,7.4,11.7,19.4,31.197875,121.336319,3.04,47.29299163953717,11.395901599888475,28.470291993813127,0.8758917051442429,0.9943497193247306,31.197875,973.307404515625,0.9996381607177243,1.3962446919730587,-2834.147463702414,4654.704350319257,3300.1479610932843,89.99288237460244,296.565051177078,41.7
2021-03-04,50.8,59.0,42.8,999.9,5.5,5.4,9.7,13.6,31.197875,121.336319,3.04,48.37630079213385,11.427472628063114,28.67991911840394,0.8840675099433636,0.9943497193247306,31.197875,973.307404515625,0.9996381607177243,1.3962446919730587,-2834.147463702414,4654.704350319257,3300.1479610932843,89.99288237460244,296.565051177078,44.4
2021-03-05,51.4,53.6,46.4,999.9,5.5,6.6,11.7,716.3951453407171,31.197875,121.336319,3.04,49.083372112474834,11.459153022367666,28.889671918993717,0.8919813464595485,0.9943497193247306,31.197875,973.307404515625,0.9996381607177243,1.3962446919730587,-2834.147463702414,4654.704350319257,3300.1479610932843,89.99288237460244,296.565051177078,46.2
2021-03-06,47.7,51.8,44.6,999.9,6.2,11.6,13.6,735.7914147244753,31.197875,121.336319,3.04,45.67647071583411,11.490936029140654,29.099461121925547,0.8996308696522433,0.9943497193247306,31.197875,973.307404515625,0.9996381607177243,1.3962446919730587,-2834.147463702414,4654.704350319257,3300.1479610932843,89.99288237460244,296.565051177078,44.1
2021-03-07,48.1,50.0,46.4,999.9,4.3,8.0,13.6,53.0080777855977,31.197875,121.336319,3.04,46.18728343450323,11.52281499405486,29.309198060572484,0.9070138128026359,0.9943497193247306,31.197875,973.307404515625,0.9996381607177243,1.3962446919730587,-2834.147463702414,4654.704350319257,3300.1479610932843,89.99288237460244,296.565051177078,46.6
2021-03-08,50.4,53.6,48.2,999.9,5.9,5.2,9.7,163.12943843036587,31.197875,121.336319,3.04,48.53009010044248,11.55478335724821,29.518794751965757,0.9141279881853337,0.9943497193247306,31.197875,973.307404515625,0.9996381607177243,1.3962446919730587,-2834.147463702414,4654.704350319257,3300.1479610932843,89.99288237460244,296.565051177078,44.2
2021-03-09,49.3,51.8,44.6,999.9,5.9,4.3,5.8,1461.4285931941479,31.197875,121.336319,3.04,47.60257901323551,11.586834648252053,29.728163972564378,0.9209712877166346,0.9943497193247306,31.197875,973.307404515625,0.9996381607177243,1.3962446919730587,-2834.147463702414,4654.704350319257,3300.1479610932843,89.99288237460244,296.565051177078,44.7
2021-03-10,54.1,62.6,50.0,999.9,5.7,7.5,9.7,-268.16327361093806,31.197875,121.336319,3.04,52.38215585063159,11.618962480731591,29.937219333019222,0.9275416835791966,0.9943497193247306,31.197875,973.307404515625,0.9996381607177243,1.3962446919730587,-2834.147463702414,4654.704350319257,3300.1479610932843,89.99288237460244,296.565051177078,41.0
2021-03-11,52.9,53.6,51.8,999.9,3.4,8.4,11.7,-225.64470562003646,31.197875,121.336319,3.04,51.36219941159202,11.651160547053012,30.145875351786717,0.9338372288229252,0.9943497193247306,31.197875,973.307404515625,0.9996381607177243,1.3962446919730587,-2834.147463702414,4654.704350319257,3300.1479610932843,89.99288237460244,296.565051177078,50.4
2021-03-12,50.1,55.4,42.8,999.9,5.2,6.5,13.6,-465.1483414928175,31.197875,121.336319,3.04,48.77828940798675,11.683422612691437,30.35404752744892,0.9398560579418954,0.9943497193247306,31.197875,973.307404515625,0.9996381607177243,1.3962446919730587,-2834.147463702414,4654.704350319257,3300.1479610932843,89.99288237460244,296.565051177078,44.4
2021-03-13,52.8,60.8,46.4,999.9,3.4,4.8,7.8,689.3964990340336,31.197875,121.336319,3.04,51.54926704617165,11.715742510493557,30.56165240959944,0.9455963874271426,0.9943497193247306,31.197875,973.307404515625,0.9996381607177243,1.3962446919730587,-2834.147463702414,4654.704350319257,3300.1479610932843,89.99288237460244,296.565051177078,43.7
2021-03-14,56.7,64.4,51.8,999.9,5.7,8.7,11.7,371.23380628795366,31.197875,121.336319,3.04,55.50983928696993,11.74811413480845,30.768607668157465,0.9510565162951535,0.9943497193247306,31.197875,973.307404515625,0.9996381607177243,1.3962446919730587,-2834.147463702414,4654.704350319257,3300.1479610932843,89.99288237460244,296.565051177078,46.5
2021-03-15,66.1,75.2,55.4,999.9,4.8,7.8,13.6,-650.3618522001008,31.197875,121.336319,3.04,64.89109399054489,11.78053143549983,30.97483216097545,0.9562348265919056,0.9943497193247306,31.197875,973.307404515625,0.9996381607177243,1.3962446919730587,-2834.147463702414,4654.704350319257,3300.1479610932843,89.99288237460244,296.565051177078,56.5
2021-03-16,51.9,55.4,48.2,999.9,4.9,10.0,15.5,1146.9449521765762,31.197875,121.336319,3.04,51.091174881263115,11.812988411852743,31.180245999609323,0.9611297838723007,0.9943497193247306,31.197875,973.307404515625,0.9996381607177243,1.3962446919730587,-2834.147463702414,4654.704350319257,3300.1479610932843,89.99288237460244,296.565051177078,45.1
2021-03-17,51.1,53.6,50.0,999.9,6.2,5.1,7.8,344.32997435180056,31.197875,121.336319,3.04,50.44199852803273,11.845479106387332,31.384770613124484,0.9657399376548549,0.9943497193247306,31.197875,973.307404515625,0.9996381607177243,1.3962446919730587,-2834.147463702414,4654.704350319257,3300.1479610932843,89.99288237460244,296.565051177078,42.8
2021-03-18,56.2,60.8,51.8,999.9,6.1,5.3,9.7,574.088760456645,31.197875,121.336319,3.04,55.62862208674037,11.87799759859225,31.588328809814694,0.9700639218515071,0.9943497193247306,31.197875,973.307404515625,0.9996381607177243,1.3962446919730587,-2834.147463702414,4654.704350319257,3300.1479610932843,89.99288237460244,296.565051177078,48.3
2021-03-19,53.8,55.4,51.8,999.9,4.2,6.4,11.7,-874.7675957044327,31.197875,121.336319,3.04,53.39891202701161,11.910537998589952,31.79084483671597,0.9741004551724205,0.9943497193247306,31.197875,973.307404515625,0.9996381607177243,1.3962446919730587,-2834.147463702414,4654.704350319257,3300.1479610932843,89.99288237460244,296.565051177078,52.9
2021-03-20,50.0,51.8,48.2,999.9,5.4,9.8,13.6,27.54715987978539,31.197875,121.336319,3.04,49.76289350310829,11.94309444074599,31.992244436802252,0.9778483415056568,0.9943497193247306,31.197875,973.307404515625,0.9996381607177243,1.3962446919730587,-2834.147463702414,4654.704350319257,3300.1479610932843,89.99288237460244,296.565051177078,43.9
2021-03-21,50.5,59.0,41.0,999.9,5.4,8.3,15.5,21.4,31.197875,121.336319,3.04,50.39757370002756,11.975661077234271,32.192454903755234,0.9813064702716093,0.9943497193247306,31.197875,973.307404515625,0.9996381607177243,1.3962446919730587,-2834.147463702414,4654.704350319257,3300.1479610932843,89.99288237460244,296.565051177078,34.7
2021-03-22,51.7,59.0,42.8,999.9,6.1,4.9,11.7,298.09358153479985,31.197875,121.336319,3.04,51.73546650834809,12.008232071570156,32.3914051342058,0.9844738167520922,0.9943497193247306,31.197875,973.307404515625,0.9996381607177243,1.3962446919730587,-2834.147463702414,4654.704350319257,3300.1479610932843,89.99288237460244,296.565051177078,30.6
2021-03-23,57.3,64.4,53.6,999.9,6.2,9.5,13.6,78.38973212605781,31.197875,121.336319,3.04,57.49482760238769,12.040801592123076,32.58902567735108,0.9873494423939864,0.9943497193247306,31.197875,973.307404515625,0.9996381607177243,1.3962446919730587,-2834.147463702414,4654.704350319257,3300.1479610932843,89.99288237460244,296.565051177078,37.8
2021-03-24,58.0,66.2,50.0,999.9,6.2,3.2,7.8,245.0158962922264,31.197875,121.336319,3.04,58.354591727165584,12.073363805620465,32.78524878185637,0.989932495087353,0.9943497193247306,31.197875,973.307404515625,0.9996381607177243,1.3962446919730587,-2834.147463702414,4654.704350319257,3300.1479610932843,89.99288237460244,296.565051177078,46.6
2021-03-25,62.6,73.4,51.8,999.9,6.2,6.8,11.7,505.92860692548,31.197875,121.336319,3.04,63.15251214191498,12.105912870654628,32.98000843995834,0.9922222094179323,0.9943497193247306,31.197875,973.307404515625,0.9996381607177243,1.3962446919730587,-2834.147463702414,4654.704350319257,3300.1479610932843,89.99288237460244,296.565051177078,42.0
2021-03-26,64.2,69.8,59.0,999.9,6.2,13.6,19.4,23.3,31.197875,121.336319,3.04,64.94066968194274,12.138442931204247,33.17324042869194,0.994217906893952,0.9943497193247306,31.197875,973.307404515625,0.9996381607177243,1.3962446919730587,-2834.147463702414,4654.704350319257,3300.1479610932843,89.99288237460244,296.565051177078,57.3
2021-03-27,63.3,69.8,55.4,999.9,5.6,6.6,13.6,-150.93349660050305,31.197875,121.336319,3.04,64.20175128121141,12.170948110182259,33.36488234817054,0.995918996147179,0.9943497193247306,31.197875,973.307404515625,0.9996381607177243,1.3962446919730587,-2834.147463702414,4654.704350319257,3300.1479610932843,89.99288237460244,296.565051177078,58.1
2021-03-28,65.8,75.2,57.2,999.9,4.8,5.0,9.7,17.5,31.197875,121.336319,3.04,66.91543339156992,12.203422503021871,33.55487365685551,0.9973249731081555,0.9943497193247306,31.197875,973.307404515625,0.9996381607177243,1.3962446919730587,-2834.147463702414,4654.704350319257,3300.1479610932843,89.99288237460244,296.565051177078,52.6
2021-03-29,67.0,78.8,59.0,999.9,5.2,9.5,13.6,21.4,31.197875,121.336319,3.04,68.31688595649582,12.235860171312684,33.74315570375904,0.9984354211555643,0.9943497193247306,31.197875,973.307404515625,0.9996381607177243,1.3962446919730587,-2834.147463702414,4654.704350319257,3300.1479610932843,89.99288237460244,296.565051177078,56.2
2021-03-30,61.0,68.0,55.4,999.9,5.4,8.3,11.7,572.1939834528688,31.197875,121.336319,3.04,62.36363027720261,12.268255136498874,33.92967175753052,0.9992500112396835,0.9943497193247306,31.197875,973.307404515625,0.9996381607177243,1.3962446919730587,-2834.147463702414,4654.704350319257,3300.1479610932843,89.99288237460244,296.565051177078,43.6
2021-03-31,58.8,60.8,55.4,999.9,3.9,7.9,13.6,-506.5952059358403,31.197875,121.336319,3.04,60.272946730893246,12.300601373651682,34.1143670323853,0.9997685019798909,0.9943497193247306,31.197875,973.307404515625,0.9996381607177243,1.3962446919730587,-2834.147463702414,4654.704350319257,3300.1479610932843,89.99288237460244,296.565051177078,57.4
2021-04-01,60.0,62.6,57.2,999.9,3.0,5.3,7.8,-313.79860280259777,31.197875,121.336319,3.04,61.66446402664291,12.332892805328582,34.29718871084079,0.9999907397361901,0.9943497193247306,31.197875,973.307404515625,0.9996381607177243,1.3962446919730587,-2834.147463702414,4654.704350319257,3300.1479610932843,89.99288237460244,296.565051177078,58.8
2021-04-02,63.7,69.8,60.8,999.9,3.0,6.6,9.7,-904.4544277129792,31.197875,121.336319,3.04,65.63819616044754,12.365123295531717,34.47808596323383,0.9999166586547379,0.9943497193247306,31.197875,973.307404515625,0.9996381607177243,1.3962446919730587,-2834.147463702414,4654.704350319257,3300.1479610932843,89.99288237460244,296.565051177078,59.1
2021-04-03,56.6,62.6,51.8,999.9,5.5,12.1,15.5,-163.14931344243612,31.197875,121.336319,3.04,58.47386866982169,12.39728664377845,34.65700996399965,0.9995462806873573,0.9943497193247306,31.197875,973.307404515625,0.9996381607177243,1.3962446919730587,-2834.147463702414,4654.704350319257,3300.1479610932843,89.99288237460244,296.565051177078,50.7
2021-04-04,54.3,62.6,46.4,999.9,6.2,11.5,19.4,27.2,31.197875,121.336319,3.04,56.24292902131961,12.429376579297154,34.83391390470139,0.9988797155850336,0.9943497193247306,31.197875,973.307404515625,0.9996381607177243,1.3962446919730587,-2834.147463702414,4654.704350319257,3300.1479610932843,89.99288237460244,296.565051177078,35.0
2021-04-05,59.0,66.2,53.6,999.9,6.2,6.0,9.7,19.4,31.197875,121.336319,3.04,61.26848488052768,12.461386755361563,35.008753003806305,0.9979171608653922,0.9943497193247306,31.197875,973.307404515625,0.9996381607177243,1.3962446919730587,-2834.147463702414,4654.704350319257,3300.1479610932843,89.99288237460244,296.565051177078,36.8
2021-04-06,60.7,69.8,53.6,999.9,6.2,5.5,9.7,-148.43036179976787,31.197875,121.336319,3.04,63.19533017894094,12.493310743777451,35.18148451321224,0.9966589017541702,0.9943497193247306,31.197875,973.307404515625,0.9996381607177243,1.3962446919730587,-2834.147463702414,4654.704350319257,3300.1479610932843,89.99288237460244,296.565051177078,37.8
2021-04-07,57.0,64.4,51.8,999.9,6.2,6.1,9.7,478.09919679378703,31.197875,121.336319,3.04,59.49442464029403,12.525142029535585,35.35206772153639,0.9951053111006976,0.9943497193247306,31.197875,973.307404515625,0.9996381607177243,1.3962446919730587,-2834.147463702414,4654.704350319257,3300.1479610932843,89.99288237460244,296.565051177078,41.3
2021-04-08,57.3,66.2,46.4,999.9,6.2,6.9,11.7,230.22904642522974,31.197875,121.336319,3.04,59.95907337695606,12.55687400564525,35.52046395418503,0.9932568492674143,0.9943497193247306,31.197875,973.307404515625,0.9996381607177243,1.3962446919730587,-2834.147463702414,4654.704350319257,3300.1479610932843,89.99288237460244,296.565051177078,39.4
2021-04-09,58.4,66.2,48.2,999.9,6.2,6.4,11.7,-66.78232100157722,31.197875,121.336319,3.04,61.26403317839368,12.588499968163086,35.68663657023083,0.9911140639934547,0.9943497193247306,31.197875,973.307404515625,0.9996381607177243,1.3962446919730587,-2834.147463702414,4654.704350319257,3300.1479610932843,89.99288237460244,296.565051177078,32.0
2021-04-10,61.5,68.0,59.0,999.9,6.2,10.0,13.6,230.58307098388804,31.197875,121.336319,3.04,64.67756719608974,12.620013111432144,35.85055095613186,0.9886775902323405,0.9943497193247306,31.197875,973.307404515625,0.9996381607177243,1.3962446919730587,-2834.147463702414,4654.704350319257,3300.1479610932843,89.99288237460244,296.565051177078,50.1
2021-04-11,61.5,62.6,59.0,999.9,4.4,7.7,11.7,-850.4579450803965,31.197875,121.336319,3.04,64.83845843317593,12.651406523546523,36.01217451633321,0.9859481499638304,0.9943497193247306,31.197875,973.307404515625,0.9996381607177243,1.3962446919730587,-2834.147463702414,4654.704350319257,3300.1479610932843,89.99288237460244,296.565051177078,60.6
2021-04-12,61.8,64.4,57.2,999.9,3.2,5.3,7.8,17.5,31.197875,121.336319,3.04,65.3157668875949,12.682673182057263,36.171476660799584,0.9829265519799822,0.9943497193247306,31.197875,973.307404515625,0.9996381607177243,1.3962446919730587,-2834.147463702414,4654.704350319257,3300.1479610932843,89.99288237460244,296.565051177078,59.2
2021-04-13,59.2,68.0,51.8,999.9,5.7,8.7,13.6,-470.53948734660855,31.197875,121.336319,3.04,62.72144268634812,12.713805949935429,36.328428789534065,0.9796136916454901,0.9943497193247306,31.197875,973.307404515625,0.9996381607177243,1.3962446919730587,-2834.147463702414,4654.704350319257,3300.1479610932843,89.99288237460244,296.565051177078,49.7
2021-04-14,55.0,60.8,51.8,999.9,6.2,7.7,11.7,192.12951113820574,31.197875,121.336319,3.04,58.41365553745661,12.744797571808716,36.48300427414487,0.9760105506323683,0.9943497193247306,31.197875,973.307404515625,0.9996381607177243,1.3962446919730587,-2834.147463702414,4654.704350319257,3300.1479610932843,89.99288237460244,296.565051177078,37.2
2021-04-15,57.0,62.6,53.6,999.9,5.8,7.4,13.6,215.16952541635453,31.197875,121.336319,3.04,60.684293184818614,12.77564067048813,36.63517843652859,0.9721181966290613,0.9943497193247306,31.197875,973.307404515625,0.9996381607177243,1.3962446919730587,-2834.147463702414,4654.704350319257,3300.1479610932843,89.99288237460244,296.565051177078,47.8
2021-04-16,66.7,78.8,59.0,999.9,4.6,4.4,9.7,419.8582397984123,31.197875,121.336319,3.04,71.18183837596379,12.806327743801583,36.784928524744565,0.9679377830240642,0.9943497193247306,31.197875,973.307404515625,0.9996381607177243,1.3962446919730587,-2834.147463702414,4654.704350319257,3300.1479610932843,89.99288237460244,296.565051177078,56.4
2021-04-17,60.2,66.2,51.8,999.9,5.5,7.4,15.5,-108.35154155418472,31.197875,121.336319,3.04,64.39820332811988,12.836851161751472,36.932233686161084,0.9634705485641488,0.9943497193247306,31.197875,973.307404515625,0.9996381607177243,1.3962446919730587,-2834.147463702414,4654.704350319257,3300.1479610932843,89.99288237460244,296.565051177078,42.8
2021-04-18,60.2,68.0,51.8,999.9,6.2,6.6,9.7,333.36989368228694,31.197875,121.336319,3.04,64.5504692061345,12.867203164013521,37.077074937959935,0.9587178169872964,0.9943497193247306,31.197875,973.307404515625,0.9996381607177243,1.3962446919730587,-2834.147463702414,4654.704350319257,3300.1479610932843,89.99288237460244,296.565051177078,36.3
2021-04-19,62.4,71.6,55.4,999.9,6.2,9.4,11.7,275.56285021573314,31.197875,121.336319,3.04,67.06635446053023,12.897375857794277,37.21943513509125,0.9536809966304457,0.9943497193247306,31.197875,973.307404515625,0.9996381607177243,1.3962446919730587,-2834.147463702414,4654.704350319257,3300.1479610932843,89.99288237460244,296.565051177078,45.4
2021-04-20,65.3,73.4,60.8,999.9,6.2,12.1,15.5,985.3908292473106,31.197875,121.336319,3.04,70.34639061741933,12.92736121606481,37.35929893577572,0.9483615800121715,0.9943497193247306,31.197875,973.307404515625,0.9996381607177243,1.3962446919730587,-2834.147463702414,4654.704350319257,3300.1479610932843,89.99288237460244,296.565051177078,53.0
2021-04-21,68.2,77.0,64.4,999.9,6.2,12.8,19.4,-396.11952485445664,31.197875,121.336319,3.04,73.639808616336,12.95715107618815,37.49665276465612,0.9427611433904207,0.9943497193247306,31.197875,973.307404515625,0.9996381607177243,1.3962446919730587,-2834.147463702414,4654.704350319257,3300.1479610932843,89.99288237460244,296.565051177078,58.8
2021-04-22,69.5,75.2,66.2,999.9,5.1,8.7,17.5,95.52530765736246,31.197875,121.336319,3.04,75.21485259646536,12.986737138958048,37.63148477370465,0.9368813462954315,0.9943497193247306,31.197875,973.307404515625,0.9996381607177243,1.3962446919730587,-2834.147463702414,4654.704350319257,3300.1479610932843,89.99288237460244,296.565051177078,64.3
2021-04-23,66.9,73.4,62.6,999.9,4.4,7.1,9.7,154.6277459453774,31.197875,121.336319,3.04,72.56481864697052,13.01611096806646,37.76378480099666,0.9307239310379795,0.9943497193247306,31.197875,973.307404515625,0.9996381607177243,1.3962446919730587,-2834.147463702414,4654.704350319257,3300.1479610932843,89.99288237460244,296.565051177078,61.0
2021-04-24,64.2,68.0,62.6,999.9,3.5,6.6,9.7,1627.5277832821253,31.197875,121.336319,3.04,69.79216234659167,13.045263990017132,37.89354432746522,0.9242907221930933,0.9943497193247306,31.197875,973.307404515625,0.9996381607177243,1.3962446919730587,-2834.147463702414,4654.704350319257,3300.1479610932843,89.99288237460244,296.565051177078,61.7
2021-04-25,67.8,75.2,62.6,999.9,6.2,6.2,9.7,-433.8372338999232,31.197875,121.336319,3.04,73.86915934393791,13.074187494502285,38.02075643175428,0.9175836260593937,0.9943497193247306,31.197875,973.307404515625,0.9996381607177243,1.3962446919730587,-2834.147463702414,4654.704350319257,3300.1479610932843,89.99288237460244,296.565051177078,56.2
2021-04-26,68.1,77.0,62.6,999.9,6.2,9.1,13.6,51.940893925757734,31.197875,121.336319,3.04,74.35880220509532,13.10287263525909,38.145415743291544,0.9106046300942162,0.9943497193247306,31.197875,973.307404515625,0.9996381607177243,1.3962446919730587,-2834.147463702414,4654.704350319257,3300.1479610932843,89.99288237460244,296.565051177078,54.7
2021-04-27,63.9,66.2,62.6,999.9,3.1,5.2,7.8,-198.5961545480614,31.197875,121.336319,3.04,69.92422804732367,13.131310431422284,38.267518393704115,0.9033558023246845,0.9943497193247306,31.197875,973.307404515625,0.9996381607177243,1.3962446919730587,-2834.147463702414,4654.704350319257,3300.1479610932843,89.99288237460244,296.565051177078,62.1
2021-04-28,67.7,75.2,60.8,999.9,4.2,4.6,7.8,15.5,31.197875,121.336319,3.04,74.241466065634,13.159491769388596,38.387061966703406,0.895839290734909,0.9943497193247306,31.197875,973.307404515625,0.9996381607177243,1.3962446919730587,-2834.147463702414,4654.704350319257,3300.1479610932843,89.99288237460244,296.565051177078,59.2
2021-04-29,73.9,82.4,66.2,999.9,5.9,8.7,15.5,23.3,31.197875,121.336319,3.04,81.21245060373987,13.187407405208095,38.504045446566224,0.8880573226294932,0.9943497193247306,31.197875,973.307404515625,0.9996381607177243,1.3962446919730587,-2834.147463702414,4654.704350319257,3300.1479610932843,89.99288237460244,296.565051177078,49.3
2021-04-30,76.1,87.8,62.6,999.9,6.2,10.5,33.0,42.7,31.197875,121.336319,3.04,83.80542919400214,13.215047967516766,38.61846916534176,0.8800122039735357,0.9943497193247306,31.197875,973.307404515625,0.9996381607177243,1.3962446919730587,-2834.147463702414,4654.704350319257,3300.1479610932843,89.99288237460244,296.565051177078,53.6
2021-05-01,68.5,78.8,59.0,999.9,6.2,8.4,19.4,62.94830111899806,31.197875,121.336319,3.04,75.59205594417742,13.24240396102378,38.73033474891414,0.8717063187093218,0.9943497193247306,31.197875,973.307404515625,0.9996381607177243,1.3962446919730587,-2834.147463702414,4654.704350319257,3300.1479610932843,89.99288237460244,296.565051177078,48.1
2021-05-02,63.8,71.6,59.0,999.9,6.2,10.7,15.5,-370.1989115965942,31.197875,121.336319,3.04,70.54932634684148,13.269465770565796,38.839645062051645,0.8631421280499114,0.9943497193247306,31.197875,973.307404515625,0.9996381607177243,1.3962446919730587,-2834.147463702414,4654.704350319257,3300.1479610932843,89.99288237460244,296.565051177078,42.8
2021-05-03,71.7,77.0,66.2,999.9,6.1,15.1,19.4,27.2,31.197875,121.336319,3.04,79.44493640279441,13.29622366573965,38.94640415257327,0.854322169749827,0.9943497193247306,31.197875,973.307404515625,0.9996381607177243,1.3962446919730587,-2834.147463702414,4654.704350319257,3300.1479610932843,89.99288237460244,296.565051177078,60.9
2021-05-04,66.4,75.2,59.0,999.9,5.7,9.6,19.4,27.2,31.197875,121.336319,3.04,73.718761860549,13.32266780612331,39.050617194763724,0.8452490573530633,0.9943497193247306,31.197875,973.307404515625,0.9996381607177243,1.3962446919730587,-2834.147463702414,4654.704350319257,3300.1479610932843,89.99288237460244,296.565051177078,62.7
2021-05-05,69.2,80.6,59.0,999.9,5.9,7.8,13.6,-875.4992151945646,31.197875,121.336319,3.04,76.9780122249072,13.348788247093733,39.15229043216671,0.8359254794186372,0.9943497193247306,31.197875,973.307404515625,0.9996381607177243,1.3962446919730587,-2834.147463702414,4654.704350319257,3300.1479610932843,89.99288237460244,296.565051177078,46.6
2021-05-06,70.5,78.8,64.4,999.9,6.2,8.6,17.5,27.2,31.197875,121.336319,3.04,78.57562780921025,13.374574946248552,39.251431119886036,0.8263541987239096,0.9943497193247306,31.197875,973.307404515625,0.9996381607177243,1.3962446919730587,-2834.147463702414,4654.704350319257,3300.1479610932843,89.99288237460244,296.565051177078,52.4
2021-05-07,73.5,86.0,66.2,999.9,6.0,7.9,11.7,23.3,31.197875,121.336319,3.04,82.07510884392593,13.400017770436888,39.34804746652181,0.8165380514459161,0.9943497193247306,31.197875,973.307404515625,0.9996381607177243,1.3962446919730587,-2834.147463702414,4654.704350319257,3300.1479610932843,89.99288237460244,296.565051177078,56.1
2021-05-08,77.2,86.0,69.8,999.9,5.5,5.9,11.7,117.05714793727105,31.197875,121.336319,3.04,86.36818517189069,13.425106503402697,39.44214857586848,0.8064799463209448,0.9943497193247306,31.197875,973.307404515625,0.9996381607177243,1.3962446919730587,-2834.147463702414,4654.704350319257,3300.1479610932843,89.99288237460244,296.565051177078,63.5
2021-05-09,80.8,93.2,69.8,999.9,5.9,7.9,13.6,-206.58830087392144,31.197875,121.336319,3.04,90.56219441721677,13.449830854042096,39.53374438849778,0.7961828637826158,0.9943497193247306,31.197875,973.307404515625,0.9996381607177243,1.3962446919730587,-2834.147463702414,4654.704350319257,3300.1479610932843,89.99288237460244,296.565051177078,63.6
2021-05-10,82.2,93.2,71.6,999.9,5.7,8.0,13.6,23.3,31.197875,121.336319,3.04,92.29813618712653,13.474180465273946,39.622845623348496,0.7856498550787147,0.9943497193247306,31.197875,973.307404515625,0.9996381607177243,1.3962446919730587,-2834.147463702414,4654.704350319257,3300.1479610932843,89.99288237460244,296.565051177078,67.4
2021-05-11,73.0,78.8,69.8,999.9,4.0,5.8,11.7,17.5,31.197875,121.336319,3.04,82.11371495141752,13.498144923520687,39.70946371944134,0.7748840413670407,0.9943497193247306,31.197875,973.307404515625,0.9996381607177243,1.3962446919730587,-2834.147463702414,4654.704350319257,3300.1479610932843,89.99288237460244,296.565051177078,70.4
2021-05-12,71.2,77.0,66.2,999.9,5.9,7.3,9.7,-471.4379480111901,31.197875,121.336319,3.04,80.22883502817822,13.521713768794083,39.79361077783425,0.7638886127905428,0.9943497193247306,31.197875,973.307404515625,0.9996381607177243,1.3962446919730587,-2834.147463702414,4654.704350319257,3300.1479610932843,89.99288237460244,296.565051177078,65.4
2021-05-13,69.6,71.6,68.0,999.9,4.7,7.2,9.7,-228.8441613867411,31.197875,121.336319,3.04,78.56028373119187,13.54487650537791,39.87529950392982,0.7526668275320085,0.9943497193247306,31.197875,973.307404515625,0.9996381607177243,1.3962446919730587,-2834.147463702414,4654.704350319257,3300.1479610932843,89.99288237460244,296.565051177078,67.3
2021-05-14,77.4,86.0,71.6,999.9,4.9,6.6,9.7,-871.2541857697403,31.197875,121.336319,3.04,87.51116585447613,13.567622613097072,39.95454315024323,0.7412220108485958,0.9943497193247306,31.197875,973.307404515625,0.9996381607177243,1.3962446919730587,-2834.147463702414,4654.704350319257,3300.1479610932843,89.99288237460244,296.565051177078,73.4
2021-05-15,83.3,93.2,71.6,999.9,6.0,8.0,21.4,35.0,31.197875,121.336319,3.04,94.33684432316747,13.58994155915978,40.0313554597341,0.7295575540864875,0.9943497193247306,31.197875,973.307404515625,0.9996381607177243,1.3962446919730587,-2834.147463702414,4654.704350319257,3300.1479610932843,89.99288237460244,296.565051177078,74.7
2021-05-16,70.2,84.2,59.0,999.9,5.9,10.6,17.5,27.2,31.197875,121.336319,3.04,79.62916344175653,13.611822810556673,40.10575060980245,0.717676913675962,0.9943497193247306,31.197875,973.307404515625,0.9996381607177243,1.3962446919730587,-2834.147463702414,4654.704350319257,3300.1479610932843,89.99288237460244,296.565051177078,64.8
2021-05-17,68.8,75.2,62.6,999.9,6.2,6.2,9.7,902.3242939492627,31.197875,121.336319,3.04,78.16400018945369,13.633255846997738,40.177743157043324,0.705583610107178,0.9943497193247306,31.197875,973.307404515625,0.9996381607177243,1.3962446919730587,-2834.147463702414,4654.704350319257,3300.1479610932843,89.99288237460244,296.565051177078,56.9
2021-05-18,69.0,75.2,62.6,999.9,6.2,5.2,9.7,126.44209114554407,31.197875,121.336319,3.04,78.51182350259867,13.654230174364985,40.24734798285102,0.6932812268869777,0.9943497193247306,31.197875,973.307404515625,0.9996381607177243,1.3962446919730587,-2834.147463702414,4654.704350319257,3300.1479610932843,89.99288237460244,296.565051177078,54.1
2021-05-19,66.8,73.4,62.6,999.9,5.3,8.0,11.7,499.64277559535657,31.197875,121.336319,3.04,76.12269338518331,13.674735338655685,40.314580239957756,0.6807734094770161,0.9943497193247306,31.197875,973.307404515625,0.9996381607177243,1.3962446919730587,-2834.147463702414,4654.704350319257,3300.1479610932843,89.99288237460244,296.565051177078,62.3
2021-05-20,66.0,69.8,62.6,999.9,5.8,7.8,15.5,19.4,31.197875,121.336319,3.04,75.3211851721338,13.694760940387962,40.37945529998776,0.6680638642135335,0.9943497193247306,31.197875,973.307404515625,0.9996381607177243,1.3962446919730587,-2834.147463702414,4654.704350319257,3300.1479610932843,89.99288237460244,296.565051177078,59.2
2021-05-21,70.6,78.8,66.2,999.9,6.1,7.2,11.7,-85.824764648964,31.197875,121.336319,3.04,80.68577862085675,13.71429664943741,40.44198870210135,0.6551563572090853,0.9943497193247306,31.197875,973.307404515625,0.9996381607177243,1.3962446919730587,-2834.147463702414,4654.704350319257,3300.1479610932843,89.99288237460244,296.565051177078,60.9
2021-05-22,70.8,78.8,66.2,999.9,6.2,9.7,11.7,717.1908455842558,31.197875,121.336319,3.04,81.02666009959493,13.733332220270327,40.50219610279956,0.6420547132365637,0.9943497193247306,31.197875,973.307404515625,0.9996381607177243,1.3962446919730587,-2834.147463702414,4654.704350319257,3300.1479610932843,89.99288237460244,296.565051177078,59.1
2021-05-23,65.3,68.0,62.6,999.9,4.4,8.0,15.5,1.0973239589733161,31.197875,121.336319,3.04,74.83302460350885,13.751857507536084,40.5600932269536,0.6287628145958344,0.9943497193247306,31.197875,973.307404515625,0.9996381607177243,1.3962446919730587,-2834.147463702414,4654.704350319257,3300.1479610932843,89.99288237460244,296.565051177078,64.6
2021-05-24,74.6,82.4,68.0,999.9,6.1,5.2,9.7,17.5,31.197875,121.336319,3.04,85.60264509629765,13.769862481978176,40.61569582011839,0.6152845999633276,0.9943497193247306,31.197875,973.307404515625,0.9996381607177243,1.3962446919730587,-2834.147463702414,4654.704350319257,3300.1479610932843,89.99288237460244,296.565051177078,61.2
2021-05-25,78.5,87.8,73.4,999.9,5.3,6.6,11.7,23.3,31.197875,121.336319,3.04,90.1921644883093,13.787337246620531,40.66901960218439,0.6016240632249226,0.9943497193247306,31.197875,973.307404515625,0.9996381607177243,1.3962446919730587,-2834.147463702414,4654.704350319257,3300.1479610932843,89.99288237460244,296.565051177078,63.9
2021-05-26,69.2,73.4,66.2,999.9,4.3,6.5,13.6,19.4,31.197875,121.336319,3.04,79.60463550668813,13.804272053182912,40.720080222416115,0.5877852522924732,0.9943497193247306,31.197875,973.307404515625,0.9996381607177243,1.3962446919730587,-2834.147463702414,4654.704350319257,3300.1479610932843,89.99288237460244,296.565051177078,66.4
2021-05-27,76.0,82.4,71.6,999.9,5.6,7.1,11.7,118.9393324916133,31.197875,121.336319,3.04,87.53082968495087,13.820657318676455,40.76889321592092,0.5737722679043246,0.9943497193247306,31.197875,973.307404515625,0.9996381607177243,1.3962446919730587,-2834.147463702414,4654.704350319257,3300.1479610932843,89.99288237460244,296.565051177078,68.4
2021-05-28,76.6,82.4,68.0,999.9,6.2,7.7,13.6,21.4,31.197875,121.336319,3.04,88.32288724891706,13.836483642128,40.815473961586264,0.5595892624101765,0.9943497193247306,31.197875,973.307404515625,0.9996381607177243,1.3962446919730587,-2834.147463702414,4654.704350319257,3300.1479610932843,89.99288237460244,296.565051177078,59.5
2021-05-29,77.3,84.2,71.6,999.9,6.0,7.0,11.7,7.840827414679598,31.197875,121.336319,3.04,89.22830356605205,13.851741821379361,40.859837641518816,0.545240438540651,0.9943497193247306,31.197875,973.307404515625,0.9996381607177243,1.3962446919730587,-2834.147463702414,4654.704350319257,3300.1479610932843,89.99288237460244,296.565051177078,64.0
2021-05-30,79.1,87.8,69.8,999.9,6.2,7.6,11.7,353.6538813998202,31.197875,121.336319,3.04,91.40283741746185,13.866422869905717,40.90199920201378,0.5307300481619334,0.9943497193247306,31.197875,973.307404515625,0.9996381607177243,1.3962446919730587,-2834.147463702414,4654.704350319257,3300.1479610932843,89.99288237460244,296.565051177078,65.8
2021-05-31,77.0,84.2,69.8,999.9,6.2,10.4,13.6,19.4,31.197875,121.336319,3.04,89.06665738223667,13.880518033595326,40.941973316078325,0.5160623910158528,0.9943497193247306,31.197875,973.307404515625,0.9996381607177243,1.3962446919730587,-2834.147463702414,4654.704350319257,3300.1479610932843,89.99288237460244,296.565051177078,59.7
2021-06-01,75.3,84.2,68.0,999.9,6.2,12.1,15.5,19.4,31.197875,121.336319,3.04,87.18496801663008,13.89401880743109,40.97977434752847,0.5012418134457758,0.9943497193247306,31.197875,973.307404515625,0.9996381607177243,1.3962446919730587,-2834.147463702414,4654.704350319257,3300.1479610932843,89.99288237460244,296.565051177078,69.0
2021-06-02,71.5,75.2,69.8,999.9,4.3,6.6,15.5,27.2,31.197875,121.336319,3.04,82.8620468390794,13.906916952013326,41.01541631667452,0.48627270710868997,0.9943497193247306,31.197875,973.307404515625,0.9996381607177243,1.3962446919730587,-2834.147463702414,4654.704350319257,3300.1479610932843,89.99288237460244,296.565051177078,70.4
2021-06-03,72.3,82.4,64.4,999.9,4.4,7.8,17.5,115.85081742063738,31.197875,121.336319,3.04,83.8632071719177,13.91920450986186,41.04891286760636,0.4711595076738638,0.9943497193247306,31.197875,973.307404515625,0.9996381607177243,1.3962446919730587,-2834.147463702414,4654.704350319257,3300.1479610932843,89.99288237460244,296.565051177078,67.5
2021-06-04,71.5,78.8,66.2,999.9,5.6,7.1,9.7,19.4,31.197875,121.336319,3.04,83.00478985271693,13.930873821435009,41.08027723708625,0.4559066935084588,0.9943497193247306,31.197875,973.307404515625,0.9996381607177243,1.3962446919730587,-2834.147463702414,4654.704350319257,3300.1479610932843,89.99288237460244,296.565051177078,64.2
2021-06-05,77.7,87.8,68.0,999.9,6.2,7.0,11.7,-307.7528710997541,31.197875,121.336319,3.04,90.273916076697,13.941917540802624,41.10952222505303,0.440518784350495,0.9943497193247306,31.197875,973.307404515625,0.9996381607177243,1.3962446919730587,-2834.147463702414,4654.704350319257,3300.1479610932843,89.99288237460244,296.565051177078,60.3
2021-06-06,80.2,93.2,66.2,999.9,6.2,6.6,11.7,-548.1896971211718,31.197875,121.336319,3.04,93.24806315025062,13.952328650910317,41.136660166739325,0.42500033996955416,0.9943497193247306,31.197875,973.307404515625,0.9996381607177243,1.3962446919730587,-2834.147463702414,4654.704350319257,3300.1479610932843,89.99288237460244,296.565051177078,60.7
2021-06-07,79.9,91.4,73.4,999.9,6.1,8.3,11.7,162.97678691944344,31.197875,121.336319,3.04,92.96431901849688,13.962100478372497,41.161702906399924,0.4093559588156213,0.9943497193247306,31.197875,973.307404515625,0.9996381607177243,1.3962446919730587,-2834.147463702414,4654.704350319257,3300.1479610932843,89.99288237460244,296.565051177078,64.2
2021-06-08,79.2,84.2,75.2,999.9,5.8,6.1,9.7,2.003017993228461,31.197875,121.336319,3.04,92.21009627103457,13.97122670773251,41.18466177264736,0.39359027665646673,0.9943497193247306,31.197875,973.307404515625,0.9996381607177243,1.3962446919730587,-2834.147463702414,4654.704350319257,3300.1479610932843,89.99288237460244,296.565051177078,71.7
2021-06-09,80.2,84.2,77.0,999.9,6.2,10.7,13.6,-679.51927104296,31.197875,121.336319,3.04,93.43100432411494,13.979701395129416,41.205547555389096,0.3777079652039649,0.9943497193247306,31.197875,973.307404515625,0.9996381607177243,1.3962446919730587,-2834.147463702414,4654.704350319257,3300.1479610932843,89.99288237460244,296.565051177078,75.1
2021-06-10,77.8,82.4,75.2,999.9,5.9,5.7,13.6,-120.98120221945592,31.197875,121.336319,3.04,90.68574806217578,13.98751898131246,41.224370484358154,0.36171373072976765,0.9943497193247306,31.197875,973.307404515625,0.9996381607177243,1.3962446919730587,-2834.147463702414,4654.704350319257,3300.1479610932843,89.99288237460244,296.565051177078,76.0
2021-06-11,80.4,89.6,75.2,999.9,6.1,5.3,9.7,35.98695818145005,31.197875,121.336319,3.04,93.76431783644028,13.994674303946312,41.24114020922852,0.3456123126707335,0.9943497193247306,31.197875,973.307404515625,0.9996381607177243,1.3962446919730587,-2834.147463702414,4654.704350319257,3300.1479610932843,89.99288237460244,296.565051177078,72.0
2021-06-12,81.4,87.8,77.0,999.9,6.1,6.6,11.7,524.9713315288031,31.197875,121.336319,3.04,94.97455303208397,14.001162609152427,41.25586578130531,0.3294084822245304,0.9943497193247306,31.197875,973.307404515625,0.9996381607177243,1.3962446919730587,-2834.147463702414,4654.704350319257,3300.1479610932843,89.99288237460244,296.565051177078,72.7
2021-06-13,78.5,82.4,77.0,999.9,4.5,4.0,7.8,-755.1124973448161,31.197875,121.336319,3.04,91.62899130295193,14.00697956223469,41.26855563677867,0.3131070409358269,0.9943497193247306,31.197875,973.307404515625,0.9996381607177243,1.3962446919730587,-2834.147463702414,4654.704350319257,3300.1479610932843,89.99288237460244,296.565051177078,76.2
2021-06-14,80.5,84.2,78.8,999.9,5.1,6.2,9.7,-192.6465644850166,31.197875,121.336319,3.04,93.99798010266788,14.012121257540555,41.2792175815308,0.29671281927349075,0.9943497193247306,31.197875,973.307404515625,0.9996381607177243,1.3962446919730587,-2834.147463702414,4654.704350319257,3300.1479610932843,89.99288237460244,296.565051177078,77.3
2021-06-15,83.1,93.2,75.2,999.9,6.1,7.4,11.7,19.4,31.197875,121.336319,3.04,97.06484577483093,14.016584227412409,41.2878587774846,0.28023067519921585,0.9943497193247306,31.197875,973.307404515625,0.9996381607177243,1.3962446919730587,-2834.147463702414,4654.704350319257,3300.1479610932843,89.99288237460244,296.565051177078,77.5
2021-06-16,78.0,82.4,75.2,999.9,6.2,6.8,9.7,513.7227407756271,31.197875,121.336319,3.04,91.1323754262196,14.02036545018763,41.294485730483274,0.26366549272800704,0.9943497193247306,31.197875,973.307404515625,0.9996381607177243,1.3962446919730587,-2834.147463702414,4654.704350319257,3300.1479610932843,89.99288237460244,296.565051177078,72.6
2021-06-17,77.1,78.8,75.2,999.9,4.3,5.0,9.7,221.51617783770695,31.197875,121.336319,3.04,90.10074564507386,14.02346235720994,41.299104279690404,0.24702218048093552,0.9943497193247306,31.197875,973.307404515625,0.9996381607177243,1.3962446919730587,-2834.147463702414,4654.704350319257,3300.1479610932843,89.99288237460244,296.565051177078,76.4
2021-06-18,74.2,82.4,68.0,999.9,3.8,6.2,9.7,-281.14381582233426,31.197875,121.336319,3.04,86.7266470533645,14.025872838819057,41.30171958850089,0.23030567023061221,0.9943497193247306,31.197875,973.307404515625,0.9996381607177243,1.3962446919730587,-2834.147463702414,4654.704350319257,3300.1479610932843,89.99288237460244,296.565051177078,72.0
2021-06-19,70.1,73.4,68.0,999.9,5.8,2.6,7.8,560.1920492911528,31.197875,121.336319,3.04,81.94453558127036,14.02759524929022,41.30233613695408,0.21352091543979612,0.9943497193247306,31.197875,973.307404515625,0.9996381607177243,1.3962446919730587,-2834.147463702414,4654.704350319257,3300.1479610932843,89.99288237460244,296.565051177078,66.8
2021-06-20,74.5,80.6,69.8,999.9,5.7,3.7,5.8,2.525637752422478,31.197875,121.336319,3.04,87.09440138309671,14.02862841070014,41.30095771564151,0.19667288979357647,0.9943497193247306,31.197875,973.307404515625,0.9996381607177243,1.3962446919730587,-2834.147463702414,4654.704350319257,3300.1479610932843,89.99288237460244,296.565051177078,67.9
2021-06-21,80.0,87.8,73.4,999.9,6.1,6.6,11.7,16.707046797737547,31.197875,121.336319,3.04,93.52647743800537,14.028971615700806,41.29758742110299,0.1797665857255624,0.9943497193247306,31.197875,973.307404515625,0.9996381607177243,1.3962446919730587,-2834.147463702414,4654.704350319257,3300.1479610932843,89.99288237460244,296.565051177078,61.6
2021-06-22,80.6,89.6,69.8,999.9,6.2,5.3,9.7,1084.7420689655949,31.197875,121.336319,3.04,94.22559542604542,14.028624629187904,41.292227652706394,0.16280701293851715,0.9943497193247306,31.197875,973.307404515625,0.9996381607177243,1.3962446919730587,-2834.147463702414,4654.704350319257,3300.1479610932843,89.99288237460244,296.565051177078,63.1
2021-06-23,82.8,91.4,75.2,999.9,6.2,6.1,11.7,887.9726937134462,31.197875,121.336319,3.04,96.79035505310515,14.027587688855819,41.28488011100759,0.1457991969198751,0.9943497193247306,31.197875,973.307404515625,0.9996381607177243,1.3962446919730587,-2834.147463702414,4654.704350319257,3300.1479610932843,89.99288237460244,296.565051177078,62.4
2021-06-24,82.3,91.4,75.2,999.9,6.2,7.9,11.7,-175.83749634077483,31.197875,121.336319,3.04,96.19403348596546,14.02586150463652,41.27554579758898,0.12874817745258132,0.9943497193247306,31.197875,973.307404515625,0.9996381607177243,1.3962446919730587,-2834.147463702414,4654.704350319257,3300.1479610932843,89.99288237460244,296.565051177078,67.1
2021-06-25,82.1,89.6,75.2,999.9,6.2,10.8,13.6,-557.5682658319336,31.197875,121.336319,3.04,95.9437516501464,14.023447257025053,41.264225016376564,0.11165900712169512,0.9943497193247306,31.197875,973.307404515625,0.9996381607177243,1.3962446919730587,-2834.147463702414,4654.704350319257,3300.1479610932843,89.99288237460244,296.565051177078,71.1
2021-06-26,78.0,84.2,75.2,999.9,6.0,6.8,9.7,-226.56759708524,31.197875,121.336319,3.04,91.13225286294816,14.020346594299717,41.25091737643674,0.09453674981719912,0.9943497193247306,31.197875,973.307404515625,0.9996381607177243,1.3962446919730587,-2834.147463702414,4654.704350319257,3300.1479610932843,89.99288237460244,296.565051177078,75.3
2021-06-27,78.4,82.4,77.0,999.9,5.9,5.4,9.7,-990.235352099741,31.197875,121.336319,3.04,91.57486930718119,14.01656162865018,41.235621796256076,0.07738647923346301,0.9943497193247306,31.197875,973.307404515625,0.9996381607177243,1.3962446919730587,-2834.147463702414,4654.704350319257,3300.1479610932843,89.99288237460244,296.565051177078,77.0
2021-06-28,79.8,84.2,75.2,999.9,6.1,5.7,9.7,-1078.201908064584,31.197875,121.336319,3.04,93.18043129269354,14.012094931232113,41.21833650950832,0.06021327736579302,0.9943497193247306,31.197875,973.307404515625,0.9996381607177243,1.3962446919730587,-2834.147463702414,4654.704350319257,3300.1479610932843,89.99288237460244,296.565051177078,73.2
2021-06-29,80.8,87.8,77.0,999.9,6.2,7.9,11.7,-123.59900468299317,31.197875,121.336319,3.04,94.31346014289066,14.006949526171882,41.19905907231449,0.04302223300453059,0.9943497193247306,31.197875,973.307404515625,0.9996381607177243,1.3962446919730587,-2834.147463702414,4654.704350319257,3300.1479610932843,89.99288237460244,296.565051177078,72.1
2021-06-30,80.4,86.0,77.0,999.9,6.2,7.3,11.7,858.8078661608804,31.197875,121.336319,3.04,93.80756351978272,14.00112888354966,41.17778637200283,0.02581844022713308,0.9943497193247306,31.197875,973.307404515625,0.9996381607177243,1.3962446919730587,-2834.147463702414,4654.704350319257,3300.1479610932843,89.99288237460244,296.565051177078,72.3
2021-07-01,83.6,91.4,78.8,999.9,6.2,8.3,13.6,629.7421212208911,31.197875,121.336319,3.04,97.49597048271195,13.994636911394062,41.154514637376764,0.008606996888688698,0.9943497193247306,31.197875,973.307404515625,0.9996381607177243,1.3962446919730587,-2834.147463702414,4654.704350319257,3300.1479610932843,89.99288237460244,296.565051177078,74.2
2021-07-02,80.2,84.2,78.8,999.9,5.8,7.9,9.7,31.867330094542737,31.197875,121.336319,3.04,93.48297761061674,13.987477946725697,41.12923945049935,-0.008606996888688009,0.9943497193247306,31.197875,973.307404515625,0.9996381607177243,1.3962446919730587,-2834.147463702414,4654.704350319257,3300.1479610932843,89.99288237460244,296.565051177078,78.7
2021-07-03,81.5,89.6,77.0,999.9,4.7,7.2,17.5,23.3,31.197875,121.336319,3.04,94.94516873115224,13.979656745691129,41.101955760003506,-0.02581844022713239,0.9943497193247306,31.197875,973.307404515625,0.9996381607177243,1.3962446919730587,-2834.147463702414,4654.704350319257,3300.1479610932843,89.99288237460244,296.565051177078,78.9
2021-07-04,79.0,82.4,78.8,999.9,4.2,5.8,9.7,104.608155491602,31.197875,121.336319,3.04,91.9769249461483,13.971178472832653,41.072657895937695,-0.04302223300453034,0.9943497193247306,31.197875,973.307404515625,0.9996381607177243,1.3962446919730587,-2834.147463702414,4654.704350319257,3300.1479610932843,89.99288237460244,296.565051177078,77.6
2021-07-05,86.0,96.8,75.2,999.9,6.2,6.9,11.7,-1332.6031938000785,31.197875,121.336319,3.04,100.06134894172193,13.962048689542595,41.04133958615651,-0.060213277365792774,0.9943497193247306,31.197875,973.307404515625,0.9996381607177243,1.3962446919730587,-2834.147463702414,4654.704350319257,3300.1479610932843,89.99288237460244,296.565051177078,77.8
2021-07-06,87.7,95.0,82.4,999.9,6.2,10.1,13.6,-401.65639342094687,31.197875,121.336319,3.04,101.96786433931914,13.952273341754042,41.00799397426532,-0.07738647923346322,0.9943497193247306,31.197875,973.307404515625,0.9996381607177243,1.3962446919730587,-2834.147463702414,4654.704350319257,3300.1479610932843,89.99288237460244,296.565051177078,77.2
2021-07-07,87.9,96.8,80.6,999.9,6.2,6.7,19.4,21.4,31.197875,121.336319,3.04,102.1241153212083,13.941858746922634,40.97261363912788,-0.09453674981719933,0.9943497193247306,31.197875,973.307404515625,0.9996381607177243,1.3962446919730587,-2834.147463702414,4654.704350319257,3300.1479610932843,89.99288237460244,296.565051177078,78.8
2021-07-08,81.3,93.2,75.2,999.9,5.8,7.0,25.3,36.9,31.197875,121.336319,3.04,94.38124845691445,13.930811580356377,40.93519061594453,-0.11165900712169444,0.9943497193247306,31.197875,973.307404515625,0.9996381607177243,1.3962446919730587,-2834.147463702414,4654.704350319257,3300.1479610932843,89.99288237460244,296.565051177078,77.0
2021-07-09,82.4,91.4,75.2,999.9,6.2,7.8,13.6,19.4,31.197875,121.336319,3.04,95.57808684520656,13.91913886095241,40.895716418907384,-0.12874817745258066,0.9943497193247306,31.197875,973.307404515625,0.9996381607177243,1.3962446919730587,-2834.147463702414,4654.704350319257,3300.1479610932843,89.99288237460244,296.565051177078,74.8
2021-07-10,82.8,93.2,77.0,999.9,6.1,7.7,21.4,33.0,31.197875,121.336319,3.04,95.95725076116848,13.90684793640123,40.854182065437726,-0.14579919691987442,0.9943497193247306,31.197875,973.307404515625,0.9996381607177243,1.3962446919730587,-2834.147463702414,4654.704350319257,3300.1479610932843,89.99288237460244,296.565051177078,78.6
2021-07-11,88.9,96.8,84.2,999.9,6.2,6.3,11.7,13.6,31.197875,121.336319,3.04,102.930986749841,13.893946467920044,40.81057810200833,-0.16280701293851646,0.9943497193247306,31.197875,973.307404515625,0.9996381607177243,1.3962446919730587,-2834.147463702414,4654.704350319257,3300.1479610932843,89.99288237460244,296.565051177078,80.3
2021-07-12,90.4,98.6,84.2,999.9,6.2,9.8,13.6,21.4,31.197875,121.336319,3.04,104.56599952315172,13.880442414577661,40.76489463155162,-0.17976658572556214,0.9943497193247306,31.197875,973.307404515625,0.9996381607177243,1.3962446919730587,-2834.147463702414,4654.704350319257,3300.1479610932843,89.99288237460244,296.565051177078,78.5
2021-07-13,88.3,95.0,82.4,999.9,6.2,10.2,13.6,-1033.456043935078,31.197875,121.336319,3.04,102.03318139377306,13.866344017273804,40.71712134245207,-0.19667288979357622,0.9943497193247306,31.197875,973.307404515625,0.9996381607177243,1.3962446919730587,-2834.147463702414,4654.704350319257,3300.1479610932843,89.99288237460244,296.565051177078,78.1
2021-07-14,89.0,96.8,82.4,999.9,6.2,11.4,15.5,21.4,31.197875,121.336319,3.04,102.73314338639734,13.851659782435599,40.66724753911772,-0.2135209154397959,0.9943497193247306,31.197875,973.307404515625,0.9996381607177243,1.3962446919730587,-2834.147463702414,4654.704350319257,3300.1479610932843,89.99288237460244,296.565051177078,77.5
2021-07-15,88.2,95.0,82.4,999.9,6.2,12.4,15.5,23.3,31.197875,121.336319,3.04,101.69752872137956,13.836398465493817,40.615262174123494,-0.23030567023061196,0.9943497193247306,31.197875,973.307404515625,0.9996381607177243,1.3962446919730587,-2834.147463702414,4654.704350319257,3300.1479610932843,89.99288237460244,296.565051177078,76.8
2021-07-16,85.6,91.4,80.6,999.9,6.2,11.1,19.4,25.3,31.197875,121.336319,3.04,98.586725919964,13.820569054200561,40.56115388191461,-0.24702218048093527,0.9943497193247306,31.197875,973.307404515625,0.9996381607177243,1.3962446919730587,-2834.147463702414,4654.704350319257,3300.1479610932843,89.99288237460244,296.565051177078,75.8
2021-07-17,85.4,93.2,78.8,999.9,6.2,11.1,15.5,393.82961039219305,31.197875,121.336319,3.04,98.2397530173268,13.804180751849199,40.5049110140553,-0.2636654927280072,0.9943497193247306,31.197875,973.307404515625,0.9996381607177243,1.3962446919730587,-2834.147463702414,4654.704350319257,3300.1479610932843,89.99288237460244,296.565051177078,74.4
2021-07-18,85.7,91.4,80.6,999.9,6.2,9.3,13.6,-545.3630345373161,31.197875,121.336319,3.04,98.46389347592286,13.787242960455941,40.44652167600361,-0.2802306751992161,0.9943497193247306,31.197875,973.307404515625,0.9996381607177243,1.3962446919730587,-2834.147463702414,4654.704350319257,3300.1479610932843,89.99288237460244,296.565051177078,72.9
2021-07-19,87.3,95.0,82.4,999.9,6.2,10.2,13.6,624.0014883354968,31.197875,121.336319,3.04,100.17504229531471,13.769765263960785,40.385973765389245,-0.2967128192734901,0.9943497193247306,31.197875,973.307404515625,0.9996381607177243,1.3962446919730587,-2834.147463702414,4654.704350319257,3300.1479610932843,89.99288237460244,296.565051177078,75.6
2021-07-20,86.3,93.2,82.4,999.9,6.2,10.3,13.6,23.3,31.197875,121.336319,3.04,98.89805538439809,13.75175741150379,40.323255011766555,-0.3131070409358267,0.9943497193247306,31.197875,973.307404515625,0.9996381607177243,1.3962446919730587,-2834.147463702414,4654.704350319257,3300.1479610932843,89.99288237460244,296.565051177078,75.6
2021-07-21,86.3,93.2,82.4,999.9,6.2,10.5,13.6,23.3,31.197875,121.336319,3.04,98.7648073884717,13.733229300830363,40.25835301781065,-0.3294084822245302,0.9943497193247306,31.197875,973.307404515625,0.9996381607177243,1.3962446919730587,-2834.147463702414,4654.704350319257,3300.1479610932843,89.99288237460244,296.565051177078,71.9
2021-07-22,85.7,89.6,82.4,999.9,6.2,12.4,15.5,23.3,31.197875,121.336319,3.04,97.94218045273813,13.714190961876984,40.19125530191951,-0.3456123126707333,0.9943497193247306,31.197875,973.307404515625,0.9996381607177243,1.3962446919730587,-2834.147463702414,4654.704350319257,3300.1479610932843,89.99288237460244,296.565051177078,75.0
2021-07-23,85.3,91.4,77.0,999.9,6.2,13.4,17.5,23.3,31.197875,121.336319,3.04,97.34615514266754,13.694652540586292,40.12194934218025,-0.3617137307297674,0.9943497193247306,31.197875,973.307404515625,0.9996381607177243,1.3962446919730587,-2834.147463702414,4654.704350319257,3300.1479610932843,89.99288237460244,296.565051177078,75.3
2021-07-24,80.5,82.4,77.0,999.9,5.7,16.3,27.2,40.8,31.197875,121.336319,3.04,91.73393789844259,13.674624282997653,40.0504226216528,-0.37770796520396466,0.9943497193247306,31.197875,973.307404515625,0.9996381607177243,1.3962446919730587,-2834.147463702414,4654.704350319257,3300.1479610932843,89.99288237460244,296.565051177078,77.1
2021-07-25,78.4,80.6,77.0,999.9,3.8,23.1,31.1,50.5,31.197875,121.336319,3.04,89.20689459509019,13.654116519656661,39.976662674919005,-0.39359027665646645,0.9943497193247306,31.197875,973.307404515625,0.9996381607177243,1.3962446919730587,-2834.147463702414,4654.704350319257,3300.1479610932843,89.99288237460244,296.565051177078,77.8
2021-07-26,78.7,78.8,77.0,999.9,3.7,13.2,17.5,27.2,31.197875,121.336319,3.04,89.41067420710154,13.633139650383969,39.90065713584059,-0.4093559588156211,0.9943497193247306,31.197875,973.307404515625,0.9996381607177243,1.3962446919730587,-2834.147463702414,4654.704350319257,3300.1479610932843,89.99288237460244,296.565051177078,78.7
2021-07-27,80.0,80.6,78.8,999.9,4.6,14.0,19.4,29.1,31.197875,121.336319,3.04,90.744694196273,13.611704129440952,39.822393786463564,-0.42500033996955394,0.9943497193247306,31.197875,973.307404515625,0.9996381607177243,1.3962446919730587,-2834.147463702414,4654.704350319257,3300.1479610932843,89.99288237460244,296.565051177078,79.8
2021-07-28,83.5,89.6,80.6,999.9,6.2,14.1,19.4,27.2,31.197875,121.336319,3.04,94.56250063908894,13.589820451126554,39.741860607002614,-0.4405187843504952,0.9943497193247306,31.197875,973.307404515625,0.9996381607177243,1.3962446919730587,-2834.147463702414,4654.704350319257,3300.1479610932843,89.99288237460244,296.565051177078,79.3
2021-07-29,85.4,95.0,80.6,999.9,6.2,5.7,13.6,218.25825789150508,31.197875,121.336319,3.04,96.55536885003764,13.56749913583667,39.65904582683319,-0.455906693508459,0.9943497193247306,31.197875,973.307404515625,0.9996381607177243,1.3962446919730587,-2834.147463702414,4654.704350319257,3300.1479610932843,89.99288237460244,296.565051177078,79.2
2021-07-30,88.2,95.0,82.4,999.9,5.9,5.5,11.7,-378.7622998767218,31.197875,121.336319,3.04,99.55391776711468,13.544750716614242,39.57393797641466,-0.47115950767386394,0.9943497193247306,31.197875,973.307404515625,0.9996381607177243,1.3962446919730587,-2834.147463702414,4654.704350319257,3300.1479610932843,89.99288237460244,296.565051177078,75.7
2021-07-31,84.7,89.6,77.0,999.9,5.7,5.4,9.7,-522.1366583426025,31.197875,121.336319,3.04,95.439859250869,13.521585726215207,39.48652594006284,-0.4862727071086902,0.9943497193247306,31.197875,973.307404515625,0.9996381607177243,1.3962446919730587,-2834.147463702414,4654.704350319257,3300.1479610932843,89.99288237460244,296.565051177078,79.0
2021-08-01,83.8,87.8,80.6,999.9,6.0,4.7,9.7,191.65646014319483,31.197875,121.336319,3.04,94.26113588157489,13.498014684712397,39.396799009485704,-0.5012418134457756,0.9943497193247306,31.197875,973.307404515625,0.9996381607177243,1.3962446919730587,-2834.147463702414,4654.704350319257,3300.1479610932843,89.99288237460244,296.565051177078,80.1
2021-08-02,86.1,91.4,80.6,999.9,6.2,8.1,11.7,710.4151645807373,31.197875,121.336319,3.04,96.67629502893497,13.474048087656444,39.30474693799169,-0.5160623910158526,0.9943497193247306,31.197875,973.307404515625,0.9996381607177243,1.3962446919730587,-2834.147463702414,4654.704350319257,3300.1479610932843,89.99288237460244,296.565051177078,77.9
2021-08-03,85.0,87.8,82.4,999.9,6.2,9.6,11.7,329.8863703446113,31.197875,121.336319,3.04,95.26868279656982,13.449696394809857,39.210359995275596,-0.5307300481619331,0.9943497193247306,31.197875,973.307404515625,0.9996381607177243,1.3962446919730587,-2834.147463702414,4654.704350319257,3300.1479610932843,89.99288237460244,296.565051177078,78.9
2021-08-04,85.5,91.4,82.4,999.9,6.2,10.4,13.6,19.4,31.197875,121.336319,3.04,95.65291138870641,13.424970019467565,39.11362902268288,-0.5452404385406507,0.9943497193247306,31.197875,973.307404515625,0.9996381607177243,1.3962446919730587,-2834.147463702414,4654.704350319257,3300.1479610932843,89.99288237460244,296.565051177078,76.1
2021-08-05,85.5,91.4,82.4,999.9,6.2,9.0,13.6,-187.81912355311084,31.197875,121.336319,3.04,95.47414014341821,13.399879318374486,39.01454548885,-0.5595892624101763,0.9943497193247306,31.197875,973.307404515625,0.9996381607177243,1.3962446919730587,-2834.147463702414,4654.704350319257,3300.1479610932843,89.99288237460244,296.565051177078,76.7
2021-08-06,85.0,91.4,80.6,999.9,6.2,8.6,13.6,139.99064455240972,31.197875,121.336319,3.04,94.73557829092329,13.374434582247993,38.913101545613834,-0.5737722679043243,0.9943497193247306,31.197875,973.307404515625,0.9996381607177243,1.3962446919730587,-2834.147463702414,4654.704350319257,3300.1479610932843,89.99288237460244,296.565051177078,75.6
2021-08-07,85.2,91.4,78.8,999.9,6.2,9.8,13.6,27.2,31.197875,121.336319,3.04,94.77538679106611,13.34864602691072,38.809290084081184,-0.5877852522924734,0.9943497193247306,31.197875,973.307404515625,0.9996381607177243,1.3962446919730587,-2834.147463702414,4654.704350319257,3300.1479610932843,89.99288237460244,296.565051177078,74.1
2021-08-08,84.6,91.4,77.0,999.9,6.2,7.0,11.7,-245.9026188779263,31.197875,121.336319,3.04,93.92379268450784,13.322523785036573,38.70310479074503,-0.6016240632249227,0.9943497193247306,31.197875,973.307404515625,0.9996381607177243,1.3962446919730587,-2834.147463702414,4654.704350319257,3300.1479610932843,89.99288237460244,296.565051177078,72.3
2021-08-09,87.1,95.0,82.4,999.9,6.1,6.3,13.6,1707.0569663465144,31.197875,121.336319,3.04,96.5073654133573,13.296077898510767,38.59454020353302,-0.6152845999633277,0.9943497193247306,31.197875,973.307404515625,0.9996381607177243,1.3962446919730587,-2834.147463702414,4654.704350319257,3300.1479610932843,89.99288237460244,296.565051177078,75.9
2021-08-10,85.1,93.2,80.6,999.9,6.2,5.3,13.6,381.4896079226181,31.197875,121.336319,3.04,94.1015823583616,13.26931831140234,38.48359176766985,-0.6287628145958345,0.9943497193247306,31.197875,973.307404515625,0.9996381607177243,1.3962446919730587,-2834.147463702414,4654.704350319257,3300.1479610932843,89.99288237460244,296.565051177078,78.2
2021-08-11,80.9,86.0,78.8,999.9,5.8,4.0,9.7,172.57228386345048,31.197875,121.336319,3.04,89.27486820507131,13.242254863545805,38.370255891234315,-0.6420547132365636,0.9943497193247306,31.197875,973.307404515625,0.9996381607177243,1.3962446919730587,-2834.147463702414,4654.704350319257,3300.1479610932843,89.99288237460244,296.565051177078,79.0
2021-08-12,82.2,87.8,78.8,999.9,6.1,6.2,11.7,-85.04231291056223,31.197875,121.336319,3.04,90.52204640037712,13.214897284726586,38.2545300002897,-0.655156357209085,0.9943497193247306,31.197875,973.307404515625,0.9996381607177243,1.3962446919730587,-2834.147463702414,4654.704350319257,3300.1479610932843,89.99288237460244,296.565051177078,78.4
2021-08-13,79.1,86.0,73.4,999.9,5.6,8.4,11.7,180.45691672206607,31.197875,121.336319,3.04,86.92599045721225,13.1872551894633,38.13641259346484,-0.6680638642135333,0.9943497193247306,31.197875,973.307404515625,0.9996381607177243,1.3962446919730587,-2834.147463702414,4654.704350319257,3300.1479610932843,89.99288237460244,296.565051177078,75.7
2021-08-14,76.1,78.8,73.4,999.9,5.3,4.3,7.8,-204.86123793946203,31.197875,121.336319,3.04,83.45213560899889,13.159338072378276,38.01590329586241,-0.6807734094770159,0.9943497193247306,31.197875,973.307404515625,0.9996381607177243,1.3962446919730587,-2834.147463702414,4654.704350319257,3300.1479610932843,89.99288237460244,296.565051177078,75.3
2021-08-15,77.8,80.6,75.2,999.9,4.5,5.5,9.7,-1002.8055198219731,31.197875,121.336319,3.04,85.13365688854905,13.131155304146384,37.8930029121704,-0.6932812268869771,0.9943497193247306,31.197875,973.307404515625,0.9996381607177243,1.3962446919730587,-2834.147463702414,4654.704350319257,3300.1479610932843,89.99288237460244,296.565051177078,77.5
2021-08-16,78.5,84.2,77.0,999.9,5.5,4.6,7.8,-129.14032595077094,31.197875,121.336319,3.04,85.71360133740427,13.102716128010844,37.7677134788525,-0.7055836101071774,0.9943497193247306,31.197875,973.307404515625,0.9996381607177243,1.3962446919730587,-2834.147463702414,4654.704350319257,3300.1479610932843,89.99288237460244,296.565051177078,77.8
2021-08-17,80.9,87.8,75.2,999.9,6.2,6.3,11.7,21.4,31.197875,121.336319,3.04,88.14074993662169,13.07402965685365,37.64003831529362,-0.7176769136759615,0.9943497193247306,31.197875,973.307404515625,0.9996381607177243,1.3962446919730587,-2834.147463702414,4654.704350319257,3300.1479610932843,89.99288237460244,296.565051177078,73.3
2021-08-18,82.6,89.6,78.8,999.9,6.2,5.8,7.8,808.7569488449071,31.197875,121.336319,3.04,89.7938051940559,13.045104870807155,37.50998207377679,-0.7295575540864876,0.9943497193247306,31.197875,973.307404515625,0.9996381607177243,1.3962446919730587,-2834.147463702414,4654.704350319257,3300.1479610932843,89.99288237460244,296.565051177078,71.9
2021-08-19,83.7,89.6,78.8,999.9,6.2,9.1,11.7,192.1569708028581,31.197875,121.336319,3.04,90.7862555423625,13.015950615392471,37.37755078816934,-0.7412220108485957,0.9943497193247306,31.197875,973.307404515625,0.9996381607177243,1.3962446919730587,-2834.147463702414,4654.704350319257,3300.1479610932843,89.99288237460244,296.565051177078,73.8
2021-08-20,86.2,91.4,82.4,999.9,6.2,9.1,13.6,-719.3048049748318,31.197875,121.336319,3.04,93.28690139455202,12.986575600169655,37.24275192119704,-0.7526668275320083,0.9943497193247306,31.197875,973.307404515625,0.9996381607177243,1.3962446919730587,-2834.147463702414,4654.704350319257,3300.1479610932843,89.99288237460244,296.565051177078,77.5
2021-08-21,85.0,89.6,80.6,999.9,6.2,5.3,9.7,15.5,31.197875,121.336319,3.04,91.778667818344,12.95698839788386,37.10559441018709,-0.7638886127905429,0.9943497193247306,31.197875,973.307404515625,0.9996381607177243,1.3962446919730587,-2834.147463702414,4654.704350319257,3300.1479610932843,89.99288237460244,296.565051177078,77.2
2021-08-22,84.7,91.4,80.6,999.9,6.2,9.0,13.6,666.123970934344,31.197875,121.336319,3.04,91.24446862621085,12.927197444091263,36.9660887111625,-0.7748840413670406,0.9943497193247306,31.197875,973.307404515625,0.9996381607177243,1.3962446919730587,-2834.147463702414,4654.704350319257,3300.1479610932843,89.99288237460244,296.565051177078,77.6
2021-08-23,87.3,93.2,82.4,999.9,6.2,7.0,13.6,-309.50215398201556,31.197875,121.336319,3.04,93.82721029597901,12.897211037247974,36.82424684117339,-0.7856498550787144,0.9943497193247306,31.197875,973.307404515625,0.9996381607177243,1.3962446919730587,-2834.147463702414,4654.704350319257,3300.1479610932843,89.99288237460244,296.565051177078,78.3
2021-08-24,85.2,91.4,78.8,999.9,5.6,5.6,13.6,21.4,31.197875,121.336319,3.04,91.35596510863897,12.867037339244925,36.68008241875292,-0.7961828637826154,0.9943497193247306,31.197875,973.307404515625,0.9996381607177243,1.3962446919730587,-2834.147463702414,4654.704350319257,3300.1479610932843,89.99288237460244,296.565051177078,78.6
2021-08-25,84.7,89.6,80.6,999.9,6.2,5.3,13.6,19.4,31.197875,121.336319,3.04,90.60559722322172,12.836684376371435,36.53361070238958,-0.8064799463209447,0.9943497193247306,31.197875,973.307404515625,0.9996381607177243,1.3962446919730587,-2834.147463702414,4654.704350319257,3300.1479610932843,89.99288237460244,296.565051177078,72.9
2021-08-26,84.4,93.2,73.4,999.9,6.0,6.7,23.3,33.0,31.197875,121.336319,3.04,90.06999228618606,12.80616004068996,36.3848486269103,-0.8165380514459157,0.9943497193247306,31.197875,973.307404515625,0.9996381607177243,1.3962446919730587,-2834.147463702414,4654.704350319257,3300.1479610932843,89.99288237460244,296.565051177078,76.9
2021-08-27,85.7,91.4,80.6,999.9,6.1,5.8,9.7,15.5,31.197875,121.336319,3.04,91.23816318897052,12.775472091804506,36.233814837673194,-0.8263541987239094,0.9943497193247306,31.197875,973.307404515625,0.9996381607177243,1.3962446919730587,-2834.147463702414,4654.704350319257,3300.1479610932843,89.99288237460244,296.565051177078,78.2
2021-08-28,87.5,95.0,82.4,999.9,6.2,5.7,9.7,15.5,31.197875,121.336319,3.04,92.92958032607929,12.74462815900516,36.08052972247284,-0.8359254794186365,0.9943497193247306,31.197875,973.307404515625,0.9996381607177243,1.3962446919730587,-2834.147463702414,4654.704350319257,3300.1479610932843,89.99288237460244,296.565051177078,78.8
2021-08-29,87.4,95.0,80.6,999.9,6.2,7.8,13.6,-351.4453923914042,31.197875,121.336319,3.04,92.59764700046652,12.713635743771148,35.925015441065426,-0.8452490573530634,0.9943497193247306,31.197875,973.307404515625,0.9996381607177243,1.3962446919730587,-2834.147463702414,4654.704350319257,3300.1479610932843,89.99288237460244,296.565051177078,76.6
2021-08-30,86.7,93.2,82.4,999.9,6.2,8.7,11.7,-267.1900394127472,31.197875,121.336319,3.04,91.63107855839398,12.682502222615085,35.767295952225886,-0.8543221697498269,0.9943497193247306,31.197875,973.307404515625,0.9996381607177243,1.3962446919730587,-2834.147463702414,4654.704350319257,3300.1479610932843,89.99288237460244,296.565051177078,77.0
2021-08-31,87.6,93.2,82.4,999.9,6.2,7.9,11.7,123.93056403641424,31.197875,121.336319,3.04,92.35401440683309,12.65123485025111,35.60739703825439,-0.8631421280499115,0.9943497193247306,31.197875,973.307404515625,0.9996381607177243,1.3962446919730587,-2834.147463702414,4654.704350319257,3300.1479610932843,89.99288237460244,296.565051177078,77.3
2021-09-01,87.3,98.6,82.4,999.9,5.7,5.4,13.6,81.0024121217492,31.197875,121.336319,3.04,91.809341551333,12.619840763069828,35.445346326854505,-0.8717063187093217,0.9943497193247306,31.197875,973.307404515625,0.9996381607177243,1.3962446919730587,-2834.147463702414,4654.704350319257,3300.1479610932843,89.99288237460244,296.565051177078,78.7
2021-09-02,82.9,91.4,75.2,999.9,5.6,4.6,11.7,7.454920597640118,31.197875,121.336319,3.04,86.96435890689011,12.588326982903274,35.28117331031157,-0.8800122039735356,0.9943497193247306,31.197875,973.307404515625,0.9996381607177243,1.3962446919730587,-2834.147463702414,4654.704350319257,3300.1479610932843,89.99288237460244,296.565051177078,77.9
2021-09-03,82.2,86.0,78.8,999.9,6.2,6.1,9.7,325.96726461304775,31.197875,121.336319,3.04,86.01339788428326,12.556700421063251,35.11490936190484,-0.888057322629493,0.9943497193247306,31.197875,973.307404515625,0.9996381607177243,1.3962446919730587,-2834.147463702414,4654.704350319257,3300.1479610932843,89.99288237460244,296.565051177078,74.2
2021-09-04,84.7,89.6,82.4,999.9,6.2,9.2,11.7,-237.47400936262255,31.197875,121.336319,3.04,88.40539830494495,12.524967882636828,34.94658774949393,-0.8958392907349089,0.9943497193247306,31.197875,973.307404515625,0.9996381607177243,1.3962446919730587,-2834.147463702414,4654.704350319257,3300.1479610932843,89.99288237460244,296.565051177078,77.1
2021-09-05,86.0,91.4,78.8,999.9,5.8,7.1,9.7,435.6809513371468,31.197875,121.336319,3.04,89.53414184233128,12.493136071022969,34.77624364622525,-0.9033558023246842,0.9943497193247306,31.197875,973.307404515625,0.9996381607177243,1.3962446919730587,-2834.147463702414,4654.704350319257,3300.1479610932843,89.99288237460244,296.565051177078,78.0
2021-09-06,84.0,89.6,77.0,999.9,5.2,7.6,11.7,-481.985913038641,31.197875,121.336319,3.04,87.22848114886264,12.461211592694664,34.60391413831158,-0.9106046300942162,0.9943497193247306,31.197875,973.307404515625,0.9996381607177243,1.3962446919730587,-2834.147463702414,4654.704350319257,3300.1479610932843,89.99288237460244,296.565051177078,75.0
2021-09-07,80.4,86.0,77.0,999.9,6.2,8.1,11.7,438.5250607314273,31.197875,121.336319,3.04,83.2756464465472,12.429200962171222,34.42963822984389,-0.9175836260593934,0.9943497193247306,31.197875,973.307404515625,0.9996381607177243,1.3962446919730587,-2834.147463702414,4654.704350319257,3300.1479610932843,89.99288237460244,296.565051177078,68.9
2021-09-08,79.8,84.2,78.8,999.9,6.2,5.9,7.8,241.17378053886557,31.197875,121.336319,3.04,82.4407855377853,12.39711060718576,34.25345684460121,-0.9242907221930934,0.9943497193247306,31.197875,973.307404515625,0.9996381607177243,1.3962446919730587,-2834.147463702414,4654.704350319257,3300.1479610932843,89.99288237460244,296.565051177078,68.1
2021-09-09,83.2,86.0,80.6,999.9,6.2,8.1,11.7,275.4176685583624,31.197875,121.336319,3.04,85.73029832663016,12.364946874033198,34.07541282483168,-0.9307239310379793,0.9943497193247306,31.197875,973.307404515625,0.9996381607177243,1.3962446919730587,-2834.147463702414,4654.704350319257,3300.1479610932843,89.99288237460244,296.565051177078,76.9
2021-09-10,81.3,89.6,75.2,999.9,6.1,4.6,13.6,-3.6998923990827564,31.197875,121.336319,3.04,83.55415112414727,12.332716033084468,33.89555092698427,-0.9368813462954315,0.9943497193247306,31.197875,973.307404515625,0.9996381607177243,1.3962446919730587,-2834.147463702414,4654.704350319257,3300.1479610932843,89.99288237460244,296.565051177078,77.7
2021-09-11,80.6,84.2,78.8,999.9,6.2,7.7,11.7,250.92879408114823,31.197875,121.336319,3.04,82.61784977724224,12.30042428445294,33.71391781437797,-0.9427611433904206,0.9943497193247306,31.197875,973.307404515625,0.9996381607177243,1.3962446919730587,-2834.147463702414,4654.704350319257,3300.1479610932843,89.99288237460244,296.565051177078,76.5
2021-09-12,78.7,82.4,75.2,999.9,5.9,10.7,15.5,27.2,31.197875,121.336319,3.04,80.45814333425089,12.268077763799374,33.5305620468025,-0.9483615800121716,0.9943497193247306,31.197875,973.307404515625,0.9996381607177243,1.3962446919730587,-2834.147463702414,4654.704350319257,3300.1479610932843,89.99288237460244,296.565051177078,75.9
2021-09-13,76.1,78.8,75.2,999.9,4.0,20.5,27.2,36.9,31.197875,121.336319,3.04,77.59462016022815,12.235682548261995,33.34553406705117,-0.9536809966304455,0.9943497193247306,31.197875,973.307404515625,0.9996381607177243,1.3962446919730587,-2834.147463702414,4654.704350319257,3300.1479610932843,89.99288237460244,296.565051177078,75.6
2021-09-14,75.5,77.0,73.4,999.9,5.6,14.6,19.4,31.1,31.197875,121.336319,3.04,76.77874766822077,12.203244662498665,33.15888618439429,-0.9587178169872964,0.9943497193247306,31.197875,973.307404515625,0.9996381607177243,1.3962446919730587,-2834.147463702414,4654.704350319257,3300.1479610932843,89.99288237460244,296.565051177078,73.6
2021-09-15,75.8,80.6,73.4,999.9,5.8,11.6,17.5,-729.6414780842509,31.197875,121.336319,3.04,76.8786977024981,12.170770084828197,32.97067255500813,-0.9634705485641486,0.9943497193247306,31.197875,973.307404515625,0.9996381607177243,1.3962446919730587,-2834.147463702414,4654.704350319257,3300.1479610932843,89.99288237460244,296.565051177078,73.2
2021-09-16,76.6,84.2,69.8,999.9,6.2,10.2,17.5,586.4326462722539,31.197875,121.336319,3.04,77.4825900095756,12.138264753458321,32.78094915938175,-0.9679377830240642,0.9943497193247306,31.197875,973.307404515625,0.9996381607177243,1.3962446919730587,-2834.147463702414,4654.704350319257,3300.1479610932843,89.99288237460244,296.565051177078,68.5
2021-09-17,76.6,84.2,68.0,999.9,6.2,6.1,11.7,-836.8633869372776,31.197875,121.336319,3.04,77.27493902296256,12.105734572787869,32.589773776731306,-0.9721181966290612,0.9943497193247306,31.197875,973.307404515625,0.9996381607177243,1.3962446919730587,-2834.147463702414,4654.704350319257,3300.1479610932843,89.99288237460244,296.565051177078,64.7
2021-09-18,78.7,87.8,73.4,999.9,6.2,5.5,9.7,-543.6462293331283,31.197875,121.336319,3.04,79.17997437799792,12.073185419770965,32.39720595645791,-0.9760105506323682,0.9943497193247306,31.197875,973.307404515625,0.9996381607177243,1.3962446919730587,-2834.147463702414,4654.704350319257,3300.1479610932843,89.99288237460244,296.565051177078,66.1
2021-09-19,80.7,87.8,77.0,999.9,6.2,10.4,13.6,125.11555472340544,31.197875,121.336319,3.04,80.97319068597763,12.040623150331246,32.20330698669245,-0.9796136916454901,0.9943497193247306,31.197875,973.307404515625,0.9996381607177243,1.3962446919730587,-2834.147463702414,4654.704350319257,3300.1479610932843,89.99288237460244,296.565051177078,73.0
2021-09-20,80.2,91.4,71.6,999.9,6.2,7.0,13.6,365.6252064291031,31.197875,121.336319,3.04,80.25382493219138,12.00805360581417,32.00813985997743,-0.9829265519799822,0.9943497193247306,31.197875,973.307404515625,0.9996381607177243,1.3962446919730587,-2834.147463702414,4654.704350319257,3300.1479610932843,89.99288237460244,296.565051177078,71.5
2021-09-21,80.0,87.8,73.4,999.9,6.0,5.9,9.7,21.4,31.197875,121.336319,3.04,79.83655079643731,11.975482619465597,31.811769236142535,-0.9859481499638303,0.9943497193247306,31.197875,973.307404515625,0.9996381607177243,1.3962446919730587,-2834.147463702414,4654.704350319257,3300.1479610932843,89.99288237460244,296.565051177078,68.9
2021-09-22,83.3,93.2,75.2,999.9,6.2,4.8,7.8,17.5,31.197875,121.336319,3.04,82.90374205913767,11.942916022924996,31.61426140243723,-0.9886775902323404,0.9943497193247306,31.197875,973.307404515625,0.9996381607177243,1.3962446919730587,-2834.147463702414,4654.704350319257,3300.1479610932843,89.99288237460244,296.565051177078,67.5
2021-09-23,84.5,95.0,75.2,999.9,6.1,7.2,9.7,-752.1578462044039,31.197875,121.336319,3.04,83.86878255458052,11.910359652721494,31.415684230989896,-0.9911140639934546,0.9943497193247306,31.197875,973.307404515625,0.9996381607177243,1.3962446919730587,-2834.147463702414,4654.704350319257,3300.1479610932843,89.99288237460244,296.565051177078,65.9
2021-09-24,79.9,87.8,71.6,999.9,6.2,8.6,11.7,776.743454955076,31.197875,121.336319,3.04,79.08648055043473,11.87781935676116,31.21610713366949,-0.9932568492674143,0.9943497193247306,31.197875,973.307404515625,0.9996381607177243,1.3962446919730587,-2834.147463702414,4654.704350319257,3300.1479610932843,89.99288237460244,296.565051177078,66.9
2021-09-25,79.4,86.0,73.4,999.9,6.2,8.7,13.6,19.4,31.197875,121.336319,3.04,78.37640828858551,11.845301000793778,31.01560101443133,-0.9951053111006974,0.9943497193247306,31.197875,973.307404515625,0.9996381607177243,1.3962446919730587,-2834.147463702414,4654.704350319257,3300.1479610932843,89.99288237460244,296.565051177078,66.3
2021-09-26,81.0,87.8,75.2,999.9,6.2,7.8,11.7,19.4,31.197875,121.336319,3.04,79.73647070521979,11.812810474847376,30.81423821923451,-0.99665890175417,0.9943497193247306,31.197875,973.307404515625,0.9996381607177243,1.3962446919730587,-2834.147463702414,4654.704350319257,3300.1479610932843,89.99288237460244,296.565051177078,68.5
2021-09-27,82.2,91.4,75.2,999.9,6.2,5.7,9.7,1056.793735710005,31.197875,121.336319,3.04,80.69542284238786,11.780353699618665,30.612092483624263,-0.9979171608653922,0.9943497193247306,31.197875,973.307404515625,0.9996381607177243,1.3962446919730587,-2834.147463702414,4654.704350319257,3300.1479610932843,89.99288237460244,296.565051177078,72.2
2021-09-28,82.7,91.4,75.2,999.9,6.2,5.8,11.7,163.3559159870071,31.197875,121.336319,3.04,80.96286329443086,11.747936632807379,30.409238878077268,-0.9988797155850335,0.9943497193247306,31.197875,973.307404515625,0.9996381607177243,1.3962446919730587,-2834.147463702414,4654.704350319257,3300.1479610932843,89.99288237460244,296.565051177078,71.9
2021-09-29,78.9,91.4,73.4,999.9,5.9,8.8,19.4,2.23852762203207,31.197875,121.336319,3.04,77.02984168563994,11.715565275382499,30.205753751213468,-0.9995462806873573,0.9943497193247306,31.197875,973.307404515625,0.9996381607177243,1.3962446919730587,-2834.147463702414,4654.704350319257,3300.1479610932843,89.99288237460244,296.565051177078,72.1
2021-09-30,76.9,84.2,69.8,999.9,6.2,5.2,9.7,364.45727635612946,31.197875,121.336319,3.04,74.87013271836308,11.68324567776797,30.00171467098231,-0.9999166586547379,0.9943497193247306,31.197875,973.307404515625,0.9996381607177243,1.3962446919730587,-2834.147463702414,4654.704350319257,3300.1479610932843,89.99288237460244,296.565051177078,66.2
2021-10-01,79.0,87.8,73.4,999.9,6.2,4.4,9.7,17.5,31.197875,121.336319,3.04,76.70231097740864,11.65098394593549,29.79720036393609,-0.9999907397361901,0.9943497193247306,31.197875,973.307404515625,0.9996381607177243,1.3962446919730587,-2834.147463702414,4654.704350319257,3300.1479610932843,89.99288237460244,296.565051177078,66.2
2021-10-02,80.1,89.6,73.4,999.9,6.2,8.7,13.6,-217.75651336043762,31.197875,121.336319,3.04,77.55539820133922,11.618786247391643,29.592290652706886,-0.9997685019798909,0.9943497193247306,31.197875,973.307404515625,0.9996381607177243,1.3962446919730587,-2834.147463702414,4654.704350319257,3300.1479610932843,89.99288237460244,296.565051177078,68.3
2021-10-03,81.0,87.8,75.2,999.9,6.2,13.5,17.5,25.3,31.197875,121.336319,3.04,78.20994701506305,11.586658817046377,29.3870663918075,-0.9992500112396835,0.9943497193247306,31.197875,973.307404515625,0.9996381607177243,1.3962446919730587,-2834.147463702414,4654.704350319257,3300.1479610932843,89.99288237460244,296.565051177078,68.6
2021-10-04,81.8,89.6,75.2,999.9,6.2,11.7,17.5,17.05680784239768,31.197875,121.336319,3.04,78.76391094743997,11.554607962949628,29.181609401880635,-0.9984354211555643,0.9943497193247306,31.197875,973.307404515625,0.9996381607177243,1.3962446919730587,-2834.147463702414,4654.704350319257,3300.1479610932843,89.99288237460244,296.565051177078,71.8
2021-10-05,82.2,89.6,78.8,999.9,6.2,7.5,11.7,759.8540234684297,31.197875,121.336319,3.04,78.9300844923954,11.52264007188254,28.976002402523026,-0.9973249731081555,0.9943497193247306,31.197875,973.307404515625,0.9996381607177243,1.3962446919730587,-2834.147463702414,4654.704350319257,3300.1479610932843,89.99288237460244,296.565051177078,68.4
2021-10-06,81.6,87.8,73.4,999.9,6.2,8.7,13.6,936.3163767051781,31.197875,121.336319,3.04,78.13717898056795,11.490761614789404,28.77032894381469,-0.9959189961471792,0.9943497193247306,31.197875,973.307404515625,0.9996381607177243,1.3962446919730587,-2834.147463702414,4654.704350319257,3300.1479610932843,89.99288237460244,296.565051177078,71.5
2021-10-07,78.2,84.2,75.2,999.9,6.2,6.8,11.7,800.0320303073302,31.197875,121.336319,3.04,74.67434747410289,11.458979152036248,28.564673336685654,-0.994217906893952,0.9943497193247306,31.197875,973.307404515625,0.9996381607177243,1.3962446919730587,-2834.147463702414,4654.704350319257,3300.1479610932843,89.99288237460244,296.565051177078,72.7
2021-10-08,81.3,87.8,77.0,999.9,6.2,7.3,11.7,-322.68880613647593,31.197875,121.336319,3.04,77.41995301821211,11.427299338481493,28.359120582254388,-0.9922222094179324,0.9943497193247306,31.197875,973.307404515625,0.9996381607177243,1.3962446919730587,-2834.147463702414,4654.704350319257,3300.1479610932843,89.99288237460244,296.565051177078,73.2
2021-10-09,81.9,89.6,78.8,999.9,6.2,8.0,13.6,-371.6619916431447,31.197875,121.336319,3.04,77.77584993594724,11.395728928343917,28.153756300274495,-0.989932495087353,0.9943497193247306,31.197875,973.307404515625,0.9996381607177243,1.3962446919730587,-2834.147463702414,4654.704350319257,3300.1479610932843,89.99288237460244,296.565051177078,74.3
2021-10-10,78.5,89.6,68.0,999.9,5.5,11.0,19.4,29.1,31.197875,121.336319,3.04,74.34129751820328,11.36427477985273,27.948666656826884,-0.9873494423939864,0.9943497193247306,31.197875,973.307404515625,0.9996381607177243,1.3962446919730587,-2834.147463702414,4654.704350319257,3300.1479610932843,89.99288237460244,296.565051177078,72.9
2021-10-11,69.0,71.6,68.0,999.9,5.3,13.2,17.5,23.3,31.197875,121.336319,3.04,65.16442719306967,11.33294385966429,27.743938291396063,-0.9844738167520923,0.9943497193247306,31.197875,973.307404515625,0.9996381607177243,1.3962446919730587,-2834.147463702414,4654.704350319257,3300.1479610932843,89.99288237460244,296.565051177078,63.2
2021-10-12,72.8,77.0,69.8,999.9,5.6,13.3,17.5,25.3,31.197875,121.336319,3.04,68.56390903197986,11.301743247029647,27.539658243469958,-0.9813064702716093,0.9943497193247306,31.197875,973.307404515625,0.9996381607177243,1.3962446919730587,-2834.147463702414,4654.704350319257,3300.1479610932843,89.99288237460244,296.565051177078,66.3
2021-10-13,78.3,82.4,75.2,999.9,5.9,5.9,9.7,-268.7554749439104,31.197875,121.336319,3.04,73.54118789847118,11.270680137696733,27.33591387880204,-0.9778483415056567,0.9943497193247306,31.197875,973.307404515625,0.9996381607177243,1.3962446919730587,-2834.147463702414,4654.704350319257,3300.1479610932843,89.99288237460244,296.565051177078,77.5
2021-10-14,80.3,86.0,77.0,999.9,6.2,6.9,9.7,-62.90895809943738,31.197875,121.336319,3.04,75.21273969639368,11.239761847530811,27.13279281547572,-0.9741004551724206,0.9943497193247306,31.197875,973.307404515625,0.9996381607177243,1.3962446919730587,-2834.147463702414,4654.704350319257,3300.1479610932843,89.99288237460244,296.565051177078,75.9
2021-10-15,74.9,86.0,64.4,999.9,5.4,10.9,19.4,-231.82673968786833,31.197875,121.336319,3.04,69.96281555051269,11.208995815836477,26.930382849909172,-0.970063921851507,0.9943497193247306,31.197875,973.307404515625,0.9996381607177243,1.3962446919730587,-2834.147463702414,4654.704350319257,3300.1479610932843,89.99288237460244,296.565051177078,71.2
2021-10-16,60.4,68.0,57.2,999.9,5.9,15.9,23.3,33.0,31.197875,121.336319,3.04,56.26456102876643,11.178389608364192,26.72877188293845,-0.965739937654855,0.9943497193247306,31.197875,973.307404515625,0.9996381607177243,1.3962446919730587,-2834.147463702414,4654.704350319257,3300.1479610932843,89.99288237460244,296.565051177078,52.9
2021-10-17,58.9,62.6,55.4,999.9,6.2,10.4,17.5,-146.50186608217632,31.197875,121.336319,3.04,54.71785909892273,11.147950919984257,26.528047846115758,-0.9611297838723007,0.9943497193247306,31.197875,973.307404515625,0.9996381607177243,1.3962446919730587,-2834.147463702414,4654.704350319257,3300.1479610932843,89.99288237460244,296.565051177078,44.7
2021-10-18,61.6,69.8,55.4,999.9,6.2,4.2,7.8,178.53992018447366,31.197875,121.336319,3.04,57.07079622865558,11.117687577010827,26.328298628357206,-0.9562348265919058,0.9943497193247306,31.197875,973.307404515625,0.9996381607177243,1.3962446919730587,-2834.147463702414,4654.704350319257,3300.1479610932843,89.99288237460244,296.565051177078,49.6
2021-10-19,62.5,68.0,59.0,999.9,6.2,9.8,13.6,404.6352523359189,31.197875,121.336319,3.04,57.747955933117176,11.087607539158498,26.129612003073298,-0.9510565162951536,0.9943497193247306,31.197875,973.307404515625,0.9996381607177243,1.3962446919730587,-2834.147463702414,4654.704350319257,3300.1479610932843,89.99288237460244,296.565051177078,49.6
2021-10-20,54.5,59.0,51.8,999.9,6.2,8.8,13.6,358.9584863113692,31.197875,121.336319,3.04,50.22047334255918,11.057718901113947,25.93207555591226,-0.9455963874271428,0.9943497193247306,31.197875,973.307404515625,0.9996381607177243,1.3962446919730587,-2834.147463702414,4654.704350319257,3300.1479610932843,89.99288237460244,296.565051177078,51.9
2021-10-21,57.9,62.6,53.6,999.9,6.1,7.9,11.7,499.0218526760998,31.197875,121.336319,3.04,53.21024423712673,11.028029893705023,25.735776613244,-0.9398560579418953,0.9943497193247306,31.197875,973.307404515625,0.9996381607177243,1.3962446919730587,-2834.147463702414,4654.704350319257,3300.1479610932843,89.99288237460244,296.565051177078,48.2
2021-10-22,59.2,66.2,51.8,999.9,5.5,7.9,13.6,-972.7239093777459,31.197875,121.336319,3.04,54.25950783093894,10.998548884649784,25.540802171509323,-0.9338372288229252,0.9943497193247306,31.197875,973.307404515625,0.9996381607177243,1.3962446919730587,-2834.147463702414,4654.704350319257,3300.1479610932843,89.99288237460244,296.565051177078,46.6
2021-10-23,64.5,71.6,59.0,999.9,6.2,5.8,9.7,-879.6571884582664,31.197875,121.336319,3.04,58.95990353641613,10.969284378868117,25.347238827555177,-0.9275416835791965,0.9943497193247306,31.197875,973.307404515625,0.9996381607177243,1.3962446919730587,-2834.147463702414,4654.704350319257,3300.1479610932843,89.99288237460244,296.565051177078,48.1
2021-10-24,63.3,71.6,55.4,999.9,6.1,6.1,9.7,448.19073658722664,31.197875,121.336319,3.04,57.70979247173681,10.940245018338732,25.1551727100736,-0.9209712877166347,0.9943497193247306,31.197875,973.307404515625,0.9996381607177243,1.3962446919730587,-2834.147463702414,4654.704350319257,3300.1479610932843,89.99288237460244,296.565051177078,49.6
2021-10-25,63.3,71.6,55.4,999.9,6.1,5.2,11.7,63.15657471029723,31.197875,121.336319,3.04,57.5578437923314,10.911439581484625,24.96468941225715,-0.9141279881853337,0.9943497193247306,31.197875,973.307404515625,0.9996381607177243,1.3962446919730587,-2834.147463702414,4654.704350319257,3300.1479610932843,89.99288237460244,296.565051177078,51.8
2021-10-26,65.2,71.6,59.0,999.9,6.2,2.8,5.8,117.34838547622955,31.197875,121.336319,3.04,59.13029826924994,10.882876982070542,24.775873925779663,-0.9070138128026362,0.9943497193247306,31.197875,973.307404515625,0.9996381607177243,1.3962446919730587,-2834.147463702414,4654.704350319257,3300.1479610932843,89.99288237460244,296.565051177078,53.4
2021-10-27,64.0,71.6,55.4,999.9,5.7,5.7,9.7,-854.145156206352,31.197875,121.336319,3.04,57.89102009384742,10.854566267596391,24.588810576206342,-0.8996308696522434,0.9943497193247306,31.197875,973.307404515625,0.9996381607177243,1.3962446919730587,-2834.147463702414,4654.704350319257,3300.1479610932843,89.99288237460244,296.565051177078,52.5
2021-10-28,64.9,71.6,59.0,999.9,6.2,5.6,9.7,-337.26798852432273,31.197875,121.336319,3.04,58.553410704534215,10.826516617171194,24.40358295993177,-0.8919813464595487,0.9943497193247306,31.197875,973.307404515625,0.9996381607177243,1.3962446919730587,-2834.147463702414,4654.704350319257,3300.1479610932843,89.99288237460244,296.565051177078,49.7
2021-10-29,67.0,73.4,62.6,999.9,6.2,4.7,7.8,203.9526653767357,31.197875,121.336319,3.04,60.29295014192847,10.79873733885286,24.220273882739605,-0.8840675099433637,0.9943497193247306,31.197875,973.307404515625,0.9996381607177243,1.3962446919730587,-2834.147463702414,4654.704350319257,3300.1479610932843,89.99288237460244,296.565051177078,53.2
2021-10-30,65.3,73.4,57.2,999.9,6.2,6.2,9.7,594.6237266262569,31.197875,121.336319,3.04,58.6134860565437,10.771237866439884,24.03896530007163,-0.8758917051442433,0.9943497193247306,31.197875,973.307404515625,0.9996381607177243,1.3962446919730587,-2834.147463702414,4654.704350319257,3300.1479610932843,89.99288237460244,296.565051177078,53.0
2021-10-31,66.1,75.2,59.0,999.9,6.1,4.9,7.8,757.714850863997,31.197875,121.336319,3.04,59.18168622099204,10.744027755702035,23.85973825908817,-0.8674563547295971,0.9943497193247306,31.197875,973.307404515625,0.9996381607177243,1.3962446919730587,-2834.147463702414,4654.704350319257,3300.1479610932843,89.99288237460244,296.565051177078,56.7
2021-11-01,66.5,75.2,60.8,999.9,5.6,6.5,9.7,16.43184438281814,31.197875,121.336319,3.04,59.390688268545034,10.717116680038203,23.682672842595863,-0.858763958275803,0.9943497193247306,31.197875,973.307404515625,0.9996381607177243,1.3962446919730587,-2834.147463702414,4654.704350319257,3300.1479610932843,89.99288237460244,296.565051177078,54.9
2021-11-02,64.7,71.6,60.8,999.9,6.1,5.4,9.7,77.25059257379823,31.197875,121.336319,3.04,57.639690277761005,10.690514425550727,23.50784811491196,-0.8498170915275277,0.9943497193247306,31.197875,973.307404515625,0.9996381607177243,1.3962446919730587,-2834.147463702414,4654.704350319257,3300.1479610932843,89.99288237460244,296.565051177078,50.3
2021-11-03,64.6,73.4,59.0,999.9,6.2,4.4,9.7,15.5,31.197875,121.336319,3.04,57.409109600420194,10.664230885526973,23.335342069728377,-0.8406184056344783,0.9943497193247306,31.197875,973.307404515625,0.9996381607177243,1.3962446919730587,-2834.147463702414,4654.704350319257,3300.1479610932843,89.99288237460244,296.565051177078,50.6
2021-11-04,66.5,73.4,62.6,999.9,5.8,9.8,11.7,537.5278253694503,31.197875,121.336319,3.04,58.95377980102512,10.638276054320322,23.165231580031374,-0.8311706263658079,0.9943497193247306,31.197875,973.307404515625,0.9996381607177243,1.3962446919730587,-2834.147463702414,4654.704350319257,3300.1479610932843,89.99288237460244,296.565051177078,58.5
2021-11-05,65.4,68.0,64.4,999.9,4.9,7.7,13.6,21.4,31.197875,121.336319,3.04,57.838997112403405,10.612660020624476,22.99759235012612,-0.8214765533024145,0.9943497193247306,31.197875,973.307404515625,0.9996381607177243,1.3962446919730587,-2834.147463702414,4654.704350319257,3300.1479610932843,89.99288237460244,296.565051177078,65.1
2021-11-06,66.6,69.8,64.4,999.9,6.2,6.2,11.7,69.51333523773162,31.197875,121.336319,3.04,58.760030928758596,10.587392960136684,22.832498869808262,-0.8115390590073611,0.9943497193247306,31.197875,973.307404515625,0.9996381607177243,1.3962446919730587,-2834.147463702414,4654.704350319257,3300.1479610932843,89.99288237460244,296.565051177078,62.0
2021-11-07,55.4,73.4,41.0,999.9,6.1,13.5,21.4,33.0,31.197875,121.336319,3.04,48.76347300578768,10.56248512760744,22.670024370717268,-0.801361088174677,0.9943497193247306,31.197875,973.307404515625,0.9996381607177243,1.3962446919730587,-2834.147463702414,4654.704350319257,3300.1479610932843,89.99288237460244,296.565051177078,48.4
2021-11-08,44.5,50.0,41.0,999.9,6.2,10.7,17.5,27.2,31.197875,121.336319,3.04,39.07821956235801,10.537946848276317,22.51024078489899,-0.7909456567567774,0.9943497193247306,31.197875,973.307404515625,0.9996381607177243,1.3962446919730587,-2834.147463702414,4654.704350319257,3300.1479610932843,89.99288237460244,296.565051177078,26.1
2021-11-09,50.5,57.2,44.6,999.9,6.2,7.8,13.6,21.4,31.197875,121.336319,3.04,44.24552664076121,10.513788508695734,22.353218705597687,-0.780295851070776,0.9943497193247306,31.197875,973.307404515625,0.9996381607177243,1.3962446919730587,-2834.147463702414,4654.704350319257,3300.1479610932843,89.99288237460244,296.565051177078,30.5
2021-11-10,54.0,60.8,46.4,999.9,6.2,8.4,19.4,29.1,31.197875,121.336319,3.04,47.20509246126074,10.490020546946832,22.199027350289686,-0.7694148268839381,0.9943497193247306,31.197875,973.307404515625,0.9996381607177243,1.3962446919730587,-2834.147463702414,4654.704350319257,3300.1479610932843,89.99288237460244,296.565051177078,33.9
2021-11-11,56.2,62.6,50.0,999.9,6.2,7.8,13.6,43.52626183712376,31.197875,121.336319,3.04,49.01882695455673,10.466653442254106,22.047734525964092,-0.7583058084785625,0.9943497193247306,31.197875,973.307404515625,0.9996381607177243,1.3962446919730587,-2834.147463702414,4654.704350319257,3300.1479610932843,89.99288237460244,296.565051177078,32.7
2021-11-12,55.7,64.4,48.2,999.9,6.2,4.0,7.8,717.8009697456434,31.197875,121.336319,3.04,48.476163509437214,10.443697704008017,21.899406596647598,-0.7469720876965551,0.9943497193247306,31.197875,973.307404515625,0.9996381607177243,1.3962446919730587,-2834.147463702414,4654.704350319257,3300.1479610932843,89.99288237460244,296.565051177078,33.4
2021-11-13,57.0,68.0,48.2,999.9,6.1,4.1,7.8,446.3869882032845,31.197875,121.336319,3.04,49.500528335985635,10.421163860207502,21.754108453163663,-0.7354170229639858,0.9943497193247306,31.197875,973.307404515625,0.9996381607177243,1.3962446919730587,-2834.147463702414,4654.704350319257,3300.1479610932843,89.99288237460244,296.565051177078,43.0
2021-11-14,57.8,69.8,48.2,999.9,6.0,3.6,9.7,732.8114053101664,31.197875,121.336319,3.04,50.088817445040476,10.399062445337123,21.611903485108144,-0.7236440382959124,0.9943497193247306,31.197875,973.307404515625,0.9996381607177243,1.3962446919730587,-2834.147463702414,4654.704350319257,3300.1479610932843,89.99288237460244,296.565051177078,39.1
2021-11-15,60.1,69.8,53.6,999.9,6.2,4.4,9.7,-402.4102741836572,31.197875,121.336319,3.04,51.97349830504648,10.37740398769647,21.4728535550164,-0.711656622281775,0.9943497193247306,31.197875,973.307404515625,0.9996381607177243,1.3962446919730587,-2834.147463702414,4654.704350319257,3300.1479610932843,89.99288237460244,296.565051177078,42.6
2021-11-16,59.2,68.0,50.0,999.9,5.2,4.0,7.8,46.57955586384686,31.197875,121.336319,3.04,51.090581714598564,10.35619899620241,21.337018974689844,-0.6994583270516471,0.9943497193247306,31.197875,973.307404515625,0.9996381607177243,1.3962446919730587,-2834.147463702414,4654.704350319257,3300.1479610932843,89.99288237460244,296.565051177078,48.8
2021-11-17,60.5,66.2,51.8,999.9,6.0,4.5,7.8,553.9345867909674,31.197875,121.336319,3.04,52.10793381455102,10.335457946687805,21.204458483641908,-0.6870527672236675,0.9943497193247306,31.197875,973.307404515625,0.9996381607177243,1.3962446919730587,-2834.147463702414,4654.704350319257,3300.1479610932843,89.99288237460244,296.565051177078,51.1
2021-11-18,61.7,68.0,57.2,999.9,6.0,4.1,9.7,-639.700574681107,31.197875,121.336319,3.04,53.0372751015443,10.315191267723366,21.075229229617282,-0.6744436188329457,0.9943497193247306,31.197875,973.307404515625,0.9996381607177243,1.3962446919730587,-2834.147463702414,4654.704350319257,3300.1479610932843,89.99288237460244,296.565051177078,51.0
2021-11-19,63.2,71.6,53.6,999.9,6.2,5.6,9.7,458.27049581322683,31.197875,121.336319,3.04,54.222489116893556,10.295409325992447,20.94938675113082,-0.661634618242279,0.9943497193247306,31.197875,973.307404515625,0.9996381607177243,1.3962446919730587,-2834.147463702414,4654.704350319257,3300.1479610932843,89.99288237460244,296.565051177078,49.9
2021-11-20,64.5,69.8,60.8,999.9,6.2,7.3,11.7,17.5,31.197875,121.336319,3.04,55.23415796047738,10.276122411251606,20.826984961966193,-0.6486295610349818,0.9943497193247306,31.197875,973.307404515625,0.9996381607177243,1.3962446919730587,-2834.147463702414,4654.704350319257,3300.1479610932843,89.99288237460244,296.565051177078,51.9
2021-11-21,58.7,66.2,48.2,999.9,4.7,10.4,23.3,33.0,31.197875,121.336319,3.04,50.17549169313258,10.257340720912962,20.70807613756813,-0.6354323008901775,0.9943497193247306,31.197875,973.307404515625,0.9996381607177243,1.3962446919730587,-2834.147463702414,4654.704350319257,3300.1479610932843,89.99288237460244,296.565051177078,53.5
2021-11-22,45.3,51.8,39.2,999.9,6.2,11.3,17.5,-460.39209755167576,31.197875,121.336319,3.04,38.65250564968425,10.23907434428722,20.592710903255753,-0.622046748440868,0.9943497193247306,31.197875,973.307404515625,0.9996381607177243,1.3962446919730587,-2834.147463702414,4654.704350319257,3300.1479610932843,89.99288237460244,296.565051177078,21.8
2021-11-23,43.9,51.8,35.6,999.9,6.2,5.6,11.7,15.5,31.197875,121.336319,3.04,37.39304412688666,10.221333246529383,20.48093822417909,-0.6084768701151264,0.9943497193247306,31.197875,973.307404515625,0.9996381607177243,1.3962446919730587,-2834.147463702414,4654.704350319257,3300.1479610932843,89.99288237460244,296.565051177078,22.3
2021-11-24,49.8,59.0,41.0,999.9,6.2,4.6,9.7,483.6310219707568,31.197875,121.336319,3.04,42.34712809717769,10.204127252331974,20.37280539693555,-0.594726686960764,0.9943497193247306,31.197875,973.307404515625,0.9996381607177243,1.3962446919730587,-2834.147463702414,4654.704350319257,3300.1479610932843,89.99288237460244,296.565051177078,31.1
2021-11-25,54.3,66.2,44.6,999.9,6.1,3.0,5.8,163.57084422954145,31.197875,121.336319,3.04,46.098283783095006,10.187466029413262,20.26835804275781,-0.5808002734538013,0.9943497193247306,31.197875,973.307404515625,0.9996381607177243,1.3962446919730587,-2834.147463702414,4654.704350319257,3300.1479610932843,89.99288237460244,296.565051177078,37.4
2021-11-26,56.1,66.2,46.4,999.9,5.3,5.0,7.8,-451.7490438644957,31.197875,121.336319,3.04,47.551103660902356,10.171359071850771,20.167640102180687,-0.5667017562911184,0.9943497193247306,31.197875,973.307404515625,0.9996381607177243,1.3962446919730587,-2834.147463702414,4654.704350319257,3300.1479610932843,89.99288237460244,296.565051177078,41.3
2021-11-27,58.2,64.4,53.6,999.9,6.2,6.1,11.7,-17.543478793770852,31.197875,121.336319,3.04,49.25570606406621,10.15581568331262,20.07069383108999,-0.5524353131676203,0.9943497193247306,31.197875,973.307404515625,0.9996381607177243,1.3962446919730587,-2834.147463702414,4654.704350319257,3300.1479610932843,89.99288237460244,296.565051177078,43.6
2021-11-28,62.1,66.2,59.0,999.9,6.2,6.7,13.6,23.3,31.197875,121.336319,3.04,52.47887266925006,10.140844960241557,19.977559798052976,-0.5380051715382992,0.9943497193247306,31.197875,973.307404515625,0.9996381607177243,1.3962446919730587,-2834.147463702414,4654.704350319257,3300.1479610932843,89.99288237460244,296.565051177078,51.4
2021-11-29,60.9,68.0,51.8,999.9,5.6,6.3,19.4,29.1,31.197875,121.336319,3.04,51.39176305837169,10.126455775048608,19.888276882827164,-0.5234156073655503,0.9943497193247306,31.197875,973.307404515625,0.9996381607177243,1.3962446919730587,-2834.147463702414,4654.704350319257,3300.1479610932843,89.99288237460244,296.565051177078,56.2
2021-11-30,47.6,53.6,39.2,999.9,6.0,14.2,21.4,36.9,31.197875,121.336319,3.04,40.11353847885379,10.112656759374904,19.8028822759414,-0.5086709438521042,0.9943497193247306,31.197875,973.307404515625,0.9996381607177243,1.3962446919730587,-2834.147463702414,4654.704350319257,3300.1479610932843,89.99288237460244,296.565051177078,29.8
2021-12-01,44.3,50.0,37.4,999.9,6.2,7.9,13.6,274.82859113597465,31.197875,121.336319,3.04,37.283826127953795,10.099456287481841,19.721411479241485,-0.49377555015997737,0.9943497193247306,31.197875,973.307404515625,0.9996381607177243,1.3962446919730587,-2834.147463702414,4654.704350319257,3300.1479610932843,89.99288237460244,296.565051177078,25.7
2021-12-02,45.2,51.8,39.2,999.9,6.2,5.6,9.7,19.4,31.197875,121.336319,3.04,37.99384859869637,10.086862459830893,19.643898307291074,-0.4787338401157883,0.9943497193247306,31.197875,973.307404515625,0.9996381607177243,1.3962446919730587,-2834.147463702414,4654.704350319257,3300.1479610932843,89.99288237460244,296.565051177078,25.9
2021-12-03,49.2,60.8,39.2,999.9,5.5,5.1,11.7,201.69998573427864,31.197875,121.336319,3.04,41.307020656352364,10.07488308691521,19.5703748895178,-0.4635502709028512,0.9943497193247306,31.197875,973.307404515625,0.9996381607177243,1.3962446919730587,-2834.147463702414,4654.704350319257,3300.1479610932843,89.99288237460244,296.565051177078,29.7
2021-12-04,51.0,60.8,41.0,999.9,5.8,2.7,7.8,-85.07318661677681,31.197875,121.336319,3.04,42.76998411197447,10.063525673405758,19.500871672994673,-0.4482293417404106,0.9943497193247306,31.197875,973.307404515625,0.9996381607177243,1.3962446919730587,-2834.147463702414,4654.704350319257,3300.1479610932843,89.99288237460244,296.565051177078,35.0
2021-12-05,54.4,64.4,44.6,999.9,6.2,4.6,9.7,702.3802510712108,31.197875,121.336319,3.04,45.5726815587926,10.05279740267484,19.435417425746856,-0.4327755925504317,0.9943497193247306,31.197875,973.307404515625,0.9996381607177243,1.3962446919730587,-2834.147463702414,4654.704350319257,3300.1479610932843,89.99288237460244,296.565051177078,42.3
2021-12-06,54.6,64.4,44.6,999.9,6.1,4.0,7.8,39.497101239016054,31.197875,121.336319,3.04,45.69430830400665,10.042705121759703,19.374039240475593,-0.41719360261231697,0.9943497193247306,31.197875,973.307404515625,0.9996381607177243,1.3962446919730587,-2834.147463702414,4654.704350319257,3300.1479610932843,89.99288237460244,296.565051177078,42.8
2021-12-07,53.9,60.8,48.2,999.9,5.6,6.9,11.7,26.18321065661077,31.197875,121.336319,3.04,45.066038509670456,10.033255326828302,19.31676253859204,-0.4014879892059737,0.9943497193247306,31.197875,973.307404515625,0.9996381607177243,1.3962446919730587,-2834.147463702414,4654.704350319257,3300.1479610932843,89.99288237460244,296.565051177078,43.5
2021-12-08,55.3,59.0,50.0,999.9,6.2,4.5,9.7,-808.969795248317,31.197875,121.336319,3.04,46.196026204268584,10.024454149208374,19.263611074456918,-0.38566340624360745,0.9943497193247306,31.197875,973.307404515625,0.9996381607177243,1.3962446919730587,-2834.147463702414,4654.704350319257,3300.1479610932843,89.99288237460244,296.565051177078,42.6
2021-12-09,54.4,62.6,44.6,999.9,5.1,2.8,7.8,17.5,31.197875,121.336319,3.04,45.40725995057932,10.016307342039557,19.214606939724288,-0.3697245428906732,0.9943497193247306,31.197875,973.307404515625,0.9996381607177243,1.3962446919730587,-2834.147463702414,4654.704350319257,3300.1479610932843,89.99288237460244,296.565051177078,45.9
2021-12-10,53.0,60.8,42.8,999.9,2.8,4.3,7.8,776.454916938745,31.197875,121.336319,3.04,44.20562284859561,10.008820267606554,19.169770567691735,-0.3536761221763721,0.9943497193247306,31.197875,973.307404515625,0.9996381607177243,1.3962446919730587,-2834.147463702414,4654.704350319257,3300.1479610932843,89.99288237460244,296.565051177078,45.3
2021-12-11,56.9,64.4,51.8,999.9,5.2,7.7,13.6,-477.16022317872483,31.197875,121.336319,3.04,47.42613997331515,10.001997885409171,19.129120737563152,-0.33752289959411347,0.9943497193247306,31.197875,973.307404515625,0.9996381607177243,1.3962446919730587,-2834.147463702414,4654.704350319257,3300.1479610932843,89.99288237460244,296.565051177078,45.7
2021-12-12,47.5,50.0,39.2,999.9,5.3,9.9,17.5,64.46797246248056,31.197875,121.336319,3.04,39.56688543321414,9.99584474102252,19.092674578535348,-0.32126966169236515,0.9943497193247306,31.197875,973.307404515625,0.9996381607177243,1.3962446919730587,-2834.147463702414,4654.704350319257,3300.1479610932843,89.99288237460244,296.565051177078,40.5
2021-12-13,45.7,51.8,39.2,999.9,6.2,4.3,7.8,472.50684746576263,31.197875,121.336319,3.04,38.04663987332968,9.990364955797729,19.06044757362494,-0.3049212246562894,0.9943497193247306,31.197875,973.307404515625,0.9996381607177243,1.3962446919730587,-2834.147463702414,4654.704350319257,3300.1479610932843,89.99288237460244,296.565051177078,29.2
2021-12-14,47.4,55.4,41.0,999.9,5.5,3.4,7.8,-409.9345067124476,31.197875,121.336319,3.04,39.44297075892856,9.985562217450267,19.03245356315792,-0.2884824328806098,0.9943497193247306,31.197875,973.307404515625,0.9996381607177243,1.3962446919730587,-2834.147463702414,4654.704350319257,3300.1479610932843,89.99288237460244,296.565051177078,39.9
2021-12-15,55.7,59.0,46.4,999.9,4.5,5.2,11.7,56.21717341164596,31.197875,121.336319,3.04,46.33051627308056,9.981439771579295,19.00870474785042,-0.27195815753410524,0.9943497193247306,31.197875,973.307404515625,0.9996381607177243,1.3962446919730587,-2834.147463702414,4654.704350319257,3300.1479610932843,89.99288237460244,296.565051177078,50.1
2021-12-16,51.8,53.6,46.4,999.9,3.4,8.3,11.7,-359.2512086898595,31.197875,121.336319,3.04,43.07170178778005,9.97800041415754,18.989211691416603,-0.2553532951161881,0.9943497193247306,31.197875,973.307404515625,0.9996381607177243,1.3962446919730587,-2834.147463702414,4654.704350319257,3300.1479610932843,89.99288237460244,296.565051177078,49.0
2021-12-17,41.4,51.8,33.8,999.9,6.2,13.0,19.4,31.1,31.197875,121.336319,3.04,34.41460037334304,9.97524648502697,18.97398332264617,-0.23867276600594997,0.9943497193247306,31.197875,973.307404515625,0.9996381607177243,1.3962446919730587,-2834.147463702414,4654.704350319257,3300.1479610932843,89.99288237460244,296.565051177078,21.4
2021-12-18,39.7,46.4,33.8,999.9,6.2,4.8,9.7,394.41459731236534,31.197875,121.336319,3.04,32.99460337820903,9.973179862430941,18.963026936902082,-0.22192151300416674,0.9943497193247306,31.197875,973.307404515625,0.9996381607177243,1.3962446919730587,-2834.147463702414,4654.704350319257,3300.1479610932843,89.99288237460244,296.565051177078,19.9
2021-12-19,45.1,53.6,37.4,999.9,6.2,3.6,7.8,100.24810952165372,31.197875,121.336319,3.04,37.477355694438195,9.971801958608832,18.956348196997073,-0.20510449986861926,0.9943497193247306,31.197875,973.307404515625,0.9996381607177243,1.3962446919730587,-2834.147463702414,4654.704350319257,3300.1479610932843,89.99288237460244,296.565051177078,26.1
2021-12-20,51.4,60.8,44.6,999.9,6.2,4.0,7.8,583.9043073029616,31.197875,121.336319,3.04,42.709603752231104,9.971113716474187,18.953951133415384,-0.1882267098432439,0.9943497193247306,31.197875,973.307404515625,0.9996381607177243,1.3962446919730587,-2834.147463702414,4654.704350319257,3300.1479610932843,89.99288237460244,296.565051177078,33.3
2021-12-21,50.3,62.6,41.0,999.9,4.6,2.9,5.8,15.5,31.197875,121.336319,3.04,41.79559292098587,9.971115607392255,18.95583814385521,-0.1712931441814778,0.9943497193247306,31.197875,973.307404515625,0.9996381607177243,1.3962446919730587,-2834.147463702414,4654.704350319257,3300.1479610932843,89.99288237460244,296.565051177078,36.7
2021-12-22,50.0,60.8,39.2,999.9,3.9,4.1,7.8,685.5298288662244,31.197875,121.336319,3.04,41.54919845861508,9.97180763006762,18.96200999207553,-0.154308820664281,0.9943497193247306,31.197875,973.307404515625,0.9996381607177243,1.3962446919730587,-2834.147463702414,4654.704350319257,3300.1479610932843,89.99288237460244,296.565051177078,42.5
2021-12-23,56.2,62.6,46.4,999.9,6.0,5.7,9.7,221.6147690537771,31.197875,121.336319,3.04,46.707769937729644,9.973189310547253,18.972465806040066,-0.13727877211326517,0.9943497193247306,31.197875,973.307404515625,0.9996381607177243,1.3962446919730587,-2834.147463702414,4654.704350319257,3300.1479610932843,89.99288237460244,296.565051177078,45.4
2021-12-24,47.6,60.8,39.2,999.9,5.6,15.2,21.4,27.2,31.197875,121.336319,3.04,39.56853015657803,9.975259703338999,18.98720307535989,-0.12020804489935275,0.9943497193247306,31.197875,973.307404515625,0.9996381607177243,1.3962446919730587,-2834.147463702414,4654.704350319257,3300.1479610932843,89.99288237460244,296.565051177078,41.1
2021-12-25,34.9,41.0,28.4,999.9,6.2,13.5,17.5,346.9296171142908,31.197875,121.336319,3.04,29.01940058650322,9.978017393640076,19.006217648045045,-0.10310169744743544,0.9943497193247306,31.197875,973.307404515625,0.9996381607177243,1.3962446919730587,-2834.147463702414,4654.704350319257,3300.1479610932843,89.99288237460244,296.565051177078,22.2
2021-12-26,31.3,37.4,28.4,999.9,6.2,10.8,15.5,21.4,31.197875,121.336319,3.04,26.03497613923437,9.981460500664934,19.029503726584416,-0.0859647987374467,0.9943497193247306,31.197875,973.307404515625,0.9996381607177243,1.3962446919730587,-2834.147463702414,4654.704350319257,3300.1479610932843,89.99288237460244,296.565051177078,8.8
2021-12-27,34.2,41.0,30.2,999.9,6.2,4.4,9.7,81.55510255941985,31.197875,121.336319,3.04,28.458922043861033,9.985586682056502,19.057053863381718,-0.06880242680232064,0.9943497193247306,31.197875,973.307404515625,0.9996381607177243,1.3962446919730587,-2834.147463702414,4654.704350319257,3300.1479610932843,89.99288237460244,296.565051177078,11.6
2021-12-28,40.0,42.8,35.6,999.9,6.2,3.7,7.8,-144.2822290816324,31.197875,121.336319,3.04,33.30131046453258,9.990393139359773,19.088858955584172,-0.05161966722325418,0.9943497193247306,31.197875,973.307404515625,0.9996381607177243,1.3962446919730587,-2834.147463702414,4654.704350319257,3300.1479610932843,89.99288237460244,296.565051177078,24.5
2021-12-29,43.4,51.8,32.0,999.9,6.2,7.0,15.5,227.40196711850112,31.197875,121.336319,3.04,36.15175379205655,9.995876624531766,19.12490823934853,-0.034421611622745804,0.9943497193247306,31.197875,973.307404515625,0.9996381607177243,1.3962446919730587,-2834.147463702414,4654.704350319257,3300.1479610932843,89.99288237460244,296.565051177078,24.0
2021-12-30,41.7,50.0,32.0,999.9,5.9,4.4,9.7,730.4229344824531,31.197875,121.336319,3.04,34.75706622991321,10.002033447457038,19.16518928359747,-0.01721335615583528,0.9943497193247306,31.197875,973.307404515625,0.9996381607177243,1.3962446919730587,-2834.147463702414,4654.704350319257,3300.1479610932843,89.99288237460244,296.565051177078,20.4
2021-12-31,45.5,51.8,37.4,999.9,6.0,5.4,9.7,-97.05517176083276,31.197875,121.336319,3.04,37.95025887847725,10.00885948443356,19.209687983326774,6.432490598706546e-16,0.9943497193247306,31.197875,973.307404515625,0.9996381607177243,1.3962446919730587,-2834.147463702414,4654.704350319257,3300.1479610932843,89.99288237460244,296.565051177078,26.2
2022-01-01,45.8,51.8,35.6,999.9,6.0,5.3,9.7,-243.41107226567345,31.197875,121.336319,3.04,38.22906988263278,10.016350187589374,19.25838855253157,0.017213356155834685,0.9943497193247306,31.197875,973.307404515625,0.9996381607177243,1.3962446919730587,-2834.147463702414,4654.704350319257,3300.1479610932843,89.99288237460244,296.565051177078,35.7
2022-01-02,45.0,53.6,35.6,999.9,4.5,5.0,9.7,-136.4857339600377,31.197875,121.336319,3.04,37.59187723194982,10.02450059518662,19.311273516826205,0.03442161162274574,0.9943497193247306,31.197875,973.307404515625,0.9996381607177243,1.3962446919730587,-2834.147463702414,4654.704350319257,3300.1479610932843,89.99288237460244,296.565051177078,34.4
2022-01-03,47.9,59.0,37.4,999.9,5.1,2.8,5.8,-76.61233155814577,31.197875,121.336319,3.04,40.04961049320683,10.033305342765804,19.36832370583962,0.051619667223253764,0.9943497193247306,31.197875,973.307404515625,0.9996381607177243,1.3962446919730587,-2834.147463702414,4654.704350319257,3300.1479610932843,89.99288237460244,296.565051177078,37.5
2022-01-04,52.5,57.2,44.6,999.9,5.7,9.8,11.7,-759.997882140701,31.197875,121.336319,3.04,43.937069203474756,10.042758675079945,19.429518245473343,0.06880242680231986,0.9943497193247306,31.197875,973.307404515625,0.9996381607177243,1.3962446919730587,-2834.147463702414,4654.704350319257,3300.1479610932843,89.99288237460244,296.565051177078,43.5
2022-01-05,47.1,53.6,42.8,999.9,5.8,10.5,15.5,20.588342897474064,31.197875,121.336319,3.04,39.45745375065376,10.052854458765289,19.494834550115293,0.08596479873744647,0.9943497193247306,31.197875,973.307404515625,0.9996381607177243,1.3962446919730587,-2834.147463702414,4654.704350319257,3300.1479610932843,89.99288237460244,296.565051177078,43.8
2022-01-06,44.0,48.2,37.4,999.9,6.2,8.3,13.6,13.2371846785369,31.197875,121.336319,3.04,36.89981605087351,10.063586195692777,19.56424831490725,0.10310169744743485,0.9943497193247306,31.197875,973.307404515625,0.9996381607177243,1.3962446919730587,-2834.147463702414,4654.704350319257,3300.1479610932843,89.99288237460244,296.565051177078,32.8
2022-01-07,45.6,51.8,39.2,999.9,6.2,6.0,9.7,135.8860463815262,31.197875,121.336319,3.04,38.28479874038041,10.074947036942213,19.637733508168203,0.1202080448993527,0.9943497193247306,31.197875,973.307404515625,0.9996381607177243,1.3962446919730587,-2834.147463702414,4654.704350319257,3300.1479610932843,89.99288237460244,296.565051177078,34.2
2022-01-08,45.1,48.2,42.8,999.9,6.2,5.3,9.7,-172.7589249477673,31.197875,121.336319,3.04,37.91004448833401,10.086929797339424,19.715262364079656,0.13727877211326478,0.9943497193247306,31.197875,973.307404515625,0.9996381607177243,1.3962446919730587,-2834.147463702414,4654.704350319257,3300.1479610932843,89.99288237460244,296.565051177078,32.6
2022-01-09,44.3,46.4,41.0,999.9,3.7,4.0,9.7,170.45457773256587,31.197875,121.336319,3.04,37.28408706607821,10.099526970495226,19.796805375742082,0.15430882066428117,0.9943497193247306,31.197875,973.307404515625,0.9996381607177243,1.3962446919730587,-2834.147463702414,4654.704350319257,3300.1479610932843,89.99288237460244,296.565051177078,34.2
2022-01-10,44.0,48.2,37.4,999.9,2.3,8.7,15.5,649.7320916648406,31.197875,121.336319,3.04,37.080012729041876,10.112730744284148,19.882331288714088,0.1712931441814776,0.9943497193247306,31.197875,973.307404515625,0.9996381607177243,1.3962446919730587,-2834.147463702414,4654.704350319257,3300.1479610932843,89.99288237460244,296.565051177078,33.7
2022-01-11,37.6,44.6,28.4,999.9,6.1,7.8,15.5,21.4,31.197875,121.336319,3.04,31.72980345232727,10.126533016700193,19.971807095147962,0.1882267098432442,0.9943497193247306,31.197875,973.307404515625,0.9996381607177243,1.3962446919730587,-2834.147463702414,4654.704350319257,3300.1479610932843,89.99288237460244,296.565051177078,22.1
2022-01-12,40.2,48.2,33.8,999.9,5.9,3.8,11.7,931.3214575167041,31.197875,121.336319,3.04,33.972100130289704,10.140925412026776,20.065198028636313,0.2051044998686192,0.9943497193247306,31.197875,973.307404515625,0.9996381607177243,1.3962446919730587,-2834.147463702414,4654.704350319257,3300.1479610932843,89.99288237460244,296.565051177078,23.5
2022-01-13,36.6,44.6,30.2,999.9,5.4,8.8,17.5,138.31457033801837,31.197875,121.336319,3.04,30.975492856637292,10.155899297258129,20.1624675598852,0.2219215130041655,0.9943497193247306,31.197875,973.307404515625,0.9996381607177243,1.3962446919730587,-2834.147463702414,4654.704350319257,3300.1479610932843,89.99288237460244,296.565051177078,23.8
2022-01-14,41.4,44.6,35.6,999.9,6.0,5.3,9.7,-908.7008018234517,31.197875,121.336319,3.04,35.091488005549536,10.17144579871001,20.263577393329115,0.2386727660059501,0.9943497193247306,31.197875,973.307404515625,0.9996381607177243,1.3962446919730587,-2834.147463702414,4654.704350319257,3300.1479610932843,89.99288237460244,296.565051177078,29.3
2022-01-15,44.5,51.8,41.0,999.9,4.5,3.2,5.8,1014.8973170852994,31.197875,121.336319,3.04,37.77885282789574,10.187555818758403,20.36848746480244,0.255353295116187,0.9943497193247306,31.197875,973.307404515625,0.9996381607177243,1.3962446919730587,-2834.147463702414,4654.704350319257,3300.1479610932843,89.99288237460244,296.565051177078,34.9
2022-01-16,46.7,51.8,42.8,999.9,4.6,5.7,11.7,308.9856572015671,31.197875,121.336319,3.04,39.71142303821436,10.204220052646088,20.47715594038083,0.2719581575341055,0.9943497193247306,31.197875,973.307404515625,0.9996381607177243,1.3962446919730587,-2834.147463702414,4654.704350319257,3300.1479610932843,89.99288237460244,296.565051177078,34.6
2022-01-17,47.7,53.6,41.0,999.9,6.2,4.4,7.8,-213.9344833142236,31.197875,121.336319,3.04,40.63018029606156,10.221429005298505,20.589539216503955,0.288482432880609,0.9943497193247306,31.197875,973.307404515625,0.9996381607177243,1.3962446919730587,-2834.147463702414,4654.704350319257,3300.1479610932843,89.99288237460244,296.565051177078,36.0
2022-01-18,46.7,53.6,39.2,999.9,6.0,5.3,9.7,-547.5567936928211,31.197875,121.336319,3.04,39.847448289824655,10.239173008091988,20.705591921488796,0.30492122465628907,0.9943497193247306,31.197875,973.307404515625,0.9996381607177243,1.3962446919730587,-2834.147463702414,4654.704350319257,3300.1479610932843,89.99288237460244,296.565051177078,35.4
2022-01-19,49.0,59.0,41.0,999.9,6.2,6.6,11.7,-554.2629557526208,31.197875,121.336319,3.04,41.88455579503825,10.257442235519573,20.825266918539374,0.3212696616923644,0.9943497193247306,31.197875,973.307404515625,0.9996381607177243,1.3962446919730587,-2834.147463702414,4654.704350319257,3300.1479610932843,89.99288237460244,296.565051177078,39.4
2022-01-20,43.2,48.2,41.0,999.9,6.0,7.5,11.7,-499.5353979698885,31.197875,121.336319,3.04,36.99441619812629,10.276226721701747,20.948515310355496,0.3375228995941133,0.9943497193247306,31.197875,973.307404515625,0.9996381607177243,1.3962446919730587,-2834.147463702414,4654.704350319257,3300.1479610932843,89.99288237460244,296.565051177078,29.4
2022-01-21,46.8,50.0,42.8,999.9,6.2,7.0,9.7,-891.581924092856,31.197875,121.336319,3.04,40.152513869098804,10.295516376692001,21.07528644543902,0.3536761221763716,0.9943497193247306,31.197875,973.307404515625,0.9996381607177243,1.3962446919730587,-2834.147463702414,4654.704350319257,3300.1479610932843,89.99288237460244,296.565051177078,35.5
2022-01-22,50.4,51.8,48.2,999.9,3.9,4.9,9.7,711.3171142480901,31.197875,121.336319,3.04,43.32426421062436,10.315301002529608,21.205527926191273,0.3697245428906731,0.9943497193247306,31.197875,973.307404515625,0.9996381607177243,1.3962446919730587,-2834.147463702414,4654.704350319257,3300.1479610932843,89.99288237460244,296.565051177078,48.7
2022-01-23,49.2,51.8,44.6,999.9,5.1,10.9,13.6,76.05726495844634,31.197875,121.336319,3.04,42.375838266878766,10.33557030899482,21.33918561889088,0.38566340624360707,0.9943497193247306,31.197875,973.307404515625,0.9996381607177243,1.3962446919730587,-2834.147463702414,4654.704350319257,3300.1479610932843,89.99288237460244,296.565051177078,48.0
2022-01-24,43.3,46.4,41.0,999.9,4.2,8.2,11.7,299.8723076224553,31.197875,121.336319,3.04,37.36903276056368,10.356313929024576,21.47620366563513,0.401487989205973,0.9943497193247306,31.197875,973.307404515625,0.9996381607177243,1.3962446919730587,-2834.147463702414,4654.704350319257,3300.1479610932843,89.99288237460244,296.565051177078,37.3
2022-01-25,43.5,46.4,41.0,999.9,3.9,5.5,7.8,522.0715277855337,31.197875,121.336319,3.04,37.618515197342845,10.37752143374975,21.616524498322782,0.4171936026123168,0.9943497193247306,31.197875,973.307404515625,0.9996381607177243,1.3962446919730587,-2834.147463702414,4654.704350319257,3300.1479610932843,89.99288237460244,296.565051177078,36.8
2022-01-26,45.0,46.4,42.8,999.9,4.6,8.1,11.7,454.6215480958246,31.197875,121.336319,3.04,38.9969338016925,10.399182347118,21.76008885474976,0.4327755925504312,0.9943497193247306,31.197875,973.307404515625,0.9996381607177243,1.3962446919730587,-2834.147463702414,4654.704350319257,3300.1479610932843,89.99288237460244,296.565051177078,42.4
2022-01-27,42.7,44.6,39.2,999.9,5.0,9.0,13.6,659.1545477218783,31.197875,121.336319,3.04,37.08240991958017,10.42128616006937,21.9068357968827,0.4482293417404106,0.9943497193247306,31.197875,973.307404515625,0.9996381607177243,1.3962446919730587,-2834.147463702414,4654.704350319257,3300.1479610932843,89.99288237460244,296.565051177078,39.0
2022-01-28,38.2,42.8,33.8,999.9,5.6,8.2,11.7,1007.6071270629863,31.197875,121.336319,3.04,33.24616779581441,10.443822344234892,22.056702731368713,0.4635502709028509,0.9943497193247306,31.197875,973.307404515625,0.9996381607177243,1.3962446919730587,-2834.147463702414,4654.704350319257,3300.1479610932843,89.99288237460244,296.565051177078,33.7
2022-01-29,37.5,41.0,33.8,999.9,5.5,8.6,13.6,-61.87857980282055,31.197875,121.336319,3.04,32.708688641035984,10.466780365131514,22.209625432332462,0.47873384011578846,0.9943497193247306,31.197875,973.307404515625,0.9996381607177243,1.3962446919730587,-2834.147463702414,4654.704350319257,3300.1479610932843,89.99288237460244,296.565051177078,33.9
2022-01-30,37.6,44.6,30.2,999.9,6.1,5.3,11.7,903.4531951447027,31.197875,121.336319,3.04,32.86913571046651,10.490149694829737,22.365538066504538,0.49377555015997715,0.9943497193247306,31.197875,973.307404515625,0.9996381607177243,1.3962446919730587,-2834.147463702414,4654.704350319257,3300.1479610932843,89.99288237460244,296.565051177078,29.5
2022-01-31,42.9,48.2,35.6,999.9,6.1,3.2,5.8,329.5491916621279,31.197875,121.336319,3.04,37.58726337106248,10.51391982407342,22.524373220717678,0.5086709438521044,0.9943497193247306,31.197875,973.307404515625,0.9996381607177243,1.3962446919730587,-2834.147463702414,4654.704350319257,3300.1479610932843,89.99288237460244,296.565051177078,28.1
2022-02-01,42.2,48.2,39.2,999.9,5.6,8.8,11.7,-772.376111885927,31.197875,121.336319,3.04,37.058915629650016,10.538080273834128,22.686061931799657,0.5234156073655503,0.9943497193247306,31.197875,973.307404515625,0.9996381607177243,1.3962446919730587,-2834.147463702414,4654.704350319257,3300.1479610932843,89.99288237460244,296.565051177078,27.9
2022-02-02,38.6,42.8,37.4,999.9,6.0,7.4,9.7,269.25269152661497,31.197875,121.336319,3.04,33.97642961688441,10.562620606285309,22.85053371888396,0.5380051715382996,0.9943497193247306,31.197875,973.307404515625,0.9996381607177243,1.3962446919730587,-2834.147463702414,4654.704350319257,3300.1479610932843,89.99288237460244,296.565051177078,34.8
2022-02-03,39.4,44.6,32.0,999.9,6.2,6.2,9.7,277.30518142056695,31.197875,121.336319,3.04,34.76239159552206,10.587530435184386,23.017716618151677,0.5524353131676196,0.9943497193247306,31.197875,973.307404515625,0.9996381607177243,1.3962446919730587,-2834.147463702414,4654.704350319257,3300.1479610932843,89.99288237460244,296.565051177078,34.4
2022-02-04,41.3,50.0,32.0,999.9,6.1,4.8,9.7,722.457336767367,31.197875,121.336319,3.04,36.5257180577077,10.612799435653569,23.18753722000991,0.5667017562911176,0.9943497193247306,31.197875,973.307404515625,0.9996381607177243,1.3962446919730587,-2834.147463702414,4654.704350319257,3300.1479610932843,89.99288237460244,296.565051177078,28.9
2022-02-05,39.0,46.4,33.8,999.9,6.0,8.8,13.6,-154.02022474114787,31.197875,121.336319,3.04,34.574856398396406,10.638417353352741,23.359920708704127,0.5808002734538009,0.9943497193247306,31.197875,973.307404515625,0.9996381607177243,1.3962446919730587,-2834.147463702414,4654.704350319257,3300.1479610932843,89.99288237460244,296.565051177078,22.8
2022-02-06,41.2,44.6,37.4,999.9,6.2,5.6,7.8,128.69006223451103,31.197875,121.336319,3.04,36.61435077810492,10.664374013040268,23.534790904354207,0.5947266869607634,0.9943497193247306,31.197875,973.307404515625,0.9996381607177243,1.3962446919730587,-2834.147463702414,4654.704350319257,3300.1479610932843,89.99288237460244,296.565051177078,26.1
2022-02-07,40.0,41.0,39.2,999.9,6.2,6.6,9.7,-1193.602565930392,31.197875,121.336319,3.04,35.63553108839977,10.690659326519933,23.712070307395543,0.6084768701151261,0.9943497193247306,31.197875,973.307404515625,0.9996381607177243,1.3962446919730587,-2834.147463702414,4654.704350319257,3300.1479610932843,89.99288237460244,296.565051177078,38.1
2022-02-08,41.5,46.4,37.4,999.9,6.2,6.8,11.7,-215.18456281080086,31.197875,121.336319,3.04,37.06386891241127,10.717263299974345,23.891680145399032,0.6220467484408675,0.9943497193247306,31.197875,973.307404515625,0.9996381607177243,1.3962446919730587,-2834.147463702414,4654.704350319257,3300.1479610932843,89.99288237460244,296.565051177078,34.6
2022-02-09,41.3,44.6,39.2,999.9,6.1,5.0,7.8,-812.0197840103513,31.197875,121.336319,3.04,36.97787254003218,10.744176040687318,24.073540422235986,0.6354323008901774,0.9943497193247306,31.197875,973.307404515625,0.9996381607177243,1.3962446919730587,-2834.147463702414,4654.704350319257,3300.1479610932843,89.99288237460244,296.565051177078,37.3
2022-02-10,44.7,51.8,41.0,999.9,6.2,5.9,9.7,44.77224024760208,31.197875,121.336319,3.04,40.12341941776933,10.77138776315955,24.257569969545965,0.6486295610349814,0.9943497193247306,31.197875,973.307404515625,0.9996381607177243,1.3962446919730587,-2834.147463702414,4654.704350319257,3300.1479610932843,89.99288237460244,296.565051177078,33.0
2022-02-11,44.8,46.4,42.8,999.9,5.4,7.4,9.7,502.54005219472646,31.197875,121.336319,3.04,40.3158514999288,10.798888794623785,24.443686500458483,0.6616346182422783,0.9943497193247306,31.197875,973.307404515625,0.9996381607177243,1.3962446919730587,-2834.147463702414,4654.704350319257,3300.1479610932843,89.99288237460244,296.565051177078,39.1
2022-02-12,46.4,48.2,44.6,999.9,5.3,5.6,7.8,-426.27778196591953,31.197875,121.336319,3.04,41.86312237587342,10.826669579967263,24.6318066655115,0.6744436188329455,0.9943497193247306,31.197875,973.307404515625,0.9996381607177243,1.3962446919730587,-2834.147463702414,4654.704350319257,3300.1479610932843,89.99288237460244,296.565051177078,40.3
2022-02-13,42.9,46.4,35.6,999.9,6.0,6.6,9.7,53.23954174993678,31.197875,121.336319,3.04,38.80562645270275,10.8547206860707,24.821846110702953,0.6870527672236669,0.9943497193247306,31.197875,973.307404515625,0.9996381607177243,1.3962446919730587,-2834.147463702414,4654.704350319257,3300.1479610932843,89.99288237460244,296.565051177078,37.2
2022-02-14,47.7,53.6,42.8,999.9,5.1,7.2,9.7,-428.77297095521857,31.197875,121.336319,3.04,43.260055402158606,10.883032805574492,25.01371953760395,0.699458327051647,0.9943497193247306,31.197875,973.307404515625,0.9996381607177243,1.3962446919730587,-2834.147463702414,4654.704350319257,3300.1479610932843,89.99288237460244,296.565051177078,34.1
2022-02-15,41.7,44.6,39.2,999.9,5.8,6.0,9.7,-613.6508128204662,31.197875,121.336319,3.04,37.91779874129187,10.91159676008399,25.20734076545583,0.7116566222817746,0.9943497193247306,31.197875,973.307404515625,0.9996381607177243,1.3962446919730587,-2834.147463702414,4654.704350319257,3300.1479610932843,89.99288237460244,296.565051177078,31.9
2022-02-16,42.0,46.4,37.4,999.9,6.2,9.4,15.5,21.4,31.197875,121.336319,3.04,38.29141225989357,10.940403502826735,25.402622795166376,0.7236440382959124,0.9943497193247306,31.197875,973.307404515625,0.9996381607177243,1.3962446919730587,-2834.147463702414,4654.704350319257,3300.1479610932843,89.99288237460244,296.565051177078,30.1
2022-02-17,39.4,41.0,37.4,999.9,6.2,8.9,13.6,35.445898391356025,31.197875,121.336319,3.04,36.01634152988002,10.969444120775643,25.599477875114125,0.7354170229639855,0.9943497193247306,31.197875,973.307404515625,0.9996381607177243,1.3962446919730587,-2834.147463702414,4654.704350319257,3300.1479610932843,89.99288237460244,296.565051177078,30.3
2022-02-18,40.8,44.6,37.4,999.9,6.2,9.6,15.5,-735.1063076734589,31.197875,121.336319,3.04,37.39561344325945,10.998709836252779,25.797817568663724,0.7469720876965552,0.9943497193247306,31.197875,973.307404515625,0.9996381607177243,1.3962446919730587,-2834.147463702414,4654.704350319257,3300.1479610932843,89.99288237460244,296.565051177078,35.7
2022-02-19,37.3,42.8,32.0,999.9,6.2,12.7,17.5,143.7651576746897,31.197875,121.336319,3.04,34.279296824957356,11.028192008029176,25.997552823289187,0.7583058084785624,0.9943497193247306,31.197875,973.307404515625,0.9996381607177243,1.3962446919730587,-2834.147463702414,4654.704350319257,3300.1479610932843,89.99288237460244,296.565051177078,25.3
2022-02-20,37.0,41.0,32.0,999.9,6.2,7.0,15.5,-977.171108345852,31.197875,121.336319,3.04,34.09513657347163,11.057882131936745,26.19859404119653,0.7694148268839378,0.9943497193247306,31.197875,973.307404515625,0.9996381607177243,1.3962446919730587,-2834.147463702414,4654.704350319257,3300.1479610932843,89.99288237460244,296.565051177078,16.9
2022-02-21,42.4,50.0,35.6,999.9,6.2,3.9,9.7,-652.8928373047719,31.197875,121.336319,3.04,39.176793838230864,11.087771841008735,26.400851151332063,0.7802958510707755,0.9943497193247306,31.197875,973.307404515625,0.9996381607177243,1.3962446919730587,-2834.147463702414,4654.704350319257,3300.1479610932843,89.99288237460244,296.565051177078,18.2
2022-02-22,42.8,48.2,35.6,999.9,6.2,6.0,11.7,85.90499458757961,31.197875,121.336319,3.04,39.65367536175759,11.11785290516568,26.604233682657256,0.7909456567567772,0.9943497193247306,31.197875,973.307404515625,0.9996381607177243,1.3962446919730587,-2834.147463702414,4654.704350319257,3300.1479610932843,89.99288237460244,296.565051177078,26.2
2022-02-23,38.8,48.2,30.2,999.9,6.2,7.9,13.6,144.36716955678736,31.197875,121.336319,3.04,36.04557904516698,11.148117230464015,26.80865083856721,0.8013610881746766,0.9943497193247306,31.197875,973.307404515625,0.9996381607177243,1.3962446919730587,-2834.147463702414,4654.704350319257,3300.1479610932843,89.99288237460244,296.565051177078,25.0
2022-02-24,41.1,50.0,33.8,999.9,6.2,4.4,7.8,-1005.5237969305443,31.197875,121.336319,3.04,38.28655723839214,11.178556857924713,27.014011572324733,0.8115390590073611,0.9943497193247306,31.197875,973.307404515625,0.9996381607177243,1.3962446919730587,-2834.147463702414,4654.704350319257,3300.1479610932843,89.99288237460244,296.565051177078,25.3
2022-02-25,46.5,55.4,39.2,999.9,6.2,7.6,11.7,117.33979854740909,31.197875,121.336319,3.04,43.4355103525931,11.20916396195951,27.2202246633788,0.8214765533024142,0.9943497193247306,31.197875,973.307404515625,0.9996381607177243,1.3962446919730587,-2834.147463702414,4654.704350319257,3300.1479610932843,89.99288237460244,296.565051177078,33.1
2022-02-26,53.0,62.6,42.8,999.9,5.9,6.2,13.6,19.4,31.197875,121.336319,3.04,49.64302791382073,11.239930848412241,27.427198794431984,0.8311706263658079,0.9943497193247306,31.197875,973.307404515625,0.9996381607177243,1.3962446919730587,-2834.147463702414,4654.704350319257,3300.1479610932843,89.99288237460244,296.565051177078,34.5
2022-02-27,52.9,60.8,48.2,999.9,6.2,8.6,13.6,551.277105088611,31.197875,121.336319,3.04,49.68566353942657,11.27084995223287,27.634842629119053,0.8406184056344782,0.9943497193247306,31.197875,973.307404515625,0.9996381607177243,1.3962446919730587,-2834.147463702414,4654.704350319257,3300.1479610932843,89.99288237460244,296.565051177078,37.6
2022-02-28,61.6,71.6,53.6,999.9,5.1,7.0,15.5,339.7724122190014,31.197875,121.336319,3.04,58.016491018648466,11.301913834801649,27.843064890155265,0.8498170915275278,0.9943497193247306,31.197875,973.307404515625,0.9996381607177243,1.3962446919730587,-2834.147463702414,4654.704350319257,3300.1479610932843,89.99288237460244,296.565051177078,49.8
2022-03-01,52.2,68.0,42.8,999.9,3.4,9.1,21.4,-572.9016844266948,31.197875,121.336319,3.04,49.29905103700544,11.33311518092079,28.05177443781132,0.8587639582758029,0.9943497193247306,31.197875,973.307404515625,0.9996381607177243,1.3962446919730587,-2834.147463702414,4654.704350319257,3300.1479610932843,89.99288237460244,296.565051177078,43.2
2022-03-02,52.1,60.8,46.4,999.9,5.4,5.7,9.7,141.15463497585492,31.197875,121.336319,3.04,49.34063983708926,11.364446795490808,28.26088034856937,0.8674563547295969,0.9943497193247306,31.197875,973.307404515625,0.9996381607177243,1.3962446919730587,-2834.147463702414,4654.704350319257,3300.1479610932843,89.99288237460244,296.565051177078,34.6
2022-03-03,57.6,68.0,51.8,999.9,5.8,6.5,9.7,255.05856722486485,31.197875,121.336319,3.04,54.700327679464685,11.395901599888475,28.470291993813127,0.8758917051442429,0.9943497193247306,31.197875,973.307404515625,0.9996381607177243,1.3962446919730587,-2834.147463702414,4654.704350319257,3300.1479610932843,89.99288237460244,296.565051177078,43.9
2022-03-04,56.4,66.2,50.0,999.9,4.0,4.8,11.7,-940.3175576173278,31.197875,121.336319,3.04,53.70912135189664,11.427472628063114,28.67991911840394,0.8840675099433636,0.9943497193247306,31.197875,973.307404515625,0.9996381607177243,1.3962446919730587,-2834.147463702414,4654.704350319257,3300.1479610932843,89.99288237460244,296.565051177078,52.6
2022-03-05,51.9,60.8,46.4,999.9,6.1,9.3,15.5,591.8481801775108,31.197875,121.336319,3.04,49.56083682174015,11.459153022367666,28.889671918993717,0.8919813464595485,0.9943497193247306,31.197875,973.307404515625,0.9996381607177243,1.3962446919730587,-2834.147463702414,4654.704350319257,3300.1479610932843,89.99288237460244,296.565051177078,27.0
2022-03-06,48.5,55.4,44.6,999.9,6.2,6.4,9.7,723.5932799091516,31.197875,121.336319,3.04,46.44253311777681,11.490936029140654,29.099461121925547,0.8996308696522433,0.9943497193247306,31.197875,973.307404515625,0.9996381607177243,1.3962446919730587,-2834.147463702414,4654.704350319257,3300.1479610932843,89.99288237460244,296.565051177078,28.1
2022-03-07,51.4,60.8,44.6,999.9,6.2,4.5,7.8,570.9925809038814,31.197875,121.336319,3.04,49.35605755786831,11.52281499405486,29.309198060572484,0.9070138128026359,0.9943497193247306,31.197875,973.307404515625,0.9996381607177243,1.3962446919730587,-2834.147463702414,4654.704350319257,3300.1479610932843,89.99288237460244,296.565051177078,35.5
2022-03-08,56.4,68.0,48.2,999.9,6.2,6.1,9.7,516.763495707126,31.197875,121.336319,3.04,54.307481779066585,11.55478335724821,29.518794751965757,0.9141279881853337,0.9943497193247306,31.197875,973.307404515625,0.9996381607177243,1.3962446919730587,-2834.147463702414,4654.704350319257,3300.1479610932843,89.99288237460244,296.565051177078,39.1
2022-03-09,59.5,69.8,53.6,999.9,6.1,10.0,13.6,374.15440351269683,31.197875,121.336319,3.04,57.45138846424976,11.586834648252053,29.728163972564378,0.9209712877166346,0.9943497193247306,31.197875,973.307404515625,0.9996381607177243,1.3962446919730587,-2834.147463702414,4654.704350319257,3300.1479610932843,89.99288237460244,296.565051177078,42.8
2022-03-10,62.1,71.6,57.2,999.9,6.2,7.3,13.6,203.49895204603175,31.197875,121.336319,3.04,60.12813083778599,11.618962480731591,29.937219333019222,0.9275416835791966,0.9943497193247306,31.197875,973.307404515625,0.9996381607177243,1.3962446919730587,-2834.147463702414,4654.704350319257,3300.1479610932843,89.99288237460244,296.565051177078,51.6
2022-03-11,67.6,80.6,59.0,999.9,6.1,4.3,9.7,264.755131835895,31.197875,121.336319,3.04,65.63487108173196,11.651160547053012,30.145875351786717,0.9338372288229252,0.9943497193247306,31.197875,973.307404515625,0.9996381607177243,1.3962446919730587,-2834.147463702414,4654.704350319257,3300.1479610932843,89.99288237460244,296.565051177078,53.9
2022-03-12,69.5,78.8,60.8,999.9,5.8,9.9,15.5,21.4,31.197875,121.336319,3.04,67.66648929850457,11.683422612691437,30.35404752744892,0.9398560579418954,0.9943497193247306,31.197875,973.307404515625,0.9996381607177243,1.3962446919730587,-2834.147463702414,4654.704350319257,3300.1479610932843,89.99288237460244,296.565051177078,58.5
2022-03-13,69.9,82.4,60.8,999.9,6.1,5.8,11.7,482.7568027600643,31.197875,121.336319,3.04,68.24420012362498,11.715742510493557,30.56165240959944,0.9455963874271426,0.9943497193247306,31.197875,973.307404515625,0.9996381607177243,1.3962446919730587,-2834.147463702414,4654.704350319257,3300.1479610932843,89.99288237460244,296.565051177078,59.2
2022-03-14,63.7,84.2,51.8,999.9,5.5,9.9,23.3,256.6750534197387,31.197875,121.336319,3.04,62.36290586560819,11.74811413480845,30.768607668157465,0.9510565162951535,0.9943497193247306,31.197875,973.307404515625,0.9996381607177243,1.3962446919730587,-2834.147463702414,4654.704350319257,3300.1479610932843,89.99288237460244,296.565051177078,51.0
2022-03-15,61.7,71.6,55.4,999.9,6.2,5.7,9.7,-224.09542316499588,31.197875,121.336319,3.04,60.571565797528294,11.78053143549983,30.97483216097545,0.9562348265919056,0.9943497193247306,31.197875,973.307404515625,0.9996381607177243,1.3962446919730587,-2834.147463702414,4654.704350319257,3300.1479610932843,89.99288237460244,296.565051177078,46.7
2022-03-16,71.3,82.4,62.6,999.9,6.1,8.5,11.7,-151.38370399330316,31.197875,121.336319,3.04,70.18883948042505,11.812988411852743,31.180245999609323,0.9611297838723007,0.9943497193247306,31.197875,973.307404515625,0.9996381607177243,1.3962446919730587,-2834.147463702414,4654.704350319257,3300.1479610932843,89.99288237460244,296.565051177078,60.4
2022-03-17,54.3,64.4,44.6,999.9,5.3,11.8,17.5,29.1,31.197875,121.336319,3.04,53.60079295640268,11.845479106387332,31.384770613124484,0.9657399376548549,0.9943497193247306,31.197875,973.307404515625,0.9996381607177243,1.3962446919730587,-2834.147463702414,4654.704350319257,3300.1479610932843,89.99288237460244,296.565051177078,53.8
2022-03-18,50.0,53.6,44.6,999.9,5.9,5.8,13.6,700.57152263396,31.197875,121.336319,3.04,49.49165666080104,11.87799759859225,31.588328809814694,0.9700639218515071,0.9943497193247306,31.197875,973.307404515625,0.9996381607177243,1.3962446919730587,-2834.147463702414,4654.704350319257,3300.1479610932843,89.99288237460244,296.565051177078,44.6
2022-03-19,49.1,57.2,44.6,999.9,5.4,8.9,15.5,21.4,31.197875,121.336319,3.04,48.73395131089722,11.910537998589952,31.79084483671597,0.9741004551724205,0.9943497193247306,31.197875,973.307404515625,0.9996381607177243,1.3962446919730587,-2834.147463702414,4654.704350319257,3300.1479610932843,89.99288237460244,296.565051177078,39.6
2022-03-20,46.0,48.2,44.6,999.9,5.7,7.1,11.7,-1119.1189295241622,31.197875,121.336319,3.04,45.78186202285963,11.94309444074599,31.992244436802252,0.9778483415056568,0.9943497193247306,31.197875,973.307404515625,0.9996381607177243,1.3962446919730587,-2834.147463702414,4654.704350319257,3300.1479610932843,89.99288237460244,296.565051177078,43.9
2022-03-21,46.5,48.2,44.6,999.9,5.6,10.6,17.5,23.3,31.197875,121.336319,3.04,46.405686674282805,11.975661077234271,32.192454903755234,0.9813064702716093,0.9943497193247306,31.197875,973.307404515625,0.9996381607177243,1.3962446919730587,-2834.147463702414,4654.704350319257,3300.1479610932843,89.99288237460244,296.565051177078,44.7
2022-03-22,48.1,51.8,44.6,999.9,6.2,7.7,13.6,300.61086525954215,31.197875,121.336319,3.04,48.13299688687704,12.008232071570156,32.3914051342058,0.9844738167520922,0.9943497193247306,31.197875,973.307404515625,0.9996381607177243,1.3962446919730587,-2834.147463702414,4654.704350319257,3300.1479610932843,89.99288237460244,296.565051177078,38.6
2022-03-23,51.0,59.0,44.6,999.9,6.2,5.1,9.7,925.2093329449712,31.197875,121.336319,3.04,51.17340676652308,12.040801592123076,32.58902567735108,0.9873494423939864,0.9943497193247306,31.197875,973.307404515625,0.9996381607177243,1.3962446919730587,-2834.147463702414,4654.704350319257,3300.1479610932843,89.99288237460244,296.565051177078,36.0
2022-03-24,59.6,64.4,51.8,999.9,6.1,15.3,21.4,31.1,31.197875,121.336319,3.04,59.964373567914976,12.073363805620465,32.78524878185637,0.989932495087353,0.9943497193247306,31.197875,973.307404515625,0.9996381607177243,1.3962446919730587,-2834.147463702414,4654.704350319257,3300.1479610932843,89.99288237460244,296.565051177078,46.9
2022-03-25,62.1,66.2,55.4,999.9,5.4,12.5,25.3,31.1,31.197875,121.336319,3.04,62.648099105637705,12.105912870654628,32.98000843995834,0.9922222094179323,0.9943497193247306,31.197875,973.307404515625,0.9996381607177243,1.3962446919730587,-2834.147463702414,4654.704350319257,3300.1479610932843,89.99288237460244,296.565051177078,59.0
2022-03-26,57.5,64.4,53.6,999.9,6.2,7.2,15.5,314.22556874186654,31.197875,121.336319,3.04,58.16337237868702,12.138442931204247,33.17324042869194,0.994217906893952,0.9943497193247306,31.197875,973.307404515625,0.9996381607177243,1.3962446919730587,-2834.147463702414,4654.704350319257,3300.1479610932843,89.99288237460244,296.565051177078,41.2
2022-03-27,56.5,66.2,50.0,999.9,6.2,8.0,13.6,1367.1844450863478,31.197875,121.336319,3.04,57.304880685441475,12.170948110182259,33.36488234817054,0.995918996147179,0.9943497193247306,31.197875,973.307404515625,0.9996381607177243,1.3962446919730587,-2834.147463702414,4654.704350319257,3300.1479610932843,89.99288237460244,296.565051177078,39.6
2022-03-28,52.4,59.0,46.4,999.9,6.2,6.1,9.7,278.51335940596306,31.197875,121.336319,3.04,53.2882782631955,12.203422503021871,33.55487365685551,0.9973249731081555,0.9943497193247306,31.197875,973.307404515625,0.9996381607177243,1.3962446919730587,-2834.147463702414,4654.704350319257,3300.1479610932843,89.99288237460244,296.565051177078,36.1
2022-03-29,60.0,68.0,53.6,999.9,6.2,9.2,13.6,-957.1845775954973,31.197875,121.336319,3.04,61.179300856563415,12.235860171312684,33.74315570375904,0.9984354211555643,0.9943497193247306,31.197875,973.307404515625,0.9996381607177243,1.3962446919730587,-2834.147463702414,4654.704350319257,3300.1479610932843,89.99288237460244,296.565051177078,44.8
2022-03-30,63.9,77.0,53.6,999.9,6.1,8.7,15.5,529.0913697752791,31.197875,121.336319,3.04,65.32845860185651,12.268255136498874,33.92967175753052,0.9992500112396835,0.9943497193247306,31.197875,973.307404515625,0.9996381607177243,1.3962446919730587,-2834.147463702414,4654.704350319257,3300.1479610932843,89.99288237460244,296.565051177078,52.3
2022-03-31,50.8,57.2,44.6,999.9,6.2,11.5,17.5,-280.2736797131133,31.197875,121.336319,3.04,52.07254581512546,12.300601373651682,34.1143670323853,0.9997685019798909,0.9943497193247306,31.197875,973.307404515625,0.9996381607177243,1.3962446919730587,-2834.147463702414,4654.704350319257,3300.1479610932843,89.99288237460244,296.565051177078,41.2
2022-04-01,50.0,57.2,42.8,999.9,6.2,9.0,13.6,19.4,31.197875,121.336319,3.04,51.38705335553576,12.332892805328582,34.29718871084079,0.9999907397361901,0.9943497193247306,31.197875,973.307404515625,0.9996381607177243,1.3962446919730587,-2834.147463702414,4654.704350319257,3300.1479610932843,89.99288237460244,296.565051177078,36.5
2022-04-02,52.3,62.6,42.8,999.9,6.2,4.9,9.7,13.6,31.197875,121.336319,3.04,53.89132902969239,12.365123295531717,34.47808596323383,0.9999166586547379,0.9943497193247306,31.197875,973.307404515625,0.9996381607177243,1.3962446919730587,-2834.147463702414,4654.704350319257,3300.1479610932843,89.99288237460244,296.565051177078,32.8
2022-04-03,54.5,64.4,46.4,999.9,6.2,4.8,7.8,-59.5611564284479,31.197875,121.336319,3.04,56.30434350716046,12.39728664377845,34.65700996399965,0.9995462806873573,0.9943497193247306,31.197875,973.307404515625,0.9996381607177243,1.3962446919730587,-2834.147463702414,4654.704350319257,3300.1479610932843,89.99288237460244,296.565051177078,36.0
2022-04-04,58.1,66.2,53.6,999.9,6.2,7.7,11.7,-245.14715017482558,31.197875,121.336319,3.04,60.178898271430384,12.429376579297154,34.83391390470139,0.9988797155850336,0.9943497193247306,31.197875,973.307404515625,0.9996381607177243,1.3962446919730587,-2834.147463702414,4654.704350319257,3300.1479610932843,89.99288237460244,296.565051177078,40.1
2022-04-05,55.8,62.6,48.2,999.9,6.2,3.2,7.8,-317.81679720186503,31.197875,121.336319,3.04,57.94544841243126,12.461386755361563,35.008753003806305,0.9979171608653922,0.9943497193247306,31.197875,973.307404515625,0.9996381607177243,1.3962446919730587,-2834.147463702414,4654.704350319257,3300.1479610932843,89.99288237460244,296.565051177078,44.8
2022-04-06,65.4,77.0,53.6,999.9,6.2,4.0,13.6,-71.93901696021965,31.197875,121.336319,3.04,68.08854355358712,12.493310743777451,35.18148451321224,0.9966589017541702,0.9943497193247306,31.197875,973.307404515625,0.9996381607177243,1.3962446919730587,-2834.147463702414,4654.704350319257,3300.1479610932843,89.99288237460244,296.565051177078,47.3
2022-04-07,69.4,82.4,57.2,999.9,6.2,4.2,9.7,-149.84703264577217,31.197875,121.336319,3.04,72.43707140414747,12.525142029535585,35.35206772153639,0.9951053111006976,0.9943497193247306,31.197875,973.307404515625,0.9996381607177243,1.3962446919730587,-2834.147463702414,4654.704350319257,3300.1479610932843,89.99288237460244,296.565051177078,46.5
2022-04-08,69.3,82.4,57.2,999.9,6.2,9.1,13.6,203.85649929511524,31.197875,121.336319,3.04,72.51594738260131,12.55687400564525,35.52046395418503,0.9932568492674143,0.9943497193247306,31.197875,973.307404515625,0.9996381607177243,1.3962446919730587,-2834.147463702414,4654.704350319257,3300.1479610932843,89.99288237460244,296.565051177078,43.8
2022-04-09,70.5,84.2,62.6,999.9,6.2,9.3,13.6,498.1571094910025,31.197875,121.336319,3.04,73.95743731295812,12.588499968163086,35.68663657023083,0.9911140639934547,0.9943497193247306,31.197875,973.307404515625,0.9996381607177243,1.3962446919730587,-2834.147463702414,4654.704350319257,3300.1479610932843,89.99288237460244,296.565051177078,50.2
2022-04-10,70.7,82.4,62.6,999.9,6.2,8.2,11.7,-267.9786687567257,31.197875,121.336319,3.04,74.35291058152104,12.620013111432144,35.85055095613186,0.9886775902323405,0.9943497193247306,31.197875,973.307404515625,0.9996381607177243,1.3962446919730587,-2834.147463702414,4654.704350319257,3300.1479610932843,89.99288237460244,296.565051177078,58.4
2022-04-11,77.6,91.4,66.2,999.9,6.2,5.5,9.7,-410.30653478453195,31.197875,121.336319,3.04,81.81242885226752,12.651406523546523,36.01217451633321,0.9859481499638304,0.9943497193247306,31.197875,973.307404515625,0.9996381607177243,1.3962446919730587,-2834.147463702414,4654.704350319257,3300.1479610932843,89.99288237460244,296.565051177078,57.7
2022-04-12,74.8,91.4,57.2,999.9,5.6,9.5,15.5,255.1484134979073,31.197875,121.336319,3.04,79.05532950149026,12.682673182057263,36.171476660799584,0.9829265519799822,0.9943497193247306,31.197875,973.307404515625,0.9996381607177243,1.3962446919730587,-2834.147463702414,4654.704350319257,3300.1479610932843,89.99288237460244,296.565051177078,59.7
2022-04-13,57.7,60.8,55.4,999.9,4.5,15.0,19.4,29.1,31.197875,121.336319,3.04,61.13221694260619,12.713805949935429,36.328428789534065,0.9796136916454901,0.9943497193247306,31.197875,973.307404515625,0.9996381607177243,1.3962446919730587,-2834.147463702414,4654.704350319257,3300.1479610932843,89.99288237460244,296.565051177078,55.7
2022-04-14,56.2,59.0,53.6,999.9,4.9,10.5,15.5,260.1201378099478,31.197875,121.336319,3.04,59.68813529463748,12.744797571808716,36.48300427414487,0.9760105506323683,0.9943497193247306,31.197875,973.307404515625,0.9996381607177243,1.3962446919730587,-2834.147463702414,4654.704350319257,3300.1479610932843,89.99288237460244,296.565051177078,54.0
2022-04-15,57.7,64.4,53.6,999.9,6.2,11.5,17.5,25.3,31.197875,121.336319,3.04,61.429538890597094,12.77564067048813,36.63517843652859,0.9721181966290613,0.9943497193247306,31.197875,973.307404515625,0.9996381607177243,1.3962446919730587,-2834.147463702414,4654.704350319257,3300.1479610932843,89.99288237460244,296.565051177078,42.3
2022-04-16,57.7,64.4,50.0,999.9,6.2,6.8,11.7,710.6160551144698,31.197875,121.336319,3.04,61.57709256811261,12.806327743801583,36.784928524744565,0.9679377830240642,0.9943497193247306,31.197875,973.307404515625,0.9996381607177243,1.3962446919730587,-2834.147463702414,4654.704350319257,3300.1479610932843,89.99288237460244,296.565051177078,35.8
2022-04-17,61.2,69.8,57.2,999.9,6.2,6.6,11.7,-1134.7801143110437,31.197875,121.336319,3.04,65.4679409249325,12.836851161751472,36.932233686161084,0.9634705485641488,0.9943497193247306,31.197875,973.307404515625,0.9996381607177243,1.3962446919730587,-2834.147463702414,4654.704350319257,3300.1479610932843,89.99288237460244,296.565051177078,33.6
2022-04-18,61.5,69.8,53.6,999.9,6.2,4.2,7.8,577.5715088195088,31.197875,121.336319,3.04,65.94441621556929,12.867203164013521,37.077074937959935,0.9587178169872964,0.9943497193247306,31.197875,973.307404515625,0.9996381607177243,1.3962446919730587,-2834.147463702414,4654.704350319257,3300.1479610932843,89.99288237460244,296.565051177078,41.2
2022-04-19,64.1,73.4,55.4,999.9,6.2,5.4,9.7,44.355422133159266,31.197875,121.336319,3.04,68.89348270705108,12.897375857794277,37.21943513509125,0.9536809966304457,0.9943497193247306,31.197875,973.307404515625,0.9996381607177243,1.3962446919730587,-2834.147463702414,4654.704350319257,3300.1479610932843,89.99288237460244,296.565051177078,47.2
2022-04-20,67.2,77.0,59.0,999.9,5.7,8.0,15.5,189.10204303213894,31.197875,121.336319,3.04,72.39322280996294,12.92736121606481,37.35929893577572,0.9483615800121715,0.9943497193247306,31.197875,973.307404515625,0.9996381607177243,1.3962446919730587,-2834.147463702414,4654.704350319257,3300.1479610932843,89.99288237460244,296.565051177078,51.6
2022-04-21,68.6,78.8,60.8,999.9,5.9,7.5,13.6,-695.0497939266478,31.197875,121.336319,3.04,74.07171365220893,12.95715107618815,37.49665276465612,0.9427611433904207,0.9943497193247306,31.197875,973.307404515625,0.9996381607177243,1.3962446919730587,-2834.147463702414,4654.704350319257,3300.1479610932843,89.99288237460244,296.565051177078,56.1
2022-04-22,74.4,84.2,64.4,999.9,5.9,6.4,13.6,-69.97062520685114,31.197875,121.336319,3.04,80.5177702615399,12.986737138958048,37.63148477370465,0.9368813462954315,0.9943497193247306,31.197875,973.307404515625,0.9996381607177243,1.3962446919730587,-2834.147463702414,4654.704350319257,3300.1479610932843,89.99288237460244,296.565051177078,61.2
2022-04-23,65.6,68.0,62.6,999.9,6.0,5.1,7.8,-387.5538919358732,31.197875,121.336319,3.04,71.15473995876332,13.01611096806646,37.76378480099666,0.9307239310379795,0.9943497193247306,31.197875,973.307404515625,0.9996381607177243,1.3962446919730587,-2834.147463702414,4654.704350319257,3300.1479610932843,89.99288237460244,296.565051177078,61.8
2022-04-24,67.4,75.2,62.6,999.9,5.4,8.0,11.7,-336.8545157430488,31.197875,121.336319,3.04,73.27089941059623,13.045263990017132,37.89354432746522,0.9242907221930933,0.9943497193247306,31.197875,973.307404515625,0.9996381607177243,1.3962446919730587,-2834.147463702414,4654.704350319257,3300.1479610932843,89.99288237460244,296.565051177078,61.1
2022-04-25,73.3,80.6,68.0,999.9,6.0,8.0,15.5,33.0,31.197875,121.336319,3.04,79.86149527891813,13.074187494502285,38.02075643175428,0.9175836260593937,0.9943497193247306,31.197875,973.307404515625,0.9996381607177243,1.3962446919730587,-2834.147463702414,4654.704350319257,3300.1479610932843,89.99288237460244,296.565051177078,68.1
2022-04-26,65.9,73.4,60.8,999.9,5.7,7.6,13.6,26.283366857704976,31.197875,121.336319,3.04,71.95660888863117,13.10287263525909,38.145415743291544,0.9106046300942162,0.9943497193247306,31.197875,973.307404515625,0.9996381607177243,1.3962446919730587,-2834.147463702414,4654.704350319257,3300.1479610932843,89.99288237460244,296.565051177078,61.5
2022-04-27,65.4,71.6,60.8,999.9,6.2,9.6,15.5,499.758326350404,31.197875,121.336319,3.04,71.56564185125146,13.131310431422284,38.267518393704115,0.9033558023246845,0.9943497193247306,31.197875,973.307404515625,0.9996381607177243,1.3962446919730587,-2834.147463702414,4654.704350319257,3300.1479610932843,89.99288237460244,296.565051177078,45.1
2022-04-28,62.3,69.8,53.6,999.9,5.9,9.0,17.5,377.8179216809261,31.197875,121.336319,3.04,68.31969476940913,13.159491769388596,38.387061966703406,0.895839290734909,0.9943497193247306,31.197875,973.307404515625,0.9996381607177243,1.3962446919730587,-2834.147463702414,4654.704350319257,3300.1479610932843,89.99288237460244,296.565051177078,57.1
2022-04-29,57.0,60.8,53.6,999.9,6.2,7.8,13.6,144.53923755547072,31.197875,121.336319,3.04,62.640185174738455,13.187407405208095,38.504045446566224,0.8880573226294932,0.9943497193247306,31.197875,973.307404515625,0.9996381607177243,1.3962446919730587,-2834.147463702414,4654.704350319257,3300.1479610932843,89.99288237460244,296.565051177078,47.6
2022-04-30,58.7,64.4,53.6,999.9,6.2,6.8,11.7,17.5,31.197875,121.336319,3.04,64.64360964110284,13.215047967516766,38.61846916534176,0.8800122039735357,0.9943497193247306,31.197875,973.307404515625,0.9996381607177243,1.3962446919730587,-2834.147463702414,4654.704350319257,3300.1479610932843,89.99288237460244,296.565051177078,47.1
2022-05-01,61.5,69.8,53.6,999.9,6.0,5.6,11.7,71.68418378473733,31.197875,121.336319,3.04,67.86732030024687,13.24240396102378,38.73033474891414,0.8717063187093218,0.9943497193247306,31.197875,973.307404515625,0.9996381607177243,1.3962446919730587,-2834.147463702414,4654.704350319257,3300.1479610932843,89.99288237460244,296.565051177078,45.3
2022-05-02,67.8,75.2,59.0,999.9,5.7,4.1,7.8,-84.31185344033128,31.197875,121.336319,3.04,74.97248160369675,13.269465770565796,38.839645062051645,0.8631421280499114,0.9943497193247306,31.197875,973.307404515625,0.9996381607177243,1.3962446919730587,-2834.147463702414,4654.704350319257,3300.1479610932843,89.99288237460244,296.565051177078,48.4
2022-05-03,70.8,82.4,60.8,999.9,6.1,6.2,13.6,1053.4995662898727,31.197875,121.336319,3.04,78.44771962786393,13.29622366573965,38.94640415257327,0.854322169749827,0.9943497193247306,31.197875,973.307404515625,0.9996381607177243,1.3962446919730587,-2834.147463702414,4654.704350319257,3300.1479610932843,89.99288237460244,296.565051177078,49.0
2022-05-04,70.1,82.4,59.0,999.9,6.2,8.0,11.7,19.4,31.197875,121.336319,3.04,77.82658443410367,13.32266780612331,39.050617194763724,0.8452490573530633,0.9943497193247306,31.197875,973.307404515625,0.9996381607177243,1.3962446919730587,-2834.147463702414,4654.704350319257,3300.1479610932843,89.99288237460244,296.565051177078,47.6
2022-05-05,72.1,82.4,64.4,999.9,6.2,9.1,13.6,102.17221197033825,31.197875,121.336319,3.04,80.20396938462152,13.348788247093733,39.15229043216671,0.8359254794186372,0.9943497193247306,31.197875,973.307404515625,0.9996381607177243,1.3962446919730587,-2834.147463702414,4654.704350319257,3300.1479610932843,89.99288237460244,296.565051177078,56.7
2022-05-06,74.4,87.8,64.4,999.9,5.6,7.8,11.7,-337.36662573023574,31.197875,121.336319,3.04,82.92236466674103,13.374574946248552,39.251431119886036,0.8263541987239096,0.9943497193247306,31.197875,973.307404515625,0.9996381607177243,1.3962446919730587,-2834.147463702414,4654.704350319257,3300.1479610932843,89.99288237460244,296.565051177078,60.0
2022-05-07,70.8,80.6,64.4,999.9,6.1,7.9,13.6,-376.08284228295554,31.197875,121.336319,3.04,79.06010484557764,13.400017770436888,39.34804746652181,0.8165380514459161,0.9943497193247306,31.197875,973.307404515625,0.9996381607177243,1.3962446919730587,-2834.147463702414,4654.704350319257,3300.1479610932843,89.99288237460244,296.565051177078,60.9
2022-05-08,68.5,78.8,60.8,999.9,6.2,7.6,11.7,15.5,31.197875,121.336319,3.04,76.63498295692372,13.425106503402697,39.44214857586848,0.8064799463209448,0.9943497193247306,31.197875,973.307404515625,0.9996381607177243,1.3962446919730587,-2834.147463702414,4654.704350319257,3300.1479610932843,89.99288237460244,296.565051177078,51.3
2022-05-09,66.7,73.4,62.6,999.9,6.2,7.0,9.7,167.9485757501898,31.197875,121.336319,3.04,74.75864316371732,13.449830854042096,39.53374438849778,0.7961828637826158,0.9943497193247306,31.197875,973.307404515625,0.9996381607177243,1.3962446919730587,-2834.147463702414,4654.704350319257,3300.1479610932843,89.99288237460244,296.565051177078,49.2
2022-05-10,67.6,71.6,64.4,999.9,6.2,7.3,11.7,49.553025383221666,31.197875,121.336319,3.04,75.90454995437656,13.474180465273946,39.622845623348496,0.7856498550787147,0.9943497193247306,31.197875,973.307404515625,0.9996381607177243,1.3962446919730587,-2834.147463702414,4654.704350319257,3300.1479610932843,89.99288237460244,296.565051177078,58.5
2022-05-11,67.5,73.4,64.4,999.9,6.1,6.6,9.7,-1285.659814409665,31.197875,121.336319,3.04,75.92706519480387,13.498144923520687,39.70946371944134,0.7748840413670407,0.9943497193247306,31.197875,973.307404515625,0.9996381607177243,1.3962446919730587,-2834.147463702414,4654.704350319257,3300.1479610932843,89.99288237460244,296.565051177078,60.4
2022-05-12,63.2,68.0,59.0,999.9,5.1,6.6,11.7,531.4252440075492,31.197875,121.336319,3.04,71.2143591823155,13.521713768794083,39.79361077783425,0.7638886127905428,0.9943497193247306,31.197875,973.307404515625,0.9996381607177243,1.3962446919730587,-2834.147463702414,4654.704350319257,3300.1479610932843,89.99288237460244,296.565051177078,60.5
2022-05-13,59.4,62.6,53.6,999.9,5.7,6.9,15.5,311.8073190710772,31.197875,121.336319,3.04,67.04713870162065,13.54487650537791,39.87529950392982,0.7526668275320085,0.9943497193247306,31.197875,973.307404515625,0.9996381607177243,1.3962446919730587,-2834.147463702414,4654.704350319257,3300.1479610932843,89.99288237460244,296.565051177078,54.1
2022-05-14,66.0,73.4,59.0,999.9,6.2,6.3,9.7,21.4,31.197875,121.336319,3.04,74.6219243720339,13.567622613097072,39.95454315024323,0.7412220108485958,0.9943497193247306,31.197875,973.307404515625,0.9996381607177243,1.3962446919730587,-2834.147463702414,4654.704350319257,3300.1479610932843,89.99288237460244,296.565051177078,45.3
2022-05-15,66.3,73.4,60.8,999.9,6.2,4.1,7.8,238.01228178791106,31.197875,121.336319,3.04,75.08442711435778,13.58994155915978,40.0313554597341,0.7295575540864875,0.9943497193247306,31.197875,973.307404515625,0.9996381607177243,1.3962446919730587,-2834.147463702414,4654.704350319257,3300.1479610932843,89.99288237460244,296.565051177078,45.6
2022-05-16,69.4,78.8,60.8,999.9,6.2,6.1,13.6,-776.7845991444744,31.197875,121.336319,3.04,78.72170858771943,13.611822810556673,40.10575060980245,0.717676913675962,0.9943497193247306,31.197875,973.307404515625,0.9996381607177243,1.3962446919730587,-2834.147463702414,4654.704350319257,3300.1479610932843,89.99288237460244,296.565051177078,48.0
2022-05-17,72.7,82.4,62.6,999.9,6.2,7.1,13.6,-168.43335196803054,31.197875,121.336319,3.04,82.59480833972796,13.633255846997738,40.177743157043324,0.705583610107178,0.9943497193247306,31.197875,973.307404515625,0.9996381607177243,1.3962446919730587,-2834.147463702414,4654.704350319257,3300.1479610932843,89.99288237460244,296.565051177078,46.5
2022-05-18,73.2,82.4,66.2,999.9,6.2,8.7,11.7,833.6323096628789,31.197875,121.336319,3.04,83.29080406362641,13.654230174364985,40.24734798285102,0.6932812268869777,0.9943497193247306,31.197875,973.307404515625,0.9996381607177243,1.3962446919730587,-2834.147463702414,4654.704350319257,3300.1479610932843,89.99288237460244,296.565051177078,42.4
2022-05-19,68.8,73.4,62.6,999.9,6.2,6.8,11.7,605.7614343266198,31.197875,121.336319,3.04,78.40181594162593,13.674735338655685,40.314580239957756,0.6807734094770161,0.9943497193247306,31.197875,973.307404515625,0.9996381607177243,1.3962446919730587,-2834.147463702414,4654.704350319257,3300.1479610932843,89.99288237460244,296.565051177078,58.8
2022-05-20,66.8,69.8,64.4,999.9,5.3,4.0,9.7,-287.94812706572725,31.197875,121.336319,3.04,76.23416923482631,13.694760940387962,40.37945529998776,0.6680638642135335,0.9943497193247306,31.197875,973.307404515625,0.9996381607177243,1.3962446919730587,-2834.147463702414,4654.704350319257,3300.1479610932843,89.99288237460244,296.565051177078,63.5
2022-05-21,71.1,80.6,64.4,999.9,5.9,4.9,11.7,-522.3566153590446,31.197875,121.336319,3.04,81.25720764791664,13.71429664943741,40.44198870210135,0.6551563572090853,0.9943497193247306,31.197875,973.307404515625,0.9996381607177243,1.3962446919730587,-2834.147463702414,4654.704350319257,3300.1479610932843,89.99288237460244,296.565051177078,60.9
2022-05-22,74.7,82.4,68.0,999.9,6.2,10.0,13.6,-47.5814620341722,31.197875,121.336319,3.04,85.4899930711828,13.733332220270327,40.50219610279956,0.6420547132365637,0.9943497193247306,31.197875,973.307404515625,0.9996381607177243,1.3962446919730587,-2834.147463702414,4654.704350319257,3300.1479610932843,89.99288237460244,296.565051177078,54.6
2022-05-23,70.0,78.8,64.4,999.9,6.2,11.7,17.5,27.2,31.197875,121.336319,3.04,80.21916879396048,13.751857507536084,40.5600932269536,0.6287628145958344,0.9943497193247306,31.197875,973.307404515625,0.9996381607177243,1.3962446919730587,-2834.147463702414,4654.704350319257,3300.1479610932843,89.99288237460244,296.565051177078,58.9
2022-05-24,66.6,69.8,64.4,999.9,5.3,6.3,9.7,-182.2574042136555,31.197875,121.336319,3.04,76.42273677497887,13.769862481978176,40.61569582011839,0.6152845999633276,0.9943497193247306,31.197875,973.307404515625,0.9996381607177243,1.3962446919730587,-2834.147463702414,4654.704350319257,3300.1479610932843,89.99288237460244,296.565051177078,62.8
2022-05-25,72.1,80.6,66.2,999.9,6.2,4.5,7.8,268.33232907944824,31.197875,121.336319,3.04,82.83891795677835,13.787337246620531,40.66901960218439,0.6016240632249226,0.9943497193247306,31.197875,973.307404515625,0.9996381607177243,1.3962446919730587,-2834.147463702414,4654.704350319257,3300.1479610932843,89.99288237460244,296.565051177078,61.3
2022-05-26,69.5,77.0,64.4,999.9,5.9,3.6,7.8,997.2764273062236,31.197875,121.336319,3.04,79.94974230801769,13.804272053182912,40.720080222416115,0.5877852522924732,0.9943497193247306,31.197875,973.307404515625,0.9996381607177243,1.3962446919730587,-2834.147463702414,4654.704350319257,3300.1479610932843,89.99288237460244,296.565051177078,61.8
2022-05-27,76.3,86.0,69.8,999.9,6.0,6.2,11.7,-169.75429502380013,31.197875,121.336319,3.04,87.87634611791778,13.820657318676455,40.76889321592092,0.5737722679043246,0.9943497193247306,31.197875,973.307404515625,0.9996381607177243,1.3962446919730587,-2834.147463702414,4654.704350319257,3300.1479610932843,89.99288237460244,296.565051177078,62.8
2022-05-28,70.0,75.2,68.0,999.9,5.8,8.6,13.6,-804.5151879355002,31.197875,121.336319,3.04,80.71282124574667,13.836483642128,40.815473961586264,0.5595892624101765,0.9943497193247306,31.197875,973.307404515625,0.9996381607177243,1.3962446919730587,-2834.147463702414,4654.704350319257,3300.1479610932843,89.99288237460244,296.565051177078,64.8
2022-05-29,72.7,77.0,68.0,999.9,3.9,4.2,9.7,697.8523382227987,31.197875,121.336319,3.04,83.91846920118996,13.851741821379361,40.859837641518816,0.545240438540651,0.9943497193247306,31.197875,973.307404515625,0.9996381607177243,1.3962446919730587,-2834.147463702414,4654.704350319257,3300.1479610932843,89.99288237460244,296.565051177078,70.5
2022-05-30,75.0,87.8,62.6,999.9,5.7,7.6,17.5,-927.7406488509899,31.197875,121.336319,3.04,86.66514293691074,13.866422869905717,40.90199920201378,0.5307300481619334,0.9943497193247306,31.197875,973.307404515625,0.9996381607177243,1.3962446919730587,-2834.147463702414,4654.704350319257,3300.1479610932843,89.99288237460244,296.565051177078,60.4
2022-05-31,76.6,84.2,71.6,999.9,6.0,9.7,17.5,924.229848327148,31.197875,121.336319,3.04,88.60397344778349,13.880518033595326,40.941973316078325,0.5160623910158528,0.9943497193247306,31.197875,973.307404515625,0.9996381607177243,1.3962446919730587,-2834.147463702414,4654.704350319257,3300.1479610932843,89.99288237460244,296.565051177078,54.8
2022-06-01,77.4,84.2,73.4,999.9,4.5,5.1,7.8,242.23277308039496,31.197875,121.336319,3.04,89.61642130793054,13.89401880743109,40.97977434752847,0.5012418134457758,0.9943497193247306,31.197875,973.307404515625,0.9996381607177243,1.3962446919730587,-2834.147463702414,4654.704350319257,3300.1479610932843,89.99288237460244,296.565051177078,71.7
2022-06-02,77.2,84.2,71.6,999.9,5.5,9.2,11.7,861.8526890527456,31.197875,121.336319,3.04,89.46783239128573,13.906916952013326,41.01541631667452,0.48627270710868997,0.9943497193247306,31.197875,973.307404515625,0.9996381607177243,1.3962446919730587,-2834.147463702414,4654.704350319257,3300.1479610932843,89.99288237460244,296.565051177078,69.3
2022-06-03,75.5,78.8,73.4,999.9,5.9,9.9,13.6,17.5,31.197875,121.336319,3.04,87.5749950412142,13.91920450986186,41.04891286760636,0.4711595076738638,0.9943497193247306,31.197875,973.307404515625,0.9996381607177243,1.3962446919730587,-2834.147463702414,4654.704350319257,3300.1479610932843,89.99288237460244,296.565051177078,69.9
2022-06-04,79.8,86.0,75.2,999.9,5.8,5.8,11.7,-433.8671315692201,31.197875,121.336319,3.04,92.6403109125428,13.930873821435009,41.08027723708625,0.4559066935084588,0.9943497193247306,31.197875,973.307404515625,0.9996381607177243,1.3962446919730587,-2834.147463702414,4654.704350319257,3300.1479610932843,89.99288237460244,296.565051177078,73.8
2022-06-05,73.5,77.0,69.8,999.9,5.9,6.2,13.6,-914.7706351996379,31.197875,121.336319,3.04,85.39424493741608,13.941917540802624,41.10952222505303,0.440518784350495,0.9943497193247306,31.197875,973.307404515625,0.9996381607177243,1.3962446919730587,-2834.147463702414,4654.704350319257,3300.1479610932843,89.99288237460244,296.565051177078,70.1
2022-06-06,79.8,89.6,71.6,999.9,6.1,7.2,13.6,5.257692364385621,31.197875,121.336319,3.04,92.7829855285536,13.952328650910317,41.136660166739325,0.42500033996955416,0.9943497193247306,31.197875,973.307404515625,0.9996381607177243,1.3962446919730587,-2834.147463702414,4654.704350319257,3300.1479610932843,89.99288237460244,296.565051177078,67.5
2022-06-07,74.1,82.4,66.2,999.9,6.2,7.7,13.6,-45.47376546076019,31.197875,121.336319,3.04,86.21597045395016,13.962100478372497,41.161702906399924,0.4093559588156213,0.9943497193247306,31.197875,973.307404515625,0.9996381607177243,1.3962446919730587,-2834.147463702414,4654.704350319257,3300.1479610932843,89.99288237460244,296.565051177078,60.3
2022-06-08,76.1,84.2,71.6,999.9,6.2,7.9,11.7,-215.59304351135023,31.197875,121.336319,3.04,88.60086270487032,13.97122670773251,41.18466177264736,0.39359027665646673,0.9943497193247306,31.197875,973.307404515625,0.9996381607177243,1.3962446919730587,-2834.147463702414,4654.704350319257,3300.1479610932843,89.99288237460244,296.565051177078,61.2
2022-06-09,76.7,84.2,71.6,999.9,6.2,10.3,13.6,947.3103878017537,31.197875,121.336319,3.04,89.35359141720218,13.979701395129416,41.205547555389096,0.3777079652039649,0.9943497193247306,31.197875,973.307404515625,0.9996381607177243,1.3962446919730587,-2834.147463702414,4654.704350319257,3300.1479610932843,89.99288237460244,296.565051177078,66.2
2022-06-10,70.9,77.0,66.2,999.9,6.1,5.3,11.7,515.8006843814337,31.197875,121.336319,3.04,82.64292464792112,13.98751898131246,41.224370484358154,0.36171373072976765,0.9943497193247306,31.197875,973.307404515625,0.9996381607177243,1.3962446919730587,-2834.147463702414,4654.704350319257,3300.1479610932843,89.99288237460244,296.565051177078,65.1
2022-06-11,75.4,80.6,71.6,999.9,6.2,8.3,15.5,247.47048496798573,31.197875,121.336319,3.04,87.93320354312932,13.994674303946312,41.24114020922852,0.3456123126707335,0.9943497193247306,31.197875,973.307404515625,0.9996381607177243,1.3962446919730587,-2834.147463702414,4654.704350319257,3300.1479610932843,89.99288237460244,296.565051177078,63.5
2022-06-12,70.2,73.4,68.0,999.9,6.1,6.6,11.7,-509.11254212460415,31.197875,121.336319,3.04,81.90680126354171,14.001162609152427,41.25586578130531,0.3294084822245304,0.9943497193247306,31.197875,973.307404515625,0.9996381607177243,1.3962446919730587,-2834.147463702414,4654.704350319257,3300.1479610932843,89.99288237460244,296.565051177078,65.8
2022-06-13,70.2,71.6,68.0,999.9,5.3,3.2,5.8,348.16189309700826,31.197875,121.336319,3.04,81.94083043907294,14.00697956223469,41.26855563677867,0.3131070409358269,0.9943497193247306,31.197875,973.307404515625,0.9996381607177243,1.3962446919730587,-2834.147463702414,4654.704350319257,3300.1479610932843,89.99288237460244,296.565051177078,68.2
2022-06-14,78.0,87.8,71.6,999.9,5.4,5.4,9.7,340.45710782705027,31.197875,121.336319,3.04,91.07878817401361,14.012121257540555,41.2792175815308,0.29671281927349075,0.9943497193247306,31.197875,973.307404515625,0.9996381607177243,1.3962446919730587,-2834.147463702414,4654.704350319257,3300.1479610932843,89.99288237460244,296.565051177078,68.2
2022-06-15,83.1,93.2,73.4,999.9,5.8,6.0,13.6,-80.15475512652695,31.197875,121.336319,3.04,97.06484577483093,14.016584227412409,41.2878587774846,0.28023067519921585,0.9943497193247306,31.197875,973.307404515625,0.9996381607177243,1.3962446919730587,-2834.147463702414,4654.704350319257,3300.1479610932843,89.99288237460244,296.565051177078,66.1
2022-06-16,82.9,91.4,73.4,999.9,6.0,7.3,9.7,789.3346688369184,31.197875,121.336319,3.04,96.85735798504622,14.02036545018763,41.294485730483274,0.26366549272800704,0.9943497193247306,31.197875,973.307404515625,0.9996381607177243,1.3962446919730587,-2834.147463702414,4654.704350319257,3300.1479610932843,89.99288237460244,296.565051177078,69.8
2022-06-17,82.6,95.0,73.4,999.9,6.2,7.4,11.7,-500.4774084507644,31.197875,121.336319,3.04,96.52816589212841,14.02346235720994,41.299104279690404,0.24702218048093552,0.9943497193247306,31.197875,973.307404515625,0.9996381607177243,1.3962446919730587,-2834.147463702414,4654.704350319257,3300.1479610932843,89.99288237460244,296.565051177078,70.5
2022-06-18,83.2,93.2,77.0,999.9,6.2,5.9,11.7,-314.9473737102879,31.197875,121.336319,3.04,97.2460516824788,14.025872838819057,41.30171958850089,0.23030567023061221,0.9943497193247306,31.197875,973.307404515625,0.9996381607177243,1.3962446919730587,-2834.147463702414,4654.704350319257,3300.1479610932843,89.99288237460244,296.565051177078,72.1
2022-06-19,82.5,91.4,77.0,999.9,6.2,6.2,9.7,-804.8041805724508,31.197875,121.336319,3.04,96.43971733887027,14.02759524929022,41.30233613695408,0.21352091543979612,0.9943497193247306,31.197875,973.307404515625,0.9996381607177243,1.3962446919730587,-2834.147463702414,4654.704350319257,3300.1479610932843,89.99288237460244,296.565051177078,72.9
2022-06-20,82.6,89.6,78.8,999.9,6.2,6.4,11.7,462.25961066705656,31.197875,121.336319,3.04,96.5637255603193,14.02862841070014,41.30095771564151,0.19667288979357647,0.9943497193247306,31.197875,973.307404515625,0.9996381607177243,1.3962446919730587,-2834.147463702414,4654.704350319257,3300.1479610932843,89.99288237460244,296.565051177078,72.0
2022-06-21,82.3,87.8,77.0,999.9,6.2,7.1,11.7,185.79315755620866,31.197875,121.336319,3.04,96.21536366434802,14.028971615700806,41.29758742110299,0.1797665857255624,0.9943497193247306,31.197875,973.307404515625,0.9996381607177243,1.3962446919730587,-2834.147463702414,4654.704350319257,3300.1479610932843,89.99288237460244,296.565051177078,73.4
2022-06-22,87.6,95.0,82.4,999.9,6.2,8.8,13.6,25.3,31.197875,121.336319,3.04,102.40895979307169,14.028624629187904,41.292227652706394,0.16280701293851715,0.9943497193247306,31.197875,973.307404515625,0.9996381607177243,1.3962446919730587,-2834.147463702414,4654.704350319257,3300.1479610932843,89.99288237460244,296.565051177078,74.5
2022-06-23,89.4,96.8,75.2,999.9,6.1,9.6,17.5,25.3,31.197875,121.336319,3.04,104.50552828197586,14.027587688855819,41.28488011100759,0.1457991969198751,0.9943497193247306,31.197875,973.307404515625,0.9996381607177243,1.3962446919730587,-2834.147463702414,4654.704350319257,3300.1479610932843,89.99288237460244,296.565051177078,73.9
2022-06-24,78.4,80.6,77.0,999.9,6.2,6.0,13.6,-237.4121131974299,31.197875,121.336319,3.04,91.6356284969586,14.02586150463652,41.27554579758898,0.12874817745258132,0.9943497193247306,31.197875,973.307404515625,0.9996381607177243,1.3962446919730587,-2834.147463702414,4654.704350319257,3300.1479610932843,89.99288237460244,296.565051177078,73.6
2022-06-25,86.7,95.0,82.4,999.9,6.2,9.4,11.7,-507.1397747117515,31.197875,121.336319,3.04,101.319406432006,14.023447257025053,41.264225016376564,0.11165900712169512,0.9943497193247306,31.197875,973.307404515625,0.9996381607177243,1.3962446919730587,-2834.147463702414,4654.704350319257,3300.1479610932843,89.99288237460244,296.565051177078,75.2
2022-06-26,87.9,95.0,82.4,999.9,6.2,12.1,15.5,-915.7977138676049,31.197875,121.336319,3.04,102.69903880324544,14.020346594299717,41.25091737643674,0.09453674981719912,0.9943497193247306,31.197875,973.307404515625,0.9996381607177243,1.3962446919730587,-2834.147463702414,4654.704350319257,3300.1479610932843,89.99288237460244,296.565051177078,74.4
2022-06-27,88.5,96.8,82.4,999.9,6.2,14.2,17.5,27.2,31.197875,121.336319,3.04,103.37214201129508,14.01656162865018,41.235621796256076,0.07738647923346301,0.9943497193247306,31.197875,973.307404515625,0.9996381607177243,1.3962446919730587,-2834.147463702414,4654.704350319257,3300.1479610932843,89.99288237460244,296.565051177078,73.3
2022-06-28,87.3,95.0,82.4,999.9,6.2,11.9,15.5,-495.9355009997593,31.197875,121.336319,3.04,101.9379906247136,14.012094931232113,41.21833650950832,0.06021327736579302,0.9943497193247306,31.197875,973.307404515625,0.9996381607177243,1.3962446919730587,-2834.147463702414,4654.704350319257,3300.1479610932843,89.99288237460244,296.565051177078,75.1
2022-06-29,83.4,95.0,77.0,999.9,6.0,7.6,21.4,31.1,31.197875,121.336319,3.04,97.34829920689458,14.006949526171882,41.19905907231449,0.04302223300453059,0.9943497193247306,31.197875,973.307404515625,0.9996381607177243,1.3962446919730587,-2834.147463702414,4654.704350319257,3300.1479610932843,89.99288237460244,296.565051177078,75.9
2022-06-30,83.8,93.2,78.8,999.9,6.2,10.9,15.5,-39.77968292899532,31.197875,121.336319,3.04,97.77455003678844,14.00112888354966,41.17778637200283,0.02581844022713308,0.9943497193247306,31.197875,973.307404515625,0.9996381607177243,1.3962446919730587,-2834.147463702414,4654.704350319257,3300.1479610932843,89.99288237460244,296.565051177078,75.6
2022-07-01,84.0,89.6,78.8,999.9,6.2,12.5,17.5,23.3,31.197875,121.336319,3.04,97.96245837975843,13.994636911394062,41.154514637376764,0.008606996888688698,0.9943497193247306,31.197875,973.307404515625,0.9996381607177243,1.3962446919730587,-2834.147463702414,4654.704350319257,3300.1479610932843,89.99288237460244,296.565051177078,74.7
2022-07-02,84.5,91.4,80.6,999.9,6.2,9.6,15.5,-343.5964853858941,31.197875,121.336319,3.04,98.49515720819345,13.987477946725697,41.12923945049935,-0.008606996888688009,0.9943497193247306,31.197875,973.307404515625,0.9996381607177243,1.3962446919730587,-2834.147463702414,4654.704350319257,3300.1479610932843,89.99288237460244,296.565051177078,74.4
2022-07-03,84.6,91.4,78.8,999.9,6.2,8.3,11.7,-328.198264144806,31.197875,121.336319,3.04,98.55658005712245,13.979656745691129,41.101955760003506,-0.02581844022713239,0.9943497193247306,31.197875,973.307404515625,0.9996381607177243,1.3962446919730587,-2834.147463702414,4654.704350319257,3300.1479610932843,89.99288237460244,296.565051177078,74.7
2022-07-04,86.2,95.0,80.6,999.9,6.2,8.3,13.6,640.6666587750353,31.197875,121.336319,3.04,100.3596320298479,13.971178472832653,41.072657895937695,-0.04302223300453034,0.9943497193247306,31.197875,973.307404515625,0.9996381607177243,1.3962446919730587,-2834.147463702414,4654.704350319257,3300.1479610932843,89.99288237460244,296.565051177078,74.6
2022-07-05,89.8,96.8,84.2,999.9,6.2,9.1,13.6,41.92594864101342,31.197875,121.336319,3.04,104.48266436007708,13.962048689542595,41.04133958615651,-0.060213277365792774,0.9943497193247306,31.197875,973.307404515625,0.9996381607177243,1.3962446919730587,-2834.147463702414,4654.704350319257,3300.1479610932843,89.99288237460244,296.565051177078,77.6
2022-07-06,90.6,96.8,86.0,999.9,6.2,9.7,13.6,349.5744006700671,31.197875,121.336319,3.04,105.33966373024302,13.952273341754042,41.00799397426532,-0.07738647923346322,0.9943497193247306,31.197875,973.307404515625,0.9996381607177243,1.3962446919730587,-2834.147463702414,4654.704350319257,3300.1479610932843,89.99288237460244,296.565051177078,77.5
2022-07-07,89.5,96.8,84.2,999.9,6.2,4.6,9.7,15.5,31.197875,121.336319,3.04,103.98302982079798,13.941858746922634,40.97261363912788,-0.09453674981719933,0.9943497193247306,31.197875,973.307404515625,0.9996381607177243,1.3962446919730587,-2834.147463702414,4654.704350319257,3300.1479610932843,89.99288237460244,296.565051177078,78.6
2022-07-08,92.9,100.4,86.0,999.9,6.2,6.2,11.7,17.5,31.197875,121.336319,3.04,107.84769965125895,13.930811580356377,40.93519061594453,-0.11165900712169444,0.9943497193247306,31.197875,973.307404515625,0.9996381607177243,1.3962446919730587,-2834.147463702414,4654.704350319257,3300.1479610932843,89.99288237460244,296.565051177078,75.8
2022-07-09,92.1,100.4,86.0,999.9,6.2,6.6,11.7,17.5,31.197875,121.336319,3.04,106.82939075780973,13.91913886095241,40.895716418907384,-0.12874817745258066,0.9943497193247306,31.197875,973.307404515625,0.9996381607177243,1.3962446919730587,-2834.147463702414,4654.704350319257,3300.1479610932843,89.99288237460244,296.565051177078,77.5
2022-07-10,92.6,102.2,80.6,999.9,6.2,6.6,19.4,33.0,31.197875,121.336319,3.04,107.31450990922949,13.90684793640123,40.854182065437726,-0.14579919691987442,0.9943497193247306,31.197875,973.307404515625,0.9996381607177243,1.3962446919730587,-2834.147463702414,4654.704350319257,3300.1479610932843,89.99288237460244,296.565051177078,76.8
2022-07-11,90.4,98.6,86.0,999.9,6.2,6.5,11.7,-949.6435466120332,31.197875,121.336319,3.04,104.667730058331,13.893946467920044,40.81057810200833,-0.16280701293851646,0.9943497193247306,31.197875,973.307404515625,0.9996381607177243,1.3962446919730587,-2834.147463702414,4654.704350319257,3300.1479610932843,89.99288237460244,296.565051177078,75.7
2022-07-12,93.9,104.0,86.0,999.9,6.2,7.4,11.7,17.5,31.197875,121.336319,3.04,108.6144618940702,13.880442414577661,40.76489463155162,-0.17976658572556214,0.9943497193247306,31.197875,973.307404515625,0.9996381607177243,1.3962446919730587,-2834.147463702414,4654.704350319257,3300.1479610932843,89.99288237460244,296.565051177078,77.8
2022-07-13,95.6,104.0,87.8,999.9,6.2,5.4,9.7,23.3,31.197875,121.336319,3.04,110.46854067094796,13.866344017273804,40.71712134245207,-0.19667288979357622,0.9943497193247306,31.197875,973.307404515625,0.9996381607177243,1.3962446919730587,-2834.147463702414,4654.704350319257,3300.1479610932843,89.99288237460244,296.565051177078,76.9
2022-07-14,95.9,104.0,89.6,999.9,6.2,5.9,11.7,19.4,31.197875,121.336319,3.04,110.69784776129782,13.851659782435599,40.66724753911772,-0.2135209154397959,0.9943497193247306,31.197875,973.307404515625,0.9996381607177243,1.3962446919730587,-2834.147463702414,4654.704350319257,3300.1479610932843,89.99288237460244,296.565051177078,75.3
2022-07-15,87.9,100.4,80.6,999.9,6.0,6.6,15.5,29.1,31.197875,121.336319,3.04,101.35161875974221,13.836398465493817,40.615262174123494,-0.23030567023061196,0.9943497193247306,31.197875,973.307404515625,0.9996381607177243,1.3962446919730587,-2834.147463702414,4654.704350319257,3300.1479610932843,89.99288237460244,296.565051177078,77.2
2022-07-16,85.7,91.4,78.8,999.9,6.0,5.7,11.7,-165.74020872451513,31.197875,121.336319,3.04,98.701897328749,13.820569054200561,40.56115388191461,-0.24702218048093527,0.9943497193247306,31.197875,973.307404515625,0.9996381607177243,1.3962446919730587,-2834.147463702414,4654.704350319257,3300.1479610932843,89.99288237460244,296.565051177078,78.0
2022-07-17,86.9,98.6,80.6,999.9,6.2,5.8,21.4,33.0,31.197875,121.336319,3.04,99.96527561130796,13.804180751849199,40.5049110140553,-0.2636654927280072,0.9943497193247306,31.197875,973.307404515625,0.9996381607177243,1.3962446919730587,-2834.147463702414,4654.704350319257,3300.1479610932843,89.99288237460244,296.565051177078,77.2
2022-07-18,84.6,89.6,80.6,999.9,6.2,7.3,13.6,21.4,31.197875,121.336319,3.04,97.20006287121439,13.787242960455941,40.44652167600361,-0.2802306751992161,0.9943497193247306,31.197875,973.307404515625,0.9996381607177243,1.3962446919730587,-2834.147463702414,4654.704350319257,3300.1479610932843,89.99288237460244,296.565051177078,76.1
2022-07-19,84.7,89.6,80.6,999.9,6.2,5.3,9.7,-11.323023120779904,31.197875,121.336319,3.04,97.19159315478989,13.769765263960785,40.385973765389245,-0.2967128192734901,0.9943497193247306,31.197875,973.307404515625,0.9996381607177243,1.3962446919730587,-2834.147463702414,4654.704350319257,3300.1479610932843,89.99288237460244,296.565051177078,77.2
2022-07-20,91.4,98.6,82.4,999.9,6.2,7.6,13.6,23.3,31.197875,121.336319,3.04,104.74255228428721,13.75175741150379,40.323255011766555,-0.3131070409358267,0.9943497193247306,31.197875,973.307404515625,0.9996381607177243,1.3962446919730587,-2834.147463702414,4654.704350319257,3300.1479610932843,89.99288237460244,296.565051177078,77.1
2022-07-21,85.4,93.2,80.6,999.9,6.2,5.9,13.6,-457.5843648448425,31.197875,121.336319,3.04,97.73481519090943,13.733229300830363,40.25835301781065,-0.3294084822245302,0.9943497193247306,31.197875,973.307404515625,0.9996381607177243,1.3962446919730587,-2834.147463702414,4654.704350319257,3300.1479610932843,89.99288237460244,296.565051177078,77.5
2022-07-22,88.3,95.0,84.2,999.9,5.8,6.4,9.7,-614.1674216751544,31.197875,121.336319,3.04,100.91358849447813,13.714190961876984,40.19125530191951,-0.3456123126707333,0.9943497193247306,31.197875,973.307404515625,0.9996381607177243,1.3962446919730587,-2834.147463702414,4654.704350319257,3300.1479610932843,89.99288237460244,296.565051177078,77.8
2022-07-23,91.8,102.2,78.8,999.9,6.2,10.0,15.5,630.1853011450536,31.197875,121.336319,3.04,104.76409193548513,13.694652540586292,40.12194934218025,-0.3617137307297674,0.9943497193247306,31.197875,973.307404515625,0.9996381607177243,1.3962446919730587,-2834.147463702414,4654.704350319257,3300.1479610932843,89.99288237460244,296.565051177078,74.6
2022-07-24,85.5,91.4,82.4,999.9,6.2,5.7,9.7,849.2076998357498,31.197875,121.336319,3.04,97.43169801635828,13.674624282997653,40.0504226216528,-0.37770796520396466,0.9943497193247306,31.197875,973.307404515625,0.9996381607177243,1.3962446919730587,-2834.147463702414,4654.704350319257,3300.1479610932843,89.99288237460244,296.565051177078,73.8
2022-07-25,88.1,95.0,82.4,999.9,6.2,8.3,13.6,-737.6711475425246,31.197875,121.336319,3.04,100.24397211514598,13.654116519656661,39.976662674919005,-0.39359027665646645,0.9943497193247306,31.197875,973.307404515625,0.9996381607177243,1.3962446919730587,-2834.147463702414,4654.704350319257,3300.1479610932843,89.99288237460244,296.565051177078,76.6
2022-07-26,86.8,96.8,77.0,999.9,6.0,5.3,21.4,31.1,31.197875,121.336319,3.04,98.6130434711107,13.633139650383969,39.90065713584059,-0.4093559588156211,0.9943497193247306,31.197875,973.307404515625,0.9996381607177243,1.3962446919730587,-2834.147463702414,4654.704350319257,3300.1479610932843,89.99288237460244,296.565051177078,75.3
2022-07-27,88.0,98.6,82.4,999.9,6.2,4.3,9.7,19.4,31.197875,121.336319,3.04,99.81916361590031,13.611704129440952,39.822393786463564,-0.42500033996955394,0.9943497193247306,31.197875,973.307404515625,0.9996381607177243,1.3962446919730587,-2834.147463702414,4654.704350319257,3300.1479610932843,89.99288237460244,296.565051177078,75.7
2022-07-28,89.7,98.6,82.4,999.9,6.2,9.6,13.6,19.4,31.197875,121.336319,3.04,101.583907872171,13.589820451126554,39.741860607002614,-0.4405187843504952,0.9943497193247306,31.197875,973.307404515625,0.9996381607177243,1.3962446919730587,-2834.147463702414,4654.704350319257,3300.1479610932843,89.99288237460244,296.565051177078,75.9
2022-07-29,88.3,95.0,82.4,999.9,6.2,9.3,15.5,-184.51338335997826,31.197875,121.336319,3.04,99.83418114119816,13.56749913583667,39.65904582683319,-0.455906693508459,0.9943497193247306,31.197875,973.307404515625,0.9996381607177243,1.3962446919730587,-2834.147463702414,4654.704350319257,3300.1479610932843,89.99288237460244,296.565051177078,76.0
2022-07-30,85.0,89.6,80.6,999.9,6.2,5.3,9.7,946.8508981611892,31.197875,121.336319,3.04,95.94198424268421,13.544750716614242,39.57393797641466,-0.47115950767386394,0.9943497193247306,31.197875,973.307404515625,0.9996381607177243,1.3962446919730587,-2834.147463702414,4654.704350319257,3300.1479610932843,89.99288237460244,296.565051177078,76.3
2022-07-31,88.2,96.8,82.4,999.9,6.2,7.7,11.7,23.3,31.197875,121.336319,3.04,99.38365508768177,13.521585726215207,39.48652594006284,-0.4862727071086902,0.9943497193247306,31.197875,973.307404515625,0.9996381607177243,1.3962446919730587,-2834.147463702414,4654.704350319257,3300.1479610932843,89.99288237460244,296.565051177078,75.5
2022-08-01,87.9,96.8,80.6,999.9,5.9,6.6,17.5,19.4,31.197875,121.336319,3.04,98.8729575655183,13.498014684712397,39.396799009485704,-0.5012418134457756,0.9943497193247306,31.197875,973.307404515625,0.9996381607177243,1.3962446919730587,-2834.147463702414,4654.704350319257,3300.1479610932843,89.99288237460244,296.565051177078,77.4
2022-08-02,88.9,96.8,84.2,999.9,6.2,9.6,15.5,23.3,31.197875,121.336319,3.04,99.8202395827215,13.474048087656444,39.30474693799169,-0.5160623910158526,0.9943497193247306,31.197875,973.307404515625,0.9996381607177243,1.3962446919730587,-2834.147463702414,4654.704350319257,3300.1479610932843,89.99288237460244,296.565051177078,78.7
2022-08-03,88.9,95.0,84.2,999.9,6.2,9.9,11.7,-724.3778948070509,31.197875,121.336319,3.04,99.63983412488304,13.449696394809857,39.210359995275596,-0.5307300481619331,0.9943497193247306,31.197875,973.307404515625,0.9996381607177243,1.3962446919730587,-2834.147463702414,4654.704350319257,3300.1479610932843,89.99288237460244,296.565051177078,77.4
2022-08-04,90.1,96.8,84.2,999.9,6.2,10.1,13.6,19.4,31.197875,121.336319,3.04,100.79914989616897,13.424970019467565,39.11362902268288,-0.5452404385406507,0.9943497193247306,31.197875,973.307404515625,0.9996381607177243,1.3962446919730587,-2834.147463702414,4654.704350319257,3300.1479610932843,89.99288237460244,296.565051177078,77.7
2022-08-05,92.9,102.2,86.0,999.9,6.2,5.7,11.7,13.6,31.197875,121.336319,3.04,103.73739905641582,13.399879318374486,39.01454548885,-0.5595892624101763,0.9943497193247306,31.197875,973.307404515625,0.9996381607177243,1.3962446919730587,-2834.147463702414,4654.704350319257,3300.1479610932843,89.99288237460244,296.565051177078,78.7
2022-08-06,85.4,96.8,78.8,999.9,6.2,5.9,17.5,29.1,31.197875,121.336319,3.04,95.18139277699822,13.374434582247993,38.913101545613834,-0.5737722679043243,0.9943497193247306,31.197875,973.307404515625,0.9996381607177243,1.3962446919730587,-2834.147463702414,4654.704350319257,3300.1479610932843,89.99288237460244,296.565051177078,76.2
2022-08-07,90.1,98.6,84.2,999.9,6.2,9.4,11.7,216.8222707036008,31.197875,121.336319,3.04,100.22608391872132,13.34864602691072,38.809290084081184,-0.5877852522924734,0.9943497193247306,31.197875,973.307404515625,0.9996381607177243,1.3962446919730587,-2834.147463702414,4654.704350319257,3300.1479610932843,89.99288237460244,296.565051177078,75.3
2022-08-08,90.0,98.6,84.2,999.9,6.2,11.2,15.5,1052.1867027072767,31.197875,121.336319,3.04,99.9189283877743,13.322523785036573,38.70310479074503,-0.6016240632249227,0.9943497193247306,31.197875,973.307404515625,0.9996381607177243,1.3962446919730587,-2834.147463702414,4654.704350319257,3300.1479610932843,89.99288237460244,296.565051177078,74.8
2022-08-09,91.1,100.4,86.0,999.9,6.2,8.8,11.7,1103.1446702534815,31.197875,121.336319,3.04,100.93939137952756,13.296077898510767,38.59454020353302,-0.6152845999633277,0.9943497193247306,31.197875,973.307404515625,0.9996381607177243,1.3962446919730587,-2834.147463702414,4654.704350319257,3300.1479610932843,89.99288237460244,296.565051177078,76.5
2022-08-10,92.7,102.2,86.0,999.9,6.2,7.4,13.6,15.5,31.197875,121.336319,3.04,102.50548395558309,13.26931831140234,38.48359176766985,-0.6287628145958345,0.9943497193247306,31.197875,973.307404515625,0.9996381607177243,1.3962446919730587,-2834.147463702414,4654.704350319257,3300.1479610932843,89.99288237460244,296.565051177078,77.2
2022-08-11,93.1,102.2,86.0,999.9,6.2,6.2,11.7,-19.663376539525697,31.197875,121.336319,3.04,102.73782731634287,13.242254863545805,38.370255891234315,-0.6420547132365636,0.9943497193247306,31.197875,973.307404515625,0.9996381607177243,1.3962446919730587,-2834.147463702414,4654.704350319257,3300.1479610932843,89.99288237460244,296.565051177078,77.1
2022-08-12,89.7,100.4,78.8,999.9,6.2,5.3,23.3,40.8,31.197875,121.336319,3.04,98.78135720333124,13.214897284726586,38.2545300002897,-0.655156357209085,0.9943497193247306,31.197875,973.307404515625,0.9996381607177243,1.3962446919730587,-2834.147463702414,4654.704350319257,3300.1479610932843,89.99288237460244,296.565051177078,78.1
2022-08-13,92.1,102.2,84.2,999.9,6.2,6.7,15.5,-504.50931955447913,31.197875,121.336319,3.04,101.21218357913082,13.1872551894633,38.13641259346484,-0.6680638642135333,0.9943497193247306,31.197875,973.307404515625,0.9996381607177243,1.3962446919730587,-2834.147463702414,4654.704350319257,3300.1479610932843,89.99288237460244,296.565051177078,78.7
2022-08-14,92.2,100.4,86.0,999.9,6.2,8.7,11.7,-429.01568690475716,31.197875,121.336319,3.04,101.10758085610641,13.159338072378276,38.01590329586241,-0.6807734094770159,0.9943497193247306,31.197875,973.307404515625,0.9996381607177243,1.3962446919730587,-2834.147463702414,4654.704350319257,3300.1479610932843,89.99288237460244,296.565051177078,77.5
2022-08-15,92.8,100.4,86.0,999.9,6.2,8.7,11.7,677.1188529329839,31.197875,121.336319,3.04,101.54760101873204,13.131155304146384,37.8930029121704,-0.6932812268869771,0.9943497193247306,31.197875,973.307404515625,0.9996381607177243,1.3962446919730587,-2834.147463702414,4654.704350319257,3300.1479610932843,89.99288237460244,296.565051177078,76.9
2022-08-16,90.4,102.2,82.4,999.9,6.2,6.0,11.7,19.4,31.197875,121.336319,3.04,98.70712816434838,13.102716128010844,37.7677134788525,-0.7055836101071774,0.9943497193247306,31.197875,973.307404515625,0.9996381607177243,1.3962446919730587,-2834.147463702414,4654.704350319257,3300.1479610932843,89.99288237460244,296.565051177078,76.5
2022-08-17,89.0,96.8,84.2,999.9,6.2,5.9,15.5,749.5205080724999,31.197875,121.336319,3.04,96.9657199549979,13.07402965685365,37.64003831529362,-0.7176769136759615,0.9943497193247306,31.197875,973.307404515625,0.9996381607177243,1.3962446919730587,-2834.147463702414,4654.704350319257,3300.1479610932843,89.99288237460244,296.565051177078,77.3
2022-08-18,89.7,96.8,86.0,999.9,6.2,8.8,13.6,168.38164917013748,31.197875,121.336319,3.04,97.51215890928347,13.045104870807155,37.50998207377679,-0.7295575540864876,0.9943497193247306,31.197875,973.307404515625,0.9996381607177243,1.3962446919730587,-2834.147463702414,4654.704350319257,3300.1479610932843,89.99288237460244,296.565051177078,77.9
2022-08-19,93.7,102.2,87.8,999.9,6.2,6.4,11.7,17.5,31.197875,121.336319,3.04,101.63288105518956,13.015950615392471,37.37755078816934,-0.7412220108485957,0.9943497193247306,31.197875,973.307404515625,0.9996381607177243,1.3962446919730587,-2834.147463702414,4654.704350319257,3300.1479610932843,89.99288237460244,296.565051177078,78.5
2022-08-20,88.8,100.4,78.8,999.9,6.1,6.2,13.6,27.2,31.197875,121.336319,3.04,96.10065944125543,12.986575600169655,37.24275192119704,-0.7526668275320083,0.9943497193247306,31.197875,973.307404515625,0.9996381607177243,1.3962446919730587,-2834.147463702414,4654.704350319257,3300.1479610932843,89.99288237460244,296.565051177078,77.5
2022-08-21,85.6,95.0,82.4,999.9,6.2,5.9,11.7,408.6093968213074,31.197875,121.336319,3.04,92.42651723823819,12.95698839788386,37.10559441018709,-0.7638886127905429,0.9943497193247306,31.197875,973.307404515625,0.9996381607177243,1.3962446919730587,-2834.147463702414,4654.704350319257,3300.1479610932843,89.99288237460244,296.565051177078,78.7
2022-08-22,93.7,100.4,87.8,999.9,6.2,5.0,9.7,362.4196580866083,31.197875,121.336319,3.04,100.93986670927929,12.927197444091263,36.9660887111625,-0.7748840413670406,0.9943497193247306,31.197875,973.307404515625,0.9996381607177243,1.3962446919730587,-2834.147463702414,4654.704350319257,3300.1479610932843,89.99288237460244,296.565051177078,76.3
2022-08-23,87.9,102.2,77.0,999.9,6.0,8.2,13.6,245.23070074181194,31.197875,121.336319,3.04,94.47207084784142,12.897211037247974,36.82424684117339,-0.7856498550787144,0.9943497193247306,31.197875,973.307404515625,0.9996381607177243,1.3962446919730587,-2834.147463702414,4654.704350319257,3300.1479610932843,89.99288237460244,296.565051177078,76.7
2022-08-24,82.2,86.0,80.6,999.9,6.2,7.0,9.7,523.4139799657527,31.197875,121.336319,3.04,88.13920577382774,12.867037339244925,36.68008241875292,-0.7961828637826154,0.9943497193247306,31.197875,973.307404515625,0.9996381607177243,1.3962446919730587,-2834.147463702414,4654.704350319257,3300.1479610932843,89.99288237460244,296.565051177078,72.6
2022-08-25,85.9,95.0,80.6,999.9,6.2,6.2,11.7,278.13276073198,31.197875,121.336319,3.04,91.88926566085887,12.836684376371435,36.53361070238958,-0.8064799463209447,0.9943497193247306,31.197875,973.307404515625,0.9996381607177243,1.3962446919730587,-2834.147463702414,4654.704350319257,3300.1479610932843,89.99288237460244,296.565051177078,76.6
2022-08-26,82.6,86.0,77.0,999.9,6.2,5.4,9.7,62.94676828975932,31.197875,121.336319,3.04,88.14906828008256,12.80616004068996,36.3848486269103,-0.8165380514459157,0.9943497193247306,31.197875,973.307404515625,0.9996381607177243,1.3962446919730587,-2834.147463702414,4654.704350319257,3300.1479610932843,89.99288237460244,296.565051177078,73.5
2022-08-27,79.9,82.4,77.0,999.9,6.1,7.9,11.7,-365.4056215532714,31.197875,121.336319,3.04,85.06335167793168,12.775472091804506,36.233814837673194,-0.8263541987239094,0.9943497193247306,31.197875,973.307404515625,0.9996381607177243,1.3962446919730587,-2834.147463702414,4654.704350319257,3300.1479610932843,89.99288237460244,296.565051177078,69.2
2022-08-28,81.1,86.0,78.8,999.9,6.2,8.7,11.7,19.4,31.197875,121.336319,3.04,86.13244530794319,12.74462815900516,36.08052972247284,-0.8359254794186365,0.9943497193247306,31.197875,973.307404515625,0.9996381607177243,1.3962446919730587,-2834.147463702414,4654.704350319257,3300.1479610932843,89.99288237460244,296.565051177078,68.3
2022-08-29,87.0,93.2,82.4,999.9,6.2,7.5,11.7,371.21650202064865,31.197875,121.336319,3.04,92.17385914234082,12.713635743771148,35.925015441065426,-0.8452490573530634,0.9943497193247306,31.197875,973.307404515625,0.9996381607177243,1.3962446919730587,-2834.147463702414,4654.704350319257,3300.1479610932843,89.99288237460244,296.565051177078,75.9
2022-08-30,83.1,93.2,73.4,999.9,5.9,8.7,13.6,-14.432845343702539,31.197875,121.336319,3.04,87.82632789160945,12.682502222615085,35.767295952225886,-0.8543221697498269,0.9943497193247306,31.197875,973.307404515625,0.9996381607177243,1.3962446919730587,-2834.147463702414,4654.704350319257,3300.1479610932843,89.99288237460244,296.565051177078,75.2
2022-08-31,76.8,80.6,73.4,999.9,6.0,9.6,13.6,-268.36481924499685,31.197875,121.336319,3.04,80.9679030416071,12.65123485025111,35.60739703825439,-0.8631421280499115,0.9943497193247306,31.197875,973.307404515625,0.9996381607177243,1.3962446919730587,-2834.147463702414,4654.704350319257,3300.1479610932843,89.99288237460244,296.565051177078,69.0
2022-09-01,79.2,86.0,75.2,999.9,6.2,11.7,15.5,479.3384823874932,31.197875,121.336319,3.04,83.29094903626087,12.619840763069828,35.445346326854505,-0.8717063187093217,0.9943497193247306,31.197875,973.307404515625,0.9996381607177243,1.3962446919730587,-2834.147463702414,4654.704350319257,3300.1479610932843,89.99288237460244,296.565051177078,64.9
2022-09-02,78.1,84.2,75.2,999.9,5.3,13.3,21.4,29.1,31.197875,121.336319,3.04,81.92902811372879,12.588326982903274,35.28117331031157,-0.8800122039735356,0.9943497193247306,31.197875,973.307404515625,0.9996381607177243,1.3962446919730587,-2834.147463702414,4654.704350319257,3300.1479610932843,89.99288237460244,296.565051177078,70.7
2022-09-03,81.9,87.8,77.0,999.9,6.2,6.8,11.7,295.73167918027895,31.197875,121.336319,3.04,85.69948037375669,12.556700421063251,35.11490936190484,-0.888057322629493,0.9943497193247306,31.197875,973.307404515625,0.9996381607177243,1.3962446919730587,-2834.147463702414,4654.704350319257,3300.1479610932843,89.99288237460244,296.565051177078,77.4
2022-09-04,80.4,89.6,73.4,999.9,5.5,14.5,19.4,25.3,31.197875,121.336319,3.04,83.91728481366675,12.524967882636828,34.94658774949393,-0.8958392907349089,0.9943497193247306,31.197875,973.307404515625,0.9996381607177243,1.3962446919730587,-2834.147463702414,4654.704350319257,3300.1479610932843,89.99288237460244,296.565051177078,75.5
2022-09-05,72.1,75.2,68.0,999.9,5.7,13.4,23.3,36.9,31.197875,121.336319,3.04,75.06292589339634,12.493136071022969,34.77624364622525,-0.9033558023246842,0.9943497193247306,31.197875,973.307404515625,0.9996381607177243,1.3962446919730587,-2834.147463702414,4654.704350319257,3300.1479610932843,89.99288237460244,296.565051177078,67.8
2022-09-06,79.5,87.8,73.4,999.9,5.9,4.6,7.8,837.4503229216438,31.197875,121.336319,3.04,82.55552680160214,12.461211592694664,34.60391413831158,-0.9106046300942162,0.9943497193247306,31.197875,973.307404515625,0.9996381607177243,1.3962446919730587,-2834.147463702414,4654.704350319257,3300.1479610932843,89.99288237460244,296.565051177078,69.2
2022-09-07,84.0,95.0,75.2,999.9,6.1,5.1,9.7,-506.04606646986747,31.197875,121.336319,3.04,87.00440673519856,12.429200962171222,34.42963822984389,-0.9175836260593934,0.9943497193247306,31.197875,973.307404515625,0.9996381607177243,1.3962446919730587,-2834.147463702414,4654.704350319257,3300.1479610932843,89.99288237460244,296.565051177078,68.7
2022-09-08,81.7,91.4,73.4,999.9,6.2,5.3,9.7,222.2406929549963,31.197875,121.336319,3.04,84.40366138392305,12.39711060718576,34.25345684460121,-0.9242907221930934,0.9943497193247306,31.197875,973.307404515625,0.9996381607177243,1.3962446919730587,-2834.147463702414,4654.704350319257,3300.1479610932843,89.99288237460244,296.565051177078,64.6
2022-09-09,78.2,86.0,69.8,999.9,6.2,6.9,11.7,-353.06179772408245,31.197875,121.336319,3.04,80.57823712911633,12.364946874033198,34.07541282483168,-0.9307239310379793,0.9943497193247306,31.197875,973.307404515625,0.9996381607177243,1.3962446919730587,-2834.147463702414,4654.704350319257,3300.1479610932843,89.99288237460244,296.565051177078,62.6
2022-09-10,80.2,87.8,73.4,999.9,6.2,4.7,7.8,713.7881980411103,31.197875,121.336319,3.04,82.42365215444786,12.332716033084468,33.89555092698427,-0.9368813462954315,0.9943497193247306,31.197875,973.307404515625,0.9996381607177243,1.3962446919730587,-2834.147463702414,4654.704350319257,3300.1479610932843,89.99288237460244,296.565051177078,66.4
2022-09-11,79.8,87.8,73.4,999.9,6.2,7.5,11.7,-671.1572593476428,31.197875,121.336319,3.04,81.79782149161205,12.30042428445294,33.71391781437797,-0.9427611433904206,0.9943497193247306,31.197875,973.307404515625,0.9996381607177243,1.3962446919730587,-2834.147463702414,4654.704350319257,3300.1479610932843,89.99288237460244,296.565051177078,69.7
2022-09-12,76.0,80.6,73.4,999.9,6.0,6.8,11.7,234.82149112928028,31.197875,121.336319,3.04,77.69782583739602,12.268077763799374,33.5305620468025,-0.9483615800121716,0.9943497193247306,31.197875,973.307404515625,0.9996381607177243,1.3962446919730587,-2834.147463702414,4654.704350319257,3300.1479610932843,89.99288237460244,296.565051177078,72.5
2022-09-13,74.9,78.8,73.4,999.9,5.9,10.7,15.5,25.3,31.197875,121.336319,3.04,76.37105190540196,12.235682548261995,33.34553406705117,-0.9536809966304455,0.9943497193247306,31.197875,973.307404515625,0.9996381607177243,1.3962446919730587,-2834.147463702414,4654.704350319257,3300.1479610932843,89.99288237460244,296.565051177078,72.7
2022-09-14,76.3,78.8,73.4,999.9,4.6,17.1,31.1,46.6,31.197875,121.336319,3.04,77.59229731238734,12.203244662498665,33.15888618439429,-0.9587178169872964,0.9943497193247306,31.197875,973.307404515625,0.9996381607177243,1.3962446919730587,-2834.147463702414,4654.704350319257,3300.1479610932843,89.99288237460244,296.565051177078,75.0
2022-09-15,75.0,78.8,71.6,999.9,6.0,9.1,21.4,466.2455442668632,31.197875,121.336319,3.04,76.06731303017622,12.170770084828197,32.97067255500813,-0.9634705485641486,0.9943497193247306,31.197875,973.307404515625,0.9996381607177243,1.3962446919730587,-2834.147463702414,4654.704350319257,3300.1479610932843,89.99288237460244,296.565051177078,70.0
2022-09-16,79.0,86.0,73.4,999.9,5.9,4.9,9.7,-183.45065935679332,31.197875,121.336319,3.04,79.91024296026727,12.138264753458321,32.78094915938175,-0.9679377830240642,0.9943497193247306,31.197875,973.307404515625,0.9996381607177243,1.3962446919730587,-2834.147463702414,4654.704350319257,3300.1479610932843,89.99288237460244,296.565051177078,70.0
2022-09-17,79.8,87.8,73.4,999.9,6.0,7.4,9.7,922.3848913714168,31.197875,121.336319,3.04,80.50313490903933,12.105734572787869,32.589773776731306,-0.9721181966290612,0.9943497193247306,31.197875,973.307404515625,0.9996381607177243,1.3962446919730587,-2834.147463702414,4654.704350319257,3300.1479610932843,89.99288237460244,296.565051177078,70.8
2022-09-18,77.5,84.2,73.4,999.9,6.0,10.9,15.5,581.919416572788,31.197875,121.336319,3.04,77.97265583602082,12.073185419770965,32.39720595645791,-0.9760105506323682,0.9943497193247306,31.197875,973.307404515625,0.9996381607177243,1.3962446919730587,-2834.147463702414,4654.704350319257,3300.1479610932843,89.99288237460244,296.565051177078,68.1
2022-09-19,74.5,82.4,66.2,999.9,6.2,12.4,17.5,-263.94759473577227,31.197875,121.336319,3.04,74.75220205830648,12.040623150331246,32.20330698669245,-0.9796136916454901,0.9943497193247306,31.197875,973.307404515625,0.9996381607177243,1.3962446919730587,-2834.147463702414,4654.704350319257,3300.1479610932843,89.99288237460244,296.565051177078,60.4
2022-09-20,72.4,80.6,68.0,999.9,6.2,10.8,15.5,-1282.597624055055,31.197875,121.336319,3.04,72.44859008841217,12.00805360581417,32.00813985997743,-0.9829265519799822,0.9943497193247306,31.197875,973.307404515625,0.9996381607177243,1.3962446919730587,-2834.147463702414,4654.704350319257,3300.1479610932843,89.99288237460244,296.565051177078,59.3
2022-09-21,72.6,77.0,66.2,999.9,6.2,4.9,9.7,-270.1266481194782,31.197875,121.336319,3.04,72.45166984776685,11.975482619465597,31.811769236142535,-0.9859481499638303,0.9943497193247306,31.197875,973.307404515625,0.9996381607177243,1.3962446919730587,-2834.147463702414,4654.704350319257,3300.1479610932843,89.99288237460244,296.565051177078,59.6
2022-09-22,76.1,82.4,69.8,999.9,6.2,4.0,7.8,-296.8156255167662,31.197875,121.336319,3.04,75.73799244538267,11.942916022924996,31.61426140243723,-0.9886775902323404,0.9943497193247306,31.197875,973.307404515625,0.9996381607177243,1.3962446919730587,-2834.147463702414,4654.704350319257,3300.1479610932843,89.99288237460244,296.565051177078,64.4
2022-09-23,72.3,82.4,64.4,999.9,6.2,10.4,17.5,684.4964856022752,31.197875,121.336319,3.04,71.759916907647,11.910359652721494,31.415684230989896,-0.9911140639934546,0.9943497193247306,31.197875,973.307404515625,0.9996381607177243,1.3962446919730587,-2834.147463702414,4654.704350319257,3300.1479610932843,89.99288237460244,296.565051177078,58.6
2022-09-24,72.2,78.8,68.0,999.9,6.2,6.2,9.7,1004.7084476764056,31.197875,121.336319,3.04,71.46487979651297,11.87781935676116,31.21610713366949,-0.9932568492674143,0.9943497193247306,31.197875,973.307404515625,0.9996381607177243,1.3962446919730587,-2834.147463702414,4654.704350319257,3300.1479610932843,89.99288237460244,296.565051177078,56.8
2022-09-25,73.3,82.4,68.0,999.9,6.2,5.4,11.7,-772.7014784067824,31.197875,121.336319,3.04,72.35504694651533,11.845301000793778,31.01560101443133,-0.9951053111006974,0.9943497193247306,31.197875,973.307404515625,0.9996381607177243,1.3962446919730587,-2834.147463702414,4654.704350319257,3300.1479610932843,89.99288237460244,296.565051177078,60.6
2022-09-26,74.6,78.8,71.6,999.9,6.2,6.0,11.7,-19.77104408667984,31.197875,121.336319,3.04,73.43630511863452,11.812810474847376,30.81423821923451,-0.99665890175417,0.9943497193247306,31.197875,973.307404515625,0.9996381607177243,1.3962446919730587,-2834.147463702414,4654.704350319257,3300.1479610932843,89.99288237460244,296.565051177078,65.1
2022-09-27,75.7,84.2,71.6,999.9,6.2,6.1,9.7,17.5,31.197875,121.336319,3.04,74.31439792176108,11.780353699618665,30.612092483624263,-0.9979171608653922,0.9943497193247306,31.197875,973.307404515625,0.9996381607177243,1.3962446919730587,-2834.147463702414,4654.704350319257,3300.1479610932843,89.99288237460244,296.565051177078,61.2
2022-09-28,69.8,75.2,68.0,999.9,5.9,5.4,11.7,83.7050888096602,31.197875,121.336319,3.04,68.33383141416292,11.747936632807379,30.409238878077268,-0.9988797155850335,0.9943497193247306,31.197875,973.307404515625,0.9996381607177243,1.3962446919730587,-2834.147463702414,4654.704350319257,3300.1479610932843,89.99288237460244,296.565051177078,66.1
2022-09-29,75.3,82.4,71.6,999.9,6.2,5.5,7.8,-697.0127366503784,31.197875,121.336319,3.04,73.51517210302518,11.715565275382499,30.205753751213468,-0.9995462806873573,0.9943497193247306,31.197875,973.307404515625,0.9996381607177243,1.3962446919730587,-2834.147463702414,4654.704350319257,3300.1479610932843,89.99288237460244,296.565051177078,67.0
2022-09-30,76.4,80.6,75.2,999.9,5.9,6.3,9.7,-151.35495936482644,31.197875,121.336319,3.04,74.38333081512275,11.68324567776797,30.00171467098231,-0.9999166586547379,0.9943497193247306,31.197875,973.307404515625,0.9996381607177243,1.3962446919730587,-2834.147463702414,4654.704350319257,3300.1479610932843,89.99288237460244,296.565051177078,72.0
2022-10-01,83.2,93.2,77.0,999.9,6.1,8.0,13.6,-234.69582271259964,31.197875,121.336319,3.04,80.78015535848607,11.65098394593549,29.79720036393609,-0.9999907397361901,0.9943497193247306,31.197875,973.307404515625,0.9996381607177243,1.3962446919730587,-2834.147463702414,4654.704350319257,3300.1479610932843,89.99288237460244,296.565051177078,73.7
2022-10-02,84.5,95.0,78.8,999.9,6.2,8.7,11.7,67.1411876191015,31.197875,121.336319,3.04,81.81561982538283,11.618786247391643,29.592290652706886,-0.9997685019798909,0.9943497193247306,31.197875,973.307404515625,0.9996381607177243,1.3962446919730587,-2834.147463702414,4654.704350319257,3300.1479610932843,89.99288237460244,296.565051177078,73.4
2022-10-03,87.0,96.8,75.2,999.9,6.2,8.0,21.4,254.68727989503003,31.197875,121.336319,3.04,84.00327642358624,11.586658817046377,29.3870663918075,-0.9992500112396835,0.9943497193247306,31.197875,973.307404515625,0.9996381607177243,1.3962446919730587,-2834.147463702414,4654.704350319257,3300.1479610932843,89.99288237460244,296.565051177078,74.9
2022-10-04,67.5,75.2,64.4,999.9,6.2,13.8,19.4,314.82021145686366,31.197875,121.336319,3.04,64.99466979159166,11.554607962949628,29.181609401880635,-0.9984354211555643,0.9943497193247306,31.197875,973.307404515625,0.9996381607177243,1.3962446919730587,-2834.147463702414,4654.704350319257,3300.1479610932843,89.99288237460244,296.565051177078,59.3
2022-10-05,63.6,69.8,59.0,999.9,6.1,9.9,15.5,-565.0803805026654,31.197875,121.336319,3.04,61.06999238097746,11.52264007188254,28.976002402523026,-0.9973249731081555,0.9943497193247306,31.197875,973.307404515625,0.9996381607177243,1.3962446919730587,-2834.147463702414,4654.704350319257,3300.1479610932843,89.99288237460244,296.565051177078,54.6
2022-10-06,60.0,66.2,57.2,999.9,5.2,8.7,13.6,498.0494385288449,31.197875,121.336319,3.04,57.45380807394702,11.490761614789404,28.77032894381469,-0.9959189961471792,0.9943497193247306,31.197875,973.307404515625,0.9996381607177243,1.3962446919730587,-2834.147463702414,4654.704350319257,3300.1479610932843,89.99288237460244,296.565051177078,57.4
2022-10-07,62.4,66.2,59.0,999.9,6.1,6.0,13.6,270.1213930370234,31.197875,121.336319,3.04,59.58669159058849,11.458979152036248,28.564673336685654,-0.994217906893952,0.9943497193247306,31.197875,973.307404515625,0.9996381607177243,1.3962446919730587,-2834.147463702414,4654.704350319257,3300.1479610932843,89.99288237460244,296.565051177078,54.3
2022-10-08,63.1,68.0,57.2,999.9,6.1,4.2,7.8,670.3458427914268,31.197875,121.336319,3.04,60.088549021515185,11.427299338481493,28.359120582254388,-0.9922222094179324,0.9943497193247306,31.197875,973.307404515625,0.9996381607177243,1.3962446919730587,-2834.147463702414,4654.704350319257,3300.1479610932843,89.99288237460244,296.565051177078,54.2
2022-10-09,63.0,71.6,55.4,999.9,6.2,9.9,17.5,-42.789195285303485,31.197875,121.336319,3.04,59.82757687380556,11.395728928343917,28.153756300274495,-0.989932495087353,0.9943497193247306,31.197875,973.307404515625,0.9996381607177243,1.3962446919730587,-2834.147463702414,4654.704350319257,3300.1479610932843,89.99288237460244,296.565051177078,46.7
2022-10-10,58.6,66.2,51.8,999.9,6.2,9.8,15.5,21.4,31.197875,121.336319,3.04,55.49554184161416,11.36427477985273,27.948666656826884,-0.9873494423939864,0.9943497193247306,31.197875,973.307404515625,0.9996381607177243,1.3962446919730587,-2834.147463702414,4654.704350319257,3300.1479610932843,89.99288237460244,296.565051177078,34.0
2022-10-11,61.8,69.8,53.6,999.9,6.2,5.7,9.7,686.33410026383,31.197875,121.336319,3.04,58.36466087727109,11.33294385966429,27.743938291396063,-0.9844738167520923,0.9943497193247306,31.197875,973.307404515625,0.9996381607177243,1.3962446919730587,-2834.147463702414,4654.704350319257,3300.1479610932843,89.99288237460244,296.565051177078,46.2
2022-10-12,63.7,71.6,55.4,999.9,6.2,6.7,11.7,613.207409926001,31.197875,121.336319,3.04,59.99342040298238,11.301743247029647,27.539658243469958,-0.9813064702716093,0.9943497193247306,31.197875,973.307404515625,0.9996381607177243,1.3962446919730587,-2834.147463702414,4654.704350319257,3300.1479610932843,89.99288237460244,296.565051177078,48.8
2022-10-13,66.4,73.4,59.0,999.9,6.2,7.1,11.7,-64.47921544864454,31.197875,121.336319,3.04,62.36443009525526,11.270680137696733,27.33591387880204,-0.9778483415056567,0.9943497193247306,31.197875,973.307404515625,0.9996381607177243,1.3962446919730587,-2834.147463702414,4654.704350319257,3300.1479610932843,89.99288237460244,296.565051177078,55.4
2022-10-14,66.0,73.4,59.0,999.9,6.2,6.1,9.7,-146.29328895168817,31.197875,121.336319,3.04,61.81869016141947,11.239761847530811,27.13279281547572,-0.9741004551724206,0.9943497193247306,31.197875,973.307404515625,0.9996381607177243,1.3962446919730587,-2834.147463702414,4654.704350319257,3300.1479610932843,89.99288237460244,296.565051177078,58.2
2022-10-15,67.1,75.2,60.8,999.9,6.2,6.1,9.7,820.3158148843517,31.197875,121.336319,3.04,62.676968270218964,11.208995815836477,26.930382849909172,-0.970063921851507,0.9943497193247306,31.197875,973.307404515625,0.9996381607177243,1.3962446919730587,-2834.147463702414,4654.704350319257,3300.1479610932843,89.99288237460244,296.565051177078,58.0
2022-10-16,66.5,73.4,60.8,999.9,5.9,7.1,13.6,326.3834540839591,31.197875,121.336319,3.04,61.9469090796849,11.178389608364192,26.72877188293845,-0.965739937654855,0.9943497193247306,31.197875,973.307404515625,0.9996381607177243,1.3962446919730587,-2834.147463702414,4654.704350319257,3300.1479610932843,89.99288237460244,296.565051177078,59.1
2022-10-17,61.8,71.6,53.6,999.9,6.2,12.7,19.4,29.1,31.197875,121.336319,3.04,57.41194723791892,11.147950919984257,26.528047846115758,-0.9611297838723007,0.9943497193247306,31.197875,973.307404515625,0.9996381607177243,1.3962446919730587,-2834.147463702414,4654.704350319257,3300.1479610932843,89.99288237460244,296.565051177078,42.2
2022-10-18,59.5,68.0,51.8,999.9,6.2,7.4,15.5,808.9759390112957,31.197875,121.336319,3.04,55.125200902678685,11.117687577010827,26.328298628357206,-0.9562348265919058,0.9943497193247306,31.197875,973.307404515625,0.9996381607177243,1.3962446919730587,-2834.147463702414,4654.704350319257,3300.1479610932843,89.99288237460244,296.565051177078,43.2
2022-10-19,61.6,69.8,53.6,999.9,6.2,6.2,9.7,462.4544336529089,31.197875,121.336319,3.04,56.91638536768029,11.087607539158498,26.129612003073298,-0.9510565162951536,0.9943497193247306,31.197875,973.307404515625,0.9996381607177243,1.3962446919730587,-2834.147463702414,4654.704350319257,3300.1479610932843,89.99288237460244,296.565051177078,45.6
2022-10-20,65.9,73.4,57.2,999.9,6.2,5.0,11.7,167.92406905989458,31.197875,121.336319,3.04,60.72530629861743,11.057718901113947,25.93207555591226,-0.9455963874271428,0.9943497193247306,31.197875,973.307404515625,0.9996381607177243,1.3962446919730587,-2834.147463702414,4654.704350319257,3300.1479610932843,89.99288237460244,296.565051177078,51.8
2022-10-21,71.4,78.8,64.4,999.9,5.6,5.8,9.7,-626.1649215005928,31.197875,121.336319,3.04,65.61677786754488,11.028029893705023,25.735776613244,-0.9398560579418953,0.9943497193247306,31.197875,973.307404515625,0.9996381607177243,1.3962446919730587,-2834.147463702414,4654.704350319257,3300.1479610932843,89.99288237460244,296.565051177078,62.1
2022-10-22,70.2,78.8,62.6,999.9,5.8,7.4,11.7,-276.30605513769206,31.197875,121.336319,3.04,64.34151097520125,10.998548884649784,25.540802171509323,-0.9338372288229252,0.9943497193247306,31.197875,973.307404515625,0.9996381607177243,1.3962446919730587,-2834.147463702414,4654.704350319257,3300.1479610932843,89.99288237460244,296.565051177078,62.9
2022-10-23,63.6,75.2,53.6,999.9,6.2,9.0,13.6,1022.078206479406,31.197875,121.336319,3.04,58.13720720800102,10.969284378868117,25.347238827555177,-0.9275416835791965,0.9943497193247306,31.197875,973.307404515625,0.9996381607177243,1.3962446919730587,-2834.147463702414,4654.704350319257,3300.1479610932843,89.99288237460244,296.565051177078,50.7
2022-10-24,64.6,71.6,57.2,999.9,6.2,6.9,13.6,15.5,31.197875,121.336319,3.04,58.894985682056834,10.940245018338732,25.1551727100736,-0.9209712877166347,0.9943497193247306,31.197875,973.307404515625,0.9996381607177243,1.3962446919730587,-2834.147463702414,4654.704350319257,3300.1479610932843,89.99288237460244,296.565051177078,46.0
2022-10-25,64.4,71.6,60.8,999.9,6.2,5.9,11.7,-233.88144782696514,31.197875,121.336319,3.04,58.55805908730083,10.911439581484625,24.96468941225715,-0.9141279881853337,0.9943497193247306,31.197875,973.307404515625,0.9996381607177243,1.3962446919730587,-2834.147463702414,4654.704350319257,3300.1479610932843,89.99288237460244,296.565051177078,47.5
2022-10-26,66.6,69.8,62.6,999.9,6.2,5.7,9.7,-693.1457187665569,31.197875,121.336319,3.04,60.3999672504915,10.882876982070542,24.775873925779663,-0.9070138128026362,0.9943497193247306,31.197875,973.307404515625,0.9996381607177243,1.3962446919730587,-2834.147463702414,4654.704350319257,3300.1479610932843,89.99288237460244,296.565051177078,59.0
2022-10-27,65.1,69.8,60.8,999.9,6.2,7.1,11.7,312.21463698344854,31.197875,121.336319,3.04,58.88602200171042,10.854566267596391,24.588810576206342,-0.8996308696522434,0.9943497193247306,31.197875,973.307404515625,0.9996381607177243,1.3962446919730587,-2834.147463702414,4654.704350319257,3300.1479610932843,89.99288237460244,296.565051177078,58.6
2022-10-28,63.7,69.8,59.0,999.9,6.2,8.7,13.6,356.6386011927923,31.197875,121.336319,3.04,57.47075904281709,10.826516617171194,24.40358295993177,-0.8919813464595487,0.9943497193247306,31.197875,973.307404515625,0.9996381607177243,1.3962446919730587,-2834.147463702414,4654.704350319257,3300.1479610932843,89.99288237460244,296.565051177078,52.8
2022-10-29,63.3,71.6,57.2,999.9,6.2,7.0,9.7,-288.55934812582353,31.197875,121.336319,3.04,56.963339462448836,10.79873733885286,24.220273882739605,-0.8840675099433637,0.9943497193247306,31.197875,973.307404515625,0.9996381607177243,1.3962446919730587,-2834.147463702414,4654.704350319257,3300.1479610932843,89.99288237460244,296.565051177078,53.8
2022-10-30,66.9,75.2,59.0,999.9,6.2,7.2,11.7,-266.66613994415104,31.197875,121.336319,3.04,60.04965110540236,10.771237866439884,24.03896530007163,-0.8758917051442433,0.9943497193247306,31.197875,973.307404515625,0.9996381607177243,1.3962446919730587,-2834.147463702414,4654.704350319257,3300.1479610932843,89.99288237460244,296.565051177078,56.2
2022-10-31,65.0,73.4,55.4,999.9,6.2,7.4,11.7,-23.131503608157146,31.197875,121.336319,3.04,58.19681701005269,10.744027755702035,23.85973825908817,-0.8674563547295971,0.9943497193247306,31.197875,973.307404515625,0.9996381607177243,1.3962446919730587,-2834.147463702414,4654.704350319257,3300.1479610932843,89.99288237460244,296.565051177078,54.5
2022-11-01,63.4,71.6,53.6,999.9,6.1,8.0,13.6,-1063.0496426064951,31.197875,121.336319,3.04,56.6220997928685,10.717116680038203,23.682672842595863,-0.858763958275803,0.9943497193247306,31.197875,973.307404515625,0.9996381607177243,1.3962446919730587,-2834.147463702414,4654.704350319257,3300.1479610932843,89.99288237460244,296.565051177078,53.7
2022-11-02,62.6,71.6,53.6,999.9,6.1,4.5,7.8,445.7387781662913,31.197875,121.336319,3.04,55.76885025328963,10.690514425550727,23.50784811491196,-0.8498170915275277,0.9943497193247306,31.197875,973.307404515625,0.9996381607177243,1.3962446919730587,-2834.147463702414,4654.704350319257,3300.1479610932843,89.99288237460244,296.565051177078,49.9
2022-11-03,62.9,68.0,57.2,999.9,6.2,7.7,15.5,25.3,31.197875,121.336319,3.04,55.89834355830388,10.664230885526973,23.335342069728377,-0.8406184056344783,0.9943497193247306,31.197875,973.307404515625,0.9996381607177243,1.3962446919730587,-2834.147463702414,4654.704350319257,3300.1479610932843,89.99288237460244,296.565051177078,50.4
2022-11-04,58.1,66.2,51.8,999.9,6.2,10.1,17.5,-230.22761334548628,31.197875,121.336319,3.04,51.50698656300089,10.638276054320322,23.165231580031374,-0.8311706263658079,0.9943497193247306,31.197875,973.307404515625,0.9996381607177243,1.3962446919730587,-2834.147463702414,4654.704350319257,3300.1479610932843,89.99288237460244,296.565051177078,43.2
2022-11-05,58.3,66.2,51.8,999.9,6.2,5.2,9.7,581.4144447914696,31.197875,121.336319,3.04,51.559839933533915,10.612660020624476,22.99759235012612,-0.8214765533024145,0.9943497193247306,31.197875,973.307404515625,0.9996381607177243,1.3962446919730587,-2834.147463702414,4654.704350319257,3300.1479610932843,89.99288237460244,296.565051177078,43.2
2022-11-06,60.3,68.0,51.8,999.9,6.2,5.2,9.7,473.4015462318694,31.197875,121.336319,3.04,53.20164962468684,10.587392960136684,22.832498869808262,-0.8115390590073611,0.9943497193247306,31.197875,973.307404515625,0.9996381607177243,1.3962446919730587,-2834.147463702414,4654.704350319257,3300.1479610932843,89.99288237460244,296.565051177078,45.8
2022-11-07,64.0,73.4,55.4,999.9,6.2,4.5,9.7,239.67158614807596,31.197875,121.336319,3.04,56.33325401390635,10.56248512760744,22.670024370717268,-0.801361088174677,0.9943497193247306,31.197875,973.307404515625,0.9996381607177243,1.3962446919730587,-2834.147463702414,4654.704350319257,3300.1479610932843,89.99288237460244,296.565051177078,53.9
2022-11-08,66.3,73.4,60.8,999.9,6.1,6.5,9.7,-227.8760711308566,31.197875,121.336319,3.04,58.22215633672664,10.537946848276317,22.51024078489899,-0.7909456567567774,0.9943497193247306,31.197875,973.307404515625,0.9996381607177243,1.3962446919730587,-2834.147463702414,4654.704350319257,3300.1479610932843,89.99288237460244,296.565051177078,54.4
2022-11-09,68.8,75.2,64.4,999.9,5.0,6.8,11.7,40.57715365410328,31.197875,121.336319,3.04,60.27905411652221,10.513788508695734,22.353218705597687,-0.780295851070776,0.9943497193247306,31.197875,973.307404515625,0.9996381607177243,1.3962446919730587,-2834.147463702414,4654.704350319257,3300.1479610932843,89.99288237460244,296.565051177078,63.0
2022-11-10,72.2,82.4,66.2,999.9,4.8,5.1,9.7,-58.71854604054096,31.197875,121.336319,3.04,63.11495695746344,10.490020546946832,22.199027350289686,-0.7694148268839381,0.9943497193247306,31.197875,973.307404515625,0.9996381607177243,1.3962446919730587,-2834.147463702414,4654.704350319257,3300.1479610932843,89.99288237460244,296.565051177078,65.1
2022-11-11,70.6,73.4,69.8,999.9,4.6,7.0,11.7,-204.4436181889792,31.197875,121.336319,3.04,61.57881108526165,10.466653442254106,22.047734525964092,-0.7583058084785625,0.9943497193247306,31.197875,973.307404515625,0.9996381607177243,1.3962446919730587,-2834.147463702414,4654.704350319257,3300.1479610932843,89.99288237460244,296.565051177078,68.4
2022-11-12,71.6,82.4,59.0,999.9,5.7,9.9,15.5,576.1711528602596,31.197875,121.336319,3.04,62.31406296724783,10.443697704008017,21.899406596647598,-0.7469720876965551,0.9943497193247306,31.197875,973.307404515625,0.9996381607177243,1.3962446919730587,-2834.147463702414,4654.704350319257,3300.1479610932843,89.99288237460244,296.565051177078,65.3
2022-11-13,56.5,60.8,53.6,999.9,6.2,10.0,13.6,-1.4461527260891813,31.197875,121.336319,3.04,49.066313175143655,10.421163860207502,21.754108453163663,-0.7354170229639858,0.9943497193247306,31.197875,973.307404515625,0.9996381607177243,1.3962446919730587,-2834.147463702414,4654.704350319257,3300.1479610932843,89.99288237460244,296.565051177078,48.1
2022-11-14,53.2,57.2,50.0,999.9,6.1,6.3,9.7,534.3750219663514,31.197875,121.336319,3.04,46.10251017432791,10.399062445337123,21.611903485108144,-0.7236440382959124,0.9943497193247306,31.197875,973.307404515625,0.9996381607177243,1.3962446919730587,-2834.147463702414,4654.704350319257,3300.1479610932843,89.99288237460244,296.565051177078,44.2
2022-11-15,54.5,64.4,46.4,999.9,4.7,4.0,7.8,15.5,31.197875,121.336319,3.04,47.1307097774548,10.37740398769647,21.4728535550164,-0.711656622281775,0.9943497193247306,31.197875,973.307404515625,0.9996381607177243,1.3962446919730587,-2834.147463702414,4654.704350319257,3300.1479610932843,89.99288237460244,296.565051177078,42.0
2022-11-16,60.2,66.2,53.6,999.9,4.7,6.3,11.7,-654.1110114851476,31.197875,121.336319,3.04,51.95359829761543,10.35619899620241,21.337018974689844,-0.6994583270516471,0.9943497193247306,31.197875,973.307404515625,0.9996381607177243,1.3962446919730587,-2834.147463702414,4654.704350319257,3300.1479610932843,89.99288237460244,296.565051177078,49.3
2022-11-17,61.3,64.4,59.0,999.9,5.4,7.2,11.7,-559.2452031832482,31.197875,121.336319,3.04,52.7969643443302,10.335457946687805,21.204458483641908,-0.6870527672236675,0.9943497193247306,31.197875,973.307404515625,0.9996381607177243,1.3962446919730587,-2834.147463702414,4654.704350319257,3300.1479610932843,89.99288237460244,296.565051177078,58.5
2022-11-18,66.7,69.8,64.4,999.9,6.2,6.5,9.7,1091.5096700261217,31.197875,121.336319,3.04,57.33527146309571,10.315191267723366,21.075229229617282,-0.6744436188329457,0.9943497193247306,31.197875,973.307404515625,0.9996381607177243,1.3962446919730587,-2834.147463702414,4654.704350319257,3300.1479610932843,89.99288237460244,296.565051177078,60.7
2022-11-19,64.9,69.8,60.8,999.9,4.2,6.7,9.7,135.40432410620974,31.197875,121.336319,3.04,55.681005438075815,10.295409325992447,20.94938675113082,-0.661634618242279,0.9943497193247306,31.197875,973.307404515625,0.9996381607177243,1.3962446919730587,-2834.147463702414,4654.704350319257,3300.1479610932843,89.99288237460244,296.565051177078,60.9
2022-11-20,62.9,69.8,55.4,999.9,5.0,6.1,11.7,31.890735744734254,31.197875,121.336319,3.04,53.864008305643836,10.276122411251606,20.826984961966193,-0.6486295610349818,0.9943497193247306,31.197875,973.307404515625,0.9996381607177243,1.3962446919730587,-2834.147463702414,4654.704350319257,3300.1479610932843,89.99288237460244,296.565051177078,55.0
2022-11-21,65.8,73.4,60.8,999.9,5.4,5.8,9.7,47.13676650439472,31.197875,121.336319,3.04,56.24441828633941,10.257340720912962,20.70807613756813,-0.6354323008901775,0.9943497193247306,31.197875,973.307404515625,0.9996381607177243,1.3962446919730587,-2834.147463702414,4654.704350319257,3300.1479610932843,89.99288237460244,296.565051177078,57.5
2022-11-22,62.0,66.2,59.0,999.9,5.3,10.0,13.6,-402.53731006048844,31.197875,121.336319,3.04,52.90188411215063,10.23907434428722,20.592710903255753,-0.622046748440868,0.9943497193247306,31.197875,973.307404515625,0.9996381607177243,1.3962446919730587,-2834.147463702414,4654.704350319257,3300.1479610932843,89.99288237460244,296.565051177078,58.0
2022-11-23,60.4,68.0,55.4,999.9,6.1,5.0,9.7,326.84214571668986,31.197875,121.336319,3.04,51.44737734086456,10.221333246529383,20.48093822417909,-0.6084768701151264,0.9943497193247306,31.197875,973.307404515625,0.9996381607177243,1.3962446919730587,-2834.147463702414,4654.704350319257,3300.1479610932843,89.99288237460244,296.565051177078,52.9
2022-11-24,60.8,68.0,55.4,999.9,6.2,4.5,7.8,-724.3814218406493,31.197875,121.336319,3.04,51.70091141181533,10.204127252331974,20.37280539693555,-0.594726686960764,0.9943497193247306,31.197875,973.307404515625,0.9996381607177243,1.3962446919730587,-2834.147463702414,4654.704350319257,3300.1479610932843,89.99288237460244,296.565051177078,50.3
2022-11-25,63.9,69.8,55.4,999.9,5.8,5.0,11.7,118.32988332167629,31.197875,121.336319,3.04,54.24825660662562,10.187466029413262,20.26835804275781,-0.5808002734538013,0.9943497193247306,31.197875,973.307404515625,0.9996381607177243,1.3962446919730587,-2834.147463702414,4654.704350319257,3300.1479610932843,89.99288237460244,296.565051177078,56.4
2022-11-26,62.2,69.8,57.2,999.9,4.7,5.4,11.7,114.11000035915178,31.197875,121.336319,3.04,52.721544522426505,10.171359071850771,20.167640102180687,-0.5667017562911184,0.9943497193247306,31.197875,973.307404515625,0.9996381607177243,1.3962446919730587,-2834.147463702414,4654.704350319257,3300.1479610932843,89.99288237460244,296.565051177078,54.8
2022-11-27,66.0,69.8,60.8,999.9,5.9,9.9,15.5,758.1112781663064,31.197875,121.336319,3.04,55.85698625821941,10.15581568331262,20.07069383108999,-0.5524353131676203,0.9943497193247306,31.197875,973.307404515625,0.9996381607177243,1.3962446919730587,-2834.147463702414,4654.704350319257,3300.1479610932843,89.99288237460244,296.565051177078,59.7
2022-11-28,66.7,73.4,59.0,999.9,5.9,9.9,17.5,21.4,31.197875,121.336319,3.04,56.36619657067599,10.140844960241557,19.977559798052976,-0.5380051715382992,0.9943497193247306,31.197875,973.307404515625,0.9996381607177243,1.3962446919730587,-2834.147463702414,4654.704350319257,3300.1479610932843,89.99288237460244,296.565051177078,63.9
2022-11-29,49.5,59.0,37.4,999.9,5.6,16.6,23.3,29.1,31.197875,121.336319,3.04,41.77163007207551,10.126455775048608,19.888276882827164,-0.5234156073655503,0.9943497193247306,31.197875,973.307404515625,0.9996381607177243,1.3962446919730587,-2834.147463702414,4654.704350319257,3300.1479610932843,89.99288237460244,296.565051177078,46.5
2022-11-30,37.8,39.2,37.4,999.9,6.2,11.0,13.6,19.4,31.197875,121.336319,3.04,31.854868792030945,10.112656759374904,19.8028822759414,-0.5086709438521042,0.9943497193247306,31.197875,973.307404515625,0.9996381607177243,1.3962446919730587,-2834.147463702414,4654.704350319257,3300.1479610932843,89.99288237460244,296.565051177078,32.1
2022-12-01,38.3,41.0,37.4,999.9,6.2,9.4,13.6,55.588063919538875,31.197875,121.336319,3.04,32.23409798421287,10.099456287481841,19.721411479241485,-0.49377555015997737,0.9943497193247306,31.197875,973.307404515625,0.9996381607177243,1.3962446919730587,-2834.147463702414,4654.704350319257,3300.1479610932843,89.99288237460244,296.565051177078,26.7
2022-12-02,44.7,46.4,39.2,999.9,5.4,4.5,7.8,-573.4926596202366,31.197875,121.336319,3.04,37.57356266287008,10.086862459830893,19.643898307291074,-0.4787338401157883,0.9943497193247306,31.197875,973.307404515625,0.9996381607177243,1.3962446919730587,-2834.147463702414,4654.704350319257,3300.1479610932843,89.99288237460244,296.565051177078,34.8
2022-12-03,48.7,51.8,46.4,999.9,2.7,10.0,13.6,21.4,31.197875,121.336319,3.04,40.88723386106423,10.07488308691521,19.5703748895178,-0.4635502709028512,0.9943497193247306,31.197875,973.307404515625,0.9996381607177243,1.3962446919730587,-2834.147463702414,4654.704350319257,3300.1479610932843,89.99288237460244,296.565051177078,47.5
2022-12-04,47.8,51.8,44.6,999.9,5.7,12.1,17.5,27.2,31.197875,121.336319,3.04,40.086377265732935,10.063525673405758,19.500871672994673,-0.4482293417404106,0.9943497193247306,31.197875,973.307404515625,0.9996381607177243,1.3962446919730587,-2834.147463702414,4654.704350319257,3300.1479610932843,89.99288237460244,296.565051177078,43.3
2022-12-05,43.5,50.0,37.4,999.9,6.2,7.0,13.6,118.97553357664009,31.197875,121.336319,3.04,36.44139058469629,10.05279740267484,19.435417425746856,-0.4327755925504317,0.9943497193247306,31.197875,973.307404515625,0.9996381607177243,1.3962446919730587,-2834.147463702414,4654.704350319257,3300.1479610932843,89.99288237460244,296.565051177078,38.3
2022-12-06,46.7,55.4,39.2,999.9,6.2,2.9,7.8,-702.7205345150442,31.197875,121.336319,3.04,39.082860765514845,10.042705121759703,19.374039240475593,-0.41719360261231697,0.9943497193247306,31.197875,973.307404515625,0.9996381607177243,1.3962446919730587,-2834.147463702414,4654.704350319257,3300.1479610932843,89.99288237460244,296.565051177078,35.3
2022-12-07,52.2,57.2,46.4,999.9,6.2,4.3,9.7,-428.8332138437195,31.197875,121.336319,3.04,43.644660671703114,10.033255326828302,19.31676253859204,-0.4014879892059737,0.9943497193247306,31.197875,973.307404515625,0.9996381607177243,1.3962446919730587,-2834.147463702414,4654.704350319257,3300.1479610932843,89.99288237460244,296.565051177078,39.0
2022-12-08,56.6,62.6,53.6,999.9,6.1,4.0,7.8,-988.4418225469719,31.197875,121.336319,3.04,47.282008737099495,10.024454149208374,19.263611074456918,-0.38566340624360745,0.9943497193247306,31.197875,973.307404515625,0.9996381607177243,1.3962446919730587,-2834.147463702414,4654.704350319257,3300.1479610932843,89.99288237460244,296.565051177078,49.6
2022-12-09,53.5,55.4,51.8,999.9,2.6,4.7,7.8,31.698747462507477,31.197875,121.336319,3.04,44.656036899926356,10.016307342039557,19.214606939724288,-0.3697245428906732,0.9943497193247306,31.197875,973.307404515625,0.9996381607177243,1.3962446919730587,-2834.147463702414,4654.704350319257,3300.1479610932843,89.99288237460244,296.565051177078,52.6
2022-12-10,50.4,55.4,42.8,999.9,2.8,10.5,15.5,-715.3847352584809,31.197875,121.336319,3.04,42.03704512394752,10.008820267606554,19.169770567691735,-0.3536761221763721,0.9943497193247306,31.197875,973.307404515625,0.9996381607177243,1.3962446919730587,-2834.147463702414,4654.704350319257,3300.1479610932843,89.99288237460244,296.565051177078,46.5
2022-12-11,46.2,51.8,39.2,999.9,6.2,9.8,15.5,-18.13313456556166,31.197875,121.336319,3.04,38.50769185882531,10.001997885409171,19.129120737563152,-0.33752289959411347,0.9943497193247306,31.197875,973.307404515625,0.9996381607177243,1.3962446919730587,-2834.147463702414,4654.704350319257,3300.1479610932843,89.99288237460244,296.565051177078,33.4
2022-12-12,44.4,50.0,39.2,999.9,6.2,7.0,13.6,825.3333327190728,31.197875,121.336319,3.04,36.98462554178332,9.99584474102252,19.092674578535348,-0.32126966169236515,0.9943497193247306,31.197875,973.307404515625,0.9996381607177243,1.3962446919730587,-2834.147463702414,4654.704350319257,3300.1479610932843,89.99288237460244,296.565051177078,31.3
2022-12-13,45.9,53.6,37.4,999.9,6.2,8.4,13.6,333.3611961012622,31.197875,121.336319,3.04,38.21314595592631,9.990364955797729,19.06044757362494,-0.3049212246562894,0.9943497193247306,31.197875,973.307404515625,0.9996381607177243,1.3962446919730587,-2834.147463702414,4654.704350319257,3300.1479610932843,89.99288237460244,296.565051177078,24.2
2022-12-14,40.1,48.2,33.8,999.9,6.2,4.5,9.7,-748.9903644156018,31.197875,121.336319,3.04,33.36842040997965,9.985562217450267,19.03245356315792,-0.2884824328806098,0.9943497193247306,31.197875,973.307404515625,0.9996381607177243,1.3962446919730587,-2834.147463702414,4654.704350319257,3300.1479610932843,89.99288237460244,296.565051177078,22.3
2022-12-15,49.9,55.4,42.8,999.9,6.2,6.2,11.7,-388.69219401947885,31.197875,121.336319,3.04,41.50615371681723,9.981439771579295,19.00870474785042,-0.27195815753410524,0.9943497193247306,31.197875,973.307404515625,0.9996381607177243,1.3962446919730587,-2834.147463702414,4654.704350319257,3300.1479610932843,89.99288237460244,296.565051177078,33.5
2022-12-16,43.8,53.6,35.6,999.9,6.2,13.2,15.5,25.3,31.197875,121.336319,3.04,36.41970151167502,9.97800041415754,18.989211691416603,-0.2553532951161881,0.9943497193247306,31.197875,973.307404515625,0.9996381607177243,1.3962446919730587,-2834.147463702414,4654.704350319257,3300.1479610932843,89.99288237460244,296.565051177078,37.3
2022-12-17,34.0,41.0,26.6,999.9,6.2,13.8,19.4,31.1,31.197875,121.336319,3.04,28.263198374243082,9.97524648502697,18.97398332264617,-0.23867276600594997,0.9943497193247306,31.197875,973.307404515625,0.9996381607177243,1.3962446919730587,-2834.147463702414,4654.704350319257,3300.1479610932843,89.99288237460244,296.565051177078,12.7
2022-12-18,34.3,41.0,28.4,999.9,6.2,6.1,13.6,261.93419815016506,31.197875,121.336319,3.04,28.506672440115103,9.973179862430941,18.963026936902082,-0.22192151300416674,0.9943497193247306,31.197875,973.307404515625,0.9996381607177243,1.3962446919730587,-2834.147463702414,4654.704350319257,3300.1479610932843,89.99288237460244,296.565051177078,11.6
2022-12-19,40.0,50.0,32.0,999.9,6.2,3.0,7.8,685.464037332579,31.197875,121.336319,3.04,33.23933986202944,9.971801958608832,18.956348196997073,-0.20510449986861926,0.9943497193247306,31.197875,973.307404515625,0.9996381607177243,1.3962446919730587,-2834.147463702414,4654.704350319257,3300.1479610932843,89.99288237460244,296.565051177078,20.1
2022-12-20,49.4,57.2,41.0,999.9,6.2,7.2,13.6,-967.5761455963305,31.197875,121.336319,3.04,41.04775146615207,9.971113716474187,18.953951133415384,-0.1882267098432439,0.9943497193247306,31.197875,973.307404515625,0.9996381607177243,1.3962446919730587,-2834.147463702414,4654.704350319257,3300.1479610932843,89.99288237460244,296.565051177078,37.1
2022-12-21,44.6,53.6,33.8,999.9,6.0,7.3,19.4,29.1,31.197875,121.336319,3.04,37.05931300747455,9.971115607392255,18.95583814385521,-0.1712931441814778,0.9943497193247306,31.197875,973.307404515625,0.9996381607177243,1.3962446919730587,-2834.147463702414,4654.704350319257,3300.1479610932843,89.99288237460244,296.565051177078,25.0
2022-12-22,37.0,44.6,30.2,999.9,5.8,13.3,21.4,31.1,31.197875,121.336319,3.04,30.74640685937516,9.97180763006762,18.96200999207553,-0.154308820664281,0.9943497193247306,31.197875,973.307404515625,0.9996381607177243,1.3962446919730587,-2834.147463702414,4654.704350319257,3300.1479610932843,89.99288237460244,296.565051177078,11.2
2022-12-23,34.9,42.8,28.4,999.9,6.2,7.9,15.5,498.90256013684274,31.197875,121.336319,3.04,29.00535891150826,9.973189310547253,18.972465806040066,-0.13727877211326517,0.9943497193247306,31.197875,973.307404515625,0.9996381607177243,1.3962446919730587,-2834.147463702414,4654.704350319257,3300.1479610932843,89.99288237460244,296.565051177078,6.8
2022-12-24,35.6,42.8,30.2,999.9,6.2,9.8,15.5,105.97842886025012,31.197875,121.336319,3.04,29.59327045323903,9.975259703338999,18.98720307535989,-0.12020804489935275,0.9943497193247306,31.197875,973.307404515625,0.9996381607177243,1.3962446919730587,-2834.147463702414,4654.704350319257,3300.1479610932843,89.99288237460244,296.565051177078,15.7
2022-12-25,37.4,44.6,32.0,999.9,6.2,5.1,11.7,17.5,31.197875,121.336319,3.04,31.098154210178237,9.978017393640076,19.006217648045045,-0.10310169744743544,0.9943497193247306,31.197875,973.307404515625,0.9996381607177243,1.3962446919730587,-2834.147463702414,4654.704350319257,3300.1479610932843,89.99288237460244,296.565051177078,26.2
2022-12-26,41.0,44.6,35.6,999.9,6.2,4.9,7.8,75.82632471002532,31.197875,121.336319,3.04,34.103323377271856,9.981460500664934,19.029503726584416,-0.0859647987374467,0.9943497193247306,31.197875,973.307404515625,0.9996381607177243,1.3962446919730587,-2834.147463702414,4654.704350319257,3300.1479610932843,89.99288237460244,296.565051177078,26.9
2022-12-27,44.3,48.2,39.2,999.9,5.6,4.5,7.8,940.8087657368327,31.197875,121.336319,3.04,36.86345750125859,9.985586682056502,19.057053863381718,-0.06880242680232064,0.9943497193247306,31.197875,973.307404515625,0.9996381607177243,1.3962446919730587,-2834.147463702414,4654.704350319257,3300.1479610932843,89.99288237460244,296.565051177078,30.8
2022-12-28,43.0,46.4,37.4,999.9,5.3,7.0,9.7,374.46368553937856,31.197875,121.336319,3.04,35.798908749372515,9.990393139359773,19.088858955584172,-0.05161966722325418,0.9943497193247306,31.197875,973.307404515625,0.9996381607177243,1.3962446919730587,-2834.147463702414,4654.704350319257,3300.1479610932843,89.99288237460244,296.565051177078,30.5
2022-12-29,41.5,44.6,35.6,999.9,6.2,5.3,7.8,570.8519238083679,31.197875,121.336319,3.04,34.56907332650569,9.995876624531766,19.12490823934853,-0.034421611622745804,0.9943497193247306,31.197875,973.307404515625,0.9996381607177243,1.3962446919730587,-2834.147463702414,4654.704350319257,3300.1479610932843,89.99288237460244,296.565051177078,30.1
2022-12-30,38.4,44.6,30.2,999.9,6.0,3.4,5.8,-190.21128545893794,31.197875,121.336319,3.04,32.00650703186252,10.002033447457038,19.16518928359747,-0.01721335615583528,0.9943497193247306,31.197875,973.307404515625,0.9996381607177243,1.3962446919730587,-2834.147463702414,4654.704350319257,3300.1479610932843,89.99288237460244,296.565051177078,29.2
2022-12-31,42.9,51.8,35.6,999.9,4.6,2.8,7.8,86.49991064930303,31.197875,121.336319,3.04,35.78167265684998,10.00885948443356,19.209687983326774,6.432490598706546e-16,0.9943497193247306,31.197875,973.307404515625,0.9996381607177243,1.3962446919730587,-2834.147463702414,4654.704350319257,3300.1479610932843,89.99288237460244,296.565051177078,28.2
2023-01-01,45.7,48.2,42.8,999.9,4.9,3.5,7.8,171.2619609889644,31.197875,121.336319,3.04,38.1456002977362,10.016350187589374,19.25838855253157,0.017213356155834685,0.9943497193247306,31.197875,973.307404515625,0.9996381607177243,1.3962446919730587,-2834.147463702414,4654.704350319257,3300.1479610932843,89.99288237460244,296.565051177078,27.6
2023-01-02,44.7,48.2,39.2,999.9,5.3,6.5,9.7,-232.79272017087135,31.197875,121.336319,3.04,37.34126471707016,10.02450059518662,19.311273516826205,0.03442161162274574,0.9943497193247306,31.197875,973.307404515625,0.9996381607177243,1.3962446919730587,-2834.147463702414,4654.704350319257,3300.1479610932843,89.99288237460244,296.565051177078,36.3
2023-01-03,42.7,51.8,32.0,999.9,6.1,3.6,7.8,108.5201090682999,31.197875,121.336319,3.04,35.70184484467499,10.033305342765804,19.36832370583962,0.051619667223253764,0.9943497193247306,31.197875,973.307404515625,0.9996381607177243,1.3962446919730587,-2834.147463702414,4654.704350319257,3300.1479610932843,89.99288237460244,296.565051177078,30.4
2023-01-04,46.9,53.6,37.4,999.9,6.2,4.8,7.8,17.5,31.197875,121.336319,3.04,39.25044848843745,10.042758675079945,19.429518245473343,0.06880242680231986,0.9943497193247306,31.197875,973.307404515625,0.9996381607177243,1.3962446919730587,-2834.147463702414,4654.704350319257,3300.1479610932843,89.99288237460244,296.565051177078,31.4
2023-01-05,51.5,57.2,46.4,999.9,5.8,4.3,9.7,-369.3865564341012,31.197875,121.336319,3.04,43.14350038553437,10.052854458765289,19.494834550115293,0.08596479873744647,0.9943497193247306,31.197875,973.307404515625,0.9996381607177243,1.3962446919730587,-2834.147463702414,4654.704350319257,3300.1479610932843,89.99288237460244,296.565051177078,42.4
2023-01-06,49.4,59.0,37.4,999.9,4.4,5.7,11.7,-553.80467745521,31.197875,121.336319,3.04,41.42842983893526,10.063586195692777,19.56424831490725,0.10310169744743485,0.9943497193247306,31.197875,973.307404515625,0.9996381607177243,1.3962446919730587,-2834.147463702414,4654.704350319257,3300.1479610932843,89.99288237460244,296.565051177078,32.9
2023-01-07,49.2,60.8,41.0,999.9,3.7,4.9,7.8,-159.71725288696553,31.197875,121.336319,3.04,41.30728285146307,10.074947036942213,19.637733508168203,0.1202080448993527,0.9943497193247306,31.197875,973.307404515625,0.9996381607177243,1.3962446919730587,-2834.147463702414,4654.704350319257,3300.1479610932843,89.99288237460244,296.565051177078,27.6
2023-01-08,52.1,64.4,39.2,999.9,6.0,5.1,11.7,362.6858154154141,31.197875,121.336319,3.04,43.794086870115336,10.086929797339424,19.715262364079656,0.13727877211326478,0.9943497193247306,31.197875,973.307404515625,0.9996381607177243,1.3962446919730587,-2834.147463702414,4654.704350319257,3300.1479610932843,89.99288237460244,296.565051177078,37.6
2023-01-09,52.0,64.4,44.6,999.9,5.3,9.9,15.5,763.5697362071633,31.197875,121.336319,3.04,43.76461687214598,10.099526970495226,19.796805375742082,0.15430882066428117,0.9943497193247306,31.197875,973.307404515625,0.9996381607177243,1.3962446919730587,-2834.147463702414,4654.704350319257,3300.1479610932843,89.99288237460244,296.565051177078,40.2
2023-01-10,47.1,55.4,39.2,999.9,6.2,4.9,7.8,-43.71316351551153,31.197875,121.336319,3.04,39.692468171315284,10.112730744284148,19.882331288714088,0.1712931441814776,0.9943497193247306,31.197875,973.307404515625,0.9996381607177243,1.3962446919730587,-2834.147463702414,4654.704350319257,3300.1479610932843,89.99288237460244,296.565051177078,37.9
2023-01-11,55.9,62.6,46.4,999.9,6.2,6.9,9.7,212.99283738013656,31.197875,121.336319,3.04,47.17276630279506,10.126533016700193,19.971807095147962,0.1882267098432442,0.9943497193247306,31.197875,973.307404515625,0.9996381607177243,1.3962446919730587,-2834.147463702414,4654.704350319257,3300.1479610932843,89.99288237460244,296.565051177078,49.2
2023-01-12,62.5,68.0,57.2,999.9,5.1,6.8,13.6,-658.2756153303374,31.197875,121.336319,3.04,52.81731985430613,10.140925412026776,20.065198028636313,0.2051044998686192,0.9943497193247306,31.197875,973.307404515625,0.9996381607177243,1.3962446919730587,-2834.147463702414,4654.704350319257,3300.1479610932843,89.99288237460244,296.565051177078,59.2
2023-01-13,60.4,64.4,51.8,999.9,3.7,6.4,13.6,723.9860731341164,31.197875,121.336319,3.04,51.11802646286591,10.155899297258129,20.1624675598852,0.2219215130041655,0.9943497193247306,31.197875,973.307404515625,0.9996381607177243,1.3962446919730587,-2834.147463702414,4654.704350319257,3300.1479610932843,89.99288237460244,296.565051177078,59.6
2023-01-14,42.2,51.8,32.0,999.9,5.3,16.7,23.3,29.1,31.197875,121.336319,3.04,35.769584392130206,10.17144579871001,20.263577393329115,0.2386727660059501,0.9943497193247306,31.197875,973.307404515625,0.9996381607177243,1.3962446919730587,-2834.147463702414,4654.704350319257,3300.1479610932843,89.99288237460244,296.565051177078,39.6
2023-01-15,31.1,32.0,28.4,999.9,5.5,12.5,17.5,118.2735370774034,31.197875,121.336319,3.04,26.402748830282196,10.187555818758403,20.36848746480244,0.255353295116187,0.9943497193247306,31.197875,973.307404515625,0.9996381607177243,1.3962446919730587,-2834.147463702414,4654.704350319257,3300.1479610932843,89.99288237460244,296.565051177078,22.6
2023-01-16,34.6,39.2,30.2,999.9,6.2,7.4,11.7,21.4,31.197875,121.336319,3.04,29.42216781846289,10.204220052646088,20.47715594038083,0.2719581575341055,0.9943497193247306,31.197875,973.307404515625,0.9996381607177243,1.3962446919730587,-2834.147463702414,4654.704350319257,3300.1479610932843,89.99288237460244,296.565051177078,18.4
2023-01-17,39.1,44.6,33.8,999.9,6.2,5.7,9.7,431.0593847326669,31.197875,121.336319,3.04,33.3048228422643,10.221429005298505,20.589539216503955,0.288482432880609,0.9943497193247306,31.197875,973.307404515625,0.9996381607177243,1.3962446919730587,-2834.147463702414,4654.704350319257,3300.1479610932843,89.99288237460244,296.565051177078,17.8
2023-01-18,39.8,48.2,30.2,999.9,6.2,5.4,11.7,459.6993475555339,31.197875,121.336319,3.04,33.95992381017176,10.239173008091988,20.705591921488796,0.30492122465628907,0.9943497193247306,31.197875,973.307404515625,0.9996381607177243,1.3962446919730587,-2834.147463702414,4654.704350319257,3300.1479610932843,89.99288237460244,296.565051177078,22.1
2023-01-19,42.4,51.8,35.6,999.9,6.2,3.6,7.8,-338.5711283647705,31.197875,121.336319,3.04,36.24296256550249,10.257442235519573,20.825266918539374,0.3212696616923644,0.9943497193247306,31.197875,973.307404515625,0.9996381607177243,1.3962446919730587,-2834.147463702414,4654.704350319257,3300.1479610932843,89.99288237460244,296.565051177078,22.2
2023-01-20,43.9,51.8,41.0,999.9,6.2,8.3,11.7,56.852321598841264,31.197875,121.336319,3.04,37.59386275689222,10.276226721701747,20.948515310355496,0.3375228995941133,0.9943497193247306,31.197875,973.307404515625,0.9996381607177243,1.3962446919730587,-2834.147463702414,4654.704350319257,3300.1479610932843,89.99288237460244,296.565051177078,29.8
2023-01-21,46.9,51.8,42.8,999.9,6.0,7.9,13.6,964.0909104754635,31.197875,121.336319,3.04,40.23830983890457,10.295516376692001,21.07528644543902,0.3536761221763716,0.9943497193247306,31.197875,973.307404515625,0.9996381607177243,1.3962446919730587,-2834.147463702414,4654.704350319257,3300.1479610932843,89.99288237460244,296.565051177078,34.5
2023-01-22,45.9,48.2,44.6,999.9,4.8,6.3,11.7,-703.2343427522281,31.197875,121.336319,3.04,39.45602633467575,10.315301002529608,21.205527926191273,0.3697245428906731,0.9943497193247306,31.197875,973.307404515625,0.9996381607177243,1.3962446919730587,-2834.147463702414,4654.704350319257,3300.1479610932843,89.99288237460244,296.565051177078,45.0
2023-01-23,41.5,46.4,30.2,999.9,5.7,13.8,23.3,27.2,31.197875,121.336319,3.04,35.74384731860709,10.33557030899482,21.33918561889088,0.38566340624360707,0.9943497193247306,31.197875,973.307404515625,0.9996381607177243,1.3962446919730587,-2834.147463702414,4654.704350319257,3300.1479610932843,89.99288237460244,296.565051177078,37.0
2023-01-24,27.7,35.6,21.2,999.9,6.2,13.1,21.4,33.0,31.197875,121.336319,3.04,23.905824652831733,10.356313929024576,21.47620366563513,0.401487989205973,0.9943497193247306,31.197875,973.307404515625,0.9996381607177243,1.3962446919730587,-2834.147463702414,4654.704350319257,3300.1479610932843,89.99288237460244,296.565051177078,9.1
2023-01-25,31.0,37.4,24.8,999.9,6.2,4.0,9.7,271.1988191152076,31.197875,121.336319,3.04,26.808597037186857,10.37752143374975,21.616524498322782,0.4171936026123168,0.9943497193247306,31.197875,973.307404515625,0.9996381607177243,1.3962446919730587,-2834.147463702414,4654.704350319257,3300.1479610932843,89.99288237460244,296.565051177078,18.9
2023-01-26,40.1,50.0,32.0,999.9,6.2,9.1,17.5,979.8505787663331,31.197875,121.336319,3.04,34.75060100995265,10.399182347118,21.76008885474976,0.4327755925504312,0.9943497193247306,31.197875,973.307404515625,0.9996381607177243,1.3962446919730587,-2834.147463702414,4654.704350319257,3300.1479610932843,89.99288237460244,296.565051177078,23.1
2023-01-27,34.6,41.0,30.2,999.9,6.2,11.3,17.5,25.3,31.197875,121.336319,3.04,30.048041761533348,10.42128616006937,21.9068357968827,0.4482293417404106,0.9943497193247306,31.197875,973.307404515625,0.9996381607177243,1.3962446919730587,-2834.147463702414,4654.704350319257,3300.1479610932843,89.99288237460244,296.565051177078,11.6
2023-01-28,36.3,44.6,28.4,999.9,6.2,6.5,13.6,-260.638767610201,31.197875,121.336319,3.04,31.592562591310546,10.443822344234892,22.056702731368713,0.4635502709028509,0.9943497193247306,31.197875,973.307404515625,0.9996381607177243,1.3962446919730587,-2834.147463702414,4654.704350319257,3300.1479610932843,89.99288237460244,296.565051177078,11.7
2023-01-29,41.4,51.8,30.2,999.9,6.2,5.3,11.7,19.4,31.197875,121.336319,3.04,36.11039225970372,10.466780365131514,22.209625432332462,0.47873384011578846,0.9943497193247306,31.197875,973.307404515625,0.9996381607177243,1.3962446919730587,-2834.147463702414,4654.704350319257,3300.1479610932843,89.99288237460244,296.565051177078,16.5
2023-01-30,45.9,57.2,35.6,999.9,6.2,5.3,9.7,15.5,31.197875,121.336319,3.04,40.124822582723745,10.490149694829737,22.365538066504538,0.49377555015997715,0.9943497193247306,31.197875,973.307404515625,0.9996381607177243,1.3962446919730587,-2834.147463702414,4654.704350319257,3300.1479610932843,89.99288237460244,296.565051177078,23.2
2023-01-31,50.6,66.2,39.2,999.9,6.2,3.6,9.7,11.7,31.197875,121.336319,3.04,44.333695258176256,10.51391982407342,22.524373220717678,0.5086709438521044,0.9943497193247306,31.197875,973.307404515625,0.9996381607177243,1.3962446919730587,-2834.147463702414,4654.704350319257,3300.1479610932843,89.99288237460244,296.565051177078,28.6
2023-02-01,47.6,59.0,41.0,999.9,6.2,12.0,19.4,23.3,31.197875,121.336319,3.04,41.801051752875374,10.538080273834128,22.686061931799657,0.5234156073655503,0.9943497193247306,31.197875,973.307404515625,0.9996381607177243,1.3962446919730587,-2834.147463702414,4654.704350319257,3300.1479610932843,89.99288237460244,296.565051177078,31.3
2023-02-02,41.0,44.6,39.2,999.9,6.2,7.2,9.7,599.4244776679465,31.197875,121.336319,3.04,36.08895373814147,10.562620606285309,22.85053371888396,0.5380051715382996,0.9943497193247306,31.197875,973.307404515625,0.9996381607177243,1.3962446919730587,-2834.147463702414,4654.704350319257,3300.1479610932843,89.99288237460244,296.565051177078,31.7
2023-02-03,42.2,48.2,35.6,999.9,6.2,4.0,7.8,821.1937111943749,31.197875,121.336319,3.04,37.23281536373176,10.587530435184386,23.017716618151677,0.5524353131676196,0.9943497193247306,31.197875,973.307404515625,0.9996381607177243,1.3962446919730587,-2834.147463702414,4654.704350319257,3300.1479610932843,89.99288237460244,296.565051177078,30.9
2023-02-04,44.5,50.0,39.2,999.9,6.1,4.9,7.8,370.8469433992004,31.197875,121.336319,3.04,39.35579790721532,10.612799435653569,23.18753722000991,0.5667017562911176,0.9943497193247306,31.197875,973.307404515625,0.9996381607177243,1.3962446919730587,-2834.147463702414,4654.704350319257,3300.1479610932843,89.99288237460244,296.565051177078,30.3
2023-02-05,48.6,50.0,44.6,999.9,5.5,6.8,11.7,-375.78011547768983,31.197875,121.336319,3.04,43.0855902810786,10.638417353352741,23.359920708704127,0.5808002734538009,0.9943497193247306,31.197875,973.307404515625,0.9996381607177243,1.3962446919730587,-2834.147463702414,4654.704350319257,3300.1479610932843,89.99288237460244,296.565051177078,42.5
2023-02-06,49.0,51.8,46.4,999.9,4.1,6.6,9.7,-214.43762966822007,31.197875,121.336319,3.04,43.546193886581094,10.664374013040268,23.534790904354207,0.5947266869607634,0.9943497193247306,31.197875,973.307404515625,0.9996381607177243,1.3962446919730587,-2834.147463702414,4654.704350319257,3300.1479610932843,89.99288237460244,296.565051177078,47.8
2023-02-07,49.0,55.4,44.6,999.9,5.5,7.3,9.7,-952.2228250444197,31.197875,121.336319,3.04,43.65352558328973,10.690659326519933,23.712070307395543,0.6084768701151261,0.9943497193247306,31.197875,973.307404515625,0.9996381607177243,1.3962446919730587,-2834.147463702414,4654.704350319257,3300.1479610932843,89.99288237460244,296.565051177078,40.6
2023-02-08,48.4,50.0,46.4,999.9,5.6,8.2,13.6,536.5737077032624,31.197875,121.336319,3.04,43.22629530989652,10.717263299974345,23.891680145399032,0.6220467484408675,0.9943497193247306,31.197875,973.307404515625,0.9996381607177243,1.3962446919730587,-2834.147463702414,4654.704350319257,3300.1479610932843,89.99288237460244,296.565051177078,39.7
2023-02-09,47.4,50.0,44.6,999.9,4.2,7.2,11.7,574.3617611038366,31.197875,121.336319,3.04,42.43949536071491,10.744176040687318,24.073540422235986,0.6354323008901774,0.9943497193247306,31.197875,973.307404515625,0.9996381607177243,1.3962446919730587,-2834.147463702414,4654.704350319257,3300.1479610932843,89.99288237460244,296.565051177078,45.6
2023-02-10,46.3,48.2,44.6,999.9,5.7,6.9,11.7,200.53416206935094,31.197875,121.336319,3.04,41.559604452857265,10.77138776315955,24.257569969545965,0.6486295610349814,0.9943497193247306,31.197875,973.307404515625,0.9996381607177243,1.3962446919730587,-2834.147463702414,4654.704350319257,3300.1479610932843,89.99288237460244,296.565051177078,41.9
2023-02-11,49.0,53.6,46.4,999.9,4.9,7.0,9.7,-187.65463262352898,31.197875,121.336319,3.04,44.09546257804712,10.798888794623785,24.443686500458483,0.6616346182422783,0.9943497193247306,31.197875,973.307404515625,0.9996381607177243,1.3962446919730587,-2834.147463702414,4654.704350319257,3300.1479610932843,89.99288237460244,296.565051177078,47.3
2023-02-12,53.0,59.0,44.6,999.9,5.4,8.8,17.5,25.3,31.197875,121.336319,3.04,47.81779064485541,10.826669579967263,24.6318066655115,0.6744436188329455,0.9943497193247306,31.197875,973.307404515625,0.9996381607177243,1.3962446919730587,-2834.147463702414,4654.704350319257,3300.1479610932843,89.99288237460244,296.565051177078,51.3
2023-02-13,41.3,44.6,37.4,999.9,5.1,13.8,17.5,-741.0825140837123,31.197875,121.336319,3.04,37.358330361226656,10.8547206860707,24.821846110702953,0.6870527672236669,0.9943497193247306,31.197875,973.307404515625,0.9996381607177243,1.3962446919730587,-2834.147463702414,4654.704350319257,3300.1479610932843,89.99288237460244,296.565051177078,34.2
2023-02-14,39.8,44.6,35.6,999.9,6.2,9.7,13.6,387.9524004978473,31.197875,121.336319,3.04,36.09539213848873,10.883032805574492,25.01371953760395,0.699458327051647,0.9943497193247306,31.197875,973.307404515625,0.9996381607177243,1.3962446919730587,-2834.147463702414,4654.704350319257,3300.1479610932843,89.99288237460244,296.565051177078,28.2
2023-02-15,41.1,50.0,33.8,999.9,6.2,7.0,11.7,341.41647561522393,31.197875,121.336319,3.04,37.37221890328767,10.91159676008399,25.20734076545583,0.7116566222817746,0.9943497193247306,31.197875,973.307404515625,0.9996381607177243,1.3962446919730587,-2834.147463702414,4654.704350319257,3300.1479610932843,89.99288237460244,296.565051177078,28.7
2023-02-16,45.9,53.6,39.2,999.9,6.2,5.7,11.7,747.0579964112893,31.197875,121.336319,3.04,41.84704339831226,10.940403502826735,25.402622795166376,0.7236440382959124,0.9943497193247306,31.197875,973.307404515625,0.9996381607177243,1.3962446919730587,-2834.147463702414,4654.704350319257,3300.1479610932843,89.99288237460244,296.565051177078,31.3
2023-02-17,51.5,55.4,44.6,999.9,6.1,4.4,7.8,344.1124883838087,31.197875,121.336319,3.04,47.07719768499547,10.969444120775643,25.599477875114125,0.7354170229639855,0.9943497193247306,31.197875,973.307404515625,0.9996381607177243,1.3962446919730587,-2834.147463702414,4654.704350319257,3300.1479610932843,89.99288237460244,296.565051177078,40.8
2023-02-18,58.0,71.6,50.0,999.9,4.5,8.1,15.5,532.1391089151148,31.197875,121.336319,3.04,53.16043087522176,10.998709836252779,25.797817568663724,0.7469720876965552,0.9943497193247306,31.197875,973.307404515625,0.9996381607177243,1.3962446919730587,-2834.147463702414,4654.704350319257,3300.1479610932843,89.99288237460244,296.565051177078,46.9
2023-02-19,44.5,53.6,35.6,999.9,5.1,8.1,15.5,378.3011752084743,31.197875,121.336319,3.04,40.896212029774865,11.028192008029176,25.997552823289187,0.7583058084785624,0.9943497193247306,31.197875,973.307404515625,0.9996381607177243,1.3962446919730587,-2834.147463702414,4654.704350319257,3300.1479610932843,89.99288237460244,296.565051177078,32.0
2023-02-20,46.8,55.4,39.2,999.9,6.1,9.1,15.5,17.5,31.197875,121.336319,3.04,43.125740314553305,11.057882131936745,26.19859404119653,0.7694148268839378,0.9943497193247306,31.197875,973.307404515625,0.9996381607177243,1.3962446919730587,-2834.147463702414,4654.704350319257,3300.1479610932843,89.99288237460244,296.565051177078,25.8
2023-02-21,42.1,46.4,39.2,999.9,6.2,7.7,13.6,199.6437987570101,31.197875,121.336319,3.04,38.89959954220565,11.087771841008735,26.400851151332063,0.7802958510707755,0.9943497193247306,31.197875,973.307404515625,0.9996381607177243,1.3962446919730587,-2834.147463702414,4654.704350319257,3300.1479610932843,89.99288237460244,296.565051177078,27.3
2023-02-22,44.2,48.2,42.8,999.9,6.2,5.0,7.8,-85.74421707109694,31.197875,121.336319,3.04,40.95075820069359,11.11785290516568,26.604233682657256,0.7909456567567772,0.9943497193247306,31.197875,973.307404515625,0.9996381607177243,1.3962446919730587,-2834.147463702414,4654.704350319257,3300.1479610932843,89.99288237460244,296.565051177078,31.9
2023-02-23,42.3,46.4,39.2,999.9,6.2,6.3,9.7,710.6649465935343,31.197875,121.336319,3.04,39.29711323738565,11.148117230464015,26.80865083856721,0.8013610881746766,0.9943497193247306,31.197875,973.307404515625,0.9996381607177243,1.3962446919730587,-2834.147463702414,4654.704350319257,3300.1479610932843,89.99288237460244,296.565051177078,37.4
2023-02-24,44.8,51.8,39.2,999.9,4.9,8.9,13.6,228.77757311818453,31.197875,121.336319,3.04,41.73327893625226,11.178556857924713,27.014011572324733,0.8115390590073611,0.9943497193247306,31.197875,973.307404515625,0.9996381607177243,1.3962446919730587,-2834.147463702414,4654.704350319257,3300.1479610932843,89.99288237460244,296.565051177078,36.4
2023-02-25,40.2,50.0,32.0,999.9,6.2,10.1,15.5,-115.94580326345093,31.197875,121.336319,3.04,37.55069927256436,11.20916396195951,27.2202246633788,0.8214765533024142,0.9943497193247306,31.197875,973.307404515625,0.9996381607177243,1.3962446919730587,-2834.147463702414,4654.704350319257,3300.1479610932843,89.99288237460244,296.565051177078,25.7
2023-02-26,43.0,50.0,35.6,999.9,6.2,4.9,9.7,-726.8009563446051,31.197875,121.336319,3.04,40.2764188734772,11.239930848412241,27.427198794431984,0.8311706263658079,0.9943497193247306,31.197875,973.307404515625,0.9996381607177243,1.3962446919730587,-2834.147463702414,4654.704350319257,3300.1479610932843,89.99288237460244,296.565051177078,27.7
2023-02-27,46.6,55.4,41.0,999.9,6.2,7.8,11.7,-278.4109688234917,31.197875,121.336319,3.04,43.76846731450431,11.27084995223287,27.634842629119053,0.8406184056344782,0.9943497193247306,31.197875,973.307404515625,0.9996381607177243,1.3962446919730587,-2834.147463702414,4654.704350319257,3300.1479610932843,89.99288237460244,296.565051177078,35.8
2023-02-28,56.8,66.2,48.2,999.9,5.9,6.0,11.7,77.30787035595277,31.197875,121.336319,3.04,53.4957254847278,11.301913834801649,27.843064890155265,0.8498170915275278,0.9943497193247306,31.197875,973.307404515625,0.9996381607177243,1.3962446919730587,-2834.147463702414,4654.704350319257,3300.1479610932843,89.99288237460244,296.565051177078,44.3
2023-03-01,50.5,62.6,39.2,999.9,3.8,7.1,13.6,-299.72014075350285,31.197875,121.336319,3.04,47.69352638637499,11.33311518092079,28.05177443781132,0.8587639582758029,0.9943497193247306,31.197875,973.307404515625,0.9996381607177243,1.3962446919730587,-2834.147463702414,4654.704350319257,3300.1479610932843,89.99288237460244,296.565051177078,39.5
2023-03-02,47.9,57.2,39.2,999.9,6.1,6.6,11.7,19.4,31.197875,121.336319,3.04,45.363083458667475,11.364446795490808,28.26088034856937,0.8674563547295969,0.9943497193247306,31.197875,973.307404515625,0.9996381607177243,1.3962446919730587,-2834.147463702414,4654.704350319257,3300.1479610932843,89.99288237460244,296.565051177078,28.3
2023-03-03,47.1,57.2,39.2,999.9,6.0,4.3,9.7,-397.2194478295963,31.197875,121.336319,3.04,44.72891377956227,11.395901599888475,28.470291993813127,0.8758917051442429,0.9943497193247306,31.197875,973.307404515625,0.9996381607177243,1.3962446919730587,-2834.147463702414,4654.704350319257,3300.1479610932843,89.99288237460244,296.565051177078,34.2
2023-03-04,53.1,66.2,44.6,999.9,6.2,4.9,9.7,52.06591345981784,31.197875,121.336319,3.04,50.566566379179285,11.427472628063114,28.67991911840394,0.8840675099433636,0.9943497193247306,31.197875,973.307404515625,0.9996381607177243,1.3962446919730587,-2834.147463702414,4654.704350319257,3300.1479610932843,89.99288237460244,296.565051177078,36.9
2023-03-05,55.1,66.2,46.4,999.9,6.2,6.7,9.7,-497.4434389288861,31.197875,121.336319,3.04,52.6166109610382,11.459153022367666,28.889671918993717,0.8919813464595485,0.9943497193247306,31.197875,973.307404515625,0.9996381607177243,1.3962446919730587,-2834.147463702414,4654.704350319257,3300.1479610932843,89.99288237460244,296.565051177078,37.2
2023-03-06,60.6,75.2,50.0,999.9,6.2,6.4,9.7,468.2991002597112,31.197875,121.336319,3.04,58.0292269471603,11.490936029140654,29.099461121925547,0.8996308696522433,0.9943497193247306,31.197875,973.307404515625,0.9996381607177243,1.3962446919730587,-2834.147463702414,4654.704350319257,3300.1479610932843,89.99288237460244,296.565051177078,39.3
2023-03-07,62.6,77.0,51.8,999.9,6.2,6.6,9.7,-5.581764240417048,31.197875,121.336319,3.04,60.11068488565285,11.52281499405486,29.309198060572484,0.9070138128026359,0.9943497193247306,31.197875,973.307404515625,0.9996381607177243,1.3962446919730587,-2834.147463702414,4654.704350319257,3300.1479610932843,89.99288237460244,296.565051177078,42.2
2023-03-08,66.6,75.2,57.2,999.9,5.8,6.0,11.7,118.82597259718165,31.197875,121.336319,3.04,64.12904763272756,11.55478335724821,29.518794751965757,0.9141279881853337,0.9943497193247306,31.197875,973.307404515625,0.9996381607177243,1.3962446919730587,-2834.147463702414,4654.704350319257,3300.1479610932843,89.99288237460244,296.565051177078,51.0
2023-03-09,66.3,80.6,55.4,999.9,3.8,5.3,9.7,15.5,31.197875,121.336319,3.04,64.01726143159259,11.586834648252053,29.728163972564378,0.9209712877166346,0.9943497193247306,31.197875,973.307404515625,0.9996381607177243,1.3962446919730587,-2834.147463702414,4654.704350319257,3300.1479610932843,89.99288237460244,296.565051177078,50.4
2023-03-10,68.6,82.4,57.2,999.9,5.8,8.3,11.7,-544.6034786607604,31.197875,121.336319,3.04,66.42173551484892,11.618962480731591,29.937219333019222,0.9275416835791966,0.9943497193247306,31.197875,973.307404515625,0.9996381607177243,1.3962446919730587,-2834.147463702414,4654.704350319257,3300.1479610932843,89.99288237460244,296.565051177078,44.8
2023-03-11,65.3,75.2,51.8,999.9,6.1,9.3,17.5,-218.22752705597327,31.197875,121.336319,3.04,63.401731976880136,11.651160547053012,30.145875351786717,0.9338372288229252,0.9943497193247306,31.197875,973.307404515625,0.9996381607177243,1.3962446919730587,-2834.147463702414,4654.704350319257,3300.1479610932843,89.99288237460244,296.565051177078,52.6
2023-03-12,47.3,55.4,41.0,999.9,6.1,12.7,23.3,31.1,31.197875,121.336319,3.04,46.05215746502541,11.683422612691437,30.35404752744892,0.9398560579418954,0.9943497193247306,31.197875,973.307404515625,0.9996381607177243,1.3962446919730587,-2834.147463702414,4654.704350319257,3300.1479610932843,89.99288237460244,296.565051177078,34.9
2023-03-13,49.9,59.0,44.6,999.9,6.2,7.4,11.7,-104.33947364330908,31.197875,121.336319,3.04,48.71796260613571,11.715742510493557,30.56165240959944,0.9455963874271426,0.9943497193247306,31.197875,973.307404515625,0.9996381607177243,1.3962446919730587,-2834.147463702414,4654.704350319257,3300.1479610932843,89.99288237460244,296.565051177078,30.9
2023-03-14,58.0,68.0,50.0,999.9,6.2,9.9,15.5,490.9648185301045,31.197875,121.336319,3.04,56.782551651574174,11.74811413480845,30.768607668157465,0.9510565162951535,0.9943497193247306,31.197875,973.307404515625,0.9996381607177243,1.3962446919730587,-2834.147463702414,4654.704350319257,3300.1479610932843,89.99288237460244,296.565051177078,39.7
2023-03-15,58.7,77.0,48.2,999.9,6.0,11.3,19.4,423.8874824789844,31.197875,121.336319,3.04,57.62643293865334,11.78053143549983,30.97483216097545,0.9562348265919056,0.9943497193247306,31.197875,973.307404515625,0.9996381607177243,1.3962446919730587,-2834.147463702414,4654.704350319257,3300.1479610932843,89.99288237460244,296.565051177078,42.8
2023-03-16,52.8,59.0,48.2,999.9,6.1,10.7,13.6,23.3,31.197875,121.336319,3.04,51.97714901215207,11.812988411852743,31.180245999609323,0.9611297838723007,0.9943497193247306,31.197875,973.307404515625,0.9996381607177243,1.3962446919730587,-2834.147463702414,4654.704350319257,3300.1479610932843,89.99288237460244,296.565051177078,36.3
2023-03-17,46.2,48.2,44.6,999.9,5.9,9.9,13.6,-388.7568201189549,31.197875,121.336319,3.04,45.60509455959123,11.845479106387332,31.384770613124484,0.9657399376548549,0.9943497193247306,31.197875,973.307404515625,0.9996381607177243,1.3962446919730587,-2834.147463702414,4654.704350319257,3300.1479610932843,89.99288237460244,296.565051177078,43.5
2023-03-18,49.4,51.8,46.4,999.9,6.2,5.1,9.7,174.80936074133365,31.197875,121.336319,3.04,48.897756780871426,11.87799759859225,31.588328809814694,0.9700639218515071,0.9943497193247306,31.197875,973.307404515625,0.9996381607177243,1.3962446919730587,-2834.147463702414,4654.704350319257,3300.1479610932843,89.99288237460244,296.565051177078,40.1
2023-03-19,52.6,55.4,50.0,999.9,6.2,7.1,9.7,-357.43891541481014,31.197875,121.336319,3.04,52.20785822715262,11.910537998589952,31.79084483671597,0.9741004551724205,0.9943497193247306,31.197875,973.307404515625,0.9996381607177243,1.3962446919730587,-2834.147463702414,4654.704350319257,3300.1479610932843,89.99288237460244,296.565051177078,40.5
2023-03-20,56.3,59.0,51.8,999.9,4.7,4.9,7.8,1230.954663686336,31.197875,121.336319,3.04,56.033018084499936,11.94309444074599,31.992244436802252,0.9778483415056568,0.9943497193247306,31.197875,973.307404515625,0.9996381607177243,1.3962446919730587,-2834.147463702414,4654.704350319257,3300.1479610932843,89.99288237460244,296.565051177078,52.0
2023-03-21,58.8,60.8,57.2,999.9,5.4,3.7,7.8,908.8061845974992,31.197875,121.336319,3.04,58.68073927844793,11.975661077234271,32.192454903755234,0.9813064702716093,0.9943497193247306,31.197875,973.307404515625,0.9996381607177243,1.3962446919730587,-2834.147463702414,4654.704350319257,3300.1479610932843,89.99288237460244,296.565051177078,56.2
2023-03-22,60.0,64.4,55.4,999.9,4.3,5.9,11.7,104.26266674803811,31.197875,121.336319,3.04,60.04116035785077,12.008232071570156,32.3914051342058,0.9844738167520922,0.9943497193247306,31.197875,973.307404515625,0.9996381607177243,1.3962446919730587,-2834.147463702414,4654.704350319257,3300.1479610932843,89.99288237460244,296.565051177078,57.4
2023-03-23,53.1,57.2,50.0,999.9,5.1,10.4,15.5,303.11255744405275,31.197875,121.336319,3.04,53.280547045144615,12.040801592123076,32.58902567735108,0.9873494423939864,0.9943497193247306,31.197875,973.307404515625,0.9996381607177243,1.3962446919730587,-2834.147463702414,4654.704350319257,3300.1479610932843,89.99288237460244,296.565051177078,45.4
2023-03-24,47.3,51.8,42.8,999.9,6.2,9.1,13.6,475.5823750462757,31.197875,121.336319,3.04,47.589175667153995,12.073363805620465,32.78524878185637,0.989932495087353,0.9943497193247306,31.197875,973.307404515625,0.9996381607177243,1.3962446919730587,-2834.147463702414,4654.704350319257,3300.1479610932843,89.99288237460244,296.565051177078,37.8
2023-03-25,48.1,51.8,44.6,999.9,6.2,7.2,9.7,330.6244669061232,31.197875,121.336319,3.04,48.52453408987397,12.105912870654628,32.98000843995834,0.9922222094179323,0.9943497193247306,31.197875,973.307404515625,0.9996381607177243,1.3962446919730587,-2834.147463702414,4654.704350319257,3300.1479610932843,89.99288237460244,296.565051177078,37.9
2023-03-26,53.8,62.6,46.4,999.9,6.2,6.3,13.6,301.97380105259765,31.197875,121.336319,3.04,54.42068580823238,12.138442931204247,33.17324042869194,0.994217906893952,0.9943497193247306,31.197875,973.307404515625,0.9996381607177243,1.3962446919730587,-2834.147463702414,4654.704350319257,3300.1479610932843,89.99288237460244,296.565051177078,36.0
2023-03-27,55.5,66.2,46.4,999.9,6.2,5.2,9.7,947.3013210305247,31.197875,121.336319,3.04,56.290635009592954,12.170948110182259,33.36488234817054,0.995918996147179,0.9943497193247306,31.197875,973.307404515625,0.9996381607177243,1.3962446919730587,-2834.147463702414,4654.704350319257,3300.1479610932843,89.99288237460244,296.565051177078,38.3
2023-03-28,59.6,69.8,53.6,999.9,6.2,7.5,9.7,17.5,31.197875,121.336319,3.04,60.610331765008624,12.203422503021871,33.55487365685551,0.9973249731081555,0.9943497193247306,31.197875,973.307404515625,0.9996381607177243,1.3962446919730587,-2834.147463702414,4654.704350319257,3300.1479610932843,89.99288237460244,296.565051177078,35.0
2023-03-29,57.9,64.4,53.6,999.9,5.4,6.2,9.7,147.0045169438675,31.197875,121.336319,3.04,59.0380253265837,12.235860171312684,33.74315570375904,0.9984354211555643,0.9943497193247306,31.197875,973.307404515625,0.9996381607177243,1.3962446919730587,-2834.147463702414,4654.704350319257,3300.1479610932843,89.99288237460244,296.565051177078,47.4
2023-03-30,55.9,59.0,53.6,999.9,5.6,5.4,9.7,203.33511826382727,31.197875,121.336319,3.04,57.14962184419059,12.268255136498874,33.92967175753052,0.9992500112396835,0.9943497193247306,31.197875,973.307404515625,0.9996381607177243,1.3962446919730587,-2834.147463702414,4654.704350319257,3300.1479610932843,89.99288237460244,296.565051177078,46.3
2023-03-31,59.5,66.2,55.4,999.9,6.0,4.9,9.7,570.9209123127708,31.197875,121.336319,3.04,60.99048181102293,12.300601373651682,34.1143670323853,0.9997685019798909,0.9943497193247306,31.197875,973.307404515625,0.9996381607177243,1.3962446919730587,-2834.147463702414,4654.704350319257,3300.1479610932843,89.99288237460244,296.565051177078,48.8
2023-04-01,62.0,73.4,51.8,999.9,6.2,3.4,9.7,252.01891939238385,31.197875,121.336319,3.04,63.719946160864346,12.332892805328582,34.29718871084079,0.9999907397361901,0.9943497193247306,31.197875,973.307404515625,0.9996381607177243,1.3962446919730587,-2834.147463702414,4654.704350319257,3300.1479610932843,89.99288237460244,296.565051177078,44.5
2023-04-02,64.1,75.2,55.4,999.9,6.2,8.4,11.7,17.5,31.197875,121.336319,3.04,66.05036693696525,12.365123295531717,34.47808596323383,0.9999166586547379,0.9943497193247306,31.197875,973.307404515625,0.9996381607177243,1.3962446919730587,-2834.147463702414,4654.704350319257,3300.1479610932843,89.99288237460244,296.565051177078,47.8
2023-04-03,64.2,71.6,60.8,999.9,6.0,15.8,21.4,31.1,31.197875,121.336319,3.04,66.3254835442147,12.39728664377845,34.65700996399965,0.9995462806873573,0.9943497193247306,31.197875,973.307404515625,0.9996381607177243,1.3962446919730587,-2834.147463702414,4654.704350319257,3300.1479610932843,89.99288237460244,296.565051177078,54.6
2023-04-04,64.6,69.8,59.0,999.9,5.3,13.2,25.3,38.9,31.197875,121.336319,3.04,66.911477251883,12.429376579297154,34.83391390470139,0.9988797155850336,0.9943497193247306,31.197875,973.307404515625,0.9996381607177243,1.3962446919730587,-2834.147463702414,4654.704350319257,3300.1479610932843,89.99288237460244,296.565051177078,60.5
2023-04-05,57.0,64.4,53.6,999.9,6.1,9.6,13.6,354.3549309827619,31.197875,121.336319,3.04,59.19158708796742,12.461386755361563,35.008753003806305,0.9979171608653922,0.9943497193247306,31.197875,973.307404515625,0.9996381607177243,1.3962446919730587,-2834.147463702414,4654.704350319257,3300.1479610932843,89.99288237460244,296.565051177078,45.6
2023-04-06,53.6,57.2,50.0,999.9,4.3,5.7,11.7,-371.0479084967744,31.197875,121.336319,3.04,55.803454655539284,12.493310743777451,35.18148451321224,0.9966589017541702,0.9943497193247306,31.197875,973.307404515625,0.9996381607177243,1.3962446919730587,-2834.147463702414,4654.704350319257,3300.1479610932843,89.99288237460244,296.565051177078,46.9
2023-04-07,56.5,66.2,46.4,999.9,5.6,7.7,15.5,-153.36860860971572,31.197875,121.336319,3.04,58.972543722396715,12.525142029535585,35.35206772153639,0.9951053111006976,0.9943497193247306,31.197875,973.307404515625,0.9996381607177243,1.3962446919730587,-2834.147463702414,4654.704350319257,3300.1479610932843,89.99288237460244,296.565051177078,43.4
2023-04-08,57.7,68.0,48.2,999.9,6.2,6.0,11.7,-544.7686112223954,31.197875,121.336319,3.04,60.37763584381091,12.55687400564525,35.52046395418503,0.9932568492674143,0.9943497193247306,31.197875,973.307404515625,0.9996381607177243,1.3962446919730587,-2834.147463702414,4654.704350319257,3300.1479610932843,89.99288237460244,296.565051177078,35.6
2023-04-09,61.0,69.8,53.6,999.9,6.2,8.7,13.6,28.47659643062545,31.197875,121.336319,3.04,63.991541504829016,12.588499968163086,35.68663657023083,0.9911140639934547,0.9943497193247306,31.197875,973.307404515625,0.9996381607177243,1.3962446919730587,-2834.147463702414,4654.704350319257,3300.1479610932843,89.99288237460244,296.565051177078,41.2
2023-04-10,69.4,80.6,62.6,999.9,6.2,9.9,13.6,-39.254495276227644,31.197875,121.336319,3.04,72.98574249444924,12.620013111432144,35.85055095613186,0.9886775902323405,0.9943497193247306,31.197875,973.307404515625,0.9996381607177243,1.3962446919730587,-2834.147463702414,4654.704350319257,3300.1479610932843,89.99288237460244,296.565051177078,53.0
2023-04-11,68.5,78.8,59.0,999.9,5.5,8.0,19.4,1514.057633168421,31.197875,121.336319,3.04,72.2184455719114,12.651406523546523,36.01217451633321,0.9859481499638304,0.9943497193247306,31.197875,973.307404515625,0.9996381607177243,1.3962446919730587,-2834.147463702414,4654.704350319257,3300.1479610932843,89.99288237460244,296.565051177078,49.6
2023-04-12,62.8,71.6,55.4,999.9,5.4,8.7,13.6,172.51692647745156,31.197875,121.336319,3.04,66.372656319433,12.682673182057263,36.171476660799584,0.9829265519799822,0.9943497193247306,31.197875,973.307404515625,0.9996381607177243,1.3962446919730587,-2834.147463702414,4654.704350319257,3300.1479610932843,89.99288237460244,296.565051177078,30.3
2023-04-13,65.2,75.2,60.8,999.9,5.9,8.9,13.6,446.91820495821383,31.197875,121.336319,3.04,69.07834566131584,12.713805949935429,36.328428789534065,0.9796136916454901,0.9943497193247306,31.197875,973.307404515625,0.9996381607177243,1.3962446919730587,-2834.147463702414,4654.704350319257,3300.1479610932843,89.99288237460244,296.565051177078,51.5
2023-04-14,68.8,77.0,60.8,999.9,5.8,7.5,13.6,-209.31412643444747,31.197875,121.336319,3.04,73.07017274503663,12.744797571808716,36.48300427414487,0.9760105506323683,0.9943497193247306,31.197875,973.307404515625,0.9996381607177243,1.3962446919730587,-2834.147463702414,4654.704350319257,3300.1479610932843,89.99288237460244,296.565051177078,58.6
2023-04-15,65.2,73.4,57.2,999.9,6.2,7.7,11.7,534.5465025483057,31.197875,121.336319,3.04,69.41431430965217,12.77564067048813,36.63517843652859,0.9721181966290613,0.9943497193247306,31.197875,973.307404515625,0.9996381607177243,1.3962446919730587,-2834.147463702414,4654.704350319257,3300.1479610932843,89.99288237460244,296.565051177078,53.7
2023-04-16,68.5,82.4,60.8,999.9,6.2,8.5,15.5,179.67006307051508,31.197875,121.336319,3.04,73.10278753753403,12.806327743801583,36.784928524744565,0.9679377830240642,0.9943497193247306,31.197875,973.307404515625,0.9996381607177243,1.3962446919730587,-2834.147463702414,4654.704350319257,3300.1479610932843,89.99288237460244,296.565051177078,51.7
2023-04-17,73.2,80.6,66.2,999.9,6.2,11.7,19.4,305.4381721874176,31.197875,121.336319,3.04,78.30479208668397,12.836851161751472,36.932233686161084,0.9634705485641488,0.9943497193247306,31.197875,973.307404515625,0.9996381607177243,1.3962446919730587,-2834.147463702414,4654.704350319257,3300.1479610932843,89.99288237460244,296.565051177078,60.8
2023-04-18,78.9,91.4,68.0,999.9,6.2,6.6,11.7,-271.6954513535058,31.197875,121.336319,3.04,84.6018608033889,12.867203164013521,37.077074937959935,0.9587178169872964,0.9943497193247306,31.197875,973.307404515625,0.9996381607177243,1.3962446919730587,-2834.147463702414,4654.704350319257,3300.1479610932843,89.99288237460244,296.565051177078,62.9
2023-04-19,68.8,75.2,62.6,999.9,6.2,6.2,9.7,82.0055056102407,31.197875,121.336319,3.04,73.94495491802051,12.897375857794277,37.21943513509125,0.9536809966304457,0.9943497193247306,31.197875,973.307404515625,0.9996381607177243,1.3962446919730587,-2834.147463702414,4654.704350319257,3300.1479610932843,89.99288237460244,296.565051177078,62.0
2023-04-20,67.6,73.4,60.8,999.9,6.1,7.4,11.7,202.9809057168252,31.197875,121.336319,3.04,72.82413485049842,12.92736121606481,37.35929893577572,0.9483615800121715,0.9943497193247306,31.197875,973.307404515625,0.9996381607177243,1.3962446919730587,-2834.147463702414,4654.704350319257,3300.1479610932843,89.99288237460244,296.565051177078,59.5
2023-04-21,60.1,71.6,51.8,999.9,6.2,11.4,15.5,21.4,31.197875,121.336319,3.04,64.89373163990899,12.95715107618815,37.49665276465612,0.9427611433904207,0.9943497193247306,31.197875,973.307404515625,0.9996381607177243,1.3962446919730587,-2834.147463702414,4654.704350319257,3300.1479610932843,89.99288237460244,296.565051177078,44.4
2023-04-22,64.3,73.4,59.0,999.9,6.2,8.5,11.7,17.5,31.197875,121.336319,3.04,69.58726650291686,12.986737138958048,37.63148477370465,0.9368813462954315,0.9943497193247306,31.197875,973.307404515625,0.9996381607177243,1.3962446919730587,-2834.147463702414,4654.704350319257,3300.1479610932843,89.99288237460244,296.565051177078,46.2
2023-04-23,59.3,62.6,55.4,999.9,6.1,10.1,15.5,21.4,31.197875,121.336319,3.04,64.32128170052843,13.01611096806646,37.76378480099666,0.9307239310379795,0.9943497193247306,31.197875,973.307404515625,0.9996381607177243,1.3962446919730587,-2834.147463702414,4654.704350319257,3300.1479610932843,89.99288237460244,296.565051177078,51.7
2023-04-24,57.2,59.0,55.4,999.9,6.2,9.9,15.5,25.3,31.197875,121.336319,3.04,62.18242501908167,13.045263990017132,37.89354432746522,0.9242907221930933,0.9943497193247306,31.197875,973.307404515625,0.9996381607177243,1.3962446919730587,-2834.147463702414,4654.704350319257,3300.1479610932843,89.99288237460244,296.565051177078,48.4
2023-04-25,59.8,62.6,57.2,999.9,6.0,6.5,9.7,137.2406803867817,31.197875,121.336319,3.04,65.15303434760305,13.074187494502285,38.02075643175428,0.9175836260593937,0.9943497193247306,31.197875,973.307404515625,0.9996381607177243,1.3962446919730587,-2834.147463702414,4654.704350319257,3300.1479610932843,89.99288237460244,296.565051177078,48.1
2023-04-26,63.9,73.4,55.4,999.9,5.5,6.6,11.7,756.3299370377594,31.197875,121.336319,3.04,69.77279678275464,13.10287263525909,38.145415743291544,0.9106046300942162,0.9943497193247306,31.197875,973.307404515625,0.9996381607177243,1.3962446919730587,-2834.147463702414,4654.704350319257,3300.1479610932843,89.99288237460244,296.565051177078,49.1
2023-04-27,66.0,73.4,60.8,999.9,5.8,11.8,15.5,706.3891856463174,31.197875,121.336319,3.04,72.22220737282257,13.131310431422284,38.267518393704115,0.9033558023246845,0.9943497193247306,31.197875,973.307404515625,0.9996381607177243,1.3962446919730587,-2834.147463702414,4654.704350319257,3300.1479610932843,89.99288237460244,296.565051177078,50.9
2023-04-28,73.9,84.2,68.0,999.9,5.6,6.9,13.6,1038.9311629313625,31.197875,121.336319,3.04,81.04053681315145,13.159491769388596,38.387061966703406,0.895839290734909,0.9943497193247306,31.197875,973.307404515625,0.9996381607177243,1.3962446919730587,-2834.147463702414,4654.704350319257,3300.1479610932843,89.99288237460244,296.565051177078,60.6
2023-04-29,61.1,68.0,53.6,999.9,5.5,7.3,19.4,29.1,31.197875,121.336319,3.04,67.14588270485122,13.187407405208095,38.504045446566224,0.8880573226294932,0.9943497193247306,31.197875,973.307404515625,0.9996381607177243,1.3962446919730587,-2834.147463702414,4654.704350319257,3300.1479610932843,89.99288237460244,296.565051177078,49.8
2023-04-30,66.0,77.0,57.2,999.9,6.2,5.3,9.7,248.37963333920553,31.197875,121.336319,3.04,72.6827638213422,13.215047967516766,38.61846916534176,0.8800122039735357,0.9943497193247306,31.197875,973.307404515625,0.9996381607177243,1.3962446919730587,-2834.147463702414,4654.704350319257,3300.1479610932843,89.99288237460244,296.565051177078,46.0
2023-05-01,71.5,84.2,60.8,999.9,6.2,8.4,15.5,1049.0567805897272,31.197875,121.336319,3.04,78.90265693443335,13.24240396102378,38.73033474891414,0.8717063187093218,0.9943497193247306,31.197875,973.307404515625,0.9996381607177243,1.3962446919730587,-2834.147463702414,4654.704350319257,3300.1479610932843,89.99288237460244,296.565051177078,43.0
2023-05-02,71.6,78.8,68.0,999.9,6.2,14.8,21.4,27.2,31.197875,121.336319,3.04,79.17447909770925,13.269465770565796,38.839645062051645,0.8631421280499114,0.9943497193247306,31.197875,973.307404515625,0.9996381607177243,1.3962446919730587,-2834.147463702414,4654.704350319257,3300.1479610932843,89.99288237460244,296.565051177078,57.6
2023-05-03,75.2,82.4,71.6,999.9,6.1,10.0,13.6,538.7816875014255,31.197875,121.336319,3.04,83.32300163863515,13.29622366573965,38.94640415257327,0.854322169749827,0.9943497193247306,31.197875,973.307404515625,0.9996381607177243,1.3962446919730587,-2834.147463702414,4654.704350319257,3300.1479610932843,89.99288237460244,296.565051177078,68.8
2023-05-04,77.4,86.0,71.6,999.9,6.2,8.2,11.7,-309.22902273844556,31.197875,121.336319,3.04,85.93120734949535,13.32266780612331,39.050617194763724,0.8452490573530633,0.9943497193247306,31.197875,973.307404515625,0.9996381607177243,1.3962446919730587,-2834.147463702414,4654.704350319257,3300.1479610932843,89.99288237460244,296.565051177078,70.6
2023-05-05,72.7,78.8,66.2,999.9,5.6,8.1,13.6,23.3,31.197875,121.336319,3.04,80.87140879697621,13.348788247093733,39.15229043216671,0.8359254794186372,0.9943497193247306,31.197875,973.307404515625,0.9996381607177243,1.3962446919730587,-2834.147463702414,4654.704350319257,3300.1479610932843,89.99288237460244,296.565051177078,68.4
2023-05-06,64.6,71.6,59.0,999.9,5.8,10.0,15.5,-75.04390792533654,31.197875,121.336319,3.04,71.9997951273047,13.374574946248552,39.251431119886036,0.8263541987239096,0.9943497193247306,31.197875,973.307404515625,0.9996381607177243,1.3962446919730587,-2834.147463702414,4654.704350319257,3300.1479610932843,89.99288237460244,296.565051177078,58.5
2023-05-07,59.6,64.4,57.2,999.9,5.6,11.8,19.4,-354.37446677382866,31.197875,121.336319,3.04,66.55342159316987,13.400017770436888,39.34804746652181,0.8165380514459161,0.9943497193247306,31.197875,973.307404515625,0.9996381607177243,1.3962446919730587,-2834.147463702414,4654.704350319257,3300.1479610932843,89.99288237460244,296.565051177078,55.6
2023-05-08,62.4,69.8,51.8,999.9,6.2,6.6,11.7,-1397.0221082475864,31.197875,121.336319,3.04,69.81055381769401,13.425106503402697,39.44214857586848,0.8064799463209448,0.9943497193247306,31.197875,973.307404515625,0.9996381607177243,1.3962446919730587,-2834.147463702414,4654.704350319257,3300.1479610932843,89.99288237460244,296.565051177078,46.4
2023-05-09,67.1,77.0,57.2,999.9,6.2,5.1,9.7,-459.32331727433206,31.197875,121.336319,3.04,75.20697085885205,13.449830854042096,39.53374438849778,0.7961828637826158,0.9943497193247306,31.197875,973.307404515625,0.9996381607177243,1.3962446919730587,-2834.147463702414,4654.704350319257,3300.1479610932843,89.99288237460244,296.565051177078,43.4
2023-05-10,67.8,75.2,62.6,999.9,6.2,5.8,9.7,-1406.009796647469,31.197875,121.336319,3.04,76.1291196287978,13.474180465273946,39.622845623348496,0.7856498550787147,0.9943497193247306,31.197875,973.307404515625,0.9996381607177243,1.3962446919730587,-2834.147463702414,4654.704350319257,3300.1479610932843,89.99288237460244,296.565051177078,42.2
2023-05-11,66.3,69.8,62.6,999.9,5.9,3.6,7.8,326.9535726774747,31.197875,121.336319,3.04,74.5772507024518,13.498144923520687,39.70946371944134,0.7748840413670407,0.9943497193247306,31.197875,973.307404515625,0.9996381607177243,1.3962446919730587,-2834.147463702414,4654.704350319257,3300.1479610932843,89.99288237460244,296.565051177078,49.2
2023-05-12,68.0,75.2,60.8,999.9,4.3,4.0,7.8,13.6,31.197875,121.336319,3.04,76.62304468983314,13.521713768794083,39.79361077783425,0.7638886127905428,0.9943497193247306,31.197875,973.307404515625,0.9996381607177243,1.3962446919730587,-2834.147463702414,4654.704350319257,3300.1479610932843,89.99288237460244,296.565051177078,52.9
2023-05-13,74.1,82.4,66.2,999.9,5.6,5.5,9.7,-84.48035066896682,31.197875,121.336319,3.04,83.63961242070859,13.54487650537791,39.87529950392982,0.7526668275320085,0.9943497193247306,31.197875,973.307404515625,0.9996381607177243,1.3962446919730587,-2834.147463702414,4654.704350319257,3300.1479610932843,89.99288237460244,296.565051177078,56.2
2023-05-14,79.5,89.6,68.0,999.9,6.0,5.4,9.7,19.4,31.197875,121.336319,3.04,89.88549981176811,13.567622613097072,39.95454315024323,0.7412220108485958,0.9943497193247306,31.197875,973.307404515625,0.9996381607177243,1.3962446919730587,-2834.147463702414,4654.704350319257,3300.1479610932843,89.99288237460244,296.565051177078,60.3
2023-05-15,82.6,95.0,69.8,999.9,6.2,8.3,13.6,15.5,31.197875,121.336319,3.04,93.54409773221649,13.58994155915978,40.0313554597341,0.7295575540864875,0.9943497193247306,31.197875,973.307404515625,0.9996381607177243,1.3962446919730587,-2834.147463702414,4654.704350319257,3300.1479610932843,89.99288237460244,296.565051177078,53.3
2023-05-16,79.1,87.8,66.2,999.9,6.2,13.9,17.5,27.2,31.197875,121.336319,3.04,89.7245986929194,13.611822810556673,40.10575060980245,0.717676913675962,0.9943497193247306,31.197875,973.307404515625,0.9996381607177243,1.3962446919730587,-2834.147463702414,4654.704350319257,3300.1479610932843,89.99288237460244,296.565051177078,63.7
2023-05-17,70.9,73.4,68.0,999.9,5.0,9.9,17.5,27.2,31.197875,121.336319,3.04,80.5498199626783,13.633255846997738,40.177743157043324,0.705583610107178,0.9943497193247306,31.197875,973.307404515625,0.9996381607177243,1.3962446919730587,-2834.147463702414,4654.704350319257,3300.1479610932843,89.99288237460244,296.565051177078,68.2
2023-05-18,68.5,75.2,64.4,999.9,5.5,10.4,15.5,23.3,31.197875,121.336319,3.04,77.94289724533346,13.654230174364985,40.24734798285102,0.6932812268869777,0.9943497193247306,31.197875,973.307404515625,0.9996381607177243,1.3962446919730587,-2834.147463702414,4654.704350319257,3300.1479610932843,89.99288237460244,296.565051177078,63.5
2023-05-19,69.2,77.0,62.6,999.9,6.1,6.0,9.7,-246.2915082380651,31.197875,121.336319,3.04,78.85764045291445,13.674735338655685,40.314580239957756,0.6807734094770161,0.9943497193247306,31.197875,973.307404515625,0.9996381607177243,1.3962446919730587,-2834.147463702414,4654.704350319257,3300.1479610932843,89.99288237460244,296.565051177078,61.3
2023-05-20,70.6,78.8,66.2,999.9,6.0,7.8,9.7,398.328785847299,31.197875,121.336319,3.04,80.57084353261584,13.694760940387962,40.37945529998776,0.6680638642135335,0.9943497193247306,31.197875,973.307404515625,0.9996381607177243,1.3962446919730587,-2834.147463702414,4654.704350319257,3300.1479610932843,89.99288237460244,296.565051177078,62.7
2023-05-21,73.3,84.2,64.4,999.9,5.6,7.4,13.6,538.794247065995,31.197875,121.336319,3.04,83.77149536698018,13.71429664943741,40.44198870210135,0.6551563572090853,0.9943497193247306,31.197875,973.307404515625,0.9996381607177243,1.3962446919730587,-2834.147463702414,4654.704350319257,3300.1479610932843,89.99288237460244,296.565051177078,67.0
2023-05-22,62.5,66.2,57.2,999.9,5.7,8.7,19.4,29.1,31.197875,121.336319,3.04,71.52777198057463,13.733332220270327,40.50219610279956,0.6420547132365637,0.9943497193247306,31.197875,973.307404515625,0.9996381607177243,1.3962446919730587,-2834.147463702414,4654.704350319257,3300.1479610932843,89.99288237460244,296.565051177078,56.1
2023-05-23,71.7,80.6,64.4,999.9,6.0,5.7,9.7,1071.8802864716663,31.197875,121.336319,3.04,82.1673486075281,13.751857507536084,40.5600932269536,0.6287628145958344,0.9943497193247306,31.197875,973.307404515625,0.9996381607177243,1.3962446919730587,-2834.147463702414,4654.704350319257,3300.1479610932843,89.99288237460244,296.565051177078,48.3
2023-05-24,66.8,71.6,62.6,999.9,6.0,7.0,15.5,218.91164001406042,31.197875,121.336319,3.04,76.65223448301184,13.769862481978176,40.61569582011839,0.6152845999633276,0.9943497193247306,31.197875,973.307404515625,0.9996381607177243,1.3962446919730587,-2834.147463702414,4654.704350319257,3300.1479610932843,89.99288237460244,296.565051177078,54.3
2023-05-25,73.6,82.4,68.0,999.9,6.2,7.4,11.7,-33.40263350541581,31.197875,121.336319,3.04,84.56233511260591,13.787337246620531,40.66901960218439,0.6016240632249226,0.9943497193247306,31.197875,973.307404515625,0.9996381607177243,1.3962446919730587,-2834.147463702414,4654.704350319257,3300.1479610932843,89.99288237460244,296.565051177078,62.2
2023-05-26,76.9,86.0,73.4,999.9,5.7,7.9,13.6,-253.00810342508348,31.197875,121.336319,3.04,88.46237674081382,13.804272053182912,40.720080222416115,0.5877852522924732,0.9943497193247306,31.197875,973.307404515625,0.9996381607177243,1.3962446919730587,-2834.147463702414,4654.704350319257,3300.1479610932843,89.99288237460244,296.565051177078,69.1
2023-05-27,76.4,80.6,73.4,999.9,6.2,11.0,15.5,-386.99396988431624,31.197875,121.336319,3.04,87.99151826224009,13.820657318676455,40.76889321592092,0.5737722679043246,0.9943497193247306,31.197875,973.307404515625,0.9996381607177243,1.3962446919730587,-2834.147463702414,4654.704350319257,3300.1479610932843,89.99288237460244,296.565051177078,70.5
2023-05-28,82.7,93.2,75.2,999.9,6.2,8.8,11.7,-409.11505016938014,31.197875,121.336319,3.04,95.35643310033214,13.836483642128,40.815473961586264,0.5595892624101765,0.9943497193247306,31.197875,973.307404515625,0.9996381607177243,1.3962446919730587,-2834.147463702414,4654.704350319257,3300.1479610932843,89.99288237460244,296.565051177078,71.1
2023-05-29,83.4,98.6,71.6,999.9,5.7,7.0,13.6,-102.55163347291703,31.197875,121.336319,3.04,96.26960565858657,13.851741821379361,40.859837641518816,0.545240438540651,0.9943497193247306,31.197875,973.307404515625,0.9996381607177243,1.3962446919730587,-2834.147463702414,4654.704350319257,3300.1479610932843,89.99288237460244,296.565051177078,73.3
2023-05-30,78.3,86.0,71.6,999.9,6.2,7.0,9.7,1305.4229279181309,31.197875,121.336319,3.04,90.4784092261348,13.866422869905717,40.90199920201378,0.5307300481619334,0.9943497193247306,31.197875,973.307404515625,0.9996381607177243,1.3962446919730587,-2834.147463702414,4654.704350319257,3300.1479610932843,89.99288237460244,296.565051177078,70.1
2023-05-31,76.7,84.2,71.6,999.9,6.0,4.6,7.8,-1671.344751461229,31.197875,121.336319,3.04,88.71964443139679,13.880518033595326,40.941973316078325,0.5160623910158528,0.9943497193247306,31.197875,973.307404515625,0.9996381607177243,1.3962446919730587,-2834.147463702414,4654.704350319257,3300.1479610932843,89.99288237460244,296.565051177078,69.0
2023-06-01,78.3,86.0,71.6,999.9,6.0,5.8,9.7,-441.08332746217525,31.197875,121.336319,3.04,90.65847271848786,13.89401880743109,40.97977434752847,0.5012418134457758,0.9943497193247306,31.197875,973.307404515625,0.9996381607177243,1.3962446919730587,-2834.147463702414,4654.704350319257,3300.1479610932843,89.99288237460244,296.565051177078,69.6
2023-06-02,83.2,93.2,73.4,999.9,6.0,7.7,11.7,-455.77212256929084,31.197875,121.336319,3.04,96.42129086729238,13.906916952013326,41.01541631667452,0.48627270710868997,0.9943497193247306,31.197875,973.307404515625,0.9996381607177243,1.3962446919730587,-2834.147463702414,4654.704350319257,3300.1479610932843,89.99288237460244,296.565051177078,65.8
2023-06-03,76.2,82.4,71.6,999.9,6.2,7.4,9.7,324.9184121784476,31.197875,121.336319,3.04,88.38694863762281,13.91920450986186,41.04891286760636,0.4711595076738638,0.9943497193247306,31.197875,973.307404515625,0.9996381607177243,1.3962446919730587,-2834.147463702414,4654.704350319257,3300.1479610932843,89.99288237460244,296.565051177078,56.0
2023-06-04,74.7,82.4,71.6,999.9,6.2,9.7,13.6,-182.67337869065665,31.197875,121.336319,3.04,86.71968953843293,13.930873821435009,41.08027723708625,0.4559066935084588,0.9943497193247306,31.197875,973.307404515625,0.9996381607177243,1.3962446919730587,-2834.147463702414,4654.704350319257,3300.1479610932843,89.99288237460244,296.565051177078,59.1
2023-06-05,71.7,80.6,66.2,999.9,5.3,7.8,11.7,-39.25014718240298,31.197875,121.336319,3.04,83.30295730629568,13.941917540802624,41.10952222505303,0.440518784350495,0.9943497193247306,31.197875,973.307404515625,0.9996381607177243,1.3962446919730587,-2834.147463702414,4654.704350319257,3300.1479610932843,89.99288237460244,296.565051177078,67.3
2023-06-06,71.1,78.8,66.2,999.9,5.1,5.0,9.7,-543.9392663442674,31.197875,121.336319,3.04,82.66754725664362,13.952328650910317,41.136660166739325,0.42500033996955416,0.9943497193247306,31.197875,973.307404515625,0.9996381607177243,1.3962446919730587,-2834.147463702414,4654.704350319257,3300.1479610932843,89.99288237460244,296.565051177078,64.1
2023-06-07,74.7,78.8,71.6,999.9,5.4,5.7,7.8,-115.0126622153709,31.197875,121.336319,3.04,86.91407547786879,13.962100478372497,41.161702906399924,0.4093559588156213,0.9943497193247306,31.197875,973.307404515625,0.9996381607177243,1.3962446919730587,-2834.147463702414,4654.704350319257,3300.1479610932843,89.99288237460244,296.565051177078,69.5
2023-06-08,78.3,86.0,71.6,999.9,5.5,5.7,9.7,17.5,31.197875,121.336319,3.04,91.16225426795462,13.97122670773251,41.18466177264736,0.39359027665646673,0.9943497193247306,31.197875,973.307404515625,0.9996381607177243,1.3962446919730587,-2834.147463702414,4654.704350319257,3300.1479610932843,89.99288237460244,296.565051177078,70.7
2023-06-09,82.8,93.2,73.4,999.9,5.9,7.7,11.7,-659.8766015999009,31.197875,121.336319,3.04,96.45993962639297,13.979701395129416,41.205547555389096,0.3777079652039649,0.9943497193247306,31.197875,973.307404515625,0.9996381607177243,1.3962446919730587,-2834.147463702414,4654.704350319257,3300.1479610932843,89.99288237460244,296.565051177078,69.1
2023-06-10,81.8,95.0,71.6,999.9,5.9,8.3,31.1,40.8,31.197875,121.336319,3.04,95.34825438927993,13.98751898131246,41.224370484358154,0.36171373072976765,0.9943497193247306,31.197875,973.307404515625,0.9996381607177243,1.3962446919730587,-2834.147463702414,4654.704350319257,3300.1479610932843,89.99288237460244,296.565051177078,69.7
2023-06-11,78.6,84.2,73.4,999.9,6.2,6.5,11.7,63.61609503707368,31.197875,121.336319,3.04,91.66511669084832,13.994674303946312,41.24114020922852,0.3456123126707335,0.9943497193247306,31.197875,973.307404515625,0.9996381607177243,1.3962446919730587,-2834.147463702414,4654.704350319257,3300.1479610932843,89.99288237460244,296.565051177078,69.0
2023-06-12,77.6,84.2,73.4,999.9,6.1,6.6,9.7,-678.544281927035,31.197875,121.336319,3.04,90.5408515391857,14.001162609152427,41.25586578130531,0.3294084822245304,0.9943497193247306,31.197875,973.307404515625,0.9996381607177243,1.3962446919730587,-2834.147463702414,4654.704350319257,3300.1479610932843,89.99288237460244,296.565051177078,68.8
2023-06-13,75.4,80.6,71.6,999.9,6.2,5.2,9.7,450.59811412757637,31.197875,121.336319,3.04,88.01052158270797,14.00697956223469,41.26855563677867,0.3131070409358269,0.9943497193247306,31.197875,973.307404515625,0.9996381607177243,1.3962446919730587,-2834.147463702414,4654.704350319257,3300.1479610932843,89.99288237460244,296.565051177078,69.7
2023-06-14,77.3,89.6,69.8,999.9,6.1,5.3,15.5,113.03197583503943,31.197875,121.336319,3.04,90.26141443399041,14.012121257540555,41.2792175815308,0.29671281927349075,0.9943497193247306,31.197875,973.307404515625,0.9996381607177243,1.3962446919730587,-2834.147463702414,4654.704350319257,3300.1479610932843,89.99288237460244,296.565051177078,66.8
2023-06-15,79.7,87.8,73.4,999.9,5.4,5.7,9.7,335.8522902178972,31.197875,121.336319,3.04,93.09348024373075,14.016584227412409,41.2878587774846,0.28023067519921585,0.9943497193247306,31.197875,973.307404515625,0.9996381607177243,1.3962446919730587,-2834.147463702414,4654.704350319257,3300.1479610932843,89.99288237460244,296.565051177078,64.6
2023-06-16,78.0,86.0,69.8,999.9,5.8,8.4,13.6,-89.12320656243938,31.197875,121.336319,3.04,91.1323754262196,14.02036545018763,41.294485730483274,0.26366549272800704,0.9943497193247306,31.197875,973.307404515625,0.9996381607177243,1.3962446919730587,-2834.147463702414,4654.704350319257,3300.1479610932843,89.99288237460244,296.565051177078,66.4
2023-06-17,73.2,75.2,71.6,999.9,5.7,7.0,11.7,-142.94348814838577,31.197875,121.336319,3.04,85.54312037898063,14.02346235720994,41.299104279690404,0.24702218048093552,0.9943497193247306,31.197875,973.307404515625,0.9996381607177243,1.3962446919730587,-2834.147463702414,4654.704350319257,3300.1479610932843,89.99288237460244,296.565051177078,71.4
2023-06-18,75.9,77.0,73.4,999.9,5.3,4.0,7.8,-679.4285311701504,31.197875,121.336319,3.04,88.71364570553054,14.025872838819057,41.30171958850089,0.23030567023061221,0.9943497193247306,31.197875,973.307404515625,0.9996381607177243,1.3962446919730587,-2834.147463702414,4654.704350319257,3300.1479610932843,89.99288237460244,296.565051177078,74.7
2023-06-19,77.0,80.6,75.2,999.9,5.4,5.8,13.6,53.41671522725734,31.197875,121.336319,3.04,90.01040284961225,14.02759524929022,41.30233613695408,0.21352091543979612,0.9943497193247306,31.197875,973.307404515625,0.9996381607177243,1.3962446919730587,-2834.147463702414,4654.704350319257,3300.1479610932843,89.99288237460244,296.565051177078,75.9
2023-06-20,82.5,87.8,75.2,999.9,5.2,5.9,9.7,21.4,31.197875,121.336319,3.04,96.44682032356347,14.02862841070014,41.30095771564151,0.19667288979357647,0.9943497193247306,31.197875,973.307404515625,0.9996381607177243,1.3962446919730587,-2834.147463702414,4654.704350319257,3300.1479610932843,89.99288237460244,296.565051177078,75.0
2023-06-21,84.6,93.2,77.0,999.9,5.9,6.2,9.7,36.11410165509696,31.197875,121.336319,3.04,98.90424989069066,14.028971615700806,41.29758742110299,0.1797665857255624,0.9943497193247306,31.197875,973.307404515625,0.9996381607177243,1.3962446919730587,-2834.147463702414,4654.704350319257,3300.1479610932843,89.99288237460244,296.565051177078,69.5
2023-06-22,83.1,93.2,75.2,999.9,5.2,3.8,7.8,11.7,31.197875,121.336319,3.04,97.14822555712622,14.028624629187904,41.292227652706394,0.16280701293851715,0.9943497193247306,31.197875,973.307404515625,0.9996381607177243,1.3962446919730587,-2834.147463702414,4654.704350319257,3300.1479610932843,89.99288237460244,296.565051177078,67.1
2023-06-23,74.8,84.2,66.2,999.9,5.0,9.6,17.5,-17.07047113030345,31.197875,121.336319,3.04,87.43862992720126,14.027587688855819,41.28488011100759,0.1457991969198751,0.9943497193247306,31.197875,973.307404515625,0.9996381607177243,1.3962446919730587,-2834.147463702414,4654.704350319257,3300.1479610932843,89.99288237460244,296.565051177078,67.5
2023-06-24,74.7,77.0,68.0,999.9,5.3,6.8,11.7,366.15656046691595,31.197875,121.336319,3.04,87.31098786636234,14.02586150463652,41.27554579758898,0.12874817745258132,0.9943497193247306,31.197875,973.307404515625,0.9996381607177243,1.3962446919730587,-2834.147463702414,4654.704350319257,3300.1479610932843,89.99288237460244,296.565051177078,73.4
2023-06-25,82.6,89.6,77.0,999.9,6.2,6.9,15.5,541.6254803929353,31.197875,121.336319,3.04,96.52806195252244,14.023447257025053,41.264225016376564,0.11165900712169512,0.9943497193247306,31.197875,973.307404515625,0.9996381607177243,1.3962446919730587,-2834.147463702414,4654.704350319257,3300.1479610932843,89.99288237460244,296.565051177078,76.0
2023-06-26,82.5,87.8,77.0,999.9,6.2,6.4,11.7,19.4,31.197875,121.336319,3.04,96.38988283581055,14.020346594299717,41.25091737643674,0.09453674981719912,0.9943497193247306,31.197875,973.307404515625,0.9996381607177243,1.3962446919730587,-2834.147463702414,4654.704350319257,3300.1479610932843,89.99288237460244,296.565051177078,75.3
2023-06-27,85.0,91.4,80.6,999.9,6.2,8.9,13.6,385.0543692215072,31.197875,121.336319,3.04,99.28397820293878,14.01656162865018,41.235621796256076,0.07738647923346301,0.9943497193247306,31.197875,973.307404515625,0.9996381607177243,1.3962446919730587,-2834.147463702414,4654.704350319257,3300.1479610932843,89.99288237460244,296.565051177078,76.2
2023-06-28,89.1,95.0,84.2,999.9,6.2,7.9,9.7,19.4,31.197875,121.336319,3.04,104.03980486439842,14.012094931232113,41.21833650950832,0.06021327736579302,0.9943497193247306,31.197875,973.307404515625,0.9996381607177243,1.3962446919730587,-2834.147463702414,4654.704350319257,3300.1479610932843,89.99288237460244,296.565051177078,78.0
2023-06-29,90.9,98.6,86.0,999.9,6.2,8.7,11.7,23.3,31.197875,121.336319,3.04,106.10264266075201,14.006949526171882,41.19905907231449,0.04302223300453059,0.9943497193247306,31.197875,973.307404515625,0.9996381607177243,1.3962446919730587,-2834.147463702414,4654.704350319257,3300.1479610932843,89.99288237460244,296.565051177078,77.4
2023-06-30,80.3,87.8,77.0,999.9,6.2,6.6,13.6,17.5,31.197875,121.336319,3.04,93.69088744575313,14.00112888354966,41.17778637200283,0.02581844022713308,0.9943497193247306,31.197875,973.307404515625,0.9996381607177243,1.3962446919730587,-2834.147463702414,4654.704350319257,3300.1479610932843,89.99288237460244,296.565051177078,76.8
2023-07-01,86.1,93.2,82.4,999.9,6.2,5.7,11.7,15.5,31.197875,121.336319,3.04,100.41151983925238,13.994636911394062,41.154514637376764,0.008606996888688698,0.9943497193247306,31.197875,973.307404515625,0.9996381607177243,1.3962446919730587,-2834.147463702414,4654.704350319257,3300.1479610932843,89.99288237460244,296.565051177078,78.3
2023-07-02,85.8,95.0,73.4,999.9,6.2,5.6,13.6,25.3,31.197875,121.336319,3.04,100.01046731908872,13.987477946725697,41.12923945049935,-0.008606996888688009,0.9943497193247306,31.197875,973.307404515625,0.9996381607177243,1.3962446919730587,-2834.147463702414,4654.704350319257,3300.1479610932843,89.99288237460244,296.565051177078,78.4
2023-07-03,88.2,95.0,82.4,999.9,6.2,5.3,7.8,17.5,31.197875,121.336319,3.04,102.7504770808298,13.979656745691129,41.101955760003506,-0.02581844022713239,0.9943497193247306,31.197875,973.307404515625,0.9996381607177243,1.3962446919730587,-2834.147463702414,4654.704350319257,3300.1479610932843,89.99288237460244,296.565051177078,79.8
2023-07-04,91.0,96.8,77.0,999.9,6.2,8.4,13.6,21.4,31.197875,121.336319,3.04,105.94810341898096,13.971178472832653,41.072657895937695,-0.04302223300453034,0.9943497193247306,31.197875,973.307404515625,0.9996381607177243,1.3962446919730587,-2834.147463702414,4654.704350319257,3300.1479610932843,89.99288237460244,296.565051177078,77.2
2023-07-05,82.1,87.8,77.0,999.9,5.8,5.3,9.7,19.4,31.197875,121.336319,3.04,95.52368311762058,13.962048689542595,41.04133958615651,-0.060213277365792774,0.9943497193247306,31.197875,973.307404515625,0.9996381607177243,1.3962446919730587,-2834.147463702414,4654.704350319257,3300.1479610932843,89.99288237460244,296.565051177078,76.4
2023-07-06,90.5,96.8,84.2,999.9,5.9,7.9,11.7,21.4,31.197875,121.336319,3.04,105.2233947857284,13.952273341754042,41.00799397426532,-0.07738647923346322,0.9943497193247306,31.197875,973.307404515625,0.9996381607177243,1.3962446919730587,-2834.147463702414,4654.704350319257,3300.1479610932843,89.99288237460244,296.565051177078,78.7
2023-07-07,89.2,98.6,80.6,999.9,6.0,7.0,13.6,23.3,31.197875,121.336319,3.04,103.63448335212492,13.941858746922634,40.97261363912788,-0.09453674981719933,0.9943497193247306,31.197875,973.307404515625,0.9996381607177243,1.3962446919730587,-2834.147463702414,4654.704350319257,3300.1479610932843,89.99288237460244,296.565051177078,78.8
2023-07-08,83.8,87.8,80.6,999.9,5.7,4.0,7.8,-556.7249804615943,31.197875,121.336319,3.04,97.28350086948869,13.930811580356377,40.93519061594453,-0.11165900712169444,0.9943497193247306,31.197875,973.307404515625,0.9996381607177243,1.3962446919730587,-2834.147463702414,4654.704350319257,3300.1479610932843,89.99288237460244,296.565051177078,80.3
2023-07-09,86.5,89.6,82.4,999.9,6.1,5.3,9.7,19.4,31.197875,121.336319,3.04,100.33379262269861,13.91913886095241,40.895716418907384,-0.12874817745258066,0.9943497193247306,31.197875,973.307404515625,0.9996381607177243,1.3962446919730587,-2834.147463702414,4654.704350319257,3300.1479610932843,89.99288237460244,296.565051177078,79.0
2023-07-10,81.6,89.6,75.2,999.9,6.1,6.3,15.5,23.3,31.197875,121.336319,3.04,94.56656596752836,13.90684793640123,40.854182065437726,-0.14579919691987442,0.9943497193247306,31.197875,973.307404515625,0.9996381607177243,1.3962446919730587,-2834.147463702414,4654.704350319257,3300.1479610932843,89.99288237460244,296.565051177078,76.2
2023-07-11,90.2,100.4,84.2,999.9,6.2,6.8,9.7,183.30699720570763,31.197875,121.336319,3.04,104.43616428386566,13.893946467920044,40.81057810200833,-0.16280701293851646,0.9943497193247306,31.197875,973.307404515625,0.9996381607177243,1.3962446919730587,-2834.147463702414,4654.704350319257,3300.1479610932843,89.99288237460244,296.565051177078,79.3
2023-07-12,92.3,100.4,86.0,999.9,6.2,7.7,11.7,-734.514941141523,31.197875,121.336319,3.04,106.76373623879317,13.880442414577661,40.76489463155162,-0.17976658572556214,0.9943497193247306,31.197875,973.307404515625,0.9996381607177243,1.3962446919730587,-2834.147463702414,4654.704350319257,3300.1479610932843,89.99288237460244,296.565051177078,79.5
2023-07-13,91.1,96.8,84.2,999.9,6.2,7.7,9.7,17.5,31.197875,121.336319,3.04,105.26866166447029,13.866344017273804,40.71712134245207,-0.19667288979357622,0.9943497193247306,31.197875,973.307404515625,0.9996381607177243,1.3962446919730587,-2834.147463702414,4654.704350319257,3300.1479610932843,89.99288237460244,296.565051177078,78.7
2023-07-14,89.7,98.6,77.0,999.9,6.0,7.9,15.5,297.8654623924234,31.197875,121.336319,3.04,103.5411568737061,13.851659782435599,40.66724753911772,-0.2135209154397959,0.9943497193247306,31.197875,973.307404515625,0.9996381607177243,1.3962446919730587,-2834.147463702414,4654.704350319257,3300.1479610932843,89.99288237460244,296.565051177078,79.3
2023-07-15,88.2,98.6,80.6,999.9,6.2,6.2,11.7,-142.67217321468095,31.197875,121.336319,3.04,101.69752872137956,13.836398465493817,40.615262174123494,-0.23030567023061196,0.9943497193247306,31.197875,973.307404515625,0.9996381607177243,1.3962446919730587,-2834.147463702414,4654.704350319257,3300.1479610932843,89.99288237460244,296.565051177078,78.5
2023-07-16,83.8,89.6,80.6,999.9,6.2,6.9,11.7,-579.8946245486238,31.197875,121.336319,3.04,96.51364056183391,13.820569054200561,40.56115388191461,-0.24702218048093527,0.9943497193247306,31.197875,973.307404515625,0.9996381607177243,1.3962446919730587,-2834.147463702414,4654.704350319257,3300.1479610932843,89.99288237460244,296.565051177078,78.9
2023-07-17,85.5,93.2,78.8,999.9,6.2,7.6,13.6,606.7961173750261,31.197875,121.336319,3.04,98.35478785692554,13.804180751849199,40.5049110140553,-0.2636654927280072,0.9943497193247306,31.197875,973.307404515625,0.9996381607177243,1.3962446919730587,-2834.147463702414,4654.704350319257,3300.1479610932843,89.99288237460244,296.565051177078,76.9
2023-07-18,85.8,93.2,82.4,999.9,6.2,5.9,11.7,174.43484871140527,31.197875,121.336319,3.04,98.57878716725999,13.787242960455941,40.44652167600361,-0.2802306751992161,0.9943497193247306,31.197875,973.307404515625,0.9996381607177243,1.3962446919730587,-2834.147463702414,4654.704350319257,3300.1479610932843,89.99288237460244,296.565051177078,76.4
2023-07-19,83.9,87.8,80.6,999.9,6.0,5.0,9.7,-183.38810757462488,31.197875,121.336319,3.04,96.27360880385916,13.769765263960785,40.385973765389245,-0.2967128192734901,0.9943497193247306,31.197875,973.307404515625,0.9996381607177243,1.3962446919730587,-2834.147463702414,4654.704350319257,3300.1479610932843,89.99288237460244,296.565051177078,76.6
2023-07-20,80.8,84.2,77.0,999.9,5.7,5.3,9.7,-987.8957495714882,31.197875,121.336319,3.04,92.59516657079219,13.75175741150379,40.323255011766555,-0.3131070409358267,0.9943497193247306,31.197875,973.307404515625,0.9996381607177243,1.3962446919730587,-2834.147463702414,4654.704350319257,3300.1479610932843,89.99288237460244,296.565051177078,79.0
2023-07-21,84.9,93.2,78.8,999.9,5.8,6.4,21.4,81.16323661357845,31.197875,121.336319,3.04,97.16259730337482,13.733229300830363,40.25835301781065,-0.3294084822245302,0.9943497193247306,31.197875,973.307404515625,0.9996381607177243,1.3962446919730587,-2834.147463702414,4654.704350319257,3300.1479610932843,89.99288237460244,296.565051177078,79.5
2023-07-22,83.3,91.4,78.8,999.9,6.2,6.6,11.7,21.4,31.197875,121.336319,3.04,95.19934226036273,13.714190961876984,40.19125530191951,-0.3456123126707333,0.9943497193247306,31.197875,973.307404515625,0.9996381607177243,1.3962446919730587,-2834.147463702414,4654.704350319257,3300.1479610932843,89.99288237460244,296.565051177078,79.0
2023-07-23,85.2,89.6,82.4,999.9,6.2,6.5,9.7,783.3723060372822,31.197875,121.336319,3.04,97.23203303816267,13.694652540586292,40.12194934218025,-0.3617137307297674,0.9943497193247306,31.197875,973.307404515625,0.9996381607177243,1.3962446919730587,-2834.147463702414,4654.704350319257,3300.1479610932843,89.99288237460244,296.565051177078,78.7
2023-07-24,85.3,91.4,82.4,999.9,6.2,8.0,13.6,152.31028482420288,31.197875,121.336319,3.04,97.20378761164164,13.674624282997653,40.0504226216528,-0.37770796520396466,0.9943497193247306,31.197875,973.307404515625,0.9996381607177243,1.3962446919730587,-2834.147463702414,4654.704350319257,3300.1479610932843,89.99288237460244,296.565051177078,77.8
2023-07-25,86.9,91.4,82.4,999.9,6.2,11.0,13.6,1045.4944748965188,31.197875,121.336319,3.04,98.87856046318032,13.654116519656661,39.976662674919005,-0.39359027665646645,0.9943497193247306,31.197875,973.307404515625,0.9996381607177243,1.3962446919730587,-2834.147463702414,4654.704350319257,3300.1479610932843,89.99288237460244,296.565051177078,77.8
2023-07-26,86.4,91.4,82.4,999.9,6.2,10.8,15.5,-565.10928219889,31.197875,121.336319,3.04,98.15860548276459,13.633139650383969,39.90065713584059,-0.4093559588156211,0.9943497193247306,31.197875,973.307404515625,0.9996381607177243,1.3962446919730587,-2834.147463702414,4654.704350319257,3300.1479610932843,89.99288237460244,296.565051177078,78.1
2023-07-27,82.6,87.8,78.8,999.9,6.2,9.5,11.7,21.4,31.197875,121.336319,3.04,93.69389675765187,13.611704129440952,39.822393786463564,-0.42500033996955394,0.9943497193247306,31.197875,973.307404515625,0.9996381607177243,1.3962446919730587,-2834.147463702414,4654.704350319257,3300.1479610932843,89.99288237460244,296.565051177078,76.8
2023-07-28,83.7,86.0,80.6,999.9,6.2,14.6,17.5,31.1,31.197875,121.336319,3.04,94.78899764660773,13.589820451126554,39.741860607002614,-0.4405187843504952,0.9943497193247306,31.197875,973.307404515625,0.9996381607177243,1.3962446919730587,-2834.147463702414,4654.704350319257,3300.1479610932843,89.99288237460244,296.565051177078,78.5
2023-07-29,82.5,84.2,80.6,999.9,6.1,12.1,15.5,25.3,31.197875,121.336319,3.04,93.2765565588771,13.56749913583667,39.65904582683319,-0.455906693508459,0.9943497193247306,31.197875,973.307404515625,0.9996381607177243,1.3962446919730587,-2834.147463702414,4654.704350319257,3300.1479610932843,89.99288237460244,296.565051177078,79.2
2023-07-30,85.6,91.4,80.6,999.9,6.2,12.4,17.5,23.3,31.197875,121.336319,3.04,96.61922177851491,13.544750716614242,39.57393797641466,-0.47115950767386394,0.9943497193247306,31.197875,973.307404515625,0.9996381607177243,1.3962446919730587,-2834.147463702414,4654.704350319257,3300.1479610932843,89.99288237460244,296.565051177078,78.1
2023-07-31,86.5,93.2,80.6,999.9,6.2,9.9,13.6,113.97282632412245,31.197875,121.336319,3.04,97.46809710980128,13.521585726215207,39.48652594006284,-0.4862727071086902,0.9943497193247306,31.197875,973.307404515625,0.9996381607177243,1.3962446919730587,-2834.147463702414,4654.704350319257,3300.1479610932843,89.99288237460244,296.565051177078,76.2
2023-08-01,84.6,87.8,80.6,999.9,6.0,7.8,11.7,21.4,31.197875,121.336319,3.04,95.16100352722238,13.498014684712397,39.396799009485704,-0.5012418134457756,0.9943497193247306,31.197875,973.307404515625,0.9996381607177243,1.3962446919730587,-2834.147463702414,4654.704350319257,3300.1479610932843,89.99288237460244,296.565051177078,78.3
2023-08-02,87.2,93.2,82.4,999.9,6.2,8.6,11.7,467.74937461857763,31.197875,121.336319,3.04,97.91141610363682,13.474048087656444,39.30474693799169,-0.5160623910158526,0.9943497193247306,31.197875,973.307404515625,0.9996381607177243,1.3962446919730587,-2834.147463702414,4654.704350319257,3300.1479610932843,89.99288237460244,296.565051177078,77.1
2023-08-03,86.8,93.2,82.4,999.9,6.2,9.6,15.5,21.4,31.197875,121.336319,3.04,97.2861372557913,13.449696394809857,39.210359995275596,-0.5307300481619331,0.9943497193247306,31.197875,973.307404515625,0.9996381607177243,1.3962446919730587,-2834.147463702414,4654.704350319257,3300.1479610932843,89.99288237460244,296.565051177078,77.9
2023-08-04,87.0,93.2,82.4,999.9,6.2,9.3,13.6,55.88765548080855,31.197875,121.336319,3.04,97.33103264113986,13.424970019467565,39.11362902268288,-0.5452404385406507,0.9943497193247306,31.197875,973.307404515625,0.9996381607177243,1.3962446919730587,-2834.147463702414,4654.704350319257,3300.1479610932843,89.99288237460244,296.565051177078,78.1
2023-08-05,88.0,95.0,82.4,999.9,6.2,5.5,11.7,-697.6479899513913,31.197875,121.336319,3.04,98.26578166807957,13.399879318374486,39.01454548885,-0.5595892624101763,0.9943497193247306,31.197875,973.307404515625,0.9996381607177243,1.3962446919730587,-2834.147463702414,4654.704350319257,3300.1479610932843,89.99288237460244,296.565051177078,78.1
2023-08-06,89.5,96.8,82.4,999.9,6.2,5.7,9.7,129.28277436512582,31.197875,121.336319,3.04,99.75099125926629,13.374434582247993,38.913101545613834,-0.5737722679043243,0.9943497193247306,31.197875,973.307404515625,0.9996381607177243,1.3962446919730587,-2834.147463702414,4654.704350319257,3300.1479610932843,89.99288237460244,296.565051177078,77.9
2023-08-07,87.1,95.0,80.6,999.9,6.2,8.4,13.6,173.92257106326707,31.197875,121.336319,3.04,96.88892241199363,13.34864602691072,38.809290084081184,-0.5877852522924734,0.9943497193247306,31.197875,973.307404515625,0.9996381607177243,1.3962446919730587,-2834.147463702414,4654.704350319257,3300.1479610932843,89.99288237460244,296.565051177078,76.8
2023-08-08,85.8,95.0,78.8,999.9,6.2,8.3,11.7,346.0407569868515,31.197875,121.336319,3.04,95.2560450630115,13.322523785036573,38.70310479074503,-0.6016240632249227,0.9943497193247306,31.197875,973.307404515625,0.9996381607177243,1.3962446919730587,-2834.147463702414,4654.704350319257,3300.1479610932843,89.99288237460244,296.565051177078,75.0
2023-08-09,87.0,95.0,80.6,999.9,6.1,9.3,15.5,27.2,31.197875,121.336319,3.04,96.39656476420305,13.296077898510767,38.59454020353302,-0.6152845999633277,0.9943497193247306,31.197875,973.307404515625,0.9996381607177243,1.3962446919730587,-2834.147463702414,4654.704350319257,3300.1479610932843,89.99288237460244,296.565051177078,77.8
2023-08-10,88.4,96.8,82.4,999.9,6.1,7.0,11.7,400.5270629033738,31.197875,121.336319,3.04,97.75064489399725,13.26931831140234,38.48359176766985,-0.6287628145958345,0.9943497193247306,31.197875,973.307404515625,0.9996381607177243,1.3962446919730587,-2834.147463702414,4654.704350319257,3300.1479610932843,89.99288237460244,296.565051177078,75.1
2023-08-11,89.7,96.8,82.4,999.9,5.9,5.7,11.7,17.5,31.197875,121.336319,3.04,98.9858551050049,13.242254863545805,38.370255891234315,-0.6420547132365636,0.9943497193247306,31.197875,973.307404515625,0.9996381607177243,1.3962446919730587,-2834.147463702414,4654.704350319257,3300.1479610932843,89.99288237460244,296.565051177078,76.6
2023-08-12,89.7,98.6,82.4,999.9,6.2,7.6,11.7,19.4,31.197875,121.336319,3.04,98.78135720333124,13.214897284726586,38.2545300002897,-0.655156357209085,0.9943497193247306,31.197875,973.307404515625,0.9996381607177243,1.3962446919730587,-2834.147463702414,4654.704350319257,3300.1479610932843,89.99288237460244,296.565051177078,77.5
2023-08-13,90.4,98.6,84.2,999.9,6.2,5.3,9.7,414.9229809627808,31.197875,121.336319,3.04,99.34398909395686,13.1872551894633,38.13641259346484,-0.6680638642135333,0.9943497193247306,31.197875,973.307404515625,0.9996381607177243,1.3962446919730587,-2834.147463702414,4654.704350319257,3300.1479610932843,89.99288237460244,296.565051177078,77.1
2023-08-14,87.5,96.8,80.6,999.9,6.2,6.8,9.7,17.5,31.197875,121.336319,3.04,95.95350677775825,13.159338072378276,38.01590329586241,-0.6807734094770159,0.9943497193247306,31.197875,973.307404515625,0.9996381607177243,1.3962446919730587,-2834.147463702414,4654.704350319257,3300.1479610932843,89.99288237460244,296.565051177078,77.7
2023-08-15,85.8,91.4,80.6,999.9,6.2,4.9,9.7,243.438301670928,31.197875,121.336319,3.04,93.88776042464664,13.131155304146384,37.8930029121704,-0.6932812268869771,0.9943497193247306,31.197875,973.307404515625,0.9996381607177243,1.3962446919730587,-2834.147463702414,4654.704350319257,3300.1479610932843,89.99288237460244,296.565051177078,75.0
2023-08-16,85.3,93.2,78.8,999.9,6.1,5.3,13.6,-401.12106195008914,31.197875,121.336319,3.04,93.13847380994375,13.102716128010844,37.7677134788525,-0.7055836101071774,0.9943497193247306,31.197875,973.307404515625,0.9996381607177243,1.3962446919730587,-2834.147463702414,4654.704350319257,3300.1479610932843,89.99288237460244,296.565051177078,76.6
2023-08-17,80.4,93.2,73.4,999.9,6.0,4.0,17.5,29.1,31.197875,121.336319,3.04,87.59599870091945,13.07402965685365,37.64003831529362,-0.7176769136759615,0.9943497193247306,31.197875,973.307404515625,0.9996381607177243,1.3962446919730587,-2834.147463702414,4654.704350319257,3300.1479610932843,89.99288237460244,296.565051177078,74.4
2023-08-18,85.4,91.4,80.6,999.9,6.2,5.9,11.7,-111.09206210898199,31.197875,121.336319,3.04,92.83766299724425,13.045104870807155,37.50998207377679,-0.7295575540864876,0.9943497193247306,31.197875,973.307404515625,0.9996381607177243,1.3962446919730587,-2834.147463702414,4654.704350319257,3300.1479610932843,89.99288237460244,296.565051177078,74.7
2023-08-19,86.4,95.0,82.4,999.9,6.2,8.1,13.6,428.85989835290195,31.197875,121.336319,3.04,93.7148444308258,13.015950615392471,37.37755078816934,-0.7412220108485957,0.9943497193247306,31.197875,973.307404515625,0.9996381607177243,1.3962446919730587,-2834.147463702414,4654.704350319257,3300.1479610932843,89.99288237460244,296.565051177078,75.7
2023-08-20,87.6,93.2,82.4,999.9,6.2,9.1,13.6,923.681022094662,31.197875,121.336319,3.04,94.80200188123847,12.986575600169655,37.24275192119704,-0.7526668275320083,0.9943497193247306,31.197875,973.307404515625,0.9996381607177243,1.3962446919730587,-2834.147463702414,4654.704350319257,3300.1479610932843,89.99288237460244,296.565051177078,77.1
2023-08-21,88.8,96.8,82.4,999.9,6.2,7.4,9.7,17.5,31.197875,121.336319,3.04,95.88171414434056,12.95698839788386,37.10559441018709,-0.7638886127905429,0.9943497193247306,31.197875,973.307404515625,0.9996381607177243,1.3962446919730587,-2834.147463702414,4654.704350319257,3300.1479610932843,89.99288237460244,296.565051177078,76.9
2023-08-22,83.0,93.2,78.8,999.9,5.9,5.0,13.6,-738.0034099297894,31.197875,121.336319,3.04,89.41311565496457,12.927197444091263,36.9660887111625,-0.7748840413670406,0.9943497193247306,31.197875,973.307404515625,0.9996381607177243,1.3962446919730587,-2834.147463702414,4654.704350319257,3300.1479610932843,89.99288237460244,296.565051177078,76.1
2023-08-23,82.9,89.6,77.0,999.9,5.9,5.2,15.5,23.3,31.197875,121.336319,3.04,89.09823291565476,12.897211037247974,36.82424684117339,-0.7856498550787144,0.9943497193247306,31.197875,973.307404515625,0.9996381607177243,1.3962446919730587,-2834.147463702414,4654.704350319257,3300.1479610932843,89.99288237460244,296.565051177078,74.6
2023-08-24,86.5,95.0,80.6,999.9,6.2,4.6,7.8,62.015894222991164,31.197875,121.336319,3.04,92.74989415372383,12.867037339244925,36.68008241875292,-0.7961828637826154,0.9943497193247306,31.197875,973.307404515625,0.9996381607177243,1.3962446919730587,-2834.147463702414,4654.704350319257,3300.1479610932843,89.99288237460244,296.565051177078,72.9
2023-08-25,85.3,93.2,80.6,999.9,6.2,5.8,9.7,-246.19426126068868,31.197875,121.336319,3.04,91.2474314420403,12.836684376371435,36.53361070238958,-0.8064799463209447,0.9943497193247306,31.197875,973.307404515625,0.9996381607177243,1.3962446919730587,-2834.147463702414,4654.704350319257,3300.1479610932843,89.99288237460244,296.565051177078,71.1
2023-08-26,85.7,93.2,82.4,999.9,6.2,8.0,11.7,15.5,31.197875,121.336319,3.04,91.45732629059414,12.80616004068996,36.3848486269103,-0.8165380514459157,0.9943497193247306,31.197875,973.307404515625,0.9996381607177243,1.3962446919730587,-2834.147463702414,4654.704350319257,3300.1479610932843,89.99288237460244,296.565051177078,75.1
2023-08-27,85.9,91.4,82.4,999.9,6.2,11.7,15.5,-381.3616929619293,31.197875,121.336319,3.04,91.45108772383392,12.775472091804506,36.233814837673194,-0.8263541987239094,0.9943497193247306,31.197875,973.307404515625,0.9996381607177243,1.3962446919730587,-2834.147463702414,4654.704350319257,3300.1479610932843,89.99288237460244,296.565051177078,76.4
2023-08-28,80.3,91.4,73.4,999.9,5.9,9.1,13.6,28.624487336568258,31.197875,121.336319,3.04,85.28280343067618,12.74462815900516,36.08052972247284,-0.8359254794186365,0.9943497193247306,31.197875,973.307404515625,0.9996381607177243,1.3962446919730587,-2834.147463702414,4654.704350319257,3300.1479610932843,89.99288237460244,296.565051177078,74.3
2023-08-29,74.3,75.2,73.4,999.9,5.3,5.7,9.7,161.31447992903918,31.197875,121.336319,3.04,78.71859464684968,12.713635743771148,35.925015441065426,-0.8452490573530634,0.9943497193247306,31.197875,973.307404515625,0.9996381607177243,1.3962446919730587,-2834.147463702414,4654.704350319257,3300.1479610932843,89.99288237460244,296.565051177078,72.3
2023-08-30,70.4,73.4,68.0,999.9,5.1,6.7,15.5,-1230.8177514547806,31.197875,121.336319,3.04,74.40401303934183,12.682502222615085,35.767295952225886,-0.8543221697498269,0.9943497193247306,31.197875,973.307404515625,0.9996381607177243,1.3962446919730587,-2834.147463702414,4654.704350319257,3300.1479610932843,89.99288237460244,296.565051177078,68.0
2023-08-31,76.3,82.4,69.8,999.9,5.7,6.3,11.7,434.30862874405807,31.197875,121.336319,3.04,80.44076825617996,12.65123485025111,35.60739703825439,-0.8631421280499115,0.9943497193247306,31.197875,973.307404515625,0.9996381607177243,1.3962446919730587,-2834.147463702414,4654.704350319257,3300.1479610932843,89.99288237460244,296.565051177078,68.5
2023-09-01,79.5,86.0,73.4,999.9,6.2,9.6,13.6,512.9296996467616,31.197875,121.336319,3.04,83.60644505533762,12.619840763069828,35.445346326854505,-0.8717063187093217,0.9943497193247306,31.197875,973.307404515625,0.9996381607177243,1.3962446919730587,-2834.147463702414,4654.704350319257,3300.1479610932843,89.99288237460244,296.565051177078,68.5
2023-09-02,81.2,87.8,77.0,999.9,6.2,9.1,11.7,995.8600705658082,31.197875,121.336319,3.04,85.18101258431214,12.588326982903274,35.28117331031157,-0.8800122039735356,0.9943497193247306,31.197875,973.307404515625,0.9996381607177243,1.3962446919730587,-2834.147463702414,4654.704350319257,3300.1479610932843,89.99288237460244,296.565051177078,69.7
2023-09-03,79.1,86.0,75.2,999.9,5.9,4.1,11.7,-471.7351240609362,31.197875,121.336319,3.04,82.76958360884191,12.556700421063251,35.11490936190484,-0.888057322629493,0.9943497193247306,31.197875,973.307404515625,0.9996381607177243,1.3962446919730587,-2834.147463702414,4654.704350319257,3300.1479610932843,89.99288237460244,296.565051177078,74.2
2023-09-04,84.6,91.4,80.6,999.9,6.2,6.1,11.7,147.43500678603266,31.197875,121.336319,3.04,88.30102357258963,12.524967882636828,34.94658774949393,-0.8958392907349089,0.9943497193247306,31.197875,973.307404515625,0.9996381607177243,1.3962446919730587,-2834.147463702414,4654.704350319257,3300.1479610932843,89.99288237460244,296.565051177078,75.0
2023-09-05,82.7,89.6,77.0,999.9,6.2,6.4,11.7,-80.34347892502706,31.197875,121.336319,3.04,86.09852942279997,12.493136071022969,34.77624364622525,-0.9033558023246842,0.9943497193247306,31.197875,973.307404515625,0.9996381607177243,1.3962446919730587,-2834.147463702414,4654.704350319257,3300.1479610932843,89.99288237460244,296.565051177078,73.9
2023-09-06,82.9,89.6,75.2,999.9,6.0,7.5,11.7,-209.88273762698873,31.197875,121.336319,3.04,86.0862034195323,12.461211592694664,34.60391413831158,-0.9106046300942162,0.9943497193247306,31.197875,973.307404515625,0.9996381607177243,1.3962446919730587,-2834.147463702414,4654.704350319257,3300.1479610932843,89.99288237460244,296.565051177078,72.7
2023-09-07,82.7,91.4,75.2,999.9,6.2,5.5,9.7,105.28547256048529,31.197875,121.336319,3.04,85.65790996429668,12.429200962171222,34.42963822984389,-0.9175836260593934,0.9943497193247306,31.197875,973.307404515625,0.9996381607177243,1.3962446919730587,-2834.147463702414,4654.704350319257,3300.1479610932843,89.99288237460244,296.565051177078,72.1
2023-09-08,82.4,89.6,73.4,999.9,6.2,4.7,9.7,436.0872521084949,31.197875,121.336319,3.04,85.12682616934222,12.39711060718576,34.25345684460121,-0.9242907221930934,0.9943497193247306,31.197875,973.307404515625,0.9996381607177243,1.3962446919730587,-2834.147463702414,4654.704350319257,3300.1479610932843,89.99288237460244,296.565051177078,67.8
2023-09-09,81.5,91.4,75.2,999.9,6.2,6.0,11.7,-1052.874174810095,31.197875,121.336319,3.04,83.97859751947546,12.364946874033198,34.07541282483168,-0.9307239310379793,0.9943497193247306,31.197875,973.307404515625,0.9996381607177243,1.3962446919730587,-2834.147463702414,4654.704350319257,3300.1479610932843,89.99288237460244,296.565051177078,67.4
2023-09-10,83.5,91.4,78.8,999.9,6.2,5.7,9.7,1022.036559201638,31.197875,121.336319,3.04,85.81514906354609,12.332716033084468,33.89555092698427,-0.9368813462954315,0.9943497193247306,31.197875,973.307404515625,0.9996381607177243,1.3962446919730587,-2834.147463702414,4654.704350319257,3300.1479610932843,89.99288237460244,296.565051177078,68.1
2023-09-11,82.2,93.2,77.0,999.9,6.0,5.1,13.6,492.0435193813168,31.197875,121.336319,3.04,84.25790634850264,12.30042428445294,33.71391781437797,-0.9427611433904206,0.9943497193247306,31.197875,973.307404515625,0.9996381607177243,1.3962446919730587,-2834.147463702414,4654.704350319257,3300.1479610932843,89.99288237460244,296.565051177078,73.8
2023-09-12,81.1,87.8,75.2,999.9,6.0,7.4,11.7,21.4,31.197875,121.336319,3.04,82.91175888701076,12.268077763799374,33.5305620468025,-0.9483615800121716,0.9943497193247306,31.197875,973.307404515625,0.9996381607177243,1.3962446919730587,-2834.147463702414,4654.704350319257,3300.1479610932843,89.99288237460244,296.565051177078,73.0
2023-09-13,77.1,82.4,73.4,999.9,5.7,7.9,15.5,387.889098370759,31.197875,121.336319,3.04,78.6142603725833,12.235682548261995,33.34553406705117,-0.9536809966304455,0.9943497193247306,31.197875,973.307404515625,0.9996381607177243,1.3962446919730587,-2834.147463702414,4654.704350319257,3300.1479610932843,89.99288237460244,296.565051177078,72.9
2023-09-14,76.3,78.8,75.2,999.9,5.7,5.2,7.8,394.324654135529,31.197875,121.336319,3.04,77.59229731238734,12.203244662498665,33.15888618439429,-0.9587178169872964,0.9943497193247306,31.197875,973.307404515625,0.9996381607177243,1.3962446919730587,-2834.147463702414,4654.704350319257,3300.1479610932843,89.99288237460244,296.565051177078,73.6
2023-09-15,77.6,82.4,75.2,999.9,5.2,4.5,9.7,-135.00409239856214,31.197875,121.336319,3.04,78.70431321522233,12.170770084828197,32.97067255500813,-0.9634705485641486,0.9943497193247306,31.197875,973.307404515625,0.9996381607177243,1.3962446919730587,-2834.147463702414,4654.704350319257,3300.1479610932843,89.99288237460244,296.565051177078,74.8
2023-09-16,76.7,80.6,73.4,999.9,5.9,3.5,7.8,379.3531816250844,31.197875,121.336319,3.04,77.58374221585443,12.138264753458321,32.78094915938175,-0.9679377830240642,0.9943497193247306,31.197875,973.307404515625,0.9996381607177243,1.3962446919730587,-2834.147463702414,4654.704350319257,3300.1479610932843,89.99288237460244,296.565051177078,73.0
2023-09-17,82.6,91.4,77.0,999.9,4.9,5.1,7.8,15.5,31.197875,121.336319,3.04,83.32780630935649,12.105734572787869,32.589773776731306,-0.9721181966290612,0.9943497193247306,31.197875,973.307404515625,0.9996381607177243,1.3962446919730587,-2834.147463702414,4654.704350319257,3300.1479610932843,89.99288237460244,296.565051177078,72.6
2023-09-18,85.3,93.2,80.6,999.9,6.0,7.3,11.7,-135.76119832862594,31.197875,121.336319,3.04,85.82022635887193,12.073185419770965,32.39720595645791,-0.9760105506323682,0.9943497193247306,31.197875,973.307404515625,0.9996381607177243,1.3962446919730587,-2834.147463702414,4654.704350319257,3300.1479610932843,89.99288237460244,296.565051177078,76.0
2023-09-19,89.2,95.0,82.4,999.9,6.2,9.7,13.6,706.4066121824352,31.197875,121.336319,3.04,89.50196541746227,12.040623150331246,32.20330698669245,-0.9796136916454901,0.9943497193247306,31.197875,973.307404515625,0.9996381607177243,1.3962446919730587,-2834.147463702414,4654.704350319257,3300.1479610932843,89.99288237460244,296.565051177078,75.5
2023-09-20,78.2,87.8,71.6,999.9,6.2,8.1,13.6,17.5,31.197875,121.336319,3.04,78.25248266455569,12.00805360581417,32.00813985997743,-0.9829265519799822,0.9943497193247306,31.197875,973.307404515625,0.9996381607177243,1.3962446919730587,-2834.147463702414,4654.704350319257,3300.1479610932843,89.99288237460244,296.565051177078,72.1
2023-09-21,71.6,75.2,68.0,999.9,6.1,5.8,11.7,-478.47297628803767,31.197875,121.336319,3.04,71.4537129628114,11.975482619465597,31.811769236142535,-0.9859481499638303,0.9943497193247306,31.197875,973.307404515625,0.9996381607177243,1.3962446919730587,-2834.147463702414,4654.704350319257,3300.1479610932843,89.99288237460244,296.565051177078,66.7
2023-09-22,69.5,71.6,66.2,999.9,5.9,4.5,9.7,-276.9320103048552,31.197875,121.336319,3.04,69.16938863277393,11.942916022924996,31.61426140243723,-0.9886775902323404,0.9943497193247306,31.197875,973.307404515625,0.9996381607177243,1.3962446919730587,-2834.147463702414,4654.704350319257,3300.1479610932843,89.99288237460244,296.565051177078,65.8
2023-09-23,69.1,71.6,66.2,999.9,5.1,5.6,9.7,85.90066186304605,31.197875,121.336319,3.04,68.5838210002546,11.910359652721494,31.415684230989896,-0.9911140639934546,0.9943497193247306,31.197875,973.307404515625,0.9996381607177243,1.3962446919730587,-2834.147463702414,4654.704350319257,3300.1479610932843,89.99288237460244,296.565051177078,66.4
2023-09-24,75.2,78.8,71.6,999.9,5.6,3.1,7.8,-238.15353951700388,31.197875,121.336319,3.04,74.43433463570327,11.87781935676116,31.21610713366949,-0.9932568492674143,0.9943497193247306,31.197875,973.307404515625,0.9996381607177243,1.3962446919730587,-2834.147463702414,4654.704350319257,3300.1479610932843,89.99288237460244,296.565051177078,71.8
2023-09-25,80.3,86.0,75.2,999.9,5.4,4.2,7.8,-88.36284560541657,31.197875,121.336319,3.04,79.26480586364504,11.845301000793778,31.01560101443133,-0.9951053111006974,0.9943497193247306,31.197875,973.307404515625,0.9996381607177243,1.3962446919730587,-2834.147463702414,4654.704350319257,3300.1479610932843,89.99288237460244,296.565051177078,73.4
2023-09-26,80.4,86.0,75.2,999.9,5.3,4.6,7.8,4.111697760351623,31.197875,121.336319,3.04,79.14583018147744,11.812810474847376,30.81423821923451,-0.99665890175417,0.9943497193247306,31.197875,973.307404515625,0.9996381607177243,1.3962446919730587,-2834.147463702414,4654.704350319257,3300.1479610932843,89.99288237460244,296.565051177078,72.5
2023-09-27,81.4,87.8,77.0,999.9,5.8,4.2,7.8,585.7728769740183,31.197875,121.336319,3.04,79.91006592907995,11.780353699618665,30.612092483624263,-0.9979171608653922,0.9943497193247306,31.197875,973.307404515625,0.9996381607177243,1.3962446919730587,-2834.147463702414,4654.704350319257,3300.1479610932843,89.99288237460244,296.565051177078,73.4
2023-09-28,80.8,86.0,77.0,999.9,5.3,5.7,9.7,47.812763031825725,31.197875,121.336319,3.04,79.10277332756968,11.747936632807379,30.409238878077268,-0.9988797155850335,0.9943497193247306,31.197875,973.307404515625,0.9996381607177243,1.3962446919730587,-2834.147463702414,4654.704350319257,3300.1479610932843,89.99288237460244,296.565051177078,72.4
2023-09-29,80.5,86.0,77.0,999.9,5.2,6.5,9.7,-172.570735571222,31.197875,121.336319,3.04,78.59191705569093,11.715565275382499,30.205753751213468,-0.9995462806873573,0.9943497193247306,31.197875,973.307404515625,0.9996381607177243,1.3962446919730587,-2834.147463702414,4654.704350319257,3300.1479610932843,89.99288237460244,296.565051177078,73.6
2023-09-30,72.7,77.0,68.0,999.9,6.0,7.6,11.7,-347.13016391817416,31.197875,121.336319,3.04,70.78099673114428,11.68324567776797,30.00171467098231,-0.9999166586547379,0.9943497193247306,31.197875,973.307404515625,0.9996381607177243,1.3962446919730587,-2834.147463702414,4654.704350319257,3300.1479610932843,89.99288237460244,296.565051177078,67.4
2023-10-01,72.7,80.6,64.4,999.9,6.2,7.3,11.7,-105.14963050011423,31.197875,121.336319,3.04,70.58554440579252,11.65098394593549,29.79720036393609,-0.9999907397361901,0.9943497193247306,31.197875,973.307404515625,0.9996381607177243,1.3962446919730587,-2834.147463702414,4654.704350319257,3300.1479610932843,89.99288237460244,296.565051177078,59.6
2023-10-02,75.1,78.8,71.6,999.9,6.2,6.1,11.7,40.266417394984636,31.197875,121.336319,3.04,72.71423726492603,11.618786247391643,29.592290652706886,-0.9997685019798909,0.9943497193247306,31.197875,973.307404515625,0.9996381607177243,1.3962446919730587,-2834.147463702414,4654.704350319257,3300.1479610932843,89.99288237460244,296.565051177078,56.8
2023-10-03,74.2,77.0,69.8,999.9,6.2,7.3,9.7,372.65776811023335,31.197875,121.336319,3.04,71.64417368540343,11.586658817046377,29.3870663918075,-0.9992500112396835,0.9943497193247306,31.197875,973.307404515625,0.9996381607177243,1.3962446919730587,-2834.147463702414,4654.704350319257,3300.1479610932843,89.99288237460244,296.565051177078,62.6
2023-10-04,73.0,78.8,68.0,999.9,6.2,7.9,15.5,-604.888273506473,31.197875,121.336319,3.04,70.29053177461024,11.554607962949628,29.181609401880635,-0.9984354211555643,0.9943497193247306,31.197875,973.307404515625,0.9996381607177243,1.3962446919730587,-2834.147463702414,4654.704350319257,3300.1479610932843,89.99288237460244,296.565051177078,62.8
2023-10-05,71.1,77.0,68.0,999.9,6.2,11.3,17.5,27.2,31.197875,121.336319,3.04,68.27164242590405,11.52264007188254,28.976002402523026,-0.9973249731081555,0.9943497193247306,31.197875,973.307404515625,0.9996381607177243,1.3962446919730587,-2834.147463702414,4654.704350319257,3300.1479610932843,89.99288237460244,296.565051177078,53.4
2023-10-06,72.3,75.2,69.8,999.9,6.2,8.2,11.7,-392.92153490829213,31.197875,121.336319,3.04,69.23183872910616,11.490761614789404,28.77032894381469,-0.9959189961471792,0.9943497193247306,31.197875,973.307404515625,0.9996381607177243,1.3962446919730587,-2834.147463702414,4654.704350319257,3300.1479610932843,89.99288237460244,296.565051177078,57.7
2023-10-07,66.2,73.4,62.6,999.9,6.1,9.8,17.5,-139.15514345842044,31.197875,121.336319,3.04,63.21536832206664,11.458979152036248,28.564673336685654,-0.994217906893952,0.9943497193247306,31.197875,973.307404515625,0.9996381607177243,1.3962446919730587,-2834.147463702414,4654.704350319257,3300.1479610932843,89.99288237460244,296.565051177078,58.7
2023-10-08,67.7,73.4,64.4,999.9,6.2,7.6,11.7,-173.45971542917613,31.197875,121.336319,3.04,64.46901376793309,11.427299338481493,28.359120582254388,-0.9922222094179324,0.9943497193247306,31.197875,973.307404515625,0.9996381607177243,1.3962446919730587,-2834.147463702414,4654.704350319257,3300.1479610932843,89.99288237460244,296.565051177078,58.7
2023-10-09,69.4,75.2,64.4,999.9,6.1,7.0,13.6,-126.50233396438642,31.197875,121.336319,3.04,65.90529896892232,11.395728928343917,28.153756300274495,-0.989932495087353,0.9943497193247306,31.197875,973.307404515625,0.9996381607177243,1.3962446919730587,-2834.147463702414,4654.704350319257,3300.1479610932843,89.99288237460244,296.565051177078,59.9
2023-10-10,69.3,75.2,62.6,999.9,6.2,6.8,9.7,456.3304066846673,31.197875,121.336319,3.04,65.62868685364951,11.36427477985273,27.948666656826884,-0.9873494423939864,0.9943497193247306,31.197875,973.307404515625,0.9996381607177243,1.3962446919730587,-2834.147463702414,4654.704350319257,3300.1479610932843,89.99288237460244,296.565051177078,56.4
2023-10-11,69.0,77.0,60.8,999.9,6.2,6.3,9.7,-228.7016906326476,31.197875,121.336319,3.04,65.16442719306967,11.33294385966429,27.743938291396063,-0.9844738167520923,0.9943497193247306,31.197875,973.307404515625,0.9996381607177243,1.3962446919730587,-2834.147463702414,4654.704350319257,3300.1479610932843,89.99288237460244,296.565051177078,55.9
2023-10-12,68.7,75.2,62.6,999.9,5.6,6.0,11.7,17.5,31.197875,121.336319,3.04,64.70248008924473,11.301743247029647,27.539658243469958,-0.9813064702716093,0.9943497193247306,31.197875,973.307404515625,0.9996381607177243,1.3962446919730587,-2834.147463702414,4654.704350319257,3300.1479610932843,89.99288237460244,296.565051177078,62.2
2023-10-13,62.9,64.4,59.0,999.9,4.5,3.7,9.7,19.242176884643563,31.197875,121.336319,3.04,59.077148388427034,11.270680137696733,27.33591387880204,-0.9778483415056567,0.9943497193247306,31.197875,973.307404515625,0.9996381607177243,1.3962446919730587,-2834.147463702414,4654.704350319257,3300.1479610932843,89.99288237460244,296.565051177078,59.8
2023-10-14,67.9,75.2,60.8,999.9,5.4,5.1,9.7,185.9222925551748,31.197875,121.336319,3.04,63.59831912061185,11.239761847530811,27.13279281547572,-0.9741004551724206,0.9943497193247306,31.197875,973.307404515625,0.9996381607177243,1.3962446919730587,-2834.147463702414,4654.704350319257,3300.1479610932843,89.99288237460244,296.565051177078,57.6
2023-10-15,69.2,80.6,59.0,999.9,5.3,4.3,13.6,19.4,31.197875,121.336319,3.04,64.63854253799035,11.208995815836477,26.930382849909172,-0.970063921851507,0.9943497193247306,31.197875,973.307404515625,0.9996381607177243,1.3962446919730587,-2834.147463702414,4654.704350319257,3300.1479610932843,89.99288237460244,296.565051177078,58.7
2023-10-16,70.6,80.6,60.8,999.9,5.0,3.5,7.8,-379.1734271173601,31.197875,121.336319,3.04,65.76619219587599,11.178389608364192,26.72877188293845,-0.965739937654855,0.9943497193247306,31.197875,973.307404515625,0.9996381607177243,1.3962446919730587,-2834.147463702414,4654.704350319257,3300.1479610932843,89.99288237460244,296.565051177078,54.5
2023-10-17,70.8,80.6,62.6,999.9,5.5,4.5,9.7,327.1389120682241,31.197875,121.336319,3.04,65.77291042790712,11.147950919984257,26.528047846115758,-0.9611297838723007,0.9943497193247306,31.197875,973.307404515625,0.9996381607177243,1.3962446919730587,-2834.147463702414,4654.704350319257,3300.1479610932843,89.99288237460244,296.565051177078,58.0
2023-10-18,71.7,80.6,64.4,999.9,5.7,6.3,11.7,82.21129260198728,31.197875,121.336319,3.04,66.4281832726397,11.117687577010827,26.328298628357206,-0.9562348265919058,0.9943497193247306,31.197875,973.307404515625,0.9996381607177243,1.3962446919730587,-2834.147463702414,4654.704350319257,3300.1479610932843,89.99288237460244,296.565051177078,58.8
2023-10-19,73.2,86.0,60.8,999.9,5.7,7.3,23.3,33.0,31.197875,121.336319,3.04,67.63440598886685,11.087607539158498,26.129612003073298,-0.9510565162951536,0.9943497193247306,31.197875,973.307404515625,0.9996381607177243,1.3962446919730587,-2834.147463702414,4654.704350319257,3300.1479610932843,89.99288237460244,296.565051177078,60.2
2023-10-20,62.4,71.6,55.4,999.9,6.1,9.3,15.5,-48.902631827229555,31.197875,121.336319,3.04,57.50013828579253,11.057718901113947,25.93207555591226,-0.9455963874271428,0.9943497193247306,31.197875,973.307404515625,0.9996381607177243,1.3962446919730587,-2834.147463702414,4654.704350319257,3300.1479610932843,89.99288237460244,296.565051177078,49.4
2023-10-21,65.3,73.4,57.2,999.9,6.2,3.3,9.7,487.406371990983,31.197875,121.336319,3.04,60.01086267157816,11.028029893705023,25.735776613244,-0.9398560579418953,0.9943497193247306,31.197875,973.307404515625,0.9996381607177243,1.3962446919730587,-2834.147463702414,4654.704350319257,3300.1479610932843,89.99288237460244,296.565051177078,46.1
2023-10-22,67.0,73.4,60.8,999.9,6.2,5.1,9.7,-357.1399925006327,31.197875,121.336319,3.04,61.408564605961296,10.998548884649784,25.540802171509323,-0.9338372288229252,0.9943497193247306,31.197875,973.307404515625,0.9996381607177243,1.3962446919730587,-2834.147463702414,4654.704350319257,3300.1479610932843,89.99288237460244,296.565051177078,54.7
2023-10-23,70.8,78.8,64.4,999.9,6.2,5.7,9.7,656.0174481295396,31.197875,121.336319,3.04,64.71877783532189,10.969284378868117,25.347238827555177,-0.9275416835791965,0.9943497193247306,31.197875,973.307404515625,0.9996381607177243,1.3962446919730587,-2834.147463702414,4654.704350319257,3300.1479610932843,89.99288237460244,296.565051177078,60.4
2023-10-24,72.5,82.4,62.6,999.9,5.8,3.5,7.8,96.52104541730986,31.197875,121.336319,3.04,66.09731365246317,10.940245018338732,25.1551727100736,-0.9209712877166347,0.9943497193247306,31.197875,973.307404515625,0.9996381607177243,1.3962446919730587,-2834.147463702414,4654.704350319257,3300.1479610932843,89.99288237460244,296.565051177078,61.4
2023-10-25,73.5,80.6,66.2,999.9,5.0,3.3,7.8,163.0511642467038,31.197875,121.336319,3.04,66.83256743659334,10.911439581484625,24.96468941225715,-0.9141279881853337,0.9943497193247306,31.197875,973.307404515625,0.9996381607177243,1.3962446919730587,-2834.147463702414,4654.704350319257,3300.1479610932843,89.99288237460244,296.565051177078,62.8
2023-10-26,73.6,82.4,64.4,999.9,5.7,3.4,7.8,632.2639250349511,31.197875,121.336319,3.04,66.74831215669931,10.882876982070542,24.775873925779663,-0.9070138128026362,0.9943497193247306,31.197875,973.307404515625,0.9996381607177243,1.3962446919730587,-2834.147463702414,4654.704350319257,3300.1479610932843,89.99288237460244,296.565051177078,59.4
2023-10-27,68.9,77.0,60.8,999.9,5.5,5.3,9.7,503.14194463109357,31.197875,121.336319,3.04,62.32330131978262,10.854566267596391,24.588810576206342,-0.8996308696522434,0.9943497193247306,31.197875,973.307404515625,0.9996381607177243,1.3962446919730587,-2834.147463702414,4654.704350319257,3300.1479610932843,89.99288237460244,296.565051177078,54.3
2023-10-28,68.6,77.0,60.8,999.9,6.2,4.6,9.7,154.48785782550965,31.197875,121.336319,3.04,61.891586661495325,10.826516617171194,24.40358295993177,-0.8919813464595487,0.9943497193247306,31.197875,973.307404515625,0.9996381607177243,1.3962446919730587,-2834.147463702414,4654.704350319257,3300.1479610932843,89.99288237460244,296.565051177078,51.6
2023-10-29,69.4,77.0,60.8,999.9,6.2,5.6,9.7,384.22053439990583,31.197875,121.336319,3.04,62.452697609699044,10.79873733885286,24.220273882739605,-0.8840675099433637,0.9943497193247306,31.197875,973.307404515625,0.9996381607177243,1.3962446919730587,-2834.147463702414,4654.704350319257,3300.1479610932843,89.99288237460244,296.565051177078,55.6
2023-10-30,70.9,78.8,62.6,999.9,6.2,4.9,9.7,-73.80865219893403,31.197875,121.336319,3.04,63.64006372754899,10.771237866439884,24.03896530007163,-0.8758917051442433,0.9943497193247306,31.197875,973.307404515625,0.9996381607177243,1.3962446919730587,-2834.147463702414,4654.704350319257,3300.1479610932843,89.99288237460244,296.565051177078,58.9
2023-10-31,71.5,80.6,62.6,999.9,6.2,6.2,7.8,77.92751165622379,31.197875,121.336319,3.04,64.01649871105796,10.744027755702035,23.85973825908817,-0.8674563547295971,0.9943497193247306,31.197875,973.307404515625,0.9996381607177243,1.3962446919730587,-2834.147463702414,4654.704350319257,3300.1479610932843,89.99288237460244,296.565051177078,60.0
2023-11-01,72.7,84.2,64.4,999.9,6.2,7.7,9.7,-810.161425291499,31.197875,121.336319,3.04,64.92786521989811,10.717116680038203,23.682672842595863,-0.858763958275803,0.9943497193247306,31.197875,973.307404515625,0.9996381607177243,1.3962446919730587,-2834.147463702414,4654.704350319257,3300.1479610932843,89.99288237460244,296.565051177078,57.1
2023-11-02,72.7,80.6,64.4,999.9,6.2,8.2,13.6,-699.5016622665405,31.197875,121.336319,3.04,64.76669989479483,10.690514425550727,23.50784811491196,-0.8498170915275277,0.9943497193247306,31.197875,973.307404515625,0.9996381607177243,1.3962446919730587,-2834.147463702414,4654.704350319257,3300.1479610932843,89.99288237460244,296.565051177078,59.8
2023-11-03,75.8,86.0,69.8,999.9,6.0,4.5,7.8,15.5,31.197875,121.336319,3.04,67.36239176024537,10.664230885526973,23.335342069728377,-0.8406184056344783,0.9943497193247306,31.197875,973.307404515625,0.9996381607177243,1.3962446919730587,-2834.147463702414,4654.704350319257,3300.1479610932843,89.99288237460244,296.565051177078,62.2
2023-11-04,75.3,80.6,69.8,999.9,6.1,8.0,11.7,17.5,31.197875,121.336319,3.04,66.75518224086002,10.638276054320322,23.165231580031374,-0.8311706263658079,0.9943497193247306,31.197875,973.307404515625,0.9996381607177243,1.3962446919730587,-2834.147463702414,4654.704350319257,3300.1479610932843,89.99288237460244,296.565051177078,68.6
2023-11-05,73.9,86.0,60.8,999.9,6.1,13.4,17.5,25.3,31.197875,121.336319,3.04,65.35629796034574,10.612660020624476,22.99759235012612,-0.8214765533024145,0.9943497193247306,31.197875,973.307404515625,0.9996381607177243,1.3962446919730587,-2834.147463702414,4654.704350319257,3300.1479610932843,89.99288237460244,296.565051177078,63.6
2023-11-06,59.6,66.2,50.0,999.9,6.2,9.8,15.5,23.3,31.197875,121.336319,3.04,52.584051702012204,10.587392960136684,22.832498869808262,-0.8115390590073611,0.9943497193247306,31.197875,973.307404515625,0.9996381607177243,1.3962446919730587,-2834.147463702414,4654.704350319257,3300.1479610932843,89.99288237460244,296.565051177078,39.5
2023-11-07,60.4,68.0,55.4,999.9,6.2,5.2,9.7,527.1770588345036,31.197875,121.336319,3.04,53.16450847562412,10.56248512760744,22.670024370717268,-0.801361088174677,0.9943497193247306,31.197875,973.307404515625,0.9996381607177243,1.3962446919730587,-2834.147463702414,4654.704350319257,3300.1479610932843,89.99288237460244,296.565051177078,40.2
2023-11-08,65.2,73.4,59.0,999.9,6.2,5.9,13.6,-815.9976138937943,31.197875,121.336319,3.04,57.256177875634656,10.537946848276317,22.51024078489899,-0.7909456567567774,0.9943497193247306,31.197875,973.307404515625,0.9996381607177243,1.3962446919730587,-2834.147463702414,4654.704350319257,3300.1479610932843,89.99288237460244,296.565051177078,54.3
2023-11-09,64.5,71.6,59.0,999.9,4.4,7.6,19.4,27.2,31.197875,121.336319,3.04,56.51161323423957,10.513788508695734,22.353218705597687,-0.780295851070776,0.9943497193247306,31.197875,973.307404515625,0.9996381607177243,1.3962446919730587,-2834.147463702414,4654.704350319257,3300.1479610932843,89.99288237460244,296.565051177078,59.2
2023-11-10,57.1,59.0,55.4,999.9,6.2,11.3,17.5,19.4,31.197875,121.336319,3.04,49.91501443588867,10.490020546946832,22.199027350289686,-0.7694148268839381,0.9943497193247306,31.197875,973.307404515625,0.9996381607177243,1.3962446919730587,-2834.147463702414,4654.704350319257,3300.1479610932843,89.99288237460244,296.565051177078,46.9
2023-11-11,56.8,60.8,50.0,999.9,6.2,10.8,13.6,-492.59030911939794,31.197875,121.336319,3.04,49.54215962666943,10.466653442254106,22.047734525964092,-0.7583058084785625,0.9943497193247306,31.197875,973.307404515625,0.9996381607177243,1.3962446919730587,-2834.147463702414,4654.704350319257,3300.1479610932843,89.99288237460244,296.565051177078,47.2
2023-11-12,48.7,53.6,41.0,999.9,6.2,10.2,13.6,465.24543957792207,31.197875,121.336319,3.04,42.38400651543254,10.443697704008017,21.899406596647598,-0.7469720876965551,0.9943497193247306,31.197875,973.307404515625,0.9996381607177243,1.3962446919730587,-2834.147463702414,4654.704350319257,3300.1479610932843,89.99288237460244,296.565051177078,35.7
2023-11-13,49.7,55.4,44.6,999.9,6.2,7.9,13.6,-1617.6869252920071,31.197875,121.336319,3.04,43.16098698769274,10.421163860207502,21.754108453163663,-0.7354170229639858,0.9943497193247306,31.197875,973.307404515625,0.9996381607177243,1.3962446919730587,-2834.147463702414,4654.704350319257,3300.1479610932843,89.99288237460244,296.565051177078,34.1
2023-11-14,51.9,60.8,44.6,999.9,6.1,3.6,5.8,-298.45920871722416,31.197875,121.336319,3.04,44.97594507608306,10.399062445337123,21.611903485108144,-0.7236440382959124,0.9943497193247306,31.197875,973.307404515625,0.9996381607177243,1.3962446919730587,-2834.147463702414,4654.704350319257,3300.1479610932843,89.99288237460244,296.565051177078,36.8
2023-11-15,56.7,62.6,48.2,999.9,5.1,4.5,11.7,132.86057173399138,31.197875,121.336319,3.04,49.03323384186582,10.37740398769647,21.4728535550164,-0.711656622281775,0.9943497193247306,31.197875,973.307404515625,0.9996381607177243,1.3962446919730587,-2834.147463702414,4654.704350319257,3300.1479610932843,89.99288237460244,296.565051177078,40.8
2023-11-16,51.9,57.2,44.6,999.9,5.1,9.5,19.4,29.1,31.197875,121.336319,3.04,44.79056065857542,10.35619899620241,21.337018974689844,-0.6994583270516471,0.9943497193247306,31.197875,973.307404515625,0.9996381607177243,1.3962446919730587,-2834.147463702414,4654.704350319257,3300.1479610932843,89.99288237460244,296.565051177078,37.6
2023-11-17,52.3,60.8,44.6,999.9,6.2,10.7,19.4,27.2,31.197875,121.336319,3.04,45.045370884314345,10.335457946687805,21.204458483641908,-0.6870527672236675,0.9943497193247306,31.197875,973.307404515625,0.9996381607177243,1.3962446919730587,-2834.147463702414,4654.704350319257,3300.1479610932843,89.99288237460244,296.565051177078,25.0
2023-11-18,49.1,57.2,41.0,999.9,6.2,4.7,11.7,148.0293693746962,31.197875,121.336319,3.04,42.20632427043477,10.315191267723366,21.075229229617282,-0.6744436188329457,0.9943497193247306,31.197875,973.307404515625,0.9996381607177243,1.3962446919730587,-2834.147463702414,4654.704350319257,3300.1479610932843,89.99288237460244,296.565051177078,26.3
2023-11-19,55.2,68.0,44.6,999.9,6.1,3.1,7.8,15.5,31.197875,121.336319,3.04,47.35888289956525,10.295409325992447,20.94938675113082,-0.661634618242279,0.9943497193247306,31.197875,973.307404515625,0.9996381607177243,1.3962446919730587,-2834.147463702414,4654.704350319257,3300.1479610932843,89.99288237460244,296.565051177078,36.6
2023-11-20,58.2,69.8,48.2,999.9,5.4,2.7,7.8,423.05610130370513,31.197875,121.336319,3.04,49.83919369457029,10.276122411251606,20.826984961966193,-0.6486295610349818,0.9943497193247306,31.197875,973.307404515625,0.9996381607177243,1.3962446919730587,-2834.147463702414,4654.704350319257,3300.1479610932843,89.99288237460244,296.565051177078,41.1
2023-11-21,60.6,71.6,51.8,999.9,5.5,5.3,9.7,23.697570075947784,31.197875,121.336319,3.04,51.79957064061046,10.257340720912962,20.70807613756813,-0.6354323008901775,0.9943497193247306,31.197875,973.307404515625,0.9996381607177243,1.3962446919730587,-2834.147463702414,4654.704350319257,3300.1479610932843,89.99288237460244,296.565051177078,48.9
2023-11-22,64.6,75.2,55.4,999.9,6.0,3.6,7.8,26.247254718319375,31.197875,121.336319,3.04,55.12035022007952,10.23907434428722,20.592710903255753,-0.622046748440868,0.9943497193247306,31.197875,973.307404515625,0.9996381607177243,1.3962446919730587,-2834.147463702414,4654.704350319257,3300.1479610932843,89.99288237460244,296.565051177078,48.6
2023-11-23,58.4,71.6,44.6,999.9,5.3,10.9,17.5,347.164971317295,31.197875,121.336319,3.04,49.743821799776335,10.221333246529383,20.48093822417909,-0.6084768701151264,0.9943497193247306,31.197875,973.307404515625,0.9996381607177243,1.3962446919730587,-2834.147463702414,4654.704350319257,3300.1479610932843,89.99288237460244,296.565051177078,41.9
2023-11-24,48.5,55.4,42.8,999.9,6.2,7.6,11.7,16.287184735780894,31.197875,121.336319,3.04,41.24168097817506,10.204127252331974,20.37280539693555,-0.594726686960764,0.9943497193247306,31.197875,973.307404515625,0.9996381607177243,1.3962446919730587,-2834.147463702414,4654.704350319257,3300.1479610932843,89.99288237460244,296.565051177078,33.9
2023-11-25,54.0,59.0,48.2,999.9,6.2,6.8,11.7,166.5387593112938,31.197875,121.336319,3.04,45.84359713235968,10.187466029413262,20.26835804275781,-0.5808002734538013,0.9943497193247306,31.197875,973.307404515625,0.9996381607177243,1.3962446919730587,-2834.147463702414,4654.704350319257,3300.1479610932843,89.99288237460244,296.565051177078,40.5
2023-11-26,57.9,62.6,51.8,999.9,6.0,5.4,9.7,15.5,31.197875,121.336319,3.04,49.076807521679974,10.171359071850771,20.167640102180687,-0.5667017562911184,0.9943497193247306,31.197875,973.307404515625,0.9996381607177243,1.3962446919730587,-2834.147463702414,4654.704350319257,3300.1479610932843,89.99288237460244,296.565051177078,47.2
2023-11-27,56.7,64.4,46.4,999.9,5.7,6.3,11.7,700.5077476063057,31.197875,121.336319,3.04,47.98622910365213,10.15581568331262,20.07069383108999,-0.5524353131676203,0.9943497193247306,31.197875,973.307404515625,0.9996381607177243,1.3962446919730587,-2834.147463702414,4654.704350319257,3300.1479610932843,89.99288237460244,296.565051177078,40.9
2023-11-28,55.6,62.6,51.8,999.9,5.5,6.1,9.7,-118.46856617454654,31.197875,121.336319,3.04,46.98591498245255,10.140844960241557,19.977559798052976,-0.5380051715382992,0.9943497193247306,31.197875,973.307404515625,0.9996381607177243,1.3962446919730587,-2834.147463702414,4654.704350319257,3300.1479610932843,89.99288237460244,296.565051177078,41.0
2023-11-29,58.4,71.6,44.6,999.9,6.1,12.4,19.4,-129.03102168803903,31.197875,121.336319,3.04,49.28208477190323,10.126455775048608,19.888276882827164,-0.5234156073655503,0.9943497193247306,31.197875,973.307404515625,0.9996381607177243,1.3962446919730587,-2834.147463702414,4654.704350319257,3300.1479610932843,89.99288237460244,296.565051177078,42.4
2023-11-30,45.6,51.8,37.4,999.9,6.2,11.2,13.6,-1425.518556825505,31.197875,121.336319,3.04,38.42809568562464,10.112656759374904,19.8028822759414,-0.5086709438521042,0.9943497193247306,31.197875,973.307404515625,0.9996381607177243,1.3962446919730587,-2834.147463702414,4654.704350319257,3300.1479610932843,89.99288237460244,296.565051177078,25.4
2023-12-01,42.7,50.0,35.6,999.9,6.2,6.7,15.5,177.62431963990835,31.197875,121.336319,3.04,35.93723195628955,10.099456287481841,19.721411479241485,-0.49377555015997737,0.9943497193247306,31.197875,973.307404515625,0.9996381607177243,1.3962446919730587,-2834.147463702414,4654.704350319257,3300.1479610932843,89.99288237460244,296.565051177078,18.3
2023-12-02,46.5,55.4,37.4,999.9,6.2,2.5,5.8,-1001.3283048573527,31.197875,121.336319,3.04,39.08659203184471,10.086862459830893,19.643898307291074,-0.4787338401157883,0.9943497193247306,31.197875,973.307404515625,0.9996381607177243,1.3962446919730587,-2834.147463702414,4654.704350319257,3300.1479610932843,89.99288237460244,296.565051177078,21.6
2023-12-03,47.9,57.2,39.2,999.9,6.1,2.6,5.8,16.41492688075161,31.197875,121.336319,3.04,40.215574988603215,10.07488308691521,19.5703748895178,-0.4635502709028512,0.9943497193247306,31.197875,973.307404515625,0.9996381607177243,1.3962446919730587,-2834.147463702414,4654.704350319257,3300.1479610932843,89.99288237460244,296.565051177078,30.1
2023-12-04,50.0,59.0,41.0,999.9,4.4,3.5,7.8,13.6,31.197875,121.336319,3.04,41.93135697252399,10.063525673405758,19.500871672994673,-0.4482293417404106,0.9943497193247306,31.197875,973.307404515625,0.9996381607177243,1.3962446919730587,-2834.147463702414,4654.704350319257,3300.1479610932843,89.99288237460244,296.565051177078,42.8
2023-12-05,52.2,60.8,44.6,999.9,5.3,3.4,9.7,13.6,31.197875,121.336319,3.04,43.72966870163555,10.05279740267484,19.435417425746856,-0.4327755925504317,0.9943497193247306,31.197875,973.307404515625,0.9996381607177243,1.3962446919730587,-2834.147463702414,4654.704350319257,3300.1479610932843,89.99288237460244,296.565051177078,40.9
2023-12-06,53.9,66.2,42.8,999.9,5.6,7.1,17.5,23.3,31.197875,121.336319,3.04,45.10848383857066,10.042705121759703,19.374039240475593,-0.41719360261231697,0.9943497193247306,31.197875,973.307404515625,0.9996381607177243,1.3962446919730587,-2834.147463702414,4654.704350319257,3300.1479610932843,89.99288237460244,296.565051177078,34.5
2023-12-07,56.0,68.0,48.2,999.9,6.0,7.6,13.6,480.4450700406028,31.197875,121.336319,3.04,46.82185819186541,10.033255326828302,19.31676253859204,-0.4014879892059737,0.9943497193247306,31.197875,973.307404515625,0.9996381607177243,1.3962446919730587,-2834.147463702414,4654.704350319257,3300.1479610932843,89.99288237460244,296.565051177078,39.4
2023-12-08,62.1,73.4,55.4,999.9,6.2,5.3,7.8,80.5186064951921,31.197875,121.336319,3.04,51.876550222153334,10.024454149208374,19.263611074456918,-0.38566340624360745,0.9943497193247306,31.197875,973.307404515625,0.9996381607177243,1.3962446919730587,-2834.147463702414,4654.704350319257,3300.1479610932843,89.99288237460244,296.565051177078,43.9
2023-12-09,65.1,75.2,57.2,999.9,6.1,3.1,5.8,-318.75524542493315,31.197875,121.336319,3.04,54.33846733056459,10.016307342039557,19.214606939724288,-0.3697245428906732,0.9943497193247306,31.197875,973.307404515625,0.9996381607177243,1.3962446919730587,-2834.147463702414,4654.704350319257,3300.1479610932843,89.99288237460244,296.565051177078,48.4
2023-12-10,61.8,68.0,55.4,999.9,4.0,6.0,11.7,444.81952919610325,31.197875,121.336319,3.04,51.54542437817375,10.008820267606554,19.169770567691735,-0.3536761221763721,0.9943497193247306,31.197875,973.307404515625,0.9996381607177243,1.3962446919730587,-2834.147463702414,4654.704350319257,3300.1479610932843,89.99288237460244,296.565051177078,57.6
2023-12-11,47.6,55.4,41.0,999.9,5.3,12.1,17.5,-304.44284321420736,31.197875,121.336319,3.04,39.674591612123045,10.001997885409171,19.129120737563152,-0.33752289959411347,0.9943497193247306,31.197875,973.307404515625,0.9996381607177243,1.3962446919730587,-2834.147463702414,4654.704350319257,3300.1479610932843,89.99288237460244,296.565051177078,44.4
2023-12-12,44.3,46.4,41.0,999.9,5.5,6.8,11.7,352.66205680424844,31.197875,121.336319,3.04,36.90132683560813,9.99584474102252,19.092674578535348,-0.32126966169236515,0.9943497193247306,31.197875,973.307404515625,0.9996381607177243,1.3962446919730587,-2834.147463702414,4654.704350319257,3300.1479610932843,89.99288237460244,296.565051177078,36.3
2023-12-13,55.9,59.0,46.4,999.9,6.2,5.6,9.7,167.33920232344659,31.197875,121.336319,3.04,46.53845008575775,9.990364955797729,19.06044757362494,-0.3049212246562894,0.9943497193247306,31.197875,973.307404515625,0.9996381607177243,1.3962446919730587,-2834.147463702414,4654.704350319257,3300.1479610932843,89.99288237460244,296.565051177078,48.0
2023-12-14,64.2,75.2,48.2,999.9,5.6,6.7,17.5,-486.3464952050909,31.197875,121.336319,3.04,53.42275786335894,9.985562217450267,19.03245356315792,-0.2884824328806098,0.9943497193247306,31.197875,973.307404515625,0.9996381607177243,1.3962446919730587,-2834.147463702414,4654.704350319257,3300.1479610932843,89.99288237460244,296.565051177078,55.1
2023-12-15,40.9,48.2,33.8,999.9,6.1,13.4,19.4,27.2,31.197875,121.336319,3.04,34.020073888132764,9.981439771579295,19.00870474785042,-0.27195815753410524,0.9943497193247306,31.197875,973.307404515625,0.9996381607177243,1.3962446919730587,-2834.147463702414,4654.704350319257,3300.1479610932843,89.99288237460244,296.565051177078,36.0
2023-12-16,31.7,35.6,26.6,999.9,6.2,12.6,19.4,27.2,31.197875,121.336319,3.04,26.35855109406617,9.97800041415754,18.989211691416603,-0.2553532951161881,0.9943497193247306,31.197875,973.307404515625,0.9996381607177243,1.3962446919730587,-2834.147463702414,4654.704350319257,3300.1479610932843,89.99288237460244,296.565051177078,14.8
2023-12-17,34.2,37.4,28.4,999.9,6.2,7.9,11.7,722.87222471073,31.197875,121.336319,3.04,28.429452482326866,9.97524648502697,18.97398332264617,-0.23867276600594997,0.9943497193247306,31.197875,973.307404515625,0.9996381607177243,1.3962446919730587,-2834.147463702414,4654.704350319257,3300.1479610932843,89.99288237460244,296.565051177078,17.3
2023-12-18,39.8,41.0,35.6,999.9,5.4,7.9,11.7,-432.27568450709316,31.197875,121.336319,3.04,33.07771321039595,9.973179862430941,18.963026936902082,-0.22192151300416674,0.9943497193247306,31.197875,973.307404515625,0.9996381607177243,1.3962446919730587,-2834.147463702414,4654.704350319257,3300.1479610932843,89.99288237460244,296.565051177078,36.9
2023-12-19,38.6,42.8,33.8,999.9,4.9,9.2,11.7,1259.8240846775334,31.197875,121.336319,3.04,32.07596296685841,9.971801958608832,18.956348196997073,-0.20510449986861926,0.9943497193247306,31.197875,973.307404515625,0.9996381607177243,1.3962446919730587,-2834.147463702414,4654.704350319257,3300.1479610932843,89.99288237460244,296.565051177078,33.9
2023-12-20,32.7,41.0,24.8,999.9,6.2,11.5,15.5,-1289.2659613640385,31.197875,121.336319,3.04,27.171284877392164,9.971113716474187,18.953951133415384,-0.1882267098432439,0.9943497193247306,31.197875,973.307404515625,0.9996381607177243,1.3962446919730587,-2834.147463702414,4654.704350319257,3300.1479610932843,89.99288237460244,296.565051177078,15.8
2023-12-21,26.7,32.0,21.2,999.9,6.2,12.8,17.5,27.2,31.197875,121.336319,3.04,22.185732226447765,9.971115607392255,18.95583814385521,-0.1712931441814778,0.9943497193247306,31.197875,973.307404515625,0.9996381607177243,1.3962446919730587,-2834.147463702414,4654.704350319257,3300.1479610932843,89.99288237460244,296.565051177078,6.3
2023-12-22,29.0,35.6,24.8,999.9,6.2,7.6,11.7,-322.37941386734224,31.197875,121.336319,3.04,24.09853510599675,9.97180763006762,18.96200999207553,-0.154308820664281,0.9943497193247306,31.197875,973.307404515625,0.9996381607177243,1.3962446919730587,-2834.147463702414,4654.704350319257,3300.1479610932843,89.99288237460244,296.565051177078,8.5
2023-12-23,32.9,39.2,26.6,999.9,6.2,4.0,5.8,-441.787992153694,31.197875,121.336319,3.04,27.34316069308372,9.973189310547253,18.972465806040066,-0.13727877211326517,0.9943497193247306,31.197875,973.307404515625,0.9996381607177243,1.3962446919730587,-2834.147463702414,4654.704350319257,3300.1479610932843,89.99288237460244,296.565051177078,15.8
2023-12-24,36.1,44.6,26.6,999.9,6.2,5.4,13.6,-1160.2078340121343,31.197875,121.336319,3.04,30.008906274211487,9.975259703338999,18.98720307535989,-0.12020804489935275,0.9943497193247306,31.197875,973.307404515625,0.9996381607177243,1.3962446919730587,-2834.147463702414,4654.704350319257,3300.1479610932843,89.99288237460244,296.565051177078,19.6
2023-12-25,38.2,46.4,30.2,999.9,5.9,3.3,7.8,346.2063958250639,31.197875,121.336319,3.04,31.763355369754247,9.978017393640076,19.006217648045045,-0.10310169744743544,0.9943497193247306,31.197875,973.307404515625,0.9996381607177243,1.3962446919730587,-2834.147463702414,4654.704350319257,3300.1479610932843,89.99288237460244,296.565051177078,21.4
2023-12-26,45.6,51.8,37.4,999.9,3.8,4.2,9.7,287.6302489555581,31.197875,121.336319,3.04,37.92954990252675,9.981460500664934,19.029503726584416,-0.0859647987374467,0.9943497193247306,31.197875,973.307404515625,0.9996381607177243,1.3962446919730587,-2834.147463702414,4654.704350319257,3300.1479610932843,89.99288237460244,296.565051177078,33.2
2023-12-27,50.2,59.0,41.0,999.9,4.6,3.1,7.8,451.13056740081305,31.197875,121.336319,3.04,41.77303761993637,9.985586682056502,19.057053863381718,-0.06880242680232064,0.9943497193247306,31.197875,973.307404515625,0.9996381607177243,1.3962446919730587,-2834.147463702414,4654.704350319257,3300.1479610932843,89.99288237460244,296.565051177078,43.5
2023-12-28,47.7,59.0,41.0,999.9,2.4,5.3,7.8,-338.3473920697991,31.197875,121.336319,3.04,39.711812728955096,9.990393139359773,19.088858955584172,-0.05161966722325418,0.9943497193247306,31.197875,973.307404515625,0.9996381607177243,1.3962446919730587,-2834.147463702414,4654.704350319257,3300.1479610932843,89.99288237460244,296.565051177078,43.3
2023-12-29,49.3,57.2,42.8,999.9,3.9,4.9,7.8,-61.8995032158464,31.197875,121.336319,3.04,41.06639313245134,9.995876624531766,19.12490823934853,-0.034421611622745804,0.9943497193247306,31.197875,973.307404515625,0.9996381607177243,1.3962446919730587,-2834.147463702414,4654.704350319257,3300.1479610932843,89.99288237460244,296.565051177078,43.1
2023-12-30,48.1,51.8,41.0,999.9,1.9,5.7,11.7,13.6,31.197875,121.336319,3.04,40.09148406855696,10.002033447457038,19.16518928359747,-0.01721335615583528,0.9943497193247306,31.197875,973.307404515625,0.9996381607177243,1.3962446919730587,-2834.147463702414,4654.704350319257,3300.1479610932843,89.99288237460244,296.565051177078,44.4
2023-12-31,42.3,48.2,35.6,999.9,3.0,9.3,15.5,243.2446426840627,31.197875,121.336319,3.04,35.28122968262829,10.00885948443356,19.209687983326774,6.432490598706546e-16,0.9943497193247306,31.197875,973.307404515625,0.9996381607177243,1.3962446919730587,-2834.147463702414,4654.704350319257,3300.1479610932843,89.99288237460244,296.565051177078,32.2
2024-01-01,42.8,50.0,33.8,999.9,5.4,3.6,5.8,-70.35067505815434,31.197875,121.336319,3.04,35.72498233573543,10.016350187589374,19.25838855253157,0.017213356155834685,0.9943497193247306,31.197875,973.307404515625,0.9996381607177243,1.3962446919730587,-2834.147463702414,4654.704350319257,3300.1479610932843,89.99288237460244,296.565051177078,32.1
2024-01-02,45.8,53.6,39.2,999.9,5.6,5.9,13.6,297.96903103437086,31.197875,121.336319,3.04,38.260177271628926,10.02450059518662,19.311273516826205,0.03442161162274574,0.9943497193247306,31.197875,973.307404515625,0.9996381607177243,1.3962446919730587,-2834.147463702414,4654.704350319257,3300.1479610932843,89.99288237460244,296.565051177078,35.9
2024-01-03,40.0,48.2,32.0,999.9,3.4,6.6,13.6,204.2836962991929,31.197875,121.336319,3.04,33.44435114255268,10.033305342765804,19.36832370583962,0.051619667223253764,0.9943497193247306,31.197875,973.307404515625,0.9996381607177243,1.3962446919730587,-2834.147463702414,4654.704350319257,3300.1479610932843,89.99288237460244,296.565051177078,32.5
2024-01-04,44.5,53.6,35.6,999.9,4.7,5.2,9.7,-630.2357180161935,31.197875,121.336319,3.04,37.24189675342146,10.042758675079945,19.429518245473343,0.06880242680231986,0.9943497193247306,31.197875,973.307404515625,0.9996381607177243,1.3962446919730587,-2834.147463702414,4654.704350319257,3300.1479610932843,89.99288237460244,296.565051177078,33.7
2024-01-05,48.3,60.8,39.2,999.9,4.8,4.0,7.8,429.59885629388066,31.197875,121.336319,3.04,40.462739196530286,10.052854458765289,19.494834550115293,0.08596479873744647,0.9943497193247306,31.197875,973.307404515625,0.9996381607177243,1.3962446919730587,-2834.147463702414,4654.704350319257,3300.1479610932843,89.99288237460244,296.565051177078,35.5
2024-01-06,45.4,57.2,37.4,999.9,2.9,5.8,9.7,329.317038004493,31.197875,121.336319,3.04,38.07390110703767,10.063586195692777,19.56424831490725,0.10310169744743485,0.9943497193247306,31.197875,973.307404515625,0.9996381607177243,1.3962446919730587,-2834.147463702414,4654.704350319257,3300.1479610932843,89.99288237460244,296.565051177078,37.1
2024-01-07,41.0,48.2,35.6,999.9,6.0,6.9,11.7,233.35335434424977,31.197875,121.336319,3.04,34.42273570955256,10.074947036942213,19.637733508168203,0.1202080448993527,0.9943497193247306,31.197875,973.307404515625,0.9996381607177243,1.3962446919730587,-2834.147463702414,4654.704350319257,3300.1479610932843,89.99288237460244,296.565051177078,27.2
2024-01-08,46.0,50.0,41.0,999.9,6.2,5.2,9.7,-529.2220398982461,31.197875,121.336319,3.04,38.666564223134465,10.086929797339424,19.715262364079656,0.13727877211326478,0.9943497193247306,31.197875,973.307404515625,0.9996381607177243,1.3962446919730587,-2834.147463702414,4654.704350319257,3300.1479610932843,89.99288237460244,296.565051177078,38.1
2024-01-09,49.9,57.2,39.2,999.9,3.9,7.6,15.5,-309.08458283674366,31.197875,121.336319,3.04,41.99719965230931,10.099526970495226,19.796805375742082,0.15430882066428117,0.9943497193247306,31.197875,973.307404515625,0.9996381607177243,1.3962446919730587,-2834.147463702414,4654.704350319257,3300.1479610932843,89.99288237460244,296.565051177078,37.9
2024-01-10,38.9,46.4,32.0,999.9,4.7,7.3,13.6,21.4,31.197875,121.336319,3.04,32.78210216272112,10.112730744284148,19.882331288714088,0.1712931441814776,0.9943497193247306,31.197875,973.307404515625,0.9996381607177243,1.3962446919730587,-2834.147463702414,4654.704350319257,3300.1479610932843,89.99288237460244,296.565051177078,28.6
2024-01-11,43.0,53.6,35.6,999.9,3.5,4.7,7.8,-132.790280834442,31.197875,121.336319,3.04,36.28674330984236,10.126533016700193,19.971807095147962,0.1882267098432442,0.9943497193247306,31.197875,973.307404515625,0.9996381607177243,1.3962446919730587,-2834.147463702414,4654.704350319257,3300.1479610932843,89.99288237460244,296.565051177078,30.5
2024-01-12,51.0,64.4,39.2,999.9,5.3,3.2,7.8,-300.1313253596851,31.197875,121.336319,3.04,43.0989330011138,10.140925412026776,20.065198028636313,0.2051044998686192,0.9943497193247306,31.197875,973.307404515625,0.9996381607177243,1.3962446919730587,-2834.147463702414,4654.704350319257,3300.1479610932843,89.99288237460244,296.565051177078,35.1
2024-01-13,53.4,64.4,42.8,999.9,3.3,5.6,9.7,-385.05727294774476,31.197875,121.336319,3.04,45.19375187279867,10.155899297258129,20.1624675598852,0.2219215130041655,0.9943497193247306,31.197875,973.307404515625,0.9996381607177243,1.3962446919730587,-2834.147463702414,4654.704350319257,3300.1479610932843,89.99288237460244,296.565051177078,41.4
2024-01-14,52.6,71.6,39.2,999.9,5.7,12.2,17.5,19.4,31.197875,121.336319,3.04,44.58483741767888,10.17144579871001,20.263577393329115,0.2386727660059501,0.9943497193247306,31.197875,973.307404515625,0.9996381607177243,1.3962446919730587,-2834.147463702414,4654.704350319257,3300.1479610932843,89.99288237460244,296.565051177078,36.7
2024-01-15,40.2,46.4,33.8,999.9,6.2,7.1,13.6,482.962233327881,31.197875,121.336319,3.04,34.12831199284065,10.187555818758403,20.36848746480244,0.255353295116187,0.9943497193247306,31.197875,973.307404515625,0.9996381607177243,1.3962446919730587,-2834.147463702414,4654.704350319257,3300.1479610932843,89.99288237460244,296.565051177078,27.7
2024-01-16,48.2,53.6,39.2,999.9,6.2,7.8,11.7,208.80286740308043,31.197875,121.336319,3.04,40.98695054479512,10.204220052646088,20.47715594038083,0.2719581575341055,0.9943497193247306,31.197875,973.307404515625,0.9996381607177243,1.3962446919730587,-2834.147463702414,4654.704350319257,3300.1479610932843,89.99288237460244,296.565051177078,37.0
2024-01-17,56.0,68.0,48.2,999.9,5.9,7.7,13.6,108.6901852498811,31.197875,121.336319,3.04,47.70000202472636,10.221429005298505,20.589539216503955,0.288482432880609,0.9943497193247306,31.197875,973.307404515625,0.9996381607177243,1.3962446919730587,-2834.147463702414,4654.704350319257,3300.1479610932843,89.99288237460244,296.565051177078,42.2
2024-01-18,47.7,48.2,46.4,999.9,4.8,7.4,9.7,-387.97999589282847,31.197875,121.336319,3.04,40.70071270716566,10.239173008091988,20.705591921488796,0.30492122465628907,0.9943497193247306,31.197875,973.307404515625,0.9996381607177243,1.3962446919730587,-2834.147463702414,4654.704350319257,3300.1479610932843,89.99288237460244,296.565051177078,44.6
2024-01-19,45.9,48.2,42.8,999.9,4.7,9.1,11.7,766.4615357877616,31.197875,121.336319,3.04,39.234716550862366,10.257442235519573,20.825266918539374,0.3212696616923644,0.9943497193247306,31.197875,973.307404515625,0.9996381607177243,1.3962446919730587,-2834.147463702414,4654.704350319257,3300.1479610932843,89.99288237460244,296.565051177078,43.3
2024-01-20,40.8,42.8,39.2,999.9,3.3,11.0,13.6,-448.7069620805737,31.197875,121.336319,3.04,34.93917085378594,10.276226721701747,20.948515310355496,0.3375228995941133,0.9943497193247306,31.197875,973.307404515625,0.9996381607177243,1.3962446919730587,-2834.147463702414,4654.704350319257,3300.1479610932843,89.99288237460244,296.565051177078,38.0
2024-01-21,37.8,41.0,30.2,999.9,4.7,14.2,19.4,25.3,31.197875,121.336319,3.04,32.4308765865798,10.295516376692001,21.07528644543902,0.3536761221763716,0.9943497193247306,31.197875,973.307404515625,0.9996381607177243,1.3962446919730587,-2834.147463702414,4654.704350319257,3300.1479610932843,89.99288237460244,296.565051177078,31.3
2024-01-22,28.4,35.6,23.0,999.9,6.2,13.4,17.5,467.2175373679308,31.197875,121.336319,3.04,24.41287903932007,10.315301002529608,21.205527926191273,0.3697245428906731,0.9943497193247306,31.197875,973.307404515625,0.9996381607177243,1.3962446919730587,-2834.147463702414,4654.704350319257,3300.1479610932843,89.99288237460244,296.565051177078,14.7
2024-01-23,28.5,33.8,24.8,999.9,6.2,11.3,17.5,25.3,31.197875,121.336319,3.04,24.546979483862696,10.33557030899482,21.33918561889088,0.38566340624360707,0.9943497193247306,31.197875,973.307404515625,0.9996381607177243,1.3962446919730587,-2834.147463702414,4654.704350319257,3300.1479610932843,89.99288237460244,296.565051177078,9.0
2024-01-24,34.4,41.0,28.4,999.9,6.2,7.7,11.7,21.4,31.197875,121.336319,3.04,29.688099929870454,10.356313929024576,21.47620366563513,0.401487989205973,0.9943497193247306,31.197875,973.307404515625,0.9996381607177243,1.3962446919730587,-2834.147463702414,4654.704350319257,3300.1479610932843,89.99288237460244,296.565051177078,12.1
2024-01-25,37.3,46.4,28.4,999.9,6.2,5.0,9.7,1000.6936783756641,31.197875,121.336319,3.04,32.256795789905475,10.37752143374975,21.616524498322782,0.4171936026123168,0.9943497193247306,31.197875,973.307404515625,0.9996381607177243,1.3962446919730587,-2834.147463702414,4654.704350319257,3300.1479610932843,89.99288237460244,296.565051177078,16.1
2024-01-26,40.3,48.2,32.0,999.9,6.1,4.7,9.7,340.1189119423858,31.197875,121.336319,3.04,34.92392071573795,10.399182347118,21.76008885474976,0.4327755925504312,0.9943497193247306,31.197875,973.307404515625,0.9996381607177243,1.3962446919730587,-2834.147463702414,4654.704350319257,3300.1479610932843,89.99288237460244,296.565051177078,19.2
2024-01-27,39.4,46.4,30.2,999.9,5.2,4.4,7.8,1329.762180348316,31.197875,121.336319,3.04,34.21655622556109,10.42128616006937,21.9068357968827,0.4482293417404106,0.9943497193247306,31.197875,973.307404515625,0.9996381607177243,1.3962446919730587,-2834.147463702414,4654.704350319257,3300.1479610932843,89.99288237460244,296.565051177078,21.6
2024-01-28,43.4,53.6,33.8,999.9,5.0,4.7,7.8,221.68405601915157,31.197875,121.336319,3.04,37.77182414498286,10.443822344234892,22.056702731368713,0.4635502709028509,0.9943497193247306,31.197875,973.307404515625,0.9996381607177243,1.3962446919730587,-2834.147463702414,4654.704350319257,3300.1479610932843,89.99288237460244,296.565051177078,25.7
2024-01-29,47.7,51.8,42.8,999.9,4.4,7.4,11.7,-400.9955055434939,31.197875,121.336319,3.04,41.60545195139777,10.466780365131514,22.209625432332462,0.47873384011578846,0.9943497193247306,31.197875,973.307404515625,0.9996381607177243,1.3962446919730587,-2834.147463702414,4654.704350319257,3300.1479610932843,89.99288237460244,296.565051177078,37.2
2024-01-30,49.5,51.8,46.4,999.9,2.6,3.9,7.8,-431.06728047923383,31.197875,121.336319,3.04,43.271867491172664,10.490149694829737,22.365538066504538,0.49377555015997715,0.9943497193247306,31.197875,973.307404515625,0.9996381607177243,1.3962446919730587,-2834.147463702414,4654.704350319257,3300.1479610932843,89.99288237460244,296.565051177078,48.4
2024-01-31,52.2,53.6,48.2,999.9,4.1,5.2,11.7,-225.52377244710146,31.197875,121.336319,3.04,45.73555123471938,10.51391982407342,22.524373220717678,0.5086709438521044,0.9943497193247306,31.197875,973.307404515625,0.9996381607177243,1.3962446919730587,-2834.147463702414,4654.704350319257,3300.1479610932843,89.99288237460244,296.565051177078,50.4
2024-02-01,43.4,50.0,39.2,999.9,6.0,12.5,17.5,-1291.536911955011,31.197875,121.336319,3.04,38.11272365703343,10.538080273834128,22.686061931799657,0.5234156073655503,0.9943497193247306,31.197875,973.307404515625,0.9996381607177243,1.3962446919730587,-2834.147463702414,4654.704350319257,3300.1479610932843,89.99288237460244,296.565051177078,40.6
2024-02-02,41.1,42.8,39.2,999.9,5.2,9.1,13.6,274.47659494048634,31.197875,121.336319,3.04,36.176975576527184,10.562620606285309,22.85053371888396,0.5380051715382996,0.9943497193247306,31.197875,973.307404515625,0.9996381607177243,1.3962446919730587,-2834.147463702414,4654.704350319257,3300.1479610932843,89.99288237460244,296.565051177078,37.2
2024-02-03,41.2,42.8,39.2,999.9,5.4,10.0,15.5,-308.36114368184946,31.197875,121.336319,3.04,36.35052116079972,10.587530435184386,23.017716618151677,0.5524353131676196,0.9943497193247306,31.197875,973.307404515625,0.9996381607177243,1.3962446919730587,-2834.147463702414,4654.704350319257,3300.1479610932843,89.99288237460244,296.565051177078,38.8
2024-02-04,39.0,41.0,35.6,999.9,5.1,9.8,15.5,25.3,31.197875,121.336319,3.04,34.491598165874095,10.612799435653569,23.18753722000991,0.5667017562911176,0.9943497193247306,31.197875,973.307404515625,0.9996381607177243,1.3962446919730587,-2834.147463702414,4654.704350319257,3300.1479610932843,89.99288237460244,296.565051177078,36.2
2024-02-05,34.8,37.4,33.8,999.9,5.6,9.8,13.6,502.2286917920784,31.197875,121.336319,3.04,30.851410324722945,10.638417353352741,23.359920708704127,0.5808002734538009,0.9943497193247306,31.197875,973.307404515625,0.9996381607177243,1.3962446919730587,-2834.147463702414,4654.704350319257,3300.1479610932843,89.99288237460244,296.565051177078,27.0
2024-02-06,37.0,37.4,33.8,999.9,5.1,7.4,9.7,-177.65458440852342,31.197875,121.336319,3.04,32.88181987354083,10.664374013040268,23.534790904354207,0.5947266869607634,0.9943497193247306,31.197875,973.307404515625,0.9996381607177243,1.3962446919730587,-2834.147463702414,4654.704350319257,3300.1479610932843,89.99288237460244,296.565051177078,29.2
2024-02-07,38.2,41.0,33.8,999.9,6.1,8.3,11.7,-8.63923374329163,31.197875,121.336319,3.04,34.03193218942179,10.690659326519933,23.712070307395543,0.6084768701151261,0.9943497193247306,31.197875,973.307404515625,0.9996381607177243,1.3962446919730587,-2834.147463702414,4654.704350319257,3300.1479610932843,89.99288237460244,296.565051177078,28.7
2024-02-08,38.7,46.4,32.0,999.9,5.5,4.5,9.7,993.6537127054676,31.197875,121.336319,3.04,34.56317414241727,10.717263299974345,23.891680145399032,0.6220467484408675,0.9943497193247306,31.197875,973.307404515625,0.9996381607177243,1.3962446919730587,-2834.147463702414,4654.704350319257,3300.1479610932843,89.99288237460244,296.565051177078,26.5
2024-02-09,41.2,50.0,33.8,999.9,3.0,4.9,9.7,-360.3011506451699,31.197875,121.336319,3.04,36.88833773969313,10.744176040687318,24.073540422235986,0.6354323008901774,0.9943497193247306,31.197875,973.307404515625,0.9996381607177243,1.3962446919730587,-2834.147463702414,4654.704350319257,3300.1479610932843,89.99288237460244,296.565051177078,27.5
2024-02-10,48.4,59.0,39.2,999.9,5.1,4.3,7.8,328.2946261473714,31.197875,121.336319,3.04,43.444597311410185,10.77138776315955,24.257569969545965,0.6486295610349814,0.9943497193247306,31.197875,973.307404515625,0.9996381607177243,1.3962446919730587,-2834.147463702414,4654.704350319257,3300.1479610932843,89.99288237460244,296.565051177078,32.4
2024-02-11,49.9,60.8,41.0,999.9,5.9,4.5,9.7,386.5157714061488,31.197875,121.336319,3.04,44.905379237643906,10.798888794623785,24.443686500458483,0.6616346182422783,0.9943497193247306,31.197875,973.307404515625,0.9996381607177243,1.3962446919730587,-2834.147463702414,4654.704350319257,3300.1479610932843,89.99288237460244,296.565051177078,30.5
2024-02-12,53.5,62.6,46.4,999.9,6.1,10.2,13.6,-392.59848436002113,31.197875,121.336319,3.04,48.26890187735405,10.826669579967263,24.6318066655115,0.6744436188329455,0.9943497193247306,31.197875,973.307404515625,0.9996381607177243,1.3962446919730587,-2834.147463702414,4654.704350319257,3300.1479610932843,89.99288237460244,296.565051177078,36.7
2024-02-13,58.3,68.0,48.2,999.9,5.8,7.6,13.6,22.163232797285566,31.197875,121.336319,3.04,52.73585133316014,10.8547206860707,24.821846110702953,0.6870527672236669,0.9943497193247306,31.197875,973.307404515625,0.9996381607177243,1.3962446919730587,-2834.147463702414,4654.704350319257,3300.1479610932843,89.99288237460244,296.565051177078,48.2
2024-02-14,62.8,75.2,51.8,999.9,5.6,4.0,17.5,-181.3106022043166,31.197875,121.336319,3.04,56.95453834917317,10.883032805574492,25.01371953760395,0.699458327051647,0.9943497193247306,31.197875,973.307404515625,0.9996381607177243,1.3962446919730587,-2834.147463702414,4654.704350319257,3300.1479610932843,89.99288237460244,296.565051177078,50.4
2024-02-15,42.0,48.2,35.6,999.9,5.7,13.4,25.3,31.1,31.197875,121.336319,3.04,38.19058866029396,10.91159676008399,25.20734076545583,0.7116566222817746,0.9943497193247306,31.197875,973.307404515625,0.9996381607177243,1.3962446919730587,-2834.147463702414,4654.704350319257,3300.1479610932843,89.99288237460244,296.565051177078,33.3
2024-02-16,44.5,53.6,41.0,999.9,6.2,6.2,11.7,417.73212822254385,31.197875,121.336319,3.04,40.57066298964914,10.940403502826735,25.402622795166376,0.7236440382959124,0.9943497193247306,31.197875,973.307404515625,0.9996381607177243,1.3962446919730587,-2834.147463702414,4654.704350319257,3300.1479610932843,89.99288237460244,296.565051177078,30.8
2024-02-17,55.2,60.8,44.6,999.9,6.2,8.6,11.7,186.7317743643349,31.197875,121.336319,3.04,50.45944295556796,10.969444120775643,25.599477875114125,0.7354170229639855,0.9943497193247306,31.197875,973.307404515625,0.9996381607177243,1.3962446919730587,-2834.147463702414,4654.704350319257,3300.1479610932843,89.99288237460244,296.565051177078,46.1
2024-02-18,64.5,77.0,55.4,999.9,6.1,6.6,13.6,-11.945360695471585,31.197875,121.336319,3.04,59.11806536985869,10.998709836252779,25.797817568663724,0.7469720876965552,0.9943497193247306,31.197875,973.307404515625,0.9996381607177243,1.3962446919730587,-2834.147463702414,4654.704350319257,3300.1479610932843,89.99288237460244,296.565051177078,54.9
2024-02-19,54.7,73.4,46.4,999.9,5.0,11.1,15.5,435.1439314968373,31.197875,121.336319,3.04,50.27017523659967,11.028192008029176,25.997552823289187,0.7583058084785624,0.9943497193247306,31.197875,973.307404515625,0.9996381607177243,1.3962446919730587,-2834.147463702414,4654.704350319257,3300.1479610932843,89.99288237460244,296.565051177078,49.4
2024-02-20,46.9,48.2,44.6,999.9,5.1,8.3,13.6,19.4,31.197875,121.336319,3.04,43.217889332319444,11.057882131936745,26.19859404119653,0.7694148268839378,0.9943497193247306,31.197875,973.307404515625,0.9996381607177243,1.3962446919730587,-2834.147463702414,4654.704350319257,3300.1479610932843,89.99288237460244,296.565051177078,44.7
2024-02-21,39.4,44.6,35.6,999.9,6.2,12.7,15.5,-365.23042208781385,31.197875,121.336319,3.04,36.40485087797868,11.087771841008735,26.400851151332063,0.7802958510707755,0.9943497193247306,31.197875,973.307404515625,0.9996381607177243,1.3962446919730587,-2834.147463702414,4654.704350319257,3300.1479610932843,89.99288237460244,296.565051177078,36.3
2024-02-22,34.2,35.6,32.0,999.9,5.9,11.4,13.6,389.071851217098,31.197875,121.336319,3.04,31.68588077972219,11.11785290516568,26.604233682657256,0.7909456567567772,0.9943497193247306,31.197875,973.307404515625,0.9996381607177243,1.3962446919730587,-2834.147463702414,4654.704350319257,3300.1479610932843,89.99288237460244,296.565051177078,31.0
2024-02-23,34.3,35.6,32.0,999.9,4.0,9.6,11.7,611.7927267795127,31.197875,121.336319,3.04,31.865035083742974,11.148117230464015,26.80865083856721,0.8013610881746766,0.9943497193247306,31.197875,973.307404515625,0.9996381607177243,1.3962446919730587,-2834.147463702414,4654.704350319257,3300.1479610932843,89.99288237460244,296.565051177078,31.0
2024-02-24,33.8,35.6,30.2,999.9,4.1,9.8,13.6,648.2192413881976,31.197875,121.336319,3.04,31.486268483154607,11.178556857924713,27.014011572324733,0.8115390590073611,0.9943497193247306,31.197875,973.307404515625,0.9996381607177243,1.3962446919730587,-2834.147463702414,4654.704350319257,3300.1479610932843,89.99288237460244,296.565051177078,29.7
2024-02-25,36.0,39.2,32.0,999.9,5.2,8.8,11.7,439.74764974209614,31.197875,121.336319,3.04,33.62749188587853,11.20916396195951,27.2202246633788,0.8214765533024142,0.9943497193247306,31.197875,973.307404515625,0.9996381607177243,1.3962446919730587,-2834.147463702414,4654.704350319257,3300.1479610932843,89.99288237460244,296.565051177078,27.2
2024-02-26,41.6,48.2,37.4,999.9,6.1,8.8,13.6,-104.82135892333113,31.197875,121.336319,3.04,38.965093607829104,11.239930848412241,27.427198794431984,0.8311706263658079,0.9943497193247306,31.197875,973.307404515625,0.9996381607177243,1.3962446919730587,-2834.147463702414,4654.704350319257,3300.1479610932843,89.99288237460244,296.565051177078,30.1
2024-02-27,43.9,51.8,39.2,999.9,5.8,5.3,7.8,1137.1559947910189,31.197875,121.336319,3.04,41.23252607525192,11.27084995223287,27.634842629119053,0.8406184056344782,0.9943497193247306,31.197875,973.307404515625,0.9996381607177243,1.3962446919730587,-2834.147463702414,4654.704350319257,3300.1479610932843,89.99288237460244,296.565051177078,33.6
2024-02-28,46.0,50.0,42.8,999.9,2.8,4.8,7.8,-151.24188442014312,31.197875,121.336319,3.04,43.32400303340632,11.301913834801649,27.843064890155265,0.8498170915275278,0.9943497193247306,31.197875,973.307404515625,0.9996381607177243,1.3962446919730587,-2834.147463702414,4654.704350319257,3300.1479610932843,89.99288237460244,296.565051177078,44.6
2024-02-29,41.2,42.8,37.4,999.9,4.8,11.7,15.5,213.85835694340665,31.197875,121.336319,3.04,38.910362121161384,11.33311518092079,28.05177443781132,0.8587639582758029,0.9943497193247306,31.197875,973.307404515625,0.9996381607177243,1.3962446919730587,-2834.147463702414,4654.704350319257,3300.1479610932843,89.99288237460244,296.565051177078,37.9
2024-03-01,38.1,44.6,32.0,999.9,6.2,8.6,15.5,-509.23273040088367,31.197875,121.336319,3.04,36.08211857568332,11.364446795490808,28.26088034856937,0.8674563547295969,0.9943497193247306,31.197875,973.307404515625,0.9996381607177243,1.3962446919730587,-2834.147463702414,4654.704350319257,3300.1479610932843,89.99288237460244,296.565051177078,22.9
2024-03-02,41.5,50.0,35.6,999.9,6.0,4.7,7.8,17.5,31.197875,121.336319,3.04,39.41082636628098,11.395901599888475,28.470291993813127,0.8758917051442429,0.9943497193247306,31.197875,973.307404515625,0.9996381607177243,1.3962446919730587,-2834.147463702414,4654.704350319257,3300.1479610932843,89.99288237460244,296.565051177078,28.2
2024-03-03,50.6,59.0,42.8,999.9,6.0,7.9,11.7,1126.581333522964,31.197875,121.336319,3.04,48.18584291499947,11.427472628063114,28.67991911840394,0.8840675099433636,0.9943497193247306,31.197875,973.307404515625,0.9996381607177243,1.3962446919730587,-2834.147463702414,4654.704350319257,3300.1479610932843,89.99288237460244,296.565051177078,34.2
2024-03-04,52.2,53.6,50.0,999.9,4.7,6.2,13.6,308.9260561116355,31.197875,121.336319,3.04,49.847315647299354,11.459153022367666,28.889671918993717,0.8919813464595485,0.9943497193247306,31.197875,973.307404515625,0.9996381607177243,1.3962446919730587,-2834.147463702414,4654.704350319257,3300.1479610932843,89.99288237460244,296.565051177078,49.5
2024-03-05,49.5,55.4,42.8,999.9,4.5,10.8,13.6,388.8923140427728,31.197875,121.336319,3.04,47.400111120205196,11.490936029140654,29.099461121925547,0.8996308696522433,0.9943497193247306,31.197875,973.307404515625,0.9996381607177243,1.3962446919730587,-2834.147463702414,4654.704350319257,3300.1479610932843,89.99288237460244,296.565051177078,47.2
2024-03-06,44.4,51.8,37.4,999.9,6.2,10.0,13.6,-789.6928078857364,31.197875,121.336319,3.04,42.63441547800298,11.52281499405486,29.309198060572484,0.9070138128026359,0.9943497193247306,31.197875,973.307404515625,0.9996381607177243,1.3962446919730587,-2834.147463702414,4654.704350319257,3300.1479610932843,89.99288237460244,296.565051177078,34.5
2024-03-07,47.5,55.4,41.0,999.9,6.0,6.6,15.5,408.09999801672717,31.197875,121.336319,3.04,45.73768412244083,11.55478335724821,29.518794751965757,0.9141279881853337,0.9943497193247306,31.197875,973.307404515625,0.9996381607177243,1.3962446919730587,-2834.147463702414,4654.704350319257,3300.1479610932843,89.99288237460244,296.565051177078,33.2
2024-03-08,46.5,55.4,37.4,999.9,5.6,7.1,13.6,425.8554178635539,31.197875,121.336319,3.04,44.89898426197671,11.586834648252053,29.728163972564378,0.9209712877166346,0.9943497193247306,31.197875,973.307404515625,0.9996381607177243,1.3962446919730587,-2834.147463702414,4654.704350319257,3300.1479610932843,89.99288237460244,296.565051177078,31.6
2024-03-09,47.7,57.2,39.2,999.9,5.9,5.3,9.7,254.54485331635354,31.197875,121.336319,3.04,46.18537586090808,11.618962480731591,29.937219333019222,0.9275416835791966,0.9943497193247306,31.197875,973.307404515625,0.9996381607177243,1.3962446919730587,-2834.147463702414,4654.704350319257,3300.1479610932843,89.99288237460244,296.565051177078,31.1
2024-03-10,51.0,59.0,46.4,999.9,6.2,9.7,13.6,-274.0578821269608,31.197875,121.336319,3.04,49.5174323249753,11.651160547053012,30.145875351786717,0.9338372288229252,0.9943497193247306,31.197875,973.307404515625,0.9996381607177243,1.3962446919730587,-2834.147463702414,4654.704350319257,3300.1479610932843,89.99288237460244,296.565051177078,37.5
2024-03-11,52.2,60.8,46.4,999.9,5.6,4.0,7.8,13.6,31.197875,121.336319,3.04,50.82288836520775,11.683422612691437,30.35404752744892,0.9398560579418954,0.9943497193247306,31.197875,973.307404515625,0.9996381607177243,1.3962446919730587,-2834.147463702414,4654.704350319257,3300.1479610932843,89.99288237460244,296.565051177078,45.0
2024-03-12,48.5,62.6,37.4,999.9,5.5,9.2,19.4,13.247421142978087,31.197875,121.336319,3.04,47.35112597991146,11.715742510493557,30.56165240959944,0.9455963874271426,0.9943497193247306,31.197875,973.307404515625,0.9996381607177243,1.3962446919730587,-2834.147463702414,4654.704350319257,3300.1479610932843,89.99288237460244,296.565051177078,36.3
2024-03-13,52.2,59.0,44.6,999.9,6.2,6.2,11.7,-639.2178861902769,31.197875,121.336319,3.04,51.10429648641676,11.74811413480845,30.768607668157465,0.9510565162951535,0.9943497193247306,31.197875,973.307404515625,0.9996381607177243,1.3962446919730587,-2834.147463702414,4654.704350319257,3300.1479610932843,89.99288237460244,296.565051177078,32.4
2024-03-14,52.5,60.8,44.6,999.9,5.7,4.2,7.8,-24.814939368284712,31.197875,121.336319,3.04,51.53982503031175,11.78053143549983,30.97483216097545,0.9562348265919056,0.9943497193247306,31.197875,973.307404515625,0.9996381607177243,1.3962446919730587,-2834.147463702414,4654.704350319257,3300.1479610932843,89.99288237460244,296.565051177078,42.6
2024-03-15,58.0,66.2,50.0,999.9,5.2,7.9,11.7,-354.40209891620776,31.197875,121.336319,3.04,57.09611065728826,11.812988411852743,31.180245999609323,0.9611297838723007,0.9943497193247306,31.197875,973.307404515625,0.9996381607177243,1.3962446919730587,-2834.147463702414,4654.704350319257,3300.1479610932843,89.99288237460244,296.565051177078,50.4
2024-03-16,61.5,69.8,55.4,999.9,5.3,4.1,11.7,-190.01880549718624,31.197875,121.336319,3.04,60.70808042023508,11.845479106387332,31.384770613124484,0.9657399376548549,0.9943497193247306,31.197875,973.307404515625,0.9996381607177243,1.3962446919730587,-2834.147463702414,4654.704350319257,3300.1479610932843,89.99288237460244,296.565051177078,55.4
2024-03-17,49.7,57.2,42.8,999.9,5.8,11.0,17.5,-503.17333837541275,31.197875,121.336319,3.04,49.19470672083624,11.87799759859225,31.588328809814694,0.9700639218515071,0.9943497193247306,31.197875,973.307404515625,0.9996381607177243,1.3962446919730587,-2834.147463702414,4654.704350319257,3300.1479610932843,89.99288237460244,296.565051177078,40.5
2024-03-18,49.0,53.6,46.4,999.9,6.0,5.7,11.7,-378.6991700394727,31.197875,121.336319,3.04,48.63469682757564,11.910537998589952,31.79084483671597,0.9741004551724205,0.9943497193247306,31.197875,973.307404515625,0.9996381607177243,1.3962446919730587,-2834.147463702414,4654.704350319257,3300.1479610932843,89.99288237460244,296.565051177078,40.0
2024-03-19,54.2,66.2,41.0,999.9,5.9,7.5,13.6,21.4,31.197875,121.336319,3.04,53.94297655736939,11.94309444074599,31.992244436802252,0.9778483415056568,0.9943497193247306,31.197875,973.307404515625,0.9996381607177243,1.3962446919730587,-2834.147463702414,4654.704350319257,3300.1479610932843,89.99288237460244,296.565051177078,32.1
2024-03-20,54.2,66.2,44.6,999.9,6.2,7.7,13.6,21.4,31.197875,121.336319,3.04,54.09006919884146,11.975661077234271,32.192454903755234,0.9813064702716093,0.9943497193247306,31.197875,973.307404515625,0.9996381607177243,1.3962446919730587,-2834.147463702414,4654.704350319257,3300.1479610932843,89.99288237460244,296.565051177078,34.1
2024-03-21,59.7,69.8,51.8,999.9,6.2,10.5,13.6,-746.9153436451518,31.197875,121.336319,3.04,59.740954556061524,12.008232071570156,32.3914051342058,0.9844738167520922,0.9943497193247306,31.197875,973.307404515625,0.9996381607177243,1.3962446919730587,-2834.147463702414,4654.704350319257,3300.1479610932843,89.99288237460244,296.565051177078,39.5
2024-03-22,66.2,77.0,59.0,999.9,6.2,7.5,13.6,774.9982215188483,31.197875,121.336319,3.04,66.42508878321232,12.040801592123076,32.58902567735108,0.9873494423939864,0.9943497193247306,31.197875,973.307404515625,0.9996381607177243,1.3962446919730587,-2834.147463702414,4654.704350319257,3300.1479610932843,89.99288237460244,296.565051177078,51.3
2024-03-23,67.2,77.0,57.2,999.9,5.6,4.7,7.8,54.87422297252034,31.197875,121.336319,3.04,67.61083731147461,12.073363805620465,32.78524878185637,0.989932495087353,0.9943497193247306,31.197875,973.307404515625,0.9996381607177243,1.3962446919730587,-2834.147463702414,4654.704350319257,3300.1479610932843,89.99288237460244,296.565051177078,56.4
2024-03-24,62.8,69.8,57.2,999.9,4.7,5.6,9.7,-124.61378807801432,31.197875,121.336319,3.04,63.35427735642588,12.105912870654628,32.98000843995834,0.9922222094179323,0.9943497193247306,31.197875,973.307404515625,0.9996381607177243,1.3962446919730587,-2834.147463702414,4654.704350319257,3300.1479610932843,89.99288237460244,296.565051177078,57.3
2024-03-25,58.2,71.6,51.8,999.9,5.2,12.3,19.4,29.1,31.197875,121.336319,3.04,58.87144821634061,12.138442931204247,33.17324042869194,0.994217906893952,0.9943497193247306,31.197875,973.307404515625,0.9996381607177243,1.3962446919730587,-2834.147463702414,4654.704350319257,3300.1479610932843,89.99288237460244,296.565051177078,51.4
2024-03-26,56.0,62.6,50.0,999.9,6.2,9.4,15.5,70.33251441929497,31.197875,121.336319,3.04,56.79775784751721,12.170948110182259,33.36488234817054,0.995918996147179,0.9943497193247306,31.197875,973.307404515625,0.9996381607177243,1.3962446919730587,-2834.147463702414,4654.704350319257,3300.1479610932843,89.99288237460244,296.565051177078,44.6
2024-03-27,57.3,62.6,53.6,999.9,6.2,10.5,13.6,196.58726076450742,31.197875,121.336319,3.04,58.27134245192943,12.203422503021871,33.55487365685551,0.9973249731081555,0.9943497193247306,31.197875,973.307404515625,0.9996381607177243,1.3962446919730587,-2834.147463702414,4654.704350319257,3300.1479610932843,89.99288237460244,296.565051177078,46.8
2024-04-01,62.3,64.4,60.8,999.9,6.2,10.7,13.6,782.8044893170872,31.197875,121.336319,3.04,64.19559844263549,12.365123295531717,34.47808596323383,0.9999166586547379,0.9943497193247306,31.197875,973.307404515625,0.9996381607177243,1.3962446919730587,-2834.147463702414,4654.704350319257,3300.1479610932843,89.99288237460244,296.565051177078,58.1
2024-04-02,68.0,71.6,66.2,999.9,6.2,8.4,11.7,-475.7395004164686,31.197875,121.336319,3.04,70.25129098141122,12.39728664377845,34.65700996399965,0.9995462806873573,0.9943497193247306,31.197875,973.307404515625,0.9996381607177243,1.3962446919730587,-2834.147463702414,4654.704350319257,3300.1479610932843,89.99288237460244,296.565051177078,63.6
2024-04-03,59.4,68.0,51.8,999.9,6.0,10.4,17.5,19.4,31.197875,121.336319,3.04,61.525414067520906,12.429376579297154,34.83391390470139,0.9988797155850336,0.9943497193247306,31.197875,973.307404515625,0.9996381607177243,1.3962446919730587,-2834.147463702414,4654.704350319257,3300.1479610932843,89.99288237460244,296.565051177078,51.9
2024-04-04,57.2,64.4,50.0,999.9,6.2,7.8,11.7,-270.119889280973,31.197875,121.336319,3.04,59.39927686722345,12.461386755361563,35.008753003806305,0.9979171608653922,0.9943497193247306,31.197875,973.307404515625,0.9996381607177243,1.3962446919730587,-2834.147463702414,4654.704350319257,3300.1479610932843,89.99288237460244,296.565051177078,37.6
2024-04-05,59.0,66.2,51.8,999.9,6.1,6.6,9.7,1076.393046644312,31.197875,121.336319,3.04,61.42544449023914,12.493310743777451,35.18148451321224,0.9966589017541702,0.9943497193247306,31.197875,973.307404515625,0.9996381607177243,1.3962446919730587,-2834.147463702414,4654.704350319257,3300.1479610932843,89.99288237460244,296.565051177078,41.7
2024-04-06,59.3,64.4,53.6,999.9,5.9,4.5,7.8,-162.6876268524128,31.197875,121.336319,3.04,61.89507686262168,12.525142029535585,35.35206772153639,0.9951053111006976,0.9943497193247306,31.197875,973.307404515625,0.9996381607177243,1.3962446919730587,-2834.147463702414,4654.704350319257,3300.1479610932843,89.99288237460244,296.565051177078,52.0
2024-04-07,55.5,59.0,53.6,999.9,5.0,5.4,7.8,-1062.740152973273,31.197875,121.336319,3.04,58.075542276109275,12.55687400564525,35.52046395418503,0.9932568492674143,0.9943497193247306,31.197875,973.307404515625,0.9996381607177243,1.3962446919730587,-2834.147463702414,4654.704350319257,3300.1479610932843,89.99288237460244,296.565051177078,51.3
2024-04-08,53.6,57.2,48.2,999.9,4.3,5.6,11.7,-543.5029791842504,31.197875,121.336319,3.04,56.22863319112845,12.588499968163086,35.68663657023083,0.9911140639934547,0.9943497193247306,31.197875,973.307404515625,0.9996381607177243,1.3962446919730587,-2834.147463702414,4654.704350319257,3300.1479610932843,89.99288237460244,296.565051177078,50.8
2024-04-09,63.3,73.4,53.6,999.9,6.0,5.7,9.7,-1024.8825196358048,31.197875,121.336319,3.04,66.57056916280456,12.620013111432144,35.85055095613186,0.9886775902323405,0.9943497193247306,31.197875,973.307404515625,0.9996381607177243,1.3962446919730587,-2834.147463702414,4654.704350319257,3300.1479610932843,89.99288237460244,296.565051177078,41.0
2024-04-10,63.4,71.6,59.0,999.9,6.2,9.1,13.6,23.3,31.197875,121.336319,3.04,66.84159779940413,12.651406523546523,36.01217451633321,0.9859481499638304,0.9943497193247306,31.197875,973.307404515625,0.9996381607177243,1.3962446919730587,-2834.147463702414,4654.704350319257,3300.1479610932843,89.99288237460244,296.565051177078,51.1
2024-04-11,67.2,75.2,60.8,999.9,5.7,6.6,9.7,1264.3238979971889,31.197875,121.336319,3.04,71.02296981952068,12.682673182057263,36.171476660799584,0.9829265519799822,0.9943497193247306,31.197875,973.307404515625,0.9996381607177243,1.3962446919730587,-2834.147463702414,4654.704350319257,3300.1479610932843,89.99288237460244,296.565051177078,59.2
2024-04-12,61.8,64.4,60.8,999.9,3.9,5.7,9.7,-298.77515106152066,31.197875,121.336319,3.04,65.47610064216747,12.713805949935429,36.328428789534065,0.9796136916454901,0.9943497193247306,31.197875,973.307404515625,0.9996381607177243,1.3962446919730587,-2834.147463702414,4654.704350319257,3300.1479610932843,89.99288237460244,296.565051177078,59.8
2024-04-13,63.6,68.0,60.8,999.9,5.9,7.5,11.7,786.4556482800141,31.197875,121.336319,3.04,67.54742713058619,12.744797571808716,36.48300427414487,0.9760105506323683,0.9943497193247306,31.197875,973.307404515625,0.9996381607177243,1.3962446919730587,-2834.147463702414,4654.704350319257,3300.1479610932843,89.99288237460244,296.565051177078,59.5
2024-04-14,68.0,75.2,62.6,999.9,5.0,6.2,13.6,1440.58941992402,31.197875,121.336319,3.04,72.39529713276606,12.77564067048813,36.63517843652859,0.9721181966290613,0.9943497193247306,31.197875,973.307404515625,0.9996381607177243,1.3962446919730587,-2834.147463702414,4654.704350319257,3300.1479610932843,89.99288237460244,296.565051177078,63.7
2024-04-15,70.8,82.4,62.6,999.9,5.1,6.6,13.6,17.5,31.197875,121.336319,3.04,75.55733368842934,12.806327743801583,36.784928524744565,0.9679377830240642,0.9943497193247306,31.197875,973.307404515625,0.9996381607177243,1.3962446919730587,-2834.147463702414,4654.704350319257,3300.1479610932843,89.99288237460244,296.565051177078,60.8
2024-04-16,69.0,78.8,59.0,999.9,6.0,6.9,11.7,154.61783840233647,31.197875,121.336319,3.04,73.81189418007096,12.836851161751472,36.932233686161084,0.9634705485641488,0.9943497193247306,31.197875,973.307404515625,0.9996381607177243,1.3962446919730587,-2834.147463702414,4654.704350319257,3300.1479610932843,89.99288237460244,296.565051177078,58.3
2024-04-17,56.2,60.8,50.0,999.9,4.8,6.2,9.7,17.5,31.197875,121.336319,3.04,60.26140148479666,12.867203164013521,37.077074937959935,0.9587178169872964,0.9943497193247306,31.197875,973.307404515625,0.9996381607177243,1.3962446919730587,-2834.147463702414,4654.704350319257,3300.1479610932843,89.99288237460244,296.565051177078,53.8
2024-04-18,63.4,75.2,55.4,999.9,6.1,5.2,11.7,-968.2079819096036,31.197875,121.336319,3.04,68.1411357820131,12.897375857794277,37.21943513509125,0.9536809966304457,0.9943497193247306,31.197875,973.307404515625,0.9996381607177243,1.3962446919730587,-2834.147463702414,4654.704350319257,3300.1479610932843,89.99288237460244,296.565051177078,45.4
2024-04-19,64.6,73.4,57.2,999.9,6.2,12.0,19.4,23.3,31.197875,121.336319,3.04,69.59229454648222,12.92736121606481,37.35929893577572,0.9483615800121715,0.9943497193247306,31.197875,973.307404515625,0.9996381607177243,1.3962446919730587,-2834.147463702414,4654.704350319257,3300.1479610932843,89.99288237460244,296.565051177078,51.7
2024-04-20,65.1,73.4,59.0,999.9,6.2,9.1,13.6,17.5,31.197875,121.336319,3.04,70.29254458832071,12.95715107618815,37.49665276465612,0.9427611433904207,0.9943497193247306,31.197875,973.307404515625,0.9996381607177243,1.3962446919730587,-2834.147463702414,4654.704350319257,3300.1479610932843,89.99288237460244,296.565051177078,56.5
2024-04-21,63.4,68.0,60.8,999.9,5.3,5.6,9.7,-733.0820122405029,31.197875,121.336319,3.04,68.61326121749502,12.986737138958048,37.63148477370465,0.9368813462954315,0.9943497193247306,31.197875,973.307404515625,0.9996381607177243,1.3962446919730587,-2834.147463702414,4654.704350319257,3300.1479610932843,89.99288237460244,296.565051177078,56.3
2024-04-22,64.2,71.6,59.0,999.9,5.9,5.3,7.8,-11.19386915523082,31.197875,121.336319,3.04,69.63619367915557,13.01611096806646,37.76378480099666,0.9307239310379795,0.9943497193247306,31.197875,973.307404515625,0.9996381607177243,1.3962446919730587,-2834.147463702414,4654.704350319257,3300.1479610932843,89.99288237460244,296.565051177078,56.4
2024-04-23,64.9,71.6,57.2,999.9,5.8,4.9,9.7,15.5,31.197875,121.336319,3.04,70.55313607934266,13.045263990017132,37.89354432746522,0.9242907221930933,0.9943497193247306,31.197875,973.307404515625,0.9996381607177243,1.3962446919730587,-2834.147463702414,4654.704350319257,3300.1479610932843,89.99288237460244,296.565051177078,57.1
2024-04-24,69.9,80.6,60.8,999.9,6.2,6.6,11.7,-109.03674747978931,31.197875,121.336319,3.04,76.15714215547582,13.074187494502285,38.02075643175428,0.9175836260593937,0.9943497193247306,31.197875,973.307404515625,0.9996381607177243,1.3962446919730587,-2834.147463702414,4654.704350319257,3300.1479610932843,89.99288237460244,296.565051177078,41.4
2024-04-25,68.1,78.8,60.8,999.9,6.2,10.4,15.5,21.4,31.197875,121.336319,3.04,74.35880220509532,13.10287263525909,38.145415743291544,0.9106046300942162,0.9943497193247306,31.197875,973.307404515625,0.9996381607177243,1.3962446919730587,-2834.147463702414,4654.704350319257,3300.1479610932843,89.99288237460244,296.565051177078,42.6
2024-04-26,64.2,69.8,60.8,999.9,5.9,6.3,9.7,160.73076428579066,31.197875,121.336319,3.04,70.25251080810922,13.131310431422284,38.267518393704115,0.9033558023246845,0.9943497193247306,31.197875,973.307404515625,0.9996381607177243,1.3962446919730587,-2834.147463702414,4654.704350319257,3300.1479610932843,89.99288237460244,296.565051177078,57.7
2024-04-27,66.6,69.8,64.4,999.9,5.8,8.1,11.7,-63.8933480071137,31.197875,121.336319,3.04,73.0351793201067,13.159491769388596,38.387061966703406,0.895839290734909,0.9943497193247306,31.197875,973.307404515625,0.9996381607177243,1.3962446919730587,-2834.147463702414,4654.704350319257,3300.1479610932843,89.99288237460244,296.565051177078,61.1
2024-04-28,67.0,69.8,64.4,999.9,4.6,6.7,11.7,828.4386688627513,31.197875,121.336319,3.04,73.6296913457452,13.187407405208095,38.504045446566224,0.8880573226294932,0.9943497193247306,31.197875,973.307404515625,0.9996381607177243,1.3962446919730587,-2834.147463702414,4654.704350319257,3300.1479610932843,89.99288237460244,296.565051177078,64.4
2024-04-29,67.2,73.4,60.8,999.9,6.2,6.6,11.7,65.65995947063408,31.197875,121.336319,3.04,74.00426861809389,13.215047967516766,38.61846916534176,0.8800122039735357,0.9943497193247306,31.197875,973.307404515625,0.9996381607177243,1.3962446919730587,-2834.147463702414,4654.704350319257,3300.1479610932843,89.99288237460244,296.565051177078,60.0
2024-04-30,57.7,64.4,53.6,999.9,6.0,9.6,13.6,292.6427979814114,31.197875,121.336319,3.04,63.67389237925601,13.24240396102378,38.73033474891414,0.8717063187093218,0.9943497193247306,31.197875,973.307404515625,0.9996381607177243,1.3962446919730587,-2834.147463702414,4654.704350319257,3300.1479610932843,89.99288237460244,296.565051177078,53.4
2024-05-02,64.0,69.8,59.0,999.9,6.2,6.9,11.7,696.498548617139,31.197875,121.336319,3.04,70.9131928839448,13.29622366573965,38.94640415257327,0.854322169749827,0.9943497193247306,31.197875,973.307404515625,0.9996381607177243,1.3962446919730587,-2834.147463702414,4654.704350319257,3300.1479610932843,89.99288237460244,296.565051177078,53.5
2024-05-03,66.3,73.4,62.6,999.9,6.2,8.3,11.7,-545.7262701848941,31.197875,121.336319,3.04,73.60773962883128,13.32266780612331,39.050617194763724,0.8452490573530633,0.9943497193247306,31.197875,973.307404515625,0.9996381607177243,1.3962446919730587,-2834.147463702414,4654.704350319257,3300.1479610932843,89.99288237460244,296.565051177078,50.5
2024-05-04,64.2,66.2,62.6,999.9,5.9,9.0,13.6,-376.22597170014274,31.197875,121.336319,3.04,71.41601712195148,13.348788247093733,39.15229043216671,0.8359254794186372,0.9943497193247306,31.197875,973.307404515625,0.9996381607177243,1.3962446919730587,-2834.147463702414,4654.704350319257,3300.1479610932843,89.99288237460244,296.565051177078,57.6
2024-05-05,68.1,71.6,64.4,999.9,5.4,5.7,11.7,-647.7134911716948,31.197875,121.336319,3.04,75.90071281996053,13.374574946248552,39.251431119886036,0.8263541987239096,0.9943497193247306,31.197875,973.307404515625,0.9996381607177243,1.3962446919730587,-2834.147463702414,4654.704350319257,3300.1479610932843,89.99288237460244,296.565051177078,62.6
2024-05-06,72.3,80.6,62.6,999.9,5.4,5.4,9.7,17.5,31.197875,121.336319,3.04,80.73510706688225,13.400017770436888,39.34804746652181,0.8165380514459161,0.9943497193247306,31.197875,973.307404515625,0.9996381607177243,1.3962446919730587,-2834.147463702414,4654.704350319257,3300.1479610932843,89.99288237460244,296.565051177078,58.5
2024-05-07,72.0,82.4,62.6,999.9,6.0,6.2,9.7,-565.0740442992872,31.197875,121.336319,3.04,80.55063902041617,13.425106503402697,39.44214857586848,0.8064799463209448,0.9943497193247306,31.197875,973.307404515625,0.9996381607177243,1.3962446919730587,-2834.147463702414,4654.704350319257,3300.1479610932843,89.99288237460244,296.565051177078,52.9
2024-05-08,66.8,77.0,57.2,999.9,6.1,7.2,13.6,19.4,31.197875,121.336319,3.04,74.870725087501,13.449830854042096,39.53374438849778,0.7961828637826158,0.9943497193247306,31.197875,973.307404515625,0.9996381607177243,1.3962446919730587,-2834.147463702414,4654.704350319257,3300.1479610932843,89.99288237460244,296.565051177078,49.8
2024-05-09,66.5,77.0,59.0,999.9,6.2,8.3,11.7,17.5,31.197875,121.336319,3.04,74.66941674505978,13.474180465273946,39.622845623348496,0.7856498550787147,0.9943497193247306,31.197875,973.307404515625,0.9996381607177243,1.3962446919730587,-2834.147463702414,4654.704350319257,3300.1479610932843,89.99288237460244,296.565051177078,47.4
2024-05-10,72.8,80.6,68.0,999.9,6.2,10.0,15.5,40.1587103255948,31.197875,121.336319,3.04,81.88874586935884,13.498144923520687,39.70946371944134,0.7748840413670407,0.9943497193247306,31.197875,973.307404515625,0.9996381607177243,1.3962446919730587,-2834.147463702414,4654.704350319257,3300.1479610932843,89.99288237460244,296.565051177078,57.5
2024-05-11,69.8,77.0,64.4,999.9,4.4,7.8,15.5,19.4,31.197875,121.336319,3.04,78.65130175515223,13.521713768794083,39.79361077783425,0.7638886127905428,0.9943497193247306,31.197875,973.307404515625,0.9996381607177243,1.3962446919730587,-2834.147463702414,4654.704350319257,3300.1479610932843,89.99288237460244,296.565051177078,66.7
2024-05-12,65.8,73.4,57.2,999.9,6.2,6.1,13.6,-228.33346504599857,31.197875,121.336319,3.04,74.2710728378222,13.54487650537791,39.87529950392982,0.7526668275320085,0.9943497193247306,31.197875,973.307404515625,0.9996381607177243,1.3962446919730587,-2834.147463702414,4654.704350319257,3300.1479610932843,89.99288237460244,296.565051177078,47.7
2024-05-13,70.0,80.6,60.8,999.9,6.2,6.0,11.7,-85.57491215102591,31.197875,121.336319,3.04,79.14446524306626,13.567622613097072,39.95454315024323,0.7412220108485958,0.9943497193247306,31.197875,973.307404515625,0.9996381607177243,1.3962446919730587,-2834.147463702414,4654.704350319257,3300.1479610932843,89.99288237460244,296.565051177078,46.4
2024-05-14,71.4,82.4,60.8,999.9,6.2,6.6,11.7,1151.2277242542941,31.197875,121.336319,3.04,80.8601522770007,13.58994155915978,40.0313554597341,0.7295575540864875,0.9943497193247306,31.197875,973.307404515625,0.9996381607177243,1.3962446919730587,-2834.147463702414,4654.704350319257,3300.1479610932843,89.99288237460244,296.565051177078,48.1
2024-05-15,66.4,82.4,53.6,999.9,6.2,9.9,25.3,-506.822114939017,31.197875,121.336319,3.04,75.31875288508026,13.611822810556673,40.10575060980245,0.717676913675962,0.9943497193247306,31.197875,973.307404515625,0.9996381607177243,1.3962446919730587,-2834.147463702414,4654.704350319257,3300.1479610932843,89.99288237460244,296.565051177078,47.8
2024-05-16,70.8,82.4,62.6,999.9,6.2,8.4,11.7,17.5,31.197875,121.336319,3.04,80.43620949728664,13.633255846997738,40.177743157043324,0.705583610107178,0.9943497193247306,31.197875,973.307404515625,0.9996381607177243,1.3962446919730587,-2834.147463702414,4654.704350319257,3300.1479610932843,89.99288237460244,296.565051177078,42.5
2024-05-17,76.2,87.8,68.0,999.9,6.2,9.4,11.7,73.48701026200825,31.197875,121.336319,3.04,86.70436160721766,13.654230174364985,40.24734798285102,0.6932812268869777,0.9943497193247306,31.197875,973.307404515625,0.9996381607177243,1.3962446919730587,-2834.147463702414,4654.704350319257,3300.1479610932843,89.99288237460244,296.565051177078,57.7
2024-05-18,75.7,86.0,68.0,999.9,6.2,10.3,13.6,21.4,31.197875,121.336319,3.04,86.26478876135296,13.674735338655685,40.314580239957756,0.6807734094770161,0.9943497193247306,31.197875,973.307404515625,0.9996381607177243,1.3962446919730587,-2834.147463702414,4654.704350319257,3300.1479610932843,89.99288237460244,296.565051177078,63.5
2024-05-19,74.0,84.2,69.8,999.9,6.2,8.7,11.7,21.4,31.197875,121.336319,3.04,84.4510257990591,13.694760940387962,40.37945529998776,0.6680638642135335,0.9943497193247306,31.197875,973.307404515625,0.9996381607177243,1.3962446919730587,-2834.147463702414,4654.704350319257,3300.1479610932843,89.99288237460244,296.565051177078,63.1
2024-05-20,75.7,82.4,71.6,999.9,6.2,9.1,11.7,-673.2629028963746,31.197875,121.336319,3.04,86.51435469686766,13.71429664943741,40.44198870210135,0.6551563572090853,0.9943497193247306,31.197875,973.307404515625,0.9996381607177243,1.3962446919730587,-2834.147463702414,4654.704350319257,3300.1479610932843,89.99288237460244,296.565051177078,66.6
2024-05-21,73.9,80.6,69.8,999.9,6.2,7.4,13.6,-232.5439013688109,31.197875,121.336319,3.04,84.57443758983145,13.733332220270327,40.50219610279956,0.6420547132365637,0.9943497193247306,31.197875,973.307404515625,0.9996381607177243,1.3962446919730587,-2834.147463702414,4654.704350319257,3300.1479610932843,89.99288237460244,296.565051177078,60.9
2024-05-22,74.7,82.4,68.0,999.9,6.2,6.5,9.7,53.451807667108866,31.197875,121.336319,3.04,85.60531298441212,13.751857507536084,40.5600932269536,0.6287628145958344,0.9943497193247306,31.197875,973.307404515625,0.9996381607177243,1.3962446919730587,-2834.147463702414,4654.704350319257,3300.1479610932843,89.99288237460244,296.565051177078,60.9
2024-05-23,74.9,84.2,69.8,999.9,6.2,7.1,11.7,884.954503381138,31.197875,121.336319,3.04,85.94689165834713,13.769862481978176,40.61569582011839,0.6152845999633276,0.9943497193247306,31.197875,973.307404515625,0.9996381607177243,1.3962446919730587,-2834.147463702414,4654.704350319257,3300.1479610932843,89.99288237460244,296.565051177078,65.1
2024-05-24,76.4,87.8,71.6,999.9,6.2,8.0,13.6,-127.94820147560856,31.197875,121.336319,3.04,87.77938047015071,13.787337246620531,40.66901960218439,0.6016240632249226,0.9943497193247306,31.197875,973.307404515625,0.9996381607177243,1.3962446919730587,-2834.147463702414,4654.704350319257,3300.1479610932843,89.99288237460244,296.565051177078,65.6
2024-05-25,75.8,80.6,73.4,999.9,6.2,10.3,13.6,-792.6820002706487,31.197875,121.336319,3.04,87.19698513593872,13.804272053182912,40.720080222416115,0.5877852522924732,0.9943497193247306,31.197875,973.307404515625,0.9996381607177243,1.3962446919730587,-2834.147463702414,4654.704350319257,3300.1479610932843,89.99288237460244,296.565051177078,68.3
2024-05-26,82.1,95.0,69.8,999.9,6.0,7.8,13.6,17.5,31.197875,121.336319,3.04,94.5563304886114,13.820657318676455,40.76889321592092,0.5737722679043246,0.9943497193247306,31.197875,973.307404515625,0.9996381607177243,1.3962446919730587,-2834.147463702414,4654.704350319257,3300.1479610932843,89.99288237460244,296.565051177078,71.2
2024-05-27,66.2,71.6,62.6,999.9,6.2,9.7,15.5,25.3,31.197875,121.336319,3.04,76.33126809240613,13.836483642128,40.815473961586264,0.5595892624101765,0.9943497193247306,31.197875,973.307404515625,0.9996381607177243,1.3962446919730587,-2834.147463702414,4654.704350319257,3300.1479610932843,89.99288237460244,296.565051177078,57.8
2024-05-28,73.2,82.4,64.4,999.9,6.2,7.3,13.6,-131.5051574786549,31.197875,121.336319,3.04,84.49562511041411,13.851741821379361,40.859837641518816,0.545240438540651,0.9943497193247306,31.197875,973.307404515625,0.9996381607177243,1.3962446919730587,-2834.147463702414,4654.704350319257,3300.1479610932843,89.99288237460244,296.565051177078,48.2
2024-05-29,72.5,80.6,66.2,999.9,6.2,10.5,15.5,-543.3769696075212,31.197875,121.336319,3.04,83.77630483901372,13.866422869905717,40.90199920201378,0.5307300481619334,0.9943497193247306,31.197875,973.307404515625,0.9996381607177243,1.3962446919730587,-2834.147463702414,4654.704350319257,3300.1479610932843,89.99288237460244,296.565051177078,55.9
2024-05-30,72.9,82.4,68.0,999.9,4.6,5.7,9.7,-381.1346131881243,31.197875,121.336319,3.04,84.32414705409161,13.880518033595326,40.941973316078325,0.5160623910158528,0.9943497193247306,31.197875,973.307404515625,0.9996381607177243,1.3962446919730587,-2834.147463702414,4654.704350319257,3300.1479610932843,89.99288237460244,296.565051177078,65.2
2024-05-31,69.6,73.4,66.2,999.9,4.6,4.7,9.7,177.8651100015996,31.197875,121.336319,3.04,80.58530908310031,13.89401880743109,40.97977434752847,0.5012418134457758,0.9943497193247306,31.197875,973.307404515625,0.9996381607177243,1.3962446919730587,-2834.147463702414,4654.704350319257,3300.1479610932843,89.99288237460244,296.565051177078,65.2
2024-06-01,72.1,78.8,66.2,999.9,5.9,6.1,11.7,-784.4914028832028,31.197875,121.336319,3.04,83.55739268668006,13.906916952013326,41.01541631667452,0.48627270710868997,0.9943497193247306,31.197875,973.307404515625,0.9996381607177243,1.3962446919730587,-2834.147463702414,4654.704350319257,3300.1479610932843,89.99288237460244,296.565051177078,60.6
2024-06-02,75.3,84.2,69.8,999.9,6.2,5.7,9.7,21.4,31.197875,121.336319,3.04,87.34300829938316,13.91920450986186,41.04891286760636,0.4711595076738638,0.9943497193247306,31.197875,973.307404515625,0.9996381607177243,1.3962446919730587,-2834.147463702414,4654.704350319257,3300.1479610932843,89.99288237460244,296.565051177078,52.0
2024-06-03,79.2,89.6,68.0,999.9,6.2,7.0,11.7,-28.51896690916928,31.197875,121.336319,3.04,91.94376722147106,13.930873821435009,41.08027723708625,0.4559066935084588,0.9943497193247306,31.197875,973.307404515625,0.9996381607177243,1.3962446919730587,-2834.147463702414,4654.704350319257,3300.1479610932843,89.99288237460244,296.565051177078,56.8
2024-06-04,75.7,84.2,71.6,999.9,6.2,9.1,11.7,167.72019956752084,31.197875,121.336319,3.04,87.9502631532299,13.941917540802624,41.10952222505303,0.440518784350495,0.9943497193247306,31.197875,973.307404515625,0.9996381607177243,1.3962446919730587,-2834.147463702414,4654.704350319257,3300.1479610932843,89.99288237460244,296.565051177078,62.5
2024-06-05,68.1,75.2,62.6,999.9,6.2,7.4,15.5,-82.64129581754725,31.197875,121.336319,3.04,79.17946509391604,13.952328650910317,41.136660166739325,0.42500033996955416,0.9943497193247306,31.197875,973.307404515625,0.9996381607177243,1.3962446919730587,-2834.147463702414,4654.704350319257,3300.1479610932843,89.99288237460244,296.565051177078,63.1
2024-06-06,68.3,75.2,64.4,999.9,6.2,4.3,7.8,-1099.5866135912484,31.197875,121.336319,3.04,79.46762188940346,13.962100478372497,41.161702906399924,0.4093559588156213,0.9943497193247306,31.197875,973.307404515625,0.9996381607177243,1.3962446919730587,-2834.147463702414,4654.704350319257,3300.1479610932843,89.99288237460244,296.565051177078,59.8
2024-06-07,73.0,78.8,69.8,999.9,6.2,6.1,9.7,1189.511466776645,31.197875,121.336319,3.04,84.9916291387061,13.97122670773251,41.18466177264736,0.39359027665646673,0.9943497193247306,31.197875,973.307404515625,0.9996381607177243,1.3962446919730587,-2834.147463702414,4654.704350319257,3300.1479610932843,89.99288237460244,296.565051177078,64.5
2024-06-08,76.8,86.0,71.6,999.9,6.1,5.3,11.7,15.5,31.197875,121.336319,3.04,89.47008892882826,13.979701395129416,41.205547555389096,0.3777079652039649,0.9943497193247306,31.197875,973.307404515625,0.9996381607177243,1.3962446919730587,-2834.147463702414,4654.704350319257,3300.1479610932843,89.99288237460244,296.565051177078,66.0
2024-06-09,79.5,89.6,73.4,999.9,6.0,6.3,11.7,-163.90070894631754,31.197875,121.336319,3.04,92.66731325119504,13.98751898131246,41.224370484358154,0.36171373072976765,0.9943497193247306,31.197875,973.307404515625,0.9996381607177243,1.3962446919730587,-2834.147463702414,4654.704350319257,3300.1479610932843,89.99288237460244,296.565051177078,63.5
2024-06-10,73.8,78.8,69.8,999.9,6.2,9.1,13.6,433.51110141106483,31.197875,121.336319,3.04,86.0672469692698,13.994674303946312,41.24114020922852,0.3456123126707335,0.9943497193247306,31.197875,973.307404515625,0.9996381607177243,1.3962446919730587,-2834.147463702414,4654.704350319257,3300.1479610932843,89.99288237460244,296.565051177078,63.9
2024-06-11,73.0,75.2,71.6,999.9,5.4,5.0,7.8,-228.60674443680753,31.197875,121.336319,3.04,85.17373920567726,14.001162609152427,41.25586578130531,0.3294084822245304,0.9943497193247306,31.197875,973.307404515625,0.9996381607177243,1.3962446919730587,-2834.147463702414,4654.704350319257,3300.1479610932843,89.99288237460244,296.565051177078,70.1
2024-06-12,78.3,86.0,73.4,999.9,5.1,5.4,7.8,15.5,31.197875,121.336319,3.04,91.39554164358134,14.00697956223469,41.26855563677867,0.3131070409358269,0.9943497193247306,31.197875,973.307404515625,0.9996381607177243,1.3962446919730587,-2834.147463702414,4654.704350319257,3300.1479610932843,89.99288237460244,296.565051177078,71.0
2024-06-13,79.3,89.6,73.4,999.9,5.2,7.0,11.7,-15.22714122100593,31.197875,121.336319,3.04,92.59676797691382,14.012121257540555,41.2792175815308,0.29671281927349075,0.9943497193247306,31.197875,973.307404515625,0.9996381607177243,1.3962446919730587,-2834.147463702414,4654.704350319257,3300.1479610932843,89.99288237460244,296.565051177078,70.3
2024-06-14,79.6,87.8,73.4,999.9,6.1,7.3,11.7,-133.403501780819,31.197875,121.336319,3.04,92.97667537516898,14.016584227412409,41.2878587774846,0.28023067519921585,0.9943497193247306,31.197875,973.307404515625,0.9996381607177243,1.3962446919730587,-2834.147463702414,4654.704350319257,3300.1479610932843,89.99288237460244,296.565051177078,70.0
2024-06-15,81.8,93.2,73.4,999.9,6.2,5.5,9.7,17.5,31.197875,121.336319,3.04,95.572157818779,14.02036545018763,41.294485730483274,0.26366549272800704,0.9943497193247306,31.197875,973.307404515625,0.9996381607177243,1.3962446919730587,-2834.147463702414,4654.704350319257,3300.1479610932843,89.99288237460244,296.565051177078,69.0
2024-06-16,82.0,91.4,75.2,999.9,6.2,7.9,11.7,-199.1150531441174,31.197875,121.336319,3.04,95.82699277426792,14.02346235720994,41.299104279690404,0.24702218048093552,0.9943497193247306,31.197875,973.307404515625,0.9996381607177243,1.3962446919730587,-2834.147463702414,4654.704350319257,3300.1479610932843,89.99288237460244,296.565051177078,67.9
2024-06-17,77.0,84.2,69.8,999.9,6.2,6.2,11.7,-1064.5488064360122,31.197875,121.336319,3.04,89.99935071575561,14.025872838819057,41.30171958850089,0.23030567023061221,0.9943497193247306,31.197875,973.307404515625,0.9996381607177243,1.3962446919730587,-2834.147463702414,4654.704350319257,3300.1479610932843,89.99288237460244,296.565051177078,65.1
2024-06-18,78.9,86.0,73.4,999.9,6.2,10.7,15.5,-168.97920204078815,31.197875,121.336319,3.04,92.23143876408321,14.02759524929022,41.30233613695408,0.21352091543979612,0.9943497193247306,31.197875,973.307404515625,0.9996381607177243,1.3962446919730587,-2834.147463702414,4654.704350319257,3300.1479610932843,89.99288237460244,296.565051177078,65.2
2024-06-19,76.8,78.8,73.4,999.9,5.6,7.3,9.7,674.3954261554965,31.197875,121.336319,3.04,89.7832218284809,14.02862841070014,41.30095771564151,0.19667288979357647,0.9943497193247306,31.197875,973.307404515625,0.9996381607177243,1.3962446919730587,-2834.147463702414,4654.704350319257,3300.1479610932843,89.99288237460244,296.565051177078,74.8
2024-06-20,81.1,87.8,77.0,999.9,6.1,5.6,11.7,285.8110570426621,31.197875,121.336319,3.04,94.81246650277794,14.028971615700806,41.29758742110299,0.1797665857255624,0.9943497193247306,31.197875,973.307404515625,0.9996381607177243,1.3962446919730587,-2834.147463702414,4654.704350319257,3300.1479610932843,89.99288237460244,296.565051177078,76.8
2024-06-21,80.4,84.2,78.8,999.9,5.1,4.3,5.8,13.6,31.197875,121.336319,3.04,93.99178501555896,14.028624629187904,41.292227652706394,0.16280701293851715,0.9943497193247306,31.197875,973.307404515625,0.9996381607177243,1.3962446919730587,-2834.147463702414,4654.704350319257,3300.1479610932843,89.99288237460244,296.565051177078,77.5
2024-06-22,82.2,89.6,77.0,999.9,6.1,5.4,13.6,23.3,31.197875,121.336319,3.04,96.08897566866236,14.027587688855819,41.28488011100759,0.1457991969198751,0.9943497193247306,31.197875,973.307404515625,0.9996381607177243,1.3962446919730587,-2834.147463702414,4654.704350319257,3300.1479610932843,89.99288237460244,296.565051177078,77.1
2024-06-23,74.0,80.6,69.8,999.9,6.1,6.2,11.7,-548.7919683459041,31.197875,121.336319,3.04,86.4928126119252,14.02586150463652,41.27554579758898,0.12874817745258132,0.9943497193247306,31.197875,973.307404515625,0.9996381607177243,1.3962446919730587,-2834.147463702414,4654.704350319257,3300.1479610932843,89.99288237460244,296.565051177078,70.9
2024-06-24,77.3,84.2,71.6,999.9,6.2,5.8,9.7,140.26739462709554,31.197875,121.336319,3.04,90.33437274733637,14.023447257025053,41.264225016376564,0.11165900712169512,0.9943497193247306,31.197875,973.307404515625,0.9996381607177243,1.3962446919730587,-2834.147463702414,4654.704350319257,3300.1479610932843,89.99288237460244,296.565051177078,71.7
2024-06-25,72.9,77.0,71.6,999.9,4.8,4.4,9.7,681.5791895694654,31.197875,121.336319,3.04,85.17360556037079,14.020346594299717,41.25091737643674,0.09453674981719912,0.9943497193247306,31.197875,973.307404515625,0.9996381607177243,1.3962446919730587,-2834.147463702414,4654.704350319257,3300.1479610932843,89.99288237460244,296.565051177078,70.0
2024-06-26,75.7,78.8,73.4,999.9,5.2,7.2,13.6,303.1618244711188,31.197875,121.336319,3.04,88.4211429407349,14.01656162865018,41.235621796256076,0.07738647923346301,0.9943497193247306,31.197875,973.307404515625,0.9996381607177243,1.3962446919730587,-2834.147463702414,4654.704350319257,3300.1479610932843,89.99288237460244,296.565051177078,73.3
2024-06-27,74.6,77.0,73.4,999.9,6.0,4.5,9.7,-543.3245158904205,31.197875,121.336319,3.04,87.10852348915962,14.012094931232113,41.21833650950832,0.06021327736579302,0.9943497193247306,31.197875,973.307404515625,0.9996381607177243,1.3962446919730587,-2834.147463702414,4654.704350319257,3300.1479610932843,89.99288237460244,296.565051177078,72.4
2024-06-28,78.0,82.4,75.2,999.9,5.9,7.4,11.7,15.5,31.197875,121.336319,3.04,91.04517192011723,14.006949526171882,41.19905907231449,0.04302223300453059,0.9943497193247306,31.197875,973.307404515625,0.9996381607177243,1.3962446919730587,-2834.147463702414,4654.704350319257,3300.1479610932843,89.99288237460244,296.565051177078,74.7
2024-06-29,84.6,89.6,77.0,999.9,5.9,8.3,13.6,621.6134193060153,31.197875,121.336319,3.04,98.70795862902509,14.00112888354966,41.17778637200283,0.02581844022713308,0.9943497193247306,31.197875,973.307404515625,0.9996381607177243,1.3962446919730587,-2834.147463702414,4654.704350319257,3300.1479610932843,89.99288237460244,296.565051177078,77.0
2024-06-30,77.7,80.6,75.2,999.9,5.5,5.0,13.6,21.4,31.197875,121.336319,3.04,90.61527400127655,13.994636911394062,41.154514637376764,0.008606996888688698,0.9943497193247306,31.197875,973.307404515625,0.9996381607177243,1.3962446919730587,-2834.147463702414,4654.704350319257,3300.1479610932843,89.99288237460244,296.565051177078,75.7
2024-07-01,84.2,89.6,80.6,999.9,6.1,8.3,15.5,-255.6062010918529,31.197875,121.336319,3.04,98.14547025952531,13.987477946725697,41.12923945049935,-0.008606996888688009,0.9943497193247306,31.197875,973.307404515625,0.9996381607177243,1.3962446919730587,-2834.147463702414,4654.704350319257,3300.1479610932843,89.99288237460244,296.565051177078,78.3
2024-07-02,85.5,95.0,78.8,999.9,6.2,8.1,17.5,25.3,31.197875,121.336319,3.04,99.60505431304928,13.979656745691129,41.101955760003506,-0.02581844022713239,0.9943497193247306,31.197875,973.307404515625,0.9996381607177243,1.3962446919730587,-2834.147463702414,4654.704350319257,3300.1479610932843,89.99288237460244,296.565051177078,74.8
2024-07-03,87.7,96.8,78.8,999.9,6.1,4.8,13.6,-40.45285316821908,31.197875,121.336319,3.04,102.10602933895198,13.971178472832653,41.072657895937695,-0.04302223300453034,0.9943497193247306,31.197875,973.307404515625,0.9996381607177243,1.3962446919730587,-2834.147463702414,4654.704350319257,3300.1479610932843,89.99288237460244,296.565051177078,76.4
2024-07-04,93.4,102.2,84.2,999.9,6.2,7.0,13.6,19.4,31.197875,121.336319,3.04,108.67127896693987,13.962048689542595,41.04133958615651,-0.060213277365792774,0.9943497193247306,31.197875,973.307404515625,0.9996381607177243,1.3962446919730587,-2834.147463702414,4654.704350319257,3300.1479610932843,89.99288237460244,296.565051177078,77.2
2024-07-05,93.7,102.2,86.0,999.9,6.2,9.3,11.7,54.54765320933538,31.197875,121.336319,3.04,108.94400101019616,13.952273341754042,41.00799397426532,-0.07738647923346322,0.9943497193247306,31.197875,973.307404515625,0.9996381607177243,1.3962446919730587,-2834.147463702414,4654.704350319257,3300.1479610932843,89.99288237460244,296.565051177078,76.4
2024-07-06,93.1,102.2,86.0,999.9,6.2,9.1,11.7,23.3,31.197875,121.336319,3.04,108.16558744487476,13.941858746922634,40.97261363912788,-0.09453674981719933,0.9943497193247306,31.197875,973.307404515625,0.9996381607177243,1.3962446919730587,-2834.147463702414,4654.704350319257,3300.1479610932843,89.99288237460244,296.565051177078,78.1
2024-07-07,94.7,102.2,86.0,999.9,6.2,8.3,9.7,19.4,31.197875,121.336319,3.04,109.9373213883124,13.930811580356377,40.93519061594453,-0.11165900712169444,0.9943497193247306,31.197875,973.307404515625,0.9996381607177243,1.3962446919730587,-2834.147463702414,4654.704350319257,3300.1479610932843,89.99288237460244,296.565051177078,76.7
2024-07-08,93.5,102.2,86.0,999.9,6.2,8.2,11.7,23.3,31.197875,121.336319,3.04,108.45329029158752,13.91913886095241,40.895716418907384,-0.12874817745258066,0.9943497193247306,31.197875,973.307404515625,0.9996381607177243,1.3962446919730587,-2834.147463702414,4654.704350319257,3300.1479610932843,89.99288237460244,296.565051177078,75.7
2024-07-09,92.4,96.8,87.8,999.9,6.2,8.0,11.7,577.5268467677715,31.197875,121.336319,3.04,107.08272911028948,13.90684793640123,40.854182065437726,-0.14579919691987442,0.9943497193247306,31.197875,973.307404515625,0.9996381607177243,1.3962446919730587,-2834.147463702414,4654.704350319257,3300.1479610932843,89.99288237460244,296.565051177078,75.6
2024-07-10,84.3,93.2,77.0,999.9,6.2,6.3,25.3,33.0,31.197875,121.336319,3.04,97.6049739371383,13.893946467920044,40.81057810200833,-0.16280701293851646,0.9943497193247306,31.197875,973.307404515625,0.9996381607177243,1.3962446919730587,-2834.147463702414,4654.704350319257,3300.1479610932843,89.99288237460244,296.565051177078,76.5
2024-07-11,77.8,82.4,75.2,999.9,5.9,4.9,15.5,23.3,31.197875,121.336319,3.04,89.99153498784517,13.880442414577661,40.76489463155162,-0.17976658572556214,0.9943497193247306,31.197875,973.307404515625,0.9996381607177243,1.3962446919730587,-2834.147463702414,4654.704350319257,3300.1479610932843,89.99288237460244,296.565051177078,73.4
2024-07-12,78.9,80.6,77.0,999.9,5.3,5.6,7.8,813.8323515625094,31.197875,121.336319,3.04,91.17121191357526,13.866344017273804,40.71712134245207,-0.19667288979357622,0.9943497193247306,31.197875,973.307404515625,0.9996381607177243,1.3962446919730587,-2834.147463702414,4654.704350319257,3300.1479610932843,89.99288237460244,296.565051177078,75.9
2024-07-13,82.4,87.8,78.8,999.9,5.0,4.3,7.8,15.5,31.197875,121.336319,3.04,95.11473050605778,13.851659782435599,40.66724753911772,-0.2135209154397959,0.9943497193247306,31.197875,973.307404515625,0.9996381607177243,1.3962446919730587,-2834.147463702414,4654.704350319257,3300.1479610932843,89.99288237460244,296.565051177078,77.9
2024-07-14,84.8,89.6,80.6,999.9,5.2,5.1,9.7,808.2331959522131,31.197875,121.336319,3.04,97.77721582282297,13.836398465493817,40.615262174123494,-0.23030567023061196,0.9943497193247306,31.197875,973.307404515625,0.9996381607177243,1.3962446919730587,-2834.147463702414,4654.704350319257,3300.1479610932843,89.99288237460244,296.565051177078,77.6
2024-07-15,87.4,93.2,82.4,999.9,6.2,6.3,9.7,-1278.4913614738214,31.197875,121.336319,3.04,100.65981127809408,13.820569054200561,40.56115388191461,-0.24702218048093527,0.9943497193247306,31.197875,973.307404515625,0.9996381607177243,1.3962446919730587,-2834.147463702414,4654.704350319257,3300.1479610932843,89.99288237460244,296.565051177078,77.8
2024-07-16,89.8,96.8,84.2,999.9,6.2,11.4,15.5,785.6189983582914,31.197875,121.336319,3.04,103.3012859596715,13.804180751849199,40.5049110140553,-0.2636654927280072,0.9943497193247306,31.197875,973.307404515625,0.9996381607177243,1.3962446919730587,-2834.147463702414,4654.704350319257,3300.1479610932843,89.99288237460244,296.565051177078,76.3
2024-07-17,91.3,96.8,87.8,999.9,6.2,8.2,11.7,-842.3553053157624,31.197875,121.336319,3.04,104.89794019080229,13.787242960455941,40.44652167600361,-0.2802306751992161,0.9943497193247306,31.197875,973.307404515625,0.9996381607177243,1.3962446919730587,-2834.147463702414,4654.704350319257,3300.1479610932843,89.99288237460244,296.565051177078,78.0
2024-07-18,91.4,100.4,86.0,999.9,6.2,7.9,11.7,-317.2199146667419,31.197875,121.336319,3.04,104.87971209383466,13.769765263960785,40.385973765389245,-0.2967128192734901,0.9943497193247306,31.197875,973.307404515625,0.9996381607177243,1.3962446919730587,-2834.147463702414,4654.704350319257,3300.1479610932843,89.99288237460244,296.565051177078,76.0
2024-07-19,93.4,104.0,86.0,999.9,6.2,7.4,11.7,19.4,31.197875,121.336319,3.04,107.03451185287118,13.75175741150379,40.323255011766555,-0.3131070409358267,0.9943497193247306,31.197875,973.307404515625,0.9996381607177243,1.3962446919730587,-2834.147463702414,4654.704350319257,3300.1479610932843,89.99288237460244,296.565051177078,75.3
2024-07-20,92.6,102.2,86.0,999.9,6.2,8.3,11.7,39.16760837209476,31.197875,121.336319,3.04,105.97475277140762,13.733229300830363,40.25835301781065,-0.3294084822245302,0.9943497193247306,31.197875,973.307404515625,0.9996381607177243,1.3962446919730587,-2834.147463702414,4654.704350319257,3300.1479610932843,89.99288237460244,296.565051177078,78.2
2024-07-21,91.2,102.2,84.2,999.9,6.2,8.7,13.6,-5.935656134052483,31.197875,121.336319,3.04,104.22785131026508,13.714190961876984,40.19125530191951,-0.3456123126707333,0.9943497193247306,31.197875,973.307404515625,0.9996381607177243,1.3962446919730587,-2834.147463702414,4654.704350319257,3300.1479610932843,89.99288237460244,296.565051177078,77.7
2024-07-22,91.5,100.4,84.2,999.9,6.2,11.3,15.5,166.49672146070301,31.197875,121.336319,3.04,104.42172562197047,13.694652540586292,40.12194934218025,-0.3617137307297674,0.9943497193247306,31.197875,973.307404515625,0.9996381607177243,1.3962446919730587,-2834.147463702414,4654.704350319257,3300.1479610932843,89.99288237460244,296.565051177078,76.8
2024-07-23,90.6,98.6,84.2,999.9,6.2,11.2,15.5,21.4,31.197875,121.336319,3.04,103.24341333663227,13.674624282997653,40.0504226216528,-0.37770796520396466,0.9943497193247306,31.197875,973.307404515625,0.9996381607177243,1.3962446919730587,-2834.147463702414,4654.704350319257,3300.1479610932843,89.99288237460244,296.565051177078,77.2
2024-07-24,89.1,96.8,78.8,999.9,6.2,12.6,17.5,33.0,31.197875,121.336319,3.04,101.3818151584507,13.654116519656661,39.976662674919005,-0.39359027665646645,0.9943497193247306,31.197875,973.307404515625,0.9996381607177243,1.3962446919730587,-2834.147463702414,4654.704350319257,3300.1479610932843,89.99288237460244,296.565051177078,77.7
2024-07-25,87.4,93.2,80.6,999.9,6.2,13.3,17.5,33.0,31.197875,121.336319,3.04,99.29470045362991,13.633139650383969,39.90065713584059,-0.4093559588156211,0.9943497193247306,31.197875,973.307404515625,0.9996381607177243,1.3962446919730587,-2834.147463702414,4654.704350319257,3300.1479610932843,89.99288237460244,296.565051177078,77.5
2024-07-26,84.9,91.4,80.6,999.9,6.2,15.9,19.4,36.9,31.197875,121.336319,3.04,96.30280671579473,13.611704129440952,39.822393786463564,-0.42500033996955394,0.9943497193247306,31.197875,973.307404515625,0.9996381607177243,1.3962446919730587,-2834.147463702414,4654.704350319257,3300.1479610932843,89.99288237460244,296.565051177078,78.4
2024-07-27,87.6,93.2,84.2,999.9,6.2,18.1,25.3,35.0,31.197875,121.336319,3.04,99.20568929322384,13.589820451126554,39.741860607002614,-0.4405187843504952,0.9943497193247306,31.197875,973.307404515625,0.9996381607177243,1.3962446919730587,-2834.147463702414,4654.704350319257,3300.1479610932843,89.99288237460244,296.565051177078,77.6
2024-07-28,88.7,96.8,82.4,999.9,6.2,14.8,21.4,29.1,31.197875,121.336319,3.04,100.28643111239272,13.56749913583667,39.65904582683319,-0.455906693508459,0.9943497193247306,31.197875,973.307404515625,0.9996381607177243,1.3962446919730587,-2834.147463702414,4654.704350319257,3300.1479610932843,89.99288237460244,296.565051177078,76.2
2024-07-29,89.5,96.8,84.2,999.9,6.2,11.2,13.6,21.4,31.197875,121.336319,3.04,101.02126576141455,13.544750716614242,39.57393797641466,-0.47115950767386394,0.9943497193247306,31.197875,973.307404515625,0.9996381607177243,1.3962446919730587,-2834.147463702414,4654.704350319257,3300.1479610932843,89.99288237460244,296.565051177078,76.5
2024-07-30,89.9,96.8,84.2,999.9,6.2,11.6,13.6,-6.11372888054515,31.197875,121.336319,3.04,101.29921306556226,13.521585726215207,39.48652594006284,-0.4862727071086902,0.9943497193247306,31.197875,973.307404515625,0.9996381607177243,1.3962446919730587,-2834.147463702414,4654.704350319257,3300.1479610932843,89.99288237460244,296.565051177078,77.4
2024-07-31,93.2,102.2,87.8,999.9,6.2,7.9,11.7,829.7337892802835,31.197875,121.336319,3.04,104.83458071793294,13.498014684712397,39.396799009485704,-0.5012418134457756,0.9943497193247306,31.197875,973.307404515625,0.9996381607177243,1.3962446919730587,-2834.147463702414,4654.704350319257,3300.1479610932843,89.99288237460244,296.565051177078,78.6
2024-08-01,95.9,104.0,87.8,999.9,6.2,6.6,11.7,-359.0266114954054,31.197875,121.336319,3.04,107.68010096718776,13.474048087656444,39.30474693799169,-0.5160623910158526,0.9943497193247306,31.197875,973.307404515625,0.9996381607177243,1.3962446919730587,-2834.147463702414,4654.704350319257,3300.1479610932843,89.99288237460244,296.565051177078,76.9
2024-08-02,96.3,105.8,89.6,999.9,6.2,6.5,9.7,-306.0710490274884,31.197875,121.336319,3.04,107.9338135683491,13.449696394809857,39.210359995275596,-0.5307300481619331,0.9943497193247306,31.197875,973.307404515625,0.9996381607177243,1.3962446919730587,-2834.147463702414,4654.704350319257,3300.1479610932843,89.99288237460244,296.565051177078,78.0
2024-08-03,94.3,104.0,87.8,999.9,6.2,6.0,13.6,23.3,31.197875,121.336319,3.04,105.49788940298262,13.424970019467565,39.11362902268288,-0.5452404385406507,0.9943497193247306,31.197875,973.307404515625,0.9996381607177243,1.3962446919730587,-2834.147463702414,4654.704350319257,3300.1479610932843,89.99288237460244,296.565051177078,77.0
2024-08-04,94.0,104.0,86.0,999.9,6.2,6.9,13.6,778.9775968544732,31.197875,121.336319,3.04,104.9657213272668,13.399879318374486,39.01454548885,-0.5595892624101763,0.9943497193247306,31.197875,973.307404515625,0.9996381607177243,1.3962446919730587,-2834.147463702414,4654.704350319257,3300.1479610932843,89.99288237460244,296.565051177078,76.8
2024-08-05,91.6,100.4,84.2,999.9,6.2,8.1,13.6,-745.3081590489963,31.197875,121.336319,3.04,102.09151731115968,13.374434582247993,38.913101545613834,-0.5737722679043243,0.9943497193247306,31.197875,973.307404515625,0.9996381607177243,1.3962446919730587,-2834.147463702414,4654.704350319257,3300.1479610932843,89.99288237460244,296.565051177078,77.8
2024-08-06,91.5,102.2,84.2,999.9,6.2,8.4,11.7,168.306213492529,31.197875,121.336319,3.04,101.78342595519423,13.34864602691072,38.809290084081184,-0.5877852522924734,0.9943497193247306,31.197875,973.307404515625,0.9996381607177243,1.3962446919730587,-2834.147463702414,4654.704350319257,3300.1479610932843,89.99288237460244,296.565051177078,75.8
2024-08-07,91.5,100.4,84.2,999.9,6.2,7.9,11.7,273.0169094668927,31.197875,121.336319,3.04,101.58424386090388,13.322523785036573,38.70310479074503,-0.6016240632249227,0.9943497193247306,31.197875,973.307404515625,0.9996381607177243,1.3962446919730587,-2834.147463702414,4654.704350319257,3300.1479610932843,89.99288237460244,296.565051177078,77.1
2024-08-08,88.9,102.2,75.2,999.9,6.1,4.9,19.4,38.9,31.197875,121.336319,3.04,98.50177709813393,13.296077898510767,38.59454020353302,-0.6152845999633277,0.9943497193247306,31.197875,973.307404515625,0.9996381607177243,1.3962446919730587,-2834.147463702414,4654.704350319257,3300.1479610932843,89.99288237460244,296.565051177078,77.5
2024-08-09,91.0,100.4,84.2,999.9,6.2,7.4,11.7,26.45219613929255,31.197875,121.336319,3.04,100.62566386146774,13.26931831140234,38.48359176766985,-0.6287628145958345,0.9943497193247306,31.197875,973.307404515625,0.9996381607177243,1.3962446919730587,-2834.147463702414,4654.704350319257,3300.1479610932843,89.99288237460244,296.565051177078,78.2
2024-08-10,91.2,100.4,84.2,999.9,6.2,8.3,11.7,291.90439894022745,31.197875,121.336319,3.04,100.64113696294812,13.242254863545805,38.370255891234315,-0.6420547132365636,0.9943497193247306,31.197875,973.307404515625,0.9996381607177243,1.3962446919730587,-2834.147463702414,4654.704350319257,3300.1479610932843,89.99288237460244,296.565051177078,78.8
2024-08-11,91.6,100.4,86.0,999.9,6.2,6.4,15.5,-483.16589763610835,31.197875,121.336319,3.04,100.8737159400796,13.214897284726586,38.2545300002897,-0.655156357209085,0.9943497193247306,31.197875,973.307404515625,0.9996381607177243,1.3962446919730587,-2834.147463702414,4654.704350319257,3300.1479610932843,89.99288237460244,296.565051177078,79.0
2024-08-13,88.9,96.8,84.2,999.9,6.2,6.8,11.7,581.8232423044674,31.197875,121.336319,3.04,97.4887628862024,13.159338072378276,38.01590329586241,-0.6807734094770159,0.9943497193247306,31.197875,973.307404515625,0.9996381607177243,1.3962446919730587,-2834.147463702414,4654.704350319257,3300.1479610932843,89.99288237460244,296.565051177078,77.4
2024-08-14,88.0,95.0,78.8,999.9,6.2,6.8,11.7,19.4,31.197875,121.336319,3.04,96.29513889707349,13.131155304146384,37.8930029121704,-0.6932812268869771,0.9943497193247306,31.197875,973.307404515625,0.9996381607177243,1.3962446919730587,-2834.147463702414,4654.704350319257,3300.1479610932843,89.99288237460244,296.565051177078,75.1
2024-08-15,86.8,93.2,80.6,999.9,6.2,5.9,11.7,-561.0473058259653,31.197875,121.336319,3.04,94.77631332594511,13.102716128010844,37.7677134788525,-0.7055836101071774,0.9943497193247306,31.197875,973.307404515625,0.9996381607177243,1.3962446919730587,-2834.147463702414,4654.704350319257,3300.1479610932843,89.99288237460244,296.565051177078,75.4
2024-08-16,88.1,95.0,82.4,999.9,6.2,6.3,13.6,-113.46967867005354,31.197875,121.336319,3.04,95.98516773073386,13.07402965685365,37.64003831529362,-0.7176769136759615,0.9943497193247306,31.197875,973.307404515625,0.9996381607177243,1.3962446919730587,-2834.147463702414,4654.704350319257,3300.1479610932843,89.99288237460244,296.565051177078,75.5
2024-08-17,88.9,95.0,84.2,999.9,6.2,7.4,13.6,-750.8476041854102,31.197875,121.336319,3.04,96.64248525122967,13.045104870807155,37.50998207377679,-0.7295575540864876,0.9943497193247306,31.197875,973.307404515625,0.9996381607177243,1.3962446919730587,-2834.147463702414,4654.704350319257,3300.1479610932843,89.99288237460244,296.565051177078,75.0
2024-08-18,87.9,93.2,84.2,999.9,6.2,8.3,13.6,82.53723458805237,31.197875,121.336319,3.04,95.34183825774986,13.015950615392471,37.37755078816934,-0.7412220108485957,0.9943497193247306,31.197875,973.307404515625,0.9996381607177243,1.3962446919730587,-2834.147463702414,4654.704350319257,3300.1479610932843,89.99288237460244,296.565051177078,76.7
2024-08-19,89.8,96.8,84.2,999.9,6.2,10.4,15.5,259.83687644645,31.197875,121.336319,3.04,97.1828740746029,12.986575600169655,37.24275192119704,-0.7526668275320083,0.9943497193247306,31.197875,973.307404515625,0.9996381607177243,1.3962446919730587,-2834.147463702414,4654.704350319257,3300.1479610932843,89.99288237460244,296.565051177078,77.2
2024-08-20,88.6,96.8,82.4,999.9,6.2,5.4,9.7,857.4042040926554,31.197875,121.336319,3.04,95.66576433770916,12.95698839788386,37.10559441018709,-0.7638886127905429,0.9943497193247306,31.197875,973.307404515625,0.9996381607177243,1.3962446919730587,-2834.147463702414,4654.704350319257,3300.1479610932843,89.99288237460244,296.565051177078,77.9
2024-08-21,85.5,95.0,78.8,999.9,6.2,7.9,19.4,372.8164989440534,31.197875,121.336319,3.04,92.10628178915026,12.927197444091263,36.9660887111625,-0.7748840413670406,0.9943497193247306,31.197875,973.307404515625,0.9996381607177243,1.3962446919730587,-2834.147463702414,4654.704350319257,3300.1479610932843,89.99288237460244,296.565051177078,76.7
2024-08-22,88.9,95.0,84.2,999.9,6.2,5.7,7.8,69.84830842351626,31.197875,121.336319,3.04,95.54683843427874,12.897211037247974,36.82424684117339,-0.7856498550787144,0.9943497193247306,31.197875,973.307404515625,0.9996381607177243,1.3962446919730587,-2834.147463702414,4654.704350319257,3300.1479610932843,89.99288237460244,296.565051177078,76.0
2024-08-23,89.6,98.6,82.4,999.9,6.2,5.3,9.7,820.063181102721,31.197875,121.336319,3.04,96.07387879969544,12.867037339244925,36.68008241875292,-0.7961828637826154,0.9943497193247306,31.197875,973.307404515625,0.9996381607177243,1.3962446919730587,-2834.147463702414,4654.704350319257,3300.1479610932843,89.99288237460244,296.565051177078,74.8
2024-08-24,88.9,98.6,84.2,999.9,6.2,6.2,9.7,-12.880962385078103,31.197875,121.336319,3.04,95.09843675495173,12.836684376371435,36.53361070238958,-0.8064799463209447,0.9943497193247306,31.197875,973.307404515625,0.9996381607177243,1.3962446919730587,-2834.147463702414,4654.704350319257,3300.1479610932843,89.99288237460244,296.565051177078,76.3
2024-08-25,88.2,95.0,82.4,999.9,6.2,7.4,9.7,99.49422040116245,31.197875,121.336319,3.04,94.12527629907122,12.80616004068996,36.3848486269103,-0.8165380514459157,0.9943497193247306,31.197875,973.307404515625,0.9996381607177243,1.3962446919730587,-2834.147463702414,4654.704350319257,3300.1479610932843,89.99288237460244,296.565051177078,76.5
2024-08-26,88.9,96.8,84.2,999.9,6.2,7.8,11.7,149.6088052028246,31.197875,121.336319,3.04,94.64495574678506,12.775472091804506,36.233814837673194,-0.8263541987239094,0.9943497193247306,31.197875,973.307404515625,0.9996381607177243,1.3962446919730587,-2834.147463702414,4654.704350319257,3300.1479610932843,89.99288237460244,296.565051177078,77.2
2024-08-27,84.3,96.8,77.0,999.9,5.1,7.5,17.5,-96.74661560151372,31.197875,121.336319,3.04,89.53101281701124,12.74462815900516,36.08052972247284,-0.8359254794186365,0.9943497193247306,31.197875,973.307404515625,0.9996381607177243,1.3962446919730587,-2834.147463702414,4654.704350319257,3300.1479610932843,89.99288237460244,296.565051177078,77.1
2024-08-28,86.1,93.2,78.8,999.9,5.8,7.7,13.6,552.5385047954396,31.197875,121.336319,3.04,91.22033646155798,12.713635743771148,35.925015441065426,-0.8452490573530634,0.9943497193247306,31.197875,973.307404515625,0.9996381607177243,1.3962446919730587,-2834.147463702414,4654.704350319257,3300.1479610932843,89.99288237460244,296.565051177078,77.4
2024-08-29,87.4,95.0,80.6,999.9,6.2,7.0,13.6,-459.74741736575066,31.197875,121.336319,3.04,92.37089118804654,12.682502222615085,35.767295952225886,-0.8543221697498269,0.9943497193247306,31.197875,973.307404515625,0.9996381607177243,1.3962446919730587,-2834.147463702414,4654.704350319257,3300.1479610932843,89.99288237460244,296.565051177078,75.0
2024-08-30,88.2,95.0,82.4,999.9,6.2,5.8,9.7,90.82615621747951,31.197875,121.336319,3.04,92.98657614934565,12.65123485025111,35.60739703825439,-0.8631421280499115,0.9943497193247306,31.197875,973.307404515625,0.9996381607177243,1.3962446919730587,-2834.147463702414,4654.704350319257,3300.1479610932843,89.99288237460244,296.565051177078,75.4
2024-08-31,87.4,93.2,82.4,999.9,6.2,5.6,9.7,333.47159503695605,31.197875,121.336319,3.04,91.91450689102525,12.619840763069828,35.445346326854505,-0.8717063187093217,0.9943497193247306,31.197875,973.307404515625,0.9996381607177243,1.3962446919730587,-2834.147463702414,4654.704350319257,3300.1479610932843,89.99288237460244,296.565051177078,72.0
2024-09-01,89.2,96.8,84.2,999.9,6.2,5.7,11.7,719.8470848508974,31.197875,121.336319,3.04,93.57323057291433,12.588326982903274,35.28117331031157,-0.8800122039735356,0.9943497193247306,31.197875,973.307404515625,0.9996381607177243,1.3962446919730587,-2834.147463702414,4654.704350319257,3300.1479610932843,89.99288237460244,296.565051177078,76.0
2024-09-02,89.6,96.8,82.4,999.9,6.2,6.2,9.7,658.7702272282085,31.197875,121.336319,3.04,93.75669647727226,12.556700421063251,35.11490936190484,-0.888057322629493,0.9943497193247306,31.197875,973.307404515625,0.9996381607177243,1.3962446919730587,-2834.147463702414,4654.704350319257,3300.1479610932843,89.99288237460244,296.565051177078,75.8
2024-09-03,82.0,86.0,78.8,999.9,6.1,6.2,11.7,30.939583080535627,31.197875,121.336319,3.04,85.58728053135165,12.524967882636828,34.94658774949393,-0.8958392907349089,0.9943497193247306,31.197875,973.307404515625,0.9996381607177243,1.3962446919730587,-2834.147463702414,4654.704350319257,3300.1479610932843,89.99288237460244,296.565051177078,76.3
2024-09-04,86.5,93.2,82.4,999.9,6.2,7.0,9.7,213.63469011448495,31.197875,121.336319,3.04,90.0546891786239,12.493136071022969,34.77624364622525,-0.9033558023246842,0.9943497193247306,31.197875,973.307404515625,0.9996381607177243,1.3962446919730587,-2834.147463702414,4654.704350319257,3300.1479610932843,89.99288237460244,296.565051177078,74.7
2024-09-05,87.4,96.8,82.4,999.9,6.2,6.6,9.7,-127.9179056347493,31.197875,121.336319,3.04,90.7591577667928,12.461211592694664,34.60391413831158,-0.9106046300942162,0.9943497193247306,31.197875,973.307404515625,0.9996381607177243,1.3962446919730587,-2834.147463702414,4654.704350319257,3300.1479610932843,89.99288237460244,296.565051177078,74.7
2024-09-06,86.5,91.4,82.4,999.9,6.2,6.6,9.7,-26.10482569858386,31.197875,121.336319,3.04,89.59382360231757,12.429200962171222,34.42963822984389,-0.9175836260593934,0.9943497193247306,31.197875,973.307404515625,0.9996381607177243,1.3962446919730587,-2834.147463702414,4654.704350319257,3300.1479610932843,89.99288237460244,296.565051177078,74.1
2024-09-07,87.3,95.0,82.4,999.9,6.2,6.5,9.7,724.5982005778521,31.197875,121.336319,3.04,90.1889796672764,12.39711060718576,34.25345684460121,-0.9242907221930934,0.9943497193247306,31.197875,973.307404515625,0.9996381607177243,1.3962446919730587,-2834.147463702414,4654.704350319257,3300.1479610932843,89.99288237460244,296.565051177078,74.1
2024-09-08,87.3,95.0,82.4,999.9,6.2,7.4,11.7,814.6033822717438,31.197875,121.336319,3.04,89.9549885085915,12.364946874033198,34.07541282483168,-0.9307239310379793,0.9943497193247306,31.197875,973.307404515625,0.9996381607177243,1.3962446919730587,-2834.147463702414,4654.704350319257,3300.1479610932843,89.99288237460244,296.565051177078,75.3
2024-09-09,87.7,95.0,82.4,999.9,6.2,7.4,11.7,693.7351930912381,31.197875,121.336319,3.04,90.13159967512566,12.332716033084468,33.89555092698427,-0.9368813462954315,0.9943497193247306,31.197875,973.307404515625,0.9996381607177243,1.3962446919730587,-2834.147463702414,4654.704350319257,3300.1479610932843,89.99288237460244,296.565051177078,75.2
2024-09-10,83.5,89.6,78.8,999.9,5.7,10.6,15.5,19.4,31.197875,121.336319,3.04,85.5904523126517,12.30042428445294,33.71391781437797,-0.9427611433904206,0.9943497193247306,31.197875,973.307404515625,0.9996381607177243,1.3962446919730587,-2834.147463702414,4654.704350319257,3300.1479610932843,89.99288237460244,296.565051177078,77.5
2024-09-11,84.9,89.6,80.6,999.9,6.0,9.5,13.6,-562.7131731907236,31.197875,121.336319,3.04,86.79665017888057,12.268077763799374,33.5305620468025,-0.9483615800121716,0.9943497193247306,31.197875,973.307404515625,0.9996381607177243,1.3962446919730587,-2834.147463702414,4654.704350319257,3300.1479610932843,89.99288237460244,296.565051177078,79.3
2024-09-12,86.7,93.2,80.6,999.9,6.2,9.6,13.6,578.594966203735,31.197875,121.336319,3.04,88.40280641119291,12.235682548261995,33.34553406705117,-0.9536809966304455,0.9943497193247306,31.197875,973.307404515625,0.9996381607177243,1.3962446919730587,-2834.147463702414,4654.704350319257,3300.1479610932843,89.99288237460244,296.565051177078,76.6
2024-09-13,88.4,95.0,80.6,999.9,6.2,6.6,9.7,892.2732347086745,31.197875,121.336319,3.04,89.89723568040685,12.203244662498665,33.15888618439429,-0.9587178169872964,0.9943497193247306,31.197875,973.307404515625,0.9996381607177243,1.3962446919730587,-2834.147463702414,4654.704350319257,3300.1479610932843,89.99288237460244,296.565051177078,75.0
2024-09-14,86.2,93.2,82.4,999.9,6.2,8.3,13.6,-169.55923728501006,31.197875,121.336319,3.04,87.42669844268255,12.170770084828197,32.97067255500813,-0.9634705485641486,0.9943497193247306,31.197875,973.307404515625,0.9996381607177243,1.3962446919730587,-2834.147463702414,4654.704350319257,3300.1479610932843,89.99288237460244,296.565051177078,74.7
2024-09-15,85.0,91.4,78.8,999.9,6.0,15.9,31.1,46.6,31.197875,121.336319,3.04,85.97937533699644,12.138264753458321,32.78094915938175,-0.9679377830240642,0.9943497193247306,31.197875,973.307404515625,0.9996381607177243,1.3962446919730587,-2834.147463702414,4654.704350319257,3300.1479610932843,89.99288237460244,296.565051177078,77.5
2024-09-16,81.1,84.2,77.0,999.9,5.3,17.6,44.7,60.2,31.197875,121.336319,3.04,81.81458948775801,12.105734572787869,32.589773776731306,-0.9721181966290612,0.9943497193247306,31.197875,973.307404515625,0.9996381607177243,1.3962446919730587,-2834.147463702414,4654.704350319257,3300.1479610932843,89.99288237460244,296.565051177078,78.4
2024-09-17,85.6,93.2,80.6,999.9,6.2,9.6,13.6,46.38100902567925,31.197875,121.336319,3.04,86.1220559943662,12.073185419770965,32.39720595645791,-0.9760105506323682,0.9943497193247306,31.197875,973.307404515625,0.9996381607177243,1.3962446919730587,-2834.147463702414,4654.704350319257,3300.1479610932843,89.99288237460244,296.565051177078,75.9
2024-09-18,85.8,91.4,82.4,999.9,6.2,9.6,13.6,23.3,31.197875,121.336319,3.04,86.0904555248684,12.040623150331246,32.20330698669245,-0.9796136916454901,0.9943497193247306,31.197875,973.307404515625,0.9996381607177243,1.3962446919730587,-2834.147463702414,4654.704350319257,3300.1479610932843,89.99288237460244,296.565051177078,76.1
2024-09-19,82.2,86.0,78.8,999.9,5.5,10.7,17.5,23.3,31.197875,121.336319,3.04,82.25516719982707,12.00805360581417,32.00813985997743,-0.9829265519799822,0.9943497193247306,31.197875,973.307404515625,0.9996381607177243,1.3962446919730587,-2834.147463702414,4654.704350319257,3300.1479610932843,89.99288237460244,296.565051177078,79.0
2024-09-20,81.8,84.2,78.8,999.9,5.8,6.7,11.7,432.6029744627511,31.197875,121.336319,3.04,81.63287318935716,11.975482619465597,31.811769236142535,-0.9859481499638303,0.9943497193247306,31.197875,973.307404515625,0.9996381607177243,1.3962446919730587,-2834.147463702414,4654.704350319257,3300.1479610932843,89.99288237460244,296.565051177078,79.3
2024-09-21,73.8,78.8,69.8,999.9,6.2,13.4,17.5,25.3,31.197875,121.336319,3.04,73.44893354098872,11.942916022924996,31.61426140243723,-0.9886775902323404,0.9943497193247306,31.197875,973.307404515625,0.9996381607177243,1.3962446919730587,-2834.147463702414,4654.704350319257,3300.1479610932843,89.99288237460244,296.565051177078,66.9
2024-09-22,72.2,80.6,66.2,999.9,6.2,12.5,19.4,27.2,31.197875,121.336319,3.04,71.66066391054099,11.910359652721494,31.415684230989896,-0.9911140639934546,0.9943497193247306,31.197875,973.307404515625,0.9996381607177243,1.3962446919730587,-2834.147463702414,4654.704350319257,3300.1479610932843,89.99288237460244,296.565051177078,59.4
2024-09-23,74.7,80.6,68.0,999.9,6.2,7.9,9.7,100.58148837203579,31.197875,121.336319,3.04,73.93942549583822,11.87781935676116,31.21610713366949,-0.9932568492674143,0.9943497193247306,31.197875,973.307404515625,0.9996381607177243,1.3962446919730587,-2834.147463702414,4654.704350319257,3300.1479610932843,89.99288237460244,296.565051177078,62.1
2024-09-24,71.4,73.4,69.8,999.9,2.9,4.7,7.8,1348.107223209372,31.197875,121.336319,3.04,70.47954095472299,11.845301000793778,31.01560101443133,-0.9951053111006974,0.9943497193247306,31.197875,973.307404515625,0.9996381607177243,1.3962446919730587,-2834.147463702414,4654.704350319257,3300.1479610932843,89.99288237460244,296.565051177078,69.8
2024-09-25,74.8,77.0,73.4,999.9,3.5,3.2,5.8,-47.96479077074724,31.197875,121.336319,3.04,73.6331852932153,11.812810474847376,30.81423821923451,-0.99665890175417,0.9943497193247306,31.197875,973.307404515625,0.9996381607177243,1.3962446919730587,-2834.147463702414,4654.704350319257,3300.1479610932843,89.99288237460244,296.565051177078,73.1
2024-09-26,78.4,84.2,73.4,999.9,6.2,6.9,9.7,320.05319740688213,31.197875,121.336319,3.04,76.96497750417528,11.780353699618665,30.612092483624263,-0.9979171608653922,0.9943497193247306,31.197875,973.307404515625,0.9996381607177243,1.3962446919730587,-2834.147463702414,4654.704350319257,3300.1479610932843,89.99288237460244,296.565051177078,70.6
2024-09-27,77.6,86.0,71.6,999.9,6.2,7.4,13.6,459.1202232454344,31.197875,121.336319,3.04,75.9699902254877,11.747936632807379,30.409238878077268,-0.9988797155850335,0.9943497193247306,31.197875,973.307404515625,0.9996381607177243,1.3962446919730587,-2834.147463702414,4654.704350319257,3300.1479610932843,89.99288237460244,296.565051177078,67.9
2024-09-28,79.7,86.0,75.2,999.9,6.2,6.9,9.7,8.499686607338894,31.197875,121.336319,3.04,77.81087937066543,11.715565275382499,30.205753751213468,-0.9995462806873573,0.9943497193247306,31.197875,973.307404515625,0.9996381607177243,1.3962446919730587,-2834.147463702414,4654.704350319257,3300.1479610932843,89.99288237460244,296.565051177078,68.9
2024-09-29,82.1,87.8,78.8,999.9,6.2,8.2,11.7,592.0784796198352,31.197875,121.336319,3.04,79.93287251206252,11.68324567776797,30.00171467098231,-0.9999166586547379,0.9943497193247306,31.197875,973.307404515625,0.9996381607177243,1.3962446919730587,-2834.147463702414,4654.704350319257,3300.1479610932843,89.99288237460244,296.565051177078,73.0
2024-09-30,82.0,87.8,71.6,999.9,6.2,7.8,15.5,25.3,31.197875,121.336319,3.04,79.61505696389251,11.65098394593549,29.79720036393609,-0.9999907397361901,0.9943497193247306,31.197875,973.307404515625,0.9996381607177243,1.3962446919730587,-2834.147463702414,4654.704350319257,3300.1479610932843,89.99288237460244,296.565051177078,74.0
2024-10-01,70.7,77.0,64.4,999.9,6.2,13.1,23.3,27.2,31.197875,121.336319,3.04,68.45401564088243,11.618786247391643,29.592290652706886,-0.9997685019798909,0.9943497193247306,31.197875,973.307404515625,0.9996381607177243,1.3962446919730587,-2834.147463702414,4654.704350319257,3300.1479610932843,89.99288237460244,296.565051177078,61.0
2024-10-02,68.5,75.2,62.6,999.9,6.2,12.1,17.5,29.1,31.197875,121.336319,3.04,66.14051074730641,11.586658817046377,29.3870663918075,-0.9992500112396835,0.9943497193247306,31.197875,973.307404515625,0.9996381607177243,1.3962446919730587,-2834.147463702414,4654.704350319257,3300.1479610932843,89.99288237460244,296.565051177078,50.6
2024-10-03,68.7,75.2,60.8,999.9,6.2,10.1,15.5,23.3,31.197875,121.336319,3.04,66.15013058788662,11.554607962949628,29.181609401880635,-0.9984354211555643,0.9943497193247306,31.197875,973.307404515625,0.9996381607177243,1.3962446919730587,-2834.147463702414,4654.704350319257,3300.1479610932843,89.99288237460244,296.565051177078,50.2
2024-10-04,72.3,77.0,68.0,999.9,6.2,9.6,15.5,85.91625984030682,31.197875,121.336319,3.04,69.4239064330923,11.52264007188254,28.976002402523026,-0.9973249731081555,0.9943497193247306,31.197875,973.307404515625,0.9996381607177243,1.3962446919730587,-2834.147463702414,4654.704350319257,3300.1479610932843,89.99288237460244,296.565051177078,56.7
2024-10-05,70.2,75.2,66.2,999.9,6.1,6.5,13.6,-98.82843621027722,31.197875,121.336319,3.04,67.22095544651802,11.490761614789404,28.77032894381469,-0.9959189961471792,0.9943497193247306,31.197875,973.307404515625,0.9996381607177243,1.3962446919730587,-2834.147463702414,4654.704350319257,3300.1479610932843,89.99288237460244,296.565051177078,65.3
2024-10-06,66.7,68.0,66.2,999.9,4.1,9.0,13.6,-643.960735291328,31.197875,121.336319,3.04,63.692825786734815,11.458979152036248,28.564673336685654,-0.994217906893952,0.9943497193247306,31.197875,973.307404515625,0.9996381607177243,1.3962446919730587,-2834.147463702414,4654.704350319257,3300.1479610932843,89.99288237460244,296.565051177078,65.4
2024-10-07,64.5,69.8,62.6,999.9,5.1,9.1,13.6,-124.57942689519095,31.197875,121.336319,3.04,61.42173394433802,11.427299338481493,28.359120582254388,-0.9922222094179324,0.9943497193247306,31.197875,973.307404515625,0.9996381607177243,1.3962446919730587,-2834.147463702414,4654.704350319257,3300.1479610932843,89.99288237460244,296.565051177078,62.2
2024-10-08,65.6,75.2,59.0,999.9,5.8,8.2,15.5,358.59059992017967,31.197875,121.336319,3.04,62.29665147494674,11.395728928343917,28.153756300274495,-0.989932495087353,0.9943497193247306,31.197875,973.307404515625,0.9996381607177243,1.3962446919730587,-2834.147463702414,4654.704350319257,3300.1479610932843,89.99288237460244,296.565051177078,53.5
2024-10-09,66.6,75.2,59.0,999.9,6.0,4.0,7.8,773.2897033661733,31.197875,121.336319,3.04,63.07172502818264,11.36427477985273,27.948666656826884,-0.9873494423939864,0.9943497193247306,31.197875,973.307404515625,0.9996381607177243,1.3962446919730587,-2834.147463702414,4654.704350319257,3300.1479610932843,89.99288237460244,296.565051177078,52.9
2024-10-10,69.7,77.0,60.8,999.9,5.9,4.2,9.7,-342.9814262879344,31.197875,121.336319,3.04,65.82551558488342,11.33294385966429,27.743938291396063,-0.9844738167520923,0.9943497193247306,31.197875,973.307404515625,0.9996381607177243,1.3962446919730587,-2834.147463702414,4654.704350319257,3300.1479610932843,89.99288237460244,296.565051177078,53.1
2024-10-11,71.4,77.0,64.4,999.9,5.8,4.3,7.8,-185.14181953309503,31.197875,121.336319,3.04,67.2453723198264,11.301743247029647,27.539658243469958,-0.9813064702716093,0.9943497193247306,31.197875,973.307404515625,0.9996381607177243,1.3962446919730587,-2834.147463702414,4654.704350319257,3300.1479610932843,89.99288237460244,296.565051177078,58.6
2024-10-12,74.9,80.6,71.6,999.9,6.0,6.2,11.7,-529.0300981442206,31.197875,121.336319,3.04,70.34782852612378,11.270680137696733,27.33591387880204,-0.9778483415056567,0.9943497193247306,31.197875,973.307404515625,0.9996381607177243,1.3962446919730587,-2834.147463702414,4654.704350319257,3300.1479610932843,89.99288237460244,296.565051177078,63.2
2024-10-13,75.7,80.6,73.4,999.9,6.2,7.3,11.7,286.246647549151,31.197875,121.336319,3.04,70.90416432150687,11.239761847530811,27.13279281547572,-0.9741004551724206,0.9943497193247306,31.197875,973.307404515625,0.9996381607177243,1.3962446919730587,-2834.147463702414,4654.704350319257,3300.1479610932843,89.99288237460244,296.565051177078,65.3
2024-10-14,74.7,80.6,69.8,999.9,6.2,6.7,11.7,960.5855527179767,31.197875,121.336319,3.04,69.77599895358208,11.208995815836477,26.930382849909172,-0.970063921851507,0.9943497193247306,31.197875,973.307404515625,0.9996381607177243,1.3962446919730587,-2834.147463702414,4654.704350319257,3300.1479610932843,89.99288237460244,296.565051177078,67.2
2024-10-15,70.0,73.4,68.0,999.9,4.4,5.7,9.7,210.29812914025777,31.197875,121.336319,3.04,65.20727271545779,11.178389608364192,26.72877188293845,-0.965739937654855,0.9943497193247306,31.197875,973.307404515625,0.9996381607177243,1.3962446919730587,-2834.147463702414,4654.704350319257,3300.1479610932843,89.99288237460244,296.565051177078,66.5
2024-10-16,72.1,77.0,68.0,999.9,5.9,6.2,11.7,178.87073992105542,31.197875,121.336319,3.04,66.9806051109054,11.147950919984257,26.528047846115758,-0.9611297838723007,0.9943497193247306,31.197875,973.307404515625,0.9996381607177243,1.3962446919730587,-2834.147463702414,4654.704350319257,3300.1479610932843,89.99288237460244,296.565051177078,67.6
2024-10-17,75.6,80.6,73.4,999.9,5.5,6.6,9.7,88.51896063907867,31.197875,121.336319,3.04,70.0414317351682,11.117687577010827,26.328298628357206,-0.9562348265919058,0.9943497193247306,31.197875,973.307404515625,0.9996381607177243,1.3962446919730587,-2834.147463702414,4654.704350319257,3300.1479610932843,89.99288237460244,296.565051177078,70.8
2024-10-18,79.6,87.8,69.8,999.9,6.1,8.3,15.5,17.5,31.197875,121.336319,3.04,73.54779667641803,11.087607539158498,26.129612003073298,-0.9510565162951536,0.9943497193247306,31.197875,973.307404515625,0.9996381607177243,1.3962446919730587,-2834.147463702414,4654.704350319257,3300.1479610932843,89.99288237460244,296.565051177078,68.8
2024-10-19,64.3,69.8,60.8,999.9,6.0,12.5,19.4,25.3,31.197875,121.336319,3.04,59.2509437784689,11.057718901113947,25.93207555591226,-0.9455963874271428,0.9943497193247306,31.197875,973.307404515625,0.9996381607177243,1.3962446919730587,-2834.147463702414,4654.704350319257,3300.1479610932843,89.99288237460244,296.565051177078,56.2
2024-10-20,64.9,68.0,62.6,999.9,4.8,7.0,11.7,-706.6712698124,31.197875,121.336319,3.04,59.64326167512134,11.028029893705023,25.735776613244,-0.9398560579418953,0.9943497193247306,31.197875,973.307404515625,0.9996381607177243,1.3962446919730587,-2834.147463702414,4654.704350319257,3300.1479610932843,89.99288237460244,296.565051177078,59.7
2024-10-21,69.0,75.2,64.4,999.9,4.9,5.9,9.7,344.6132239933129,31.197875,121.336319,3.04,63.24165608673626,10.998548884649784,25.540802171509323,-0.9338372288229252,0.9943497193247306,31.197875,973.307404515625,0.9996381607177243,1.3962446919730587,-2834.147463702414,4654.704350319257,3300.1479610932843,89.99288237460244,296.565051177078,63.7
2024-10-22,62.9,71.6,53.6,999.9,6.0,11.2,15.5,21.4,31.197875,121.336319,3.04,57.49733228590038,10.969284378868117,25.347238827555177,-0.9275416835791965,0.9943497193247306,31.197875,973.307404515625,0.9996381607177243,1.3962446919730587,-2834.147463702414,4654.704350319257,3300.1479610932843,89.99288237460244,296.565051177078,54.2
2024-10-23,61.5,69.8,57.2,999.9,6.2,7.2,13.6,159.38501622760987,31.197875,121.336319,3.04,56.068755718986004,10.940245018338732,25.1551727100736,-0.9209712877166347,0.9943497193247306,31.197875,973.307404515625,0.9996381607177243,1.3962446919730587,-2834.147463702414,4654.704350319257,3300.1479610932843,89.99288237460244,296.565051177078,47.9
2024-10-24,65.2,71.6,60.8,999.9,6.2,8.4,11.7,21.4,31.197875,121.336319,3.04,59.285488392733136,10.911439581484625,24.96468941225715,-0.9141279881853337,0.9943497193247306,31.197875,973.307404515625,0.9996381607177243,1.3962446919730587,-2834.147463702414,4654.704350319257,3300.1479610932843,89.99288237460244,296.565051177078,52.3
2024-10-25,71.1,75.2,68.0,999.9,5.6,9.9,13.6,244.9668471246881,31.197875,121.336319,3.04,64.48104611876795,10.882876982070542,24.775873925779663,-0.9070138128026362,0.9943497193247306,31.197875,973.307404515625,0.9996381607177243,1.3962446919730587,-2834.147463702414,4654.704350319257,3300.1479610932843,89.99288237460244,296.565051177078,65.1
2024-10-26,72.0,73.4,71.6,999.9,3.8,5.8,9.7,701.4010900352673,31.197875,121.336319,3.04,65.12739760557835,10.854566267596391,24.588810576206342,-0.8996308696522434,0.9943497193247306,31.197875,973.307404515625,0.9996381607177243,1.3962446919730587,-2834.147463702414,4654.704350319257,3300.1479610932843,89.99288237460244,296.565051177078,70.2
2024-10-27,65.5,71.6,62.6,999.9,5.5,10.6,21.4,33.0,31.197875,121.336319,3.04,59.09473653539277,10.826516617171194,24.40358295993177,-0.8919813464595487,0.9943497193247306,31.197875,973.307404515625,0.9996381607177243,1.3962446919730587,-2834.147463702414,4654.704350319257,3300.1479610932843,89.99288237460244,296.565051177078,59.8
2024-10-28,62.7,69.8,55.4,999.9,5.6,7.4,11.7,440.74532649882144,31.197875,121.336319,3.04,56.4234025955062,10.79873733885286,24.220273882739605,-0.8840675099433637,0.9943497193247306,31.197875,973.307404515625,0.9996381607177243,1.3962446919730587,-2834.147463702414,4654.704350319257,3300.1479610932843,89.99288237460244,296.565051177078,52.8
2024-10-29,62.8,69.8,57.2,999.9,6.2,7.0,9.7,432.53381377918504,31.197875,121.336319,3.04,56.36947816770206,10.771237866439884,24.03896530007163,-0.8758917051442433,0.9943497193247306,31.197875,973.307404515625,0.9996381607177243,1.3962446919730587,-2834.147463702414,4654.704350319257,3300.1479610932843,89.99288237460244,296.565051177078,50.9
2024-10-30,66.6,73.4,60.8,999.9,6.2,9.5,13.6,802.730433404307,31.197875,121.336319,3.04,59.62935404414629,10.744027755702035,23.85973825908817,-0.8674563547295971,0.9943497193247306,31.197875,973.307404515625,0.9996381607177243,1.3962446919730587,-2834.147463702414,4654.704350319257,3300.1479610932843,89.99288237460244,296.565051177078,57.8
2024-10-31,67.2,69.8,66.2,999.9,5.1,11.3,23.3,31.1,31.197875,121.336319,3.04,60.015853408213935,10.717116680038203,23.682672842595863,-0.858763958275803,0.9943497193247306,31.197875,973.307404515625,0.9996381607177243,1.3962446919730587,-2834.147463702414,4654.704350319257,3300.1479610932843,89.99288237460244,296.565051177078,64.7
2024-11-01,64.7,68.0,60.8,999.9,5.0,16.3,25.3,36.9,31.197875,121.336319,3.04,57.639690277761005,10.690514425550727,23.50784811491196,-0.8498170915275277,0.9943497193247306,31.197875,973.307404515625,0.9996381607177243,1.3962446919730587,-2834.147463702414,4654.704350319257,3300.1479610932843,89.99288237460244,296.565051177078,62.3
2024-11-02,65.3,73.4,57.2,999.9,4.7,6.8,11.7,19.4,31.197875,121.336319,3.04,58.03118973540927,10.664230885526973,23.335342069728377,-0.8406184056344783,0.9943497193247306,31.197875,973.307404515625,0.9996381607177243,1.3962446919730587,-2834.147463702414,4654.704350319257,3300.1479610932843,89.99288237460244,296.565051177078,58.4
2024-11-03,67.5,75.2,60.8,999.9,4.6,3.3,5.8,1259.8473647369958,31.197875,121.336319,3.04,59.840302805551815,10.638276054320322,23.165231580031374,-0.8311706263658079,0.9943497193247306,31.197875,973.307404515625,0.9996381607177243,1.3962446919730587,-2834.147463702414,4654.704350319257,3300.1479610932843,89.99288237460244,296.565051177078,58.6
2024-11-04,65.9,73.4,59.0,999.9,5.8,10.4,15.5,133.5592031716589,31.197875,121.336319,3.04,58.28119127992942,10.612660020624476,22.99759235012612,-0.8214765533024145,0.9943497193247306,31.197875,973.307404515625,0.9996381607177243,1.3962446919730587,-2834.147463702414,4654.704350319257,3300.1479610932843,89.99288237460244,296.565051177078,54.0
2024-11-05,59.5,68.0,51.8,999.9,6.2,8.3,13.6,-641.3832202703175,31.197875,121.336319,3.04,52.4958234273444,10.587392960136684,22.832498869808262,-0.8115390590073611,0.9943497193247306,31.197875,973.307404515625,0.9996381607177243,1.3962446919730587,-2834.147463702414,4654.704350319257,3300.1479610932843,89.99288237460244,296.565051177078,45.4
2024-11-06,59.8,66.2,53.6,999.9,6.2,7.5,11.7,-36.56054038150313,31.197875,121.336319,3.04,52.636384219243745,10.56248512760744,22.670024370717268,-0.801361088174677,0.9943497193247306,31.197875,973.307404515625,0.9996381607177243,1.3962446919730587,-2834.147463702414,4654.704350319257,3300.1479610932843,89.99288237460244,296.565051177078,41.7
2024-11-07,58.2,64.4,53.6,999.9,6.2,5.8,11.7,447.14311108242765,31.197875,121.336319,3.04,51.10904221414014,10.537946848276317,22.51024078489899,-0.7909456567567774,0.9943497193247306,31.197875,973.307404515625,0.9996381607177243,1.3962446919730587,-2834.147463702414,4654.704350319257,3300.1479610932843,89.99288237460244,296.565051177078,46.0
2024-11-08,64.9,69.8,62.6,999.9,6.2,7.5,11.7,-1010.4997838823372,31.197875,121.336319,3.04,56.8620728511961,10.513788508695734,22.353218705597687,-0.780295851070776,0.9943497193247306,31.197875,973.307404515625,0.9996381607177243,1.3962446919730587,-2834.147463702414,4654.704350319257,3300.1479610932843,89.99288237460244,296.565051177078,54.8
2024-11-09,67.0,73.4,62.6,999.9,6.1,8.5,13.6,-828.7187034295667,31.197875,121.336319,3.04,58.56928138711981,10.490020546946832,22.199027350289686,-0.7694148268839381,0.9943497193247306,31.197875,973.307404515625,0.9996381607177243,1.3962446919730587,-2834.147463702414,4654.704350319257,3300.1479610932843,89.99288237460244,296.565051177078,58.7
2024-11-10,61.5,66.2,53.6,999.9,5.5,6.3,11.7,-785.308702851564,31.197875,121.336319,3.04,53.64159889155229,10.466653442254106,22.047734525964092,-0.7583058084785625,0.9943497193247306,31.197875,973.307404515625,0.9996381607177243,1.3962446919730587,-2834.147463702414,4654.704350319257,3300.1479610932843,89.99288237460244,296.565051177078,57.8
2024-11-11,63.0,71.6,55.4,999.9,5.7,5.3,7.8,344.5833389692592,31.197875,121.336319,3.04,54.82941294604209,10.443697704008017,21.899406596647598,-0.7469720876965551,0.9943497193247306,31.197875,973.307404515625,0.9996381607177243,1.3962446919730587,-2834.147463702414,4654.704350319257,3300.1479610932843,89.99288237460244,296.565051177078,54.6
2024-11-12,64.2,71.6,57.2,999.9,4.9,4.5,7.8,15.397302348706358,31.197875,121.336319,3.04,55.753226652110136,10.421163860207502,21.754108453163663,-0.7354170229639858,0.9943497193247306,31.197875,973.307404515625,0.9996381607177243,1.3962446919730587,-2834.147463702414,4654.704350319257,3300.1479610932843,89.99288237460244,296.565051177078,55.9
2024-11-13,68.4,73.4,64.4,999.9,5.8,7.8,9.7,-163.55104189179076,31.197875,121.336319,3.04,59.2746559384216,10.399062445337123,21.611903485108144,-0.7236440382959124,0.9943497193247306,31.197875,973.307404515625,0.9996381607177243,1.3962446919730587,-2834.147463702414,4654.704350319257,3300.1479610932843,89.99288237460244,296.565051177078,59.5
2024-11-14,70.1,73.4,68.0,999.9,4.8,5.3,9.7,-655.2554680823318,31.197875,121.336319,3.04,60.6213349614602,10.37740398769647,21.4728535550164,-0.711656622281775,0.9943497193247306,31.197875,973.307404515625,0.9996381607177243,1.3962446919730587,-2834.147463702414,4654.704350319257,3300.1479610932843,89.99288237460244,296.565051177078,67.3
2024-11-15,69.3,73.4,66.2,999.9,2.7,4.9,7.8,346.898669652855,31.197875,121.336319,3.04,59.80704920306892,10.35619899620241,21.337018974689844,-0.6994583270516471,0.9943497193247306,31.197875,973.307404515625,0.9996381607177243,1.3962446919730587,-2834.147463702414,4654.704350319257,3300.1479610932843,89.99288237460244,296.565051177078,66.9
2024-11-16,67.2,71.6,59.0,999.9,4.9,8.9,15.5,27.2,31.197875,121.336319,3.04,57.87856450145171,10.335457946687805,21.204458483641908,-0.6870527672236675,0.9943497193247306,31.197875,973.307404515625,0.9996381607177243,1.3962446919730587,-2834.147463702414,4654.704350319257,3300.1479610932843,89.99288237460244,296.565051177078,63.4
2024-11-17,58.6,62.6,55.4,999.9,6.0,15.5,19.4,25.3,31.197875,121.336319,3.04,50.372517357382435,10.315191267723366,21.075229229617282,-0.6744436188329457,0.9943497193247306,31.197875,973.307404515625,0.9996381607177243,1.3962446919730587,-2834.147463702414,4654.704350319257,3300.1479610932843,89.99288237460244,296.565051177078,45.5
2024-11-22,56.1,62.6,50.0,999.9,5.4,7.0,13.6,-228.9432600780733,31.197875,121.336319,3.04,47.78473292752487,10.221333246529383,20.48093822417909,-0.6084768701151264,0.9943497193247306,31.197875,973.307404515625,0.9996381607177243,1.3962446919730587,-2834.147463702414,4654.704350319257,3300.1479610932843,89.99288237460244,296.565051177078,43.8
2024-11-23,55.7,62.6,50.0,999.9,6.2,6.5,9.7,-320.9900303722329,31.197875,121.336319,3.04,47.36415732957425,10.204127252331974,20.37280539693555,-0.594726686960764,0.9943497193247306,31.197875,973.307404515625,0.9996381607177243,1.3962446919730587,-2834.147463702414,4654.704350319257,3300.1479610932843,89.99288237460244,296.565051177078,40.6
2024-11-24,59.8,64.4,55.4,999.9,6.2,6.8,9.7,226.5534266104571,31.197875,121.336319,3.04,50.76753904657609,10.187466029413262,20.26835804275781,-0.5808002734538013,0.9943497193247306,31.197875,973.307404515625,0.9996381607177243,1.3962446919730587,-2834.147463702414,4654.704350319257,3300.1479610932843,89.99288237460244,296.565051177078,45.8
2024-11-25,56.3,64.4,46.4,999.9,6.2,10.6,15.5,25.3,31.197875,121.336319,3.04,47.72062631209987,10.171359071850771,20.167640102180687,-0.5667017562911184,0.9943497193247306,31.197875,973.307404515625,0.9996381607177243,1.3962446919730587,-2834.147463702414,4654.704350319257,3300.1479610932843,89.99288237460244,296.565051177078,48.5
2024-11-26,48.8,53.6,42.8,999.9,6.2,8.9,17.5,21.4,31.197875,121.336319,3.04,41.30031711213798,10.15581568331262,20.07069383108999,-0.5524353131676203,0.9943497193247306,31.197875,973.307404515625,0.9996381607177243,1.3962446919730587,-2834.147463702414,4654.704350319257,3300.1479610932843,89.99288237460244,296.565051177078,27.8
2024-11-27,48.7,57.2,41.0,999.9,6.2,10.1,21.4,29.1,31.197875,121.336319,3.04,41.154929130313654,10.140844960241557,19.977559798052976,-0.5380051715382992,0.9943497193247306,31.197875,973.307404515625,0.9996381607177243,1.3962446919730587,-2834.147463702414,4654.704350319257,3300.1479610932843,89.99288237460244,296.565051177078,24.3
2024-11-28,50.1,59.0,39.2,999.9,6.2,11.0,19.4,31.1,31.197875,121.336319,3.04,42.277952860827945,10.126455775048608,19.888276882827164,-0.5234156073655503,0.9943497193247306,31.197875,973.307404515625,0.9996381607177243,1.3962446919730587,-2834.147463702414,4654.704350319257,3300.1479610932843,89.99288237460244,296.565051177078,21.3
2024-11-29,50.5,60.8,41.0,999.9,6.2,5.7,13.6,15.5,31.197875,121.336319,3.04,42.557430529036054,10.112656759374904,19.8028822759414,-0.5086709438521042,0.9943497193247306,31.197875,973.307404515625,0.9996381607177243,1.3962446919730587,-2834.147463702414,4654.704350319257,3300.1479610932843,89.99288237460244,296.565051177078,26.9
2024-11-30,53.6,62.6,46.4,999.9,6.2,3.3,7.8,93.06576868578227,31.197875,121.336319,3.04,45.110904750752226,10.099456287481841,19.721411479241485,-0.49377555015997737,0.9943497193247306,31.197875,973.307404515625,0.9996381607177243,1.3962446919730587,-2834.147463702414,4654.704350319257,3300.1479610932843,89.99288237460244,296.565051177078,34.0
2024-12-02,58.3,71.6,50.0,999.9,4.9,5.0,7.8,-176.21720701208596,31.197875,121.336319,3.04,48.9471403305964,10.07488308691521,19.5703748895178,-0.4635502709028512,0.9943497193247306,31.197875,973.307404515625,0.9996381607177243,1.3962446919730587,-2834.147463702414,4654.704350319257,3300.1479610932843,89.99288237460244,296.565051177078,43.7
2024-12-03,55.7,60.8,51.8,999.9,5.9,7.5,11.7,213.1107243506514,31.197875,121.336319,3.04,46.71153166739173,10.063525673405758,19.500871672994673,-0.4482293417404106,0.9943497193247306,31.197875,973.307404515625,0.9996381607177243,1.3962446919730587,-2834.147463702414,4654.704350319257,3300.1479610932843,89.99288237460244,296.565051177078,45.5
2024-12-04,53.7,59.0,48.2,999.9,6.2,5.8,7.8,-313.54070632404677,31.197875,121.336319,3.04,44.98626837696991,10.05279740267484,19.435417425746856,-0.4327755925504317,0.9943497193247306,31.197875,973.307404515625,0.9996381607177243,1.3962446919730587,-2834.147463702414,4654.704350319257,3300.1479610932843,89.99288237460244,296.565051177078,42.8
2024-12-05,49.6,53.6,46.4,999.9,5.0,5.1,7.8,455.82770405717554,31.197875,121.336319,3.04,41.50984783660677,10.042705121759703,19.374039240475593,-0.41719360261231697,0.9943497193247306,31.197875,973.307404515625,0.9996381607177243,1.3962446919730587,-2834.147463702414,4654.704350319257,3300.1479610932843,89.99288237460244,296.565051177078,41.5
2024-12-06,49.4,55.4,44.6,999.9,2.9,5.0,7.8,-384.72648812951246,31.197875,121.336319,3.04,41.30356776210984,10.033255326828302,19.31676253859204,-0.4014879892059737,0.9943497193247306,31.197875,973.307404515625,0.9996381607177243,1.3962446919730587,-2834.147463702414,4654.704350319257,3300.1479610932843,89.99288237460244,296.565051177078,39.2
2024-12-07,48.6,55.4,39.2,999.9,4.9,10.4,15.5,-513.5329193961455,31.197875,121.336319,3.04,40.59903930429392,10.024454149208374,19.263611074456918,-0.38566340624360745,0.9943497193247306,31.197875,973.307404515625,0.9996381607177243,1.3962446919730587,-2834.147463702414,4654.704350319257,3300.1479610932843,89.99288237460244,296.565051177078,34.5
2024-12-08,43.7,51.8,35.6,999.9,6.2,7.2,11.7,437.3977935367831,31.197875,121.336319,3.04,36.47605257059406,10.016307342039557,19.214606939724288,-0.3697245428906732,0.9943497193247306,31.197875,973.307404515625,0.9996381607177243,1.3962446919730587,-2834.147463702414,4654.704350319257,3300.1479610932843,89.99288237460244,296.565051177078,28.4
2024-12-09,49.1,53.6,42.8,999.9,6.2,4.3,7.8,307.7879184128676,31.197875,121.336319,3.04,40.952756261623485,10.008820267606554,19.169770567691735,-0.3536761221763721,0.9943497193247306,31.197875,973.307404515625,0.9996381607177243,1.3962446919730587,-2834.147463702414,4654.704350319257,3300.1479610932843,89.99288237460244,296.565051177078,32.5
2024-12-10,47.8,50.0,44.6,999.9,4.0,7.7,15.5,-463.1348228334701,31.197875,121.336319,3.04,39.84129157687986,10.001997885409171,19.129120737563152,-0.33752289959411347,0.9943497193247306,31.197875,973.307404515625,0.9996381607177243,1.3962446919730587,-2834.147463702414,4654.704350319257,3300.1479610932843,89.99288237460244,296.565051177078,44.7
2024-12-11,44.6,46.4,41.0,999.9,5.5,8.9,13.6,-620.5006696058206,31.197875,121.336319,3.04,37.1512229541337,9.99584474102252,19.092674578535348,-0.32126966169236515,0.9943497193247306,31.197875,973.307404515625,0.9996381607177243,1.3962446919730587,-2834.147463702414,4654.704350319257,3300.1479610932843,89.99288237460244,296.565051177078,39.1
2024-12-12,47.8,51.8,44.6,999.9,6.1,8.5,11.7,549.0147606338122,31.197875,121.336319,3.04,39.79495374059428,9.990364955797729,19.06044757362494,-0.3049212246562894,0.9943497193247306,31.197875,973.307404515625,0.9996381607177243,1.3962446919730587,-2834.147463702414,4654.704350319257,3300.1479610932843,89.99288237460244,296.565051177078,36.6
2024-12-13,44.5,50.0,37.4,999.9,5.0,9.6,13.6,429.4779832267036,31.197875,121.336319,3.04,37.02979322304474,9.985562217450267,19.03245356315792,-0.2884824328806098,0.9943497193247306,31.197875,973.307404515625,0.9996381607177243,1.3962446919730587,-2834.147463702414,4654.704350319257,3300.1479610932843,89.99288237460244,296.565051177078,33.1
2024-12-14,40.3,48.2,33.8,999.9,6.2,8.4,13.6,-220.20778223213355,31.197875,121.336319,3.04,33.521001899553795,9.981439771579295,19.00870474785042,-0.27195815753410524,0.9943497193247306,31.197875,973.307404515625,0.9996381607177243,1.3962446919730587,-2834.147463702414,4654.704350319257,3300.1479610932843,89.99288237460244,296.565051177078,22.2
2024-12-15,40.8,50.0,32.0,999.9,6.2,5.6,11.7,17.5,31.197875,121.336319,3.04,33.925201408135635,9.97800041415754,18.989211691416603,-0.2553532951161881,0.9943497193247306,31.197875,973.307404515625,0.9996381607177243,1.3962446919730587,-2834.147463702414,4654.704350319257,3300.1479610932843,89.99288237460244,296.565051177078,20.3
2024-12-16,43.2,53.6,32.0,999.9,6.2,3.6,9.7,234.57924076465642,31.197875,121.336319,3.04,35.91088734609709,9.97524648502697,18.97398332264617,-0.23867276600594997,0.9943497193247306,31.197875,973.307404515625,0.9996381607177243,1.3962446919730587,-2834.147463702414,4654.704350319257,3300.1479610932843,89.99288237460244,296.565051177078,25.0
2024-12-17,46.9,57.2,37.4,999.9,5.9,4.9,7.8,-606.9904776763726,31.197875,121.336319,3.04,38.978511295667595,9.973179862430941,18.963026936902082,-0.22192151300416674,0.9943497193247306,31.197875,973.307404515625,0.9996381607177243,1.3962446919730587,-2834.147463702414,4654.704350319257,3300.1479610932843,89.99288237460244,296.565051177078,28.4
2024-12-18,41.7,51.8,37.4,999.9,5.9,10.4,19.4,36.264727599512476,31.197875,121.336319,3.04,34.652011806165696,9.971801958608832,18.956348196997073,-0.20510449986861926,0.9943497193247306,31.197875,973.307404515625,0.9996381607177243,1.3962446919730587,-2834.147463702414,4654.704350319257,3300.1479610932843,89.99288237460244,296.565051177078,29.4
2024-12-19,40.8,44.6,33.8,999.9,6.2,5.7,11.7,-1099.2506534607212,31.197875,121.336319,3.04,33.90178663601223,9.971113716474187,18.953951133415384,-0.1882267098432439,0.9943497193247306,31.197875,973.307404515625,0.9996381607177243,1.3962446919730587,-2834.147463702414,4654.704350319257,3300.1479610932843,89.99288237460244,296.565051177078,29.0
2024-12-20,43.9,51.8,37.4,999.9,6.2,5.3,9.7,-132.3295997747642,31.197875,121.336319,3.04,36.47766459704333,9.971115607392255,18.95583814385521,-0.1712931441814778,0.9943497193247306,31.197875,973.307404515625,0.9996381607177243,1.3962446919730587,-2834.147463702414,4654.704350319257,3300.1479610932843,89.99288237460244,296.565051177078,27.9
2024-12-21,40.4,48.2,35.6,999.9,5.8,11.1,19.4,-746.7946338071933,31.197875,121.336319,3.04,33.571752354560985,9.97180763006762,18.96200999207553,-0.154308820664281,0.9943497193247306,31.197875,973.307404515625,0.9996381607177243,1.3962446919730587,-2834.147463702414,4654.704350319257,3300.1479610932843,89.99288237460244,296.565051177078,19.9
2024-12-22,41.7,44.6,37.4,999.9,6.2,7.8,11.7,-15.064855590005518,31.197875,121.336319,3.04,34.65683285415171,9.973189310547253,18.972465806040066,-0.13727877211326517,0.9943497193247306,31.197875,973.307404515625,0.9996381607177243,1.3962446919730587,-2834.147463702414,4654.704350319257,3300.1479610932843,89.99288237460244,296.565051177078,27.4
2024-12-23,44.7,48.2,37.4,999.9,6.2,6.5,7.8,-92.18760809898404,31.197875,121.336319,3.04,37.157842394937774,9.975259703338999,18.98720307535989,-0.12020804489935275,0.9943497193247306,31.197875,973.307404515625,0.9996381607177243,1.3962446919730587,-2834.147463702414,4654.704350319257,3300.1479610932843,89.99288237460244,296.565051177078,34.2
2024-12-24,47.6,53.6,41.0,999.9,6.2,4.0,7.8,-61.58398043953094,31.197875,121.336319,3.04,39.579468994772306,9.978017393640076,19.006217648045045,-0.10310169744743544,0.9943497193247306,31.197875,973.307404515625,0.9996381607177243,1.3962446919730587,-2834.147463702414,4654.704350319257,3300.1479610932843,89.99288237460244,296.565051177078,34.9
2024-12-25,48.6,55.4,42.8,999.9,5.1,5.8,9.7,-893.2398449986232,31.197875,121.336319,3.04,40.42491502769298,9.981460500664934,19.029503726584416,-0.0859647987374467,0.9943497193247306,31.197875,973.307404515625,0.9996381607177243,1.3962446919730587,-2834.147463702414,4654.704350319257,3300.1479610932843,89.99288237460244,296.565051177078,39.2
2024-12-26,43.8,51.8,35.6,999.9,4.8,7.1,11.7,-172.10687034119465,31.197875,121.336319,3.04,36.44739138950623,9.985586682056502,19.057053863381718,-0.06880242680232064,0.9943497193247306,31.197875,973.307404515625,0.9996381607177243,1.3962446919730587,-2834.147463702414,4654.704350319257,3300.1479610932843,89.99288237460244,296.565051177078,32.5
2024-12-27,42.6,48.2,35.6,999.9,6.2,7.5,11.7,21.4,31.197875,121.336319,3.04,35.46589564472719,9.990393139359773,19.088858955584172,-0.05161966722325418,0.9943497193247306,31.197875,973.307404515625,0.9996381607177243,1.3962446919730587,-2834.147463702414,4654.704350319257,3300.1479610932843,89.99288237460244,296.565051177078,24.1
2024-12-28,37.8,44.6,30.2,999.9,6.2,7.0,15.5,23.3,31.197875,121.336319,3.04,31.48701136727506,9.995876624531766,19.12490823934853,-0.034421611622745804,0.9943497193247306,31.197875,973.307404515625,0.9996381607177243,1.3962446919730587,-2834.147463702414,4654.704350319257,3300.1479610932843,89.99288237460244,296.565051177078,13.4
2024-12-29,41.6,50.0,33.8,999.9,6.2,4.9,9.7,388.89896832117273,31.197875,121.336319,3.04,34.6737159511844,10.002033447457038,19.16518928359747,-0.01721335615583528,0.9943497193247306,31.197875,973.307404515625,0.9996381607177243,1.3962446919730587,-2834.147463702414,4654.704350319257,3300.1479610932843,89.99288237460244,296.565051177078,24.7
2024-12-30,44.7,53.6,37.4,999.9,6.1,4.9,9.7,17.5,31.197875,121.336319,3.04,37.28300157951501,10.00885948443356,19.209687983326774,6.432490598706546e-16,0.9943497193247306,31.197875,973.307404515625,0.9996381607177243,1.3962446919730587,-2834.147463702414,4654.704350319257,3300.1479610932843,89.99288237460244,296.565051177078,25.5
2024-12-31,43.5,51.8,33.8,999.9,6.2,4.5,9.7,-164.03391546435935,31.197875,121.336319,3.04,36.30926943001148,10.016350187589374,19.25838855253157,0.017213356155833904,0.9943497193247306,31.197875,973.307404515625,0.9996381607177243,1.3962446919730587,-2834.147463702414,4654.704350319257,3300.1479610932843,89.99288237460244,296.565051177078,27.8
2025-01-01,46.6,55.4,37.4,999.9,6.2,4.4,7.8,318.84724007608156,31.197875,121.336319,3.04,38.896826561805405,10.016350187589374,19.25838855253157,0.017213356155834685,0.9943497193247306,31.197875,973.307404515625,0.9996381607177243,1.3962446919730587,-2834.147463702414,4654.704350319257,3300.1479610932843,89.99288237460244,296.565051177078,34.2
2025-01-02,47.2,57.2,37.4,999.9,6.2,5.0,7.8,-165.72360797870186,31.197875,121.336319,3.04,39.429702341067376,10.02450059518662,19.311273516826205,0.03442161162274574,0.9943497193247306,31.197875,973.307404515625,0.9996381607177243,1.3962446919730587,-2834.147463702414,4654.704350319257,3300.1479610932843,89.99288237460244,296.565051177078,36.8
2025-01-03,45.1,53.6,37.4,999.9,6.1,5.5,9.7,-88.44521956576848,31.197875,121.336319,3.04,37.708505913228144,10.033305342765804,19.36832370583962,0.051619667223253764,0.9943497193247306,31.197875,973.307404515625,0.9996381607177243,1.3962446919730587,-2834.147463702414,4654.704350319257,3300.1479610932843,89.99288237460244,296.565051177078,34.4
2025-01-04,49.5,55.4,44.6,999.9,6.2,6.2,9.7,102.17278266953006,31.197875,121.336319,3.04,41.42637953470477,10.042758675079945,19.429518245473343,0.06880242680231986,0.9943497193247306,31.197875,973.307404515625,0.9996381607177243,1.3962446919730587,-2834.147463702414,4654.704350319257,3300.1479610932843,89.99288237460244,296.565051177078,36.4
2025-01-05,48.8,57.2,42.8,999.9,5.0,4.8,11.7,905.1823856050079,31.197875,121.336319,3.04,40.881608132312174,10.052854458765289,19.494834550115293,0.08596479873744647,0.9943497193247306,31.197875,973.307404515625,0.9996381607177243,1.3962446919730587,-2834.147463702414,4654.704350319257,3300.1479610932843,89.99288237460244,296.565051177078,36.3
2025-01-06,45.0,55.4,35.6,999.9,5.6,8.5,13.6,-641.9144467174177,31.197875,121.336319,3.04,37.73844823384791,10.063586195692777,19.56424831490725,0.10310169744743485,0.9943497193247306,31.197875,973.307404515625,0.9996381607177243,1.3962446919730587,-2834.147463702414,4654.704350319257,3300.1479610932843,89.99288237460244,296.565051177078,25.8
2025-01-07,39.9,48.2,32.0,999.9,6.2,3.8,5.8,-977.6053143184063,31.197875,121.336319,3.04,33.499198897832855,10.074947036942213,19.637733508168203,0.1202080448993527,0.9943497193247306,31.197875,973.307404515625,0.9996381607177243,1.3962446919730587,-2834.147463702414,4654.704350319257,3300.1479610932843,89.99288237460244,296.565051177078,23.0
2025-01-08,43.4,51.8,33.8,999.9,6.2,8.4,17.5,172.57365559327965,31.197875,121.336319,3.04,36.48106276704425,10.086929797339424,19.715262364079656,0.13727877211326478,0.9943497193247306,31.197875,973.307404515625,0.9996381607177243,1.3962446919730587,-2834.147463702414,4654.704350319257,3300.1479610932843,89.99288237460244,296.565051177078,22.5
2025-01-09,36.3,42.8,30.2,999.9,6.2,11.7,15.5,901.6206833425784,31.197875,121.336319,3.04,30.551069085748058,10.099526970495226,19.796805375742082,0.15430882066428117,0.9943497193247306,31.197875,973.307404515625,0.9996381607177243,1.3962446919730587,-2834.147463702414,4654.704350319257,3300.1479610932843,89.99288237460244,296.565051177078,14.8
2025-01-10,35.9,41.0,32.0,999.9,6.2,6.4,11.7,1262.1471329223552,31.197875,121.336319,3.04,30.253919476650076,10.112730744284148,19.882331288714088,0.1712931441814776,0.9943497193247306,31.197875,973.307404515625,0.9996381607177243,1.3962446919730587,-2834.147463702414,4654.704350319257,3300.1479610932843,89.99288237460244,296.565051177078,11.1
2025-01-11,37.3,44.6,30.2,999.9,6.2,4.6,9.7,-5.852295064838682,31.197875,121.336319,3.04,31.476640126909764,10.126533016700193,19.971807095147962,0.1882267098432442,0.9943497193247306,31.197875,973.307404515625,0.9996381607177243,1.3962446919730587,-2834.147463702414,4654.704350319257,3300.1479610932843,89.99288237460244,296.565051177078,15.4
2025-01-12,41.6,51.8,32.0,999.9,6.0,5.3,13.6,19.4,31.197875,121.336319,3.04,35.15520809502616,10.140925412026776,20.065198028636313,0.2051044998686192,0.9943497193247306,31.197875,973.307404515625,0.9996381607177243,1.3962446919730587,-2834.147463702414,4654.704350319257,3300.1479610932843,89.99288237460244,296.565051177078,22.8
2025-01-13,47.1,57.2,35.6,999.9,5.7,4.0,9.7,-27.207400177181842,31.197875,121.336319,3.04,39.86190474173816,10.155899297258129,20.1624675598852,0.2219215130041655,0.9943497193247306,31.197875,973.307404515625,0.9996381607177243,1.3962446919730587,-2834.147463702414,4654.704350319257,3300.1479610932843,89.99288237460244,296.565051177078,29.5
2025-01-14,50.5,62.6,35.6,999.9,5.6,10.6,21.4,230.14052128177482,31.197875,121.336319,3.04,42.804834402904625,10.17144579871001,20.263577393329115,0.2386727660059501,0.9943497193247306,31.197875,973.307404515625,0.9996381607177243,1.3962446919730587,-2834.147463702414,4654.704350319257,3300.1479610932843,89.99288237460244,296.565051177078,31.0
2025-01-15,36.3,42.8,28.4,999.9,6.2,7.9,15.5,97.98543437188587,31.197875,121.336319,3.04,30.817356351744166,10.187555818758403,20.36848746480244,0.255353295116187,0.9943497193247306,31.197875,973.307404515625,0.9996381607177243,1.3962446919730587,-2834.147463702414,4654.704350319257,3300.1479610932843,89.99288237460244,296.565051177078,10.3
2025-01-16,37.3,46.4,28.4,999.9,6.2,4.0,7.8,15.5,31.197875,121.336319,3.04,31.718117330308257,10.204220052646088,20.47715594038083,0.2719581575341055,0.9943497193247306,31.197875,973.307404515625,0.9996381607177243,1.3962446919730587,-2834.147463702414,4654.704350319257,3300.1479610932843,89.99288237460244,296.565051177078,12.2
2025-01-17,42.8,53.6,33.8,999.9,6.2,2.6,5.8,194.60357133897776,31.197875,121.336319,3.04,36.456430118898,10.221429005298505,20.589539216503955,0.288482432880609,0.9943497193247306,31.197875,973.307404515625,0.9996381607177243,1.3962446919730587,-2834.147463702414,4654.704350319257,3300.1479610932843,89.99288237460244,296.565051177078,19.2
2025-01-18,46.2,57.2,35.6,999.9,5.4,4.7,9.7,630.9537771762393,31.197875,121.336319,3.04,39.42081608115416,10.239173008091988,20.705591921488796,0.30492122465628907,0.9943497193247306,31.197875,973.307404515625,0.9996381607177243,1.3962446919730587,-2834.147463702414,4654.704350319257,3300.1479610932843,89.99288237460244,296.565051177078,31.7
2025-01-19,48.1,60.8,37.4,999.9,5.1,3.6,7.8,369.1447707715917,31.197875,121.336319,3.04,41.11524762737429,10.257442235519573,20.825266918539374,0.3212696616923644,0.9943497193247306,31.197875,973.307404515625,0.9996381607177243,1.3962446919730587,-2834.147463702414,4654.704350319257,3300.1479610932843,89.99288237460244,296.565051177078,29.0
2025-01-20,46.3,57.2,35.6,999.9,3.4,3.6,7.8,9.050090424978352,31.197875,121.336319,3.04,39.64910810123257,10.276226721701747,20.948515310355496,0.3375228995941133,0.9943497193247306,31.197875,973.307404515625,0.9996381607177243,1.3962446919730587,-2834.147463702414,4654.704350319257,3300.1479610932843,89.99288237460244,296.565051177078,29.8
2025-01-21,50.5,59.0,39.2,999.9,4.9,5.8,7.8,-37.61884587691857,31.197875,121.336319,3.04,43.32696475191217,10.295516376692001,21.07528644543902,0.3536761221763716,0.9943497193247306,31.197875,973.307404515625,0.9996381607177243,1.3962446919730587,-2834.147463702414,4654.704350319257,3300.1479610932843,89.99288237460244,296.565051177078,35.3
2025-01-22,54.0,60.8,48.2,999.9,5.7,7.6,15.5,214.99148216378387,31.197875,121.336319,3.04,46.41885451138324,10.315301002529608,21.205527926191273,0.3697245428906731,0.9943497193247306,31.197875,973.307404515625,0.9996381607177243,1.3962446919730587,-2834.147463702414,4654.704350319257,3300.1479610932843,89.99288237460244,296.565051177078,44.2
2025-01-23,53.4,59.0,48.2,999.9,6.0,7.4,11.7,-41.35773388456536,31.197875,121.336319,3.04,45.993287875026944,10.33557030899482,21.33918561889088,0.38566340624360707,0.9943497193247306,31.197875,973.307404515625,0.9996381607177243,1.3962446919730587,-2834.147463702414,4654.704350319257,3300.1479610932843,89.99288237460244,296.565051177078,46.6
2025-01-24,52.5,57.2,48.2,999.9,6.2,9.0,13.6,-36.19689721078346,31.197875,121.336319,3.04,45.308873439482525,10.356313929024576,21.47620366563513,0.401487989205973,0.9943497193247306,31.197875,973.307404515625,0.9996381607177243,1.3962446919730587,-2834.147463702414,4654.704350319257,3300.1479610932843,89.99288237460244,296.565051177078,42.2
2025-01-25,49.1,51.8,46.4,999.9,6.2,10.0,13.6,-1127.169825726663,31.197875,121.336319,3.04,42.46135853309273,10.37752143374975,21.616524498322782,0.4171936026123168,0.9943497193247306,31.197875,973.307404515625,0.9996381607177243,1.3962446919730587,-2834.147463702414,4654.704350319257,3300.1479610932843,89.99288237460244,296.565051177078,38.0
2025-01-26,43.2,48.2,35.6,999.9,6.2,11.8,15.5,23.3,31.197875,121.336319,3.04,37.437056449624805,10.399182347118,21.76008885474976,0.4327755925504312,0.9943497193247306,31.197875,973.307404515625,0.9996381607177243,1.3962446919730587,-2834.147463702414,4654.704350319257,3300.1479610932843,89.99288237460244,296.565051177078,33.2
2025-01-27,37.4,42.8,32.0,999.9,6.2,10.7,15.5,27.2,31.197875,121.336319,3.04,32.479675198882866,10.42128616006937,21.9068357968827,0.4482293417404106,0.9943497193247306,31.197875,973.307404515625,0.9996381607177243,1.3962446919730587,-2834.147463702414,4654.704350319257,3300.1479610932843,89.99288237460244,296.565051177078,10.4
2025-01-28,38.0,44.6,28.4,999.9,6.2,7.0,13.6,21.4,31.197875,121.336319,3.04,33.07210409007716,10.443822344234892,22.056702731368713,0.4635502709028509,0.9943497193247306,31.197875,973.307404515625,0.9996381607177243,1.3962446919730587,-2834.147463702414,4654.704350319257,3300.1479610932843,89.99288237460244,296.565051177078,9.9
2025-01-29,41.3,48.2,35.6,999.9,6.2,6.1,11.7,-486.1006974222268,31.197875,121.336319,3.04,36.02316908999429,10.466780365131514,22.209625432332462,0.47873384011578846,0.9943497193247306,31.197875,973.307404515625,0.9996381607177243,1.3962446919730587,-2834.147463702414,4654.704350319257,3300.1479610932843,89.99288237460244,296.565051177078,17.2
2025-01-30,49.5,57.2,41.0,999.9,6.2,8.1,13.6,5.243351764454529,31.197875,121.336319,3.04,43.271867491172664,10.490149694829737,22.365538066504538,0.49377555015997715,0.9943497193247306,31.197875,973.307404515625,0.9996381607177243,1.3962446919730587,-2834.147463702414,4654.704350319257,3300.1479610932843,89.99288237460244,296.565051177078,36.3
2025-01-31,49.5,55.4,46.4,999.9,4.3,6.7,11.7,515.2416935315719,31.197875,121.336319,3.04,43.36991927430286,10.51391982407342,22.524373220717678,0.5086709438521044,0.9943497193247306,31.197875,973.307404515625,0.9996381607177243,1.3962446919730587,-2834.147463702414,4654.704350319257,3300.1479610932843,89.99288237460244,296.565051177078,46.8
2025-02-01,45.3,50.0,41.0,999.9,6.2,12.1,17.5,-289.7684549861195,31.197875,121.336319,3.04,39.78125303372383,10.538080273834128,22.686061931799657,0.5234156073655503,0.9943497193247306,31.197875,973.307404515625,0.9996381607177243,1.3962446919730587,-2834.147463702414,4654.704350319257,3300.1479610932843,89.99288237460244,296.565051177078,41.1
2025-02-02,43.5,46.4,41.0,999.9,5.9,8.8,13.6,51.10824871325818,31.197875,121.336319,3.04,38.289499697784244,10.562620606285309,22.85053371888396,0.5380051715382996,0.9943497193247306,31.197875,973.307404515625,0.9996381607177243,1.3962446919730587,-2834.147463702414,4654.704350319257,3300.1479610932843,89.99288237460244,296.565051177078,35.3
2025-02-03,40.5,48.2,32.0,999.9,5.7,8.0,13.6,-193.85235131370004,31.197875,121.336319,3.04,35.7329152187473,10.587530435184386,23.017716618151677,0.5524353131676196,0.9943497193247306,31.197875,973.307404515625,0.9996381607177243,1.3962446919730587,-2834.147463702414,4654.704350319257,3300.1479610932843,89.99288237460244,296.565051177078,27.5
2025-02-04,41.4,48.2,33.8,999.9,6.1,5.2,13.6,15.5,31.197875,121.336319,3.04,36.61415805300481,10.612799435653569,23.18753722000991,0.5667017562911176,0.9943497193247306,31.197875,973.307404515625,0.9996381607177243,1.3962446919730587,-2834.147463702414,4654.704350319257,3300.1479610932843,89.99288237460244,296.565051177078,25.3
2025-02-05,41.7,55.4,32.0,999.9,6.2,8.4,17.5,25.3,31.197875,121.336319,3.04,36.96850030290078,10.638417353352741,23.359920708704127,0.5808002734538009,0.9943497193247306,31.197875,973.307404515625,0.9996381607177243,1.3962446919730587,-2834.147463702414,4654.704350319257,3300.1479610932843,89.99288237460244,296.565051177078,23.4
2025-02-06,42.7,48.2,35.6,999.9,6.2,4.4,19.4,27.2,31.197875,121.336319,3.04,37.94739752973496,10.664374013040268,23.534790904354207,0.5947266869607634,0.9943497193247306,31.197875,973.307404515625,0.9996381607177243,1.3962446919730587,-2834.147463702414,4654.704350319257,3300.1479610932843,89.99288237460244,296.565051177078,18.5
2025-02-07,30.4,37.4,23.0,999.9,6.2,14.8,23.3,31.1,31.197875,121.336319,3.04,27.083003627183828,10.690659326519933,23.712070307395543,0.6084768701151261,0.9943497193247306,31.197875,973.307404515625,0.9996381607177243,1.3962446919730587,-2834.147463702414,4654.704350319257,3300.1479610932843,89.99288237460244,296.565051177078,5.2
2025-02-08,30.1,37.4,24.8,999.9,6.2,8.2,13.6,21.4,31.197875,121.336319,3.04,26.88246877743565,10.717263299974345,23.891680145399032,0.6220467484408675,0.9943497193247306,31.197875,973.307404515625,0.9996381607177243,1.3962446919730587,-2834.147463702414,4654.704350319257,3300.1479610932843,89.99288237460244,296.565051177078,5.1
2025-02-09,34.9,42.8,30.2,999.9,6.2,5.1,9.7,-658.9991587245848,31.197875,121.336319,3.04,31.24764531833228,10.744176040687318,24.073540422235986,0.6354323008901774,0.9943497193247306,31.197875,973.307404515625,0.9996381607177243,1.3962446919730587,-2834.147463702414,4654.704350319257,3300.1479610932843,89.99288237460244,296.565051177078,7.9
2025-02-10,43.2,50.0,35.6,999.9,6.2,6.7,9.7,945.8763751545634,31.197875,121.336319,3.04,38.77699594737438,10.77138776315955,24.257569969545965,0.6486295610349814,0.9943497193247306,31.197875,973.307404515625,0.9996381607177243,1.3962446919730587,-2834.147463702414,4654.704350319257,3300.1479610932843,89.99288237460244,296.565051177078,24.2
2025-02-11,50.1,55.4,46.4,999.9,6.0,9.3,17.5,593.024422612966,31.197875,121.336319,3.04,45.0853607175543,10.798888794623785,24.443686500458483,0.6616346182422783,0.9943497193247306,31.197875,973.307404515625,0.9996381607177243,1.3962446919730587,-2834.147463702414,4654.704350319257,3300.1479610932843,89.99288237460244,296.565051177078,43.6
2025-02-12,44.4,50.0,35.6,999.9,5.3,10.0,17.5,27.2,31.197875,121.336319,3.04,40.05867744587887,10.826669579967263,24.6318066655115,0.6744436188329455,0.9943497193247306,31.197875,973.307404515625,0.9996381607177243,1.3962446919730587,-2834.147463702414,4654.704350319257,3300.1479610932843,89.99288237460244,296.565051177078,32.4
2025-02-13,43.5,50.0,39.2,999.9,6.2,5.1,9.7,-744.9031336853984,31.197875,121.336319,3.04,39.348362487006284,10.8547206860707,24.821846110702953,0.6870527672236669,0.9943497193247306,31.197875,973.307404515625,0.9996381607177243,1.3962446919730587,-2834.147463702414,4654.704350319257,3300.1479610932843,89.99288237460244,296.565051177078,23.8
2025-02-14,46.5,48.2,44.6,999.9,6.1,5.8,9.7,328.7663863277377,31.197875,121.336319,3.04,42.17175212160116,10.883032805574492,25.01371953760395,0.699458327051647,0.9943497193247306,31.197875,973.307404515625,0.9996381607177243,1.3962446919730587,-2834.147463702414,4654.704350319257,3300.1479610932843,89.99288237460244,296.565051177078,39.7
2025-02-15,45.1,48.2,37.4,999.9,1.9,4.0,7.8,-196.41650178547778,31.197875,121.336319,3.04,41.009417823315665,10.91159676008399,25.20734076545583,0.7116566222817746,0.9943497193247306,31.197875,973.307404515625,0.9996381607177243,1.3962446919730587,-2834.147463702414,4654.704350319257,3300.1479610932843,89.99288237460244,296.565051177078,42.9
2025-02-16,49.1,59.0,39.2,999.9,4.5,7.2,13.6,1398.8419476592098,31.197875,121.336319,3.04,44.76448433239939,10.940403502826735,25.402622795166376,0.7236440382959124,0.9943497193247306,31.197875,973.307404515625,0.9996381607177243,1.3962446919730587,-2834.147463702414,4654.704350319257,3300.1479610932843,89.99288237460244,296.565051177078,36.0
2025-02-17,44.1,50.0,37.4,999.9,6.2,6.8,11.7,-259.72752669507275,31.197875,121.336319,3.04,40.31270714385049,10.969444120775643,25.599477875114125,0.7354170229639855,0.9943497193247306,31.197875,973.307404515625,0.9996381607177243,1.3962446919730587,-2834.147463702414,4654.704350319257,3300.1479610932843,89.99288237460244,296.565051177078,24.7
2025-02-18,45.6,53.6,39.2,999.9,6.2,4.9,9.7,-366.12881245434176,31.197875,121.336319,3.04,41.79509737776056,10.998709836252779,25.797817568663724,0.7469720876965552,0.9943497193247306,31.197875,973.307404515625,0.9996381607177243,1.3962446919730587,-2834.147463702414,4654.704350319257,3300.1479610932843,89.99288237460244,296.565051177078,27.8
2025-02-19,46.5,53.6,42.8,999.9,6.2,8.4,11.7,109.68990592616176,31.197875,121.336319,3.04,42.73424403111306,11.028192008029176,25.997552823289187,0.7583058084785624,0.9943497193247306,31.197875,973.307404515625,0.9996381607177243,1.3962446919730587,-2834.147463702414,4654.704350319257,3300.1479610932843,89.99288237460244,296.565051177078,31.7
2025-02-20,43.7,48.2,39.2,999.9,6.2,7.8,11.7,541.8475971889759,31.197875,121.336319,3.04,40.26912076380298,11.057882131936745,26.19859404119653,0.7694148268839378,0.9943497193247306,31.197875,973.307404515625,0.9996381607177243,1.3962446919730587,-2834.147463702414,4654.704350319257,3300.1479610932843,89.99288237460244,296.565051177078,30.9
2025-02-21,43.2,46.4,39.2,999.9,6.2,6.3,9.7,-450.75288290782424,31.197875,121.336319,3.04,39.915978627631446,11.087771841008735,26.400851151332063,0.7802958510707755,0.9943497193247306,31.197875,973.307404515625,0.9996381607177243,1.3962446919730587,-2834.147463702414,4654.704350319257,3300.1479610932843,89.99288237460244,296.565051177078,28.9
2025-02-22,43.6,48.2,41.0,999.9,6.2,7.0,9.7,311.8995956217167,31.197875,121.336319,3.04,40.39486555543531,11.11785290516568,26.604233682657256,0.7909456567567772,0.9943497193247306,31.197875,973.307404515625,0.9996381607177243,1.3962446919730587,-2834.147463702414,4654.704350319257,3300.1479610932843,89.99288237460244,296.565051177078,28.8
2025-02-23,40.1,44.6,33.8,999.9,6.0,6.4,11.7,-810.6229405159226,31.197875,121.336319,3.04,37.25329174513392,11.148117230464015,26.80865083856721,0.8013610881746766,0.9943497193247306,31.197875,973.307404515625,0.9996381607177243,1.3962446919730587,-2834.147463702414,4654.704350319257,3300.1479610932843,89.99288237460244,296.565051177078,29.7
2025-02-24,42.6,48.2,39.2,999.9,5.8,6.7,11.7,768.9326163951997,31.197875,121.336319,3.04,39.68387684563273,11.178556857924713,27.014011572324733,0.8115390590073611,0.9943497193247306,31.197875,973.307404515625,0.9996381607177243,1.3962446919730587,-2834.147463702414,4654.704350319257,3300.1479610932843,89.99288237460244,296.565051177078,24.8
2025-02-25,43.2,48.2,37.4,999.9,4.1,5.0,11.7,-732.6697583254414,31.197875,121.336319,3.04,40.35299026305424,11.20916396195951,27.2202246633788,0.8214765533024142,0.9943497193247306,31.197875,973.307404515625,0.9996381607177243,1.3962446919730587,-2834.147463702414,4654.704350319257,3300.1479610932843,89.99288237460244,296.565051177078,33.4
2025-02-26,50.2,59.0,42.8,999.9,3.9,6.4,11.7,752.6446589015796,31.197875,121.336319,3.04,47.02037738252454,11.239930848412241,27.427198794431984,0.8311706263658079,0.9943497193247306,31.197875,973.307404515625,0.9996381607177243,1.3962446919730587,-2834.147463702414,4654.704350319257,3300.1479610932843,89.99288237460244,296.565051177078,35.9
2025-02-27,52.4,60.8,48.2,999.9,2.0,5.3,9.7,3.0033571759606144,31.197875,121.336319,3.04,49.21604479141686,11.27084995223287,27.634842629119053,0.8406184056344782,0.9943497193247306,31.197875,973.307404515625,0.9996381607177243,1.3962446919730587,-2834.147463702414,4654.704350319257,3300.1479610932843,89.99288237460244,296.565051177078,47.7
2025-02-28,62.0,71.6,51.8,999.9,5.0,7.8,15.5,-46.81301673780183,31.197875,121.336319,3.04,58.39322147980852,11.301913834801649,27.843064890155265,0.8498170915275278,0.9943497193247306,31.197875,973.307404515625,0.9996381607177243,1.3962446919730587,-2834.147463702414,4654.704350319257,3300.1479610932843,89.99288237460244,296.565051177078,54.0
2025-03-01,70.0,82.4,60.8,999.9,6.1,5.3,9.7,1053.6047291369473,31.197875,121.336319,3.04,66.10983855537128,11.33311518092079,28.05177443781132,0.8587639582758029,0.9943497193247306,31.197875,973.307404515625,0.9996381607177243,1.3962446919730587,-2834.147463702414,4654.704350319257,3300.1479610932843,89.99288237460244,296.565051177078,55.6
2025-03-02,66.9,84.2,48.2,999.9,6.1,10.9,23.3,27.2,31.197875,121.336319,3.04,63.35679088486126,11.364446795490808,28.26088034856937,0.8674563547295969,0.9943497193247306,31.197875,973.307404515625,0.9996381607177243,1.3962446919730587,-2834.147463702414,4654.704350319257,3300.1479610932843,89.99288237460244,296.565051177078,54.4
2025-03-03,47.2,50.0,44.6,999.9,5.9,10.7,21.4,29.1,31.197875,121.336319,3.04,44.823879626228006,11.395901599888475,28.470291993813127,0.8758917051442429,0.9943497193247306,31.197875,973.307404515625,0.9996381607177243,1.3962446919730587,-2834.147463702414,4654.704350319257,3300.1479610932843,89.99288237460244,296.565051177078,43.4
2025-03-04,44.1,46.4,42.8,999.9,5.7,11.5,19.4,25.3,31.197875,121.336319,3.04,41.995961908131946,11.427472628063114,28.67991911840394,0.8840675099433636,0.9943497193247306,31.197875,973.307404515625,0.9996381607177243,1.3962446919730587,-2834.147463702414,4654.704350319257,3300.1479610932843,89.99288237460244,296.565051177078,39.1
2025-03-05,44.1,46.4,42.8,999.9,6.2,11.4,15.5,1280.5781351193195,31.197875,121.336319,3.04,42.11238735720117,11.459153022367666,28.889671918993717,0.8919813464595485,0.9943497193247306,31.197875,973.307404515625,0.9996381607177243,1.3962446919730587,-2834.147463702414,4654.704350319257,3300.1479610932843,89.99288237460244,296.565051177078,34.8
2025-03-06,44.4,51.8,37.4,999.9,6.2,9.6,15.5,230.05582670365078,31.197875,121.336319,3.04,42.51646330782042,11.490936029140654,29.099461121925547,0.8996308696522433,0.9943497193247306,31.197875,973.307404515625,0.9996381607177243,1.3962446919730587,-2834.147463702414,4654.704350319257,3300.1479610932843,89.99288237460244,296.565051177078,33.1
2025-03-07,45.4,51.8,37.4,999.9,6.2,3.6,7.8,-598.9074692762742,31.197875,121.336319,3.04,43.594650060840884,11.52281499405486,29.309198060572484,0.9070138128026359,0.9943497193247306,31.197875,973.307404515625,0.9996381607177243,1.3962446919730587,-2834.147463702414,4654.704350319257,3300.1479610932843,89.99288237460244,296.565051177078,31.6
2025-03-08,48.9,57.2,42.8,999.9,6.1,5.5,9.7,17.5,31.197875,121.336319,3.04,47.085742180786454,11.55478335724821,29.518794751965757,0.9141279881853337,0.9943497193247306,31.197875,973.307404515625,0.9996381607177243,1.3962446919730587,-2834.147463702414,4654.704350319257,3300.1479610932843,89.99288237460244,296.565051177078,32.5
2025-03-09,52.9,57.2,48.2,999.9,6.2,7.4,9.7,24.39322972807904,31.197875,121.336319,3.04,51.078629407711134,11.586834648252053,29.728163972564378,0.9209712877166346,0.9943497193247306,31.197875,973.307404515625,0.9996381607177243,1.3962446919730587,-2834.147463702414,4654.704350319257,3300.1479610932843,89.99288237460244,296.565051177078,42.9
2025-03-10,53.3,57.2,50.0,999.9,5.4,4.4,5.8,50.49333463352185,31.197875,121.336319,3.04,51.60755835191615,11.618962480731591,29.937219333019222,0.9275416835791966,0.9943497193247306,31.197875,973.307404515625,0.9996381607177243,1.3962446919730587,-2834.147463702414,4654.704350319257,3300.1479610932843,89.99288237460244,296.565051177078,48.7
2025-03-11,58.1,64.4,53.6,999.9,4.8,6.2,9.7,35.34362610537006,31.197875,121.336319,3.04,56.41103564864833,11.651160547053012,30.145875351786717,0.9338372288229252,0.9943497193247306,31.197875,973.307404515625,0.9996381607177243,1.3962446919730587,-2834.147463702414,4654.704350319257,3300.1479610932843,89.99288237460244,296.565051177078,53.1
2025-03-12,53.7,57.2,50.0,999.9,5.0,7.9,11.7,112.63963155458583,31.197875,121.336319,3.04,52.283316191794185,11.683422612691437,30.35404752744892,0.9398560579418954,0.9943497193247306,31.197875,973.307404515625,0.9996381607177243,1.3962446919730587,-2834.147463702414,4654.704350319257,3300.1479610932843,89.99288237460244,296.565051177078,51.6
2025-03-13,51.9,55.4,50.0,999.9,6.2,8.3,13.6,-1097.240589149842,31.197875,121.336319,3.04,50.67058635788463,11.715742510493557,30.56165240959944,0.9455963874271426,0.9943497193247306,31.197875,973.307404515625,0.9996381607177243,1.3962446919730587,-2834.147463702414,4654.704350319257,3300.1479610932843,89.99288237460244,296.565051177078,39.0
2025-03-14,52.0,55.4,48.2,999.9,5.3,9.2,15.5,21.4,31.197875,121.336319,3.04,50.90849458416995,11.74811413480845,30.768607668157465,0.9510565162951535,0.9943497193247306,31.197875,973.307404515625,0.9996381607177243,1.3962446919730587,-2834.147463702414,4654.704350319257,3300.1479610932843,89.99288237460244,296.565051177078,45.5
2025-03-15,47.3,50.0,44.6,999.9,5.4,10.2,13.6,319.9875305261827,31.197875,121.336319,3.04,46.43492807492849,11.78053143549983,30.97483216097545,0.9562348265919056,0.9943497193247306,31.197875,973.307404515625,0.9996381607177243,1.3962446919730587,-2834.147463702414,4654.704350319257,3300.1479610932843,89.99288237460244,296.565051177078,42.3
2025-03-16,43.0,50.0,37.4,999.9,6.1,10.0,19.4,31.1,31.197875,121.336319,3.04,42.32987514247233,11.812988411852743,31.180245999609323,0.9611297838723007,0.9943497193247306,31.197875,973.307404515625,0.9996381607177243,1.3962446919730587,-2834.147463702414,4654.704350319257,3300.1479610932843,89.99288237460244,296.565051177078,29.9
2025-03-17,48.4,53.6,41.0,999.9,6.2,7.8,11.7,319.6701007072475,31.197875,121.336319,3.04,47.77676572909557,11.845479106387332,31.384770613124484,0.9657399376548549,0.9943497193247306,31.197875,973.307404515625,0.9996381607177243,1.3962446919730587,-2834.147463702414,4654.704350319257,3300.1479610932843,89.99288237460244,296.565051177078,24.7
2025-03-18,46.2,55.4,37.4,999.9,6.2,9.2,17.5,29.1,31.197875,121.336319,3.04,45.73029075458017,11.87799759859225,31.588328809814694,0.9700639218515071,0.9943497193247306,31.197875,973.307404515625,0.9996381607177243,1.3962446919730587,-2834.147463702414,4654.704350319257,3300.1479610932843,89.99288237460244,296.565051177078,25.4
2025-03-19,48.1,57.2,41.0,999.9,6.2,5.4,11.7,-625.6324951508427,31.197875,121.336319,3.04,47.741406477681394,11.910537998589952,31.79084483671597,0.9741004551724205,0.9943497193247306,31.197875,973.307404515625,0.9996381607177243,1.3962446919730587,-2834.147463702414,4654.704350319257,3300.1479610932843,89.99288237460244,296.565051177078,26.4
2025-03-20,57.0,68.0,46.4,999.9,6.2,6.7,11.7,17.5,31.197875,121.336319,3.04,56.72969859354345,11.94309444074599,31.992244436802252,0.9778483415056568,0.9943497193247306,31.197875,973.307404515625,0.9996381607177243,1.3962446919730587,-2834.147463702414,4654.704350319257,3300.1479610932843,89.99288237460244,296.565051177078,35.8
2025-03-21,64.2,77.0,50.0,999.9,6.2,6.2,13.6,116.05060620031409,31.197875,121.336319,3.04,64.06978676320335,11.975661077234271,32.192454903755234,0.9813064702716093,0.9943497193247306,31.197875,973.307404515625,0.9996381607177243,1.3962446919730587,-2834.147463702414,4654.704350319257,3300.1479610932843,89.99288237460244,296.565051177078,33.3
2025-03-22,66.9,78.8,53.6,999.9,6.2,6.1,11.7,23.3,31.197875,121.336319,3.04,66.94589379900361,12.008232071570156,32.3914051342058,0.9844738167520922,0.9943497193247306,31.197875,973.307404515625,0.9996381607177243,1.3962446919730587,-2834.147463702414,4654.704350319257,3300.1479610932843,89.99288237460244,296.565051177078,35.3
2025-03-23,69.9,82.4,57.2,999.9,6.2,6.6,17.5,27.2,31.197875,121.336319,3.04,70.13766927411693,12.040801592123076,32.58902567735108,0.9873494423939864,0.9943497193247306,31.197875,973.307404515625,0.9996381607177243,1.3962446919730587,-2834.147463702414,4654.704350319257,3300.1479610932843,89.99288237460244,296.565051177078,44.1
2025-03-24,70.7,82.4,59.0,999.9,6.2,6.6,11.7,19.4,31.197875,121.336319,3.04,71.13223508811392,12.073363805620465,32.78524878185637,0.989932495087353,0.9943497193247306,31.197875,973.307404515625,0.9996381607177243,1.3962446919730587,-2834.147463702414,4654.704350319257,3300.1479610932843,89.99288237460244,296.565051177078,43.3
2025-03-25,74.2,87.8,59.0,999.9,6.2,6.2,13.6,113.73789510256711,31.197875,121.336319,3.04,74.85489458354779,12.105912870654628,32.98000843995834,0.9922222094179323,0.9943497193247306,31.197875,973.307404515625,0.9996381607177243,1.3962446919730587,-2834.147463702414,4654.704350319257,3300.1479610932843,89.99288237460244,296.565051177078,42.3
2025-03-26,76.6,89.6,68.0,999.9,6.1,8.0,15.5,19.4,31.197875,121.336319,3.04,77.48372737752045,12.138442931204247,33.17324042869194,0.994217906893952,0.9943497193247306,31.197875,973.307404515625,0.9996381607177243,1.3962446919730587,-2834.147463702414,4654.704350319257,3300.1479610932843,89.99288237460244,296.565051177078,59.2
2025-03-27,57.4,69.8,48.2,999.9,6.0,14.6,21.4,27.2,31.197875,121.336319,3.04,58.21770179370514,12.170948110182259,33.36488234817054,0.995918996147179,0.9943497193247306,31.197875,973.307404515625,0.9996381607177243,1.3962446919730587,-2834.147463702414,4654.704350319257,3300.1479610932843,89.99288237460244,296.565051177078,47.0
2025-03-28,45.4,50.0,42.8,999.9,5.9,6.6,11.7,15.5,31.197875,121.336319,3.04,46.16961513643274,12.203422503021871,33.55487365685551,0.9973249731081555,0.9943497193247306,31.197875,973.307404515625,0.9996381607177243,1.3962446919730587,-2834.147463702414,4654.704350319257,3300.1479610932843,89.99288237460244,296.565051177078,37.7
2025-03-29,48.8,51.8,44.6,999.9,6.0,7.0,11.7,23.3,31.197875,121.336319,3.04,49.759164696671576,12.235860171312684,33.74315570375904,0.9984354211555643,0.9943497193247306,31.197875,973.307404515625,0.9996381607177243,1.3962446919730587,-2834.147463702414,4654.704350319257,3300.1479610932843,89.99288237460244,296.565051177078,29.5
2025-03-30,48.8,53.6,44.6,999.9,6.2,5.7,9.7,270.7808706985209,31.197875,121.336319,3.04,49.890904221762085,12.268255136498874,33.92967175753052,0.9992500112396835,0.9943497193247306,31.197875,973.307404515625,0.9996381607177243,1.3962446919730587,-2834.147463702414,4654.704350319257,3300.1479610932843,89.99288237460244,296.565051177078,24.5
2025-03-31,50.9,57.2,46.4,999.9,6.2,7.0,9.7,-720.130452475521,31.197875,121.336319,3.04,52.17505082657256,12.300601373651682,34.1143670323853,0.9997685019798909,0.9943497193247306,31.197875,973.307404515625,0.9996381607177243,1.3962446919730587,-2834.147463702414,4654.704350319257,3300.1479610932843,89.99288237460244,296.565051177078,29.3
2025-04-01,53.2,62.6,44.6,999.9,6.2,5.3,9.7,189.0610261975254,31.197875,121.336319,3.04,54.675824770290056,12.332892805328582,34.29718871084079,0.9999907397361901,0.9943497193247306,31.197875,973.307404515625,0.9996381607177243,1.3962446919730587,-2834.147463702414,4654.704350319257,3300.1479610932843,89.99288237460244,296.565051177078,30.1
2025-04-02,58.2,73.4,48.2,999.9,6.2,8.0,19.4,25.3,31.197875,121.336319,3.04,59.970847983328824,12.365123295531717,34.47808596323383,0.9999166586547379,0.9943497193247306,31.197875,973.307404515625,0.9996381607177243,1.3962446919730587,-2834.147463702414,4654.704350319257,3300.1479610932843,89.99288237460244,296.565051177078,38.4
2025-04-03,56.3,68.0,48.2,999.9,6.2,6.3,11.7,13.6,31.197875,121.336319,3.04,58.16393650372722,12.39728664377845,34.65700996399965,0.9995462806873573,0.9943497193247306,31.197875,973.307404515625,0.9996381607177243,1.3962446919730587,-2834.147463702414,4654.704350319257,3300.1479610932843,89.99288237460244,296.565051177078,32.9
2025-04-04,60.8,68.0,55.4,999.9,6.2,8.3,11.7,-293.5406045767835,31.197875,121.336319,3.04,62.97550800177224,12.429376579297154,34.83391390470139,0.9988797155850336,0.9943497193247306,31.197875,973.307404515625,0.9996381607177243,1.3962446919730587,-2834.147463702414,4654.704350319257,3300.1479610932843,89.99288237460244,296.565051177078,45.1
2025-04-05,64.1,77.0,55.4,999.9,5.8,6.7,13.6,29.728500711536984,31.197875,121.336319,3.04,66.56457425155634,12.461386755361563,35.008753003806305,0.9979171608653922,0.9943497193247306,31.197875,973.307404515625,0.9996381607177243,1.3962446919730587,-2834.147463702414,4654.704350319257,3300.1479610932843,89.99288237460244,296.565051177078,49.3
2025-04-06,64.0,77.0,53.6,999.9,5.7,6.5,9.7,418.5227712588435,31.197875,121.336319,3.04,66.63099063347974,12.493310743777451,35.18148451321224,0.9966589017541702,0.9943497193247306,31.197875,973.307404515625,0.9996381607177243,1.3962446919730587,-2834.147463702414,4654.704350319257,3300.1479610932843,89.99288237460244,296.565051177078,47.8
2025-04-07,68.5,78.8,59.0,999.9,6.2,8.6,13.6,311.4098050707876,31.197875,121.336319,3.04,71.4976857519323,12.525142029535585,35.35206772153639,0.9951053111006976,0.9943497193247306,31.197875,973.307404515625,0.9996381607177243,1.3962446919730587,-2834.147463702414,4654.704350319257,3300.1479610932843,89.99288237460244,296.565051177078,45.6
2025-04-08,73.4,86.0,62.6,999.9,6.1,5.1,11.7,-615.7026760924904,31.197875,121.336319,3.04,76.80621266786345,12.55687400564525,35.52046395418503,0.9932568492674143,0.9943497193247306,31.197875,973.307404515625,0.9996381607177243,1.3962446919730587,-2834.147463702414,4654.704350319257,3300.1479610932843,89.99288237460244,296.565051177078,49.0
2025-04-09,75.5,86.0,66.2,999.9,5.9,6.5,11.7,142.58989613312662,31.197875,121.336319,3.04,79.20264563302608,12.588499968163086,35.68663657023083,0.9911140639934547,0.9943497193247306,31.197875,973.307404515625,0.9996381607177243,1.3962446919730587,-2834.147463702414,4654.704350319257,3300.1479610932843,89.99288237460244,296.565051177078,55.6
2025-04-10,68.1,82.4,59.0,999.9,5.7,7.0,13.6,1023.7628070240169,31.197875,121.336319,3.04,71.61857440737741,12.620013111432144,35.85055095613186,0.9886775902323405,0.9943497193247306,31.197875,973.307404515625,0.9996381607177243,1.3962446919730587,-2834.147463702414,4654.704350319257,3300.1479610932843,89.99288237460244,296.565051177078,51.6
2025-04-11,72.6,84.2,64.4,999.9,5.9,8.6,17.5,-515.9672962403891,31.197875,121.336319,3.04,76.54100946745646,12.651406523546523,36.01217451633321,0.9859481499638304,0.9943497193247306,31.197875,973.307404515625,0.9996381607177243,1.3962446919730587,-2834.147463702414,4654.704350319257,3300.1479610932843,89.99288237460244,296.565051177078,59.5
2025-04-12,56.6,69.8,46.4,999.9,5.9,13.4,27.2,40.8,31.197875,121.336319,3.04,59.819941842036755,12.682673182057263,36.171476660799584,0.9829265519799822,0.9943497193247306,31.197875,973.307404515625,0.9996381607177243,1.3962446919730587,-2834.147463702414,4654.704350319257,3300.1479610932843,89.99288237460244,296.565051177078,36.6
2025-04-13,63.1,69.8,53.6,999.9,6.2,10.4,17.5,29.1,31.197875,121.336319,3.04,66.85342962007714,12.713805949935429,36.328428789534065,0.9796136916454901,0.9943497193247306,31.197875,973.307404515625,0.9996381607177243,1.3962446919730587,-2834.147463702414,4654.704350319257,3300.1479610932843,89.99288237460244,296.565051177078,31.5
2025-04-14,65.4,73.4,53.6,999.9,6.2,11.6,21.4,33.0,31.197875,121.336319,3.04,69.4591467663575,12.744797571808716,36.48300427414487,0.9760105506323683,0.9943497193247306,31.197875,973.307404515625,0.9996381607177243,1.3962446919730587,-2834.147463702414,4654.704350319257,3300.1479610932843,89.99288237460244,296.565051177078,35.5
2025-04-15,68.8,78.8,59.0,999.9,6.2,6.7,13.6,17.5,31.197875,121.336319,3.04,73.2470065107986,12.77564067048813,36.63517843652859,0.9721181966290613,0.9943497193247306,31.197875,973.307404515625,0.9996381607177243,1.3962446919730587,-2834.147463702414,4654.704350319257,3300.1479610932843,89.99288237460244,296.565051177078,41.5
2025-04-16,73.8,84.2,64.4,999.9,6.2,8.6,15.5,586.9188930840619,31.197875,121.336319,3.04,78.75891562437972,12.806327743801583,36.784928524744565,0.9679377830240642,0.9943497193247306,31.197875,973.307404515625,0.9996381607177243,1.3962446919730587,-2834.147463702414,4654.704350319257,3300.1479610932843,89.99288237460244,296.565051177078,51.4
2025-04-17,73.5,86.0,62.6,999.9,6.2,7.9,13.6,306.54210207570526,31.197875,121.336319,3.04,78.62571336572776,12.836851161751472,36.932233686161084,0.9634705485641488,0.9943497193247306,31.197875,973.307404515625,0.9996381607177243,1.3962446919730587,-2834.147463702414,4654.704350319257,3300.1479610932843,89.99288237460244,296.565051177078,58.5
2025-04-18,76.0,86.0,69.8,999.9,6.2,9.3,15.5,427.162053223939,31.197875,121.336319,3.04,81.49228670541896,12.867203164013521,37.077074937959935,0.9587178169872964,0.9943497193247306,31.197875,973.307404515625,0.9996381607177243,1.3962446919730587,-2834.147463702414,4654.704350319257,3300.1479610932843,89.99288237460244,296.565051177078,61.9
2025-04-19,72.1,84.2,59.0,999.9,5.5,9.9,15.5,-286.4896617765719,31.197875,121.336319,3.04,77.49173327891394,12.897375857794277,37.21943513509125,0.9536809966304457,0.9943497193247306,31.197875,973.307404515625,0.9996381607177243,1.3962446919730587,-2834.147463702414,4654.704350319257,3300.1479610932843,89.99288237460244,296.565051177078,61.5
2025-04-20,66.1,77.0,59.0,999.9,5.8,7.8,11.7,-282.4735963832759,31.197875,121.336319,3.04,71.20821469849032,12.92736121606481,37.35929893577572,0.9483615800121715,0.9943497193247306,31.197875,973.307404515625,0.9996381607177243,1.3962446919730587,-2834.147463702414,4654.704350319257,3300.1479610932843,89.99288237460244,296.565051177078,52.7
2025-04-21,69.4,75.2,66.2,999.9,4.7,8.7,15.5,730.5866298950026,31.197875,121.336319,3.04,74.93552372395482,12.95715107618815,37.49665276465612,0.9427611433904207,0.9943497193247306,31.197875,973.307404515625,0.9996381607177243,1.3962446919730587,-2834.147463702414,4654.704350319257,3300.1479610932843,89.99288237460244,296.565051177078,63.7
2025-04-22,66.1,73.4,60.8,999.9,5.5,9.7,17.5,25.3,31.197875,121.336319,3.04,71.53527707376057,12.986737138958048,37.63148477370465,0.9368813462954315,0.9943497193247306,31.197875,973.307404515625,0.9996381607177243,1.3962446919730587,-2834.147463702414,4654.704350319257,3300.1479610932843,89.99288237460244,296.565051177078,56.2
2025-04-23,70.1,80.6,60.8,999.9,5.7,4.5,11.7,-174.2580598783987,31.197875,121.336319,3.04,76.03578157178823,13.01611096806646,37.76378480099666,0.9307239310379795,0.9943497193247306,31.197875,973.307404515625,0.9996381607177243,1.3962446919730587,-2834.147463702414,4654.704350319257,3300.1479610932843,89.99288237460244,296.565051177078,54.1
2025-04-24,69.3,80.6,60.8,999.9,6.0,7.9,13.6,-801.2695929626144,31.197875,121.336319,3.04,75.33639954234894,13.045263990017132,37.89354432746522,0.9242907221930933,0.9943497193247306,31.197875,973.307404515625,0.9996381607177243,1.3962446919730587,-2834.147463702414,4654.704350319257,3300.1479610932843,89.99288237460244,296.565051177078,49.5
2025-04-25,63.4,75.2,55.4,999.9,6.2,6.6,9.7,152.50560901720155,31.197875,121.336319,3.04,69.07529059595375,13.074187494502285,38.02075643175428,0.9175836260593937,0.9943497193247306,31.197875,973.307404515625,0.9996381607177243,1.3962446919730587,-2834.147463702414,4654.704350319257,3300.1479610932843,89.99288237460244,296.565051177078,34.7
2025-04-26,67.3,77.0,60.8,999.9,6.2,10.1,13.6,-597.8471806037604,31.197875,121.336319,3.04,73.48527736274472,13.10287263525909,38.145415743291544,0.9106046300942162,0.9943497193247306,31.197875,973.307404515625,0.9996381607177243,1.3962446919730587,-2834.147463702414,4654.704350319257,3300.1479610932843,89.99288237460244,296.565051177078,38.5
2025-04-27,66.5,73.4,59.0,999.9,5.9,6.2,13.6,466.8061527896473,31.197875,121.336319,3.04,72.76934530746516,13.131310431422284,38.267518393704115,0.9033558023246845,0.9943497193247306,31.197875,973.307404515625,0.9996381607177243,1.3962446919730587,-2834.147463702414,4654.704350319257,3300.1479610932843,89.99288237460244,296.565051177078,54.4
2025-04-28,66.3,77.0,55.4,999.9,5.9,7.0,11.7,213.71439227140698,31.197875,121.336319,3.04,72.70619202587199,13.159491769388596,38.387061966703406,0.895839290734909,0.9943497193247306,31.197875,973.307404515625,0.9996381607177243,1.3962446919730587,-2834.147463702414,4654.704350319257,3300.1479610932843,89.99288237460244,296.565051177078,50.6
2025-04-29,71.6,82.4,64.4,999.9,6.2,8.6,11.7,635.6057796504948,31.197875,121.336319,3.04,78.6848641844083,13.187407405208095,38.504045446566224,0.8880573226294932,0.9943497193247306,31.197875,973.307404515625,0.9996381607177243,1.3962446919730587,-2834.147463702414,4654.704350319257,3300.1479610932843,89.99288237460244,296.565051177078,45.7
2025-04-30,74.8,84.2,69.8,999.9,6.2,8.7,11.7,442.0355739786241,31.197875,121.336319,3.04,82.37379899752116,13.215047967516766,38.61846916534176,0.8800122039735357,0.9943497193247306,31.197875,973.307404515625,0.9996381607177243,1.3962446919730587,-2834.147463702414,4654.704350319257,3300.1479610932843,89.99288237460244,296.565051177078,57.7
2025-05-01,73.1,86.0,60.8,999.9,6.2,9.1,21.4,-622.3694815515804,31.197875,121.336319,3.04,80.66831079590318,13.24240396102378,38.73033474891414,0.8717063187093218,0.9943497193247306,31.197875,973.307404515625,0.9996381607177243,1.3962446919730587,-2834.147463702414,4654.704350319257,3300.1479610932843,89.99288237460244,296.565051177078,50.5
2025-05-02,75.2,84.2,69.8,999.9,6.2,11.3,13.6,-141.77968043570172,31.197875,121.336319,3.04,83.15531882887899,13.269465770565796,38.839645062051645,0.8631421280499114,0.9943497193247306,31.197875,973.307404515625,0.9996381607177243,1.3962446919730587,-2834.147463702414,4654.704350319257,3300.1479610932843,89.99288237460244,296.565051177078,53.3
2025-05-03,69.1,86.0,60.8,999.9,6.2,11.6,23.3,27.2,31.197875,121.336319,3.04,76.56408794188415,13.29622366573965,38.94640415257327,0.854322169749827,0.9943497193247306,31.197875,973.307404515625,0.9996381607177243,1.3962446919730587,-2834.147463702414,4654.704350319257,3300.1479610932843,89.99288237460244,296.565051177078,47.9
2025-05-04,66.4,75.2,62.6,999.9,6.2,11.2,13.6,425.47991949939416,31.197875,121.336319,3.04,73.718761860549,13.32266780612331,39.050617194763724,0.8452490573530633,0.9943497193247306,31.197875,973.307404515625,0.9996381607177243,1.3962446919730587,-2834.147463702414,4654.704350319257,3300.1479610932843,89.99288237460244,296.565051177078,44.9
2025-05-05,64.6,68.0,59.0,999.9,4.6,5.7,11.7,-93.0176700951304,31.197875,121.336319,3.04,71.86097673018793,13.348788247093733,39.15229043216671,0.8359254794186372,0.9943497193247306,31.197875,973.307404515625,0.9996381607177243,1.3962446919730587,-2834.147463702414,4654.704350319257,3300.1479610932843,89.99288237460244,296.565051177078,61.0
2025-05-06,70.1,82.4,59.0,999.9,6.0,8.7,17.5,25.3,31.197875,121.336319,3.04,78.12980864433528,13.374574946248552,39.251431119886036,0.8263541987239096,0.9943497193247306,31.197875,973.307404515625,0.9996381607177243,1.3962446919730587,-2834.147463702414,4654.704350319257,3300.1479610932843,89.99288237460244,296.565051177078,54.8
2025-05-07,70.3,80.6,64.4,999.9,6.2,9.1,13.6,1050.284998328107,31.197875,121.336319,3.04,78.50177077180943,13.400017770436888,39.34804746652181,0.8165380514459161,0.9943497193247306,31.197875,973.307404515625,0.9996381607177243,1.3962446919730587,-2834.147463702414,4654.704350319257,3300.1479610932843,89.99288237460244,296.565051177078,53.5
2025-05-08,67.8,73.4,62.6,999.9,5.7,13.4,19.4,27.2,31.197875,121.336319,3.04,75.85185174422523,13.425106503402697,39.44214857586848,0.8064799463209448,0.9943497193247306,31.197875,973.307404515625,0.9996381607177243,1.3962446919730587,-2834.147463702414,4654.704350319257,3300.1479610932843,89.99288237460244,296.565051177078,63.2
2025-05-09,70.8,75.2,64.4,999.9,6.2,9.3,17.5,29.1,31.197875,121.336319,3.04,79.35400203884836,13.449830854042096,39.53374438849778,0.7961828637826158,0.9943497193247306,31.197875,973.307404515625,0.9996381607177243,1.3962446919730587,-2834.147463702414,4654.704350319257,3300.1479610932843,89.99288237460244,296.565051177078,60.7
2025-05-10,70.0,77.0,64.4,999.9,6.2,10.3,17.5,27.2,31.197875,121.336319,3.04,78.59938604743135,13.474180465273946,39.622845623348496,0.7856498550787147,0.9943497193247306,31.197875,973.307404515625,0.9996381607177243,1.3962446919730587,-2834.147463702414,4654.704350319257,3300.1479610932843,89.99288237460244,296.565051177078,51.0
2025-05-11,71.2,80.6,62.6,999.9,6.2,6.7,11.7,19.4,31.197875,121.336319,3.04,80.08899321288942,13.498144923520687,39.70946371944134,0.7748840413670407,0.9943497193247306,31.197875,973.307404515625,0.9996381607177243,1.3962446919730587,-2834.147463702414,4654.704350319257,3300.1479610932843,89.99288237460244,296.565051177078,46.0
2025-05-12,76.6,86.0,68.0,999.9,6.2,10.1,13.6,21.4,31.197875,121.336319,3.04,86.31360622413555,13.521713768794083,39.79361077783425,0.7638886127905428,0.9943497193247306,31.197875,973.307404515625,0.9996381607177243,1.3962446919730587,-2834.147463702414,4654.704350319257,3300.1479610932843,89.99288237460244,296.565051177078,44.9
2025-05-13,75.1,84.2,69.8,999.9,6.2,11.4,15.5,361.7317653934173,31.197875,121.336319,3.04,84.76835212949008,13.54487650537791,39.87529950392982,0.7526668275320085,0.9943497193247306,31.197875,973.307404515625,0.9996381607177243,1.3962446919730587,-2834.147463702414,4654.704350319257,3300.1479610932843,89.99288237460244,296.565051177078,57.4
2025-05-14,79.6,91.4,71.6,999.9,6.2,6.8,9.7,-1142.856272164618,31.197875,121.336319,3.04,89.99856333354391,13.567622613097072,39.95454315024323,0.7412220108485958,0.9943497193247306,31.197875,973.307404515625,0.9996381607177243,1.3962446919730587,-2834.147463702414,4654.704350319257,3300.1479610932843,89.99288237460244,296.565051177078,62.7
2025-05-15,79.2,87.8,73.4,999.9,6.1,6.2,15.5,654.5579646226456,31.197875,121.336319,3.04,89.69361429045455,13.58994155915978,40.0313554597341,0.7295575540864875,0.9943497193247306,31.197875,973.307404515625,0.9996381607177243,1.3962446919730587,-2834.147463702414,4654.704350319257,3300.1479610932843,89.99288237460244,296.565051177078,67.7
2025-05-16,71.8,77.0,68.0,999.9,4.7,5.8,11.7,19.4,31.197875,121.336319,3.04,81.44407314983076,13.611822810556673,40.10575060980245,0.717676913675962,0.9943497193247306,31.197875,973.307404515625,0.9996381607177243,1.3962446919730587,-2834.147463702414,4654.704350319257,3300.1479610932843,89.99288237460244,296.565051177078,67.2
2025-05-17,77.5,86.0,66.2,999.9,6.1,9.4,19.4,-657.2405315246887,31.197875,121.336319,3.04,88.04811067852705,13.633255846997738,40.177743157043324,0.705583610107178,0.9943497193247306,31.197875,973.307404515625,0.9996381607177243,1.3962446919730587,-2834.147463702414,4654.704350319257,3300.1479610932843,89.99288237460244,296.565051177078,63.5
2025-05-18,70.0,73.4,68.0,999.9,5.6,6.7,11.7,-560.3090385911757,31.197875,121.336319,3.04,79.64967601712908,13.654230174364985,40.24734798285102,0.6932812268869777,0.9943497193247306,31.197875,973.307404515625,0.9996381607177243,1.3962446919730587,-2834.147463702414,4654.704350319257,3300.1479610932843,89.99288237460244,296.565051177078,58.3
2025-05-19,79.1,87.8,73.4,999.9,6.1,7.9,13.6,357.5487646292239,31.197875,121.336319,3.04,90.1392971073054,13.674735338655685,40.314580239957756,0.6807734094770161,0.9943497193247306,31.197875,973.307404515625,0.9996381607177243,1.3962446919730587,-2834.147463702414,4654.704350319257,3300.1479610932843,89.99288237460244,296.565051177078,68.8
2025-05-20,78.7,84.2,75.2,999.9,5.1,6.8,11.7,611.4137856926523,31.197875,121.336319,3.04,89.81480716737772,13.694760940387962,40.37945529998776,0.6680638642135335,0.9943497193247306,31.197875,973.307404515625,0.9996381607177243,1.3962446919730587,-2834.147463702414,4654.704350319257,3300.1479610932843,89.99288237460244,296.565051177078,73.9
2025-05-21,78.4,86.0,71.6,999.9,6.2,4.9,9.7,65.49032696101028,31.197875,121.336319,3.04,89.60007144299108,13.71429664943741,40.44198870210135,0.6551563572090853,0.9943497193247306,31.197875,973.307404515625,0.9996381607177243,1.3962446919730587,-2834.147463702414,4654.704350319257,3300.1479610932843,89.99288237460244,296.565051177078,70.3
2025-05-22,79.0,89.6,69.8,999.9,6.0,8.3,11.7,-280.0103059771076,31.197875,121.336319,3.04,90.41110378344632,13.733332220270327,40.50219610279956,0.6420547132365637,0.9943497193247306,31.197875,973.307404515625,0.9996381607177243,1.3962446919730587,-2834.147463702414,4654.704350319257,3300.1479610932843,89.99288237460244,296.565051177078,69.3
2025-05-23,67.6,71.6,64.4,999.9,5.0,11.3,17.5,21.4,31.197875,121.336319,3.04,77.46879729245326,13.751857507536084,40.5600932269536,0.6287628145958344,0.9943497193247306,31.197875,973.307404515625,0.9996381607177243,1.3962446919730587,-2834.147463702414,4654.704350319257,3300.1479610932843,89.99288237460244,296.565051177078,64.3
2025-05-24,69.8,77.0,64.4,999.9,6.2,9.1,17.5,25.3,31.197875,121.336319,3.04,80.09470010350638,13.769862481978176,40.61569582011839,0.6152845999633276,0.9943497193247306,31.197875,973.307404515625,0.9996381607177243,1.3962446919730587,-2834.147463702414,4654.704350319257,3300.1479610932843,89.99288237460244,296.565051177078,51.6
2025-05-25,72.0,80.6,62.6,999.9,6.2,6.3,11.7,-186.1757436073326,31.197875,121.336319,3.04,82.72402347972319,13.787337246620531,40.66901960218439,0.6016240632249226,0.9943497193247306,31.197875,973.307404515625,0.9996381607177243,1.3962446919730587,-2834.147463702414,4654.704350319257,3300.1479610932843,89.99288237460244,296.565051177078,50.8
2025-05-26,72.3,80.6,64.4,999.9,6.2,8.3,11.7,-198.55068889036528,31.197875,121.336319,3.04,83.17073912042703,13.804272053182912,40.720080222416115,0.5877852522924732,0.9943497193247306,31.197875,973.307404515625,0.9996381607177243,1.3962446919730587,-2834.147463702414,4654.704350319257,3300.1479610932843,89.99288237460244,296.565051177078,52.8
2025-05-27,73.2,80.6,68.0,999.9,6.2,10.8,13.6,21.4,31.197875,121.336319,3.04,84.30600964392637,13.820657318676455,40.76889321592092,0.5737722679043246,0.9943497193247306,31.197875,973.307404515625,0.9996381607177243,1.3962446919730587,-2834.147463702414,4654.704350319257,3300.1479610932843,89.99288237460244,296.565051177078,55.6
2025-05-28,70.8,75.2,66.2,999.9,6.2,6.2,11.7,-222.29426432213458,31.197875,121.336319,3.04,81.6352534885552,13.836483642128,40.815473961586264,0.5595892624101765,0.9943497193247306,31.197875,973.307404515625,0.9996381607177243,1.3962446919730587,-2834.147463702414,4654.704350319257,3300.1479610932843,89.99288237460244,296.565051177078,58.1
2025-05-29,74.2,84.2,66.2,999.9,5.9,5.1,9.7,-358.3056844040752,31.197875,121.336319,3.04,85.64993692886239,13.851741821379361,40.859837641518816,0.545240438540651,0.9943497193247306,31.197875,973.307404515625,0.9996381607177243,1.3962446919730587,-2834.147463702414,4654.704350319257,3300.1479610932843,89.99288237460244,296.565051177078,58.6
2025-05-30,76.3,86.0,68.0,999.9,6.2,7.1,11.7,167.20896014339192,31.197875,121.336319,3.04,88.16733874781718,13.866422869905717,40.90199920201378,0.5307300481619334,0.9943497193247306,31.197875,973.307404515625,0.9996381607177243,1.3962446919730587,-2834.147463702414,4654.704350319257,3300.1479610932843,89.99288237460244,296.565051177078,53.6
2025-05-31,72.3,80.6,64.4,999.9,6.0,11.7,15.5,25.3,31.197875,121.336319,3.04,83.63012115241183,13.880518033595326,40.941973316078325,0.5160623910158528,0.9943497193247306,31.197875,973.307404515625,0.9996381607177243,1.3962446919730587,-2834.147463702414,4654.704350319257,3300.1479610932843,89.99288237460244,296.565051177078,59.1
2025-06-01,67.5,69.8,64.4,999.9,4.8,7.6,13.6,21.4,31.197875,121.336319,3.04,78.15385579179987,13.89401880743109,40.97977434752847,0.5012418134457758,0.9943497193247306,31.197875,973.307404515625,0.9996381607177243,1.3962446919730587,-2834.147463702414,4654.704350319257,3300.1479610932843,89.99288237460244,296.565051177078,65.4
2025-06-02,68.4,73.4,66.2,999.9,5.4,9.1,15.5,712.9589985388797,31.197875,121.336319,3.04,79.26942662647596,13.906916952013326,41.01541631667452,0.48627270710868997,0.9943497193247306,31.197875,973.307404515625,0.9996381607177243,1.3962446919730587,-2834.147463702414,4654.704350319257,3300.1479610932843,89.99288237460244,296.565051177078,64.5
2025-06-03,75.8,86.0,69.8,999.9,5.5,4.9,9.7,15.5,31.197875,121.336319,3.04,87.92297515396073,13.91920450986186,41.04891286760636,0.4711595076738638,0.9943497193247306,31.197875,973.307404515625,0.9996381607177243,1.3962446919730587,-2834.147463702414,4654.704350319257,3300.1479610932843,89.99288237460244,296.565051177078,62.3
2025-06-04,81.0,91.4,71.6,999.9,6.2,4.9,9.7,-254.42824054287604,31.197875,121.336319,3.04,94.03339829468631,13.930873821435009,41.08027723708625,0.4559066935084588,0.9943497193247306,31.197875,973.307404515625,0.9996381607177243,1.3962446919730587,-2834.147463702414,4654.704350319257,3300.1479610932843,89.99288237460244,296.565051177078,61.2
2025-06-05,82.5,91.4,73.4,999.9,6.2,9.8,17.5,-451.9506959095985,31.197875,121.336319,3.04,95.85068309301805,13.941917540802624,41.10952222505303,0.440518784350495,0.9943497193247306,31.197875,973.307404515625,0.9996381607177243,1.3962446919730587,-2834.147463702414,4654.704350319257,3300.1479610932843,89.99288237460244,296.565051177078,54.0
2025-06-06,83.0,91.4,77.0,999.9,6.2,8.4,13.6,17.5,31.197875,121.336319,3.04,96.50360650212968,13.952328650910317,41.136660166739325,0.42500033996955416,0.9943497193247306,31.197875,973.307404515625,0.9996381607177243,1.3962446919730587,-2834.147463702414,4654.704350319257,3300.1479610932843,89.99288237460244,296.565051177078,67.7
2025-06-07,76.2,78.8,75.2,999.9,5.3,5.7,13.6,552.4369212344725,31.197875,121.336319,3.04,88.65933803766536,13.962100478372497,41.161702906399924,0.4093559588156213,0.9943497193247306,31.197875,973.307404515625,0.9996381607177243,1.3962446919730587,-2834.147463702414,4654.704350319257,3300.1479610932843,89.99288237460244,296.565051177078,73.1
2025-06-08,71.6,75.2,69.8,999.9,5.3,6.7,13.6,369.72047601979784,31.197875,121.336319,3.04,83.36165268947063,13.97122670773251,41.18466177264736,0.39359027665646673,0.9943497193247306,31.197875,973.307404515625,0.9996381607177243,1.3962446919730587,-2834.147463702414,4654.704350319257,3300.1479610932843,89.99288237460244,296.565051177078,70.0
2025-06-09,73.3,75.2,71.6,999.9,5.2,4.4,9.7,812.837436693283,31.197875,121.336319,3.04,85.3926760219155,13.979701395129416,41.205547555389096,0.3777079652039649,0.9943497193247306,31.197875,973.307404515625,0.9996381607177243,1.3962446919730587,-2834.147463702414,4654.704350319257,3300.1479610932843,89.99288237460244,296.565051177078,70.9
2025-06-10,72.8,75.2,69.8,999.9,5.9,3.8,7.8,-507.85118651900154,31.197875,121.336319,3.04,84.85761515329558,13.98751898131246,41.224370484358154,0.36171373072976765,0.9943497193247306,31.197875,973.307404515625,0.9996381607177243,1.3962446919730587,-2834.147463702414,4654.704350319257,3300.1479610932843,89.99288237460244,296.565051177078,68.4
2025-06-11,71.7,75.2,64.4,999.9,6.1,5.4,7.8,-555.5564616957106,31.197875,121.336319,3.04,83.61817896607921,13.994674303946312,41.24114020922852,0.3456123126707335,0.9943497193247306,31.197875,973.307404515625,0.9996381607177243,1.3962446919730587,-2834.147463702414,4654.704350319257,3300.1479610932843,89.99288237460244,296.565051177078,66.6
2025-06-12,76.3,78.8,73.4,999.9,5.8,7.9,9.7,72.66055634196712,31.197875,121.336319,3.04,89.02405892319419,14.001162609152427,41.25586578130531,0.3294084822245304,0.9943497193247306,31.197875,973.307404515625,0.9996381607177243,1.3962446919730587,-2834.147463702414,4654.704350319257,3300.1479610932843,89.99288237460244,296.565051177078,72.1
2025-06-13,79.7,84.2,77.0,999.9,6.0,6.2,11.7,175.2479589831351,31.197875,121.336319,3.04,93.0296892591754,14.00697956223469,41.26855563677867,0.3131070409358269,0.9943497193247306,31.197875,973.307404515625,0.9996381607177243,1.3962446919730587,-2834.147463702414,4654.704350319257,3300.1479610932843,89.99288237460244,296.565051177078,76.0
2025-06-14,82.5,91.4,77.0,999.9,6.1,7.5,15.5,21.4,31.197875,121.336319,3.04,96.33333364559131,14.012121257540555,41.2792175815308,0.29671281927349075,0.9943497193247306,31.197875,973.307404515625,0.9996381607177243,1.3962446919730587,-2834.147463702414,4654.704350319257,3300.1479610932843,89.99288237460244,296.565051177078,75.9
2025-06-15,75.9,82.4,69.8,999.9,5.8,7.7,11.7,-7.739600254152176,31.197875,121.336319,3.04,88.6548952383835,14.016584227412409,41.2878587774846,0.28023067519921585,0.9943497193247306,31.197875,973.307404515625,0.9996381607177243,1.3962446919730587,-2834.147463702414,4654.704350319257,3300.1479610932843,89.99288237460244,296.565051177078,72.7
2025-06-16,82.2,89.6,75.2,999.9,6.2,8.6,13.6,21.4,31.197875,121.336319,3.04,96.03950333378528,14.02036545018763,41.294485730483274,0.26366549272800704,0.9943497193247306,31.197875,973.307404515625,0.9996381607177243,1.3962446919730587,-2834.147463702414,4654.704350319257,3300.1479610932843,89.99288237460244,296.565051177078,69.1
2025-06-17,86.8,95.0,77.0,999.9,6.2,6.2,9.7,151.63226049958706,31.197875,121.336319,3.04,101.43637771715188,14.02346235720994,41.299104279690404,0.24702218048093552,0.9943497193247306,31.197875,973.307404515625,0.9996381607177243,1.3962446919730587,-2834.147463702414,4654.704350319257,3300.1479610932843,89.99288237460244,296.565051177078,69.0
2025-06-18,88.3,96.8,82.4,999.9,6.2,6.9,9.7,-474.49598561353037,31.197875,121.336319,3.04,103.20704763897687,14.025872838819057,41.30171958850089,0.23030567023061221,0.9943497193247306,31.197875,973.307404515625,0.9996381607177243,1.3962446919730587,-2834.147463702414,4654.704350319257,3300.1479610932843,89.99288237460244,296.565051177078,72.4
2025-06-19,85.0,93.2,77.0,999.9,6.2,8.2,19.4,31.1,31.197875,121.336319,3.04,99.36213301580572,14.02759524929022,41.30233613695408,0.21352091543979612,0.9943497193247306,31.197875,973.307404515625,0.9996381607177243,1.3962446919730587,-2834.147463702414,4654.704350319257,3300.1479610932843,89.99288237460244,296.565051177078,74.5
2025-06-20,87.3,95.0,82.4,999.9,6.2,11.3,17.5,-1.3826932925090745,31.197875,121.336319,3.04,102.05827168784351,14.02862841070014,41.30095771564151,0.19667288979357647,0.9943497193247306,31.197875,973.307404515625,0.9996381607177243,1.3962446919730587,-2834.147463702414,4654.704350319257,3300.1479610932843,89.99288237460244,296.565051177078,74.3
2025-06-21,80.5,96.8,71.6,999.9,6.2,9.8,25.3,35.0,31.197875,121.336319,3.04,94.1110179219929,14.028971615700806,41.29758742110299,0.1797665857255624,0.9943497193247306,31.197875,973.307404515625,0.9996381607177243,1.3962446919730587,-2834.147463702414,4654.704350319257,3300.1479610932843,89.99288237460244,296.565051177078,71.4
2025-06-22,72.8,73.4,71.6,999.9,5.1,6.3,11.7,238.025409088051,31.197875,121.336319,3.04,85.10698941707328,14.028624629187904,41.292227652706394,0.16280701293851715,0.9943497193247306,31.197875,973.307404515625,0.9996381607177243,1.3962446919730587,-2834.147463702414,4654.704350319257,3300.1479610932843,89.99288237460244,296.565051177078,70.5
2025-06-23,71.5,73.4,68.0,999.9,5.1,6.9,11.7,-71.7845804544859,31.197875,121.336319,3.04,83.58104331276593,14.027587688855819,41.28488011100759,0.1457991969198751,0.9943497193247306,31.197875,973.307404515625,0.9996381607177243,1.3962446919730587,-2834.147463702414,4654.704350319257,3300.1479610932843,89.99288237460244,296.565051177078,68.8
2025-06-24,72.9,80.6,69.8,999.9,6.1,5.3,9.7,266.3053979319874,31.197875,121.336319,3.04,85.20710864066686,14.02586150463652,41.27554579758898,0.12874817745258132,0.9943497193247306,31.197875,973.307404515625,0.9996381607177243,1.3962446919730587,-2834.147463702414,4654.704350319257,3300.1479610932843,89.99288237460244,296.565051177078,66.3
2025-06-25,80.1,86.0,75.2,999.9,5.9,5.6,9.7,-49.33043818597589,31.197875,121.336319,3.04,93.60651044064223,14.023447257025053,41.264225016376564,0.11165900712169512,0.9943497193247306,31.197875,973.307404515625,0.9996381607177243,1.3962446919730587,-2834.147463702414,4654.704350319257,3300.1479610932843,89.99288237460244,296.565051177078,69.6
2025-06-26,86.8,98.6,78.8,999.9,6.0,5.8,9.7,-214.82750703647696,31.197875,121.336319,3.04,101.41384036543462,14.020346594299717,41.25091737643674,0.09453674981719912,0.9943497193247306,31.197875,973.307404515625,0.9996381607177243,1.3962446919730587,-2834.147463702414,4654.704350319257,3300.1479610932843,89.99288237460244,296.565051177078,75.7
2025-06-27,86.7,100.4,78.8,999.9,6.2,5.1,17.5,31.1,31.197875,121.336319,3.04,101.26965776699755,14.01656162865018,41.235621796256076,0.07738647923346301,0.9943497193247306,31.197875,973.307404515625,0.9996381607177243,1.3962446919730587,-2834.147463702414,4654.704350319257,3300.1479610932843,89.99288237460244,296.565051177078,75.2
2025-06-28,86.2,96.8,78.8,999.9,6.2,7.0,15.5,27.2,31.197875,121.336319,3.04,100.65354858935068,14.012094931232113,41.21833650950832,0.06021327736579302,0.9943497193247306,31.197875,973.307404515625,0.9996381607177243,1.3962446919730587,-2834.147463702414,4654.704350319257,3300.1479610932843,89.99288237460244,296.565051177078,74.6
2025-06-29,87.5,95.0,82.4,999.9,6.2,9.1,11.7,-257.1690233940247,31.197875,121.336319,3.04,102.13400696166997,14.006949526171882,41.19905907231449,0.04302223300453059,0.9943497193247306,31.197875,973.307404515625,0.9996381607177243,1.3962446919730587,-2834.147463702414,4654.704350319257,3300.1479610932843,89.99288237460244,296.565051177078,74.6
2025-06-30,88.5,95.0,82.4,999.9,6.2,10.3,13.6,-99.35259831576938,31.197875,121.336319,3.04,103.25832551617873,14.00112888354966,41.17778637200283,0.02581844022713308,0.9943497193247306,31.197875,973.307404515625,0.9996381607177243,1.3962446919730587,-2834.147463702414,4654.704350319257,3300.1479610932843,89.99288237460244,296.565051177078,76.2
2025-07-01,89.1,96.8,82.4,999.9,6.2,10.9,15.5,-1047.2247846287664,31.197875,121.336319,3.04,103.9101790671009,13.994636911394062,41.154514637376764,0.008606996888688698,0.9943497193247306,31.197875,973.307404515625,0.9996381607177243,1.3962446919730587,-2834.147463702414,4654.704350319257,3300.1479610932843,89.99288237460244,296.565051177078,75.6
2025-07-02,89.0,96.8,82.4,999.9,6.2,10.1,15.5,257.99941428532264,31.197875,121.336319,3.04,103.74046143821558,13.987477946725697,41.12923945049935,-0.008606996888688009,0.9943497193247306,31.197875,973.307404515625,0.9996381607177243,1.3962446919730587,-2834.147463702414,4654.704350319257,3300.1479610932843,89.99288237460244,296.565051177078,75.1
2025-07-03,88.0,95.0,80.6,999.9,6.2,10.4,13.6,567.3584739788181,31.197875,121.336319,3.04,102.51748280173494,13.979656745691129,41.101955760003506,-0.02581844022713239,0.9943497193247306,31.197875,973.307404515625,0.9996381607177243,1.3962446919730587,-2834.147463702414,4654.704350319257,3300.1479610932843,89.99288237460244,296.565051177078,74.0
2025-07-04,88.7,96.8,82.4,999.9,6.2,9.5,11.7,-181.2284934657985,31.197875,121.336319,3.04,103.27029421168804,13.971178472832653,41.072657895937695,-0.04302223300453034,0.9943497193247306,31.197875,973.307404515625,0.9996381607177243,1.3962446919730587,-2834.147463702414,4654.704350319257,3300.1479610932843,89.99288237460244,296.565051177078,74.8
2025-07-05,90.2,100.4,84.2,999.9,6.2,9.0,11.7,-886.2670366734055,31.197875,121.336319,3.04,104.94806598306184,13.962048689542595,41.04133958615651,-0.060213277365792774,0.9943497193247306,31.197875,973.307404515625,0.9996381607177243,1.3962446919730587,-2834.147463702414,4654.704350319257,3300.1479610932843,89.99288237460244,296.565051177078,76.1
2025-07-06,90.6,100.4,84.2,999.9,6.2,9.1,13.6,17.5,31.197875,121.336319,3.04,105.33966373024302,13.952273341754042,41.00799397426532,-0.07738647923346322,0.9943497193247306,31.197875,973.307404515625,0.9996381607177243,1.3962446919730587,-2834.147463702414,4654.704350319257,3300.1479610932843,89.99288237460244,296.565051177078,75.4
2025-07-07,87.9,95.0,84.2,999.9,6.2,10.5,15.5,19.4,31.197875,121.336319,3.04,102.1241153212083,13.941858746922634,40.97261363912788,-0.09453674981719933,0.9943497193247306,31.197875,973.307404515625,0.9996381607177243,1.3962446919730587,-2834.147463702414,4654.704350319257,3300.1479610932843,89.99288237460244,296.565051177078,74.3
2025-07-08,86.5,93.2,82.4,999.9,6.2,13.1,19.4,31.1,31.197875,121.336319,3.04,100.41793347506888,13.930811580356377,40.93519061594453,-0.11165900712169444,0.9943497193247306,31.197875,973.307404515625,0.9996381607177243,1.3962446919730587,-2834.147463702414,4654.704350319257,3300.1479610932843,89.99288237460244,296.565051177078,77.0
2025-07-09,86.6,93.2,80.6,999.9,6.2,10.5,15.5,21.4,31.197875,121.336319,3.04,100.44978544653988,13.91913886095241,40.895716418907384,-0.12874817745258066,0.9943497193247306,31.197875,973.307404515625,0.9996381607177243,1.3962446919730587,-2834.147463702414,4654.704350319257,3300.1479610932843,89.99288237460244,296.565051177078,76.5
2025-07-10,84.8,93.2,77.0,999.9,5.9,10.2,23.3,1225.8024492644201,31.197875,121.336319,3.04,98.27505875056869,13.90684793640123,40.854182065437726,-0.14579919691987442,0.9943497193247306,31.197875,973.307404515625,0.9996381607177243,1.3962446919730587,-2834.147463702414,4654.704350319257,3300.1479610932843,89.99288237460244,296.565051177078,75.2
2025-07-11,81.6,86.0,78.8,999.9,6.1,8.2,13.6,23.3,31.197875,121.336319,3.04,94.47883598185629,13.893946467920044,40.81057810200833,-0.16280701293851646,0.9943497193247306,31.197875,973.307404515625,0.9996381607177243,1.3962446919730587,-2834.147463702414,4654.704350319257,3300.1479610932843,89.99288237460244,296.565051177078,76.7
2025-07-12,81.1,87.8,77.0,999.9,6.1,9.0,19.4,29.1,31.197875,121.336319,3.04,93.80865665185402,13.880442414577661,40.76489463155162,-0.17976658572556214,0.9943497193247306,31.197875,973.307404515625,0.9996381607177243,1.3962446919730587,-2834.147463702414,4654.704350319257,3300.1479610932843,89.99288237460244,296.565051177078,76.2
2025-07-13,86.4,91.4,82.4,999.9,6.2,7.0,11.7,-320.29816544728976,31.197875,121.336319,3.04,99.8376769243714,13.866344017273804,40.71712134245207,-0.19667288979357622,0.9943497193247306,31.197875,973.307404515625,0.9996381607177243,1.3962446919730587,-2834.147463702414,4654.704350319257,3300.1479610932843,89.99288237460244,296.565051177078,74.8
2025-07-14,86.9,96.8,78.8,999.9,6.2,8.2,15.5,-590.1580747125482,31.197875,121.336319,3.04,100.30910292447113,13.851659782435599,40.66724753911772,-0.2135209154397959,0.9943497193247306,31.197875,973.307404515625,0.9996381607177243,1.3962446919730587,-2834.147463702414,4654.704350319257,3300.1479610932843,89.99288237460244,296.565051177078,71.4
2025-07-15,89.4,95.0,84.2,999.9,6.2,7.7,11.7,19.4,31.197875,121.336319,3.04,103.08116856792894,13.836398465493817,40.615262174123494,-0.23030567023061196,0.9943497193247306,31.197875,973.307404515625,0.9996381607177243,1.3962446919730587,-2834.147463702414,4654.704350319257,3300.1479610932843,89.99288237460244,296.565051177078,72.2
2025-07-16,91.1,96.8,86.0,999.9,6.2,8.3,11.7,17.5,31.197875,121.336319,3.04,104.92115340313924,13.820569054200561,40.56115388191461,-0.24702218048093527,0.9943497193247306,31.197875,973.307404515625,0.9996381607177243,1.3962446919730587,-2834.147463702414,4654.704350319257,3300.1479610932843,89.99288237460244,296.565051177078,78.7
2025-07-17,88.0,96.8,78.8,999.9,6.0,6.6,17.5,-152.21172666754376,31.197875,121.336319,3.04,101.23065884689413,13.804180751849199,40.5049110140553,-0.2636654927280072,0.9943497193247306,31.197875,973.307404515625,0.9996381607177243,1.3962446919730587,-2834.147463702414,4654.704350319257,3300.1479610932843,89.99288237460244,296.565051177078,78.4
2025-07-18,83.8,91.4,78.8,999.9,6.1,6.1,17.5,369.2362009174462,31.197875,121.336319,3.04,96.28091334051733,13.787242960455941,40.44652167600361,-0.2802306751992161,0.9943497193247306,31.197875,973.307404515625,0.9996381607177243,1.3962446919730587,-2834.147463702414,4654.704350319257,3300.1479610932843,89.99288237460244,296.565051177078,78.1
2025-07-19,86.9,91.4,84.2,999.9,6.2,11.3,15.5,-267.3157824423572,31.197875,121.336319,3.04,99.71605011984936,13.769765263960785,40.385973765389245,-0.2967128192734901,0.9943497193247306,31.197875,973.307404515625,0.9996381607177243,1.3962446919730587,-2834.147463702414,4654.704350319257,3300.1479610932843,89.99288237460244,296.565051177078,77.8
2025-07-20,87.6,93.2,84.2,999.9,6.2,12.8,17.5,27.2,31.197875,121.336319,3.04,100.38782910397767,13.75175741150379,40.323255011766555,-0.3131070409358267,0.9943497193247306,31.197875,973.307404515625,0.9996381607177243,1.3962446919730587,-2834.147463702414,4654.704350319257,3300.1479610932843,89.99288237460244,296.565051177078,77.4
2025-07-21,86.4,91.4,80.6,999.9,6.2,13.2,19.4,29.1,31.197875,121.336319,3.04,98.87925096597861,13.733229300830363,40.25835301781065,-0.3294084822245302,0.9943497193247306,31.197875,973.307404515625,0.9996381607177243,1.3962446919730587,-2834.147463702414,4654.704350319257,3300.1479610932843,89.99288237460244,296.565051177078,76.9
2025-07-22,86.5,93.2,82.4,999.9,6.2,10.8,15.5,124.85503037639822,31.197875,121.336319,3.04,98.85645985019659,13.714190961876984,40.19125530191951,-0.3456123126707333,0.9943497193247306,31.197875,973.307404515625,0.9996381607177243,1.3962446919730587,-2834.147463702414,4654.704350319257,3300.1479610932843,89.99288237460244,296.565051177078,76.5
2025-07-23,87.0,93.2,82.4,999.9,6.2,9.6,13.6,-93.10190107986546,31.197875,121.336319,3.04,99.28623091925061,13.694652540586292,40.12194934218025,-0.3617137307297674,0.9943497193247306,31.197875,973.307404515625,0.9996381607177243,1.3962446919730587,-2834.147463702414,4654.704350319257,3300.1479610932843,89.99288237460244,296.565051177078,76.2
2025-07-24,86.5,91.4,82.4,999.9,6.2,10.3,13.6,-615.6801557615626,31.197875,121.336319,3.04,98.57125003994142,13.674624282997653,40.0504226216528,-0.37770796520396466,0.9943497193247306,31.197875,973.307404515625,0.9996381607177243,1.3962446919730587,-2834.147463702414,4654.704350319257,3300.1479610932843,89.99288237460244,296.565051177078,76.5
2025-07-25,85.1,91.4,80.6,999.9,6.2,12.5,17.5,27.2,31.197875,121.336319,3.04,96.83044298523181,13.654116519656661,39.976662674919005,-0.39359027665646645,0.9943497193247306,31.197875,973.307404515625,0.9996381607177243,1.3962446919730587,-2834.147463702414,4654.704350319257,3300.1479610932843,89.99288237460244,296.565051177078,77.0
2025-07-26,82.6,86.0,80.6,999.9,6.0,9.0,11.7,-216.76200426698185,31.197875,121.336319,3.04,93.84144459347631,13.633139650383969,39.90065713584059,-0.4093559588156211,0.9943497193247306,31.197875,973.307404515625,0.9996381607177243,1.3962446919730587,-2834.147463702414,4654.704350319257,3300.1479610932843,89.99288237460244,296.565051177078,78.3
2025-07-27,83.5,87.8,80.6,999.9,6.2,9.3,13.6,23.3,31.197875,121.336319,3.04,94.71477456735995,13.611704129440952,39.822393786463564,-0.42500033996955394,0.9943497193247306,31.197875,973.307404515625,0.9996381607177243,1.3962446919730587,-2834.147463702414,4654.704350319257,3300.1479610932843,89.99288237460244,296.565051177078,78.0
2025-07-28,84.1,89.6,80.6,999.9,6.2,10.0,15.5,23.3,31.197875,121.336319,3.04,95.24199166164526,13.589820451126554,39.741860607002614,-0.4405187843504952,0.9943497193247306,31.197875,973.307404515625,0.9996381607177243,1.3962446919730587,-2834.147463702414,4654.704350319257,3300.1479610932843,89.99288237460244,296.565051177078,76.9
2025-07-29,82.6,87.8,78.8,999.9,5.8,12.6,23.3,38.9,31.197875,121.336319,3.04,93.38961905167574,13.56749913583667,39.65904582683319,-0.455906693508459,0.9943497193247306,31.197875,973.307404515625,0.9996381607177243,1.3962446919730587,-2834.147463702414,4654.704350319257,3300.1479610932843,89.99288237460244,296.565051177078,76.8
2025-07-30,78.0,80.6,75.2,999.9,4.3,17.6,31.1,46.6,31.197875,121.336319,3.04,88.04087965799256,13.544750716614242,39.57393797641466,-0.47115950767386394,0.9943497193247306,31.197875,973.307404515625,0.9996381607177243,1.3962446919730587,-2834.147463702414,4654.704350319257,3300.1479610932843,89.99288237460244,296.565051177078,76.1
2025-07-31,83.0,89.6,77.0,999.9,6.0,8.0,13.6,19.4,31.197875,121.336319,3.04,93.52430127298851,13.521585726215207,39.48652594006284,-0.4862727071086902,0.9943497193247306,31.197875,973.307404515625,0.9996381607177243,1.3962446919730587,-2834.147463702414,4654.704350319257,3300.1479610932843,89.99288237460244,296.565051177078,78.1
2025-08-01,87.6,93.2,84.2,999.9,6.2,7.8,13.6,342.357751453832,31.197875,121.336319,3.04,98.53550719840048,13.498014684712397,39.396799009485704,-0.5012418134457756,0.9943497193247306,31.197875,973.307404515625,0.9996381607177243,1.3962446919730587,-2834.147463702414,4654.704350319257,3300.1479610932843,89.99288237460244,296.565051177078,79.7
2025-08-02,84.0,91.4,80.6,999.9,5.8,4.9,11.7,23.3,31.197875,121.336319,3.04,94.31833661359511,13.474048087656444,39.30474693799169,-0.5160623910158526,0.9943497193247306,31.197875,973.307404515625,0.9996381607177243,1.3962446919730587,-2834.147463702414,4654.704350319257,3300.1479610932843,89.99288237460244,296.565051177078,79.6
2025-08-03,89.2,95.0,82.4,999.9,6.2,6.8,11.7,19.4,31.197875,121.336319,3.04,99.97607653475328,13.449696394809857,39.210359995275596,-0.5307300481619331,0.9943497193247306,31.197875,973.307404515625,0.9996381607177243,1.3962446919730587,-2834.147463702414,4654.704350319257,3300.1479610932843,89.99288237460244,296.565051177078,78.5
2025-08-04,89.6,96.8,86.0,999.9,6.1,5.8,9.7,169.31748825793343,31.197875,121.336319,3.04,100.23977614535782,13.424970019467565,39.11362902268288,-0.5452404385406507,0.9943497193247306,31.197875,973.307404515625,0.9996381607177243,1.3962446919730587,-2834.147463702414,4654.704350319257,3300.1479610932843,89.99288237460244,296.565051177078,79.4
2025-08-05,88.9,95.0,84.2,999.9,6.2,8.5,11.7,-612.6293774436099,31.197875,121.336319,3.04,99.27077261695766,13.399879318374486,39.01454548885,-0.5595892624101763,0.9943497193247306,31.197875,973.307404515625,0.9996381607177243,1.3962446919730587,-2834.147463702414,4654.704350319257,3300.1479610932843,89.99288237460244,296.565051177078,78.4
2025-08-06,89.8,96.8,84.2,999.9,6.2,6.2,15.5,23.3,31.197875,121.336319,3.04,100.08535212382249,13.374434582247993,38.913101545613834,-0.5737722679043243,0.9943497193247306,31.197875,973.307404515625,0.9996381607177243,1.3962446919730587,-2834.147463702414,4654.704350319257,3300.1479610932843,89.99288237460244,296.565051177078,78.6
2025-08-07,91.0,95.0,86.0,999.9,6.2,6.2,11.7,-507.3495158948855,31.197875,121.336319,3.04,101.22723237073963,13.34864602691072,38.809290084081184,-0.5877852522924734,0.9943497193247306,31.197875,973.307404515625,0.9996381607177243,1.3962446919730587,-2834.147463702414,4654.704350319257,3300.1479610932843,89.99288237460244,296.565051177078,75.5
2025-08-08,91.8,96.8,86.0,999.9,6.2,6.5,9.7,210.74904623417092,31.197875,121.336319,3.04,101.91730695552978,13.322523785036573,38.70310479074503,-0.6016240632249227,0.9943497193247306,31.197875,973.307404515625,0.9996381607177243,1.3962446919730587,-2834.147463702414,4654.704350319257,3300.1479610932843,89.99288237460244,296.565051177078,77.3
2025-08-09,93.1,96.8,89.6,999.9,6.2,6.6,13.6,21.4,31.197875,121.336319,3.04,103.15540436261269,13.296077898510767,38.59454020353302,-0.6152845999633277,0.9943497193247306,31.197875,973.307404515625,0.9996381607177243,1.3962446919730587,-2834.147463702414,4654.704350319257,3300.1479610932843,89.99288237460244,296.565051177078,76.1
2025-08-10,89.3,95.0,86.0,999.9,6.2,4.9,11.7,17.5,31.197875,121.336319,3.04,98.74584376735241,13.26931831140234,38.48359176766985,-0.6287628145958345,0.9943497193247306,31.197875,973.307404515625,0.9996381607177243,1.3962446919730587,-2834.147463702414,4654.704350319257,3300.1479610932843,89.99288237460244,296.565051177078,78.1
2025-08-11,90.1,96.8,84.2,999.9,6.2,6.4,21.4,509.6418451589164,31.197875,121.336319,3.04,99.42726360045641,13.242254863545805,38.370255891234315,-0.6420547132365636,0.9943497193247306,31.197875,973.307404515625,0.9996381607177243,1.3962446919730587,-2834.147463702414,4654.704350319257,3300.1479610932843,89.99288237460244,296.565051177078,76.8
2025-08-12,90.2,98.6,84.2,999.9,6.2,9.4,13.6,21.4,31.197875,121.336319,3.04,99.33197792352817,13.214897284726586,38.2545300002897,-0.655156357209085,0.9943497193247306,31.197875,973.307404515625,0.9996381607177243,1.3962446919730587,-2834.147463702414,4654.704350319257,3300.1479610932843,89.99288237460244,296.565051177078,77.6
2025-08-13,89.5,98.6,84.2,999.9,6.2,12.6,15.5,23.3,31.197875,121.336319,3.04,98.35494495474711,13.1872551894633,38.13641259346484,-0.6680638642135333,0.9943497193247306,31.197875,973.307404515625,0.9996381607177243,1.3962446919730587,-2834.147463702414,4654.704350319257,3300.1479610932843,89.99288237460244,296.565051177078,76.2
2025-08-14,88.4,96.8,82.4,999.9,6.2,12.2,15.5,-184.09238874786956,31.197875,121.336319,3.04,96.94045713318663,13.159338072378276,38.01590329586241,-0.6807734094770159,0.9943497193247306,31.197875,973.307404515625,0.9996381607177243,1.3962446919730587,-2834.147463702414,4654.704350319257,3300.1479610932843,89.99288237460244,296.565051177078,76.2
2025-08-15,88.2,96.8,82.4,999.9,6.2,10.0,13.6,150.86550900858597,31.197875,121.336319,3.04,96.51399148547593,13.131155304146384,37.8930029121704,-0.6932812268869771,0.9943497193247306,31.197875,973.307404515625,0.9996381607177243,1.3962446919730587,-2834.147463702414,4654.704350319257,3300.1479610932843,89.99288237460244,296.565051177078,75.6
2025-08-16,89.0,96.8,82.4,999.9,6.2,10.6,13.6,21.4,31.197875,121.336319,3.04,97.17847794941376,13.102716128010844,37.7677134788525,-0.7055836101071774,0.9943497193247306,31.197875,973.307404515625,0.9996381607177243,1.3962446919730587,-2834.147463702414,4654.704350319257,3300.1479610932843,89.99288237460244,296.565051177078,75.7
2025-08-17,89.4,96.8,84.2,999.9,6.2,9.7,13.6,-489.8266499872876,31.197875,121.336319,3.04,97.40152094355969,13.07402965685365,37.64003831529362,-0.7176769136759615,0.9943497193247306,31.197875,973.307404515625,0.9996381607177243,1.3962446919730587,-2834.147463702414,4654.704350319257,3300.1479610932843,89.99288237460244,296.565051177078,74.1
2025-08-18,89.1,96.8,84.2,999.9,6.2,10.6,13.6,-242.96289415867025,31.197875,121.336319,3.04,96.8599036657431,13.045104870807155,37.50998207377679,-0.7295575540864876,0.9943497193247306,31.197875,973.307404515625,0.9996381607177243,1.3962446919730587,-2834.147463702414,4654.704350319257,3300.1479610932843,89.99288237460244,296.565051177078,76.2
2025-08-19,89.7,98.6,84.2,999.9,6.2,8.1,11.7,-1081.4782077458954,31.197875,121.336319,3.04,97.29423085005872,13.015950615392471,37.37755078816934,-0.7412220108485957,0.9943497193247306,31.197875,973.307404515625,0.9996381607177243,1.3962446919730587,-2834.147463702414,4654.704350319257,3300.1479610932843,89.99288237460244,296.565051177078,76.2
2025-08-20,87.9,100.4,80.6,999.9,6.0,5.5,13.6,25.3,31.197875,121.336319,3.04,95.12666627124273,12.986575600169655,37.24275192119704,-0.7526668275320083,0.9943497193247306,31.197875,973.307404515625,0.9996381607177243,1.3962446919730587,-2834.147463702414,4654.704350319257,3300.1479610932843,89.99288237460244,296.565051177078,78.3
2025-08-21,91.1,100.4,84.2,999.9,6.2,5.4,11.7,412.8995900694482,31.197875,121.336319,3.04,98.36513692060163,12.95698839788386,37.10559441018709,-0.7638886127905429,0.9943497193247306,31.197875,973.307404515625,0.9996381607177243,1.3962446919730587,-2834.147463702414,4654.704350319257,3300.1479610932843,89.99288237460244,296.565051177078,78.1
2025-08-22,90.8,100.4,84.2,999.9,6.2,6.4,11.7,-115.77827191424082,31.197875,121.336319,3.04,97.8157939936239,12.927197444091263,36.9660887111625,-0.7748840413670406,0.9943497193247306,31.197875,973.307404515625,0.9996381607177243,1.3962446919730587,-2834.147463702414,4654.704350319257,3300.1479610932843,89.99288237460244,296.565051177078,75.7
2025-08-23,92.3,100.4,86.0,999.9,6.2,6.2,11.7,503.0472938575638,31.197875,121.336319,3.04,99.20104822816566,12.897211037247974,36.82424684117339,-0.7856498550787144,0.9943497193247306,31.197875,973.307404515625,0.9996381607177243,1.3962446919730587,-2834.147463702414,4654.704350319257,3300.1479610932843,89.99288237460244,296.565051177078,77.3
2025-08-24,93.4,102.2,86.0,999.9,6.2,7.2,11.7,17.5,31.197875,121.336319,3.04,100.14844062378967,12.867037339244925,36.68008241875292,-0.7961828637826154,0.9943497193247306,31.197875,973.307404515625,0.9996381607177243,1.3962446919730587,-2834.147463702414,4654.704350319257,3300.1479610932843,89.99288237460244,296.565051177078,75.6
