DATE,TEMP,MAX,MIN,STP,VISIB,WDSP,MXSPD,GUST,LATITUDE,LONGITUDE,ELEVATION,PET_Est,DaylightDuration,DailyRadiation,Geo_Zoning_Season,Geo_Zoning_Continentality,Geo_Zoning_Lat_Abs,Geo_Zoning_Lat_2,Geo_Zoning_Atmos_Thickness,Geo_Zoning_Atmos_Log_Elevation,Geo_Spatial_X,Geo_Spatial_Y,Geo_Spatial_Z,Terrain_Slope,Terrain_Aspect,DEWP
2019-01-01,22.7,33.8,9.7,999.9,6.1,7.6,15.5,25.3,40.080111,116.584556,35.35,17.427990193232162,9.213034463382641,13.78283444836103,0.017213356155834685,0.9964830363084052,40.080111,1606.415297772321,0.9958005092928006,3.5931942039795284,-2181.533470123032,4359.356241532425,4102.019731564592,89.96816901465641,0.0,-0.7
2019-01-02,22.2,32.0,10.4,999.9,6.5,3.0,7.8,15.5,40.080111,116.584556,35.35,17.065786971059342,9.224749714086132,13.838390783335127,0.03442161162274574,0.9964830363084052,40.080111,1606.415297772321,0.9958005092928006,3.5931942039795284,-2181.533470123032,4359.356241532425,4102.019731564592,89.96816901465641,0.0,0.5
2019-01-03,23.9,32.0,12.2,999.9,4.8,5.5,19.4,-0.4174131162483974,40.080111,116.584556,35.35,18.397824742955258,9.237401544580047,13.898419255579952,0.051619667223253764,0.9964830363084052,40.080111,1606.415297772321,0.9958005092928006,3.5931942039795284,-2181.533470123032,4359.356241532425,4102.019731564592,89.96816901465641,0.0,3.5
2019-01-04,27.2,33.8,12.2,999.9,6.4,12.5,25.3,31.1,40.080111,116.584556,35.35,20.968889816660315,9.250980801467787,13.962907947633797,0.06880242680231986,0.9964830363084052,40.080111,1606.415297772321,0.9958005092928006,3.5931942039795284,-2181.533470123032,4359.356241532425,4102.019731564592,89.96816901465641,0.0,-10.4
2019-01-05,22.6,33.8,8.6,999.9,6.7,4.0,9.7,17.84250080826408,40.080111,116.584556,35.35,17.44998308659804,9.265477745096302,14.031843785859946,0.08596479873744647,0.9964830363084052,40.080111,1606.415297772321,0.9958005092928006,3.5931942039795284,-2181.533470123032,4359.356241532425,4102.019731564592,89.96816901465641,0.0,-8.2
2019-01-06,20.3,32.7,8.6,999.9,5.5,2.9,5.8,11.7,40.080111,116.584556,35.35,15.700158841221082,9.280882073628225,14.105212508052281,0.10310169744743485,0.9964830363084052,40.080111,1606.415297772321,0.9958005092928006,3.5931942039795284,-2181.533470123032,4359.356241532425,4102.019731564592,89.96816901465641,0.0,0.5
2019-01-07,28.1,36.3,14.9,999.9,6.2,10.2,17.5,38.066326510599694,40.080111,116.584556,35.35,21.77090340355923,9.297182948139174,14.18299862989209,0.1202080448993527,0.9964830363084052,40.080111,1606.415297772321,0.9958005092928006,3.5931942039795284,-2181.533470123032,4359.356241532425,4102.019731564592,89.96816901465641,0.0,-5.8
2019-01-08,20.4,35.6,5.0,999.9,6.7,5.4,13.6,27.2,40.080111,116.584556,35.35,15.834427331651556,9.314369018618562,14.26518541044956,0.13727877211326478,0.9964830363084052,40.080111,1606.415297772321,0.9958005092928006,3.5931942039795284,-2181.533470123032,4359.356241532425,4102.019731564592,89.96816901465641,0.0,-7.2
2019-01-09,20.7,33.4,10.4,999.9,6.2,2.9,7.8,58.880180460393646,40.080111,116.584556,35.35,16.098439077544786,9.3324284507506,14.351754816929544,0.15430882066428117,0.9964830363084052,40.080111,1606.415297772321,0.9958005092928006,3.5931942039795284,-2181.533470123032,4359.356241532425,4102.019731564592,89.96816901465641,0.0,-1.9
2019-01-10,26.4,42.8,14.5,999.9,5.6,2.8,7.8,13.6,40.080111,116.584556,35.35,20.572967697372984,9.351348953351357,14.442687488865367,0.1712931441814776,0.9964830363084052,40.080111,1606.415297772321,0.9958005092928006,3.5931942039795284,-2181.533470123032,4359.356241532425,4102.019731564592,89.96816901465641,0.0,3.7
2019-01-11,26.9,42.8,14.0,999.9,4.7,1.9,3.9,32.16205603874815,40.080111,116.584556,35.35,21.00692241587431,9.371117806337983,14.537962701967793,0.1882267098432442,0.9964830363084052,40.080111,1606.415297772321,0.9958005092928006,3.5931942039795284,-2181.533470123032,4359.356241532425,4102.019731564592,89.96816901465641,0.0,7.2
2019-01-12,25.6,41.0,14.0,999.9,3.6,2.9,7.8,29.681049662259113,40.080111,116.584556,35.35,20.03567336342861,9.39172188910716,14.637558331838472,0.2051044998686192,0.9964830363084052,40.080111,1606.415297772321,0.9958005092928006,3.5931942039795284,-2181.533470123032,4359.356241532425,4102.019731564592,89.96816901465641,0.0,11.0
2019-01-13,28.2,47.3,13.3,999.9,5.6,4.0,7.8,1.7941141876602948,40.080111,116.584556,35.35,22.120897116623706,9.413147709201578,14.741450817758055,0.2219215130041655,0.9964830363084052,40.080111,1606.415297772321,0.9958005092928006,3.5931942039795284,-2181.533470123032,4359.356241532425,4102.019731564592,89.96816901465641,0.0,3.7
2019-01-14,29.1,42.8,14.0,999.9,4.7,11.5,27.2,36.9,40.080111,116.584556,35.35,22.880799970528805,9.435381431145899,14.849615126759371,0.2386727660059501,0.9964830363084052,40.080111,1606.415297772321,0.9958005092928006,3.5931942039795284,-2181.533470123032,4359.356241532425,4102.019731564592,89.96816901465641,0.0,-0.7
2019-01-15,22.3,30.2,6.8,999.9,6.7,10.2,21.4,27.2,40.080111,116.584556,35.35,17.576876549084204,9.45840890533679,14.962024718194366,0.255353295116187,0.9964830363084052,40.080111,1606.415297772321,0.9958005092928006,3.5931942039795284,-2181.533470123032,4359.356241532425,4102.019731564592,89.96816901465641,0.0,-14.8
2019-01-16,24.5,39.2,5.0,999.9,6.0,4.9,11.7,21.4,40.080111,116.584556,35.35,19.359523714454255,9.482215696875555,15.0786515090021,0.2719581575341055,0.9964830363084052,40.080111,1606.415297772321,0.9958005092928006,3.5931942039795284,-2181.533470123032,4359.356241532425,4102.019731564592,89.96816901465641,0.0,-12.8
2019-01-17,28.7,44.6,12.2,999.9,6.2,3.7,7.8,15.5,40.080111,116.584556,35.35,22.737065848215153,9.506787114236301,15.199465839881087,0.288482432880609,0.9964830363084052,40.080111,1606.415297772321,0.9958005092928006,3.5931942039795284,-2181.533470123032,4359.356241532425,4102.019731564592,89.96816901465641,0.0,-12.2
2019-01-18,32.6,44.6,17.6,999.9,6.1,5.3,11.7,19.4,40.080111,116.584556,35.35,25.895560712330102,9.532108237667522,15.324436442565856,0.30492122465628907,0.9964830363084052,40.080111,1606.415297772321,0.9958005092928006,3.5931942039795284,-2181.533470123032,4359.356241532425,4102.019731564592,89.96816901465641,0.0,-4.5
2019-01-19,34.2,42.8,23.9,999.9,6.7,8.1,17.5,21.551285719900815,40.080111,116.584556,35.35,27.24076724960643,9.558163947230327,15.453530408402132,0.3212696616923644,0.9964830363084052,40.080111,1606.415297772321,0.9958005092928006,3.5931942039795284,-2181.533470123032,4359.356241532425,4102.019731564592,89.96816901465641,0.0,-1.9
2019-01-20,36.8,41.0,26.1,999.9,6.7,12.9,19.4,29.1,40.080111,116.584556,35.35,29.393812781172365,9.584938950382293,15.586713158409571,0.3375228995941133,0.9964830363084052,40.080111,1606.415297772321,0.9958005092928006,3.5931942039795284,-2181.533470123032,4359.356241532425,4102.019731564592,89.96816901465641,0.0,-8.5
2019-01-21,40.4,48.2,19.0,999.9,6.7,9.6,19.4,27.2,40.080111,116.584556,35.35,32.36180662370726,9.612417809021958,15.7239484150142,0.3536761221763716,0.9964830363084052,40.080111,1606.415297772321,0.9958005092928006,3.5931942039795284,-2181.533470123032,4359.356241532425,4102.019731564592,89.96816901465641,0.0,-8.1
2019-01-22,37.5,52.0,19.4,999.9,6.6,6.5,15.5,29.1,40.080111,116.584556,35.35,30.12682801848471,9.640584965915107,15.865198175625505,0.3697245428906731,0.9964830363084052,40.080111,1606.415297772321,0.9958005092928006,3.5931942039795284,-2181.533470123032,4359.356241532425,4102.019731564592,89.96816901465641,0.0,-1.3
2019-01-23,37.2,53.6,17.6,999.9,6.3,4.5,7.8,2.292553192518362,40.080111,116.584556,35.35,29.975216788334833,9.66942477043059,16.010422688225255,0.38566340624360707,0.9964830363084052,40.080111,1606.415297772321,0.9958005092928006,3.5931942039795284,-2181.533470123032,4359.356241532425,4102.019731564592,89.96816901465641,0.0,7.9
2019-01-24,32.2,41.0,23.0,999.9,6.1,4.9,13.6,23.3,40.080111,116.584556,35.35,26.02543936777794,9.698921503519728,16.15958042912655,0.401487989205973,0.9964830363084052,40.080111,1606.415297772321,0.9958005092928006,3.5931942039795284,-2181.533470123032,4359.356241532425,4102.019731564592,89.96816901465641,0.0,12.7
2019-01-25,31.8,42.8,17.6,999.9,6.7,7.0,11.7,17.5,40.080111,116.584556,35.35,25.782007414982065,9.729059401880024,16.312628083052655,0.4171936026123168,0.9964830363084052,40.080111,1606.415297772321,0.9958005092928006,3.5931942039795284,-2181.533470123032,4359.356241532425,4102.019731564592,89.96816901465641,0.0,-7.1
2019-01-26,29.8,41.0,19.9,999.9,6.7,3.7,7.8,70.14115644119991,40.080111,116.584556,35.35,24.236892991771786,9.759822681250384,16.46952052567572,0.4327755925504312,0.9964830363084052,40.080111,1606.415297772321,0.9958005092928006,3.5931942039795284,-2181.533470123032,4359.356241532425,4102.019731564592,89.96816901465641,0.0,-0.7
2019-01-27,35.5,50.0,23.0,999.9,6.1,9.6,19.4,35.0,40.080111,116.584556,35.35,28.96562019475812,9.791195558791477,16.630210808745577,0.4482293417404106,0.9964830363084052,40.080111,1606.415297772321,0.9958005092928006,3.5931942039795284,-2181.533470123032,4359.356241532425,4102.019731564592,89.96816901465641,0.0,-5.5
2019-01-28,32.7,46.4,19.4,999.9,6.7,5.3,11.7,19.4,40.080111,116.584556,35.35,26.768117198043207,9.823162274511269,16.794650147928657,0.4635502709028509,0.9964830363084052,40.080111,1606.415297772321,0.9958005092928006,3.5931942039795284,-2181.533470123032,4359.356241532425,4102.019731564592,89.96816901465641,0.0,-9.3
2019-01-29,31.2,42.6,19.4,999.9,4.5,4.7,15.5,25.3,40.080111,116.584556,35.35,25.624838490425038,9.855707111701937,16.962787913466684,0.47873384011578846,0.9964830363084052,40.080111,1606.415297772321,0.9958005092928006,3.5931942039795284,-2181.533470123032,4359.356241532425,4102.019731564592,89.96816901465641,0.0,2.2
2019-01-30,28.9,39.2,14.0,999.9,6.4,8.5,17.5,-16.176775371841014,40.080111,116.584556,35.35,23.81556138606777,9.88881441636032,17.134571623754038,0.49377555015997715,0.9964830363084052,40.080111,1606.415297772321,0.9958005092928006,3.5931942039795284,-2181.533470123032,4359.356241532425,4102.019731564592,89.96816901465641,0.0,-14.4
2019-01-31,22.4,33.8,8.6,999.9,6.7,6.9,15.5,19.4,40.080111,116.584556,35.35,18.521941415730506,9.922468615569915,17.309946941921726,0.5086709438521044,0.9964830363084052,40.080111,1606.415297772321,0.9958005092928006,3.5931942039795284,-2181.533470123032,4359.356241532425,4102.019731564592,89.96816901465641,0.0,-19.3
2019-02-01,25.3,42.8,10.4,999.9,6.1,3.1,7.8,-128.15743826078716,40.080111,116.584556,35.35,20.991946011762163,9.956654234827903,17.488857675505308,0.5234156073655503,0.9964830363084052,40.080111,1606.415297772321,0.9958005092928006,3.5931942039795284,-2181.533470123032,4359.356241532425,4102.019731564592,89.96816901465641,0.0,-4.8
2019-02-02,30.6,37.8,17.6,999.9,2.9,4.5,15.5,19.4,40.080111,116.584556,35.35,25.477957581480172,9.99135591430595,17.671245779262645,0.5380051715382996,0.9964830363084052,40.080111,1606.415297772321,0.9958005092928006,3.5931942039795284,-2181.533470123032,4359.356241532425,4102.019731564592,89.96816901465641,0.0,19.2
2019-02-03,33.9,46.4,15.8,999.9,6.5,9.7,25.3,38.9,40.080111,116.584556,35.35,28.325027547908817,10.02655842403852,17.85705136119657,0.5524353131676196,0.9964830363084052,40.080111,1606.415297772321,0.9958005092928006,3.5931942039795284,-2181.533470123032,4359.356241532425,4102.019731564592,89.96816901465641,0.0,-3.0
2019-02-04,27.1,37.4,17.6,999.9,6.0,3.2,7.8,35.511688331594854,40.080111,116.584556,35.35,22.723907081233598,10.062246678037017,18.046212691826472,0.5667017562911176,0.9964830363084052,40.080111,1606.415297772321,0.9958005092928006,3.5931942039795284,-2181.533470123032,4359.356241532425,4102.019731564592,89.96816901465641,0.0,14.9
2019-02-05,29.7,35.6,20.3,999.9,4.7,5.2,11.7,-28.49384933693217,40.080111,116.584556,35.35,24.99355422464798,10.098405747332517,18.23866621674163,0.5808002734538009,0.9964830363084052,40.080111,1606.415297772321,0.9958005092928006,3.5931942039795284,-2181.533470123032,4359.356241532425,4102.019731564592,89.96816901465641,0.0,11.8
2019-02-06,24.2,32.0,6.8,999.9,6.1,8.7,25.3,27.2,40.080111,116.584556,35.35,20.438958758440116,10.135020871953776,18.43434657245861,0.5947266869607634,0.9964830363084052,40.080111,1606.415297772321,0.9958005092928006,3.5931942039795284,-2181.533470123032,4359.356241532425,4102.019731564592,89.96816901465641,0.0,0.5
2019-02-07,19.7,24.8,12.6,999.9,6.7,6.1,19.4,25.3,40.080111,116.584556,35.35,16.699160516288604,10.172077471850926,18.63318660559378,0.6084768701151261,0.9964830363084052,40.080111,1606.415297772321,0.9958005092928006,3.5931942039795284,-2181.533470123032,4359.356241532425,4102.019731564592,89.96816901465641,0.0,-17.7
2019-02-08,22.8,30.2,14.0,999.9,6.7,6.3,17.5,93.66944615644273,40.080111,116.584556,35.35,19.398166197879448,10.209561156778657,18.83511739535171,0.6220467484408675,0.9964830363084052,40.080111,1606.415297772321,0.9958005092928006,3.5931942039795284,-2181.533470123032,4359.356241532425,4102.019731564592,89.96816901465641,0.0,-12.7
2019-02-09,21.7,30.2,14.0,999.9,6.7,4.0,9.7,76.07126123070614,40.080111,116.584556,35.35,18.53081940440654,10.24745773515569,19.040068279319666,0.6354323008901774,0.9964830363084052,40.080111,1606.415297772321,0.9958005092928006,3.5931942039795284,-2181.533470123032,4359.356241532425,4102.019731564592,89.96816901465641,0.0,-11.6
2019-02-10,20.8,30.2,10.4,999.9,6.7,3.6,7.8,-66.80456737951647,40.080111,116.584556,35.35,17.828638917994855,10.285753221920109,19.247966882548155,0.6486295610349814,0.9964830363084052,40.080111,1606.415297772321,0.9958005092928006,3.5931942039795284,-2181.533470123032,4359.356241532425,4102.019731564592,89.96816901465641,0.0,-7.6
2019-02-11,28.9,41.0,13.5,999.9,6.1,5.3,9.7,-53.784330833685324,40.080111,116.584556,35.35,24.864678177677693,10.324433845402503,19.458739149887414,0.6616346182422783,0.9964830363084052,40.080111,1606.415297772321,0.9958005092928006,3.5931942039795284,-2181.533470123032,4359.356241532425,4102.019731564592,89.96816901465641,0.0,-5.6
2019-02-12,22.2,28.4,12.2,999.9,5.8,3.5,7.8,12.729353953788918,40.080111,116.584556,35.35,19.172449198495915,10.363486053241035,19.67230938154009,0.6744436188329455,0.9964830363084052,40.080111,1606.415297772321,0.9958005092928006,3.5931942039795284,-2181.533470123032,4359.356241532425,4102.019731564592,89.96816901465641,0.0,7.3
2019-02-13,25.9,32.0,19.4,999.9,6.7,5.0,11.7,13.6,40.080111,116.584556,35.35,22.452918316644695,10.402896517364338,19.88860027178076,0.6870527672236669,0.9964830363084052,40.080111,1606.415297772321,0.9958005092928006,3.5931942039795284,-2181.533470123032,4359.356241532425,4102.019731564592,89.96816901465641,0.0,-4.0
2019-02-14,24.0,27.5,14.0,999.9,3.7,5.8,13.6,23.3,40.080111,116.584556,35.35,20.88530427613951,10.442652138069755,20.107532950783654,0.699458327051647,0.9964830363084052,40.080111,1606.415297772321,0.9958005092928006,3.5931942039795284,-2181.533470123032,4359.356241532425,4102.019731564592,89.96816901465641,0.0,16.3
2019-02-15,25.1,33.8,10.4,999.9,6.3,13.9,19.4,31.1,40.080111,116.584556,35.35,21.926397932113687,10.482740047225667,20.32902702949127,0.7116566222817746,0.9964830363084052,40.080111,1606.415297772321,0.9958005092928006,3.5931942039795284,-2181.533470123032,4359.356241532425,4102.019731564592,89.96816901465641,0.0,-1.7
2019-02-16,28.1,37.4,12.2,999.9,6.7,10.9,15.5,23.3,40.080111,116.584556,35.35,24.641703988220044,10.523147610627777,20.55300064744766,0.7236440382959124,0.9964830363084052,40.080111,1606.415297772321,0.9958005092928006,3.5931942039795284,-2181.533470123032,4359.356241532425,4102.019731564592,89.96816901465641,0.0,-6.8
2019-02-17,34.6,44.6,18.1,999.9,6.3,6.1,9.7,21.4,40.080111,116.584556,35.35,30.459136671840284,10.563862429539983,20.779370523512146,0.7354170229639855,0.9964830363084052,40.080111,1606.415297772321,0.9958005092928006,3.5931942039795284,-2181.533470123032,4359.356241532425,4102.019731564592,89.96816901465641,0.0,-2.4
2019-02-18,34.6,41.0,25.5,999.9,6.1,2.9,5.8,26.894718134529832,40.080111,116.584556,35.35,30.57738191785071,10.604872341451113,21.00805200936111,0.7469720876965552,0.9964830363084052,40.080111,1606.415297772321,0.9958005092928006,3.5931942039795284,-2181.533470123032,4359.356241532425,4102.019731564592,89.96816901465641,0.0,4.6
2019-02-19,34.3,44.6,21.2,999.9,5.2,6.0,13.6,23.3,40.080111,116.584556,35.35,30.430289492392966,10.646165420079173,21.238959145678027,0.7583058084785624,0.9964830363084052,40.080111,1606.415297772321,0.9958005092928006,3.5931942039795284,-2181.533470123032,4359.356241532425,4102.019731564592,89.96816901465641,0.0,14.0
2019-02-20,35.2,50.0,19.4,999.9,6.7,4.9,11.7,13.6,40.080111,116.584556,35.35,31.350674592321297,10.687729974654987,21.472004720924595,0.7694148268839378,0.9964830363084052,40.080111,1606.415297772321,0.9958005092928006,3.5931942039795284,-2181.533470123032,4359.356241532425,4102.019731564592,89.96816901465641,0.0,5.2
2019-02-21,38.4,53.6,19.9,999.9,3.8,5.1,9.7,-16.689077407565247,40.080111,116.584556,35.35,34.334574555255,10.729554548517187,21.707100332579078,0.7802958510707755,0.9964830363084052,40.080111,1606.415297772321,0.9958005092928006,3.5931942039795284,-2181.533470123032,4359.356241532425,4102.019731564592,89.96816901465641,0.0,12.9
2019-02-22,38.7,55.4,23.0,999.9,4.0,3.2,9.7,48.93915222302168,40.080111,116.584556,35.35,34.73850003248748,10.771627917050381,21.944156450721263,0.7909456567567772,0.9964830363084052,40.080111,1606.415297772321,0.9958005092928006,3.5931942039795284,-2181.533470123032,4359.356241532425,4102.019731564592,89.96816901465641,0.0,11.5
2019-02-23,41.3,57.2,25.5,999.9,3.9,4.6,7.8,28.269718260017143,40.080111,116.584556,35.35,37.21797368420167,10.813939084998063,22.183082483837673,0.8013610881746766,0.9964830363084052,40.080111,1606.415297772321,0.9958005092928006,3.5931942039795284,-2181.533470123032,4359.356241532425,4102.019731564592,89.96816901465641,0.0,13.0
2019-02-24,42.0,57.2,26.6,999.9,5.9,5.1,11.7,-6.569508196495089,40.080111,116.584556,35.35,37.99767049113556,10.856477283181588,22.423786846714655,0.8115390590073611,0.9964830363084052,40.080111,1606.415297772321,0.9958005092928006,3.5931942039795284,-2181.533470123032,4359.356241532425,4102.019731564592,89.96816901465641,0.0,8.0
2019-02-25,40.7,51.8,26.6,999.9,6.2,3.6,7.8,-95.747059899604,40.080111,116.584556,35.35,36.96656174679128,10.899231964655904,22.66617703028179,0.8214765533024142,0.9964830363084052,40.080111,1606.415297772321,0.9958005092928006,3.5931942039795284,-2181.533470123032,4359.356241532425,4102.019731564592,89.96816901465641,0.0,9.4
2019-02-26,39.1,46.4,24.8,999.9,5.5,2.6,7.8,51.76338973272024,40.080111,116.584556,35.35,35.65331154108273,10.942192800332295,22.910159673263163,0.8311706263658079,0.9964830363084052,40.080111,1606.415297772321,0.9958005092928006,3.5931942039795284,-2181.533470123032,4359.356241532425,4102.019731564592,89.96816901465641,0.0,17.9
2019-02-27,41.8,55.4,27.7,999.9,5.3,5.0,9.7,21.4,40.080111,116.584556,35.35,38.26563469810711,10.985349674097735,23.15564063548959,0.8406184056344782,0.9964830363084052,40.080111,1606.415297772321,0.9958005092928006,3.5931942039795284,-2181.533470123032,4359.356241532425,4102.019731564592,89.96816901465641,0.0,19.2
2019-02-28,43.2,57.2,27.5,999.9,4.8,4.2,7.8,15.5,40.080111,116.584556,35.35,39.70329363885478,11.028692677459661,23.40252507272061,0.8498170915275278,0.9964830363084052,40.080111,1606.415297772321,0.9958005092928006,3.5931942039795284,-2181.533470123032,4359.356241532425,4102.019731564592,89.96816901465641,0.0,17.4
2019-03-01,43.2,59.0,26.6,999.9,3.0,3.0,7.8,-29.68346542657219,40.080111,116.584556,35.35,39.85996357347961,11.072212103744336,23.65071751282164,0.8587639582758029,0.9964830363084052,40.080111,1606.415297772321,0.9958005092928006,3.5931942039795284,-2181.533470123032,4359.356241532425,4102.019731564592,89.96816901465641,0.0,21.9
2019-03-02,45.1,62.6,28.4,999.9,2.7,3.8,11.7,19.4,40.080111,116.584556,35.35,41.77725164405084,11.115898441876055,23.900121933138283,0.8674563547295969,0.9964830363084052,40.080111,1606.415297772321,0.9958005092928006,3.5931942039795284,-2181.533470123032,4359.356241532425,4102.019731564592,89.96816901465641,0.0,22.7
2019-03-03,44.3,59.0,32.0,999.9,2.8,3.8,7.8,69.4071359299069,40.080111,116.584556,35.35,41.198048915044225,11.159742369763674,24.150641838907084,0.8758917051442429,0.9964830363084052,40.080111,1606.415297772321,0.9958005092928006,3.5931942039795284,-2181.533470123032,4359.356241532425,4102.019731564592,89.96816901465641,0.0,25.6
2019-03-04,51.9,64.4,33.4,999.9,3.8,4.3,7.8,3.538623065084055,40.080111,116.584556,35.35,48.456152782159165,11.20373474732004,24.40218034253944,0.8840675099433636,0.9964830363084052,40.080111,1606.415297772321,0.9958005092928006,3.5931942039795284,-2181.533470123032,4359.356241532425,4102.019731564592,89.96816901465641,0.0,21.6
2019-03-05,52.3,66.2,35.6,999.9,5.5,10.8,21.4,31.1,40.080111,116.584556,35.35,49.02195197149778,11.24786660913907,24.654640243613738,0.8919813464595485,0.9964830363084052,40.080111,1606.415297772321,0.9958005092928006,3.5931942039795284,-2181.533470123032,4359.356241532425,4102.019731564592,89.96816901465641,0.0,9.0
2019-03-06,40.9,51.8,21.2,999.9,6.7,7.7,19.4,31.1,40.080111,116.584556,35.35,38.48734020961158,11.292129156854255,24.90792410940894,0.8996308696522433,0.9964830363084052,40.080111,1606.415297772321,0.9958005092928006,3.5931942039795284,-2181.533470123032,4359.356241532425,4102.019731564592,89.96816901465641,0.0,3.6
2019-03-07,42.2,55.4,23.0,999.9,6.2,4.3,9.7,19.4,40.080111,116.584556,35.35,39.86674002505898,11.336513751201604,25.16193435581213,0.9070138128026359,0.9964830363084052,40.080111,1606.415297772321,0.9958005092928006,3.5931942039795284,-2181.533470123032,4359.356241532425,4102.019731564592,89.96816901465641,0.0,4.2
2019-03-08,46.0,59.0,30.7,999.9,6.1,4.6,11.7,19.4,40.080111,116.584556,35.35,43.62721229793468,11.381011903809048,25.416573328431433,0.9141279881853337,0.9964830363084052,40.080111,1606.415297772321,0.9958005092928006,3.5931942039795284,-2181.533470123032,4359.356241532425,4102.019731564592,89.96816901465641,0.0,14.9
2019-03-09,45.4,53.6,32.0,999.9,4.1,3.6,7.8,25.226879682408885,40.080111,116.584556,35.35,43.22691110004206,11.425615268733585,25.671743383746037,0.9209712877166346,0.9964830363084052,40.080111,1606.415297772321,0.9958005092928006,3.5931942039795284,-2181.533470123032,4359.356241532425,4102.019731564592,89.96816901465641,0.0,26.8
2019-03-10,43.7,54.3,32.0,999.9,3.4,4.9,11.7,19.4,40.080111,116.584556,35.35,41.771066099632996,11.470315633766498,25.927346970124834,0.9275416835791966,0.9964830363084052,40.080111,1606.415297772321,0.9958005092928006,3.5931942039795284,-2181.533470123032,4359.356241532425,4102.019731564592,89.96816901465641,0.0,32.5
2019-03-11,48.8,62.6,30.2,999.9,6.0,14.7,23.3,36.9,40.080111,116.584556,35.35,46.82809330687367,11.515104911526311,26.183286708546216,0.9338372288229252,0.9964830363084052,40.080111,1606.415297772321,0.9958005092928006,3.5931942039795284,-2181.533470123032,4359.356241532425,4102.019731564592,89.96816901465641,0.0,5.0
2019-03-12,46.0,53.6,30.0,999.9,6.7,9.8,17.5,27.2,40.080111,116.584556,35.35,44.31323799970654,11.559975130358227,26.439465472852493,0.9398560579418954,0.9964830363084052,40.080111,1606.415297772321,0.9958005092928006,3.5931942039795284,-2181.533470123032,4359.356241532425,4102.019731564592,89.96816901465641,0.0,-4.9
2019-03-13,49.0,62.6,30.2,999.9,7.9,4.2,11.7,23.3,40.080111,116.584556,35.35,47.38675023565435,11.604918425058207,26.695786469373857,0.9455963874271426,0.9964830363084052,40.080111,1606.415297772321,0.9958005092928006,3.5931942039795284,-2181.533470123032,4359.356241532425,4102.019731564592,89.96816901465641,0.0,6.9
2019-03-14,51.1,60.8,32.9,999.9,6.6,9.1,17.5,27.2,40.080111,116.584556,35.35,49.60927259184469,11.649927027439066,26.95215331575917,0.9510565162951535,0.9964830363084052,40.080111,1606.415297772321,0.9958005092928006,3.5931942039795284,-2181.533470123032,4359.356241532425,4102.019731564592,89.96816901465641,0.0,12.1
2019-03-15,45.7,57.2,26.6,999.9,6.7,5.8,11.7,83.01359541434205,40.080111,116.584556,35.35,44.53843265280996,11.69499325675535,27.208470118852805,0.9562348265919056,0.9964830363084052,40.080111,1606.415297772321,0.9958005092928006,3.5931942039795284,-2181.533470123032,4359.356241532425,4102.019731564592,89.96816901465641,0.0,11.1
2019-03-16,49.4,68.0,32.0,999.9,7.0,6.4,21.4,31.1,40.080111,116.584556,35.35,48.33011748284642,11.740109510003178,27.46464155145986,0.9611297838723007,0.9964830363084052,40.080111,1606.415297772321,0.9958005092928006,3.5931942039795284,-2181.533470123032,4359.356241532425,4102.019731564592,89.96816901465641,0.0,18.8
2019-03-17,54.8,68.0,39.0,999.9,6.1,5.2,15.5,21.4,40.080111,116.584556,35.35,53.81939168463883,11.785268252110694,27.720572927845225,0.9657399376548549,0.9964830363084052,40.080111,1606.415297772321,0.9958005092928006,3.5931942039795284,-2181.533470123032,4359.356241532425,4102.019731564592,89.96816901465641,0.0,24.0
2019-03-18,54.6,70.3,37.4,999.9,3.5,3.1,9.7,17.5,40.080111,116.584556,35.35,53.828602127455895,11.830462006034262,27.976170277815655,0.9700639218515071,0.9964830363084052,40.080111,1606.415297772321,0.9958005092928006,3.5931942039795284,-2181.533470123032,4359.356241532425,4102.019731564592,89.96816901465641,0.0,34.9
2019-03-19,65.2,77.0,42.3,999.9,4.8,6.1,11.7,81.33370953619468,40.080111,116.584556,35.35,64.5245461624118,11.875683342775178,28.23134041923798,0.9741004551724205,0.9964830363084052,40.080111,1606.415297772321,0.9958005092928006,3.5931942039795284,-2181.533470123032,4359.356241532425,4102.019731564592,89.96816901465641,0.0,38.3
2019-03-20,55.5,68.0,39.2,999.9,5.2,11.5,25.3,36.9,40.080111,116.584556,35.35,55.1342775299068,11.920924871331199,28.48599102885103,0.9778483415056568,0.9964830363084052,40.080111,1606.415297772321,0.9958005092928006,3.5931942039795284,-2181.533470123032,4359.356241532425,4102.019731564592,89.96816901465641,0.0,32.9
2019-03-21,43.3,55.4,32.0,999.9,6.5,6.9,17.5,27.2,40.080111,116.584556,35.35,43.17796338318765,11.96617922859704,28.740030711233693,0.9813064702716093,0.9964830363084052,40.080111,1606.415297772321,0.9958005092928006,3.5931942039795284,-2181.533470123032,4359.356241532425,4102.019731564592,89.96816901465641,0.0,7.4
2019-03-22,48.2,59.0,32.4,999.9,6.5,14.3,21.4,35.0,40.080111,116.584556,35.35,48.24594692806411,12.01143906922758,28.993369065796646,0.9844738167520922,0.9964830363084052,40.080111,1606.415297772321,0.9958005092928006,3.5931942039795284,-2181.533470123032,4359.356241532425,4102.019731564592,89.96816901465641,0.0,5.4
2019-03-23,45.7,55.4,28.4,999.9,6.7,8.2,15.5,23.3,40.080111,116.584556,35.35,45.9159212862767,12.05669705547747,29.245916751670823,0.9873494423939864,0.9964830363084052,40.080111,1606.415297772321,0.9958005092928006,3.5931942039795284,-2181.533470123032,4359.356241532425,4102.019731564592,89.96816901465641,0.0,3.2
2019-03-24,52.1,69.8,32.0,999.9,6.2,6.2,15.5,25.3,40.080111,116.584556,35.35,52.54261488585821,12.10194584703068,29.49758555037156,0.989932495087353,0.9964830363084052,40.080111,1606.415297772321,0.9958005092928006,3.5931942039795284,-2181.533470123032,4359.356241532425,4102.019731564592,89.96816901465641,0.0,14.2
2019-03-25,58.5,73.4,36.0,999.9,6.2,6.4,15.5,27.2,40.080111,116.584556,35.35,59.21749319281295,12.147178090833426,29.74828842612354,0.9922222094179323,0.9964830363084052,40.080111,1606.415297772321,0.9958005092928006,3.5931942039795284,-2181.533470123032,4359.356241532425,4102.019731564592,89.96816901465641,0.0,7.0
2019-03-26,52.6,64.4,35.6,999.9,6.2,5.4,11.7,17.5,40.080111,116.584556,35.35,53.44329376797129,12.192386410944021,29.99793958373815,0.994217906893952,0.9964830363084052,40.080111,1606.415297772321,0.9958005092928006,3.5931942039795284,-2181.533470123032,4359.356241532425,4102.019731564592,89.96816901465641,0.0,25.0
2019-03-27,55.3,73.4,38.3,999.9,5.7,6.6,15.5,23.3,40.080111,116.584556,35.35,56.39477132768755,12.237563398413212,30.246454523941583,0.995918996147179,0.9964830363084052,40.080111,1606.415297772321,0.9958005092928006,3.5931942039795284,-2181.533470123032,4359.356241532425,4102.019731564592,89.96816901465641,0.0,22.4
2019-03-28,42.7,50.0,32.0,999.9,6.4,5.6,9.7,19.4,40.080111,116.584556,35.35,43.70594653096772,12.282701601208725,30.493750096059184,0.9973249731081555,0.9964830363084052,40.080111,1606.415297772321,0.9958005092928006,3.5931942039795284,-2181.533470123032,4359.356241532425,4102.019731564592,89.96816901465641,0.0,16.2
2019-03-29,46.4,57.2,34.5,999.9,6.4,13.4,25.3,35.0,40.080111,116.584556,35.35,47.66746825489888,12.327793514197987,30.739744547968833,0.9984354211555643,0.9964830363084052,40.080111,1606.415297772321,0.9958005092928006,3.5931942039795284,-2181.533470123032,4359.356241532425,4102.019731564592,89.96816901465641,0.0,11.7
2019-03-30,43.7,53.6,26.6,999.9,6.7,12.9,23.3,35.0,40.080111,116.584556,35.35,45.057728297848236,12.372831569203177,30.984357573243397,0.9992500112396835,0.9964830363084052,40.080111,1606.415297772321,0.9958005092928006,3.5931942039795284,-2181.533470123032,4359.356241532425,4102.019731564592,89.96816901465641,0.0,5.3
2019-03-31,49.2,62.6,30.2,999.9,6.6,7.6,15.5,29.1,40.080111,116.584556,35.35,50.91301331308715,12.417808125143207,31.227510355410796,0.9997685019798909,0.9964830363084052,40.080111,1606.415297772321,0.9958005092928006,3.5931942039795284,-2181.533470123032,4359.356241532425,4102.019731564592,89.96816901465641,0.0,9.0
2019-04-01,52.0,62.6,34.2,999.9,6.7,5.3,9.7,-1.774853826928176,40.080111,116.584556,35.35,54.005100319202704,12.462715458277549,31.469125609267085,0.9999907397361901,0.9964830363084052,40.080111,1606.415297772321,0.9958005092928006,3.5931942039795284,-2181.533470123032,4359.356241532425,4102.019731564592,89.96816901465641,0.0,13.3
2019-04-02,52.0,66.2,32.0,999.9,6.3,4.5,9.7,-28.741540956744227,40.080111,116.584556,35.35,54.19936492779155,12.507545752567282,31.70912761918718,0.9999166586547379,0.9964830363084052,40.080111,1606.415297772321,0.9958005092928006,3.5931942039795284,-2181.533470123032,4359.356241532425,4102.019731564592,89.96816901465641,0.0,17.4
2019-04-03,53.3,68.0,36.9,999.9,6.3,4.0,11.7,19.4,40.080111,116.584556,35.35,55.75309292550203,12.552291090169312,31.947442274385256,0.9995462806873573,0.9964830363084052,40.080111,1606.415297772321,0.9958005092928006,3.5931942039795284,-2181.533470123032,4359.356241532425,4102.019731564592,89.96816901465641,0.0,24.9
2019-04-04,66.2,84.2,41.0,999.9,5.8,9.1,19.4,71.4991012422395,40.080111,116.584556,35.35,69.49313798880895,12.596943442080173,32.183997101085794,0.9988797155850336,0.9964830363084052,40.080111,1606.415297772321,0.9958005092928006,3.5931942039795284,-2181.533470123032,4359.356241532425,4102.019731564592,89.96816901465641,0.0,21.5
2019-04-05,55.5,68.5,41.0,999.9,5.8,6.2,13.6,23.3,40.080111,116.584556,35.35,58.466912797627735,12.641494658946538,32.41872129157452,0.9979171608653922,0.9964830363084052,40.080111,1606.415297772321,0.9958005092928006,3.5931942039795284,-2181.533470123032,4359.356241532425,4102.019731564592,89.96816901465641,0.0,17.5
2019-04-06,56.1,69.8,37.4,999.9,6.2,4.5,9.7,7.398063269877076,40.080111,116.584556,35.35,59.30675296013129,12.68593646206017,32.651545730106754,0.9966589017541702,0.9964830363084052,40.080111,1606.415297772321,0.9958005092928006,3.5931942039795284,-2181.533470123032,4359.356241532425,4102.019731564592,89.96816901465641,0.0,19.3
2019-04-07,53.9,66.2,37.4,999.9,6.3,5.4,11.7,15.5,40.080111,116.584556,35.35,57.180086451879646,12.730260434555765,32.88240301566015,0.9951053111006976,0.9964830363084052,40.080111,1606.415297772321,0.9958005092928006,3.5931942039795284,-2181.533470123032,4359.356241532425,4102.019731564592,89.96816901465641,0.0,19.6
2019-04-08,54.1,62.6,42.4,999.9,6.4,7.0,15.5,25.3,40.080111,116.584556,35.35,57.591514874512725,12.774458012830918,33.11122748152627,0.9932568492674143,0.9964830363084052,40.080111,1606.415297772321,0.9958005092928006,3.5931942039795284,-2181.533470123032,4359.356241532425,4102.019731564592,89.96816901465641,0.0,16.6
2019-04-09,43.4,48.2,33.8,999.9,6.0,5.9,11.7,17.5,40.080111,116.584556,35.35,46.36031572951953,12.818520478208166,33.337955211745005,0.9911140639934547,0.9964830363084052,40.080111,1606.415297772321,0.9958005092928006,3.5931942039795284,-2181.533470123032,4359.356241532425,4102.019731564592,89.96816901465641,0.0,36.1
2019-04-10,58.0,66.2,36.0,999.9,6.1,5.1,11.7,19.4,40.080111,116.584556,35.35,62.168454919489854,12.862438948859971,33.56252405439414,0.9886775902323405,0.9964830363084052,40.080111,1606.415297772321,0.9958005092928006,3.5931942039795284,-2181.533470123032,4359.356241532425,4102.019731564592,89.96816901465641,0.0,28.0
2019-04-11,56.0,66.2,41.0,999.9,5.9,5.0,9.7,19.4,40.080111,116.584556,35.35,60.22895373608506,12.906204372018227,33.78487363175453,0.9859481499638304,0.9964830363084052,40.080111,1606.415297772321,0.9958005092928006,3.5931942039795284,-2181.533470123032,4359.356241532425,4102.019731564592,89.96816901465641,0.0,34.3
2019-04-12,60.5,73.4,44.1,999.9,5.1,7.4,15.5,25.3,40.080111,116.584556,35.35,65.2886128956416,12.949807516490896,34.00494534738044,0.9829265519799822,0.9964830363084052,40.080111,1606.415297772321,0.9958005092928006,3.5931942039795284,-2181.533470123032,4359.356241532425,4102.019731564592,89.96816901465641,0.0,36.0
2019-04-13,61.4,71.6,47.3,999.9,4.8,9.4,25.3,33.0,40.080111,116.584556,35.35,66.48207270685486,12.993238965509093,34.222682390112396,0.9796136916454901,0.9964830363084052,40.080111,1606.415297772321,0.9958005092928006,3.5931942039795284,-2181.533470123032,4359.356241532425,4102.019731564592,89.96816901465641,0.0,20.5
2019-04-14,62.4,75.2,39.2,999.9,6.5,9.3,17.5,25.3,40.080111,116.584556,35.35,67.78974337163045,13.036489109928931,34.438029735078395,0.9760105506323683,0.9964830363084052,40.080111,1606.415297772321,0.9958005092928006,3.5931942039795284,-2181.533470123032,4359.356241532425,4102.019731564592,89.96816901465641,0.0,17.7
2019-04-15,67.6,82.4,45.3,999.9,6.2,7.4,13.6,-26.921764606149225,40.080111,116.584556,35.35,73.68145453221489,13.079548141813294,34.650934141737174,0.9721181966290613,0.9964830363084052,40.080111,1606.415297772321,0.9958005092928006,3.5931942039795284,-2181.533470123032,4359.356241532425,4102.019731564592,89.96816901465641,0.0,29.5
2019-04-16,65.8,77.5,53.6,999.9,4.5,5.7,9.7,15.5,40.080111,116.584556,35.35,71.95452649883386,13.122406048419547,34.86134414902511,0.9679377830240642,0.9964830363084052,40.080111,1606.415297772321,0.9958005092928006,3.5931942039795284,-2181.533470123032,4359.356241532425,4102.019731564592,89.96816901465641,0.0,44.5
2019-04-17,71.2,82.4,54.0,999.9,4.0,7.9,15.5,29.1,40.080111,116.584556,35.35,78.11264546594595,13.165052606620105,35.069210067675996,0.9634705485641488,0.9964830363084052,40.080111,1606.415297772321,0.9958005092928006,3.5931942039795284,-2181.533470123032,4359.356241532425,4102.019731564592,89.96816901465641,0.0,45.3
2019-04-18,61.2,73.4,48.2,999.9,6.4,8.0,17.5,27.2,40.080111,116.584556,35.35,67.3581346266959,13.20747737778351,35.27448396979013,0.9587178169872964,0.9964830363084052,40.080111,1606.415297772321,0.9958005092928006,3.5931942039795284,-2181.533470123032,4359.356241532425,4102.019731564592,89.96816901465641,0.0,26.5
2019-04-19,57.2,66.2,46.4,999.9,6.3,6.2,9.7,17.5,40.080111,116.584556,35.35,63.156758918322616,13.249669703144605,35.47711967573631,0.9536809966304457,0.9964830363084052,40.080111,1606.415297772321,0.9958005092928006,3.5931942039795284,-2181.533470123032,4359.356241532425,4102.019731564592,89.96816901465641,0.0,31.3
2019-04-20,51.7,57.2,46.4,999.9,5.1,2.5,3.9,13.6,40.080111,116.584556,35.35,57.264723897843766,13.291618699692943,35.67707273847723,0.9483615800121715,0.9964830363084052,40.080111,1606.415297772321,0.9958005092928006,3.5931942039795284,-2181.533470123032,4359.356241532425,4102.019731564592,89.96816901465641,0.0,45.8
2019-04-21,59.2,69.8,46.4,999.9,5.4,5.1,9.7,90.3736614167679,40.080111,116.584556,35.35,65.77767873260646,13.333313256609417,35.874300425414816,0.9427611433904207,0.9964830363084052,40.080111,1606.415297772321,0.9958005092928006,3.5931942039795284,-2181.533470123032,4359.356241532425,4102.019731564592,89.96816901465641,0.0,38.0
2019-04-22,66.3,77.0,48.7,999.9,3.3,5.5,11.7,17.5,40.080111,116.584556,35.35,73.8954497283557,13.374742032281574,36.068761697858655,0.9368813462954315,0.9964830363084052,40.080111,1606.415297772321,0.9958005092928006,3.5931942039795284,-2181.533470123032,4359.356241532425,4102.019731564592,89.96816901465641,0.0,52.4
2019-04-23,70.3,78.8,59.4,999.9,4.1,6.0,11.7,-28.139325679000326,40.080111,116.584556,35.35,78.59477580588205,13.415893451928657,36.260417188225894,0.9307239310379795,0.9964830363084052,40.080111,1606.415297772321,0.9958005092928006,3.5931942039795284,-2181.533470123032,4359.356241532425,4102.019731564592,89.96816901465641,0.0,59.7
2019-04-24,48.8,64.4,41.0,999.9,5.5,10.4,15.5,25.3,40.080111,116.584556,35.35,54.72413987052907,13.456755705867806,36.44922917508665,0.9242907221930933,0.9964830363084052,40.080111,1606.415297772321,0.9958005092928006,3.5931942039795284,-2181.533470123032,4359.356241532425,4102.019731564592,89.96816901465641,0.0,43.8
2019-04-25,56.1,64.4,40.8,999.9,6.7,6.1,9.7,21.4,40.080111,116.584556,35.35,63.09995579901855,13.497316748453166,36.635161556173536,0.9175836260593937,0.9964830363084052,40.080111,1606.415297772321,0.9958005092928006,3.5931942039795284,-2181.533470123032,4359.356241532425,4102.019731564592,89.96816901465641,0.0,35.6
2019-04-26,58.9,68.0,48.4,999.9,6.2,5.3,11.7,17.5,40.080111,116.584556,35.35,66.44687809464126,13.537564297719785,36.81817981947876,0.9106046300942162,0.9964830363084052,40.080111,1606.415297772321,0.9958005092928006,3.5931942039795284,-2181.533470123032,4359.356241532425,4102.019731564592,89.96816901465641,0.0,38.9
2019-04-27,50.3,57.2,46.4,999.9,5.3,5.6,15.5,-86.3747024346845,40.080111,116.584556,35.35,56.91229479491183,13.577485835764254,36.99825101256564,0.9033558023246845,0.9964830363084052,40.080111,1606.415297772321,0.9958005092928006,3.5931942039795284,-2181.533470123032,4359.356241532425,4102.019731564592,89.96816901465641,0.0,44.4
2019-04-28,55.7,59.0,45.7,999.9,4.5,4.5,7.8,17.5,40.080111,116.584556,35.35,63.20589346425736,13.617068609893863,37.175343710225654,0.895839290734909,0.9964830363084052,40.080111,1606.415297772321,0.9958005092928006,3.5931942039795284,-2181.533470123032,4359.356241532425,4102.019731564592,89.96816901465641,0.0,46.2
2019-04-29,60.7,69.8,51.8,999.9,3.0,4.2,17.5,25.3,40.080111,116.584556,35.35,69.07811565156253,13.656299634575788,37.34942798061424,0.8880573226294932,0.9964830363084052,40.080111,1606.415297772321,0.9958005092928006,3.5931942039795284,-2181.533470123032,4359.356241532425,4102.019731564592,89.96816901465641,0.0,49.4
2019-04-30,65.1,77.0,42.8,999.9,6.1,9.6,21.4,33.0,40.080111,116.584556,35.35,74.29627389112848,13.695165694217234,37.52047535000173,0.8800122039735357,0.9964830363084052,40.080111,1606.415297772321,0.9958005092928006,3.5931942039795284,-2181.533470123032,4359.356241532425,4102.019731564592,89.96816901465641,0.0,28.5
2019-05-01,70.6,86.0,44.6,999.9,6.7,6.5,11.7,21.4,40.080111,116.584556,35.35,80.79966052371367,13.73365334680686,37.688458766277634,0.8717063187093218,0.9964830363084052,40.080111,1606.415297772321,0.9958005092928006,3.5931942039795284,-2181.533470123032,4359.356241532425,4102.019731564592,89.96816901465641,0.0,25.0
2019-05-02,72.9,87.8,47.7,999.9,6.2,6.2,13.6,17.5,40.080111,116.584556,35.35,83.66337474031414,13.771748928446772,37.85335256134731,0.8631421280499114,0.9964830363084052,40.080111,1606.415297772321,0.9958005092928006,3.5931942039795284,-2181.533470123032,4359.356241532425,4102.019731564592,89.96816901465641,0.0,30.3
2019-05-03,73.5,84.2,53.2,999.9,6.1,5.3,9.7,21.4,40.080111,116.584556,35.35,84.58281117267009,13.80943855880328,38.01513241256187,0.854322169749827,0.9964830363084052,40.080111,1606.415297772321,0.9958005092928006,3.5931942039795284,-2181.533470123032,4359.356241532425,4102.019731564592,89.96816901465641,0.0,43.6
2019-05-04,71.6,82.4,60.8,999.9,6.1,8.3,15.5,23.3,40.080111,116.584556,35.35,82.61869194676856,13.846708147503113,38.17377530332167,0.8452490573530633,0.9964830363084052,40.080111,1606.415297772321,0.9958005092928006,3.5931942039795284,-2181.533470123032,4359.356241532425,4102.019731564592,89.96816901465641,0.0,47.0
2019-05-05,60.7,73.4,39.2,999.9,6.6,8.7,17.5,27.2,40.080111,116.584556,35.35,70.22759037258831,13.883543401500159,38.32925948299367,0.8359254794186372,0.9964830363084052,40.080111,1606.415297772321,0.9958005092928006,3.5931942039795284,-2181.533470123032,4359.356241532425,4102.019731564592,89.96816901465641,0.0,21.5
2019-05-06,65.6,78.8,42.8,999.9,6.7,7.1,15.5,27.2,40.080111,116.584556,35.35,76.09561642278216,13.919929833435763,38.48156442628246,0.8263541987239096,0.9964830363084052,40.080111,1606.415297772321,0.9958005092928006,3.5931942039795284,-2181.533470123032,4359.356241532425,4102.019731564592,89.96816901465641,0.0,22.3
2019-05-07,71.5,84.2,46.6,999.9,6.3,7.0,13.6,23.3,40.080111,116.584556,35.35,83.15362276062139,13.95585277101338,38.630670792192724,0.8165380514459161,0.9964830363084052,40.080111,1606.415297772321,0.9958005092928006,3.5931942039795284,-2181.533470123032,4359.356241532425,4102.019731564592,89.96816901465641,0.0,26.3
2019-05-08,66.1,82.4,48.2,999.9,5.9,4.3,9.7,-97.90645815531634,40.080111,116.584556,35.35,77.06872966546032,13.991297367405808,38.7765603827195,0.8064799463209448,0.9964830363084052,40.080111,1606.415297772321,0.9958005092928006,3.5931942039795284,-2181.533470123032,4359.356241532425,4102.019731564592,89.96816901465641,0.0,43.7
2019-05-09,71.3,87.8,51.1,999.9,6.3,4.5,9.7,34.871536416043114,40.080111,116.584556,35.35,83.33929384052031,14.02624861271029,38.91921610139975,0.7961828637826158,0.9964830363084052,40.080111,1606.415297772321,0.9958005092928006,3.5931942039795284,-2181.533470123032,4359.356241532425,4102.019731564592,89.96816901465641,0.0,35.8
2019-05-10,72.9,86.0,57.6,999.9,5.0,5.8,11.7,43.1981462223401,40.080111,116.584556,35.35,85.41869992976663,14.060691346463642,39.05862191185562,0.7856498550787147,0.9964830363084052,40.080111,1606.415297772321,0.9958005092928006,3.5931942039795284,-2181.533470123032,4359.356241532425,4102.019731564592,89.96816901465641,0.0,47.1
2019-05-11,73.0,84.2,59.0,999.9,5.3,5.9,11.7,21.4,40.080111,116.584556,35.35,85.74221248329127,14.094610271225962,39.1947627964564,0.7748840413670407,0.9964830363084052,40.080111,1606.415297772321,0.9958005092928006,3.5931942039795284,-2181.533470123032,4359.356241532425,4102.019731564592,89.96816901465641,0.0,52.0
2019-05-12,59.4,68.0,42.8,999.9,4.1,6.2,23.3,35.0,40.080111,116.584556,35.35,69.93355033782649,14.127989967237676,39.32762471522189,0.7638886127905428,0.9964830363084052,40.080111,1606.415297772321,0.9958005092928006,3.5931942039795284,-2181.533470123032,4359.356241532425,4102.019731564592,89.96816901465641,0.0,40.0
2019-05-13,64.8,77.0,43.9,999.9,6.6,8.0,13.6,23.3,40.080111,116.584556,35.35,76.46840050401245,14.160814908150455,39.457194565084905,0.7526668275320085,0.9964830363084052,40.080111,1606.415297772321,0.9958005092928006,3.5931942039795284,-2181.533470123032,4359.356241532425,4102.019731564592,89.96816901465641,0.0,28.4
2019-05-14,69.3,78.8,50.5,999.9,5.9,4.1,7.8,-12.909458612594443,40.080111,116.584556,35.35,81.96497623445707,14.193069477828063,39.58346013962639,0.7412220108485958,0.9964830363084052,40.080111,1606.415297772321,0.9958005092928006,3.5931942039795284,-2181.533470123032,4359.356241532425,4102.019731564592,89.96816901465641,0.0,47.2
2019-05-15,73.4,84.2,59.0,999.9,4.1,4.9,9.7,13.6,40.080111,116.584556,35.35,87.00798069454122,14.224737988208373,39.706410089389756,0.7295575540864875,0.9964830363084052,40.080111,1606.415297772321,0.9958005092928006,3.5931942039795284,-2181.533470123032,4359.356241532425,4102.019731564592,89.96816901465641,0.0,57.8
2019-05-16,79.2,93.2,63.9,999.9,4.6,6.7,15.5,-1.885597319466946,40.080111,116.584556,35.35,94.0883110082038,14.255804698212696,39.82603388287621,0.717676913675962,0.9964830363084052,40.080111,1606.415297772321,0.9958005092928006,3.5931942039795284,-2181.533470123032,4359.356241532425,4102.019731564592,89.96816901465641,0.0,57.8
2019-05-17,73.9,89.6,64.4,999.9,4.4,6.6,17.5,25.3,40.080111,116.584556,35.35,87.97951319243197,14.286253833683132,39.94232176831558,0.705583610107178,0.9964830363084052,40.080111,1606.415297772321,0.9958005092928006,3.5931942039795284,-2181.533470123032,4359.356241532425,4102.019731564592,89.96816901465641,0.0,63.5
2019-05-18,67.6,73.8,60.8,999.9,4.8,5.5,9.7,23.3,40.080111,116.584556,35.35,80.6471921268865,14.316069608323048,40.055264736300735,0.6932812268869777,0.9964830363084052,40.080111,1606.415297772321,0.9958005092928006,3.5931942039795284,-2181.533470123032,4359.356241532425,4102.019731564592,89.96816901465641,0.0,61.7
2019-05-19,64.7,75.2,57.2,999.9,5.8,15.6,31.1,46.6,40.080111,116.584556,35.35,77.34473209091331,14.345236245609886,40.16485448336658,0.6807734094770161,0.9964830363084052,40.080111,1606.415297772321,0.9958005092928006,3.5931942039795284,-2181.533470123032,4359.356241532425,4102.019731564592,89.96816901465641,0.0,30.6
2019-05-20,67.3,80.6,48.2,999.9,6.7,10.2,25.3,31.1,40.080111,116.584556,35.35,80.61271395921646,14.373738001643352,40.27108337658698,0.6680638642135335,0.9964830363084052,40.080111,1606.415297772321,0.9958005092928006,3.5931942039795284,-2181.533470123032,4359.356241532425,4102.019731564592,89.96816901465641,0.0,31.7
2019-05-21,72.1,91.4,50.4,999.9,6.7,5.9,17.5,31.1,40.080111,116.584556,35.35,86.5293681265557,14.40155918888583,40.373944419255444,0.6551563572090853,0.9964830363084052,40.080111,1606.415297772321,0.9958005092928006,3.5931942039795284,-2181.533470123032,4359.356241532425,4102.019731564592,89.96816901465641,0.0,39.4
2019-05-22,77.1,95.0,54.1,999.9,6.3,4.1,9.7,21.4,40.080111,116.584556,35.35,92.70429598978936,14.428684200745426,40.47343121770787,0.6420547132365637,0.9964830363084052,40.080111,1606.415297772321,0.9958005092928006,3.5931942039795284,-2181.533470123032,4359.356241532425,4102.019731564592,89.96816901465641,0.0,47.0
2019-05-23,81.4,98.6,62.6,999.9,6.5,4.0,9.7,13.6,40.080111,116.584556,35.35,98.05374495894723,14.455097536945537,40.56953794933726,0.6287628145958344,0.9964830363084052,40.080111,1606.415297772321,0.9958005092928006,3.5931942039795284,-2181.533470123032,4359.356241532425,4102.019731564592,89.96816901465641,0.0,55.6
2019-05-24,78.8,93.2,64.4,999.9,6.2,5.4,15.5,21.4,40.080111,116.584556,35.35,95.09048048116041,14.480783829618337,40.66225933184245,0.6152845999633276,0.9964830363084052,40.080111,1606.415297772321,0.9958005092928006,3.5931942039795284,-2181.533470123032,4359.356241532425,4102.019731564592,89.96816901465641,0.0,52.3
2019-05-25,83.4,93.2,66.9,999.9,5.8,5.6,7.8,-7.964482412938311,40.080111,116.584556,35.35,100.81480869686841,14.505727870053008,40.751590593745156,0.6016240632249226,0.9964830363084052,40.080111,1606.415297772321,0.9958005092928006,3.5931942039795284,-2181.533470123032,4359.356241532425,4102.019731564592,89.96816901465641,0.0,62.5
2019-05-26,68.2,73.9,60.8,999.9,5.6,9.2,17.5,23.3,40.080111,116.584556,35.35,82.57834818139791,14.529914636023092,40.83752744620119,0.5877852522924732,0.9964830363084052,40.080111,1606.415297772321,0.9958005092928006,3.5931942039795284,-2181.533470123032,4359.356241532425,4102.019731564592,89.96816901465641,0.0,55.3
2019-05-27,72.9,86.0,51.8,999.9,6.7,7.9,23.3,29.1,40.080111,116.584556,35.35,88.41147561663709,14.553329319611043,40.92006605612411,0.5737722679043246,0.9964830363084052,40.080111,1606.415297772321,0.9958005092928006,3.5931942039795284,-2181.533470123032,4359.356241532425,4102.019731564592,89.96816901465641,0.0,35.6
2019-05-28,76.6,91.4,54.5,999.9,6.5,6.2,15.5,21.4,40.080111,116.584556,35.35,93.04319445223724,14.575957355441867,40.999203020631676,0.5595892624101765,0.9964830363084052,40.080111,1606.415297772321,0.9958005092928006,3.5931942039795284,-2181.533470123032,4359.356241532425,4102.019731564592,89.96816901465641,0.0,42.6
2019-05-29,80.3,89.6,61.3,999.9,6.6,5.4,9.7,43.580672269843376,40.080111,116.584556,35.35,97.6835076061101,14.597784449231895,41.07493534281813,0.545240438540651,0.9964830363084052,40.080111,1606.415297772321,0.9958005092928006,3.5931942039795284,-2181.533470123032,4359.356241532425,4102.019731564592,89.96816901465641,0.0,49.6
2019-05-30,75.7,87.8,60.8,999.9,6.3,9.1,21.4,27.2,40.080111,116.584556,35.35,92.22024192633954,14.618796606553163,41.147260408847806,0.5307300481619334,0.9964830363084052,40.080111,1606.415297772321,0.9958005092928006,3.5931942039795284,-2181.533470123032,4359.356241532425,4102.019731564592,89.96816901465641,0.0,33.6
2019-05-31,77.5,87.8,57.6,999.9,6.7,7.6,13.6,27.2,40.080111,116.584556,35.35,94.54341354436893,14.638980161708739,41.216175966359025,0.5160623910158528,0.9964830363084052,40.080111,1606.415297772321,0.9958005092928006,3.5931942039795284,-2181.533470123032,4359.356241532425,4102.019731564592,89.96816901465641,0.0,32.7
2019-06-01,74.3,86.0,64.4,999.9,6.3,5.5,11.7,-68.85187229710971,40.080111,116.584556,35.35,90.7594425192578,14.658321806609605,41.28168010416033,0.5012418134457758,0.9964830363084052,40.080111,1606.415297772321,0.9958005092928006,3.5931942039795284,-2181.533470123032,4359.356241532425,4102.019731564592,89.96816901465641,0.0,54.7
2019-06-02,76.6,89.6,64.4,999.9,6.2,5.1,9.7,99.88333078255046,40.080111,116.584556,35.35,93.68696168806115,14.676808619539607,41.34377123319546,0.48627270710868997,0.9964830363084052,40.080111,1606.415297772321,0.9958005092928006,3.5931942039795284,-2181.533470123032,4359.356241532425,4102.019731564592,89.96816901465641,0.0,61.8
2019-06-03,77.3,89.6,62.6,999.9,5.9,5.1,11.7,21.4,40.080111,116.584556,35.35,94.65660763686157,14.694428093691316,41.40244806874752,0.4711595076738638,0.9964830363084052,40.080111,1606.415297772321,0.9958005092928006,3.5931942039795284,-2181.533470123032,4359.356241532425,4102.019731564592,89.96816901465641,0.0,57.9
2019-06-04,71.6,80.6,64.4,999.9,4.8,5.6,11.7,17.5,40.080111,116.584556,35.35,87.77663671993905,14.711168165352914,41.457709613848095,0.4559066935084588,0.9964830363084052,40.080111,1606.415297772321,0.9958005092928006,3.5931942039795284,-2181.533470123032,4359.356241532425,4102.019731564592,89.96816901465641,0.0,61.2
2019-06-05,76.3,84.2,67.3,999.9,5.3,3.6,9.7,-26.017233252588905,40.080111,116.584556,35.35,93.63928462799169,14.727017241623855,41.5095551438525,0.440518784350495,0.9964830363084052,40.080111,1606.415297772321,0.9958005092928006,3.5931942039795284,-2181.533470123032,4359.356241532425,4102.019731564592,89.96816901465641,0.0,57.7
2019-06-06,70.4,75.2,64.4,999.9,4.5,4.6,9.7,208.41257358696208,40.080111,116.584556,35.35,86.48619013487688,14.74196422753583,41.55798419213851,0.42500033996955416,0.9964830363084052,40.080111,1606.415297772321,0.9958005092928006,3.5931942039795284,-2181.533470123032,4359.356241532425,4102.019731564592,89.96816901465641,0.0,64.4
2019-06-07,76.4,86.0,66.2,999.9,4.6,5.1,7.8,17.5,40.080111,116.584556,35.35,93.94652411729605,14.755998552454876,41.60299653688293,0.4093559588156213,0.9964830363084052,40.080111,1606.415297772321,0.9958005092928006,3.5931942039795284,-2181.533470123032,4359.356241532425,4102.019731564592,89.96816901465641,0.0,65.4
2019-06-08,82.4,95.0,66.2,999.9,5.9,8.7,15.5,31.1,40.080111,116.584556,35.35,101.41455667673362,14.769110195640817,41.644592188867804,0.39359027665646673,0.9964830363084052,40.080111,1606.415297772321,0.9958005092928006,3.5931942039795284,-2181.533470123032,4359.356241532425,4102.019731564592,89.96816901465641,0.0,47.3
2019-06-09,77.4,89.6,62.6,999.9,6.4,5.7,11.7,19.4,40.080111,116.584556,35.35,95.33931863492727,14.781289710841435,41.68277138026643,0.3777079652039649,0.9964830363084052,40.080111,1606.415297772321,0.9958005092928006,3.5931942039795284,-2181.533470123032,4359.356241532425,4102.019731564592,89.96816901465641,0.0,52.8
2019-06-10,78.5,93.2,62.6,999.9,5.7,5.0,13.6,23.3,40.080111,116.584556,35.35,96.76778896744733,14.792528249800865,41.71753455435817,0.36171373072976765,0.9964830363084052,40.080111,1606.415297772321,0.9958005092928006,3.5931942039795284,-2181.533470123032,4359.356241532425,4102.019731564592,89.96816901465641,0.0,56.5
2019-06-11,78.1,91.4,66.2,999.9,5.9,4.8,9.7,-35.970869694512665,40.080111,116.584556,35.35,96.34167111287576,14.802817584564778,41.74888235612088,0.3456123126707335,0.9964830363084052,40.080111,1606.415297772321,0.9958005092928006,3.5931942039795284,-2181.533470123032,4359.356241532425,4102.019731564592,89.96816901465641,0.0,61.2
2019-06-12,81.9,91.4,70.3,999.9,6.1,6.8,13.6,15.5,40.080111,116.584556,35.35,101.09292462680058,14.81215012846895,41.77681562365027,0.3294084822245304,0.9964830363084052,40.080111,1606.415297772321,0.9958005092928006,3.5931942039795284,-2181.533470123032,4359.356241532425,4102.019731564592,89.96816901465641,0.0,60.9
2019-06-13,79.0,91.4,66.2,999.9,6.1,4.5,9.7,17.5,40.080111,116.584556,35.35,97.56841645837609,14.820518955702697,41.80133538035628,0.3131070409358269,0.9964830363084052,40.080111,1606.415297772321,0.9958005092928006,3.5931942039795284,-2181.533470123032,4359.356241532425,4102.019731564592,89.96816901465641,0.0,63.3
2019-06-14,82.9,96.8,64.4,999.9,6.0,4.8,11.7,19.4,40.080111,116.584556,35.35,102.43619893530533,14.827917819344556,41.82244282788888,0.29671281927349075,0.9964830363084052,40.080111,1606.415297772321,0.9958005092928006,3.5931942039795284,-2181.533470123032,4359.356241532425,4102.019731564592,89.96816901465641,0.0,50.9
2019-06-15,79.0,89.6,64.4,999.9,6.3,6.1,11.7,61.45359619343013,40.080111,116.584556,35.35,97.65941268784768,14.83434116777433,41.84013933974776,0.28023067519921585,0.9964830363084052,40.080111,1606.415297772321,0.9958005092928006,3.5931942039795284,-2181.533470123032,4359.356241532425,4102.019731564592,89.96816901465641,0.0,54.9
2019-06-16,67.1,71.1,64.4,999.9,5.8,4.5,7.8,-28.428450944623485,40.080111,116.584556,35.35,82.97912642449482,14.839784159373144,41.85442645553357,0.26366549272800704,0.9964830363084052,40.080111,1606.415297772321,0.9958005092928006,3.5931942039795284,-2181.533470123032,4359.356241532425,4102.019731564592,89.96816901465641,0.0,60.2
2019-06-17,72.5,84.2,64.4,999.9,4.5,3.7,11.7,-59.28386055773552,40.080111,116.584556,35.35,89.68396616406591,14.844242675431598,41.865305875802214,0.24702218048093552,0.9964830363084052,40.080111,1606.415297772321,0.9958005092928006,3.5931942039795284,-2181.533470123032,4359.356241532425,4102.019731564592,89.96816901465641,0.0,61.7
2019-06-18,79.9,93.2,68.2,999.9,5.5,3.6,5.8,77.5041828711879,40.080111,116.584556,35.35,98.86102459687443,14.847713331195157,41.87277945748756,0.23030567023061221,0.9964830363084052,40.080111,1606.415297772321,0.9958005092928006,3.5931942039795284,-2181.533470123032,4359.356241532425,4102.019731564592,89.96816901465641,0.0,65.6
2019-06-19,79.9,89.6,71.6,999.9,4.8,4.2,7.8,75.47726223259853,40.080111,116.584556,35.35,98.87753828752946,14.850193484985649,41.876849209863096,0.21352091543979612,0.9964830363084052,40.080111,1606.415297772321,0.9958005092928006,3.5931942039795284,-2181.533470123032,4359.356241532425,4102.019731564592,89.96816901465641,0.0,67.1
2019-06-20,83.3,100.4,71.6,999.9,5.5,4.2,15.5,29.1,40.080111,116.584556,35.35,103.09542064479137,14.851681245348098,41.87751729101744,0.19667288979357647,0.9964830363084052,40.080111,1606.415297772321,0.9958005092928006,3.5931942039795284,-2181.533470123032,4359.356241532425,4102.019731564592,89.96816901465641,0.0,64.5
2019-06-21,77.9,87.8,66.2,999.9,6.0,4.9,9.7,3.4345359565968874,40.080111,116.584556,35.35,96.41537246622052,14.852175476182877,41.87478600482482,0.1797665857255624,0.9964830363084052,40.080111,1606.415297772321,0.9958005092928006,3.5931942039795284,-2181.533470123032,4359.356241532425,4102.019731564592,89.96816901465641,0.0,59.3
2019-06-22,85.8,98.6,69.6,999.9,6.5,4.8,9.7,17.5,40.080111,116.584556,35.35,106.18948196881551,14.851675799834338,41.86865779839655,0.16280701293851715,0.9964830363084052,40.080111,1606.415297772321,0.9958005092928006,3.5931942039795284,-2181.533470123032,4359.356241532425,4102.019731564592,89.96816901465641,0.0,56.2
2019-06-23,83.5,98.6,69.8,999.9,6.1,5.2,9.7,47.457472018639365,40.080111,116.584556,35.35,103.3325205785747,14.850182598118518,41.85913526000616,0.1457991969198751,0.9964830363084052,40.080111,1606.415297772321,0.9958005092928006,3.5931942039795284,-2181.533470123032,4359.356241532425,4102.019731564592,89.96816901465641,0.0,61.0
2019-06-24,87.7,100.4,72.1,999.9,6.1,6.9,13.6,27.2,40.080111,116.584556,35.35,108.51191899080138,14.847697011284112,41.84622111748607,0.12874817745258132,0.9964830363084052,40.080111,1606.415297772321,0.9958005092928006,3.5931942039795284,-2181.533470123032,4359.356241532425,4102.019731564592,89.96816901465641,0.0,59.2
2019-06-25,84.9,96.8,73.8,999.9,6.2,7.3,13.6,30.165084347799613,40.080111,116.584556,35.35,105.02286311450655,14.844220934912585,41.829918237100294,0.11165900712169512,0.9964830363084052,40.080111,1606.415297772321,0.9958005092928006,3.5931942039795284,-2181.533470123032,4359.356241532425,4102.019731564592,89.96816901465641,0.0,64.1
2019-06-26,81.1,91.2,69.8,999.9,6.1,5.6,7.8,74.14047091643019,40.080111,116.584556,35.35,100.29202449152041,14.839757014774905,41.810229622903435,0.09453674981719912,0.9964830363084052,40.080111,1606.415297772321,0.9958005092928006,3.5931942039795284,-2181.533470123032,4359.356241532425,4102.019731564592,89.96816901465641,0.0,63.8
2019-06-27,84.0,95.0,71.8,999.9,5.6,5.4,11.7,19.4,40.080111,116.584556,35.35,103.84016047771634,14.834308639673763,41.78715841660203,0.07738647923346301,0.9964830363084052,40.080111,1606.415297772321,0.9958005092928006,3.5931942039795284,-2181.533470123032,4359.356241532425,4102.019731564592,89.96816901465641,0.0,64.4
2019-06-28,81.1,93.2,68.0,999.9,6.5,5.8,15.5,21.4,40.080111,116.584556,35.35,100.21175520920438,14.827879932311378,41.76070789793981,0.06021327736579302,0.9964830363084052,40.080111,1606.415297772321,0.9958005092928006,3.5931942039795284,-2181.533470123032,4359.356241532425,4102.019731564592,89.96816901465641,0.0,64.0
2019-06-29,85.2,93.2,72.0,999.9,6.1,12.8,21.4,33.0,40.080111,116.584556,35.35,105.22537774145954,14.820475738233737,41.73088148563437,0.04302223300453059,0.9964830363084052,40.080111,1606.415297772321,0.9958005092928006,3.5931942039795284,-2181.533470123032,4359.356241532425,4102.019731564592,89.96816901465641,0.0,51.4
2019-06-30,79.8,93.2,64.4,999.9,6.7,6.8,15.5,23.3,40.080111,116.584556,35.35,98.50047572586757,14.812101612912418,41.69768273889701,0.02581844022713308,0.9964830363084052,40.080111,1606.415297772321,0.9958005092928006,3.5931942039795284,-2181.533470123032,4359.356241532425,4102.019731564592,89.96816901465641,0.0,51.1
2019-07-01,85.7,95.0,66.7,999.9,6.7,6.2,11.7,-7.336924348923432,40.080111,116.584556,35.35,105.71640485524107,14.802763807034923,41.66111535957262,0.008606996888688698,0.9964830363084052,40.080111,1606.415297772321,0.9958005092928006,3.5931942039795284,-2181.533470123032,4359.356241532425,4102.019731564592,89.96816901465641,0.0,49.9
2019-07-02,77.0,93.2,66.2,999.9,6.7,4.3,7.8,17.5,40.080111,116.584556,35.35,94.91834435470241,14.792469250083492,41.621183194940514,-0.008606996888688009,0.9964830363084052,40.080111,1606.415297772321,0.9958005092928006,3.5931942039795284,-2181.533470123032,4359.356241532425,4102.019731564592,89.96816901465641,0.0,65.0
2019-07-03,87.0,100.4,70.7,999.9,6.3,5.3,11.7,17.5,40.080111,116.584556,35.35,107.16388510910825,14.781225532290794,41.57789024122042,-0.02581844022713239,0.9964830363084052,40.080111,1606.415297772321,0.9958005092928006,3.5931942039795284,-2181.533470123032,4359.356241532425,4102.019731564592,89.96816901465641,0.0,57.4
2019-07-04,90.2,104.0,73.8,999.9,6.2,5.6,11.7,15.5,40.080111,116.584556,35.35,111.01395731943059,14.769040885068371,41.53124064783131,-0.04302223300453034,0.9964830363084052,40.080111,1606.415297772321,0.9958005092928006,3.5931942039795284,-2181.533470123032,4359.356241532425,4102.019731564592,89.96816901465641,0.0,61.2
2019-07-05,74.1,86.0,68.0,999.9,5.5,5.1,13.6,19.4,40.080111,116.584556,35.35,91.11783168806538,14.755924160010588,41.481238722452616,-0.060213277365792774,0.9964830363084052,40.080111,1606.415297772321,0.9958005092928006,3.5931942039795284,-2181.533470123032,4359.356241532425,4102.019731564592,89.96816901465641,0.0,67.2
2019-07-06,73.2,84.2,66.2,999.9,6.7,7.3,11.7,22.8611562593229,40.080111,116.584556,35.35,89.92549732015334,14.741884806582515,41.42788893693962,-0.07738647923346322,0.9964830363084052,40.080111,1606.415297772321,0.9958005092928006,3.5931942039795284,-2181.533470123032,4359.356241532425,4102.019731564592,89.96816901465641,0.0,62.3
2019-07-07,74.1,82.4,66.2,999.9,6.6,5.0,13.6,19.234990003603684,40.080111,116.584556,35.35,90.93881034013761,14.726932848605282,41.371195934145256,-0.09453674981719933,0.9964830363084052,40.080111,1606.415297772321,0.9958005092928006,3.5931942039795284,-2181.533470123032,4359.356241532425,4102.019731564592,89.96816901465641,0.0,64.8
2019-07-08,80.4,89.6,66.6,999.9,6.4,3.8,7.8,15.5,40.080111,116.584556,35.35,98.564228359697,14.711078859656267,41.31116453570158,-0.11165900712169444,0.9964830363084052,40.080111,1606.415297772321,0.9958005092928006,3.5931942039795284,-2181.533470123032,4359.356241532425,4102.019731564592,89.96816901465641,0.0,64.8
2019-07-09,74.8,80.6,68.0,999.9,5.5,2.5,5.8,-8.89852054642003,40.080111,116.584556,35.35,91.59468154377944,14.694333937504725,41.247799750812945,-0.12874817745258066,0.9964830363084052,40.080111,1606.415297772321,0.9958005092928006,3.5931942039795284,-2181.533470123032,4359.356241532425,4102.019731564592,89.96816901465641,0.0,66.9
2019-07-10,77.4,86.0,68.0,999.9,5.6,4.4,9.7,86.42751875465925,40.080111,116.584556,35.35,94.66477742119973,14.676709677705384,41.181106786112785,-0.14579919691987442,0.9964830363084052,40.080111,1606.415297772321,0.9958005092928006,3.5931942039795284,-2181.533470123032,4359.356241532425,4102.019731564592,89.96816901465641,0.0,64.3
2019-07-11,79.2,89.6,66.2,999.9,6.1,4.1,9.7,15.5,40.080111,116.584556,35.35,96.7442397667277,14.658218146473892,41.11109105663325,-0.16280701293851646,0.9964830363084052,40.080111,1606.415297772321,0.9958005092928006,3.5931942039795284,-2181.533470123032,4359.356241532425,4102.019731564592,89.96816901465641,0.0,63.2
2019-07-12,84.3,96.8,71.4,999.9,5.9,4.6,9.7,15.5,40.080111,116.584556,35.35,102.83807476710184,14.638871852968235,41.03775819793485,-0.17976658572556214,0.9964830363084052,40.080111,1606.415297772321,0.9958005092928006,3.5931942039795284,-2181.533470123032,4359.356241532425,4102.019731564592,89.96816901465641,0.0,65.6
2019-07-13,82.3,93.2,68.0,999.9,5.3,5.5,15.5,31.1,40.080111,116.584556,35.35,100.25980585387485,14.618683721099615,40.961114079440236,-0.19667288979357622,0.9964830363084052,40.080111,1606.415297772321,0.9958005092928006,3.5931942039795284,-2181.533470123032,4359.356241532425,4102.019731564592,89.96816901465641,0.0,68.2
2019-07-14,82.1,93.2,70.0,999.9,6.1,4.6,9.7,-37.29771928496217,40.080111,116.584556,35.35,99.87237214230743,14.597667060994997,40.88116481901189,-0.2135209154397959,0.9964830363084052,40.080111,1606.415297772321,0.9958005092928006,3.5931942039795284,-2181.533470123032,4359.356241532425,4102.019731564592,89.96816901465641,0.0,66.3
2019-07-15,84.4,93.2,74.1,999.9,5.3,5.0,7.8,-43.20069020215516,40.080111,116.584556,35.35,102.51670996629305,14.575835540231237,40.79791679880968,-0.23030567023061196,0.9964830363084052,40.080111,1606.415297772321,0.9958005092928006,3.5931942039795284,-2181.533470123032,4359.356241532425,4102.019731564592,89.96816901465641,0.0,70.2
2019-07-16,81.2,91.4,73.4,999.9,5.6,4.5,13.6,23.3,40.080111,116.584556,35.35,98.47667468188185,14.553203154957908,40.71137668245875,-0.24702218048093527,0.9964830363084052,40.080111,1606.415297772321,0.9958005092928006,3.5931942039795284,-2181.533470123032,4359.356241532425,4102.019731564592,89.96816901465641,0.0,69.2
2019-07-17,76.9,81.1,73.2,999.9,4.4,2.9,7.8,15.5,40.080111,116.584556,35.35,93.11170042155105,14.529784201022268,40.621551433552796,-0.2636654927280072,0.9964830363084052,40.080111,1606.415297772321,0.9958005092928006,3.5931942039795284,-2181.533470123032,4359.356241532425,4102.019731564592,89.96816901465641,0.0,71.4
2019-07-18,82.5,91.4,74.1,999.9,3.8,3.6,7.8,26.038487729104368,40.080111,116.584556,35.35,99.72595356078999,14.505593245205816,40.52844833551211,-0.2802306751992161,0.9964830363084052,40.080111,1606.415297772321,0.9958005092928006,3.5931942039795284,-2181.533470123032,4359.356241532425,4102.019731564592,89.96816901465641,0.0,72.4
2019-07-19,82.5,88.7,75.7,999.9,5.4,4.1,5.8,11.7,40.080111,116.584556,35.35,99.55443503965388,14.480645096676929,40.432075012808546,-0.2967128192734901,0.9964830363084052,40.080111,1606.415297772321,0.9958005092928006,3.5931942039795284,-2181.533470123032,4359.356241532425,4102.019731564592,89.96816901465641,0.0,72.4
2019-07-20,80.5,84.2,77.0,999.9,3.5,2.8,5.8,35.24519614167546,40.080111,116.584556,35.35,96.96865497417667,14.454954778759257,40.33243945356352,-0.3131070409358267,0.9964830363084052,40.080111,1606.415297772321,0.9958005092928006,3.5931942039795284,-2181.533470123032,4359.356241532425,4102.019731564592,89.96816901465641,0.0,74.5
2019-07-21,89.8,104.0,76.5,999.9,5.3,4.2,11.7,21.4,40.080111,116.584556,35.35,107.97355563330387,14.42853750110965,40.22955003351748,-0.3294084822245302,0.9964830363084052,40.080111,1606.415297772321,0.9958005092928006,3.5931942039795284,-2181.533470123032,4359.356241532425,4102.019731564592,89.96816901465641,0.0,73.5
2019-07-22,82.0,88.5,75.0,999.9,2.2,3.8,13.6,-26.618005339887834,40.080111,116.584556,35.35,98.40962565469057,14.401408632393741,40.12341554136212,-0.3456123126707333,0.9964830363084052,40.080111,1606.415297772321,0.9958005092928006,3.5931942039795284,-2181.533470123032,4359.356241532425,4102.019731564592,89.96816901465641,0.0,76.6
2019-07-23,87.0,96.8,74.8,999.9,5.7,4.6,11.7,13.6,40.080111,116.584556,35.35,104.20848163317316,14.373583673541127,40.014045205418846,-0.3617137307297674,0.9964830363084052,40.080111,1606.415297772321,0.9958005092928006,3.5931942039795284,-2181.533470123032,4359.356241532425,4102.019731564592,89.96816901465641,0.0,73.6
2019-07-24,88.6,98.6,78.8,999.9,5.8,3.8,9.7,1.66663383595753,40.080111,116.584556,35.35,105.91449427705756,14.345078231655652,39.90144872163914,-0.37770796520396466,0.9964830363084052,40.080111,1606.415297772321,0.9958005092928006,3.5931942039795284,-2181.533470123032,4359.356241532425,4102.019731564592,89.96816901465641,0.0,74.5
2019-07-25,85.0,98.6,73.4,999.9,6.4,4.9,13.6,23.3,40.080111,116.584556,35.35,101.40434829543744,14.315907994649992,39.7856362828951,-0.39359027665646645,0.9964830363084052,40.080111,1606.415297772321,0.9958005092928006,3.5931942039795284,-2181.533470123032,4359.356241532425,4102.019731564592,89.96816901465641,0.0,69.5
2019-07-26,87.0,95.0,75.2,999.9,5.4,4.1,9.7,107.8864098628417,40.080111,116.584556,35.35,103.57414312333631,14.286088706667078,39.666618609519844,-0.4093559588156211,0.9964830363084052,40.080111,1606.415297772321,0.9958005092928006,3.5931942039795284,-2181.533470123032,4359.356241532425,4102.019731564592,89.96816901465641,0.0,75.6
2019-07-27,88.9,98.6,80.6,999.9,5.0,5.9,11.7,-18.650925762246672,40.080111,116.584556,35.35,105.61050443601842,14.255636144344441,39.54440698105006,-0.42500033996955394,0.9964830363084052,40.080111,1606.415297772321,0.9958005092928006,3.5931942039795284,-2181.533470123032,4359.356241532425,4102.019731564592,89.96816901465641,0.0,76.0
2019-07-28,84.4,93.2,75.2,999.9,4.3,5.5,13.6,17.5,40.080111,116.584556,35.35,100.04611486092959,14.22456609397103,39.41901326911534,-0.4405187843504952,0.9964830363084052,40.080111,1606.415297772321,0.9958005092928006,3.5931942039795284,-2181.533470123032,4359.356241532425,4102.019731564592,89.96816901465641,0.0,76.7
2019-07-29,76.9,84.6,73.4,999.9,5.7,4.7,11.7,21.4,40.080111,116.584556,35.35,90.95279782872291,14.192894329579646,39.290449971410716,-0.455906693508459,0.9964830363084052,40.080111,1606.415297772321,0.9958005092928006,3.5931942039795284,-2181.533470123032,4359.356241532425,4102.019731564592,89.96816901465641,0.0,73.2
2019-07-30,81.4,93.2,71.6,999.9,5.9,4.5,9.7,41.74297509526225,40.080111,116.584556,35.35,96.05631821581397,14.160636592011887,39.158730246682126,-0.47115950767386394,0.9964830363084052,40.080111,1606.415297772321,0.9958005092928006,3.5931942039795284,-2181.533470123032,4359.356241532425,4102.019731564592,89.96816901465641,0.0,71.3
2019-07-31,87.0,98.6,73.4,999.9,6.4,4.9,15.5,60.176911957469756,40.080111,116.584556,35.35,102.42661212515107,14.127808568986353,39.02386795064659,-0.4862727071086902,0.9964830363084052,40.080111,1606.415297772321,0.9958005092928006,3.5931942039795284,-2181.533470123032,4359.356241532425,4102.019731564592,89.96816901465641,0.0,69.7
2019-08-01,84.6,93.2,71.6,999.9,6.2,4.8,11.7,12.156330300359485,40.080111,116.584556,35.35,99.36570242717477,14.094425876195004,38.8858776727626,-0.5012418134457756,0.9964830363084052,40.080111,1606.415297772321,0.9958005092928006,3.5931942039795284,-2181.533470123032,4359.356241532425,4102.019731564592,89.96816901465641,0.0,71.8
2019-08-02,76.3,82.4,71.6,999.9,6.0,3.2,7.8,100.73317557910656,40.080111,116.584556,35.35,89.40137151748354,14.060504039446954,38.744774773759204,-0.5160623910158526,0.9964830363084052,40.080111,1606.415297772321,0.9958005092928006,3.5931942039795284,-2181.533470123032,4359.356241532425,4102.019731564592,89.96816901465641,0.0,71.1
2019-08-03,81.2,87.8,71.6,999.9,5.6,3.5,5.8,48.09006866539058,40.080111,116.584556,35.35,94.90966236694356,14.026058477873432,38.60057542382604,-0.5307300481619331,0.9964830363084052,40.080111,1606.415297772321,0.9958005092928006,3.5931942039795284,-2181.533470123032,4359.356241532425,4102.019731564592,89.96816901465641,0.0,71.4
2019-08-04,78.9,84.9,69.8,999.9,3.7,3.9,13.6,27.2,40.080111,116.584556,35.35,91.9915120099332,13.991104488202769,38.453296641361064,-0.5452404385406507,0.9964830363084052,40.080111,1606.415297772321,0.9958005092928006,3.5931942039795284,-2181.533470123032,4359.356241532425,4102.019731564592,89.96816901465641,0.0,73.6
2019-08-05,77.9,84.6,71.6,999.9,4.7,2.3,7.8,8.678033306455665,40.080111,116.584556,35.35,90.59547485212573,13.955657230109225,38.30295633216677,-0.5595892624101763,0.9964830363084052,40.080111,1606.415297772321,0.9958005092928006,3.5931942039795284,-2181.533470123032,4359.356241532425,4102.019731564592,89.96816901465641,0.0,74.1
2019-08-06,81.2,89.6,71.6,999.9,5.1,4.7,13.6,31.454362394736112,40.080111,116.584556,35.35,94.19018458883114,13.919731712635144,38.14957332898108,-0.5737722679043243,0.9964830363084052,40.080111,1606.415297772321,0.9958005092928006,3.5931942039795284,-2181.533470123032,4359.356241532425,4102.019731564592,89.96816901465641,0.0,74.1
2019-08-07,79.1,87.8,71.4,999.9,5.7,2.5,3.9,38.53573194422161,40.080111,116.584556,35.35,91.51436783591848,13.88334278168169,37.993167431224634,-0.5877852522924734,0.9964830363084052,40.080111,1606.415297772321,0.9958005092928006,3.5931942039795284,-2181.533470123032,4359.356241532425,4102.019731564592,89.96816901465641,0.0,72.6
2019-08-08,83.9,91.4,74.5,999.9,5.2,4.3,7.8,13.6,40.080111,116.584556,35.35,96.81014821734507,13.846505108559485,37.833759444841554,-0.6016240632249227,0.9964830363084052,40.080111,1606.415297772321,0.9958005092928006,3.5931942039795284,-2181.533470123032,4359.356241532425,4102.019731564592,89.96816901465641,0.0,74.6
2019-08-09,78.6,87.8,73.4,999.9,5.1,6.0,21.4,31.1,40.080111,116.584556,35.35,90.45047732629556,13.809233179587109,37.671371222108455,-0.6152845999633277,0.9964830363084052,40.080111,1606.415297772321,0.9958005092928006,3.5931942039795284,-2181.533470123032,4359.356241532425,4102.019731564592,89.96816901465641,0.0,73.5
2019-08-10,77.0,82.4,73.4,999.9,6.0,2.8,5.8,25.241246876087185,40.080111,116.584556,35.35,88.36738992313309,13.77154128672204,37.50602570128187,-0.6287628145958345,0.9964830363084052,40.080111,1606.415297772321,0.9958005092928006,3.5931942039795284,-2181.533470123032,4359.356241532425,4102.019731564592,89.96816901465641,0.0,73.1
2019-08-11,76.3,80.6,73.4,999.9,6.4,5.4,9.7,82.43388659797786,40.080111,116.584556,35.35,87.3218117096173,13.733443519205865,37.33774694595348,-0.6420547132365636,0.9964830363084052,40.080111,1606.415297772321,0.9958005092928006,3.5931942039795284,-2181.533470123032,4359.356241532425,4102.019731564592,89.96816901465641,0.0,69.8
2019-08-12,77.3,82.9,69.8,999.9,6.7,8.3,15.5,23.3,40.080111,116.584556,35.35,88.21832711287385,13.694953756202926,37.16656018397925,-0.655156357209085,0.9964830363084052,40.080111,1606.415297772321,0.9958005092928006,3.5931942039795284,-2181.533470123032,4359.356241532425,4102.019731564592,89.96816901465641,0.0,65.3
2019-08-13,80.4,88.7,70.2,999.9,6.7,5.7,13.6,0.9227773446184209,40.080111,116.584556,35.35,91.4957739247426,13.65608566040934,36.992491845848136,-0.6680638642135333,0.9964830363084052,40.080111,1606.415297772321,0.9958005092928006,3.5931942039795284,-2181.533470123032,4359.356241532425,4102.019731564592,89.96816901465641,0.0,67.9
2019-08-14,78.5,91.4,66.2,999.9,6.7,3.9,7.8,-14.538475305339759,40.080111,116.584556,35.35,89.07691123330655,13.61685267260737,36.81556960235461,-0.6807734094770159,0.9964830363084052,40.080111,1606.415297772321,0.9958005092928006,3.5931942039795284,-2181.533470123032,4359.356241532425,4102.019731564592,89.96816901465641,0.0,65.9
2019-08-15,79.8,91.4,66.2,999.9,6.6,6.2,13.6,25.3,40.080111,116.584556,35.35,90.2888322474702,13.577268007138377,36.63582240143942,-0.6932812268869771,0.9964830363084052,40.080111,1606.415297772321,0.9958005092928006,3.5931942039795284,-2181.533470123032,4359.356241532425,4102.019731564592,89.96816901465641,0.0,64.9
2019-08-16,79.4,86.0,67.6,999.9,6.7,11.6,19.4,33.0,40.080111,116.584556,35.35,89.57209708936135,13.537344648266197,36.45328050406269,-0.7055836101071774,0.9964830363084052,40.080111,1606.415297772321,0.9958005092928006,3.5931942039795284,-2181.533470123032,4359.356241532425,4102.019731564592,89.96816901465641,0.0,51.9
2019-08-17,77.0,91.4,60.8,999.9,6.7,8.7,15.5,29.1,40.080111,116.584556,35.35,86.60636181249387,13.497095347401642,36.26797551897514,-0.7176769136759615,0.9964830363084052,40.080111,1606.415297772321,0.9958005092928006,3.5931942039795284,-2181.533470123032,4359.356241532425,4102.019731564592,89.96816901465641,0.0,53.3
2019-08-18,78.1,89.6,63.5,999.9,6.7,3.6,7.8,-29.715021588588808,40.080111,116.584556,35.35,87.57959980936846,13.456532621157766,36.079940436253295,-0.7295575540864876,0.9964830363084052,40.080111,1606.415297772321,0.9958005092928006,3.5931942039795284,-2181.533470123032,4359.356241532425,4102.019731564592,89.96816901465641,0.0,61.2
2019-08-19,81.7,91.4,70.2,999.9,5.7,5.5,11.7,-80.28835105994477,40.080111,116.584556,35.35,91.33834474097922,13.415668750205025,35.8892096594677,-0.7412220108485957,0.9964830363084052,40.080111,1606.415297772321,0.9958005092928006,3.5931942039795284,-2181.533470123032,4359.356241532425,4102.019731564592,89.96816901465641,0.0,67.1
2019-08-20,69.5,75.2,65.7,999.9,4.2,3.9,7.8,-81.88883110725406,40.080111,116.584556,35.35,77.46073721943209,13.37451577889475,35.695819036354415,-0.7526668275320083,0.9964830363084052,40.080111,1606.415297772321,0.9958005092928006,3.5931942039795284,-2181.533470123032,4359.356241532425,4102.019731564592,89.96816901465641,0.0,66.9
2019-08-21,78.4,88.0,64.9,999.9,6.1,6.2,11.7,23.3,40.080111,116.584556,35.35,87.10949203537868,13.333085515619185,35.499805887863445,-0.7638886127905429,0.9964830363084052,40.080111,1606.415297772321,0.9958005092928006,3.5931942039795284,-2181.533470123032,4359.356241532425,4102.019731564592,89.96816901465641,0.0,58.9
2019-08-22,73.7,87.8,60.8,999.9,6.5,5.5,13.6,25.3,40.080111,116.584556,35.35,81.63128405388957,13.291389533876185,35.30120903546101,-0.7748840413670406,0.9964830363084052,40.080111,1606.415297772321,0.9958005092928006,3.5931942039795284,-2181.533470123032,4359.356241532425,4102.019731564592,89.96816901465641,0.0,57.5
2019-08-23,76.2,87.8,61.3,999.9,6.6,3.6,7.8,78.19104388352648,40.080111,116.584556,35.35,84.13393875494182,13.249439174006586,35.100068826566,-0.7856498550787144,0.9964830363084052,40.080111,1606.415297772321,0.9958005092928006,3.5931942039795284,-2181.533470123032,4359.356241532425,4102.019731564592,89.96816901465641,0.0,61.1
2019-08-24,78.6,91.4,62.6,999.9,6.4,4.6,11.7,45.587225012497385,40.080111,116.584556,35.35,86.50745832350053,13.2072455455726,34.89642715800543,-0.7961828637826154,0.9964830363084052,40.080111,1606.415297772321,0.9958005092928006,3.5931942039795284,-2181.533470123032,4359.356241532425,4102.019731564592,89.96816901465641,0.0,60.3
2019-08-25,78.0,89.6,64.2,999.9,5.6,5.2,11.7,17.5,40.080111,116.584556,35.35,85.5713269472474,13.164819530345754,34.69032749737834,-0.8064799463209447,0.9964830363084052,40.080111,1606.415297772321,0.9958005092928006,3.5931942039795284,-2181.533470123032,4359.356241532425,4102.019731564592,89.96816901465641,0.0,62.3
2019-08-26,73.0,80.6,64.4,999.9,2.5,2.6,5.8,35.902415233657464,40.080111,116.584556,35.35,79.8265450307296,13.122171785873359,34.48181490222214,-0.8165380514459157,0.9964830363084052,40.080111,1606.415297772321,0.9958005092928006,3.5931942039795284,-2181.533470123032,4359.356241532425,4102.019731564592,89.96816901465641,0.0,67.3
2019-08-27,82.3,95.0,60.8,999.9,5.9,7.2,15.5,23.3,40.080111,116.584556,35.35,89.70228660762523,13.079312749592985,34.270936036881366,-0.8263541987239094,0.9964830363084052,40.080111,1606.415297772321,0.9958005092928006,3.5931942039795284,-2181.533470123032,4359.356241532425,4102.019731564592,89.96816901465641,0.0,49.2
2019-08-28,79.0,89.6,60.8,999.9,6.7,12.1,19.4,25.3,40.080111,116.584556,35.35,85.82199656947859,13.036252643465101,34.05773918698408,-0.8359254794186365,0.9964830363084052,40.080111,1606.415297772321,0.9958005092928006,3.5931942039795284,-2181.533470123032,4359.356241532425,4102.019731564592,89.96816901465641,0.0,46.8
2019-08-29,77.5,87.8,63.5,999.9,6.7,7.5,13.6,15.5,40.080111,116.584556,35.35,83.9131345524856,12.993001479094543,33.84227427143733,-0.8452490573530634,0.9964830363084052,40.080111,1606.415297772321,0.9958005092928006,3.5931942039795284,-2181.533470123032,4359.356241532425,4102.019731564592,89.96816901465641,0.0,50.2
2019-08-30,77.9,89.6,60.8,999.9,6.7,5.3,11.7,19.4,40.080111,116.584556,35.35,84.06428583600322,12.949569063312433,33.62459285185966,-0.8543221697498269,0.9964830363084052,40.080111,1606.415297772321,0.9958005092928006,3.5931942039795284,-2181.533470123032,4359.356241532425,4102.019731564592,89.96816901465641,0.0,53.0
2019-08-31,78.2,89.6,62.6,999.9,6.7,4.6,9.7,13.6,40.080111,116.584556,35.35,84.10387194397632,12.905965004190737,33.40474813937485,-0.8631421280499115,0.9964830363084052,40.080111,1606.415297772321,0.9958005092928006,3.5931942039795284,-2181.533470123032,4359.356241532425,4102.019731564592,89.96816901465641,0.0,54.4
2019-09-01,76.4,91.4,62.6,999.9,6.3,3.7,9.7,17.5,40.080111,116.584556,35.35,81.88933183451229,12.862198717462661,33.1827949986983,-0.8717063187093217,0.9964830363084052,40.080111,1606.415297772321,0.9958005092928006,3.5931942039795284,-2181.533470123032,4359.356241532425,4102.019731564592,89.96816901465641,0.0,57.2
2019-09-02,78.0,93.2,62.6,999.9,6.1,4.1,9.7,33.738536500515565,40.080111,116.584556,35.35,83.31881631659833,12.81827943332282,32.95878994945471,-0.8800122039735356,0.9964830363084052,40.080111,1606.415297772321,0.9958005092928006,3.5931942039795284,-2181.533470123032,4359.356241532425,4102.019731564592,89.96816901465641,0.0,59.0
2019-09-03,78.5,93.2,64.4,999.9,5.6,3.6,7.8,73.25075727014107,40.080111,116.584556,35.35,83.56466433176561,12.774216203582005,32.7327911646725,-0.888057322629493,0.9964830363084052,40.080111,1606.415297772321,0.9958005092928006,3.5931942039795284,-2181.533470123032,4359.356241532425,4102.019731564592,89.96816901465641,0.0,63.0
2019-09-04,75.7,89.6,64.4,999.9,5.2,3.1,9.7,14.393010738642378,40.080111,116.584556,35.35,80.30519631023593,12.730017909152327,32.50485846640864,-0.8958392907349089,0.9964830363084052,40.080111,1606.415297772321,0.9958005092928006,3.5931942039795284,-2181.533470123032,4359.356241532425,4102.019731564592,89.96816901465641,0.0,63.5
2019-09-05,77.5,91.4,62.6,999.9,5.7,3.9,7.8,78.57888621738905,40.080111,116.584556,35.35,81.9284356881288,12.6856932678393,32.27505331846473,-0.9033558023246842,0.9964830363084052,40.080111,1606.415297772321,0.9958005092928006,3.5931942039795284,-2181.533470123032,4359.356241532425,4102.019731564592,89.96816901465641,0.0,60.9
2019-09-06,79.1,93.2,66.0,999.9,5.4,3.6,5.8,-7.328297305089322,40.080111,116.584556,35.35,83.32691180294111,12.641250842418374,32.04343881616302,-0.9106046300942162,0.9964830363084052,40.080111,1606.415297772321,0.9958005092928006,3.5931942039795284,-2181.533470123032,4359.356241532425,4102.019731564592,89.96816901465641,0.0,62.5
2019-09-07,81.6,96.8,68.0,999.9,5.9,4.2,9.7,99.0599996005764,40.080111,116.584556,35.35,85.65755353302504,12.59669904897427,31.810079673159503,-0.9175836260593934,0.9964830363084052,40.080111,1606.415297772321,0.9958005092928006,3.5931942039795284,-2181.533470123032,4359.356241532425,4102.019731564592,89.96816901465641,0.0,61.5
2019-09-08,84.7,98.6,69.6,999.9,5.6,4.1,9.7,46.762932422512776,40.080111,116.584556,35.35,88.59652585136239,12.552046165482274,31.57504220527838,-0.9242907221930934,0.9964830363084052,40.080111,1606.415297772321,0.9958005092928006,3.5931942039795284,-2181.533470123032,4359.356241532425,4102.019731564592,89.96816901465641,0.0,63.7
2019-09-09,75.6,89.6,64.4,999.9,4.1,6.0,13.6,19.4,40.080111,116.584556,35.35,78.7959921458529,12.507300340611575,31.338394311361025,-0.9307239310379793,0.9964830363084052,40.080111,1606.415297772321,0.9958005092928006,3.5931942039795284,-2181.533470123032,4359.356241532425,4102.019731564592,89.96816901465641,0.0,67.0
2019-09-10,68.7,71.6,64.4,999.9,6.6,4.9,11.7,-17.95544731433724,40.080111,116.584556,35.35,71.34763847563713,12.462469602731376,31.10020545113029,-0.9368813462954315,0.9964830363084052,40.080111,1606.415297772321,0.9958005092928006,3.5931942039795284,-2181.533470123032,4359.356241532425,4102.019731564592,89.96816901465641,0.0,63.6
2019-09-11,70.9,77.0,64.4,999.9,6.4,4.2,7.8,23.527610177457525,40.080111,116.584556,35.35,73.3670947099403,12.41756186910132,30.860546620078953,-0.9427611433904206,0.9964830363084052,40.080111,1606.415297772321,0.9958005092928006,3.5931942039795284,-2181.533470123032,4359.356241532425,4102.019731564592,89.96816901465641,0.0,57.8
2019-09-12,69.0,73.4,64.0,999.9,5.5,3.3,7.8,18.97344674599511,40.080111,116.584556,35.35,71.14236349256427,12.37258495522857,30.619490321399834,-0.9483615800121716,0.9964830363084052,40.080111,1606.415297772321,0.9958005092928006,3.5931942039795284,-2181.533470123032,4359.356241532425,4102.019731564592,89.96816901465641,0.0,59.2
2019-09-13,70.5,80.6,60.8,999.9,5.9,3.5,5.8,15.5,40.080111,116.584556,35.35,72.42433618319942,12.32754658437437,30.37711053498221,-0.9536809966304455,0.9964830363084052,40.080111,1606.415297772321,0.9958005092928006,3.5931942039795284,-2181.533470123032,4359.356241532425,4102.019731564592,89.96816901465641,0.0,62.6
2019-09-14,72.1,84.2,59.0,999.9,6.7,3.6,7.8,-46.514820507391136,40.080111,116.584556,35.35,73.79708016980528,12.282454397193668,30.1334826835082,-0.9587178169872964,0.9964830363084052,40.080111,1606.415297772321,0.9958005092928006,3.5931942039795284,-2181.533470123032,4359.356241532425,4102.019731564592,89.96816901465641,0.0,55.9
2019-09-15,70.6,82.4,59.0,999.9,6.0,3.7,9.7,13.6,40.080111,116.584556,35.35,71.99620890677735,12.237315961491902,29.88868359568965,-0.9634705485641486,0.9964830363084052,40.080111,1606.415297772321,0.9958005092928006,3.5931942039795284,-2181.533470123032,4359.356241532425,4102.019731564592,89.96816901465641,0.0,60.5
2019-09-16,71.8,82.4,60.8,999.9,6.4,4.7,9.7,19.4,40.080111,116.584556,35.35,72.94963037946644,12.192138782083529,29.6427914666947,-0.9679377830240642,0.9964830363084052,40.080111,1606.415297772321,0.9958005092928006,3.5931942039795284,-2181.533470123032,4359.356241532425,4102.019731564592,89.96816901465641,0.0,51.9
2019-09-17,71.2,84.2,57.2,999.9,6.3,5.2,11.7,32.42555344587613,40.080111,116.584556,35.35,72.07178651037528,12.146930310737405,29.395885815820403,-0.9721181966290612,0.9964830363084052,40.080111,1606.415297772321,0.9958005092928006,3.5931942039795284,-2181.533470123032,4359.356241532425,4102.019731564592,89.96816901465641,0.0,54.8
2019-09-18,65.1,78.8,51.8,999.9,7.2,3.9,7.8,19.4,40.080111,116.584556,35.35,65.65171141235476,12.101697956194428,29.148047441475345,-0.9760105506323682,0.9964830363084052,40.080111,1606.415297772321,0.9958005092928006,3.5931942039795284,-2181.533470123032,4359.356241532425,4102.019731564592,89.96816901465641,0.0,42.2
2019-09-19,66.1,77.0,56.3,999.9,6.3,3.7,7.8,-12.535773664600148,40.080111,116.584556,35.35,66.41094042745665,12.056449094243268,28.899358373543688,-0.9796136916454901,0.9964830363084052,40.080111,1606.415297772321,0.9958005092928006,3.5931942039795284,-2181.533470123032,4359.356241532425,4102.019731564592,89.96816901465641,0.0,53.7
2019-09-20,69.9,84.2,58.5,999.9,5.7,3.2,7.8,-76.34592607418992,40.080111,116.584556,35.35,69.96518802841942,12.011191077840243,28.649901823209024,-0.9829265519799822,0.9964830363084052,40.080111,1606.415297772321,0.9958005092928006,3.5931942039795284,-2181.533470123032,4359.356241532425,4102.019731564592,89.96816901465641,0.0,58.0
2019-09-21,70.9,82.4,60.4,999.9,3.6,3.7,7.8,106.80562347385968,40.080111,116.584556,35.35,70.69871045255874,11.965931247259588,28.399762130323563,-0.9859481499638303,0.9964830363084052,40.080111,1606.415297772321,0.9958005092928006,3.5931942039795284,-2181.533470123032,4359.356241532425,4102.019731564592,89.96816901465641,0.0,59.8
2019-09-22,70.0,82.4,60.8,999.9,4.8,3.3,5.8,32.982614973417625,40.080111,116.584556,35.35,69.53728215152006,11.920676940260583,28.149024708414736,-0.9886775902323404,0.9964830363084052,40.080111,1606.415297772321,0.9958005092928006,3.5931942039795284,-2181.533470123032,4359.356241532425,4102.019731564592,89.96816901465641,0.0,59.8
2019-09-23,75.1,91.4,57.2,999.9,6.1,5.0,9.7,82.6862126802908,40.080111,116.584556,35.35,74.32043385163125,11.87543550225799,27.897775987427735,-0.9911140639934546,0.9964830363084052,40.080111,1606.415297772321,0.9958005092928006,3.5931942039795284,-2181.533470123032,4359.356241532425,4102.019731564592,89.96816901465641,0.0,50.8
2019-09-24,73.9,89.6,57.2,999.9,6.7,4.6,7.8,40.81504716527578,40.080111,116.584556,35.35,72.85440304250389,11.830214296482364,27.64610335430898,-0.9932568492674143,0.9964830363084052,40.080111,1606.415297772321,0.9958005092928006,3.5931942039795284,-2181.533470123032,4359.356241532425,4102.019731564592,89.96816901465641,0.0,50.5
2019-09-25,71.5,87.8,57.2,999.9,6.3,3.8,7.8,11.7,40.080111,116.584556,35.35,70.2190817549451,11.785020714116659,27.394095091541015,-0.9951053111006974,0.9964830363084052,40.080111,1606.415297772321,0.9958005092928006,3.5931942039795284,-2181.533470123032,4359.356241532425,4102.019731564592,89.96816901465641,0.0,55.8
2019-09-26,71.2,86.0,59.0,999.9,5.7,3.2,5.8,17.5,40.080111,116.584556,35.35,69.65651562741334,11.739862184395506,27.141840313745256,-0.99665890175417,0.9964830363084052,40.080111,1606.415297772321,0.9958005092928006,3.5931942039795284,-2181.533470123032,4359.356241532425,4102.019731564592,89.96816901465641,0.0,58.7
2019-09-27,68.4,82.4,57.2,999.9,4.3,3.5,9.7,-3.424396680291906,40.080111,116.584556,35.35,66.66005325252414,11.694746184653356,26.889428902474393,-0.9979171608653922,0.9964830363084052,40.080111,1606.415297772321,0.9958005092928006,3.5931942039795284,-2181.533470123032,4359.356241532425,4102.019731564592,89.96816901465641,0.0,59.3
2019-09-28,70.1,84.2,59.0,999.9,4.7,2.8,5.8,13.6,40.080111,116.584556,35.35,68.05354879554558,11.649680250307377,26.636951439320875,-0.9988797155850335,0.9964830363084052,40.080111,1606.415297772321,0.9958005092928006,3.5931942039795284,-2181.533470123032,4359.356241532425,4102.019731564592,89.96816901465641,0.0,60.3
2019-09-29,72.0,86.0,60.8,999.9,4.6,2.9,5.8,14.520046886927883,40.080111,116.584556,35.35,69.62803190856465,11.604671984760776,26.384499137473163,-0.9995462806873573,0.9964830363084052,40.080111,1606.415297772321,0.9958005092928006,3.5931942039795284,-2181.533470123032,4359.356241532425,4102.019731564592,89.96816901465641,0.0,61.8
2019-09-30,71.9,86.0,59.0,999.9,4.9,3.6,9.7,13.6,40.080111,116.584556,35.35,69.26204333969409,11.559729069211809,26.132163771855062,-0.9999166586547379,0.9964830363084052,40.080111,1606.415297772321,0.9958005092928006,3.5931942039795284,-2181.533470123032,4359.356241532425,4102.019731564592,89.96816901465641,0.0,60.8
2019-10-01,71.6,86.0,60.8,999.9,5.6,4.0,9.7,42.78933125541538,40.080111,116.584556,35.35,68.7053269917078,11.514859272353265,25.880037607988083,-0.9999907397361901,0.9964830363084052,40.080111,1606.415297772321,0.9958005092928006,3.5931942039795284,-2181.533470123032,4359.356241532425,4102.019731564592,89.96816901465641,0.0,59.2
2019-10-02,70.8,84.2,60.8,999.9,5.9,2.9,5.8,15.5,40.080111,116.584556,35.35,67.67341571368665,11.470070459946891,25.628213329720136,-0.9997685019798909,0.9964830363084052,40.080111,1606.415297772321,0.9958005092928006,3.5931942039795284,-2181.533470123032,4359.356241532425,4102.019731564592,89.96816901465641,0.0,60.6
2019-10-03,73.1,86.0,55.4,999.9,5.6,6.6,13.6,21.4,40.080111,116.584556,35.35,69.59954926426221,11.425370604256452,25.37678396596675,-0.9992500112396835,0.9964830363084052,40.080111,1606.415297772321,0.9958005092928006,3.5931942039795284,-2181.533470123032,4359.356241532425,4102.019731564592,89.96816901465641,0.0,60.3
2019-10-04,54.2,60.8,42.8,999.9,6.7,4.9,11.7,21.4,40.080111,116.584556,35.35,51.403134533174466,11.38076779332276,25.12584281661475,-0.9984354211555643,0.9964830363084052,40.080111,1606.415297772321,0.9958005092928006,3.5931942039795284,-2181.533470123032,4359.356241532425,4102.019731564592,89.96816901465641,0.0,45.2
2019-10-05,54.5,68.0,46.4,999.9,6.7,3.4,7.8,112.92042209195576,40.080111,116.584556,35.35,51.48556067362041,11.33627024006321,24.87548337773983,-0.9973249731081555,0.9964830363084052,40.080111,1606.415297772321,0.9958005092928006,3.5931942039795284,-2181.533470123032,4359.356241532425,4102.019731564592,89.96816901465641,0.0,38.5
2019-10-06,56.2,64.4,46.4,999.9,6.5,3.8,9.7,-20.90652250666733,40.080111,116.584556,35.35,52.88366746368233,11.291886291177722,24.6257992662923,-0.9959189961471792,0.9964830363084052,40.080111,1606.415297772321,0.9958005092928006,3.5931942039795284,-2181.533470123032,4359.356241532425,4102.019731564592,89.96816901465641,0.0,45.2
2019-10-07,61.1,75.2,47.8,999.9,5.9,6.0,13.6,23.3,40.080111,116.584556,35.35,57.269154419163705,11.2476244358423,24.37688414440663,-0.994217906893952,0.9964830363084052,40.080111,1606.415297772321,0.9958005092928006,3.5931942039795284,-2181.533470123032,4359.356241532425,4102.019731564592,89.96816901465641,0.0,42.5
2019-10-08,56.2,71.6,42.8,999.9,6.7,3.9,9.7,15.5,40.080111,116.584556,35.35,52.46969368803216,11.203493314170567,24.128831643491743,-0.9922222094179324,0.9964830363084052,40.080111,1606.415297772321,0.9958005092928006,3.5931942039795284,-2181.533470123032,4359.356241532425,4102.019731564592,89.96816901465641,0.0,35.6
2019-10-09,61.6,71.6,45.9,999.9,6.4,4.4,9.7,81.39879578555629,40.080111,116.584556,35.35,57.28544219050429,11.159501725422913,23.88173528826017,-0.989932495087353,0.9964830363084052,40.080111,1606.415297772321,0.9958005092928006,3.5931942039795284,-2181.533470123032,4359.356241532425,4102.019731564592,89.96816901465641,0.0,49.0
2019-10-10,58.0,68.0,50.0,999.9,3.2,2.3,5.8,92.83905070575842,40.080111,116.584556,35.35,53.725683407053054,11.115658635942012,23.63568842085425,-0.9873494423939864,0.9964830363084052,40.080111,1606.415297772321,0.9958005092928006,3.5931942039795284,-2181.533470123032,4359.356241532425,4102.019731564592,89.96816901465641,0.0,52.6
2019-10-11,60.5,66.2,52.5,999.9,5.6,3.1,7.8,38.9827518127035,40.080111,116.584556,35.35,55.82119815007936,11.0719731867926,23.390784125227988,-0.9844738167520923,0.9964830363084052,40.080111,1606.415297772321,0.9958005092928006,3.5931942039795284,-2181.533470123032,4359.356241532425,4102.019731564592,89.96816901465641,0.0,48.1
2019-10-12,58.9,62.6,55.4,999.9,6.5,2.8,5.8,95.07665834292774,40.080111,116.584556,35.35,54.131331824480554,11.028454701082625,23.14711515194302,-0.9813064702716093,0.9964830363084052,40.080111,1606.415297772321,0.9958005092928006,3.5931942039795284,-2181.533470123032,4359.356241532425,4102.019731564592,89.96816901465641,0.0,45.2
2019-10-13,45.1,55.8,32.0,999.9,6.2,3.4,7.8,-0.4326538109901854,40.080111,116.584556,35.35,41.28571519678976,10.985112690941843,22.90477384353561,-0.9778483415056567,0.9964830363084052,40.080111,1606.415297772321,0.9958005092928006,3.5931942039795284,-2181.533470123032,4359.356241532425,4102.019731564592,89.96816901465641,0.0,40.1
2019-10-14,45.5,60.8,33.8,999.9,6.7,3.9,7.8,15.5,40.080111,116.584556,35.35,41.4882531098385,10.941956864133232,22.6638520606117,-0.9741004551724206,0.9964830363084052,40.080111,1606.415297772321,0.9958005092928006,3.5931942039795284,-2181.533470123032,4359.356241532425,4102.019731564592,89.96816901465641,0.0,27.3
2019-10-15,49.6,62.6,37.9,999.9,6.4,3.7,7.8,15.5,40.080111,116.584556,35.35,45.04918813845572,10.898997130271544,22.424441108824315,-0.970063921851507,0.9964830363084052,40.080111,1606.415297772321,0.9958005092928006,3.5931942039795284,-2181.533470123032,4359.356241532425,4102.019731564592,89.96816901465641,0.0,32.8
2019-10-16,55.4,66.2,43.0,999.9,6.5,4.4,11.7,112.99893355574594,40.080111,116.584556,35.35,50.11965798390759,10.856243606622582,22.18663166688641,-0.965739937654855,0.9964830363084052,40.080111,1606.415297772321,0.9958005092928006,3.5931942039795284,-2181.533470123032,4359.356241532425,4102.019731564592,89.96816901465641,0.0,38.2
2019-10-17,53.7,60.8,42.8,999.9,3.8,3.0,5.8,42.0238667136674,40.080111,116.584556,35.35,48.39133713996514,10.813706623455897,21.950513715769745,-0.9611297838723007,0.9964830363084052,40.080111,1606.415297772321,0.9958005092928006,3.5931942039795284,-2181.533470123032,4359.356241532425,4102.019731564592,89.96816901465641,0.0,46.7
2019-10-18,52.5,66.2,44.4,999.9,3.1,2.8,7.8,-82.44497276227419,40.080111,116.584556,35.35,47.12486068903707,10.771396728922758,21.716176469237297,-0.9562348265919058,0.9964830363084052,40.080111,1606.415297772321,0.9958005092928006,3.5931942039795284,-2181.533470123032,4359.356241532425,4102.019731564592,89.96816901465641,0.0,45.7
2019-10-19,53.7,64.4,45.1,999.9,1.7,2.5,5.8,86.74310677740468,40.080111,116.584556,35.35,48.01372800310185,10.72932469343058,21.483708305854194,-0.9510565162951536,0.9964830363084052,40.080111,1606.415297772321,0.9958005092928006,3.5931942039795284,-2181.533470123032,4359.356241532425,4102.019731564592,89.96816901465641,0.0,49.5
2019-10-20,58.4,73.4,39.2,999.9,5.7,7.0,13.6,23.3,40.080111,116.584556,35.35,52.01250736562293,10.687501513484163,21.253196702617732,-0.9455963874271428,0.9964830363084052,40.080111,1606.415297772321,0.9958005092928006,3.5931942039795284,-2181.533470123032,4359.356241532425,4102.019731564592,89.96816901465641,0.0,30.2
2019-10-21,52.0,68.0,41.0,999.9,6.5,3.1,7.8,12.240649604479422,40.080111,116.584556,35.35,46.1323997981755,10.645938414963576,21.02472817034396,-0.9398560579418953,0.9964830363084052,40.080111,1606.415297772321,0.9958005092928006,3.5931942039795284,-2181.533470123032,4359.356241532425,4102.019731564592,89.96816901465641,0.0,34.4
2019-10-22,53.4,66.2,44.6,999.9,5.7,3.1,5.8,6.512846670097258,40.080111,116.584556,35.35,47.190678508345094,10.604646855807886,20.798388190943417,-0.9338372288229252,0.9964830363084052,40.080111,1606.415297772321,0.9958005092928006,3.5931942039795284,-2181.533470123032,4359.356241532425,4102.019731564592,89.96816901465641,0.0,44.7
2019-10-23,56.4,71.2,46.8,999.9,4.2,2.9,5.8,21.862581905171094,40.080111,116.584556,35.35,49.64910108194538,10.563638528073486,20.574261156713792,-0.9275416835791965,0.9964830363084052,40.080111,1606.415297772321,0.9958005092928006,3.5931942039795284,-2181.533470123032,4359.356241532425,4102.019731564592,89.96816901465641,0.0,47.3
2019-10-24,51.0,59.0,37.4,999.9,5.0,11.7,21.4,31.1,40.080111,116.584556,35.35,44.72243277717555,10.522925359335423,20.352430311772775,-0.9209712877166347,0.9964830363084052,40.080111,1606.415297772321,0.9958005092928006,3.5931942039795284,-2181.533470123032,4359.356241532425,4102.019731564592,89.96816901465641,0.0,35.4
2019-10-25,43.4,59.0,32.0,999.9,6.7,5.7,13.6,27.2,40.080111,116.584556,35.35,37.91177890679626,10.482519513399888,20.132977695747982,-0.9141279881853337,0.9964830363084052,40.080111,1606.415297772321,0.9958005092928006,3.5931942039795284,-2181.533470123032,4359.356241532425,4102.019731564592,89.96816901465641,0.0,26.6
2019-10-26,45.0,61.2,32.0,999.9,6.7,3.5,7.8,19.4,40.080111,116.584556,35.35,39.15912521360975,10.442433390295934,19.915984089835643,-0.9070138128026362,0.9964830363084052,40.080111,1606.415297772321,0.9958005092928006,3.5931942039795284,-2181.533470123032,4359.356241532425,4102.019731564592,89.96816901465641,0.0,32.9
2019-10-27,52.0,66.2,37.0,999.9,6.1,7.0,25.3,40.8,40.080111,116.584556,35.35,45.078278377229616,10.402679625514526,19.701528965333175,-0.8996308696522434,0.9964830363084052,40.080111,1606.415297772321,0.9958005092928006,3.5931942039795284,-2181.533470123032,4359.356241532425,4102.019731564592,89.96816901465641,0.0,33.4
2019-10-28,46.2,60.8,30.2,999.9,6.1,10.0,23.3,36.9,40.080111,116.584556,35.35,39.89859369058371,10.3632710884633,19.489690434744045,-0.8919813464595487,0.9964830363084052,40.080111,1606.415297772321,0.9958005092928006,3.5931942039795284,-2181.533470123032,4359.356241532425,4102.019731564592,89.96816901465641,0.0,18.6
2019-10-29,46.3,65.1,33.6,999.9,6.3,2.8,5.8,-46.22922088760717,40.080111,116.584556,35.35,39.83428556240787,10.324220880105713,19.280545205546616,-0.8840675099433637,0.9964830363084052,40.080111,1606.415297772321,0.9958005092928006,3.5931942039795284,-2181.533470123032,4359.356241532425,4102.019731564592,89.96816901465641,0.0,28.8
2019-10-30,52.6,71.6,36.3,999.9,6.1,4.1,11.7,14.900641801909352,40.080111,116.584556,35.35,45.08496054542171,10.285542329754001,19.07416853671098,-0.8758917051442433,0.9964830363084052,40.080111,1606.415297772321,0.9958005092928006,3.5931942039795284,-2181.533470123032,4359.356241532425,4102.019731564592,89.96816901465641,0.0,35.4
2019-10-31,56.3,78.8,39.2,999.9,6.1,4.3,9.7,15.5,40.080111,116.584556,35.35,48.076676516042895,10.247248990986053,18.870634198040296,-0.8674563547295971,0.9964830363084052,40.080111,1606.415297772321,0.9958005092928006,3.5931942039795284,-2181.533470123032,4359.356241532425,4102.019731564592,89.96816901465641,0.0,36.2
2019-11-01,55.4,66.2,43.2,999.9,6.1,3.3,9.7,70.38206773258213,40.080111,116.584556,35.35,47.13318723923542,10.209354636657492,18.670014432405274,-0.858763958275803,0.9964830363084052,40.080111,1606.415297772321,0.9958005092928006,3.5931942039795284,-2181.533470123032,4359.356241532425,4102.019731564592,89.96816901465641,0.0,41.0
2019-11-02,54.2,58.1,50.4,999.9,6.2,5.5,9.7,-105.00202035152353,40.080111,116.584556,35.35,45.94296085929938,10.171873252981413,18.472379920931466,-0.8498170915275277,0.9964830363084052,40.080111,1606.415297772321,0.9958005092928006,3.5931942039795284,-2181.533470123032,4359.356241532425,4102.019731564592,89.96816901465641,0.0,46.2
2019-11-03,46.5,57.2,35.6,999.9,6.1,3.3,7.8,-19.833655614993237,40.080111,116.584556,35.35,39.27242375151852,10.13481903264994,18.2777997511913,-0.8406184056344783,0.9964830363084052,40.080111,1606.415297772321,0.9958005092928006,3.5931942039795284,-2181.533470123032,4359.356241532425,4102.019731564592,89.96816901465641,0.0,36.8
2019-11-04,49.3,62.6,37.9,999.9,5.4,3.4,7.8,-143.70989929414554,40.080111,116.584556,35.35,41.486797824315836,10.09820636697343,18.086341388442907,-0.8311706263658079,0.9964830363084052,40.080111,1606.415297772321,0.9958005092928006,3.5931942039795284,-2181.533470123032,4359.356241532425,4102.019731564592,89.96816901465641,0.0,41.4
2019-11-05,53.2,62.6,39.9,999.9,6.0,4.6,9.7,17.5,40.080111,116.584556,35.35,44.60842094410184,10.062049837015453,17.898070649949045,-0.8214765533024145,0.9964830363084052,40.080111,1606.415297772321,0.9958005092928006,3.5931942039795284,-2181.533470123032,4359.356241532425,4102.019731564592,89.96816901465641,0.0,39.9
2019-11-06,48.1,57.2,39.2,999.9,5.4,3.6,9.7,4.363215040842126,40.080111,116.584556,35.35,40.189009849846705,10.02636420370396,17.71305168239998,-0.8115390590073611,0.9964830363084052,40.080111,1606.415297772321,0.9958005092928006,3.5931942039795284,-2181.533470123032,4359.356241532425,4102.019731564592,89.96816901465641,0.0,38.1
2019-11-07,45.6,57.2,30.2,999.9,6.8,5.0,7.8,15.5,40.080111,116.584556,35.35,37.96642470822692,9.99116439690182,17.53134694245396,-0.801361088174677,0.9964830363084052,40.080111,1606.415297772321,0.9958005092928006,3.5931942039795284,-2181.533470123032,4359.356241532425,4102.019731564592,89.96816901465641,0.0,22.9
2019-11-08,44.2,62.6,32.0,999.9,6.1,3.1,7.8,48.60376695155402,40.080111,116.584556,35.35,36.67298127094148,9.956465503423024,17.35301718039937,-0.7909456567567774,0.9964830363084052,40.080111,1606.415297772321,0.9958005092928006,3.5931942039795284,-2181.533470123032,4359.356241532425,4102.019731564592,89.96816901465641,0.0,30.8
2019-11-09,50.3,57.2,36.3,999.9,3.7,6.0,21.4,35.0,40.080111,116.584556,35.35,41.59090187711671,9.922282753984105,17.178121426932226,-0.780295851070776,0.9964830363084052,40.080111,1606.415297772321,0.9958005092928006,3.5931942039795284,-2181.533470123032,4359.356241532425,4102.019731564592,89.96816901465641,0.0,41.3
2019-11-10,51.4,62.6,35.6,999.9,6.2,10.0,23.3,33.0,40.080111,116.584556,35.35,42.35630496391015,9.888631509084082,17.00671698303231,-0.7694148268839381,0.9964830363084052,40.080111,1606.415297772321,0.9958005092928006,3.5931942039795284,-2181.533470123032,4359.356241532425,4102.019731564592,89.96816901465641,0.0,30.2
2019-11-11,52.8,66.2,37.8,999.9,6.1,3.6,7.8,17.5,40.080111,116.584556,35.35,43.36431987276528,9.855527243810291,16.838859412910782,-0.7583058084785625,0.9964830363084052,40.080111,1606.415297772321,0.9958005092928006,3.5931942039795284,-2181.533470123032,4359.356241532425,4102.019731564592,89.96816901465641,0.0,33.4
2019-11-12,54.1,62.6,44.6,999.9,5.6,5.0,21.4,76.90344827943177,40.080111,116.584556,35.35,44.285293104835766,9.822985531571705,16.674602539991373,-0.7469720876965551,0.9964830363084052,40.080111,1606.415297772321,0.9958005092928006,3.5931942039795284,-2181.533470123032,4359.356241532425,4102.019731564592,89.96816901465641,0.0,34.4
2019-11-13,35.6,57.0,24.8,999.9,6.4,10.5,27.2,40.8,40.080111,116.584556,35.35,29.046698679406106,9.791022026766102,16.51399844587669,-0.7354170229639858,0.9964830363084052,40.080111,1606.415297772321,0.9958005092928006,3.5931942039795284,-2181.533470123032,4359.356241532425,4102.019731564592,89.96816901465641,0.0,7.2
2019-11-14,35.1,46.4,26.2,999.9,6.4,3.2,9.7,105.90976057430242,40.080111,116.584556,35.35,28.546983405697553,9.759652446392325,16.357097472240028,-0.7236440382959124,0.9964830363084052,40.080111,1606.415297772321,0.9958005092928006,3.5931942039795284,-2181.533470123032,4359.356241532425,4102.019731564592,89.96816901465641,0.0,17.9
2019-11-15,43.6,48.2,29.1,999.9,6.3,2.3,5.8,26.871134408572107,40.080111,116.584556,35.35,35.348309600601205,9.728892550624185,16.20394822557269,-0.711656622281775,0.9964830363084052,40.080111,1606.415297772321,0.9958005092928006,3.5931942039795284,-2181.533470123032,4359.356241532425,4102.019731564592,89.96816901465641,0.0,31.4
2019-11-16,45.6,48.2,41.5,999.9,5.5,2.4,7.8,-23.522253884388697,40.080111,116.584556,35.35,36.85528086499868,9.698758122368075,16.054597584706006,-0.6994583270516471,0.9964830363084052,40.080111,1606.415297772321,0.9958005092928006,3.5931942039795284,-2181.533470123032,4359.356241532425,4102.019731564592,89.96816901465641,0.0,35.2
2019-11-17,39.7,53.6,24.8,999.9,5.2,12.9,25.3,35.0,40.080111,116.584556,35.35,31.9891515291278,9.66926494583208,15.90909071101608,-0.6870527672236675,0.9964830363084052,40.080111,1606.415297772321,0.9958005092928006,3.5931942039795284,-2181.533470123032,4359.356241532425,4102.019731564592,89.96816901465641,0.0,9.6
2019-11-18,31.7,39.2,17.6,999.9,6.6,8.6,19.4,35.0,40.080111,116.584556,35.35,25.466799371437844,9.640428784140509,15.767471061209527,-0.6744436188329457,0.9964830363084052,40.080111,1606.415297772321,0.9958005092928006,3.5931942039795284,-2181.533470123032,4359.356241532425,4102.019731564592,89.96816901465641,0.0,-4.5
2019-11-19,33.0,44.6,21.2,999.9,6.7,3.8,9.7,13.6,40.080111,116.584556,35.35,26.433729729092875,9.612265356033772,15.629780402577435,-0.661634618242279,0.9964830363084052,40.080111,1606.415297772321,0.9958005092928006,3.5931942039795284,-2181.533470123032,4359.356241532425,4102.019731564592,89.96816901465641,0.0,5.2
2019-11-20,34.1,46.4,24.8,999.9,6.1,2.3,5.8,92.09898236807834,40.080111,116.584556,35.35,27.236779135747632,9.584790311700047,15.496058830594993,-0.6486295610349818,0.9964830363084052,40.080111,1606.415297772321,0.9958005092928006,3.5931942039795284,-2181.533470123032,4359.356241532425,4102.019731564592,89.96816901465641,0.0,19.5
2019-11-21,36.5,42.1,30.2,999.9,3.2,2.4,5.8,54.100898857519205,40.080111,116.584556,35.35,29.072308423699376,9.558019207791576,15.366344788734425,-0.6354323008901775,0.9964830363084052,40.080111,1606.415297772321,0.9958005092928006,3.5931942039795284,-2181.533470123032,4359.356241532425,4102.019731564592,89.96816901465641,0.0,27.9
2019-11-22,45.0,49.5,32.5,999.9,2.2,2.8,7.8,24.784781975677134,40.080111,116.584556,35.35,35.74487805631827,9.531967481684871,15.240675090349038,-0.622046748440868,0.9964830363084052,40.080111,1606.415297772321,0.9958005092928006,3.5931942039795284,-2181.533470123032,4359.356241532425,4102.019731564592,89.96816901465641,0.0,36.3
2019-11-23,50.1,55.4,41.0,999.9,3.8,8.9,25.3,36.9,40.080111,116.584556,35.35,39.69026552458721,9.506650425050829,15.119084942477684,-0.6084768701151264,0.9964830363084052,40.080111,1606.415297772321,0.9958005092928006,3.5931942039795284,-2181.533470123032,4359.356241532425,4102.019731564592,89.96816901465641,0.0,28.3
2019-11-24,32.3,50.7,15.8,999.9,6.7,14.7,25.3,35.0,40.080111,116.584556,35.35,25.522607163739046,9.482083156807077,15.00160797140984,-0.594726686960764,0.9964830363084052,40.080111,1606.415297772321,0.9958005092928006,3.5931942039795284,-2181.533470123032,4359.356241532425,4102.019731564592,89.96816901465641,0.0,-5.4
2019-11-25,28.5,37.4,17.6,999.9,6.6,3.7,9.7,15.5,40.080111,116.584556,35.35,22.46341641438704,9.458280595531384,14.888276249843692,-0.5808002734538013,0.9964830363084052,40.080111,1606.415297772321,0.9958005092928006,3.5931942039795284,-2181.533470123032,4359.356241532425,4102.019731564592,89.96816901465641,0.0,3.6
2019-11-26,34.0,42.8,19.6,999.9,6.1,4.9,13.6,49.33788683782865,40.080111,116.584556,35.35,26.73322938902671,9.435257431421192,14.779120325462257,-0.5667017562911184,0.9964830363084052,40.080111,1606.415297772321,0.9958005092928006,3.5931942039795284,-2181.533470123032,4359.356241532425,4102.019731564592,89.96816901465641,0.0,6.9
2019-11-27,28.1,39.2,15.8,999.9,6.7,4.3,11.7,98.86670446953875,40.080111,116.584556,35.35,22.042174129226453,9.4130280978903,14.674169250745628,-0.5524353131676203,0.9964830363084052,40.080111,1606.415297772321,0.9958005092928006,3.5931942039795284,-2181.533470123032,4359.356241532425,4102.019731564592,89.96816901465641,0.0,0.9
2019-11-28,26.2,37.4,17.6,999.9,6.2,2.8,5.8,42.82568835407682,40.080111,116.584556,35.35,20.505008055330613,9.391606742899517,14.573450613831382,-0.5380051715382992,0.9964830363084052,40.080111,1606.415297772321,0.9958005092928006,3.5931942039795284,-2181.533470123032,4359.356241532425,4102.019731564592,89.96816901465641,0.0,10.9
2019-11-29,32.0,35.6,19.4,999.9,3.8,3.3,5.8,-7.397019645704026,40.080111,116.584556,35.35,24.98935253366246,9.371007200123422,14.476990570230228,-0.5234156073655503,0.9964830363084052,40.080111,1606.415297772321,0.9958005092928006,3.5931942039795284,-2181.533470123032,4359.356241532425,4102.019731564592,89.96816901465641,0.0,23.3
2019-11-30,33.0,41.0,24.8,999.9,4.8,8.6,15.5,23.3,40.080111,116.584556,35.35,25.715918140165833,9.351242960060302,14.384813875199127,-0.5086709438521042,0.9964830363084052,40.080111,1606.415297772321,0.9958005092928006,3.5931942039795284,-2181.533470123032,4359.356241532425,4102.019731564592,89.96816901465641,0.0,16.3
2019-12-01,32.8,41.0,21.2,999.9,6.7,10.6,25.3,35.0,40.080111,116.584556,35.35,25.50836085260467,9.332327141196831,14.296943916571095,-0.49377555015997737,0.9964830363084052,40.080111,1606.415297772321,0.9958005092928006,3.5931942039795284,-2181.533470123032,4359.356241532425,4102.019731564592,89.96816901465641,0.0,6.3
2019-12-02,36.0,41.0,23.2,999.9,6.7,8.2,17.5,19.4,40.080111,116.584556,35.35,27.942817384028444,9.314272461342815,14.213402747838034,-0.4787338401157883,0.9964830363084052,40.080111,1606.415297772321,0.9958005092928006,3.5931942039795284,-2181.533470123032,4359.356241532425,4102.019731564592,89.96816901465641,0.0,4.8
2019-12-03,38.5,49.6,21.2,999.9,6.2,8.0,17.5,29.1,40.080111,116.584556,35.35,29.828167629692054,9.297091209254665,14.134211121281554,-0.4635502709028512,0.9964830363084052,40.080111,1606.415297772321,0.9958005092928006,3.5931942039795284,-2181.533470123032,4359.356241532425,4102.019731564592,89.96816901465641,0.0,11.3
2019-12-04,37.1,50.2,19.4,999.9,6.2,7.6,21.4,31.1,40.080111,116.584556,35.35,28.69312521153427,9.280795216668766,14.059388520946385,-0.4482293417404106,0.9964830363084052,40.080111,1606.415297772321,0.9958005092928006,3.5931942039795284,-2181.533470123032,4359.356241532425,4102.019731564592,89.96816901465641,0.0,14.5
2019-12-05,24.1,50.2,14.0,999.9,6.1,3.3,9.7,15.5,40.080111,116.584556,35.35,18.608003293659177,9.26539583086764,13.988953195251337,-0.4327755925504317,0.9964830363084052,40.080111,1606.415297772321,0.9958005092928006,3.5931942039795284,-2181.533470123032,4359.356241532425,4102.019731564592,89.96816901465641,0.0,4.3
2019-12-06,26.3,37.4,15.8,999.9,6.2,4.0,11.7,14.0,40.080111,116.584556,35.35,20.274897687653883,9.250903887902913,13.922922189034896,-0.41719360261231697,0.9964830363084052,40.080111,1606.415297772321,0.9958005092928006,3.5931942039795284,-2181.533470123032,4359.356241532425,4102.019731564592,89.96816901465641,0.0,14.9
2019-12-07,28.3,41.2,17.6,999.9,5.9,3.3,7.8,45.45281427821202,40.080111,116.584556,35.35,21.78470251089624,9.23732968659911,13.86131137483493,-0.4014879892059737,0.9964830363084052,40.080111,1606.415297772321,0.9958005092928006,3.5931942039795284,-2181.533470123032,4359.356241532425,4102.019731564592,89.96816901465641,0.0,16.2
2019-12-08,26.5,41.2,21.2,999.9,1.2,3.2,5.8,-86.08469440179611,40.080111,116.584556,35.35,20.371174877644435,9.224682963461632,13.80413548320657,-0.38566340624360745,0.9964830363084052,40.080111,1606.415297772321,0.9958005092928006,3.5931942039795284,-2181.533470123032,4359.356241532425,4102.019731564592,89.96816901465641,0.0,23.9
2019-12-09,30.4,44.6,22.3,999.9,2.1,3.2,5.8,-4.098508442127487,40.080111,116.584556,35.35,23.339531267146803,9.21297286861058,13.751408131886995,-0.3697245428906732,0.9964830363084052,40.080111,1606.415297772321,0.9958005092928006,3.5931942039795284,-2181.533470123032,4359.356241532425,4102.019731564592,89.96816901465641,0.0,24.1
2019-12-10,34.1,50.0,21.2,999.9,5.0,7.5,17.5,34.0,40.080111,116.584556,35.35,26.149607570959123,9.202207942859514,13.703141853622688,-0.3536761221763721,0.9964830363084052,40.080111,1606.415297772321,0.9958005092928006,3.5931942039795284,-2181.533470123032,4359.356241532425,4102.019731564592,89.96816901465641,0.0,14.9
2019-12-11,29.5,49.5,17.6,999.9,6.7,9.6,25.3,35.0,40.080111,116.584556,35.35,22.597973736134442,9.192396096054688,13.659348122481685,-0.33752289959411347,0.9964830363084052,40.080111,1606.415297772321,0.9958005092928006,3.5931942039795284,-2181.533470123032,4359.356241532425,4102.019731564592,89.96816901465641,0.0,-0.3
2019-12-12,26.5,41.0,17.6,999.9,6.2,3.1,7.8,15.7,40.080111,116.584556,35.35,20.280327629152048,9.183544586785834,13.620037378482502,-0.32126966169236515,0.9964830363084052,40.080111,1606.415297772321,0.9958005092928006,3.5931942039795284,-2181.533470123032,4359.356241532425,4102.019731564592,89.96816901465641,0.0,7.4
2019-12-13,35.8,51.8,19.2,999.9,6.2,9.0,23.3,31.1,40.080111,116.584556,35.35,27.374052343996276,9.17566000357417,13.585219050380543,-0.3049212246562894,0.9964830363084052,40.080111,1606.415297772321,0.9958005092928006,3.5931942039795284,-2181.533470123032,4359.356241532425,4102.019731564592,89.96816901465641,0.0,10.2
2019-12-14,30.6,49.5,21.2,999.9,6.6,3.5,11.7,11.8,40.080111,116.584556,35.35,23.380308031474375,9.168748247637009,13.55490157646403,-0.2884824328806098,0.9964830363084052,40.080111,1606.415297772321,0.9958005092928006,3.5931942039795284,-2181.533470123032,4359.356241532425,4102.019731564592,89.96816901465641,0.0,13.1
2019-12-15,34.0,41.5,23.4,999.9,5.0,2.3,5.8,-1.8922606978392178,40.080111,116.584556,35.35,25.961307799076653,9.162814517321172,13.529092423222686,-0.27195815753410524,0.9964830363084052,40.080111,1606.415297772321,0.9958005092928006,3.5931942039795284,-2181.533470123032,4359.356241532425,4102.019731564592,89.96816901465641,0.0,24.0
2019-12-16,32.0,39.2,28.4,999.9,3.2,5.3,13.6,19.0,40.080111,116.584556,35.35,24.42096878477183,9.157863294289436,13.507798101765427,-0.2553532951161881,0.9964830363084052,40.080111,1606.415297772321,0.9958005092928006,3.5931942039795284,-2181.533470123032,4359.356241532425,4102.019731564592,89.96816901465641,0.0,27.3
2019-12-17,29.1,39.2,15.8,999.9,6.7,7.6,19.4,27.2,40.080111,116.584556,35.35,22.19820345397363,9.153898331535517,13.491024181876504,-0.23867276600594997,0.9964830363084052,40.080111,1606.415297772321,0.9958005092928006,3.5931942039795284,-2181.533470123032,4359.356241532425,4102.019731564592,89.96816901465641,0.0,11.0
2019-12-18,26.3,38.7,17.6,999.9,6.3,5.2,15.5,21.4,40.080111,116.584556,35.35,20.055772126551826,9.150922643293608,13.478775303613823,-0.22192151300416674,0.9964830363084052,40.080111,1606.415297772321,0.9958005092928006,3.5931942039795284,-2181.533470123032,4359.356241532425,4102.019731564592,89.96816901465641,0.0,13.7
2019-12-19,24.9,34.5,10.4,999.9,6.7,8.4,19.4,28.0,40.080111,116.584556,35.35,18.98404738106444,9.148938496898525,13.471055186368098,-0.20510449986861926,0.9964830363084052,40.080111,1606.415297772321,0.9958005092928006,3.5931942039795284,-2181.533470123032,4359.356241532425,4102.019731564592,89.96816901465641,0.0,1.8
2019-12-20,21.9,34.5,12.2,999.9,6.3,3.2,7.8,12.4,40.080111,116.584556,35.35,16.69500401712149,9.147947406641913,13.46786663531688,-0.1882267098432439,0.9964830363084052,40.080111,1606.415297772321,0.9958005092928006,3.5931942039795284,-2181.533470123032,4359.356241532425,4102.019731564592,89.96816901465641,0.0,8.6
2019-12-21,26.8,38.3,15.8,999.9,6.2,3.4,5.8,-42.887185069524264,40.080111,116.584556,35.35,20.43042195623832,9.14795012965895,13.469211545223475,-0.1712931441814778,0.9964830363084052,40.080111,1606.415297772321,0.9958005092928006,3.5931942039795284,-2181.533470123032,4359.356241532425,4102.019731564592,89.96816901465641,0.0,13.8
2019-12-22,28.8,40.5,17.4,999.9,6.0,4.9,7.8,13.6,40.080111,116.584556,35.35,21.957471993284962,9.148946663868733,13.475090901546984,-0.154308820664281,0.9964830363084052,40.080111,1606.415297772321,0.9958005092928006,3.5931942039795284,-2181.533470123032,4359.356241532425,4102.019731564592,89.96816901465641,0.0,14.6
2019-12-23,30.4,40.5,22.6,999.9,4.9,4.1,5.8,13.4,40.080111,116.584556,35.35,23.18237182821586,9.150936247979946,13.485504778846373,-0.13727877211326517,0.9964830363084052,40.080111,1606.415297772321,0.9958005092928006,3.5931942039795284,-2181.533470123032,4359.356241532425,4102.019731564592,89.96816901465641,0.0,17.9
2019-12-24,28.1,33.3,19.4,999.9,3.2,3.5,7.8,14.4,40.080111,116.584556,35.35,21.435423159673793,9.153917363561762,13.500452336478007,-0.12020804489935275,0.9964830363084052,40.080111,1606.415297772321,0.9958005092928006,3.5931942039795284,-2181.533470123032,4359.356241532425,4102.019731564592,89.96816901465641,0.0,24.0
2019-12-25,32.2,42.8,15.8,999.9,5.6,6.3,11.7,18.8,40.080111,116.584556,35.35,24.573665433435046,9.15788773916834,13.51993181160284,-0.10310169744743544,0.9964830363084052,40.080111,1606.415297772321,0.9958005092928006,3.5931942039795284,-2181.533470123032,4359.356241532425,4102.019731564592,89.96816901465641,0.0,14.1
2019-12-26,28.7,42.4,14.0,999.9,6.4,6.4,15.5,29.1,40.080111,116.584556,35.35,21.914469419280664,9.162844356493657,13.543940509536132,-0.0859647987374467,0.9964830363084052,40.080111,1606.415297772321,0.9958005092928006,3.5931942039795284,-2181.533470123032,4359.356241532425,4102.019731564592,89.96816901465641,0.0,7.1
2019-12-27,25.3,40.6,15.8,999.9,6.1,2.8,5.8,-100.5558701137094,40.080111,116.584556,35.35,19.330851791717645,9.168783458522203,13.572474791488789,-0.06880242680232064,0.9964830363084052,40.080111,1606.415297772321,0.9958005092928006,3.5931942039795284,-2181.533470123032,4359.356241532425,4102.019731564592,89.96816901465641,0.0,12.9
2019-12-28,26.9,40.6,17.6,999.9,5.3,2.5,5.8,-50.88182811205437,40.080111,116.584556,35.35,20.568862087837125,9.175700559629945,13.605530059765634,-0.05161966722325418,0.9964830363084052,40.080111,1606.415297772321,0.9958005092928006,3.5931942039795284,-2181.533470123032,4359.356241532425,4102.019731564592,89.96816901465641,0.0,18.5
2019-12-29,31.3,42.1,15.8,999.9,4.8,11.5,23.3,29.7,40.080111,116.584556,35.35,23.953865110186776,9.183590457579594,13.643100740501477,-0.034421611622745804,0.9964830363084052,40.080111,1606.415297772321,0.9958005092928006,3.5931942039795284,-2181.533470123032,4359.356241532425,4102.019731564592,89.96816901465641,0.0,8.1
2019-12-30,16.0,42.1,5.0,999.9,6.6,13.3,27.2,35.0,40.080111,116.584556,35.35,12.25659632979194,9.192447247343955,13.685180264030954,-0.01721335615583528,0.9964830363084052,40.080111,1606.415297772321,0.9958005092928006,3.5931942039795284,-2181.533470123032,4359.356241532425,4102.019731564592,89.96816901465641,0.0,-11.5
2019-12-31,16.3,26.6,5.0,999.9,6.6,3.8,9.7,14.0,40.080111,116.584556,35.35,12.499742390659573,9.202264336681894,13.731761043002553,6.432490598706546e-16,0.9964830363084052,40.080111,1606.415297772321,0.9958005092928006,3.5931942039795284,-2181.533470123032,4359.356241532425,4102.019731564592,89.96816901465641,0.0,-2.7
2020-01-01,20.3,33.1,10.6,999.9,6.4,3.3,5.8,13.6,40.080111,116.584556,35.35,15.585383300555636,9.213034463382641,13.78283444836103,0.017213356155834685,0.9964830363084052,40.080111,1606.415297772321,0.9958005092928006,3.5931942039795284,-2181.533470123032,4359.356241532425,4102.019731564592,89.96816901465641,0.0,2.1
2020-01-02,27.1,39.6,13.3,999.9,6.2,4.0,7.8,17.5,40.080111,116.584556,35.35,20.83255977097785,9.224749714086132,13.838390783335127,0.03442161162274574,0.9964830363084052,40.080111,1606.415297772321,0.9958005092928006,3.5931942039795284,-2181.533470123032,4359.356241532425,4102.019731564592,89.96816901465641,0.0,8.6
2020-01-03,29.5,45.9,17.6,999.9,6.0,3.1,7.8,36.38620840866425,40.080111,116.584556,35.35,22.708612130425948,9.237401544580047,13.898419255579952,0.051619667223253764,0.9964830363084052,40.080111,1606.415297772321,0.9958005092928006,3.5931942039795284,-2181.533470123032,4359.356241532425,4102.019731564592,89.96816901465641,0.0,12.7
2020-01-04,32.4,50.0,17.6,999.9,6.1,3.6,9.7,12.4,40.080111,116.584556,35.35,24.977648163963025,9.250980801467787,13.962907947633797,0.06880242680231986,0.9964830363084052,40.080111,1606.415297772321,0.9958005092928006,3.5931942039795284,-2181.533470123032,4359.356241532425,4102.019731564592,89.96816901465641,0.0,13.2
2020-01-05,32.0,49.3,21.2,999.9,3.9,2.7,3.9,57.681182780844786,40.080111,116.584556,35.35,24.70794065359014,9.265477745096302,14.031843785859946,0.08596479873744647,0.9964830363084052,40.080111,1606.415297772321,0.9958005092928006,3.5931942039795284,-2181.533470123032,4359.356241532425,4102.019731564592,89.96816901465641,0.0,24.3
2020-01-06,32.9,38.3,25.3,999.9,4.9,5.9,11.7,15.5,40.080111,116.584556,35.35,25.445085018530715,9.280882073628225,14.105212508052281,0.10310169744743485,0.9964830363084052,40.080111,1606.415297772321,0.9958005092928006,3.5931942039795284,-2181.533470123032,4359.356241532425,4102.019731564592,89.96816901465641,0.0,24.0
2020-01-07,32.0,38.3,21.2,999.9,6.7,10.8,17.5,21.6,40.080111,116.584556,35.35,24.792487861704462,9.297182948139174,14.18299862989209,0.1202080448993527,0.9964830363084052,40.080111,1606.415297772321,0.9958005092928006,3.5931942039795284,-2181.533470123032,4359.356241532425,4102.019731564592,89.96816901465641,0.0,11.5
2020-01-08,28.4,42.4,19.4,999.9,6.7,4.3,9.7,16.9,40.080111,116.584556,35.35,22.044006677397263,9.314369018618562,14.26518541044956,0.13727877211326478,0.9964830363084052,40.080111,1606.415297772321,0.9958005092928006,3.5931942039795284,-2181.533470123032,4359.356241532425,4102.019731564592,89.96816901465641,0.0,11.4
2020-01-09,26.6,42.4,17.6,999.9,6.3,3.5,9.7,143.30960944020384,40.080111,116.584556,35.35,20.686883065830497,9.3324284507506,14.351754816929544,0.15430882066428117,0.9964830363084052,40.080111,1606.415297772321,0.9958005092928006,3.5931942039795284,-2181.533470123032,4359.356241532425,4102.019731564592,89.96816901465641,0.0,12.9
2020-01-10,32.9,43.9,20.7,999.9,6.1,10.9,15.5,27.2,40.080111,116.584556,35.35,25.638281713771637,9.351348953351357,14.442687488865367,0.1712931441814776,0.9964830363084052,40.080111,1606.415297772321,0.9958005092928006,3.5931942039795284,-2181.533470123032,4359.356241532425,4102.019731564592,89.96816901465641,0.0,8.1
2020-01-11,27.1,43.9,19.4,999.9,6.8,4.9,9.7,24.3,40.080111,116.584556,35.35,21.16310771264661,9.371117806337983,14.537962701967793,0.1882267098432442,0.9964830363084052,40.080111,1606.415297772321,0.9958005092928006,3.5931942039795284,-2181.533470123032,4359.356241532425,4102.019731564592,89.96816901465641,0.0,8.2
2020-01-12,25.6,36.3,14.0,999.9,6.5,5.4,13.6,20.0,40.080111,116.584556,35.35,20.03567336342861,9.39172188910716,14.637558331838472,0.2051044998686192,0.9964830363084052,40.080111,1606.415297772321,0.9958005092928006,3.5931942039795284,-2181.533470123032,4359.356241532425,4102.019731564592,89.96816901465641,0.0,6.5
2020-01-13,26.0,36.3,15.8,999.9,6.7,9.5,13.6,23.3,40.080111,116.584556,35.35,20.39515336993675,9.413147709201578,14.741450817758055,0.2219215130041655,0.9964830363084052,40.080111,1606.415297772321,0.9958005092928006,3.5931942039795284,-2181.533470123032,4359.356241532425,4102.019731564592,89.96816901465641,0.0,1.4
2020-01-14,21.3,34.0,10.4,999.9,6.7,3.8,7.8,13.6,40.080111,116.584556,35.35,16.747802040283972,9.435381431145899,14.849615126759371,0.2386727660059501,0.9964830363084052,40.080111,1606.415297772321,0.9958005092928006,3.5931942039795284,-2181.533470123032,4359.356241532425,4102.019731564592,89.96816901465641,0.0,3.6
2020-01-15,26.3,35.6,14.0,999.9,6.3,4.6,9.7,-6.30473990951457,40.080111,116.584556,35.35,20.7296795175298,9.45840890533679,14.962024718194366,0.255353295116187,0.9964830363084052,40.080111,1606.415297772321,0.9958005092928006,3.5931942039795284,-2181.533470123032,4359.356241532425,4102.019731564592,89.96816901465641,0.0,8.0
2020-01-16,25.0,36.1,14.0,999.9,6.7,3.0,9.7,12.2,40.080111,116.584556,35.35,19.754616035157404,9.482215696875555,15.0786515090021,0.2719581575341055,0.9964830363084052,40.080111,1606.415297772321,0.9958005092928006,3.5931942039795284,-2181.533470123032,4359.356241532425,4102.019731564592,89.96816901465641,0.0,7.9
2020-01-17,26.3,39.2,14.0,999.9,6.0,2.8,5.8,25.633757288948285,40.080111,116.584556,35.35,20.835708425367894,9.506787114236301,15.199465839881087,0.288482432880609,0.9964830363084052,40.080111,1606.415297772321,0.9958005092928006,3.5931942039795284,-2181.533470123032,4359.356241532425,4102.019731564592,89.96816901465641,0.0,11.0
2020-01-18,26.2,37.8,14.0,999.9,3.9,3.8,10.3,24.9,40.080111,116.584556,35.35,20.811769652240756,9.532108237667522,15.324436442565856,0.30492122465628907,0.9964830363084052,40.080111,1606.415297772321,0.9958005092928006,3.5931942039795284,-2181.533470123032,4359.356241532425,4102.019731564592,89.96816901465641,0.0,15.4
2020-01-19,35.1,42.8,15.8,999.9,6.2,8.6,17.5,22.9,40.080111,116.584556,35.35,27.957629545648704,9.558163947230327,15.453530408402132,0.3212696616923644,0.9964830363084052,40.080111,1606.415297772321,0.9958005092928006,3.5931942039795284,-2181.533470123032,4359.356241532425,4102.019731564592,89.96816901465641,0.0,5.1
2020-01-20,28.7,43.2,14.0,999.9,6.7,4.5,15.5,21.4,40.080111,116.584556,35.35,22.923978989664317,9.584938950382293,15.586713158409571,0.3375228995941133,0.9964830363084052,40.080111,1606.415297772321,0.9958005092928006,3.5931942039795284,-2181.533470123032,4359.356241532425,4102.019731564592,89.96816901465641,0.0,3.7
2020-01-21,27.9,43.2,15.8,999.9,6.2,3.2,7.8,100.0020928685335,40.080111,116.584556,35.35,22.348871405976052,9.612417809021958,15.7239484150142,0.3536761221763716,0.9964830363084052,40.080111,1606.415297772321,0.9958005092928006,3.5931942039795284,-2181.533470123032,4359.356241532425,4102.019731564592,89.96816901465641,0.0,12.7
2020-01-22,27.9,43.0,17.6,999.9,6.2,3.3,9.7,-38.2477157346803,40.080111,116.584556,35.35,22.414360045752623,9.640584965915107,15.865198175625505,0.3697245428906731,0.9964830363084052,40.080111,1606.415297772321,0.9958005092928006,3.5931942039795284,-2181.533470123032,4359.356241532425,4102.019731564592,89.96816901465641,0.0,13.4
2020-01-23,32.2,48.2,17.6,999.9,5.5,4.3,11.7,13.2,40.080111,116.584556,35.35,25.946289800655418,9.66942477043059,16.010422688225255,0.38566340624360707,0.9964830363084052,40.080111,1606.415297772321,0.9958005092928006,3.5931942039795284,-2181.533470123032,4359.356241532425,4102.019731564592,89.96816901465641,0.0,14.2
2020-01-24,27.2,47.7,15.8,999.9,5.6,3.7,9.7,12.0,40.080111,116.584556,35.35,21.984222074644713,9.698921503519728,16.15958042912655,0.401487989205973,0.9964830363084052,40.080111,1606.415297772321,0.9958005092928006,3.5931942039795284,-2181.533470123032,4359.356241532425,4102.019731564592,89.96816901465641,0.0,9.0
2020-01-25,27.7,42.8,12.2,999.9,4.6,4.0,9.7,13.6,40.080111,116.584556,35.35,22.45791211933972,9.729059401880024,16.312628083052655,0.4171936026123168,0.9964830363084052,40.080111,1606.415297772321,0.9958005092928006,3.5931942039795284,-2181.533470123032,4359.356241532425,4102.019731564592,89.96816901465641,0.0,14.8
2020-01-26,28.4,41.0,14.0,999.9,3.0,2.5,5.8,44.255068202020894,40.080111,116.584556,35.35,23.098247012292575,9.759822681250384,16.46952052567572,0.4327755925504312,0.9964830363084052,40.080111,1606.415297772321,0.9958005092928006,3.5931942039795284,-2181.533470123032,4359.356241532425,4102.019731564592,89.96816901465641,0.0,17.6
2020-01-27,31.9,42.8,22.1,999.9,4.2,2.6,5.8,50.480321586545124,40.080111,116.584556,35.35,26.028261527120677,9.791195558791477,16.630210808745577,0.4482293417404106,0.9964830363084052,40.080111,1606.415297772321,0.9958005092928006,3.5931942039795284,-2181.533470123032,4359.356241532425,4102.019731564592,89.96816901465641,0.0,17.6
2020-01-28,33.1,44.6,24.4,999.9,2.6,2.4,5.8,-63.82253535259178,40.080111,116.584556,35.35,27.095555940526918,9.823162274511269,16.794650147928657,0.4635502709028509,0.9964830363084052,40.080111,1606.415297772321,0.9958005092928006,3.5931942039795284,-2181.533470123032,4359.356241532425,4102.019731564592,89.96816901465641,0.0,20.2
2020-01-29,31.5,48.2,15.8,999.9,5.8,2.9,7.8,11.8,40.080111,116.584556,35.35,25.871231168217587,9.855707111701937,16.962787913466684,0.47873384011578846,0.9964830363084052,40.080111,1606.415297772321,0.9958005092928006,3.5931942039795284,-2181.533470123032,4359.356241532425,4102.019731564592,89.96816901465641,0.0,15.9
2020-01-30,30.1,47.1,15.8,999.9,6.1,3.6,7.8,13.4,40.080111,116.584556,35.35,24.804442827703806,9.88881441636032,17.134571623754038,0.49377555015997715,0.9964830363084052,40.080111,1606.415297772321,0.9958005092928006,3.5931942039795284,-2181.533470123032,4359.356241532425,4102.019731564592,89.96816901465641,0.0,14.4
2020-01-31,36.2,50.0,15.8,999.9,6.0,6.2,13.6,18.1,40.080111,116.584556,35.35,29.932780323635914,9.922468615569915,17.309946941921726,0.5086709438521044,0.9964830363084052,40.080111,1606.415297772321,0.9958005092928006,3.5931942039795284,-2181.533470123032,4359.356241532425,4102.019731564592,89.96816901465641,0.0,9.8
2020-02-01,34.8,48.0,22.1,999.9,5.6,5.3,9.7,15.7,40.080111,116.584556,35.35,28.874297281000917,9.956654234827903,17.488857675505308,0.5234156073655503,0.9964830363084052,40.080111,1606.415297772321,0.9958005092928006,3.5931942039795284,-2181.533470123032,4359.356241532425,4102.019731564592,89.96816901465641,0.0,10.1
2020-02-02,26.9,40.6,10.4,999.9,4.9,5.6,15.5,24.1,40.080111,116.584556,35.35,22.397289507902503,9.99135591430595,17.671245779262645,0.5380051715382996,0.9964830363084052,40.080111,1606.415297772321,0.9958005092928006,3.5931942039795284,-2181.533470123032,4359.356241532425,4102.019731564592,89.96816901465641,0.0,12.8
2020-02-03,27.4,38.5,12.2,999.9,6.7,6.2,13.6,19.4,40.080111,116.584556,35.35,22.893975068221287,10.02655842403852,17.85705136119657,0.5524353131676196,0.9964830363084052,40.080111,1606.415297772321,0.9958005092928006,3.5931942039795284,-2181.533470123032,4359.356241532425,4102.019731564592,89.96816901465641,0.0,8.4
2020-02-04,24.6,38.5,12.2,999.9,6.7,5.3,13.6,20.8,40.080111,116.584556,35.35,20.627605689975887,10.062246678037017,18.046212691826472,0.5667017562911176,0.9964830363084052,40.080111,1606.415297772321,0.9958005092928006,3.5931942039795284,-2181.533470123032,4359.356241532425,4102.019731564592,89.96816901465641,0.0,-1.7
2020-02-05,21.2,36.9,16.2,999.9,3.7,5.2,7.8,13.4,40.080111,116.584556,35.35,17.840516820287444,10.098405747332517,18.23866621674163,0.5808002734538009,0.9964830363084052,40.080111,1606.415297772321,0.9958005092928006,3.5931942039795284,-2181.533470123032,4359.356241532425,4102.019731564592,89.96816901465641,0.0,15.6
2020-02-06,21.1,25.5,14.0,999.9,3.9,3.7,7.8,9.7,40.080111,116.584556,35.35,17.820745033185393,10.135020871953776,18.43434657245861,0.5947266869607634,0.9964830363084052,40.080111,1606.415297772321,0.9958005092928006,3.5931942039795284,-2181.533470123032,4359.356241532425,4102.019731564592,89.96816901465641,0.0,16.3
2020-02-07,24.1,35.6,14.0,999.9,4.7,3.2,7.8,74.86011373160467,40.080111,116.584556,35.35,20.42892225596728,10.172077471850926,18.63318660559378,0.6084768701151261,0.9964830363084052,40.080111,1606.415297772321,0.9958005092928006,3.5931942039795284,-2181.533470123032,4359.356241532425,4102.019731564592,89.96816901465641,0.0,16.2
2020-02-08,30.9,45.5,15.8,999.9,5.5,2.9,7.8,11.5,40.080111,116.584556,35.35,26.28961997870504,10.209561156778657,18.83511739535171,0.6220467484408675,0.9964830363084052,40.080111,1606.415297772321,0.9958005092928006,3.5931942039795284,-2181.533470123032,4359.356241532425,4102.019731564592,89.96816901465641,0.0,16.5
2020-02-09,31.1,48.2,19.4,999.9,3.5,2.3,5.8,62.03829612955019,40.080111,116.584556,35.35,26.557994630278497,10.24745773515569,19.040068279319666,0.6354323008901774,0.9964830363084052,40.080111,1606.415297772321,0.9958005092928006,3.5931942039795284,-2181.533470123032,4359.356241532425,4102.019731564592,89.96816901465641,0.0,22.3
2020-02-10,35.2,54.9,23.0,999.9,3.4,2.7,5.8,-90.70945581955957,40.080111,116.584556,35.35,30.17154278429899,10.285753221920109,19.247966882548155,0.6486295610349814,0.9964830363084052,40.080111,1606.415297772321,0.9958005092928006,3.5931942039795284,-2181.533470123032,4359.356241532425,4102.019731564592,89.96816901465641,0.0,23.9
2020-02-11,35.8,54.9,24.4,999.9,1.8,2.6,5.8,11.7,40.080111,116.584556,35.35,30.80122763878413,10.324433845402503,19.458739149887414,0.6616346182422783,0.9964830363084052,40.080111,1606.415297772321,0.9958005092928006,3.5931942039795284,-2181.533470123032,4359.356241532425,4102.019731564592,89.96816901465641,0.0,28.1
2020-02-12,37.0,53.6,24.8,999.9,1.7,2.4,5.8,-62.59739166883857,40.080111,116.584556,35.35,31.95408199749319,10.363486053241035,19.67230938154009,0.6744436188329455,0.9964830363084052,40.080111,1606.415297772321,0.9958005092928006,3.5931942039795284,-2181.533470123032,4359.356241532425,4102.019731564592,89.96816901465641,0.0,29.8
2020-02-13,42.1,53.2,28.4,999.9,1.3,3.8,15.5,27.6,40.080111,116.584556,35.35,36.49682861508656,10.402896517364338,19.88860027178076,0.6870527672236669,0.9964830363084052,40.080111,1606.415297772321,0.9958005092928006,3.5931942039795284,-2181.533470123032,4359.356241532425,4102.019731564592,89.96816901465641,0.0,38.6
2020-02-14,29.5,47.7,23.0,999.9,4.7,11.9,21.4,40.8,40.080111,116.584556,35.35,25.67151983942148,10.442652138069755,20.107532950783654,0.699458327051647,0.9964830363084052,40.080111,1606.415297772321,0.9958005092928006,3.5931942039795284,-2181.533470123032,4359.356241532425,4102.019731564592,89.96816901465641,0.0,21.0
2020-02-15,26.5,32.7,23.0,999.9,6.7,16.1,25.3,35.0,40.080111,116.584556,35.35,23.14938427095668,10.482740047225667,20.32902702949127,0.7116566222817746,0.9964830363084052,40.080111,1606.415297772321,0.9958005092928006,3.5931942039795284,-2181.533470123032,4359.356241532425,4102.019731564592,89.96816901465641,0.0,4.7
2020-02-16,31.8,39.2,23.0,999.9,6.7,11.7,21.4,28.0,40.080111,116.584556,35.35,27.88634116816361,10.523147610627777,20.55300064744766,0.7236440382959124,0.9964830363084052,40.080111,1606.415297772321,0.9958005092928006,3.5931942039795284,-2181.533470123032,4359.356241532425,4102.019731564592,89.96816901465641,0.0,7.6
2020-02-17,33.1,50.0,21.2,999.9,6.7,4.6,15.5,25.3,40.080111,116.584556,35.35,29.138653868147788,10.563862429539983,20.779370523512146,0.7354170229639855,0.9964830363084052,40.080111,1606.415297772321,0.9958005092928006,3.5931942039795284,-2181.533470123032,4359.356241532425,4102.019731564592,89.96816901465641,0.0,15.7
2020-02-18,37.0,51.8,24.3,999.9,6.5,3.6,7.8,-78.8264151876556,40.080111,116.584556,35.35,32.69835638614093,10.604872341451113,21.00805200936111,0.7469720876965552,0.9964830363084052,40.080111,1606.415297772321,0.9958005092928006,3.5931942039795284,-2181.533470123032,4359.356241532425,4102.019731564592,89.96816901465641,0.0,20.8
2020-02-19,37.1,50.4,26.6,999.9,5.1,3.0,7.8,12.6,40.080111,116.584556,35.35,32.914394757078114,10.646165420079173,21.238959145678027,0.7583058084785624,0.9964830363084052,40.080111,1606.415297772321,0.9958005092928006,3.5931942039795284,-2181.533470123032,4359.356241532425,4102.019731564592,89.96816901465641,0.0,25.7
2020-02-20,34.4,46.4,28.4,999.9,2.1,2.6,5.8,10.3,40.080111,116.584556,35.35,30.63815926067763,10.687729974654987,21.472004720924595,0.7694148268839378,0.9964830363084052,40.080111,1606.415297772321,0.9958005092928006,3.5931942039795284,-2181.533470123032,4359.356241532425,4102.019731564592,89.96816901465641,0.0,29.4
2020-02-21,39.9,53.6,28.4,999.9,5.2,9.0,21.4,27.2,40.080111,116.584556,35.35,35.67576887381965,10.729554548517187,21.707100332579078,0.7802958510707755,0.9964830363084052,40.080111,1606.415297772321,0.9958005092928006,3.5931942039795284,-2181.533470123032,4359.356241532425,4102.019731564592,89.96816901465641,0.0,14.5
2020-02-22,38.1,51.8,24.8,999.9,6.7,6.1,13.6,22.0,40.080111,116.584556,35.35,34.19991863663496,10.771627917050381,21.944156450721263,0.7909456567567772,0.9964830363084052,40.080111,1606.415297772321,0.9958005092928006,3.5931942039795284,-2181.533470123032,4359.356241532425,4102.019731564592,89.96816901465641,0.0,9.3
2020-02-23,37.8,50.5,26.6,999.9,6.3,2.7,5.8,-12.331759473338742,40.080111,116.584556,35.35,34.06390811774389,10.813939084998063,22.183082483837673,0.8013610881746766,0.9964830363084052,40.080111,1606.415297772321,0.9958005092928006,3.5931942039795284,-2181.533470123032,4359.356241532425,4102.019731564592,89.96816901465641,0.0,20.9
2020-02-24,42.7,50.5,29.5,999.9,6.2,3.2,9.7,13.8,40.080111,116.584556,35.35,38.63096499932116,10.856477283181588,22.423786846714655,0.8115390590073611,0.9964830363084052,40.080111,1606.415297772321,0.9958005092928006,3.5931942039795284,-2181.533470123032,4359.356241532425,4102.019731564592,89.96816901465641,0.0,24.3
2020-02-25,42.9,51.8,30.2,999.9,6.2,4.8,9.7,12.8,40.080111,116.584556,35.35,38.96475427364486,10.899231964655904,22.66617703028179,0.8214765533024142,0.9964830363084052,40.080111,1606.415297772321,0.9958005092928006,3.5931942039795284,-2181.533470123032,4359.356241532425,4102.019731564592,89.96816901465641,0.0,22.5
2020-02-26,39.6,49.8,30.2,999.9,6.4,4.9,9.7,14.0,40.080111,116.584556,35.35,36.109236241096575,10.942192800332295,22.910159673263163,0.8311706263658079,0.9964830363084052,40.080111,1606.415297772321,0.9958005092928006,3.5931942039795284,-2181.533470123032,4359.356241532425,4102.019731564592,89.96816901465641,0.0,21.7
2020-02-27,36.1,47.3,24.8,999.9,6.7,5.0,11.7,15.7,40.080111,116.584556,35.35,33.04759360291069,10.985349674097735,23.15564063548959,0.8406184056344782,0.9964830363084052,40.080111,1606.415297772321,0.9958005092928006,3.5931942039795284,-2181.533470123032,4359.356241532425,4102.019731564592,89.96816901465641,0.0,18.1
2020-02-28,39.1,48.2,27.1,999.9,5.3,3.6,9.7,11.1,40.080111,116.584556,35.35,35.93515697405606,11.028692677459661,23.40252507272061,0.8498170915275278,0.9964830363084052,40.080111,1606.415297772321,0.9958005092928006,3.5931942039795284,-2181.533470123032,4359.356241532425,4102.019731564592,89.96816901465641,0.0,27.2
2020-02-29,37.1,46.9,30.4,999.9,1.4,2.8,5.8,13.391428220115516,40.080111,116.584556,35.35,34.231589087409574,11.072212103744336,23.65071751282164,0.8587639582758029,0.9964830363084052,40.080111,1606.415297772321,0.9958005092928006,3.5931942039795284,-2181.533470123032,4359.356241532425,4102.019731564592,89.96816901465641,0.0,36.3
2020-03-01,37.3,51.8,21.2,999.9,5.6,6.9,21.4,33.0,40.080111,116.584556,35.35,34.5519176568314,11.115898441876055,23.900121933138283,0.8674563547295969,0.9964830363084052,40.080111,1606.415297772321,0.9958005092928006,3.5931942039795284,-2181.533470123032,4359.356241532425,4102.019731564592,89.96816901465641,0.0,16.3
2020-03-02,38.3,51.1,23.4,999.9,4.9,6.2,15.5,17.7,40.080111,116.584556,35.35,35.61817773016239,11.159742369763674,24.150641838907084,0.8758917051442429,0.9964830363084052,40.080111,1606.415297772321,0.9958005092928006,3.5931942039795284,-2181.533470123032,4359.356241532425,4102.019731564592,89.96816901465641,0.0,22.9
2020-03-03,35.0,49.1,19.4,999.9,6.7,13.2,21.4,33.0,40.080111,116.584556,35.35,32.67755967968345,11.20373474732004,24.40218034253944,0.8840675099433636,0.9964830363084052,40.080111,1606.415297772321,0.9958005092928006,3.5931942039795284,-2181.533470123032,4359.356241532425,4102.019731564592,89.96816901465641,0.0,7.8
2020-03-04,34.0,46.6,19.4,999.9,6.7,4.3,8.2,21.6,40.080111,116.584556,35.35,31.8689553925607,11.24786660913907,24.654640243613738,0.8919813464595485,0.9964830363084052,40.080111,1606.415297772321,0.9958005092928006,3.5931942039795284,-2181.533470123032,4359.356241532425,4102.019731564592,89.96816901465641,0.0,8.3
2020-03-05,37.1,48.7,26.4,999.9,6.3,5.7,15.5,22.1,40.080111,116.584556,35.35,34.91149930994107,11.292129156854255,24.90792410940894,0.8996308696522433,0.9964830363084052,40.080111,1606.415297772321,0.9958005092928006,3.5931942039795284,-2181.533470123032,4359.356241532425,4102.019731564592,89.96816901465641,0.0,17.2
2020-03-06,41.0,51.8,29.7,999.9,3.8,4.5,9.7,12.6,40.080111,116.584556,35.35,38.733088649938814,11.336513751201604,25.16193435581213,0.9070138128026359,0.9964830363084052,40.080111,1606.415297772321,0.9958005092928006,3.5931942039795284,-2181.533470123032,4359.356241532425,4102.019731564592,89.96816901465641,0.0,32.1
2020-03-07,48.0,60.1,34.0,999.9,4.3,5.8,9.7,16.5,40.080111,116.584556,35.35,45.52404761523619,11.381011903809048,25.416573328431433,0.9141279881853337,0.9964830363084052,40.080111,1606.415297772321,0.9958005092928006,3.5931942039795284,-2181.533470123032,4359.356241532425,4102.019731564592,89.96816901465641,0.0,30.4
2020-03-08,40.8,60.1,38.3,999.9,1.4,3.9,5.8,17.278342680227006,40.080111,116.584556,35.35,38.847091913694186,11.425615268733585,25.671743383746037,0.9209712877166346,0.9964830363084052,40.080111,1606.415297772321,0.9958005092928006,3.5931942039795284,-2181.533470123032,4359.356241532425,4102.019731564592,89.96816901465641,0.0,39.0
2020-03-09,41.6,53.6,26.6,999.9,5.4,4.5,11.7,12.4,40.080111,116.584556,35.35,39.76376086372386,11.470315633766498,25.927346970124834,0.9275416835791966,0.9964830363084052,40.080111,1606.415297772321,0.9958005092928006,3.5931942039795284,-2181.533470123032,4359.356241532425,4102.019731564592,89.96816901465641,0.0,35.3
2020-03-10,39.6,53.1,23.0,999.9,6.5,7.6,25.3,31.1,40.080111,116.584556,35.35,37.99984620803683,11.515104911526311,26.183286708546216,0.9338372288229252,0.9964830363084052,40.080111,1606.415297772321,0.9958005092928006,3.5931942039795284,-2181.533470123032,4359.356241532425,4102.019731564592,89.96816901465641,0.0,9.3
2020-03-11,43.7,61.7,28.6,999.9,6.6,3.9,9.7,13.8,40.080111,116.584556,35.35,42.09757609972121,11.559975130358227,26.439465472852493,0.9398560579418954,0.9964830363084052,40.080111,1606.415297772321,0.9958005092928006,3.5931942039795284,-2181.533470123032,4359.356241532425,4102.019731564592,89.96816901465641,0.0,21.1
2020-03-12,47.2,61.7,26.6,999.9,6.3,7.6,13.6,21.4,40.080111,116.584556,35.35,45.64601247189562,11.604918425058207,26.695786469373857,0.9455963874271426,0.9964830363084052,40.080111,1606.415297772321,0.9958005092928006,3.5931942039795284,-2181.533470123032,4359.356241532425,4102.019731564592,89.96816901465641,0.0,8.4
2020-03-13,42.5,57.7,24.8,999.9,7.2,7.6,19.4,29.1,40.080111,116.584556,35.35,41.260158222180024,11.649927027439066,26.95215331575917,0.9510565162951535,0.9964830363084052,40.080111,1606.415297772321,0.9958005092928006,3.5931942039795284,-2181.533470123032,4359.356241532425,4102.019731564592,89.96816901465641,0.0,8.4
2020-03-14,47.9,61.2,31.5,999.9,7.7,7.3,19.4,25.3,40.080111,116.584556,35.35,46.68251474988177,11.69499325675535,27.208470118852805,0.9562348265919056,0.9964830363084052,40.080111,1606.415297772321,0.9958005092928006,3.5931942039795284,-2181.533470123032,4359.356241532425,4102.019731564592,89.96816901465641,0.0,12.4
2020-03-15,48.2,64.9,26.6,999.9,6.7,5.3,11.7,20.4,40.080111,116.584556,35.35,47.1561065318461,11.740109510003178,27.46464155145986,0.9611297838723007,0.9964830363084052,40.080111,1606.415297772321,0.9958005092928006,3.5931942039795284,-2181.533470123032,4359.356241532425,4102.019731564592,89.96816901465641,0.0,19.8
2020-03-16,40.8,64.9,28.4,999.9,6.4,2.8,6.0,16.1,40.080111,116.584556,35.35,40.06991205717635,11.785268252110694,27.720572927845225,0.9657399376548549,0.9964830363084052,40.080111,1606.415297772321,0.9958005092928006,3.5931942039795284,-2181.533470123032,4359.356241532425,4102.019731564592,89.96816901465641,0.0,24.1
2020-03-17,55.1,73.9,33.4,999.9,6.2,3.6,11.7,13.4,40.080111,116.584556,35.35,54.32153804437399,11.830462006034262,27.976170277815655,0.9700639218515071,0.9964830363084052,40.080111,1606.415297772321,0.9958005092928006,3.5931942039795284,-2181.533470123032,4359.356241532425,4102.019731564592,89.96816901465641,0.0,24.5
2020-03-18,56.1,79.2,39.9,999.9,6.0,13.1,31.1,44.7,40.080111,116.584556,35.35,55.51881962747396,11.875683342775178,28.23134041923798,0.9741004551724205,0.9964830363084052,40.080111,1606.415297772321,0.9958005092928006,3.5931942039795284,-2181.533470123032,4359.356241532425,4102.019731564592,89.96816901465641,0.0,17.5
2020-03-19,51.9,79.2,37.4,999.9,6.7,8.7,23.3,25.8,40.080111,116.584556,35.35,51.55800006850743,11.920924871331199,28.48599102885103,0.9778483415056568,0.9964830363084052,40.080111,1606.415297772321,0.9958005092928006,3.5931942039795284,-2181.533470123032,4359.356241532425,4102.019731564592,89.96816901465641,0.0,10.7
2020-03-20,60.9,77.0,42.8,999.9,6.4,5.6,15.5,25.3,40.080111,116.584556,35.35,60.72835958512998,11.96617922859704,28.740030711233693,0.9813064702716093,0.9964830363084052,40.080111,1606.415297772321,0.9958005092928006,3.5931942039795284,-2181.533470123032,4359.356241532425,4102.019731564592,89.96816901465641,0.0,22.1
2020-03-21,52.1,75.4,32.0,999.9,6.3,5.5,9.7,19.2,40.080111,116.584556,35.35,52.14966462556307,12.01143906922758,28.993369065796646,0.9844738167520922,0.9964830363084052,40.080111,1606.415297772321,0.9958005092928006,3.5931942039795284,-2181.533470123032,4359.356241532425,4102.019731564592,89.96816901465641,0.0,22.1
2020-03-22,53.9,71.6,36.0,999.9,6.4,5.3,13.6,20.2,40.080111,116.584556,35.35,54.154664274186295,12.05669705547747,29.245916751670823,0.9873494423939864,0.9964830363084052,40.080111,1606.415297772321,0.9958005092928006,3.5931942039795284,-2181.533470123032,4359.356241532425,4102.019731564592,89.96816901465641,0.0,27.1
2020-03-23,54.8,72.1,37.4,999.9,6.2,5.3,13.6,17.5,40.080111,116.584556,35.35,55.2655527014401,12.10194584703068,29.49758555037156,0.989932495087353,0.9964830363084052,40.080111,1606.415297772321,0.9958005092928006,3.5931942039795284,-2181.533470123032,4359.356241532425,4102.019731564592,89.96816901465641,0.0,23.8
2020-03-24,56.6,72.1,43.3,999.9,5.8,3.8,7.8,13.8,40.080111,116.584556,35.35,57.29418999509766,12.147178090833426,29.74828842612354,0.9922222094179323,0.9964830363084052,40.080111,1606.415297772321,0.9958005092928006,3.5931942039795284,-2181.533470123032,4359.356241532425,4102.019731564592,89.96816901465641,0.0,34.9
2020-03-25,60.5,71.6,41.0,999.9,4.4,7.0,21.4,30.5,40.080111,116.584556,35.35,61.469948155176105,12.192386410944021,29.99793958373815,0.994217906893952,0.9964830363084052,40.080111,1606.415297772321,0.9958005092928006,3.5931942039795284,-2181.533470123032,4359.356241532425,4102.019731564592,89.96816901465641,0.0,40.4
2020-03-26,44.2,70.3,32.0,999.9,6.7,10.6,17.5,30.5,40.080111,116.584556,35.35,45.075025184155336,12.237563398413212,30.246454523941583,0.995918996147179,0.9964830363084052,40.080111,1606.415297772321,0.9958005092928006,3.5931942039795284,-2181.533470123032,4359.356241532425,4102.019731564592,89.96816901465641,0.0,12.7
2020-03-27,42.8,59.0,23.0,999.9,6.7,9.5,21.4,31.1,40.080111,116.584556,35.35,43.80830237764445,12.282701601208725,30.493750096059184,0.9973249731081555,0.9964830363084052,40.080111,1606.415297772321,0.9958005092928006,3.5931942039795284,-2181.533470123032,4359.356241532425,4102.019731564592,89.96816901465641,0.0,4.2
2020-03-28,45.4,57.6,30.0,999.9,6.7,5.1,9.7,-18.31804323738635,40.080111,116.584556,35.35,46.64015212871572,12.327793514197987,30.739744547968833,0.9984354211555643,0.9964830363084052,40.080111,1606.415297772321,0.9958005092928006,3.5931942039795284,-2181.533470123032,4359.356241532425,4102.019731564592,89.96816901465641,0.0,11.1
2020-03-29,49.8,62.6,33.8,999.9,6.4,4.9,11.7,17.5,40.080111,116.584556,35.35,51.347251012193176,12.372831569203177,30.984357573243397,0.9992500112396835,0.9964830363084052,40.080111,1606.415297772321,0.9958005092928006,3.5931942039795284,-2181.533470123032,4359.356241532425,4102.019731564592,89.96816901465641,0.0,24.8
2020-03-30,54.5,64.4,43.3,999.9,6.1,5.4,11.7,17.5,40.080111,116.584556,35.35,56.3975452350254,12.417808125143207,31.227510355410796,0.9997685019798909,0.9964830363084052,40.080111,1606.415297772321,0.9958005092928006,3.5931942039795284,-2181.533470123032,4359.356241532425,4102.019731564592,89.96816901465641,0.0,34.6
2020-03-31,56.5,66.6,46.8,999.9,5.4,6.9,13.6,27.2,40.080111,116.584556,35.35,58.67861861605679,12.462715458277549,31.469125609267085,0.9999907397361901,0.9964830363084052,40.080111,1606.415297772321,0.9958005092928006,3.5931942039795284,-2181.533470123032,4359.356241532425,4102.019731564592,89.96816901465641,0.0,29.0
2020-04-01,50.0,66.6,33.8,999.9,6.7,5.0,9.7,92.77641822991791,40.080111,116.584556,35.35,52.11477396903034,12.507545752567282,31.70912761918718,0.9999166586547379,0.9964830363084052,40.080111,1606.415297772321,0.9958005092928006,3.5931942039795284,-2181.533470123032,4359.356241532425,4102.019731564592,89.96816901465641,0.0,13.3
2020-04-02,55.3,70.2,35.1,999.9,6.6,6.2,15.5,4.747327318978304,40.080111,116.584556,35.35,57.84514144053025,12.552291090169312,31.947442274385256,0.9995462806873573,0.9964830363084052,40.080111,1606.415297772321,0.9958005092928006,3.5931942039795284,-2181.533470123032,4359.356241532425,4102.019731564592,89.96816901465641,0.0,15.2
2020-04-03,65.7,78.8,38.7,999.9,6.7,7.3,15.5,25.3,40.080111,116.584556,35.35,68.96826534538894,12.596943442080173,32.183997101085794,0.9988797155850336,0.9964830363084052,40.080111,1606.415297772321,0.9958005092928006,3.5931942039795284,-2181.533470123032,4359.356241532425,4102.019731564592,89.96816901465641,0.0,15.2
2020-04-04,53.0,77.9,33.8,999.9,6.2,7.0,11.7,-75.05197356277313,40.080111,116.584556,35.35,55.83326807701387,12.641494658946538,32.41872129157452,0.9979171608653922,0.9964830363084052,40.080111,1606.415297772321,0.9958005092928006,3.5931942039795284,-2181.533470123032,4359.356241532425,4102.019731564592,89.96816901465641,0.0,24.9
2020-04-05,53.4,65.5,39.0,999.9,6.4,4.0,7.8,-15.003988000337632,40.080111,116.584556,35.35,56.452417256167756,12.68593646206017,32.651545730106754,0.9966589017541702,0.9964830363084052,40.080111,1606.415297772321,0.9958005092928006,3.5931942039795284,-2181.533470123032,4359.356241532425,4102.019731564592,89.96816901465641,0.0,24.8
2020-04-06,60.5,75.2,44.6,999.9,6.0,4.4,7.8,12.4,40.080111,116.584556,35.35,64.18172969088532,12.730260434555765,32.88240301566015,0.9951053111006976,0.9964830363084052,40.080111,1606.415297772321,0.9958005092928006,3.5931942039795284,-2181.533470123032,4359.356241532425,4102.019731564592,89.96816901465641,0.0,33.3
2020-04-07,53.4,74.5,35.6,999.9,6.1,5.7,11.7,23.97999865367045,40.080111,116.584556,35.35,56.846338157097584,12.774458012830918,33.11122748152627,0.9932568492674143,0.9964830363084052,40.080111,1606.415297772321,0.9958005092928006,3.5931942039795284,-2181.533470123032,4359.356241532425,4102.019731564592,89.96816901465641,0.0,22.2
2020-04-08,53.2,65.5,38.7,999.9,6.9,5.6,9.7,3.6853380776096163,40.080111,116.584556,35.35,56.8287741200562,12.818520478208166,33.337955211745005,0.9911140639934547,0.9964830363084052,40.080111,1606.415297772321,0.9958005092928006,3.5931942039795284,-2181.533470123032,4359.356241532425,4102.019731564592,89.96816901465641,0.0,21.4
2020-04-09,49.9,59.7,38.8,999.9,6.2,4.5,9.7,-17.353840918924032,40.080111,116.584556,35.35,53.48630862900937,12.862438948859971,33.56252405439414,0.9886775902323405,0.9964830363084052,40.080111,1606.415297772321,0.9958005092928006,3.5931942039795284,-2181.533470123032,4359.356241532425,4102.019731564592,89.96816901465641,0.0,32.6
2020-04-10,52.8,64.4,37.4,999.9,6.1,3.9,7.8,-48.5308089781268,40.080111,116.584556,35.35,56.7872992368802,12.906204372018227,33.78487363175453,0.9859481499638304,0.9964830363084052,40.080111,1606.415297772321,0.9958005092928006,3.5931942039795284,-2181.533470123032,4359.356241532425,4102.019731564592,89.96816901465641,0.0,27.0
2020-04-11,60.2,75.2,39.2,999.9,6.6,6.4,11.7,70.79105620769845,40.080111,116.584556,35.35,64.96486770772934,12.949807516490896,34.00494534738044,0.9829265519799822,0.9964830363084052,40.080111,1606.415297772321,0.9958005092928006,3.5931942039795284,-2181.533470123032,4359.356241532425,4102.019731564592,89.96816901465641,0.0,13.8
2020-04-12,60.9,80.6,37.4,999.9,6.4,5.4,9.7,19.4,40.080111,116.584556,35.35,65.94068774995866,12.993238965509093,34.222682390112396,0.9796136916454901,0.9964830363084052,40.080111,1606.415297772321,0.9958005092928006,3.5931942039795284,-2181.533470123032,4359.356241532425,4102.019731564592,89.96816901465641,0.0,20.1
2020-04-13,61.4,80.8,41.0,999.9,6.1,3.7,9.7,166.99915485133735,40.080111,116.584556,35.35,66.70336927913637,13.036489109928931,34.438029735078395,0.9760105506323683,0.9964830363084052,40.080111,1606.415297772321,0.9958005092928006,3.5931942039795284,-2181.533470123032,4359.356241532425,4102.019731564592,89.96816901465641,0.0,25.3
2020-04-14,66.1,80.8,48.0,999.9,5.5,5.0,11.7,23.3,40.080111,116.584556,35.35,72.04651101448822,13.079548141813294,34.650934141737174,0.9721181966290613,0.9964830363084052,40.080111,1606.415297772321,0.9958005092928006,3.5931942039795284,-2181.533470123032,4359.356241532425,4102.019731564592,89.96816901465641,0.0,38.4
2020-04-15,63.5,79.7,50.0,999.9,5.2,6.6,17.5,19.4,40.080111,116.584556,35.35,69.43939867288678,13.122406048419547,34.86134414902511,0.9679377830240642,0.9964830363084052,40.080111,1606.415297772321,0.9958005092928006,3.5931942039795284,-2181.533470123032,4359.356241532425,4102.019731564592,89.96816901465641,0.0,45.3
2020-04-16,57.3,76.1,48.2,999.9,6.7,7.7,21.4,29.5,40.080111,116.584556,35.35,62.86312619661099,13.165052606620105,35.069210067675996,0.9634705485641488,0.9964830363084052,40.080111,1606.415297772321,0.9958005092928006,3.5931942039795284,-2181.533470123032,4359.356241532425,4102.019731564592,89.96816901465641,0.0,40.4
2020-04-17,59.0,71.6,41.0,999.9,6.7,6.7,15.5,23.3,40.080111,116.584556,35.35,64.93676377410226,13.20747737778351,35.27448396979013,0.9587178169872964,0.9964830363084052,40.080111,1606.415297772321,0.9958005092928006,3.5931942039795284,-2181.533470123032,4359.356241532425,4102.019731564592,89.96816901465641,0.0,35.6
2020-04-18,63.7,73.4,47.7,999.9,6.3,4.8,7.8,-10.116023321037556,40.080111,116.584556,35.35,70.33366334085927,13.249669703144605,35.47711967573631,0.9536809966304457,0.9964830363084052,40.080111,1606.415297772321,0.9958005092928006,3.5931942039795284,-2181.533470123032,4359.356241532425,4102.019731564592,89.96816901465641,0.0,38.1
2020-04-19,60.2,72.1,50.0,999.9,6.0,13.3,27.2,38.9,40.080111,116.584556,35.35,66.67962047679293,13.291618699692943,35.67707273847723,0.9483615800121715,0.9964830363084052,40.080111,1606.415297772321,0.9958005092928006,3.5931942039795284,-2181.533470123032,4359.356241532425,4102.019731564592,89.96816901465641,0.0,36.3
2020-04-20,51.1,70.5,37.4,999.9,6.7,13.0,29.1,35.0,40.080111,116.584556,35.35,56.777692284395094,13.333313256609417,35.874300425414816,0.9427611433904207,0.9964830363084052,40.080111,1606.415297772321,0.9958005092928006,3.5931942039795284,-2181.533470123032,4359.356241532425,4102.019731564592,89.96816901465641,0.0,12.6
2020-04-21,49.0,60.3,37.2,999.9,6.7,17.9,25.3,35.0,40.080111,116.584556,35.35,54.613529965149766,13.374742032281574,36.068761697858655,0.9368813462954315,0.9964830363084052,40.080111,1606.415297772321,0.9958005092928006,3.5931942039795284,-2181.533470123032,4359.356241532425,4102.019731564592,89.96816901465641,0.0,0.8
2020-04-22,52.1,60.8,43.0,999.9,6.7,14.2,21.4,35.0,40.080111,116.584556,35.35,58.247337403790254,13.415893451928657,36.260417188225894,0.9307239310379795,0.9964830363084052,40.080111,1606.415297772321,0.9958005092928006,3.5931942039795284,-2181.533470123032,4359.356241532425,4102.019731564592,89.96816901465641,0.0,2.9
2020-04-23,57.0,68.0,39.2,999.9,6.7,9.4,19.4,29.1,40.080111,116.584556,35.35,63.91958960287207,13.456755705867806,36.44922917508665,0.9242907221930933,0.9964830363084052,40.080111,1606.415297772321,0.9958005092928006,3.5931942039795284,-2181.533470123032,4359.356241532425,4102.019731564592,89.96816901465641,0.0,7.4
2020-04-24,71.7,86.0,44.8,999.9,6.5,13.4,21.4,35.0,40.080111,116.584556,35.35,80.64646757200768,13.497316748453166,36.635161556173536,0.9175836260593937,0.9964830363084052,40.080111,1606.415297772321,0.9958005092928006,3.5931942039795284,-2181.533470123032,4359.356241532425,4102.019731564592,89.96816901465641,0.0,13.4
2020-04-25,58.4,86.0,39.2,999.9,6.7,5.3,15.5,17.5,40.080111,116.584556,35.35,65.88281291556962,13.537564297719785,36.81817981947876,0.9106046300942162,0.9964830363084052,40.080111,1606.415297772321,0.9958005092928006,3.5931942039795284,-2181.533470123032,4359.356241532425,4102.019731564592,89.96816901465641,0.0,23.0
2020-04-26,58.8,73.4,39.2,999.9,6.6,4.5,9.7,17.5,40.080111,116.584556,35.35,66.52968059524484,13.577485835764254,36.99825101256564,0.9033558023246845,0.9964830363084052,40.080111,1606.415297772321,0.9958005092928006,3.5931942039795284,-2181.533470123032,4359.356241532425,4102.019731564592,89.96816901465641,0.0,27.6
2020-04-27,60.6,78.8,42.8,999.9,6.3,4.0,11.7,17.5,40.080111,116.584556,35.35,68.76619647996401,13.617068609893863,37.175343710225654,0.895839290734909,0.9964830363084052,40.080111,1606.415297772321,0.9958005092928006,3.5931942039795284,-2181.533470123032,4359.356241532425,4102.019731564592,89.96816901465641,0.0,33.7
2020-04-28,70.5,84.2,48.6,999.9,6.2,6.0,9.7,0.4900258000018418,40.080111,116.584556,35.35,80.23076035313275,13.656299634575788,37.34942798061424,0.8880573226294932,0.9964830363084052,40.080111,1606.415297772321,0.9958005092928006,3.5931942039795284,-2181.533470123032,4359.356241532425,4102.019731564592,89.96816901465641,0.0,43.3
2020-04-29,69.7,84.4,51.8,999.9,6.0,4.1,7.8,31.922625254404636,40.080111,116.584556,35.35,79.5460874072451,13.695165694217234,37.52047535000173,0.8800122039735357,0.9964830363084052,40.080111,1606.415297772321,0.9958005092928006,3.5931942039795284,-2181.533470123032,4359.356241532425,4102.019731564592,89.96816901465641,0.0,48.2
2020-04-30,76.4,91.4,56.8,999.9,3.8,4.5,9.7,50.21030619297325,40.080111,116.584556,35.35,87.43759297467034,13.73365334680686,37.688458766277634,0.8717063187093218,0.9964830363084052,40.080111,1606.415297772321,0.9958005092928006,3.5931942039795284,-2181.533470123032,4359.356241532425,4102.019731564592,89.96816901465641,0.0,57.9
2020-05-01,80.8,93.4,63.5,999.9,4.6,5.5,9.7,2.27576598847115,40.080111,116.584556,35.35,92.72977611820826,13.771748928446772,37.85335256134731,0.8631421280499114,0.9964830363084052,40.080111,1606.415297772321,0.9958005092928006,3.5931942039795284,-2181.533470123032,4359.356241532425,4102.019731564592,89.96816901465641,0.0,61.5
2020-05-02,77.9,93.4,66.2,999.9,5.2,7.4,11.7,19.4,40.080111,116.584556,35.35,89.64627197756464,13.80943855880328,38.01513241256187,0.854322169749827,0.9964830363084052,40.080111,1606.415297772321,0.9958005092928006,3.5931942039795284,-2181.533470123032,4359.356241532425,4102.019731564592,89.96816901465641,0.0,62.1
2020-05-03,69.1,89.8,60.4,999.9,3.8,4.9,7.8,89.2335739425118,40.080111,116.584556,35.35,79.73396108270542,13.846708147503113,38.17377530332167,0.8452490573530633,0.9964830363084052,40.080111,1606.415297772321,0.9958005092928006,3.5931942039795284,-2181.533470123032,4359.356241532425,4102.019731564592,89.96816901465641,0.0,58.6
2020-05-04,57.9,77.9,46.4,999.9,5.7,5.4,9.7,15.5,40.080111,116.584556,35.35,66.98809691223826,13.883543401500159,38.32925948299367,0.8359254794186372,0.9964830363084052,40.080111,1606.415297772321,0.9958005092928006,3.5931942039795284,-2181.533470123032,4359.356241532425,4102.019731564592,89.96816901465641,0.0,48.7
2020-05-05,65.6,77.0,53.8,999.9,4.4,5.0,9.7,25.661089908107368,40.080111,116.584556,35.35,76.09561642278216,13.919929833435763,38.48156442628246,0.8263541987239096,0.9964830363084052,40.080111,1606.415297772321,0.9958005092928006,3.5931942039795284,-2181.533470123032,4359.356241532425,4102.019731564592,89.96816901465641,0.0,54.0
2020-05-06,68.6,77.7,58.1,999.9,4.8,5.2,9.7,10.077034887907033,40.080111,116.584556,35.35,79.78095834095981,13.95585277101338,38.630670792192724,0.8165380514459161,0.9964830363084052,40.080111,1606.415297772321,0.9958005092928006,3.5931942039795284,-2181.533470123032,4359.356241532425,4102.019731564592,89.96816901465641,0.0,51.8
2020-05-07,62.0,77.7,55.9,999.9,3.3,3.6,5.8,33.93569074776621,40.080111,116.584556,35.35,72.28836973159667,13.991297367405808,38.7765603827195,0.8064799463209448,0.9964830363084052,40.080111,1606.415297772321,0.9958005092928006,3.5931942039795284,-2181.533470123032,4359.356241532425,4102.019731564592,89.96816901465641,0.0,54.0
2020-05-08,57.1,66.4,50.0,999.9,4.8,3.8,7.8,108.4947384811827,40.080111,116.584556,35.35,66.7415663154798,14.02624861271029,38.91921610139975,0.7961828637826158,0.9964830363084052,40.080111,1606.415297772321,0.9958005092928006,3.5931942039795284,-2181.533470123032,4359.356241532425,4102.019731564592,89.96816901465641,0.0,52.8
2020-05-09,60.6,69.8,48.2,999.9,4.8,3.7,9.7,62.97343236477364,40.080111,116.584556,35.35,71.0064912996414,14.060691346463642,39.05862191185562,0.7856498550787147,0.9964830363084052,40.080111,1606.415297772321,0.9958005092928006,3.5931942039795284,-2181.533470123032,4359.356241532425,4102.019731564592,89.96816901465641,0.0,53.5
2020-05-10,69.4,80.6,51.4,999.9,6.2,11.8,19.4,29.1,40.080111,116.584556,35.35,81.51382940192349,14.094610271225962,39.1947627964564,0.7748840413670407,0.9964830363084052,40.080111,1606.415297772321,0.9958005092928006,3.5931942039795284,-2181.533470123032,4359.356241532425,4102.019731564592,89.96816901465641,0.0,26.3
2020-05-11,73.0,86.0,58.5,999.9,6.3,12.9,21.4,36.9,40.080111,116.584556,35.35,85.94527230069586,14.127989967237676,39.32762471522189,0.7638886127905428,0.9964830363084052,40.080111,1606.415297772321,0.9958005092928006,3.5931942039795284,-2181.533470123032,4359.356241532425,4102.019731564592,89.96816901465641,0.0,25.8
2020-05-12,66.5,82.4,48.2,999.9,6.7,7.1,17.5,-72.110532961811,40.080111,116.584556,35.35,78.47451594933376,14.160814908150455,39.457194565084905,0.7526668275320085,0.9964830363084052,40.080111,1606.415297772321,0.9958005092928006,3.5931942039795284,-2181.533470123032,4359.356241532425,4102.019731564592,89.96816901465641,0.0,36.7
2020-05-13,75.4,87.8,53.4,999.9,6.3,5.4,13.6,-2.574888678842104,40.080111,116.584556,35.35,89.17978655235301,14.193069477828063,39.58346013962639,0.7412220108485958,0.9964830363084052,40.080111,1606.415297772321,0.9958005092928006,3.5931942039795284,-2181.533470123032,4359.356241532425,4102.019731564592,89.96816901465641,0.0,53.1
2020-05-14,74.8,87.8,63.9,999.9,6.0,7.4,13.6,17.805522288811744,40.080111,116.584556,35.35,88.66753345983219,14.224737988208373,39.706410089389756,0.7295575540864875,0.9964830363084052,40.080111,1606.415297772321,0.9958005092928006,3.5931942039795284,-2181.533470123032,4359.356241532425,4102.019731564592,89.96816901465641,0.0,53.6
2020-05-15,65.3,86.5,59.0,999.9,6.0,6.2,9.7,-9.633696647121493,40.080111,116.584556,35.35,77.57533723277409,14.255804698212696,39.82603388287621,0.717676913675962,0.9964830363084052,40.080111,1606.415297772321,0.9958005092928006,3.5931942039795284,-2181.533470123032,4359.356241532425,4102.019731564592,89.96816901465641,0.0,54.6
2020-05-16,59.5,72.5,46.4,999.9,5.0,3.0,5.8,41.899683737979686,40.080111,116.584556,35.35,70.8360085920122,14.286253833683132,39.94232176831558,0.705583610107178,0.9964830363084052,40.080111,1606.415297772321,0.9958005092928006,3.5931942039795284,-2181.533470123032,4359.356241532425,4102.019731564592,89.96816901465641,0.0,49.2
2020-05-17,60.2,73.0,46.4,999.9,6.4,6.6,17.5,23.3,40.080111,116.584556,35.35,71.81894920175395,14.316069608323048,40.055264736300735,0.6932812268869777,0.9964830363084052,40.080111,1606.415297772321,0.9958005092928006,3.5931942039795284,-2181.533470123032,4359.356241532425,4102.019731564592,89.96816901465641,0.0,35.3
2020-05-18,69.9,82.4,55.2,999.9,6.7,7.9,15.5,25.3,40.080111,116.584556,35.35,83.5610011306776,14.345236245609886,40.16485448336658,0.6807734094770161,0.9964830363084052,40.080111,1606.415297772321,0.9958005092928006,3.5931942039795284,-2181.533470123032,4359.356241532425,4102.019731564592,89.96816901465641,0.0,34.6
2020-05-19,74.6,87.8,55.0,999.9,6.7,5.5,11.7,19.4,40.080111,116.584556,35.35,89.35673791021617,14.373738001643352,40.27108337658698,0.6680638642135335,0.9964830363084052,40.080111,1606.415297772321,0.9958005092928006,3.5931942039795284,-2181.533470123032,4359.356241532425,4102.019731564592,89.96816901465641,0.0,43.9
2020-05-20,75.6,87.8,60.8,999.9,6.3,5.4,11.7,72.36540553686734,40.080111,116.584556,35.35,90.72982288998072,14.40155918888583,40.373944419255444,0.6551563572090853,0.9964830363084052,40.080111,1606.415297772321,0.9958005092928006,3.5931942039795284,-2181.533470123032,4359.356241532425,4102.019731564592,89.96816901465641,0.0,49.8
2020-05-21,64.9,85.5,58.6,999.9,3.1,4.4,9.7,52.306707330089765,40.080111,116.584556,35.35,78.03513371903152,14.428684200745426,40.47343121770787,0.6420547132365637,0.9964830363084052,40.080111,1606.415297772321,0.9958005092928006,3.5931942039795284,-2181.533470123032,4359.356241532425,4102.019731564592,89.96816901465641,0.0,57.5
2020-05-22,72.4,84.9,58.6,999.9,5.8,5.1,13.6,21.4,40.080111,116.584556,35.35,87.21242180623807,14.455097536945537,40.56953794933726,0.6287628145958344,0.9964830363084052,40.080111,1606.415297772321,0.9958005092928006,3.5931942039795284,-2181.533470123032,4359.356241532425,4102.019731564592,89.96816901465641,0.0,53.8
2020-05-23,68.5,84.9,55.4,999.9,6.7,6.2,15.5,27.2,40.080111,116.584556,35.35,82.66114102740468,14.480783829618337,40.66225933184245,0.6152845999633276,0.9964830363084052,40.080111,1606.415297772321,0.9958005092928006,3.5931942039795284,-2181.533470123032,4359.356241532425,4102.019731564592,89.96816901465641,0.0,50.7
2020-05-24,74.8,86.0,57.9,999.9,6.7,5.2,9.7,17.5,40.080111,116.584556,35.35,90.41903705666375,14.505727870053008,40.751590593745156,0.6016240632249226,0.9964830363084052,40.080111,1606.415297772321,0.9958005092928006,3.5931942039795284,-2181.533470123032,4359.356241532425,4102.019731564592,89.96816901465641,0.0,46.1
2020-05-25,65.2,84.6,55.4,999.9,6.7,3.9,11.7,13.6,40.080111,116.584556,35.35,78.94586952239214,14.529914636023092,40.83752744620119,0.5877852522924732,0.9964830363084052,40.080111,1606.415297772321,0.9958005092928006,3.5931942039795284,-2181.533470123032,4359.356241532425,4102.019731564592,89.96816901465641,0.0,53.5
2020-05-26,76.7,84.2,57.6,999.9,6.7,7.4,15.5,153.31356245809636,40.080111,116.584556,35.35,93.02002990118058,14.553329319611043,40.92006605612411,0.5737722679043246,0.9964830363084052,40.080111,1606.415297772321,0.9958005092928006,3.5931942039795284,-2181.533470123032,4359.356241532425,4102.019731564592,89.96816901465641,0.0,40.7
2020-05-27,72.5,86.2,57.2,999.9,6.7,5.4,11.7,17.5,40.080111,116.584556,35.35,88.06307568912794,14.575957355441867,40.999203020631676,0.5595892624101765,0.9964830363084052,40.080111,1606.415297772321,0.9958005092928006,3.5931942039795284,-2181.533470123032,4359.356241532425,4102.019731564592,89.96816901465641,0.0,46.9
2020-05-28,76.8,93.2,59.7,999.9,6.1,4.7,11.7,-14.270484501222665,40.080111,116.584556,35.35,93.42582047508412,14.597784449231895,41.07493534281813,0.545240438540651,0.9964830363084052,40.080111,1606.415297772321,0.9958005092928006,3.5931942039795284,-2181.533470123032,4359.356241532425,4102.019731564592,89.96816901465641,0.0,53.4
2020-05-29,74.6,91.2,64.4,999.9,6.1,4.6,7.8,79.85921897284963,40.080111,116.584556,35.35,90.88018557073883,14.618796606553163,41.147260408847806,0.5307300481619334,0.9964830363084052,40.080111,1606.415297772321,0.9958005092928006,3.5931942039795284,-2181.533470123032,4359.356241532425,4102.019731564592,89.96816901465641,0.0,59.4
2020-05-30,72.8,89.6,60.8,999.9,5.4,6.8,15.5,27.2,40.080111,116.584556,35.35,88.809812981033,14.638980161708739,41.216175966359025,0.5160623910158528,0.9964830363084052,40.080111,1606.415297772321,0.9958005092928006,3.5931942039795284,-2181.533470123032,4359.356241532425,4102.019731564592,89.96816901465641,0.0,59.9
2020-05-31,66.4,89.6,51.8,999.9,6.2,7.5,21.4,31.1,40.080111,116.584556,35.35,81.10938066323982,14.658321806609605,41.28168010416033,0.5012418134457758,0.9964830363084052,40.080111,1606.415297772321,0.9958005092928006,3.5931942039795284,-2181.533470123032,4359.356241532425,4102.019731564592,89.96816901465641,0.0,45.5
2020-06-01,71.6,89.6,56.8,999.9,6.5,6.7,21.4,35.0,40.080111,116.584556,35.35,87.57162476325297,14.676808619539607,41.34377123319546,0.48627270710868997,0.9964830363084052,40.080111,1606.415297772321,0.9958005092928006,3.5931942039795284,-2181.533470123032,4359.356241532425,4102.019731564592,89.96816901465641,0.0,53.8
2020-06-02,76.9,91.9,60.4,999.9,6.5,5.7,13.6,62.81359761095351,40.080111,116.584556,35.35,94.16679336707186,14.694428093691316,41.40244806874752,0.4711595076738638,0.9964830363084052,40.080111,1606.415297772321,0.9958005092928006,3.5931942039795284,-2181.533470123032,4359.356241532425,4102.019731564592,89.96816901465641,0.0,54.8
2020-06-03,81.4,98.6,60.8,999.9,6.0,9.8,23.3,33.0,40.080111,116.584556,35.35,99.79075738831061,14.711168165352914,41.457709613848095,0.4559066935084588,0.9964830363084052,40.080111,1606.415297772321,0.9958005092928006,3.5931942039795284,-2181.533470123032,4359.356241532425,4102.019731564592,89.96816901465641,0.0,41.8
2020-06-04,76.9,97.3,60.8,999.9,6.7,5.9,11.7,0.18333146332430772,40.080111,116.584556,35.35,94.37563549007288,14.727017241623855,41.5095551438525,0.440518784350495,0.9964830363084052,40.080111,1606.415297772321,0.9958005092928006,3.5931942039795284,-2181.533470123032,4359.356241532425,4102.019731564592,89.96816901465641,0.0,48.9
2020-06-05,74.4,90.1,59.0,999.9,6.7,5.1,9.7,17.5,40.080111,116.584556,35.35,91.40017821072215,14.74196422753583,41.55798419213851,0.42500033996955416,0.9964830363084052,40.080111,1606.415297772321,0.9958005092928006,3.5931942039795284,-2181.533470123032,4359.356241532425,4102.019731564592,89.96816901465641,0.0,52.5
2020-06-06,76.4,88.7,62.6,999.9,6.4,4.5,9.7,52.32255921552334,40.080111,116.584556,35.35,93.94652411729605,14.755998552454876,41.60299653688293,0.4093559588156213,0.9964830363084052,40.080111,1606.415297772321,0.9958005092928006,3.5931942039795284,-2181.533470123032,4359.356241532425,4102.019731564592,89.96816901465641,0.0,53.0
2020-06-07,82.6,96.8,68.0,999.9,5.5,4.5,9.7,-53.233396843208865,40.080111,116.584556,35.35,101.66070851332762,14.769110195640817,41.644592188867804,0.39359027665646673,0.9964830363084052,40.080111,1606.415297772321,0.9958005092928006,3.5931942039795284,-2181.533470123032,4359.356241532425,4102.019731564592,89.96816901465641,0.0,63.2
2020-06-08,87.6,100.4,73.4,999.9,6.3,7.0,17.5,27.2,40.080111,116.584556,35.35,107.90341488914247,14.781289710841435,41.68277138026643,0.3777079652039649,0.9964830363084052,40.080111,1606.415297772321,0.9958005092928006,3.5931942039795284,-2181.533470123032,4359.356241532425,4102.019731564592,89.96816901465641,0.0,55.2
2020-06-09,76.5,99.1,68.0,999.9,5.2,4.9,9.7,63.01577936364937,40.080111,116.584556,35.35,94.30236759248052,14.792528249800865,41.71753455435817,0.36171373072976765,0.9964830363084052,40.080111,1606.415297772321,0.9958005092928006,3.5931942039795284,-2181.533470123032,4359.356241532425,4102.019731564592,89.96816901465641,0.0,64.1
2020-06-10,79.5,93.2,66.2,999.9,5.9,5.0,9.7,21.98676209279342,40.080111,116.584556,35.35,98.06866649774166,14.802817584564778,41.74888235612088,0.3456123126707335,0.9964830363084052,40.080111,1606.415297772321,0.9958005092928006,3.5931942039795284,-2181.533470123032,4359.356241532425,4102.019731564592,89.96816901465641,0.0,61.8
2020-06-11,77.3,92.5,68.0,999.9,5.4,5.2,13.6,-8.831659140712393,40.080111,116.584556,35.35,95.41493374422082,14.81215012846895,41.77681562365027,0.3294084822245304,0.9964830363084052,40.080111,1606.415297772321,0.9958005092928006,3.5931942039795284,-2181.533470123032,4359.356241532425,4102.019731564592,89.96816901465641,0.0,62.0
2020-06-12,82.4,95.0,69.4,999.9,6.1,4.5,9.7,39.885464006142094,40.080111,116.584556,35.35,101.7675634958252,14.820518955702697,41.80133538035628,0.3131070409358269,0.9964830363084052,40.080111,1606.415297772321,0.9958005092928006,3.5931942039795284,-2181.533470123032,4359.356241532425,4102.019731564592,89.96816901465641,0.0,61.3
2020-06-13,82.2,93.2,66.2,999.9,5.7,7.0,15.5,17.5,40.080111,116.584556,35.35,101.57123706251022,14.827917819344556,41.82244282788888,0.29671281927349075,0.9964830363084052,40.080111,1606.415297772321,0.9958005092928006,3.5931942039795284,-2181.533470123032,4359.356241532425,4102.019731564592,89.96816901465641,0.0,53.1
2020-06-14,83.9,96.8,62.6,999.9,6.7,7.3,11.7,19.4,40.080111,116.584556,35.35,103.71676866468886,14.83434116777433,41.84013933974776,0.28023067519921585,0.9964830363084052,40.080111,1606.415297772321,0.9958005092928006,3.5931942039795284,-2181.533470123032,4359.356241532425,4102.019731564592,89.96816901465641,0.0,46.9
2020-06-15,86.1,100.4,68.5,999.9,6.7,4.8,7.8,35.776248943801875,40.080111,116.584556,35.35,106.4754513435023,14.839784159373144,41.85442645553357,0.26366549272800704,0.9964830363084052,40.080111,1606.415297772321,0.9958005092928006,3.5931942039795284,-2181.533470123032,4359.356241532425,4102.019731564592,89.96816901465641,0.0,48.1
2020-06-16,84.6,98.8,71.6,999.9,6.2,7.0,15.5,-21.09556289854745,40.080111,116.584556,35.35,104.65191086179277,14.844242675431598,41.865305875802214,0.24702218048093552,0.9964830363084052,40.080111,1606.415297772321,0.9958005092928006,3.5931942039795284,-2181.533470123032,4359.356241532425,4102.019731564592,89.96816901465641,0.0,52.6
2020-06-17,80.1,97.3,69.8,999.9,6.7,6.2,11.7,13.6,40.080111,116.584556,35.35,99.10848648572767,14.847713331195157,41.87277945748756,0.23030567023061221,0.9964830363084052,40.080111,1606.415297772321,0.9958005092928006,3.5931942039795284,-2181.533470123032,4359.356241532425,4102.019731564592,89.96816901465641,0.0,56.3
2020-06-18,76.3,90.1,66.2,999.9,6.4,5.3,13.6,15.5,40.080111,116.584556,35.35,94.42248024203376,14.850193484985649,41.876849209863096,0.21352091543979612,0.9964830363084052,40.080111,1606.415297772321,0.9958005092928006,3.5931942039795284,-2181.533470123032,4359.356241532425,4102.019731564592,89.96816901465641,0.0,60.1
2020-06-19,82.9,93.2,66.4,999.9,6.1,7.0,13.6,23.3,40.080111,116.584556,35.35,102.60036460327979,14.851681245348098,41.87751729101744,0.19667288979357647,0.9964830363084052,40.080111,1606.415297772321,0.9958005092928006,3.5931942039795284,-2181.533470123032,4359.356241532425,4102.019731564592,89.96816901465641,0.0,57.2
2020-06-20,84.4,91.6,72.3,999.9,6.2,5.9,9.7,-88.12843046199252,40.080111,116.584556,35.35,104.46030084915292,14.852175476182877,41.87478600482482,0.1797665857255624,0.9964830363084052,40.080111,1606.415297772321,0.9958005092928006,3.5931942039795284,-2181.533470123032,4359.356241532425,4102.019731564592,89.96816901465641,0.0,64.5
2020-06-21,86.1,96.8,73.4,999.9,6.4,6.4,11.7,21.4,40.080111,116.584556,35.35,106.56077386381136,14.851675799834338,41.86865779839655,0.16280701293851715,0.9964830363084052,40.080111,1606.415297772321,0.9958005092928006,3.5931942039795284,-2181.533470123032,4359.356241532425,4102.019731564592,89.96816901465641,0.0,62.9
2020-06-22,83.1,94.8,71.6,999.9,6.1,6.8,13.6,12.603799565323301,40.080111,116.584556,35.35,102.83751449197074,14.850182598118518,41.85913526000616,0.1457991969198751,0.9964830363084052,40.080111,1606.415297772321,0.9958005092928006,3.5931942039795284,-2181.533470123032,4359.356241532425,4102.019731564592,89.96816901465641,0.0,63.5
2020-06-23,77.6,92.3,68.0,999.9,5.6,5.6,11.7,21.4,40.080111,116.584556,35.35,96.01510733963724,14.847697011284112,41.84622111748607,0.12874817745258132,0.9964830363084052,40.080111,1606.415297772321,0.9958005092928006,3.5931942039795284,-2181.533470123032,4359.356241532425,4102.019731564592,89.96816901465641,0.0,64.3
2020-06-24,75.7,89.2,68.0,999.9,6.3,4.6,17.5,35.83307845689447,40.080111,116.584556,35.35,93.64229373107356,14.844220934912585,41.829918237100294,0.11165900712169512,0.9964830363084052,40.080111,1606.415297772321,0.9958005092928006,3.5931942039795284,-2181.533470123032,4359.356241532425,4102.019731564592,89.96816901465641,0.0,64.7
2020-06-25,72.0,85.8,64.4,999.9,6.0,4.9,9.7,82.2737074894817,40.080111,116.584556,35.35,89.03854208864944,14.839757014774905,41.810229622903435,0.09453674981719912,0.9964830363084052,40.080111,1606.415297772321,0.9958005092928006,3.5931942039795284,-2181.533470123032,4359.356241532425,4102.019731564592,89.96816901465641,0.0,64.8
2020-06-26,75.4,84.7,65.7,999.9,5.2,2.8,5.8,94.6907478900333,40.080111,116.584556,35.35,93.20890595261682,14.834308639673763,41.78715841660203,0.07738647923346301,0.9964830363084052,40.080111,1606.415297772321,0.9958005092928006,3.5931942039795284,-2181.533470123032,4359.356241532425,4102.019731564592,89.96816901465641,0.0,65.8
2020-06-27,82.1,93.2,70.0,999.9,5.4,4.2,7.8,19.215254506499555,40.080111,116.584556,35.35,101.44741187023033,14.827879932311378,41.76070789793981,0.06021327736579302,0.9964830363084052,40.080111,1606.415297772321,0.9958005092928006,3.5931942039795284,-2181.533470123032,4359.356241532425,4102.019731564592,89.96816901465641,0.0,66.2
2020-06-28,81.7,90.1,71.6,999.9,6.0,4.0,7.8,53.476701664389104,40.080111,116.584556,35.35,100.9027389844747,14.820475738233737,41.73088148563437,0.04302223300453059,0.9964830363084052,40.080111,1606.415297772321,0.9958005092928006,3.5931942039795284,-2181.533470123032,4359.356241532425,4102.019731564592,89.96816901465641,0.0,63.1
2020-06-29,76.0,87.1,68.0,999.9,6.1,3.0,7.8,9.7,40.080111,116.584556,35.35,93.80997688177864,14.812101612912418,41.69768273889701,0.02581844022713308,0.9964830363084052,40.080111,1606.415297772321,0.9958005092928006,3.5931942039795284,-2181.533470123032,4359.356241532425,4102.019731564592,89.96816901465641,0.0,63.5
2020-06-30,83.0,95.0,68.0,999.9,6.2,4.4,11.7,11.006723986919242,40.080111,116.584556,35.35,102.38578299865821,14.802763807034923,41.66111535957262,0.008606996888688698,0.9964830363084052,40.080111,1606.415297772321,0.9958005092928006,3.5931942039795284,-2181.533470123032,4359.356241532425,4102.019731564592,89.96816901465641,0.0,57.6
2020-07-01,81.9,95.0,69.8,999.9,6.3,6.3,13.6,59.190066857698326,40.080111,116.584556,35.35,100.95860263181984,14.792469250083492,41.621183194940514,-0.008606996888688009,0.9964830363084052,40.080111,1606.415297772321,0.9958005092928006,3.5931942039795284,-2181.533470123032,4359.356241532425,4102.019731564592,89.96816901465641,0.0,64.7
2020-07-02,77.5,93.9,69.8,999.9,5.8,4.0,9.7,-29.028205286263532,40.080111,116.584556,35.35,95.46208156271138,14.781225532290794,41.57789024122042,-0.02581844022713239,0.9964830363084052,40.080111,1606.415297772321,0.9958005092928006,3.5931942039795284,-2181.533470123032,4359.356241532425,4102.019731564592,89.96816901465641,0.0,66.6
2020-07-03,74.4,84.4,66.2,999.9,4.8,3.6,5.8,-5.883459675139257,40.080111,116.584556,35.35,91.56805348742391,14.769040885068371,41.53124064783131,-0.04302223300453034,0.9964830363084052,40.080111,1606.415297772321,0.9958005092928006,3.5931942039795284,-2181.533470123032,4359.356241532425,4102.019731564592,89.96816901465641,0.0,66.1
2020-07-04,79.2,87.8,69.3,999.9,6.0,4.9,9.7,36.38579874142256,40.080111,116.584556,35.35,97.38909945606989,14.755924160010588,41.481238722452616,-0.060213277365792774,0.9964830363084052,40.080111,1606.415297772321,0.9958005092928006,3.5931942039795284,-2181.533470123032,4359.356241532425,4102.019731564592,89.96816901465641,0.0,65.9
2020-07-05,76.9,93.2,66.2,999.9,6.3,2.9,9.7,29.1,40.080111,116.584556,35.35,94.47091180218295,14.741884806582515,41.42788893693962,-0.07738647923346322,0.9964830363084052,40.080111,1606.415297772321,0.9958005092928006,3.5931942039795284,-2181.533470123032,4359.356241532425,4102.019731564592,89.96816901465641,0.0,66.3
2020-07-06,78.6,92.1,67.3,999.9,6.3,4.5,7.8,-102.57804210450412,40.080111,116.584556,35.35,96.4614101583646,14.726932848605282,41.371195934145256,-0.09453674981719933,0.9964830363084052,40.080111,1606.415297772321,0.9958005092928006,3.5931942039795284,-2181.533470123032,4359.356241532425,4102.019731564592,89.96816901465641,0.0,65.7
2020-07-07,81.4,95.0,68.0,999.9,6.7,4.5,9.7,50.47823456826785,40.080111,116.584556,35.35,99.79015159800169,14.711078859656267,41.31116453570158,-0.11165900712169444,0.9964830363084052,40.080111,1606.415297772321,0.9958005092928006,3.5931942039795284,-2181.533470123032,4359.356241532425,4102.019731564592,89.96816901465641,0.0,57.3
2020-07-08,81.6,93.4,69.8,999.9,5.9,5.0,11.7,19.4,40.080111,116.584556,35.35,99.92147077503212,14.694333937504725,41.247799750812945,-0.12874817745258066,0.9964830363084052,40.080111,1606.415297772321,0.9958005092928006,3.5931942039795284,-2181.533470123032,4359.356241532425,4102.019731564592,89.96816901465641,0.0,64.3
2020-07-09,69.3,90.1,66.2,999.9,5.0,4.0,11.7,74.55098712123315,40.080111,116.584556,35.35,84.75799838874859,14.676709677705384,41.181106786112785,-0.14579919691987442,0.9964830363084052,40.080111,1606.415297772321,0.9958005092928006,3.5931942039795284,-2181.533470123032,4359.356241532425,4102.019731564592,89.96816901465641,0.0,66.0
2020-07-10,73.1,77.7,66.6,999.9,3.7,3.7,11.7,4.7621832069592465,40.080111,116.584556,35.35,89.29297887560345,14.658218146473892,41.11109105663325,-0.16280701293851646,0.9964830363084052,40.080111,1606.415297772321,0.9958005092928006,3.5931942039795284,-2181.533470123032,4359.356241532425,4102.019731564592,89.96816901465641,0.0,66.7
2020-07-11,74.8,80.4,71.2,999.9,2.4,2.1,3.9,2.9556161075719745,40.080111,116.584556,35.35,91.24896788350199,14.638871852968235,41.03775819793485,-0.17976658572556214,0.9964830363084052,40.080111,1606.415297772321,0.9958005092928006,3.5931942039795284,-2181.533470123032,4359.356241532425,4102.019731564592,89.96816901465641,0.0,70.9
2020-07-12,76.3,82.6,71.6,999.9,2.3,2.6,3.9,69.03906478520894,40.080111,116.584556,35.35,92.95046399332504,14.618683721099615,40.961114079440236,-0.19667288979357622,0.9964830363084052,40.080111,1606.415297772321,0.9958005092928006,3.5931942039795284,-2181.533470123032,4359.356241532425,4102.019731564592,89.96816901465641,0.0,70.6
2020-07-13,76.2,87.8,68.0,999.9,5.2,3.5,11.7,61.936057672383896,40.080111,116.584556,35.35,92.69518583731823,14.597667060994997,40.88116481901189,-0.2135209154397959,0.9964830363084052,40.080111,1606.415297772321,0.9958005092928006,3.5931942039795284,-2181.533470123032,4359.356241532425,4102.019731564592,89.96816901465641,0.0,67.3
2020-07-14,81.6,93.2,69.8,999.9,6.3,4.0,9.7,-14.240224594348803,40.080111,116.584556,35.35,99.11568167357241,14.575835540231237,40.79791679880968,-0.23030567023061196,0.9964830363084052,40.080111,1606.415297772321,0.9958005092928006,3.5931942039795284,-2181.533470123032,4359.356241532425,4102.019731564592,89.96816901465641,0.0,66.7
2020-07-15,84.2,95.0,71.6,999.9,6.0,4.2,9.7,-8.40285394836749,40.080111,116.584556,35.35,102.11497547062132,14.553203154957908,40.71137668245875,-0.24702218048093527,0.9964830363084052,40.080111,1606.415297772321,0.9958005092928006,3.5931942039795284,-2181.533470123032,4359.356241532425,4102.019731564592,89.96816901465641,0.0,66.7
2020-07-16,85.5,95.0,73.9,999.9,5.9,6.1,11.7,15.5,40.080111,116.584556,35.35,103.52471243228366,14.529784201022268,40.621551433552796,-0.2636654927280072,0.9964830363084052,40.080111,1606.415297772321,0.9958005092928006,3.5931942039795284,-2181.533470123032,4359.356241532425,4102.019731564592,89.96816901465641,0.0,69.2
2020-07-17,77.4,91.4,68.0,999.9,4.9,5.6,11.7,23.3,40.080111,116.584556,35.35,93.56107643157752,14.505593245205816,40.52844833551211,-0.2802306751992161,0.9964830363084052,40.080111,1606.415297772321,0.9958005092928006,3.5931942039795284,-2181.533470123032,4359.356241532425,4102.019731564592,89.96816901465641,0.0,68.8
2020-07-18,74.3,85.3,68.0,999.9,4.1,2.9,7.8,41.01511446096001,40.080111,116.584556,35.35,89.65932755692465,14.480645096676929,40.432075012808546,-0.2967128192734901,0.9964830363084052,40.080111,1606.415297772321,0.9958005092928006,3.5931942039795284,-2181.533470123032,4359.356241532425,4102.019731564592,89.96816901465641,0.0,70.0
2020-07-19,78.2,93.2,66.2,999.9,5.7,3.6,7.8,24.08526823257526,40.080111,116.584556,35.35,94.19812197491449,14.454954778759257,40.33243945356352,-0.3131070409358267,0.9964830363084052,40.080111,1606.415297772321,0.9958005092928006,3.5931942039795284,-2181.533470123032,4359.356241532425,4102.019731564592,89.96816901465641,0.0,64.2
2020-07-20,83.5,95.0,71.2,999.9,5.6,3.9,9.7,-38.09770204073344,40.080111,116.584556,35.35,100.39857344522132,14.42853750110965,40.22955003351748,-0.3294084822245302,0.9964830363084052,40.080111,1606.415297772321,0.9958005092928006,3.5931942039795284,-2181.533470123032,4359.356241532425,4102.019731564592,89.96816901465641,0.0,68.5
2020-07-21,83.0,94.6,69.8,999.9,6.2,5.3,9.7,-10.486976536085585,40.080111,116.584556,35.35,99.60974304072339,14.401408632393741,40.12341554136212,-0.3456123126707333,0.9964830363084052,40.080111,1606.415297772321,0.9958005092928006,3.5931942039795284,-2181.533470123032,4359.356241532425,4102.019731564592,89.96816901465641,0.0,66.2
2020-07-22,80.0,93.4,68.0,999.9,6.0,4.3,9.7,89.34407505279836,40.080111,116.584556,35.35,95.82389115694085,14.373583673541127,40.014045205418846,-0.3617137307297674,0.9964830363084052,40.080111,1606.415297772321,0.9958005092928006,3.5931942039795284,-2181.533470123032,4359.356241532425,4102.019731564592,89.96816901465641,0.0,64.6
2020-07-23,82.3,91.8,69.8,999.9,6.1,3.6,9.7,44.65461714090429,40.080111,116.584556,35.35,98.38332820543833,14.345078231655652,39.90144872163914,-0.37770796520396466,0.9964830363084052,40.080111,1606.415297772321,0.9958005092928006,3.5931942039795284,-2181.533470123032,4359.356241532425,4102.019731564592,89.96816901465641,0.0,66.0
2020-07-24,87.7,100.4,71.6,999.9,6.4,4.2,9.7,13.6,40.080111,116.584556,35.35,104.6254275942337,14.315907994649992,39.7856362828951,-0.39359027665646645,0.9964830363084052,40.080111,1606.415297772321,0.9958005092928006,3.5931942039795284,-2181.533470123032,4359.356241532425,4102.019731564592,89.96816901465641,0.0,62.6
2020-07-25,85.6,99.1,73.6,999.9,6.3,5.1,17.5,25.3,40.080111,116.584556,35.35,101.90743277422514,14.286088706667078,39.666618609519844,-0.4093559588156211,0.9964830363084052,40.080111,1606.415297772321,0.9958005092928006,3.5931942039795284,-2181.533470123032,4359.356241532425,4102.019731564592,89.96816901465641,0.0,63.9
2020-07-26,71.6,92.1,69.8,999.9,4.9,2.9,9.7,140.78278910421622,40.080111,116.584556,35.35,85.0586289945885,14.255636144344441,39.54440698105006,-0.42500033996955394,0.9964830363084052,40.080111,1606.415297772321,0.9958005092928006,3.5931942039795284,-2181.533470123032,4359.356241532425,4102.019731564592,89.96816901465641,0.0,66.7
2020-07-27,72.7,76.3,70.3,999.9,2.7,2.9,5.8,53.34514880467563,40.080111,116.584556,35.35,86.17716291930783,14.22456609397103,39.41901326911534,-0.4405187843504952,0.9964830363084052,40.080111,1606.415297772321,0.9958005092928006,3.5931942039795284,-2181.533470123032,4359.356241532425,4102.019731564592,89.96816901465641,0.0,70.0
2020-07-28,74.4,86.0,69.8,999.9,3.3,3.1,11.7,107.79470056361666,40.080111,116.584556,35.35,87.99594484339381,14.192894329579646,39.290449971410716,-0.455906693508459,0.9964830363084052,40.080111,1606.415297772321,0.9958005092928006,3.5931942039795284,-2181.533470123032,4359.356241532425,4102.019731564592,89.96816901465641,0.0,71.0
2020-07-29,79.8,89.2,70.5,999.9,3.3,2.8,3.9,-33.47753587335106,40.080111,116.584556,35.35,94.16823333687906,14.160636592011887,39.158730246682126,-0.47115950767386394,0.9964830363084052,40.080111,1606.415297772321,0.9958005092928006,3.5931942039795284,-2181.533470123032,4359.356241532425,4102.019731564592,89.96816901465641,0.0,73.6
2020-07-30,84.7,93.9,74.1,999.9,4.7,4.4,7.8,12.2,40.080111,116.584556,35.35,99.71878214942869,14.127808568986353,39.02386795064659,-0.4862727071086902,0.9964830363084052,40.080111,1606.415297772321,0.9958005092928006,3.5931942039795284,-2181.533470123032,4359.356241532425,4102.019731564592,89.96816901465641,0.0,74.1
2020-07-31,78.3,93.9,71.6,999.9,4.5,3.0,13.6,21.4,40.080111,116.584556,35.35,91.9661288421724,14.094425876195004,38.8858776727626,-0.5012418134457756,0.9964830363084052,40.080111,1606.415297772321,0.9958005092928006,3.5931942039795284,-2181.533470123032,4359.356241532425,4102.019731564592,89.96816901465641,0.0,73.1
2020-08-01,78.3,93.9,69.8,999.9,5.3,4.2,21.4,35.0,40.080111,116.584556,35.35,91.74478885739137,14.060504039446954,38.744774773759204,-0.5160623910158526,0.9964830363084052,40.080111,1606.415297772321,0.9958005092928006,3.5931942039795284,-2181.533470123032,4359.356241532425,4102.019731564592,89.96816901465641,0.0,69.6
2020-08-02,81.4,93.2,69.8,999.9,6.4,4.5,17.5,33.0,40.080111,116.584556,35.35,95.14343000824145,14.026058477873432,38.60057542382604,-0.5307300481619331,0.9964830363084052,40.080111,1606.415297772321,0.9958005092928006,3.5931942039795284,-2181.533470123032,4359.356241532425,4102.019731564592,89.96816901465641,0.0,70.1
2020-08-03,84.5,99.5,71.6,999.9,6.4,4.8,11.7,19.4,40.080111,116.584556,35.35,98.52069410442782,13.991104488202769,38.453296641361064,-0.5452404385406507,0.9964830363084052,40.080111,1606.415297772321,0.9958005092928006,3.5931942039795284,-2181.533470123032,4359.356241532425,4102.019731564592,89.96816901465641,0.0,66.2
2020-08-04,85.6,100.0,77.0,999.9,6.3,3.3,5.8,54.66756958358771,40.080111,116.584556,35.35,99.55035490811247,13.955657230109225,38.30295633216677,-0.5595892624101763,0.9964830363084052,40.080111,1606.415297772321,0.9958005092928006,3.5931942039795284,-2181.533470123032,4359.356241532425,4102.019731564592,89.96816901465641,0.0,70.2
2020-08-05,77.8,100.0,71.6,999.9,5.6,3.6,11.7,-95.36893245138083,40.080111,116.584556,35.35,90.24626060358452,13.919731712635144,38.14957332898108,-0.5737722679043243,0.9964830363084052,40.080111,1606.415297772321,0.9958005092928006,3.5931942039795284,-2181.533470123032,4359.356241532425,4102.019731564592,89.96816901465641,0.0,72.2
2020-08-06,82.2,89.6,73.9,999.9,6.0,2.9,5.8,37.26841066620351,40.080111,116.584556,35.35,95.10089805451959,13.88334278168169,37.993167431224634,-0.5877852522924734,0.9964830363084052,40.080111,1606.415297772321,0.9958005092928006,3.5931942039795284,-2181.533470123032,4359.356241532425,4102.019731564592,89.96816901465641,0.0,73.7
2020-08-07,81.3,91.8,71.6,999.9,6.0,3.1,5.8,8.262870543983386,40.080111,116.584556,35.35,93.81007211049051,13.846505108559485,37.833759444841554,-0.6016240632249227,0.9964830363084052,40.080111,1606.415297772321,0.9958005092928006,3.5931942039795284,-2181.533470123032,4359.356241532425,4102.019731564592,89.96816901465641,0.0,70.1
2020-08-08,80.8,91.8,72.7,999.9,6.2,4.3,7.8,-7.175908954504713,40.080111,116.584556,35.35,92.98217007588653,13.809233179587109,37.671371222108455,-0.6152845999633277,0.9964830363084052,40.080111,1606.415297772321,0.9958005092928006,3.5931942039795284,-2181.533470123032,4359.356241532425,4102.019731564592,89.96816901465641,0.0,69.4
2020-08-09,81.3,95.0,66.2,999.9,6.2,4.7,11.7,21.4,40.080111,116.584556,35.35,93.30219221754182,13.77154128672204,37.50602570128187,-0.6287628145958345,0.9964830363084052,40.080111,1606.415297772321,0.9958005092928006,3.5931942039795284,-2181.533470123032,4359.356241532425,4102.019731564592,89.96816901465641,0.0,67.5
2020-08-10,81.0,92.5,69.6,999.9,6.3,4.2,7.8,76.36749559406873,40.080111,116.584556,35.35,92.70074375463959,13.733443519205865,37.33774694595348,-0.6420547132365636,0.9964830363084052,40.080111,1606.415297772321,0.9958005092928006,3.5931942039795284,-2181.533470123032,4359.356241532425,4102.019731564592,89.96816901465641,0.0,69.2
2020-08-11,86.1,96.8,75.2,999.9,5.9,4.1,7.8,74.43417415229655,40.080111,116.584556,35.35,98.261293200756,13.694953756202926,37.16656018397925,-0.655156357209085,0.9964830363084052,40.080111,1606.415297772321,0.9958005092928006,3.5931942039795284,-2181.533470123032,4359.356241532425,4102.019731564592,89.96816901465641,0.0,72.6
2020-08-12,77.2,94.1,70.3,999.9,5.1,4.8,11.7,33.0,40.080111,116.584556,35.35,87.85415108196676,13.65608566040934,36.992491845848136,-0.6680638642135333,0.9964830363084052,40.080111,1606.415297772321,0.9958005092928006,3.5931942039795284,-2181.533470123032,4359.356241532425,4102.019731564592,89.96816901465641,0.0,72.8
2020-08-13,81.3,91.4,70.3,999.9,5.9,4.5,11.7,-93.44202520716425,40.080111,116.584556,35.35,92.25417685691492,13.61685267260737,36.81556960235461,-0.6807734094770159,0.9964830363084052,40.080111,1606.415297772321,0.9958005092928006,3.5931942039795284,-2181.533470123032,4359.356241532425,4102.019731564592,89.96816901465641,0.0,74.2
2020-08-14,86.0,95.0,75.2,999.9,6.0,3.9,7.8,30.635691447456416,40.080111,116.584556,35.35,97.30375405115836,13.577268007138377,36.63582240143942,-0.6932812268869771,0.9964830363084052,40.080111,1606.415297772321,0.9958005092928006,3.5931942039795284,-2181.533470123032,4359.356241532425,4102.019731564592,89.96816901465641,0.0,75.1
2020-08-15,77.8,94.1,73.4,999.9,5.7,3.6,13.6,23.3,40.080111,116.584556,35.35,87.76711780292585,13.537344648266197,36.45328050406269,-0.7055836101071774,0.9964830363084052,40.080111,1606.415297772321,0.9958005092928006,3.5931942039795284,-2181.533470123032,4359.356241532425,4102.019731564592,89.96816901465641,0.0,73.2
2020-08-16,77.7,88.3,73.9,999.9,4.2,4.2,7.8,15.5,40.080111,116.584556,35.35,87.39369237442564,13.497095347401642,36.26797551897514,-0.7176769136759615,0.9964830363084052,40.080111,1606.415297772321,0.9958005092928006,3.5931942039795284,-2181.533470123032,4359.356241532425,4102.019731564592,89.96816901465641,0.0,72.3
2020-08-17,77.1,81.1,74.7,999.9,3.0,2.8,5.8,-6.545487326284606,40.080111,116.584556,35.35,86.45822209093865,13.456532621157766,36.079940436253295,-0.7295575540864876,0.9964830363084052,40.080111,1606.415297772321,0.9958005092928006,3.5931942039795284,-2181.533470123032,4359.356241532425,4102.019731564592,89.96816901465641,0.0,74.3
2020-08-18,72.8,81.1,69.8,999.9,5.6,6.6,15.5,11.709241662603983,40.080111,116.584556,35.35,81.38839041791049,13.415668750205025,35.8892096594677,-0.7412220108485957,0.9964830363084052,40.080111,1606.415297772321,0.9958005092928006,3.5931942039795284,-2181.533470123032,4359.356241532425,4102.019731564592,89.96816901465641,0.0,68.1
2020-08-19,73.5,79.7,68.0,999.9,6.4,3.2,3.9,64.06158607269319,40.080111,116.584556,35.35,81.91890914573034,13.37451577889475,35.695819036354415,-0.7526668275320083,0.9964830363084052,40.080111,1606.415297772321,0.9958005092928006,3.5931942039795284,-2181.533470123032,4359.356241532425,4102.019731564592,89.96816901465641,0.0,67.0
2020-08-20,72.6,82.4,63.9,999.9,6.1,3.5,7.8,-13.244178210788874,40.080111,116.584556,35.35,80.66516736949606,13.333085515619185,35.499805887863445,-0.7638886127905429,0.9964830363084052,40.080111,1606.415297772321,0.9958005092928006,3.5931942039795284,-2181.533470123032,4359.356241532425,4102.019731564592,89.96816901465641,0.0,64.7
2020-08-21,73.9,84.2,63.5,999.9,6.1,3.9,7.8,103.65343007719866,40.080111,116.584556,35.35,81.85280721278751,13.291389533876185,35.30120903546101,-0.7748840413670406,0.9964830363084052,40.080111,1606.415297772321,0.9958005092928006,3.5931942039795284,-2181.533470123032,4359.356241532425,4102.019731564592,89.96816901465641,0.0,63.1
2020-08-22,74.6,83.5,64.9,999.9,6.0,4.5,9.7,-34.577495864224964,40.080111,116.584556,35.35,82.36734686507427,13.249439174006586,35.100068826566,-0.7856498550787144,0.9964830363084052,40.080111,1606.415297772321,0.9958005092928006,3.5931942039795284,-2181.533470123032,4359.356241532425,4102.019731564592,89.96816901465641,0.0,63.6
2020-08-23,74.8,84.2,67.3,999.9,5.1,6.0,11.7,43.13138358206173,40.080111,116.584556,35.35,82.32516390073589,13.2072455455726,34.89642715800543,-0.7961828637826154,0.9964830363084052,40.080111,1606.415297772321,0.9958005092928006,3.5931942039795284,-2181.533470123032,4359.356241532425,4102.019731564592,89.96816901465641,0.0,68.1
2020-08-24,78.0,93.2,67.1,999.9,6.7,4.5,9.7,17.5,40.080111,116.584556,35.35,85.5713269472474,13.164819530345754,34.69032749737834,-0.8064799463209447,0.9964830363084052,40.080111,1606.415297772321,0.9958005092928006,3.5931942039795284,-2181.533470123032,4359.356241532425,4102.019731564592,89.96816901465641,0.0,66.7
2020-08-25,81.6,95.0,69.8,999.9,6.6,3.6,5.8,37.816723658526,40.080111,116.584556,35.35,89.23076814393885,13.122171785873359,34.48181490222214,-0.8165380514459157,0.9964830363084052,40.080111,1606.415297772321,0.9958005092928006,3.5931942039795284,-2181.533470123032,4359.356241532425,4102.019731564592,89.96816901465641,0.0,70.0
2020-08-26,78.0,93.4,71.6,999.9,4.5,3.1,7.8,-22.355104108831654,40.080111,116.584556,35.35,85.01553287235441,13.079312749592985,34.270936036881366,-0.8263541987239094,0.9964830363084052,40.080111,1606.415297772321,0.9958005092928006,3.5931942039795284,-2181.533470123032,4359.356241532425,4102.019731564592,89.96816901465641,0.0,72.1
2020-08-27,77.8,90.0,66.2,999.9,5.9,4.0,7.8,-10.532153671305721,40.080111,116.584556,35.35,84.51837130513206,13.036252643465101,34.05773918698408,-0.8359254794186365,0.9964830363084052,40.080111,1606.415297772321,0.9958005092928006,3.5931942039795284,-2181.533470123032,4359.356241532425,4102.019731564592,89.96816901465641,0.0,67.7
2020-08-28,79.2,90.0,68.9,999.9,6.7,4.2,7.8,15.5,40.080111,116.584556,35.35,85.75380976202399,12.993001479094543,33.84227427143733,-0.8452490573530634,0.9964830363084052,40.080111,1606.415297772321,0.9958005092928006,3.5931942039795284,-2181.533470123032,4359.356241532425,4102.019731564592,89.96816901465641,0.0,67.6
2020-08-29,79.5,87.4,73.6,999.9,5.0,3.6,7.8,69.54642058252948,40.080111,116.584556,35.35,85.79089504444487,12.949569063312433,33.62459285185966,-0.8543221697498269,0.9964830363084052,40.080111,1606.415297772321,0.9958005092928006,3.5931942039795284,-2181.533470123032,4359.356241532425,4102.019731564592,89.96816901465641,0.0,72.7
2020-08-30,78.1,86.9,69.8,999.9,4.4,4.2,13.6,61.62540795434693,40.080111,116.584556,35.35,83.99632223560805,12.905965004190737,33.40474813937485,-0.8631421280499115,0.9964830363084052,40.080111,1606.415297772321,0.9958005092928006,3.5931942039795284,-2181.533470123032,4359.356241532425,4102.019731564592,89.96816901465641,0.0,71.6
2020-08-31,70.5,86.9,64.4,999.9,6.7,5.3,13.6,19.4,40.080111,116.584556,35.35,75.56541746509313,12.862198717462661,33.1827949986983,-0.8717063187093217,0.9964830363084052,40.080111,1606.415297772321,0.9958005092928006,3.5931942039795284,-2181.533470123032,4359.356241532425,4102.019731564592,89.96816901465641,0.0,64.8
2020-09-01,76.0,93.2,64.4,999.9,6.4,6.5,23.3,35.0,40.080111,116.584556,35.35,81.18243641104452,12.81827943332282,32.95878994945471,-0.8800122039735356,0.9964830363084052,40.080111,1606.415297772321,0.9958005092928006,3.5931942039795284,-2181.533470123032,4359.356241532425,4102.019731564592,89.96816901465641,0.0,59.0
2020-09-02,72.7,92.3,59.0,999.9,6.5,6.8,17.5,21.4,40.080111,116.584556,35.35,77.39045983336766,12.774216203582005,32.7327911646725,-0.888057322629493,0.9964830363084052,40.080111,1606.415297772321,0.9958005092928006,3.5931942039795284,-2181.533470123032,4359.356241532425,4102.019731564592,89.96816901465641,0.0,51.3
2020-09-03,69.1,86.0,57.2,999.9,6.7,6.1,17.5,21.4,40.080111,116.584556,35.35,73.30368646020214,12.730017909152327,32.50485846640864,-0.8958392907349089,0.9964830363084052,40.080111,1606.415297772321,0.9958005092928006,3.5931942039795284,-2181.533470123032,4359.356241532425,4102.019731564592,89.96816901465641,0.0,54.2
2020-09-04,73.2,86.2,60.1,999.9,6.5,4.4,11.7,19.4,40.080111,116.584556,35.35,77.38272893381972,12.6856932678393,32.27505331846473,-0.9033558023246842,0.9964830363084052,40.080111,1606.415297772321,0.9958005092928006,3.5931942039795284,-2181.533470123032,4359.356241532425,4102.019731564592,89.96816901465641,0.0,55.4
2020-09-05,74.8,87.8,65.5,999.9,5.7,3.2,5.8,-12.251828131322819,40.080111,116.584556,35.35,78.79713025107453,12.641250842418374,32.04343881616302,-0.9106046300942162,0.9964830363084052,40.080111,1606.415297772321,0.9958005092928006,3.5931942039795284,-2181.533470123032,4359.356241532425,4102.019731564592,89.96816901465641,0.0,61.7
2020-09-06,76.1,87.8,66.2,999.9,5.4,3.6,7.8,19.73496192179742,40.080111,116.584556,35.35,79.88406646891183,12.59669904897427,31.810079673159503,-0.9175836260593934,0.9964830363084052,40.080111,1606.415297772321,0.9958005092928006,3.5931942039795284,-2181.533470123032,4359.356241532425,4102.019731564592,89.96816901465641,0.0,65.6
2020-09-07,76.4,89.6,64.4,999.9,6.6,5.7,13.6,15.5,40.080111,116.584556,35.35,79.91469392023716,12.552046165482274,31.57504220527838,-0.9242907221930934,0.9964830363084052,40.080111,1606.415297772321,0.9958005092928006,3.5931942039795284,-2181.533470123032,4359.356241532425,4102.019731564592,89.96816901465641,0.0,60.4
2020-09-08,76.4,88.5,60.8,999.9,6.7,6.7,13.6,-64.78567762871671,40.080111,116.584556,35.35,79.62981216856036,12.507300340611575,31.338394311361025,-0.9307239310379793,0.9964830363084052,40.080111,1606.415297772321,0.9958005092928006,3.5931942039795284,-2181.533470123032,4359.356241532425,4102.019731564592,89.96816901465641,0.0,53.9
2020-09-09,75.9,88.3,62.6,999.9,6.7,4.9,7.8,-30.563237359725484,40.080111,116.584556,35.35,78.82512023727595,12.462469602731376,31.10020545113029,-0.9368813462954315,0.9964830363084052,40.080111,1606.415297772321,0.9958005092928006,3.5931942039795284,-2181.533470123032,4359.356241532425,4102.019731564592,89.96816901465641,0.0,54.0
2020-09-10,69.7,88.3,64.4,999.9,6.7,5.5,11.7,17.571031897467805,40.080111,116.584556,35.35,72.12533852303018,12.41756186910132,30.860546620078953,-0.9427611433904206,0.9964830363084052,40.080111,1606.415297772321,0.9958005092928006,3.5931942039795284,-2181.533470123032,4359.356241532425,4102.019731564592,89.96816901465641,0.0,59.4
2020-09-11,72.4,79.7,64.4,999.9,6.7,6.7,11.7,-57.52881991157868,40.080111,116.584556,35.35,74.64792922987904,12.37258495522857,30.619490321399834,-0.9483615800121716,0.9964830363084052,40.080111,1606.415297772321,0.9958005092928006,3.5931942039795284,-2181.533470123032,4359.356241532425,4102.019731564592,89.96816901465641,0.0,58.1
2020-09-12,69.7,80.6,62.6,999.9,6.7,3.2,7.8,71.19124210347726,40.080111,116.584556,35.35,71.60249974424113,12.32754658437437,30.37711053498221,-0.9536809966304455,0.9964830363084052,40.080111,1606.415297772321,0.9958005092928006,3.5931942039795284,-2181.533470123032,4359.356241532425,4102.019731564592,89.96816901465641,0.0,61.9
2020-09-13,74.0,82.4,64.0,999.9,6.1,4.4,7.8,47.181112943004656,40.080111,116.584556,35.35,75.74180211602761,12.282454397193668,30.1334826835082,-0.9587178169872964,0.9964830363084052,40.080111,1606.415297772321,0.9958005092928006,3.5931942039795284,-2181.533470123032,4359.356241532425,4102.019731564592,89.96816901465641,0.0,63.1
2020-09-14,72.5,81.5,67.8,999.9,4.3,3.9,7.8,103.99828982246515,40.080111,116.584556,35.35,73.93378393401358,12.237315961491902,29.88868359568965,-0.9634705485641486,0.9964830363084052,40.080111,1606.415297772321,0.9958005092928006,3.5931942039795284,-2181.533470123032,4359.356241532425,4102.019731564592,89.96816901465641,0.0,65.4
2020-09-15,65.1,78.3,59.0,999.9,5.1,4.9,15.5,19.4,40.080111,116.584556,35.35,66.14235289280315,12.192138782083529,29.6427914666947,-0.9679377830240642,0.9964830363084052,40.080111,1606.415297772321,0.9958005092928006,3.5931942039795284,-2181.533470123032,4359.356241532425,4102.019731564592,89.96816901465641,0.0,58.4
2020-09-16,71.9,79.5,59.0,999.9,6.7,12.3,21.4,35.0,40.080111,116.584556,35.35,72.78035744516829,12.146930310737405,29.395885815820403,-0.9721181966290612,0.9964830363084052,40.080111,1606.415297772321,0.9958005092928006,3.5931942039795284,-2181.533470123032,4359.356241532425,4102.019731564592,89.96816901465641,0.0,36.6
2020-09-17,67.1,82.4,51.8,999.9,6.7,7.9,13.6,25.3,40.080111,116.584556,35.35,67.6686610717205,12.101697956194428,29.148047441475345,-0.9760105506323682,0.9964830363084052,40.080111,1606.415297772321,0.9958005092928006,3.5931942039795284,-2181.533470123032,4359.356241532425,4102.019731564592,89.96816901465641,0.0,43.2
2020-09-18,66.8,82.8,50.0,999.9,6.7,5.3,15.5,23.3,40.080111,116.584556,35.35,67.11423329128752,12.056449094243268,28.899358373543688,-0.9796136916454901,0.9964830363084052,40.080111,1606.415297772321,0.9958005092928006,3.5931942039795284,-2181.533470123032,4359.356241532425,4102.019731564592,89.96816901465641,0.0,44.7
2020-09-19,69.0,84.4,54.9,999.9,6.7,4.6,7.8,43.41208297893702,40.080111,116.584556,35.35,69.06434869758141,12.011191077840243,28.649901823209024,-0.9829265519799822,0.9964830363084052,40.080111,1606.415297772321,0.9958005092928006,3.5931942039795284,-2181.533470123032,4359.356241532425,4102.019731564592,89.96816901465641,0.0,48.6
2020-09-20,69.1,84.4,57.2,999.9,6.7,3.6,5.8,100.15745287154388,40.080111,116.584556,35.35,68.90382076546979,11.965931247259588,28.399762130323563,-0.9859481499638303,0.9964830363084052,40.080111,1606.415297772321,0.9958005092928006,3.5931942039795284,-2181.533470123032,4359.356241532425,4102.019731564592,89.96816901465641,0.0,48.9
2020-09-21,68.7,80.4,59.0,999.9,6.1,3.4,5.8,20.10408350372486,40.080111,116.584556,35.35,68.24587548299183,11.920676940260583,28.149024708414736,-0.9886775902323404,0.9964830363084052,40.080111,1606.415297772321,0.9958005092928006,3.5931942039795284,-2181.533470123032,4359.356241532425,4102.019731564592,89.96816901465641,0.0,57.7
2020-09-22,69.7,80.6,60.8,999.9,6.1,4.0,11.7,33.39973139745918,40.080111,116.584556,35.35,68.97648787561516,11.87543550225799,27.897775987427735,-0.9911140639934546,0.9964830363084052,40.080111,1606.415297772321,0.9958005092928006,3.5931942039795284,-2181.533470123032,4359.356241532425,4102.019731564592,89.96816901465641,0.0,53.0
2020-09-23,63.0,80.2,60.8,999.9,4.1,2.5,7.8,126.99067639129274,40.080111,116.584556,35.35,62.10862505653241,11.830214296482364,27.64610335430898,-0.9932568492674143,0.9964830363084052,40.080111,1606.415297772321,0.9958005092928006,3.5931942039795284,-2181.533470123032,4359.356241532425,4102.019731564592,89.96816901465641,0.0,60.9
2020-09-24,64.4,75.6,57.2,999.9,5.7,2.4,5.8,32.641726154629325,40.080111,116.584556,35.35,63.246277832426074,11.785020714116659,27.394095091541015,-0.9951053111006974,0.9964830363084052,40.080111,1606.415297772321,0.9958005092928006,3.5931942039795284,-2181.533470123032,4359.356241532425,4102.019731564592,89.96816901465641,0.0,58.9
2020-09-25,65.8,78.8,55.4,999.9,5.6,3.2,5.8,-92.64225017015207,40.080111,116.584556,35.35,64.37357764443536,11.739862184395506,27.141840313745256,-0.99665890175417,0.9964830363084052,40.080111,1606.415297772321,0.9958005092928006,3.5931942039795284,-2181.533470123032,4359.356241532425,4102.019731564592,89.96816901465641,0.0,58.1
2020-09-26,66.5,78.8,55.4,999.9,4.1,2.8,5.8,45.97630332848203,40.080111,116.584556,35.35,64.80838510662068,11.694746184653356,26.889428902474393,-0.9979171608653922,0.9964830363084052,40.080111,1606.415297772321,0.9958005092928006,3.5931942039795284,-2181.533470123032,4359.356241532425,4102.019731564592,89.96816901465641,0.0,59.0
2020-09-27,67.5,80.6,57.2,999.9,4.4,3.2,7.8,88.73248516612729,40.080111,116.584556,35.35,65.529451407979,11.649680250307377,26.636951439320875,-0.9988797155850335,0.9964830363084052,40.080111,1606.415297772321,0.9958005092928006,3.5931942039795284,-2181.533470123032,4359.356241532425,4102.019731564592,89.96816901465641,0.0,58.7
2020-09-28,68.6,78.8,59.0,999.9,3.9,5.0,11.7,65.90987735178021,40.080111,116.584556,35.35,66.34004151288244,11.604671984760776,26.384499137473163,-0.9995462806873573,0.9964830363084052,40.080111,1606.415297772321,0.9958005092928006,3.5931942039795284,-2181.533470123032,4359.356241532425,4102.019731564592,89.96816901465641,0.0,61.3
2020-09-29,57.9,77.4,48.2,999.9,6.5,4.0,7.8,26.731034975956128,40.080111,116.584556,35.35,55.775692758946974,11.559729069211809,26.132163771855062,-0.9999166586547379,0.9964830363084052,40.080111,1606.415297772321,0.9958005092928006,3.5931942039795284,-2181.533470123032,4359.356241532425,4102.019731564592,89.96816901465641,0.0,51.5
2020-09-30,63.3,71.6,51.3,999.9,6.2,5.2,11.7,43.96625148840532,40.080111,116.584556,35.35,60.74088266166347,11.514859272353265,25.880037607988083,-0.9999907397361901,0.9964830363084052,40.080111,1606.415297772321,0.9958005092928006,3.5931942039795284,-2181.533470123032,4359.356241532425,4102.019731564592,89.96816901465641,0.0,49.7
2020-10-01,60.2,69.3,50.0,999.9,4.8,5.0,15.5,154.61596245016355,40.080111,116.584556,35.35,57.541520140733574,11.470070459946891,25.628213329720136,-0.9997685019798909,0.9964830363084052,40.080111,1606.415297772321,0.9958005092928006,3.5931942039795284,-2181.533470123032,4359.356241532425,4102.019731564592,89.96816901465641,0.0,48.1
2020-10-02,58.0,71.6,42.8,999.9,6.7,7.3,15.5,27.2,40.080111,116.584556,35.35,55.222624587239515,11.425370604256452,25.37678396596675,-0.9992500112396835,0.9964830363084052,40.080111,1606.415297772321,0.9958005092928006,3.5931942039795284,-2181.533470123032,4359.356241532425,4102.019731564592,89.96816901465641,0.0,35.2
2020-10-03,60.7,73.4,47.3,999.9,6.7,12.0,25.3,33.0,40.080111,116.584556,35.35,57.56771708789096,11.38076779332276,25.12584281661475,-0.9984354211555643,0.9964830363084052,40.080111,1606.415297772321,0.9958005092928006,3.5931942039795284,-2181.533470123032,4359.356241532425,4102.019731564592,89.96816901465641,0.0,32.5
2020-10-04,57.9,72.9,42.8,999.9,6.7,12.3,23.3,33.0,40.080111,116.584556,35.35,54.69750390830499,11.33627024006321,24.87548337773983,-0.9973249731081555,0.9964830363084052,40.080111,1606.415297772321,0.9958005092928006,3.5931942039795284,-2181.533470123032,4359.356241532425,4102.019731564592,89.96816901465641,0.0,24.4
2020-10-05,53.4,69.8,39.2,999.9,6.7,5.3,17.5,21.4,40.080111,116.584556,35.35,50.24889399574086,11.291886291177722,24.6257992662923,-0.9959189961471792,0.9964830363084052,40.080111,1606.415297772321,0.9958005092928006,3.5931942039795284,-2181.533470123032,4359.356241532425,4102.019731564592,89.96816901465641,0.0,30.9
2020-10-06,57.3,69.8,43.2,999.9,6.3,3.6,7.8,-60.63935136437807,40.080111,116.584556,35.35,53.70740668114698,11.2476244358423,24.37688414440663,-0.994217906893952,0.9964830363084052,40.080111,1606.415297772321,0.9958005092928006,3.5931942039795284,-2181.533470123032,4359.356241532425,4102.019731564592,89.96816901465641,0.0,40.6
2020-10-07,55.5,72.0,42.8,999.9,5.6,2.3,5.8,36.60656334534376,40.080111,116.584556,35.35,51.81615657803887,11.203493314170567,24.128831643491743,-0.9922222094179324,0.9964830363084052,40.080111,1606.415297772321,0.9958005092928006,3.5931942039795284,-2181.533470123032,4359.356241532425,4102.019731564592,89.96816901465641,0.0,46.5
2020-10-08,58.5,72.0,47.7,999.9,4.1,3.2,5.8,-19.69595462874938,40.080111,116.584556,35.35,54.402570911436705,11.159501725422913,23.88173528826017,-0.989932495087353,0.9964830363084052,40.080111,1606.415297772321,0.9958005092928006,3.5931942039795284,-2181.533470123032,4359.356241532425,4102.019731564592,89.96816901465641,0.0,48.9
2020-10-09,58.5,71.6,48.2,999.9,2.3,2.0,5.8,32.71702212076207,40.080111,116.584556,35.35,54.1888358502173,11.115658635942012,23.63568842085425,-0.9873494423939864,0.9964830363084052,40.080111,1606.415297772321,0.9958005092928006,3.5931942039795284,-2181.533470123032,4359.356241532425,4102.019731564592,89.96816901465641,0.0,50.5
2020-10-10,62.1,73.8,52.3,999.9,2.9,3.7,9.7,32.4648815270328,40.080111,116.584556,35.35,57.29746124165171,11.0719731867926,23.390784125227988,-0.9844738167520923,0.9964830363084052,40.080111,1606.415297772321,0.9958005092928006,3.5931942039795284,-2181.533470123032,4359.356241532425,4102.019731564592,89.96816901465641,0.0,53.1
2020-10-11,55.1,73.8,35.6,999.9,6.6,8.0,15.5,-33.37788067594698,40.080111,116.584556,35.35,50.638987835804386,11.028454701082625,23.14711515194302,-0.9813064702716093,0.9964830363084052,40.080111,1606.415297772321,0.9958005092928006,3.5931942039795284,-2181.533470123032,4359.356241532425,4102.019731564592,89.96816901465641,0.0,33.1
2020-10-12,51.8,66.2,37.4,999.9,6.5,4.1,11.7,-27.04080665522824,40.080111,116.584556,35.35,47.41906978256562,10.985112690941843,22.90477384353561,-0.9778483415056567,0.9964830363084052,40.080111,1606.415297772321,0.9958005092928006,3.5931942039795284,-2181.533470123032,4359.356241532425,4102.019731564592,89.96816901465641,0.0,31.0
2020-10-13,58.9,71.6,42.8,999.9,6.2,7.4,13.6,25.3,40.080111,116.584556,35.35,53.70677160812061,10.941956864133232,22.6638520606117,-0.9741004551724206,0.9964830363084052,40.080111,1606.415297772321,0.9958005092928006,3.5931942039795284,-2181.533470123032,4359.356241532425,4102.019731564592,89.96816901465641,0.0,21.1
2020-10-14,46.8,70.3,35.6,999.9,6.7,3.6,7.8,32.13606203174258,40.080111,116.584556,35.35,42.50608880805902,10.898997130271544,22.424441108824315,-0.970063921851507,0.9964830363084052,40.080111,1606.415297772321,0.9958005092928006,3.5931942039795284,-2181.533470123032,4359.356241532425,4102.019731564592,89.96816901465641,0.0,26.7
2020-10-15,56.3,66.2,38.7,999.9,5.3,4.5,11.7,-44.73744879072623,40.080111,116.584556,35.35,50.93387625440428,10.856243606622582,22.18663166688641,-0.965739937654855,0.9964830363084052,40.080111,1606.415297772321,0.9958005092928006,3.5931942039795284,-2181.533470123032,4359.356241532425,4102.019731564592,89.96816901465641,0.0,40.7
2020-10-16,53.6,68.0,33.8,999.9,6.7,6.4,15.5,21.4,40.080111,116.584556,35.35,48.30122291810301,10.813706623455897,21.950513715769745,-0.9611297838723007,0.9964830363084052,40.080111,1606.415297772321,0.9958005092928006,3.5931942039795284,-2181.533470123032,4359.356241532425,4102.019731564592,89.96816901465641,0.0,24.4
2020-10-17,53.7,73.4,37.4,999.9,6.3,4.2,11.7,-15.978061741073038,40.080111,116.584556,35.35,48.20200036192934,10.771396728922758,21.716176469237297,-0.9562348265919058,0.9964830363084052,40.080111,1606.415297772321,0.9958005092928006,3.5931942039795284,-2181.533470123032,4359.356241532425,4102.019731564592,89.96816901465641,0.0,31.7
2020-10-18,53.4,73.2,39.2,999.9,6.3,3.7,7.8,69.6075032990322,40.080111,116.584556,35.35,47.745494885766085,10.72932469343058,21.483708305854194,-0.9510565162951536,0.9964830363084052,40.080111,1606.415297772321,0.9958005092928006,3.5931942039795284,-2181.533470123032,4359.356241532425,4102.019731564592,89.96816901465641,0.0,35.4
2020-10-19,54.6,73.4,41.0,999.9,5.4,3.3,9.7,15.5,40.080111,116.584556,35.35,48.628131886352946,10.687501513484163,21.253196702617732,-0.9455963874271428,0.9964830363084052,40.080111,1606.415297772321,0.9958005092928006,3.5931942039795284,-2181.533470123032,4359.356241532425,4102.019731564592,89.96816901465641,0.0,36.9
2020-10-20,54.9,71.6,45.0,999.9,3.3,5.3,15.5,-1.267777786028141,40.080111,116.584556,35.35,48.70516824845836,10.645938414963576,21.02472817034396,-0.9398560579418953,0.9964830363084052,40.080111,1606.415297772321,0.9958005092928006,3.5931942039795284,-2181.533470123032,4359.356241532425,4102.019731564592,89.96816901465641,0.0,41.0
2020-10-21,48.0,62.6,33.8,999.9,6.4,6.9,19.4,26.252574022830224,40.080111,116.584556,35.35,42.41858742323154,10.604646855807886,20.798388190943417,-0.9338372288229252,0.9964830363084052,40.080111,1606.415297772321,0.9958005092928006,3.5931942039795284,-2181.533470123032,4359.356241532425,4102.019731564592,89.96816901465641,0.0,20.3
2020-10-22,51.2,62.6,33.8,999.9,6.3,10.0,19.4,31.1,40.080111,116.584556,35.35,45.071524386446875,10.563638528073486,20.574261156713792,-0.9275416835791965,0.9964830363084052,40.080111,1606.415297772321,0.9958005092928006,3.5931942039795284,-2181.533470123032,4359.356241532425,4102.019731564592,89.96816901465641,0.0,13.3
2020-10-23,49.2,64.4,32.0,999.9,6.2,4.5,9.7,21.4,40.080111,116.584556,35.35,43.143993973275236,10.522925359335423,20.352430311772775,-0.9209712877166347,0.9964830363084052,40.080111,1606.415297772321,0.9958005092928006,3.5931942039795284,-2181.533470123032,4359.356241532425,4102.019731564592,89.96816901465641,0.0,24.5
2020-10-24,51.5,68.2,36.1,999.9,6.1,3.7,7.8,102.58216917025702,40.080111,116.584556,35.35,44.98747957834119,10.482519513399888,20.132977695747982,-0.9141279881853337,0.9964830363084052,40.080111,1606.415297772321,0.9958005092928006,3.5931942039795284,-2181.533470123032,4359.356241532425,4102.019731564592,89.96816901465641,0.0,30.9
2020-10-25,52.1,68.2,41.0,999.9,4.6,2.5,5.8,-29.724578010098547,40.080111,116.584556,35.35,45.337564969534846,10.442433390295934,19.915984089835643,-0.9070138128026362,0.9964830363084052,40.080111,1606.415297772321,0.9958005092928006,3.5931942039795284,-2181.533470123032,4359.356241532425,4102.019731564592,89.96816901465641,0.0,39.8
2020-10-26,58.6,75.2,35.6,999.9,5.0,6.2,15.5,23.3,40.080111,116.584556,35.35,50.799752171262604,10.402679625514526,19.701528965333175,-0.8996308696522434,0.9964830363084052,40.080111,1606.415297772321,0.9958005092928006,3.5931942039795284,-2181.533470123032,4359.356241532425,4102.019731564592,89.96816901465641,0.0,27.8
2020-10-27,48.5,71.4,33.8,999.9,6.7,4.6,9.7,1.293926614407713,40.080111,116.584556,35.35,41.884887315872504,10.3632710884633,19.489690434744045,-0.8919813464595487,0.9964830363084052,40.080111,1606.415297772321,0.9958005092928006,3.5931942039795284,-2181.533470123032,4359.356241532425,4102.019731564592,89.96816901465641,0.0,21.3
2020-10-28,50.1,69.8,33.8,999.9,6.2,3.3,5.8,27.620450633359475,40.080111,116.584556,35.35,43.103622174441355,10.324220880105713,19.280545205546616,-0.8840675099433637,0.9964830363084052,40.080111,1606.415297772321,0.9958005092928006,3.5931942039795284,-2181.533470123032,4359.356241532425,4102.019731564592,89.96816901465641,0.0,22.4
2020-10-29,46.0,66.2,33.8,999.9,6.2,2.0,3.9,48.86983074894073,40.080111,116.584556,35.35,39.42791226405701,10.285542329754001,19.07416853671098,-0.8758917051442433,0.9964830363084052,40.080111,1606.415297772321,0.9958005092928006,3.5931942039795284,-2181.533470123032,4359.356241532425,4102.019731564592,89.96816901465641,0.0,31.5
2020-10-30,52.6,66.2,37.0,999.9,5.9,3.6,7.8,87.09974981878918,40.080111,116.584556,35.35,44.91710807715553,10.247248990986053,18.870634198040296,-0.8674563547295971,0.9964830363084052,40.080111,1606.415297772321,0.9958005092928006,3.5931942039795284,-2181.533470123032,4359.356241532425,4102.019731564592,89.96816901465641,0.0,36.1
2020-10-31,56.0,67.1,42.4,999.9,5.5,7.5,21.4,27.2,40.080111,116.584556,35.35,47.6436549710683,10.209354636657492,18.670014432405274,-0.858763958275803,0.9964830363084052,40.080111,1606.415297772321,0.9958005092928006,3.5931942039795284,-2181.533470123032,4359.356241532425,4102.019731564592,89.96816901465641,0.0,21.6
2020-11-01,53.0,67.1,39.2,999.9,6.7,7.2,19.4,29.1,40.080111,116.584556,35.35,44.92577353400124,10.171873252981413,18.472379920931466,-0.8498170915275277,0.9964830363084052,40.080111,1606.415297772321,0.9958005092928006,3.5931942039795284,-2181.533470123032,4359.356241532425,4102.019731564592,89.96816901465641,0.0,15.6
2020-11-02,42.9,63.9,26.6,999.9,6.7,7.6,19.4,105.52759607362201,40.080111,116.584556,35.35,36.231978041723536,10.13481903264994,18.2777997511913,-0.8406184056344783,0.9964830363084052,40.080111,1606.415297772321,0.9958005092928006,3.5931942039795284,-2181.533470123032,4359.356241532425,4102.019731564592,89.96816901465641,0.0,9.0
2020-11-03,40.7,57.2,24.8,999.9,6.7,3.6,11.7,19.4,40.080111,116.584556,35.35,34.24974992798489,10.09820636697343,18.086341388442907,-0.8311706263658079,0.9964830363084052,40.080111,1606.415297772321,0.9958005092928006,3.5931942039795284,-2181.533470123032,4359.356241532425,4102.019731564592,89.96816901465641,0.0,15.9
2020-11-04,41.6,59.0,30.2,999.9,6.2,2.8,5.8,54.78234078595792,40.080111,116.584556,35.35,34.88177276832023,10.062049837015453,17.898070649949045,-0.8214765533024145,0.9964830363084052,40.080111,1606.415297772321,0.9958005092928006,3.5931942039795284,-2181.533470123032,4359.356241532425,4102.019731564592,89.96816901465641,0.0,25.1
2020-11-05,46.6,60.8,33.8,999.9,3.9,3.3,5.8,-29.50814582703747,40.080111,116.584556,35.35,38.93571432438371,10.02636420370396,17.71305168239998,-0.8115390590073611,0.9964830363084052,40.080111,1606.415297772321,0.9958005092928006,3.5931942039795284,-2181.533470123032,4359.356241532425,4102.019731564592,89.96816901465641,0.0,33.1
2020-11-06,51.4,66.2,38.3,999.9,5.7,7.1,21.4,23.3,40.080111,116.584556,35.35,42.79548750006279,9.99116439690182,17.53134694245396,-0.801361088174677,0.9964830363084052,40.080111,1606.415297772321,0.9958005092928006,3.5931942039795284,-2181.533470123032,4359.356241532425,4102.019731564592,89.96816901465641,0.0,22.3
2020-11-07,54.9,66.7,38.7,999.9,6.2,14.3,27.2,36.9,40.080111,116.584556,35.35,45.55082967816033,9.956465503423024,17.35301718039937,-0.7909456567567774,0.9964830363084052,40.080111,1606.415297772321,0.9958005092928006,3.5931942039795284,-2181.533470123032,4359.356241532425,4102.019731564592,89.96816901465641,0.0,9.0
2020-11-08,46.0,66.7,30.2,999.9,6.4,5.4,9.7,-93.32855068113096,40.080111,116.584556,35.35,38.035417223605734,9.922282753984105,17.178121426932226,-0.780295851070776,0.9964830363084052,40.080111,1606.415297772321,0.9958005092928006,3.5931942039795284,-2181.533470123032,4359.356241532425,4102.019731564592,89.96816901465641,0.0,16.1
2020-11-09,45.2,61.3,32.0,999.9,6.2,3.7,7.8,-2.1922300622161295,40.080111,116.584556,35.35,37.247178684216706,9.888631509084082,17.00671698303231,-0.7694148268839381,0.9964830363084052,40.080111,1606.415297772321,0.9958005092928006,3.5931942039795284,-2181.533470123032,4359.356241532425,4102.019731564592,89.96816901465641,0.0,21.1
2020-11-10,45.2,64.4,32.0,999.9,6.2,2.5,5.8,-48.18147618035685,40.080111,116.584556,35.35,37.122485951685434,9.855527243810291,16.838859412910782,-0.7583058084785625,0.9964830363084052,40.080111,1606.415297772321,0.9958005092928006,3.5931942039795284,-2181.533470123032,4359.356241532425,4102.019731564592,89.96816901465641,0.0,25.6
2020-11-11,44.8,64.4,36.5,999.9,4.5,2.5,5.8,43.49711345415376,40.080111,116.584556,35.35,36.6724793178677,9.822985531571705,16.674602539991373,-0.7469720876965551,0.9964830363084052,40.080111,1606.415297772321,0.9958005092928006,3.5931942039795284,-2181.533470123032,4359.356241532425,4102.019731564592,89.96816901465641,0.0,33.5
2020-11-12,51.0,69.8,37.2,999.9,5.2,5.3,9.7,19.4,40.080111,116.584556,35.35,41.61184361375594,9.791022026766102,16.51399844587669,-0.7354170229639858,0.9964830363084052,40.080111,1606.415297772321,0.9958005092928006,3.5931942039795284,-2181.533470123032,4359.356241532425,4102.019731564592,89.96816901465641,0.0,24.9
2020-11-13,47.8,68.9,35.6,999.9,6.3,3.4,7.8,38.02590147211035,40.080111,116.584556,35.35,38.87594891146276,9.759652446392325,16.357097472240028,-0.7236440382959124,0.9964830363084052,40.080111,1606.415297772321,0.9958005092928006,3.5931942039795284,-2181.533470123032,4359.356241532425,4102.019731564592,89.96816901465641,0.0,28.5
2020-11-14,45.2,61.5,35.6,999.9,6.0,2.3,3.9,-86.10278620161584,40.080111,116.584556,35.35,36.64549527401776,9.728892550624185,16.20394822557269,-0.711656622281775,0.9964830363084052,40.080111,1606.415297772321,0.9958005092928006,3.5931942039795284,-2181.533470123032,4359.356241532425,4102.019731564592,89.96816901465641,0.0,37.4
2020-11-15,43.6,60.8,33.8,999.9,4.0,2.4,5.8,67.37161994819279,40.080111,116.584556,35.35,35.23882117793734,9.698758122368075,16.054597584706006,-0.6994583270516471,0.9964830363084052,40.080111,1606.415297772321,0.9958005092928006,3.5931942039795284,-2181.533470123032,4359.356241532425,4102.019731564592,89.96816901465641,0.0,35.6
2020-11-16,50.6,60.8,40.5,999.9,2.6,2.8,7.8,-23.577892569260985,40.080111,116.584556,35.35,40.7720671882586,9.66926494583208,15.90909071101608,-0.6870527672236675,0.9964830363084052,40.080111,1606.415297772321,0.9958005092928006,3.5931942039795284,-2181.533470123032,4359.356241532425,4102.019731564592,89.96816901465641,0.0,38.9
2020-11-17,49.8,55.6,46.4,999.9,2.1,4.7,7.8,4.945658793330294,40.080111,116.584556,35.35,40.00777945418311,9.640428784140509,15.767471061209527,-0.6744436188329457,0.9964830363084052,40.080111,1606.415297772321,0.9958005092928006,3.5931942039795284,-2181.533470123032,4359.356241532425,4102.019731564592,89.96816901465641,0.0,46.4
2020-11-18,46.3,52.2,39.2,999.9,4.6,10.0,13.6,21.4,40.080111,116.584556,35.35,37.0873238320303,9.612265356033772,15.629780402577435,-0.661634618242279,0.9964830363084052,40.080111,1606.415297772321,0.9958005092928006,3.5931942039795284,-2181.533470123032,4359.356241532425,4102.019731564592,89.96816901465641,0.0,39.9
2020-11-19,39.3,52.2,28.4,999.9,6.7,7.4,13.6,21.4,40.080111,116.584556,35.35,31.39018827081765,9.584790311700047,15.496058830594993,-0.6486295610349818,0.9964830363084052,40.080111,1606.415297772321,0.9958005092928006,3.5931942039795284,-2181.533470123032,4359.356241532425,4102.019731564592,89.96816901465641,0.0,23.4
2020-11-20,37.2,50.2,32.0,999.9,6.7,3.2,7.8,38.27398486721006,40.080111,116.584556,35.35,29.629859544153888,9.558019207791576,15.366344788734425,-0.6354323008901775,0.9964830363084052,40.080111,1606.415297772321,0.9958005092928006,3.5931942039795284,-2181.533470123032,4359.356241532425,4102.019731564592,89.96816901465641,0.0,20.9
2020-11-21,34.1,46.6,26.6,999.9,4.9,5.3,17.5,15.275682362054527,40.080111,116.584556,35.35,27.08667426045451,9.531967481684871,15.240675090349038,-0.622046748440868,0.9964830363084052,40.080111,1606.415297772321,0.9958005092928006,3.5931942039795284,-2181.533470123032,4359.356241532425,4102.019731564592,89.96816901465641,0.0,26.7
2020-11-22,33.6,39.2,26.6,999.9,6.7,12.7,19.4,23.3,40.080111,116.584556,35.35,26.61862119014232,9.506650425050829,15.119084942477684,-0.6084768701151264,0.9964830363084052,40.080111,1606.415297772321,0.9958005092928006,3.5931942039795284,-2181.533470123032,4359.356241532425,4102.019731564592,89.96816901465641,0.0,6.1
2020-11-23,33.8,44.6,24.8,999.9,6.7,5.7,15.5,14.457301875159777,40.080111,116.584556,35.35,26.70786755833993,9.482083156807077,15.00160797140984,-0.594726686960764,0.9964830363084052,40.080111,1606.415297772321,0.9958005092928006,3.5931942039795284,-2181.533470123032,4359.356241532425,4102.019731564592,89.96816901465641,0.0,10.2
2020-11-24,32.7,46.4,24.8,999.9,6.1,2.8,5.8,-73.24415706438171,40.080111,116.584556,35.35,25.773814622823025,9.458280595531384,14.888276249843692,-0.5808002734538013,0.9964830363084052,40.080111,1606.415297772321,0.9958005092928006,3.5931942039795284,-2181.533470123032,4359.356241532425,4102.019731564592,89.96816901465641,0.0,16.7
2020-11-25,36.0,45.9,24.8,999.9,6.1,5.7,11.7,4.5365592570512465,40.080111,116.584556,35.35,28.305772294263576,9.435257431421192,14.779120325462257,-0.5667017562911184,0.9964830363084052,40.080111,1606.415297772321,0.9958005092928006,3.5931942039795284,-2181.533470123032,4359.356241532425,4102.019731564592,89.96816901465641,0.0,15.3
2020-11-26,31.8,43.9,23.0,999.9,6.5,3.9,9.7,14.6,40.080111,116.584556,35.35,24.944524459409294,9.4130280978903,14.674169250745628,-0.5524353131676203,0.9964830363084052,40.080111,1606.415297772321,0.9958005092928006,3.5931942039795284,-2181.533470123032,4359.356241532425,4102.019731564592,89.96816901465641,0.0,16.5
2020-11-27,34.1,42.8,24.8,999.9,6.6,9.8,15.5,63.78382254847419,40.080111,116.584556,35.35,26.687815827739463,9.391606742899517,14.573450613831382,-0.5380051715382992,0.9964830363084052,40.080111,1606.415297772321,0.9958005092928006,3.5931942039795284,-2181.533470123032,4359.356241532425,4102.019731564592,89.96816901465641,0.0,8.7
2020-11-28,26.6,41.7,17.6,999.9,6.7,3.9,9.7,93.22300679243119,40.080111,116.584556,35.35,20.77239929360692,9.371007200123422,14.476990570230228,-0.5234156073655503,0.9964830363084052,40.080111,1606.415297772321,0.9958005092928006,3.5931942039795284,-2181.533470123032,4359.356241532425,4102.019731564592,89.96816901465641,0.0,8.6
2020-11-29,32.7,42.8,22.6,999.9,6.3,8.3,15.5,21.4,40.080111,116.584556,35.35,25.482137066164327,9.351242960060302,14.384813875199127,-0.5086709438521042,0.9964830363084052,40.080111,1606.415297772321,0.9958005092928006,3.5931942039795284,-2181.533470123032,4359.356241532425,4102.019731564592,89.96816901465641,0.0,7.9
2020-11-30,28.0,42.6,19.4,999.9,6.9,3.8,9.7,3.6955386991226096,40.080111,116.584556,35.35,21.77542999612594,9.332327141196831,14.296943916571095,-0.49377555015997737,0.9964830363084052,40.080111,1606.415297772321,0.9958005092928006,3.5931942039795284,-2181.533470123032,4359.356241532425,4102.019731564592,89.96816901465641,0.0,9.5
2020-12-01,29.8,40.6,23.0,999.9,6.7,3.6,7.8,13.6,40.080111,116.584556,35.35,23.130443279001327,9.314272461342815,14.213402747838034,-0.4787338401157883,0.9964830363084052,40.080111,1606.415297772321,0.9958005092928006,3.5931942039795284,-2181.533470123032,4359.356241532425,4102.019731564592,89.96816901465641,0.0,12.4
2020-12-02,29.1,38.1,15.8,999.9,6.1,7.0,15.5,12.028752444749832,40.080111,116.584556,35.35,22.545446182442564,9.297091209254665,14.134211121281554,-0.4635502709028512,0.9964830363084052,40.080111,1606.415297772321,0.9958005092928006,3.5931942039795284,-2181.533470123032,4359.356241532425,4102.019731564592,89.96816901465641,0.0,7.3
2020-12-03,31.9,39.7,21.2,999.9,6.7,10.2,13.6,23.3,40.080111,116.584556,35.35,24.671447284311135,9.280795216668766,14.059388520946385,-0.4482293417404106,0.9964830363084052,40.080111,1606.415297772321,0.9958005092928006,3.5931942039795284,-2181.533470123032,4359.356241532425,4102.019731564592,89.96816901465641,0.0,4.5
2020-12-04,28.9,39.7,14.0,999.9,6.7,9.7,15.5,25.3,40.080111,116.584556,35.35,22.314161626006232,9.26539583086764,13.988953195251337,-0.4327755925504317,0.9964830363084052,40.080111,1606.415297772321,0.9958005092928006,3.5931942039795284,-2181.533470123032,4359.356241532425,4102.019731564592,89.96816901465641,0.0,3.3
2020-12-05,29.7,41.0,17.6,999.9,6.6,3.6,5.8,15.5,40.080111,116.584556,35.35,22.89598712255971,9.250903887902913,13.922922189034896,-0.41719360261231697,0.9964830363084052,40.080111,1606.415297772321,0.9958005092928006,3.5931942039795284,-2181.533470123032,4359.356241532425,4102.019731564592,89.96816901465641,0.0,10.2
2020-12-06,31.6,43.2,17.6,999.9,6.2,10.9,19.4,23.3,40.080111,116.584556,35.35,24.324968174710992,9.23732968659911,13.86131137483493,-0.4014879892059737,0.9964830363084052,40.080111,1606.415297772321,0.9958005092928006,3.5931942039795284,-2181.533470123032,4359.356241532425,4102.019731564592,89.96816901465641,0.0,5.0
2020-12-07,25.5,43.2,10.4,999.9,6.7,9.2,17.5,25.3,40.080111,116.584556,35.35,19.60245129735597,9.224682963461632,13.80413548320657,-0.38566340624360745,0.9964830363084052,40.080111,1606.415297772321,0.9958005092928006,3.5931942039795284,-2181.533470123032,4359.356241532425,4102.019731564592,89.96816901465641,0.0,-2.3
2020-12-08,28.2,36.5,15.3,999.9,6.4,3.8,7.8,43.55041209825146,40.080111,116.584556,35.35,21.650486241234862,9.21297286861058,13.751408131886995,-0.3697245428906732,0.9964830363084052,40.080111,1606.415297772321,0.9958005092928006,3.5931942039795284,-2181.533470123032,4359.356241532425,4102.019731564592,89.96816901465641,0.0,5.6
2020-12-09,24.1,37.9,12.2,999.9,6.1,3.0,7.8,102.48325168890173,40.080111,116.584556,35.35,18.481100951909525,9.202207942859514,13.703141853622688,-0.3536761221763721,0.9964830363084052,40.080111,1606.415297772321,0.9958005092928006,3.5931942039795284,-2181.533470123032,4359.356241532425,4102.019731564592,89.96816901465641,0.0,11.4
2020-12-10,32.6,48.2,17.6,999.9,6.0,5.3,17.5,25.3,40.080111,116.584556,35.35,24.97267606094857,9.192396096054688,13.659348122481685,-0.33752289959411347,0.9964830363084052,40.080111,1606.415297772321,0.9958005092928006,3.5931942039795284,-2181.533470123032,4359.356241532425,4102.019731564592,89.96816901465641,0.0,14.3
2020-12-11,29.7,45.1,15.8,999.9,5.9,3.2,7.8,-20.92222999954713,40.080111,116.584556,35.35,22.729272852294937,9.183544586785834,13.620037378482502,-0.32126966169236515,0.9964830363084052,40.080111,1606.415297772321,0.9958005092928006,3.5931942039795284,-2181.533470123032,4359.356241532425,4102.019731564592,89.96816901465641,0.0,14.7
2020-12-12,30.7,43.9,19.4,999.9,4.7,7.6,21.4,21.545026664364883,40.080111,116.584556,35.35,23.474396842477255,9.17566000357417,13.585219050380543,-0.3049212246562894,0.9964830363084052,40.080111,1606.415297772321,0.9958005092928006,3.5931942039795284,-2181.533470123032,4359.356241532425,4102.019731564592,89.96816901465641,0.0,19.1
2020-12-13,19.5,36.1,3.2,999.9,6.7,10.8,21.4,31.1,40.080111,116.584556,35.35,14.89921590241014,9.168748247637009,13.55490157646403,-0.2884824328806098,0.9964830363084052,40.080111,1606.415297772321,0.9958005092928006,3.5931942039795284,-2181.533470123032,4359.356241532425,4102.019731564592,89.96816901465641,0.0,-4.5
2020-12-14,19.3,31.6,6.8,999.9,6.5,7.4,19.4,25.3,40.080111,116.584556,35.35,14.736860015358218,9.162814517321172,13.529092423222686,-0.27195815753410524,0.9964830363084052,40.080111,1606.415297772321,0.9958005092928006,3.5931942039795284,-2181.533470123032,4359.356241532425,4102.019731564592,89.96816901465641,0.0,-3.0
2020-12-15,22.4,32.2,10.4,999.9,6.2,4.9,11.7,64.66485002212302,40.080111,116.584556,35.35,17.09467814934028,9.157863294289436,13.507798101765427,-0.2553532951161881,0.9964830363084052,40.080111,1606.415297772321,0.9958005092928006,3.5931942039795284,-2181.533470123032,4359.356241532425,4102.019731564592,89.96816901465641,0.0,-1.8
2020-12-16,24.2,37.4,8.6,999.9,6.5,4.5,9.7,31.715410839830234,40.080111,116.584556,35.35,18.460361635263293,9.153898331535517,13.491024181876504,-0.23867276600594997,0.9964830363084052,40.080111,1606.415297772321,0.9958005092928006,3.5931942039795284,-2181.533470123032,4359.356241532425,4102.019731564592,89.96816901465641,0.0,1.7
2020-12-17,24.7,37.6,15.8,999.9,6.1,4.9,9.7,-52.70560657294516,40.080111,116.584556,35.35,18.83564910744601,9.150922643293608,13.478775303613823,-0.22192151300416674,0.9964830363084052,40.080111,1606.415297772321,0.9958005092928006,3.5931942039795284,-2181.533470123032,4359.356241532425,4102.019731564592,89.96816901465641,0.0,6.0
2020-12-18,20.1,37.6,6.8,999.9,6.7,4.6,9.7,34.453659917476024,40.080111,116.584556,35.35,15.324471982305031,9.148938496898525,13.471055186368098,-0.20510449986861926,0.9964830363084052,40.080111,1606.415297772321,0.9958005092928006,3.5931942039795284,-2181.533470123032,4359.356241532425,4102.019731564592,89.96816901465641,0.0,-3.1
2020-12-19,23.4,37.8,10.4,999.9,6.4,3.3,5.8,-38.517135726839186,40.080111,116.584556,35.35,17.83849744295173,9.147947406641913,13.46786663531688,-0.1882267098432439,0.9964830363084052,40.080111,1606.415297772321,0.9958005092928006,3.5931942039795284,-2181.533470123032,4359.356241532425,4102.019731564592,89.96816901465641,0.0,4.3
2020-12-20,25.2,41.0,12.2,999.9,6.7,4.7,11.7,19.877989326331047,40.080111,116.584556,35.35,19.210695272283793,9.14795012965895,13.469211545223475,-0.1712931441814778,0.9964830363084052,40.080111,1606.415297772321,0.9958005092928006,3.5931942039795284,-2181.533470123032,4359.356241532425,4102.019731564592,89.96816901465641,0.0,5.6
2020-12-21,25.5,42.8,14.0,999.9,6.1,3.6,5.8,15.862514597051549,40.080111,116.584556,35.35,19.44151166072106,9.148946663868733,13.475090901546984,-0.154308820664281,0.9964830363084052,40.080111,1606.415297772321,0.9958005092928006,3.5931942039795284,-2181.533470123032,4359.356241532425,4102.019731564592,89.96816901465641,0.0,8.4
2020-12-22,29.3,43.9,17.6,999.9,6.1,4.5,19.4,25.3,40.080111,116.584556,35.35,22.343536005484367,9.150936247979946,13.485504778846373,-0.13727877211326517,0.9964830363084052,40.080111,1606.415297772321,0.9958005092928006,3.5931942039795284,-2181.533470123032,4359.356241532425,4102.019731564592,89.96816901465641,0.0,11.6
2020-12-23,34.1,45.0,18.5,999.9,6.2,10.7,21.4,29.1,40.080111,116.584556,35.35,26.012381841454673,9.153917363561762,13.500452336478007,-0.12020804489935275,0.9964830363084052,40.080111,1606.415297772321,0.9958005092928006,3.5931942039795284,-2181.533470123032,4359.356241532425,4102.019731564592,89.96816901465641,0.0,-0.4
2020-12-24,28.2,45.0,10.4,999.9,6.7,7.5,17.5,29.1,40.080111,116.584556,35.35,21.5210361870456,9.15788773916834,13.51993181160284,-0.10310169744743544,0.9964830363084052,40.080111,1606.415297772321,0.9958005092928006,3.5931942039795284,-2181.533470123032,4359.356241532425,4102.019731564592,89.96816901465641,0.0,-2.1
2020-12-25,25.9,46.4,14.0,999.9,6.1,2.5,5.8,76.78959680097816,40.080111,116.584556,35.35,19.776472402765478,9.162844356493657,13.543940509536132,-0.0859647987374467,0.9964830363084052,40.080111,1606.415297772321,0.9958005092928006,3.5931942039795284,-2181.533470123032,4359.356241532425,4102.019731564592,89.96816901465641,0.0,6.2
2020-12-26,25.4,45.9,15.8,999.9,6.2,2.9,7.8,8.7583412395247,40.080111,116.584556,35.35,19.407258320538663,9.168783458522203,13.572474791488789,-0.06880242680232064,0.9964830363084052,40.080111,1606.415297772321,0.9958005092928006,3.5931942039795284,-2181.533470123032,4359.356241532425,4102.019731564592,89.96816901465641,0.0,15.0
2020-12-27,30.1,45.5,19.4,999.9,5.4,2.8,7.8,-18.848455169297814,40.080111,116.584556,35.35,23.015715570405114,9.175700559629945,13.605530059765634,-0.05161966722325418,0.9964830363084052,40.080111,1606.415297772321,0.9958005092928006,3.5931942039795284,-2181.533470123032,4359.356241532425,4102.019731564592,89.96816901465641,0.0,17.5
2020-12-28,26.1,45.5,12.2,999.9,5.7,9.6,23.3,31.1,40.080111,116.584556,35.35,19.974309245235617,9.183590457579594,13.643100740501477,-0.034421611622745804,0.9964830363084052,40.080111,1606.415297772321,0.9958005092928006,3.5931942039795284,-2181.533470123032,4359.356241532425,4102.019731564592,89.96816901465641,0.0,3.3
2020-12-29,11.2,35.8,6.8,999.9,6.7,16.8,27.2,36.9,40.080111,116.584556,35.35,8.579617430854357,9.192447247343955,13.685180264030954,-0.01721335615583528,0.9964830363084052,40.080111,1606.415297772321,0.9958005092928006,3.5931942039795284,-2181.533470123032,4359.356241532425,4102.019731564592,89.96816901465641,0.0,-23.6
2020-12-30,15.7,21.9,5.0,999.9,6.7,11.7,21.4,31.1,40.080111,116.584556,35.35,12.039629173825478,9.202264336681894,13.731761043002553,6.432490598706546e-16,0.9964830363084052,40.080111,1606.415297772321,0.9958005092928006,3.5931942039795284,-2181.533470123032,4359.356241532425,4102.019731564592,89.96816901465641,0.0,-14.3
2020-12-31,21.2,33.8,5.0,999.9,6.4,6.9,17.5,27.2,40.080111,116.584556,35.35,16.276360885309334,9.213034463382641,13.78283444836103,0.017213356155833904,0.9964830363084052,40.080111,1606.415297772321,0.9958005092928006,3.5931942039795284,-2181.533470123032,4359.356241532425,4102.019731564592,89.96816901465641,0.0,-7.8
2021-01-01,19.4,34.7,6.8,999.9,6.3,2.2,3.9,-32.1709331329848,40.080111,116.584556,35.35,14.894405715801936,9.213034463382641,13.78283444836103,0.017213356155834685,0.9964830363084052,40.080111,1606.415297772321,0.9958005092928006,3.5931942039795284,-2181.533470123032,4359.356241532425,4102.019731564592,89.96816901465641,0.0,1.4
2021-01-02,22.6,34.7,12.2,999.9,6.1,4.2,9.7,80.3772185118987,40.080111,116.584556,35.35,17.37327862819555,9.224749714086132,13.838390783335127,0.03442161162274574,0.9964830363084052,40.080111,1606.415297772321,0.9958005092928006,3.5931942039795284,-2181.533470123032,4359.356241532425,4102.019731564592,89.96816901465641,0.0,4.7
2021-01-03,20.4,32.9,12.2,999.9,6.7,2.5,5.8,-42.26392861246036,40.080111,116.584556,35.35,15.703582625786078,9.237401544580047,13.898419255579952,0.051619667223253764,0.9964830363084052,40.080111,1606.415297772321,0.9958005092928006,3.5931942039795284,-2181.533470123032,4359.356241532425,4102.019731564592,89.96816901465641,0.0,-1.1
2021-01-04,21.5,31.8,1.4,999.9,6.3,9.1,15.5,21.4,40.080111,116.584556,35.35,16.57467393596312,9.250980801467787,13.962907947633797,0.06880242680231986,0.9964830363084052,40.080111,1606.415297772321,0.9958005092928006,3.5931942039795284,-2181.533470123032,4359.356241532425,4102.019731564592,89.96816901465641,0.0,-8.2
2021-01-05,18.9,31.8,3.2,999.9,6.7,7.5,23.3,33.0,40.080111,116.584556,35.35,14.593127448526674,9.265477745096302,14.031843785859946,0.08596479873744647,0.9964830363084052,40.080111,1606.415297772321,0.9958005092928006,3.5931942039795284,-2181.533470123032,4359.356241532425,4102.019731564592,89.96816901465641,0.0,-9.4
2021-01-06,3.5,27.9,-9.4,999.9,6.6,17.1,27.2,36.9,40.080111,116.584556,35.35,2.706923938141566,9.280882073628225,14.105212508052281,0.10310169744743485,0.9964830363084052,40.080111,1606.415297772321,0.9958005092928006,3.5931942039795284,-2181.533470123032,4359.356241532425,4102.019731564592,89.96816901465641,0.0,-31.7
2021-01-07,8.4,19.4,-9.4,999.9,6.7,6.6,15.5,11.924051672452963,40.080111,116.584556,35.35,6.508028063697422,9.297182948139174,14.18299862989209,0.1202080448993527,0.9964830363084052,40.080111,1606.415297772321,0.9958005092928006,3.5931942039795284,-2181.533470123032,4359.356241532425,4102.019731564592,89.96816901465641,0.0,-19.3
2021-01-08,19.2,27.1,-2.2,999.9,6.4,9.3,19.4,27.2,40.080111,116.584556,35.35,14.9029904297897,9.314369018618562,14.26518541044956,0.13727877211326478,0.9964830363084052,40.080111,1606.415297772321,0.9958005092928006,3.5931942039795284,-2181.533470123032,4359.356241532425,4102.019731564592,89.96816901465641,0.0,-8.9
2021-01-09,26.1,35.4,6.8,999.9,6.7,10.0,17.5,25.3,40.080111,116.584556,35.35,20.298031880382556,9.3324284507506,14.351754816929544,0.15430882066428117,0.9964830363084052,40.080111,1606.415297772321,0.9958005092928006,3.5931942039795284,-2181.533470123032,4359.356241532425,4102.019731564592,89.96816901465641,0.0,-2.1
2021-01-10,27.9,35.6,15.3,999.9,6.7,8.3,15.5,23.3,40.080111,116.584556,35.35,21.741886316541905,9.351348953351357,14.442687488865367,0.1712931441814776,0.9964830363084052,40.080111,1606.415297772321,0.9958005092928006,3.5931942039795284,-2181.533470123032,4359.356241532425,4102.019731564592,89.96816901465641,0.0,-1.5
2021-01-11,23.7,35.8,8.6,999.9,6.5,7.2,17.5,21.4,40.080111,116.584556,35.35,18.507957667517516,9.371117806337983,14.537962701967793,0.1882267098432442,0.9964830363084052,40.080111,1606.415297772321,0.9958005092928006,3.5931942039795284,-2181.533470123032,4359.356241532425,4102.019731564592,89.96816901465641,0.0,-2.3
2021-01-12,24.5,41.0,8.6,999.9,6.2,3.3,7.8,11.7,40.080111,116.584556,35.35,19.174765523593784,9.39172188910716,14.637558331838472,0.2051044998686192,0.9964830363084052,40.080111,1606.415297772321,0.9958005092928006,3.5931942039795284,-2181.533470123032,4359.356241532425,4102.019731564592,89.96816901465641,0.0,3.5
2021-01-13,32.8,47.5,17.6,999.9,5.5,5.3,11.7,-31.129190405736207,40.080111,116.584556,35.35,25.729270405150977,9.413147709201578,14.741450817758055,0.2219215130041655,0.9964830363084052,40.080111,1606.415297772321,0.9958005092928006,3.5931942039795284,-2181.533470123032,4359.356241532425,4102.019731564592,89.96816901465641,0.0,12.7
2021-01-14,29.7,47.5,21.2,999.9,5.9,4.6,11.7,60.81698633112845,40.080111,116.584556,35.35,23.3525690420861,9.435381431145899,14.849615126759371,0.2386727660059501,0.9964830363084052,40.080111,1606.415297772321,0.9958005092928006,3.5931942039795284,-2181.533470123032,4359.356241532425,4102.019731564592,89.96816901465641,0.0,20.0
2021-01-15,24.9,38.3,8.6,999.9,5.9,5.8,9.7,17.5,40.080111,116.584556,35.35,19.62619847857384,9.45840890533679,14.962024718194366,0.255353295116187,0.9964830363084052,40.080111,1606.415297772321,0.9958005092928006,3.5931942039795284,-2181.533470123032,4359.356241532425,4102.019731564592,89.96816901465641,0.0,-2.0
2021-01-16,23.0,38.3,6.8,999.9,6.2,8.7,17.5,23.3,40.080111,116.584556,35.35,18.17424675234481,9.482215696875555,15.0786515090021,0.2719581575341055,0.9964830363084052,40.080111,1606.415297772321,0.9958005092928006,3.5931942039795284,-2181.533470123032,4359.356241532425,4102.019731564592,89.96816901465641,0.0,-6.9
2021-01-17,24.9,37.6,12.2,999.9,6.6,4.6,11.7,14.661990443614235,40.080111,116.584556,35.35,19.726583262040325,9.506787114236301,15.199465839881087,0.288482432880609,0.9964830363084052,40.080111,1606.415297772321,0.9958005092928006,3.5931942039795284,-2181.533470123032,4359.356241532425,4102.019731564592,89.96816901465641,0.0,-4.7
2021-01-18,26.8,42.8,10.4,999.9,6.3,5.2,15.5,1.4553828573916974,40.080111,116.584556,35.35,21.288375064124132,9.532108237667522,15.324436442565856,0.30492122465628907,0.9964830363084052,40.080111,1606.415297772321,0.9958005092928006,3.5931942039795284,-2181.533470123032,4359.356241532425,4102.019731564592,89.96816901465641,0.0,2.7
2021-01-19,21.2,41.9,14.0,999.9,6.5,3.0,5.8,-8.339850979873244,40.080111,116.584556,35.35,16.88608964010691,9.558163947230327,15.453530408402132,0.3212696616923644,0.9964830363084052,40.080111,1606.415297772321,0.9958005092928006,3.5931942039795284,-2181.533470123032,4359.356241532425,4102.019731564592,89.96816901465641,0.0,11.8
2021-01-20,23.6,35.1,15.8,999.9,5.7,3.0,5.8,70.15722038011056,40.080111,116.584556,35.35,18.850379935751842,9.584938950382293,15.586713158409571,0.3375228995941133,0.9964830363084052,40.080111,1606.415297772321,0.9958005092928006,3.5931942039795284,-2181.533470123032,4359.356241532425,4102.019731564592,89.96816901465641,0.0,13.3
2021-01-21,28.0,42.8,15.8,999.9,5.3,3.8,7.8,21.691156784285674,40.080111,116.584556,35.35,22.4289748877179,9.612417809021958,15.7239484150142,0.3536761221763716,0.9964830363084052,40.080111,1606.415297772321,0.9958005092928006,3.5931942039795284,-2181.533470123032,4359.356241532425,4102.019731564592,89.96816901465641,0.0,13.6
2021-01-22,25.3,41.9,12.2,999.9,4.3,2.5,5.8,44.238307586539236,40.080111,116.584556,35.35,20.325566636471017,9.640584965915107,15.865198175625505,0.3697245428906731,0.9964830363084052,40.080111,1606.415297772321,0.9958005092928006,3.5931942039795284,-2181.533470123032,4359.356241532425,4102.019731564592,89.96816901465641,0.0,15.0
2021-01-23,24.3,41.4,14.0,999.9,4.5,2.8,5.8,82.91130274903036,40.080111,116.584556,35.35,19.580585160121945,9.66942477043059,16.010422688225255,0.38566340624360707,0.9964830363084052,40.080111,1606.415297772321,0.9958005092928006,3.5931942039795284,-2181.533470123032,4359.356241532425,4102.019731564592,89.96816901465641,0.0,14.5
2021-01-24,28.7,41.0,19.8,999.9,4.3,2.4,5.8,84.22918141714416,40.080111,116.584556,35.35,23.19658726258468,9.698921503519728,16.15958042912655,0.401487989205973,0.9964830363084052,40.080111,1606.415297772321,0.9958005092928006,3.5931942039795284,-2181.533470123032,4359.356241532425,4102.019731564592,89.96816901465641,0.0,16.6
2021-01-25,26.2,41.0,17.6,999.9,1.1,3.2,5.8,-12.762441616295794,40.080111,116.584556,35.35,21.241779694104718,9.729059401880024,16.312628083052655,0.4171936026123168,0.9964830363084052,40.080111,1606.415297772321,0.9958005092928006,3.5931942039795284,-2181.533470123032,4359.356241532425,4102.019731564592,89.96816901465641,0.0,23.6
2021-01-26,29.9,48.2,15.8,999.9,5.6,6.4,23.3,35.0,40.080111,116.584556,35.35,24.31822484744887,9.759822681250384,16.46952052567572,0.4327755925504312,0.9964830363084052,40.080111,1606.415297772321,0.9958005092928006,3.5931942039795284,-2181.533470123032,4359.356241532425,4102.019731564592,89.96816901465641,0.0,13.2
2021-01-27,31.1,44.4,21.2,999.9,6.3,8.6,19.4,23.3,40.080111,116.584556,35.35,25.37551515653458,9.791195558791477,16.630210808745577,0.4482293417404106,0.9964830363084052,40.080111,1606.415297772321,0.9958005092928006,3.5931942039795284,-2181.533470123032,4359.356241532425,4102.019731564592,89.96816901465641,0.0,4.8
2021-01-28,17.3,38.1,6.8,999.9,6.5,7.4,19.4,29.1,40.080111,116.584556,35.35,14.161725612420412,9.823162274511269,16.794650147928657,0.4635502709028509,0.9964830363084052,40.080111,1606.415297772321,0.9958005092928006,3.5931942039795284,-2181.533470123032,4359.356241532425,4102.019731564592,89.96816901465641,0.0,-13.9
2021-01-29,20.2,33.3,8.6,999.9,6.5,3.1,5.8,105.15072287058379,40.080111,116.584556,35.35,16.590440304698262,9.855707111701937,16.962787913466684,0.47873384011578846,0.9964830363084052,40.080111,1606.415297772321,0.9958005092928006,3.5931942039795284,-2181.533470123032,4359.356241532425,4102.019731564592,89.96816901465641,0.0,-1.9
2021-01-30,27.8,45.5,12.2,999.9,6.3,4.3,9.7,-93.94283749155845,40.080111,116.584556,35.35,22.909086731234744,9.88881441636032,17.134571623754038,0.49377555015997715,0.9964830363084052,40.080111,1606.415297772321,0.9958005092928006,3.5931942039795284,-2181.533470123032,4359.356241532425,4102.019731564592,89.96816901465641,0.0,8.0
2021-01-31,24.3,45.5,14.0,999.9,4.6,2.8,7.8,-3.379931824154772,40.080111,116.584556,35.35,20.09299894652908,9.922468615569915,17.309946941921726,0.5086709438521044,0.9964830363084052,40.080111,1606.415297772321,0.9958005092928006,3.5931942039795284,-2181.533470123032,4359.356241532425,4102.019731564592,89.96816901465641,0.0,18.0
2021-02-01,26.9,40.1,8.6,999.9,6.7,9.8,15.5,94.07981414923465,40.080111,116.584556,35.35,22.319499909739214,9.956654234827903,17.488857675505308,0.5234156073655503,0.9964830363084052,40.080111,1606.415297772321,0.9958005092928006,3.5931942039795284,-2181.533470123032,4359.356241532425,4102.019731564592,89.96816901465641,0.0,-8.0
2021-02-02,21.7,37.2,8.6,999.9,6.7,4.9,13.6,-13.14244887586226,40.080111,116.584556,35.35,18.067701945036593,9.99135591430595,17.671245779262645,0.5380051715382996,0.9964830363084052,40.080111,1606.415297772321,0.9958005092928006,3.5931942039795284,-2181.533470123032,4359.356241532425,4102.019731564592,89.96816901465641,0.0,-6.9
2021-02-03,26.2,45.9,10.4,999.9,6.4,5.5,19.4,31.1,40.080111,116.584556,35.35,21.891319225817433,10.02655842403852,17.85705136119657,0.5524353131676196,0.9964830363084052,40.080111,1606.415297772321,0.9958005092928006,3.5931942039795284,-2181.533470123032,4359.356241532425,4102.019731564592,89.96816901465641,0.0,-2.5
2021-02-04,30.2,50.5,15.8,999.9,6.3,3.6,9.7,-17.49134400862852,40.080111,116.584556,35.35,25.32332080639316,10.062246678037017,18.046212691826472,0.5667017562911176,0.9964830363084052,40.080111,1606.415297772321,0.9958005092928006,3.5931942039795284,-2181.533470123032,4359.356241532425,4102.019731564592,89.96816901465641,0.0,3.0
2021-02-05,39.6,59.5,23.0,999.9,6.2,4.5,9.7,-12.275782335434762,40.080111,116.584556,35.35,33.32473896619731,10.098405747332517,18.23866621674163,0.5808002734538009,0.9964830363084052,40.080111,1606.415297772321,0.9958005092928006,3.5931942039795284,-2181.533470123032,4359.356241532425,4102.019731564592,89.96816901465641,0.0,9.4
2021-02-06,43.1,61.5,23.0,999.9,6.2,5.6,15.5,23.3,40.080111,116.584556,35.35,36.40161663176731,10.135020871953776,18.43434657245861,0.5947266869607634,0.9964830363084052,40.080111,1606.415297772321,0.9958005092928006,3.5931942039795284,-2181.533470123032,4359.356241532425,4102.019731564592,89.96816901465641,0.0,14.3
2021-02-07,29.7,46.4,14.0,999.9,6.2,5.7,17.5,25.3,40.080111,116.584556,35.35,25.17589174283104,10.172077471850926,18.63318660559378,0.6084768701151261,0.9964830363084052,40.080111,1606.415297772321,0.9958005092928006,3.5931942039795284,-2181.533470123032,4359.356241532425,4102.019731564592,89.96816901465641,0.0,-0.6
2021-02-08,30.0,46.0,15.8,999.9,6.3,2.3,5.8,27.68187900316185,40.080111,116.584556,35.35,25.52390289194664,10.209561156778657,18.83511739535171,0.6220467484408675,0.9964830363084052,40.080111,1606.415297772321,0.9958005092928006,3.5931942039795284,-2181.533470123032,4359.356241532425,4102.019731564592,89.96816901465641,0.0,10.8
2021-02-09,31.5,50.2,19.4,999.9,6.1,2.5,5.8,13.6,40.080111,116.584556,35.35,26.899576554783685,10.24745773515569,19.040068279319666,0.6354323008901774,0.9964830363084052,40.080111,1606.415297772321,0.9958005092928006,3.5931942039795284,-2181.533470123032,4359.356241532425,4102.019731564592,89.96816901465641,0.0,13.9
2021-02-10,44.2,60.8,23.0,999.9,5.6,3.1,5.8,3.542130183897916,40.080111,116.584556,35.35,37.885857700739066,10.285753221920109,19.247966882548155,0.6486295610349814,0.9964830363084052,40.080111,1606.415297772321,0.9958005092928006,3.5931942039795284,-2181.533470123032,4359.356241532425,4102.019731564592,89.96816901465641,0.0,13.2
2021-02-13,36.7,46.0,30.2,999.9,1.4,1.8,7.8,48.07794468216239,40.080111,116.584556,35.35,31.815525182272605,10.402896517364338,19.88860027178076,0.6870527672236669,0.9964830363084052,40.080111,1606.415297772321,0.9958005092928006,3.5931942039795284,-2181.533470123032,4359.356241532425,4102.019731564592,89.96816901465641,0.0,34.2
2021-02-14,33.3,46.0,17.6,999.9,3.7,5.7,17.5,96.01367402780627,40.080111,116.584556,35.35,28.97835968314357,10.442652138069755,20.107532950783654,0.699458327051647,0.9964830363084052,40.080111,1606.415297772321,0.9958005092928006,3.5931942039795284,-2181.533470123032,4359.356241532425,4102.019731564592,89.96816901465641,0.0,22.6
2021-02-15,33.2,43.0,21.2,999.9,6.7,6.1,17.5,50.4350792503526,40.080111,116.584556,35.35,29.00224746399101,10.482740047225667,20.32902702949127,0.7116566222817746,0.9964830363084052,40.080111,1606.415297772321,0.9958005092928006,3.5931942039795284,-2181.533470123032,4359.356241532425,4102.019731564592,89.96816901465641,0.0,8.6
2021-02-16,25.2,43.0,14.0,999.9,6.7,15.8,27.2,35.0,40.080111,116.584556,35.35,22.09860998231833,10.523147610627777,20.55300064744766,0.7236440382959124,0.9964830363084052,40.080111,1606.415297772321,0.9958005092928006,3.5931942039795284,-2181.533470123032,4359.356241532425,4102.019731564592,89.96816901465641,0.0,-11.0
2021-02-17,24.2,38.5,14.0,999.9,6.7,5.2,11.7,-28.052845719409124,40.080111,116.584556,35.35,21.30378923290563,10.563862429539983,20.779370523512146,0.7354170229639855,0.9964830363084052,40.080111,1606.415297772321,0.9958005092928006,3.5931942039795284,-2181.533470123032,4359.356241532425,4102.019731564592,89.96816901465641,0.0,-9.8
2021-02-18,29.3,45.5,16.7,999.9,6.7,3.4,7.8,98.06976878859653,40.080111,116.584556,35.35,25.893563300376467,10.604872341451113,21.00805200936111,0.7469720876965552,0.9964830363084052,40.080111,1606.415297772321,0.9958005092928006,3.5931942039795284,-2181.533470123032,4359.356241532425,4102.019731564592,89.96816901465641,0.0,3.6
2021-02-19,48.2,64.4,23.5,999.9,6.3,5.2,13.6,-14.004897447710821,40.080111,116.584556,35.35,42.762097770651344,10.646165420079173,21.238959145678027,0.7583058084785624,0.9964830363084052,40.080111,1606.415297772321,0.9958005092928006,3.5931942039795284,-2181.533470123032,4359.356241532425,4102.019731564592,89.96816901465641,0.0,10.0
2021-02-21,52.9,78.1,36.1,2.9,6.6,5.3,11.7,16.1,40.080111,116.584556,35.35,47.2994529680466,10.729554548517187,21.707100332579078,0.7802958510707755,0.9964830363084052,40.080111,1606.415297772321,0.9958005092928006,3.5931942039795284,-2181.533470123032,4359.356241532425,4102.019731564592,89.96816901465641,0.0,18.9
2021-02-22,41.8,53.6,30.2,999.9,6.7,5.3,11.7,-39.620033614425076,40.080111,116.584556,35.35,37.52117057772549,10.771627917050381,21.944156450721263,0.7909456567567772,0.9964830363084052,40.080111,1606.415297772321,0.9958005092928006,3.5931942039795284,-2181.533470123032,4359.356241532425,4102.019731564592,89.96816901465641,0.0,15.2
2021-02-23,30.7,55.2,21.2,999.9,6.7,4.9,7.8,-60.83524457875649,40.080111,116.584556,35.35,27.66566082578671,10.813939084998063,22.183082483837673,0.8013610881746766,0.9964830363084052,40.080111,1606.415297772321,0.9958005092928006,3.5931942039795284,-2181.533470123032,4359.356241532425,4102.019731564592,89.96816901465641,0.0,19.3
2021-02-24,30.6,41.9,21.2,999.9,6.0,2.3,5.8,20.36841127192516,40.080111,116.584556,35.35,27.68401707211305,10.856477283181588,22.423786846714655,0.8115390590073611,0.9964830363084052,40.080111,1606.415297772321,0.9958005092928006,3.5931942039795284,-2181.533470123032,4359.356241532425,4102.019731564592,89.96816901465641,0.0,18.9
2021-02-25,35.2,48.2,21.2,999.9,4.2,2.9,5.8,-55.887393733712145,40.080111,116.584556,35.35,31.97108042965732,10.899231964655904,22.66617703028179,0.8214765533024142,0.9964830363084052,40.080111,1606.415297772321,0.9958005092928006,3.5931942039795284,-2181.533470123032,4359.356241532425,4102.019731564592,89.96816901465641,0.0,22.3
2021-02-26,38.2,52.2,23.0,999.9,2.6,3.6,7.8,-46.40232339234305,40.080111,116.584556,35.35,34.83264708105781,10.942192800332295,22.910159673263163,0.8311706263658079,0.9964830363084052,40.080111,1606.415297772321,0.9958005092928006,3.5931942039795284,-2181.533470123032,4359.356241532425,4102.019731564592,89.96816901465641,0.0,25.1
2021-02-27,42.5,53.4,26.4,999.9,4.3,3.7,5.8,-17.349713949117785,40.080111,116.584556,35.35,38.90644676242948,10.985349674097735,23.15564063548959,0.8406184056344782,0.9964830363084052,40.080111,1606.415297772321,0.9958005092928006,3.5931942039795284,-2181.533470123032,4359.356241532425,4102.019731564592,89.96816901465641,0.0,23.0
2021-02-28,37.9,53.4,30.2,999.9,3.3,4.4,13.6,21.4,40.080111,116.584556,35.35,34.8322877063101,11.028692677459661,23.40252507272061,0.8498170915275278,0.9964830363084052,40.080111,1606.415297772321,0.9958005092928006,3.5931942039795284,-2181.533470123032,4359.356241532425,4102.019731564592,89.96816901465641,0.0,34.2
2021-03-01,36.6,42.8,29.8,999.9,6.2,6.2,11.7,15.5,40.080111,116.584556,35.35,33.77024691642023,11.072212103744336,23.65071751282164,0.8587639582758029,0.9964830363084052,40.080111,1606.415297772321,0.9958005092928006,3.5931942039795284,-2181.533470123032,4359.356241532425,4102.019731564592,89.96816901465641,0.0,24.0
2021-03-02,37.8,41.0,29.8,999.9,3.3,4.4,7.8,-18.47106541411594,40.080111,116.584556,35.35,35.01508009190957,11.115898441876055,23.900121933138283,0.8674563547295969,0.9964830363084052,40.080111,1606.415297772321,0.9958005092928006,3.5931942039795284,-2181.533470123032,4359.356241532425,4102.019731564592,89.96816901465641,0.0,29.8
2021-03-03,41.1,44.6,35.1,999.9,2.0,2.5,3.9,24.447147680110994,40.080111,116.584556,35.35,38.222117616440585,11.159742369763674,24.150641838907084,0.8758917051442429,0.9964830363084052,40.080111,1606.415297772321,0.9958005092928006,3.5931942039795284,-2181.533470123032,4359.356241532425,4102.019731564592,89.96816901465641,0.0,34.5
2021-03-04,41.9,52.0,35.6,999.9,1.5,2.1,7.8,65.12279624608645,40.080111,116.584556,35.35,39.11970715939247,11.20373474732004,24.40218034253944,0.8840675099433636,0.9964830363084052,40.080111,1606.415297772321,0.9958005092928006,3.5931942039795284,-2181.533470123032,4359.356241532425,4102.019731564592,89.96816901465641,0.0,36.8
2021-03-05,39.9,52.0,33.6,999.9,4.9,6.3,11.7,58.87655975037502,40.080111,116.584556,35.35,37.39915647538741,11.24786660913907,24.654640243613738,0.8919813464595485,0.9964830363084052,40.080111,1606.415297772321,0.9958005092928006,3.5931942039795284,-2181.533470123032,4359.356241532425,4102.019731564592,89.96816901465641,0.0,22.9
2021-03-06,32.4,49.3,23.0,999.9,6.7,5.1,9.7,-19.344979077852276,40.080111,116.584556,35.35,30.488748723506486,11.292129156854255,24.90792410940894,0.8996308696522433,0.9964830363084052,40.080111,1606.415297772321,0.9958005092928006,3.5931942039795284,-2181.533470123032,4359.356241532425,4102.019731564592,89.96816901465641,0.0,13.9
2021-03-07,36.5,46.6,25.9,999.9,5.9,4.2,7.8,12.4,40.080111,116.584556,35.35,34.48189599323821,11.336513751201604,25.16193435581213,0.9070138128026359,0.9964830363084052,40.080111,1606.415297772321,0.9958005092928006,3.5931942039795284,-2181.533470123032,4359.356241532425,4102.019731564592,89.96816901465641,0.0,23.6
2021-03-08,38.5,50.7,28.2,999.9,5.8,3.3,7.8,-24.703625945003004,40.080111,116.584556,35.35,36.51407985805403,11.381011903809048,25.416573328431433,0.9141279881853337,0.9964830363084052,40.080111,1606.415297772321,0.9958005092928006,3.5931942039795284,-2181.533470123032,4359.356241532425,4102.019731564592,89.96816901465641,0.0,25.0
2021-03-09,45.6,59.0,32.5,999.9,3.0,2.8,5.8,114.76247230649311,40.080111,116.584556,35.35,43.417338021187625,11.425615268733585,25.671743383746037,0.9209712877166346,0.9964830363084052,40.080111,1606.415297772321,0.9958005092928006,3.5931942039795284,-2181.533470123032,4359.356241532425,4102.019731564592,89.96816901465641,0.0,31.2
2021-03-10,49.2,62.1,37.4,999.9,2.8,3.9,11.7,-115.60315520556665,40.080111,116.584556,35.35,47.02829409844264,11.470315633766498,25.927346970124834,0.9275416835791966,0.9964830363084052,40.080111,1606.415297772321,0.9958005092928006,3.5931942039795284,-2181.533470123032,4359.356241532425,4102.019731564592,89.96816901465641,0.0,39.1
2021-03-11,56.0,63.5,40.8,999.9,4.4,5.3,11.7,85.0854586258689,40.080111,116.584556,35.35,53.73715625378946,11.515104911526311,26.183286708546216,0.9338372288229252,0.9964830363084052,40.080111,1606.415297772321,0.9958005092928006,3.5931942039795284,-2181.533470123032,4359.356241532425,4102.019731564592,89.96816901465641,0.0,41.2
2021-03-12,44.7,63.5,42.8,999.9,1.8,3.8,7.8,-32.394664134776484,40.080111,116.584556,35.35,43.060907360584395,11.559975130358227,26.439465472852493,0.9398560579418954,0.9964830363084052,40.080111,1606.415297772321,0.9958005092928006,3.5931942039795284,-2181.533470123032,4359.356241532425,4102.019731564592,89.96816901465641,0.0,41.7
2021-03-13,50.0,59.0,42.8,999.9,3.2,3.3,7.8,15.5,40.080111,116.584556,35.35,48.353826771075866,11.604918425058207,26.695786469373857,0.9455963874271426,0.9964830363084052,40.080111,1606.415297772321,0.9958005092928006,3.5931942039795284,-2181.533470123032,4359.356241532425,4102.019731564592,89.96816901465641,0.0,39.8
2021-03-14,50.4,58.5,45.3,999.9,1.7,3.8,9.7,107.78776096350346,40.080111,116.584556,35.35,48.929693515244075,11.649927027439066,26.95215331575917,0.9510565162951535,0.9964830363084052,40.080111,1606.415297772321,0.9958005092928006,3.5931942039795284,-2181.533470123032,4359.356241532425,4102.019731564592,89.96816901465641,0.0,44.1
2021-03-15,46.2,55.8,28.4,999.9,3.4,13.5,25.3,35.0,40.080111,116.584556,35.35,45.0257240385081,11.69499325675535,27.208470118852805,0.9562348265919056,0.9964830363084052,40.080111,1606.415297772321,0.9958005092928006,3.5931942039795284,-2181.533470123032,4359.356241532425,4102.019731564592,89.96816901465641,0.0,4.4
2021-03-16,50.1,59.5,39.6,999.9,6.5,4.8,7.8,-8.562865491243638,40.080111,116.584556,35.35,49.01495720426327,11.740109510003178,27.46464155145986,0.9611297838723007,0.9964830363084052,40.080111,1606.415297772321,0.9958005092928006,3.5931942039795284,-2181.533470123032,4359.356241532425,4102.019731564592,89.96816901465641,0.0,10.8
2021-03-17,49.5,59.5,39.2,999.9,6.1,4.4,11.7,10.262711546961711,40.080111,116.584556,35.35,48.61423153995661,11.785268252110694,27.720572927845225,0.9657399376548549,0.9964830363084052,40.080111,1606.415297772321,0.9958005092928006,3.5931942039795284,-2181.533470123032,4359.356241532425,4102.019731564592,89.96816901465641,0.0,27.5
2021-03-18,43.8,55.4,39.2,999.9,5.0,3.2,7.8,44.78683400172844,40.080111,116.584556,35.35,43.181186322025056,11.830462006034262,27.976170277815655,0.9700639218515071,0.9964830363084052,40.080111,1606.415297772321,0.9958005092928006,3.5931942039795284,-2181.533470123032,4359.356241532425,4102.019731564592,89.96816901465641,0.0,35.3
2021-03-19,43.4,50.0,37.8,999.9,3.5,3.5,5.8,24.32721206062922,40.080111,116.584556,35.35,42.95038808970356,11.875683342775178,28.23134041923798,0.9741004551724205,0.9964830363084052,40.080111,1606.415297772321,0.9958005092928006,3.5931942039795284,-2181.533470123032,4359.356241532425,4102.019731564592,89.96816901465641,0.0,35.5
2021-03-20,46.4,57.2,37.4,999.9,5.7,17.0,25.3,35.0,40.080111,116.584556,35.35,46.094242835813965,11.920924871331199,28.48599102885103,0.9778483415056568,0.9964830363084052,40.080111,1606.415297772321,0.9958005092928006,3.5931942039795284,-2181.533470123032,4359.356241532425,4102.019731564592,89.96816901465641,0.0,14.7
2021-03-21,48.8,56.1,38.3,999.9,6.7,10.5,17.5,27.2,40.080111,116.584556,35.35,48.662462196294626,11.96617922859704,28.740030711233693,0.9813064702716093,0.9964830363084052,40.080111,1606.415297772321,0.9958005092928006,3.5931942039795284,-2181.533470123032,4359.356241532425,4102.019731564592,89.96816901465641,0.0,9.4
2021-03-22,54.6,68.0,33.8,999.9,6.2,7.5,13.6,21.4,40.080111,116.584556,35.35,54.65204776498548,12.01143906922758,28.993369065796646,0.9844738167520922,0.9964830363084052,40.080111,1606.415297772321,0.9958005092928006,3.5931942039795284,-2181.533470123032,4359.356241532425,4102.019731564592,89.96816901465641,0.0,15.3
2021-03-23,57.4,73.9,39.6,999.9,6.3,4.7,9.7,-9.57724505293799,40.080111,116.584556,35.35,57.67120091536722,12.05669705547747,29.245916751670823,0.9873494423939864,0.9964830363084052,40.080111,1606.415297772321,0.9958005092928006,3.5931942039795284,-2181.533470123032,4359.356241532425,4102.019731564592,89.96816901465641,0.0,26.2
2021-03-24,57.7,73.9,37.4,999.9,6.2,6.2,13.6,29.289430179428653,40.080111,116.584556,35.35,58.19018961447252,12.10194584703068,29.49758555037156,0.989932495087353,0.9964830363084052,40.080111,1606.415297772321,0.9958005092928006,3.5931942039795284,-2181.533470123032,4359.356241532425,4102.019731564592,89.96816901465641,0.0,21.0
2021-03-25,59.4,71.6,42.6,999.9,5.5,4.0,11.7,53.70780630799466,40.080111,116.584556,35.35,60.12853154962546,12.147178090833426,29.74828842612354,0.9922222094179323,0.9964830363084052,40.080111,1606.415297772321,0.9958005092928006,3.5931942039795284,-2181.533470123032,4359.356241532425,4102.019731564592,89.96816901465641,0.0,34.1
2021-03-26,54.9,71.1,48.2,999.9,1.5,2.2,3.9,-86.36868209221929,40.080111,116.584556,35.35,55.7801678300689,12.192386410944021,29.99793958373815,0.994217906893952,0.9964830363084052,40.080111,1606.415297772321,0.9958005092928006,3.5931942039795284,-2181.533470123032,4359.356241532425,4102.019731564592,89.96816901465641,0.0,50.0
2021-03-27,57.4,64.8,51.8,999.9,2.0,5.8,23.3,35.0,40.080111,116.584556,35.35,58.53634492240987,12.237563398413212,30.246454523941583,0.995918996147179,0.9964830363084052,40.080111,1606.415297772321,0.9958005092928006,3.5931942039795284,-2181.533470123032,4359.356241532425,4102.019731564592,89.96816901465641,0.0,48.4
2021-03-28,57.8,66.2,48.2,999.9,4.6,13.0,19.4,27.2,40.080111,116.584556,35.35,59.16167937915536,12.282701601208725,30.493750096059184,0.9973249731081555,0.9964830363084052,40.080111,1606.415297772321,0.9958005092928006,3.5931942039795284,-2181.533470123032,4359.356241532425,4102.019731564592,89.96816901465641,0.0,6.6
2021-03-29,53.4,68.0,37.4,999.9,6.7,5.5,11.7,23.3,40.080111,116.584556,35.35,54.85868113818104,12.327793514197987,30.739744547968833,0.9984354211555643,0.9964830363084052,40.080111,1606.415297772321,0.9958005092928006,3.5931942039795284,-2181.533470123032,4359.356241532425,4102.019731564592,89.96816901465641,0.0,15.8
2021-03-30,58.8,70.3,41.4,999.9,6.2,5.7,11.7,-109.14835976765649,40.080111,116.584556,35.35,60.62687468909556,12.372831569203177,30.984357573243397,0.9992500112396835,0.9964830363084052,40.080111,1606.415297772321,0.9958005092928006,3.5931942039795284,-2181.533470123032,4359.356241532425,4102.019731564592,89.96816901465641,0.0,33.8
2021-03-31,62.8,78.8,48.2,999.9,5.9,5.3,13.6,15.715779223434888,40.080111,116.584556,35.35,64.98652918824945,12.417808125143207,31.227510355410796,0.9997685019798909,0.9964830363084052,40.080111,1606.415297772321,0.9958005092928006,3.5931942039795284,-2181.533470123032,4359.356241532425,4102.019731564592,89.96816901465641,0.0,32.2
2021-04-01,60.6,76.6,53.6,999.9,6.1,3.8,7.8,15.5,40.080111,116.584556,35.35,62.936713064301614,12.462715458277549,31.469125609267085,0.9999907397361901,0.9964830363084052,40.080111,1606.415297772321,0.9958005092928006,3.5931942039795284,-2181.533470123032,4359.356241532425,4102.019731564592,89.96816901465641,0.0,34.0
2021-04-02,56.9,64.4,51.8,999.9,6.3,5.5,11.7,19.4,40.080111,116.584556,35.35,59.30661277675652,12.507545752567282,31.70912761918718,0.9999166586547379,0.9964830363084052,40.080111,1606.415297772321,0.9958005092928006,3.5931942039795284,-2181.533470123032,4359.356241532425,4102.019731564592,89.96816901465641,0.0,41.3
2021-04-03,52.7,66.2,35.6,999.9,6.7,6.2,15.5,25.3,40.080111,116.584556,35.35,55.12547837099357,12.552291090169312,31.947442274385256,0.9995462806873573,0.9964830363084052,40.080111,1606.415297772321,0.9958005092928006,3.5931942039795284,-2181.533470123032,4359.356241532425,4102.019731564592,89.96816901465641,0.0,16.7
2021-04-04,56.0,68.0,35.6,999.9,6.7,5.0,11.7,-43.763926094758666,40.080111,116.584556,35.35,58.7857360630408,12.596943442080173,32.183997101085794,0.9988797155850336,0.9964830363084052,40.080111,1606.415297772321,0.9958005092928006,3.5931942039795284,-2181.533470123032,4359.356241532425,4102.019731564592,89.96816901465641,0.0,18.0
2021-04-05,55.7,68.0,37.4,999.9,6.2,6.6,13.6,45.32441985362257,40.080111,116.584556,35.35,58.67760437527684,12.641494658946538,32.41872129157452,0.9979171608653922,0.9964830363084052,40.080111,1606.415297772321,0.9958005092928006,3.5931942039795284,-2181.533470123032,4359.356241532425,4102.019731564592,89.96816901465641,0.0,31.1
2021-04-06,57.5,71.6,41.0,999.9,6.2,3.9,9.7,15.5,40.080111,116.584556,35.35,60.78677888070498,12.68593646206017,32.651545730106754,0.9966589017541702,0.9964830363084052,40.080111,1606.415297772321,0.9958005092928006,3.5931942039795284,-2181.533470123032,4359.356241532425,4102.019731564592,89.96816901465641,0.0,34.3
2021-04-07,55.2,70.0,37.4,999.9,6.0,6.1,13.6,19.4,40.080111,116.584556,35.35,58.55919799895653,12.730260434555765,32.88240301566015,0.9951053111006976,0.9964830363084052,40.080111,1606.415297772321,0.9958005092928006,3.5931942039795284,-2181.533470123032,4359.356241532425,4102.019731564592,89.96816901465641,0.0,29.4
2021-04-08,57.6,68.0,40.8,999.9,6.4,4.7,9.7,-27.82833949655439,40.080111,116.584556,35.35,61.317398461588404,12.774458012830918,33.11122748152627,0.9932568492674143,0.9964830363084052,40.080111,1606.415297772321,0.9958005092928006,3.5931942039795284,-2181.533470123032,4359.356241532425,4102.019731564592,89.96816901465641,0.0,29.2
2021-04-09,53.3,67.1,39.2,999.9,6.3,4.9,9.7,7.285896422440532,40.080111,116.584556,35.35,56.935595124041264,12.818520478208166,33.337955211745005,0.9911140639934547,0.9964830363084052,40.080111,1606.415297772321,0.9958005092928006,3.5931942039795284,-2181.533470123032,4359.356241532425,4102.019731564592,89.96816901465641,0.0,23.2
2021-04-10,59.5,69.4,45.9,999.9,5.9,4.5,9.7,-31.04707677174214,40.080111,116.584556,35.35,63.77625978809735,12.862438948859971,33.56252405439414,0.9886775902323405,0.9964830363084052,40.080111,1606.415297772321,0.9958005092928006,3.5931942039795284,-2181.533470123032,4359.356241532425,4102.019731564592,89.96816901465641,0.0,35.5
2021-04-11,60.5,69.4,51.8,999.9,5.6,5.2,9.7,14.2,40.080111,116.584556,35.35,65.0687803755919,12.906204372018227,33.78487363175453,0.9859481499638304,0.9964830363084052,40.080111,1606.415297772321,0.9958005092928006,3.5931942039795284,-2181.533470123032,4359.356241532425,4102.019731564592,89.96816901465641,0.0,41.9
2021-04-12,52.6,68.7,37.4,999.9,5.5,10.1,21.4,29.1,40.080111,116.584556,35.35,56.7633229472851,12.949807516490896,34.00494534738044,0.9829265519799822,0.9964830363084052,40.080111,1606.415297772321,0.9958005092928006,3.5931942039795284,-2181.533470123032,4359.356241532425,4102.019731564592,89.96816901465641,0.0,29.3
2021-04-13,52.8,62.4,35.6,999.9,6.7,9.6,17.5,27.4,40.080111,116.584556,35.35,57.17025144824001,12.993238965509093,34.222682390112396,0.9796136916454901,0.9964830363084052,40.080111,1606.415297772321,0.9958005092928006,3.5931942039795284,-2181.533470123032,4359.356241532425,4102.019731564592,89.96816901465641,0.0,14.7
2021-04-14,61.6,73.4,40.1,999.9,6.2,7.6,13.6,28.59244102519508,40.080111,116.584556,35.35,66.92064409763519,13.036489109928931,34.438029735078395,0.9760105506323683,0.9964830363084052,40.080111,1606.415297772321,0.9958005092928006,3.5931942039795284,-2181.533470123032,4359.356241532425,4102.019731564592,89.96816901465641,0.0,23.7
2021-04-15,58.2,72.5,41.0,999.9,4.9,12.5,29.1,38.9,40.080111,116.584556,35.35,63.435808487794475,13.079548141813294,34.650934141737174,0.9721181966290613,0.9964830363084052,40.080111,1606.415297772321,0.9958005092928006,3.5931942039795284,-2181.533470123032,4359.356241532425,4102.019731564592,89.96816901465641,0.0,26.7
2021-04-16,54.1,71.1,40.5,999.9,6.1,12.6,23.3,35.0,40.080111,116.584556,35.35,59.160180601624795,13.122406048419547,34.86134414902511,0.9679377830240642,0.9964830363084052,40.080111,1606.415297772321,0.9958005092928006,3.5931942039795284,-2181.533470123032,4359.356241532425,4102.019731564592,89.96816901465641,0.0,15.0
2021-04-17,54.3,69.8,33.8,999.9,6.7,7.1,21.4,29.1,40.080111,116.584556,35.35,59.57186304495597,13.165052606620105,35.069210067675996,0.9634705485641488,0.9964830363084052,40.080111,1606.415297772321,0.9958005092928006,3.5931942039795284,-2181.533470123032,4359.356241532425,4102.019731564592,89.96816901465641,0.0,18.0
2021-04-18,62.9,77.4,40.5,999.9,6.3,6.2,13.6,-45.44906924351734,40.080111,116.584556,35.35,69.2291939218819,13.20747737778351,35.27448396979013,0.9587178169872964,0.9964830363084052,40.080111,1606.415297772321,0.9958005092928006,3.5931942039795284,-2181.533470123032,4359.356241532425,4102.019731564592,89.96816901465641,0.0,31.0
2021-04-19,68.3,84.2,48.9,999.9,6.1,4.5,11.7,-92.52684048838272,40.080111,116.584556,35.35,75.41270339373136,13.249669703144605,35.47711967573631,0.9536809966304457,0.9964830363084052,40.080111,1606.415297772321,0.9958005092928006,3.5931942039795284,-2181.533470123032,4359.356241532425,4102.019731564592,89.96816901465641,0.0,43.7
2021-04-20,67.7,82.4,51.8,999.9,6.0,6.6,13.6,-70.0081497758801,40.080111,116.584556,35.35,74.98688216410102,13.291618699692943,35.67707273847723,0.9483615800121715,0.9964830363084052,40.080111,1606.415297772321,0.9958005092928006,3.5931942039795284,-2181.533470123032,4359.356241532425,4102.019731564592,89.96816901465641,0.0,45.4
2021-04-21,63.6,80.4,53.6,999.9,6.0,5.6,11.7,114.38098617272756,40.080111,116.584556,35.35,70.66656026002991,13.333313256609417,35.874300425414816,0.9427611433904207,0.9964830363084052,40.080111,1606.415297772321,0.9958005092928006,3.5931942039795284,-2181.533470123032,4359.356241532425,4102.019731564592,89.96816901465641,0.0,45.2
2021-04-22,54.1,70.5,46.4,999.9,5.9,3.3,7.8,-45.6032201391841,40.080111,116.584556,35.35,60.297795328869434,13.374742032281574,36.068761697858655,0.9368813462954315,0.9964830363084052,40.080111,1606.415297772321,0.9958005092928006,3.5931942039795284,-2181.533470123032,4359.356241532425,4102.019731564592,89.96816901465641,0.0,46.9
2021-04-23,61.5,71.6,48.2,999.9,6.1,5.5,11.7,50.0085229818051,40.080111,116.584556,35.35,68.75645394113437,13.415893451928657,36.260417188225894,0.9307239310379795,0.9964830363084052,40.080111,1606.415297772321,0.9958005092928006,3.5931942039795284,-2181.533470123032,4359.356241532425,4102.019731564592,89.96816901465641,0.0,48.5
2021-04-24,64.9,73.4,50.5,999.9,5.9,4.3,9.7,-67.0690074553349,40.080111,116.584556,35.35,72.77862044256838,13.456755705867806,36.44922917508665,0.9242907221930933,0.9964830363084052,40.080111,1606.415297772321,0.9958005092928006,3.5931942039795284,-2181.533470123032,4359.356241532425,4102.019731564592,89.96816901465641,0.0,49.1
2021-04-25,62.5,70.7,54.1,999.9,6.0,6.1,9.7,-52.66385369259341,40.080111,116.584556,35.35,70.29852473152691,13.497316748453166,36.635161556173536,0.9175836260593937,0.9964830363084052,40.080111,1606.415297772321,0.9958005092928006,3.5931942039795284,-2181.533470123032,4359.356241532425,4102.019731564592,89.96816901465641,0.0,43.9
2021-04-26,60.8,72.0,44.6,999.9,6.0,5.7,11.7,20.513884801753004,40.080111,116.584556,35.35,68.59032577511357,13.537564297719785,36.81817981947876,0.9106046300942162,0.9964830363084052,40.080111,1606.415297772321,0.9958005092928006,3.5931942039795284,-2181.533470123032,4359.356241532425,4102.019731564592,89.96816901465641,0.0,42.3
2021-04-27,63.9,73.4,49.1,999.9,6.0,11.7,23.3,35.0,40.080111,116.584556,35.35,72.30011207544466,13.577485835764254,36.99825101256564,0.9033558023246845,0.9964830363084052,40.080111,1606.415297772321,0.9958005092928006,3.5931942039795284,-2181.533470123032,4359.356241532425,4102.019731564592,89.96816901465641,0.0,21.5
2021-04-28,62.3,73.4,42.8,999.9,6.6,6.7,15.5,29.1,40.080111,116.584556,35.35,70.69528119969897,13.617068609893863,37.175343710225654,0.895839290734909,0.9964830363084052,40.080111,1606.415297772321,0.9958005092928006,3.5931942039795284,-2181.533470123032,4359.356241532425,4102.019731564592,89.96816901465641,0.0,24.3
2021-04-29,57.5,73.0,41.0,999.9,6.3,10.1,25.3,36.9,40.080111,116.584556,35.35,65.43643574900898,13.656299634575788,37.34942798061424,0.8880573226294932,0.9964830363084052,40.080111,1606.415297772321,0.9958005092928006,3.5931942039795284,-2181.533470123032,4359.356241532425,4102.019731564592,89.96816901465641,0.0,23.4
2021-04-30,50.4,70.5,35.6,999.9,6.7,5.1,9.7,17.5,40.080111,116.584556,35.35,57.519695915712376,13.695165694217234,37.52047535000173,0.8800122039735357,0.9964830363084052,40.080111,1606.415297772321,0.9958005092928006,3.5931942039795284,-2181.533470123032,4359.356241532425,4102.019731564592,89.96816901465641,0.0,36.7
2021-05-01,58.5,71.6,39.0,999.9,6.6,8.9,19.4,31.1,40.080111,116.584556,35.35,66.95156006568344,13.73365334680686,37.688458766277634,0.8717063187093218,0.9964830363084052,40.080111,1606.415297772321,0.9958005092928006,3.5931942039795284,-2181.533470123032,4359.356241532425,4102.019731564592,89.96816901465641,0.0,19.0
2021-05-02,61.4,71.6,40.8,999.9,6.6,7.5,15.5,18.779796491794166,40.080111,116.584556,35.35,70.46544868388598,13.771748928446772,37.85335256134731,0.8631421280499114,0.9964830363084052,40.080111,1606.415297772321,0.9958005092928006,3.5931942039795284,-2181.533470123032,4359.356241532425,4102.019731564592,89.96816901465641,0.0,29.6
2021-05-03,66.0,75.2,48.9,999.9,6.2,6.8,15.5,23.3,40.080111,116.584556,35.35,75.95191207341804,13.80943855880328,38.01513241256187,0.854322169749827,0.9964830363084052,40.080111,1606.415297772321,0.9958005092928006,3.5931942039795284,-2181.533470123032,4359.356241532425,4102.019731564592,89.96816901465641,0.0,42.1
2021-05-04,62.8,77.0,44.6,999.9,6.7,11.3,27.2,40.8,40.080111,116.584556,35.35,72.4644393052663,13.846708147503113,38.17377530332167,0.8452490573530633,0.9964830363084052,40.080111,1606.415297772321,0.9958005092928006,3.5931942039795284,-2181.533470123032,4359.356241532425,4102.019731564592,89.96816901465641,0.0,22.0
2021-05-05,72.6,82.6,49.1,999.9,6.5,12.2,21.4,31.1,40.080111,116.584556,35.35,83.99543757907595,13.883543401500159,38.32925948299367,0.8359254794186372,0.9964830363084052,40.080111,1606.415297772321,0.9958005092928006,3.5931942039795284,-2181.533470123032,4359.356241532425,4102.019731564592,89.96816901465641,0.0,31.4
2021-05-06,66.2,82.6,53.6,999.9,4.6,15.0,36.9,48.6,40.080111,116.584556,35.35,76.79161291445396,13.919929833435763,38.48156442628246,0.8263541987239096,0.9964830363084052,40.080111,1606.415297772321,0.9958005092928006,3.5931942039795284,-2181.533470123032,4359.356241532425,4102.019731564592,89.96816901465641,0.0,29.5
2021-05-07,71.9,80.6,59.0,999.9,6.1,13.8,31.1,40.8,40.080111,116.584556,35.35,83.6188178529885,13.95585277101338,38.630670792192724,0.8165380514459161,0.9964830363084052,40.080111,1606.415297772321,0.9958005092928006,3.5931942039795284,-2181.533470123032,4359.356241532425,4102.019731564592,89.96816901465641,0.0,30.2
2021-05-08,65.5,80.6,48.2,999.9,6.6,8.9,25.3,35.0,40.080111,116.584556,35.35,76.36916479709004,13.991297367405808,38.7765603827195,0.8064799463209448,0.9964830363084052,40.080111,1606.415297772321,0.9958005092928006,3.5931942039795284,-2181.533470123032,4359.356241532425,4102.019731564592,89.96816901465641,0.0,28.2
2021-05-09,68.2,79.9,53.6,999.9,6.3,4.8,9.7,110.35674684425979,40.080111,116.584556,35.35,79.71584628223683,14.02624861271029,38.91921610139975,0.7961828637826158,0.9964830363084052,40.080111,1606.415297772321,0.9958005092928006,3.5931942039795284,-2181.533470123032,4359.356241532425,4102.019731564592,89.96816901465641,0.0,35.3
2021-05-10,63.6,79.9,48.2,999.9,6.7,5.7,11.7,19.4,40.080111,116.584556,35.35,74.5216641362573,14.060691346463642,39.05862191185562,0.7856498550787147,0.9964830363084052,40.080111,1606.415297772321,0.9958005092928006,3.5931942039795284,-2181.533470123032,4359.356241532425,4102.019731564592,89.96816901465641,0.0,44.6
2021-05-11,64.2,77.0,50.0,999.9,6.0,5.6,11.7,109.14013962931645,40.080111,116.584556,35.35,75.4061649510589,14.094610271225962,39.1947627964564,0.7748840413670407,0.9964830363084052,40.080111,1606.415297772321,0.9958005092928006,3.5931942039795284,-2181.533470123032,4359.356241532425,4102.019731564592,89.96816901465641,0.0,47.9
2021-05-12,70.9,82.4,54.7,999.9,6.2,5.3,19.4,71.47992967005548,40.080111,116.584556,35.35,83.47287405642928,14.127989967237676,39.32762471522189,0.7638886127905428,0.9964830363084052,40.080111,1606.415297772321,0.9958005092928006,3.5931942039795284,-2181.533470123032,4359.356241532425,4102.019731564592,89.96816901465641,0.0,47.1
2021-05-13,66.8,80.1,62.2,999.9,4.4,3.1,5.8,27.094518690248073,40.080111,116.584556,35.35,78.82853632203752,14.160814908150455,39.457194565084905,0.7526668275320085,0.9964830363084052,40.080111,1606.415297772321,0.9958005092928006,3.5931942039795284,-2181.533470123032,4359.356241532425,4102.019731564592,89.96816901465641,0.0,55.0
2021-05-14,68.9,73.8,62.8,999.9,3.2,4.5,9.7,10.584528672957084,40.080111,116.584556,35.35,81.49187391852948,14.193069477828063,39.58346013962639,0.7412220108485958,0.9964830363084052,40.080111,1606.415297772321,0.9958005092928006,3.5931942039795284,-2181.533470123032,4359.356241532425,4102.019731564592,89.96816901465641,0.0,60.6
2021-05-15,62.9,73.8,57.2,999.9,5.8,9.6,17.5,23.3,40.080111,116.584556,35.35,74.56133495485889,14.224737988208373,39.706410089389756,0.7295575540864875,0.9964830363084052,40.080111,1606.415297772321,0.9958005092928006,3.5931942039795284,-2181.533470123032,4359.356241532425,4102.019731564592,89.96816901465641,0.0,45.3
2021-05-16,65.6,80.6,48.2,999.9,6.7,4.5,11.7,16.5,40.080111,116.584556,35.35,77.9317323502294,14.255804698212696,39.82603388287621,0.717676913675962,0.9964830363084052,40.080111,1606.415297772321,0.9958005092928006,3.5931942039795284,-2181.533470123032,4359.356241532425,4102.019731564592,89.96816901465641,0.0,42.5
2021-05-17,74.3,91.4,50.0,999.9,6.4,5.7,11.7,-0.8196152081907577,40.080111,116.584556,35.35,88.45572165355473,14.286253833683132,39.94232176831558,0.705583610107178,0.9964830363084052,40.080111,1606.415297772321,0.9958005092928006,3.5931942039795284,-2181.533470123032,4359.356241532425,4102.019731564592,89.96816901465641,0.0,40.7
2021-05-18,73.9,93.2,57.0,999.9,6.2,6.0,17.5,29.1,40.080111,116.584556,35.35,88.1631286712561,14.316069608323048,40.055264736300735,0.6932812268869777,0.9964830363084052,40.080111,1606.415297772321,0.9958005092928006,3.5931942039795284,-2181.533470123032,4359.356241532425,4102.019731564592,89.96816901465641,0.0,47.7
2021-05-19,77.6,91.0,65.5,999.9,6.1,7.0,13.6,21.4,40.080111,116.584556,35.35,92.76586105494393,14.345236245609886,40.16485448336658,0.6807734094770161,0.9964830363084052,40.080111,1606.415297772321,0.9958005092928006,3.5931942039795284,-2181.533470123032,4359.356241532425,4102.019731564592,89.96816901465641,0.0,56.3
2021-05-20,74.5,87.3,60.8,999.9,5.4,6.1,9.7,108.39240643888395,40.080111,116.584556,35.35,89.23695676020247,14.373738001643352,40.27108337658698,0.6680638642135335,0.9964830363084052,40.080111,1606.415297772321,0.9958005092928006,3.5931942039795284,-2181.533470123032,4359.356241532425,4102.019731564592,89.96816901465641,0.0,58.2
2021-05-21,76.0,89.6,60.8,999.9,5.5,4.8,11.7,34.323028977744976,40.080111,116.584556,35.35,91.2098748629436,14.40155918888583,40.373944419255444,0.6551563572090853,0.9964830363084052,40.080111,1606.415297772321,0.9958005092928006,3.5931942039795284,-2181.533470123032,4359.356241532425,4102.019731564592,89.96816901465641,0.0,58.4
2021-05-22,76.2,93.2,57.2,999.9,5.8,8.6,23.3,25.3,40.080111,116.584556,35.35,91.62214467473346,14.428684200745426,40.47343121770787,0.6420547132365637,0.9964830363084052,40.080111,1606.415297772321,0.9958005092928006,3.5931942039795284,-2181.533470123032,4359.356241532425,4102.019731564592,89.96816901465641,0.0,60.6
2021-05-23,70.9,91.2,54.5,999.9,5.5,10.4,19.4,29.1,40.080111,116.584556,35.35,85.40553461411989,14.455097536945537,40.56953794933726,0.6287628145958344,0.9964830363084052,40.080111,1606.415297772321,0.9958005092928006,3.5931942039795284,-2181.533470123032,4359.356241532425,4102.019731564592,89.96816901465641,0.0,31.8
2021-05-24,67.2,79.7,51.4,999.9,6.2,8.5,19.4,35.0,40.080111,116.584556,35.35,81.0923894458627,14.480783829618337,40.66225933184245,0.6152845999633276,0.9964830363084052,40.080111,1606.415297772321,0.9958005092928006,3.5931942039795284,-2181.533470123032,4359.356241532425,4102.019731564592,89.96816901465641,0.0,31.5
2021-05-25,69.5,83.5,51.4,999.9,6.6,6.6,13.6,33.023694327752494,40.080111,116.584556,35.35,84.01234058072367,14.505727870053008,40.751590593745156,0.6016240632249226,0.9964830363084052,40.080111,1606.415297772321,0.9958005092928006,3.5931942039795284,-2181.533470123032,4359.356241532425,4102.019731564592,89.96816901465641,0.0,40.9
2021-05-26,66.2,83.5,51.8,999.9,6.4,5.3,21.4,35.0,40.080111,116.584556,35.35,80.15669574206073,14.529914636023092,40.83752744620119,0.5877852522924732,0.9964830363084052,40.080111,1606.415297772321,0.9958005092928006,3.5931942039795284,-2181.533470123032,4359.356241532425,4102.019731564592,89.96816901465641,0.0,50.9
2021-05-27,70.2,82.6,55.6,999.9,6.3,11.5,21.4,35.0,40.080111,116.584556,35.35,85.1369765197246,14.553329319611043,40.92006605612411,0.5737722679043246,0.9964830363084052,40.080111,1606.415297772321,0.9958005092928006,3.5931942039795284,-2181.533470123032,4359.356241532425,4102.019731564592,89.96816901465641,0.0,46.0
2021-05-28,73.1,86.0,62.6,999.9,6.7,9.0,19.4,27.2,40.080111,116.584556,35.35,88.79187355690003,14.575957355441867,40.999203020631676,0.5595892624101765,0.9964830363084052,40.080111,1606.415297772321,0.9958005092928006,3.5931942039795284,-2181.533470123032,4359.356241532425,4102.019731564592,89.96816901465641,0.0,41.3
2021-05-29,71.1,85.1,57.2,999.9,6.7,6.4,11.7,-21.585399062450353,40.080111,116.584556,35.35,86.49187286169897,14.597784449231895,41.07493534281813,0.545240438540651,0.9964830363084052,40.080111,1606.415297772321,0.9958005092928006,3.5931942039795284,-2181.533470123032,4359.356241532425,4102.019731564592,89.96816901465641,0.0,48.2
2021-05-30,70.0,82.4,57.2,999.9,6.0,5.4,9.7,-77.13561892153295,40.080111,116.584556,35.35,85.27631353822679,14.618796606553163,41.147260408847806,0.5307300481619334,0.9964830363084052,40.080111,1606.415297772321,0.9958005092928006,3.5931942039795284,-2181.533470123032,4359.356241532425,4102.019731564592,89.96816901465641,0.0,52.5
2021-05-31,59.7,82.4,51.8,999.9,5.1,4.1,9.7,107.28639222997688,40.080111,116.584556,35.35,72.82892630450098,14.638980161708739,41.216175966359025,0.5160623910158528,0.9964830363084052,40.080111,1606.415297772321,0.9958005092928006,3.5931942039795284,-2181.533470123032,4359.356241532425,4102.019731564592,89.96816901465641,0.0,55.3
2021-06-01,70.5,83.8,53.4,999.9,6.0,4.1,9.7,-10.15264489748763,40.080111,116.584556,35.35,86.11764061383144,14.658321806609605,41.28168010416033,0.5012418134457758,0.9964830363084052,40.080111,1606.415297772321,0.9958005092928006,3.5931942039795284,-2181.533470123032,4359.356241532425,4102.019731564592,89.96816901465641,0.0,53.3
2021-06-02,69.2,84.2,55.4,999.9,5.3,6.0,15.5,19.4,40.080111,116.584556,35.35,84.63626303934507,14.676808619539607,41.34377123319546,0.48627270710868997,0.9964830363084052,40.080111,1606.415297772321,0.9958005092928006,3.5931942039795284,-2181.533470123032,4359.356241532425,4102.019731564592,89.96816901465641,0.0,45.0
2021-06-03,74.4,84.2,55.4,999.9,6.7,8.7,17.5,27.2,40.080111,116.584556,35.35,91.10545418088617,14.694428093691316,41.40244806874752,0.4711595076738638,0.9964830363084052,40.080111,1606.415297772321,0.9958005092928006,3.5931942039795284,-2181.533470123032,4359.356241532425,4102.019731564592,89.96816901465641,0.0,35.5
2021-06-04,73.5,87.8,55.4,999.9,6.7,8.8,21.4,33.0,40.080111,116.584556,35.35,90.1059050127866,14.711168165352914,41.457709613848095,0.4559066935084588,0.9964830363084052,40.080111,1606.415297772321,0.9958005092928006,3.5931942039795284,-2181.533470123032,4359.356241532425,4102.019731564592,89.96816901465641,0.0,42.9
2021-06-05,81.7,95.0,59.4,999.9,6.7,8.7,15.5,27.2,40.080111,116.584556,35.35,100.26644238672242,14.727017241623855,41.5095551438525,0.440518784350495,0.9964830363084052,40.080111,1606.415297772321,0.9958005092928006,3.5931942039795284,-2181.533470123032,4359.356241532425,4102.019731564592,89.96816901465641,0.0,40.4
2021-06-06,81.0,94.8,64.6,999.9,6.7,4.9,9.7,16.3,40.080111,116.584556,35.35,99.50825853586684,14.74196422753583,41.55798419213851,0.42500033996955416,0.9964830363084052,40.080111,1606.415297772321,0.9958005092928006,3.5931942039795284,-2181.533470123032,4359.356241532425,4102.019731564592,89.96816901465641,0.0,50.9
2021-06-07,74.4,92.5,62.6,999.9,6.5,5.7,13.6,13.817070587416959,40.080111,116.584556,35.35,91.48719102522024,14.755998552454876,41.60299653688293,0.4093559588156213,0.9964830363084052,40.080111,1606.415297772321,0.9958005092928006,3.5931942039795284,-2181.533470123032,4359.356241532425,4102.019731564592,89.96816901465641,0.0,59.6
2021-06-08,77.0,86.0,64.6,999.9,5.2,3.6,7.8,13.6,40.080111,116.584556,35.35,94.76845708869524,14.769110195640817,41.644592188867804,0.39359027665646673,0.9964830363084052,40.080111,1606.415297772321,0.9958005092928006,3.5931942039795284,-2181.533470123032,4359.356241532425,4102.019731564592,89.96816901465641,0.0,63.9
2021-06-09,70.4,85.5,64.4,999.9,4.3,4.9,9.7,-50.195149658851136,40.080111,116.584556,35.35,86.71689963693643,14.781289710841435,41.68277138026643,0.3777079652039649,0.9964830363084052,40.080111,1606.415297772321,0.9958005092928006,3.5931942039795284,-2181.533470123032,4359.356241532425,4102.019731564592,89.96816901465641,0.0,65.6
2021-06-10,78.5,93.2,62.6,999.9,6.5,4.4,9.7,13.6,40.080111,116.584556,35.35,96.76778896744733,14.792528249800865,41.71753455435817,0.36171373072976765,0.9964830363084052,40.080111,1606.415297772321,0.9958005092928006,3.5931942039795284,-2181.533470123032,4359.356241532425,4102.019731564592,89.96816901465641,0.0,58.3
2021-06-11,82.7,98.6,64.6,999.9,6.2,5.1,11.7,75.10604121345484,40.080111,116.584556,35.35,102.01608452029227,14.802817584564778,41.74888235612088,0.3456123126707335,0.9964830363084052,40.080111,1606.415297772321,0.9958005092928006,3.5931942039795284,-2181.533470123032,4359.356241532425,4102.019731564592,89.96816901465641,0.0,53.7
2021-06-12,86.6,98.6,70.7,999.9,5.6,5.7,11.7,-87.83066729613283,40.080111,116.584556,35.35,106.89435009378424,14.81215012846895,41.77681562365027,0.3294084822245304,0.9964830363084052,40.080111,1606.415297772321,0.9958005092928006,3.5931942039795284,-2181.533470123032,4359.356241532425,4102.019731564592,89.96816901465641,0.0,64.0
2021-06-13,80.1,97.5,73.4,999.9,3.5,4.9,11.7,74.6237701392421,40.080111,116.584556,35.35,98.9269640293155,14.820518955702697,41.80133538035628,0.3131070409358269,0.9964830363084052,40.080111,1606.415297772321,0.9958005092928006,3.5931942039795284,-2181.533470123032,4359.356241532425,4102.019731564592,89.96816901465641,0.0,71.5
2021-06-14,73.9,94.1,71.4,999.9,2.0,4.1,5.8,-47.21189211667793,40.080111,116.584556,35.35,91.31526057079691,14.827917819344556,41.82244282788888,0.29671281927349075,0.9964830363084052,40.080111,1606.415297772321,0.9958005092928006,3.5931942039795284,-2181.533470123032,4359.356241532425,4102.019731564592,89.96816901465641,0.0,71.3
2021-06-15,77.0,88.2,68.0,999.9,6.0,4.9,9.7,85.10146115080086,40.080111,116.584556,35.35,95.18702249321862,14.83434116777433,41.84013933974776,0.28023067519921585,0.9964830363084052,40.080111,1606.415297772321,0.9958005092928006,3.5931942039795284,-2181.533470123032,4359.356241532425,4102.019731564592,89.96816901465641,0.0,61.3
2021-06-16,70.4,88.2,67.6,999.9,3.2,4.1,7.8,49.77753965620572,40.080111,116.584556,35.35,87.06006706832245,14.839784159373144,41.85442645553357,0.26366549272800704,0.9964830363084052,40.080111,1606.415297772321,0.9958005092928006,3.5931942039795284,-2181.533470123032,4359.356241532425,4102.019731564592,89.96816901465641,0.0,65.4
2021-06-17,81.6,92.5,67.6,999.9,6.7,8.5,17.5,29.1,40.080111,116.584556,35.35,100.94085019293486,14.844242675431598,41.865305875802214,0.24702218048093552,0.9964830363084052,40.080111,1606.415297772321,0.9958005092928006,3.5931942039795284,-2181.533470123032,4359.356241532425,4102.019731564592,89.96816901465641,0.0,45.4
2021-06-18,80.8,95.0,59.0,999.9,6.6,8.7,19.4,29.1,40.080111,116.584556,35.35,99.97460309671405,14.847713331195157,41.87277945748756,0.23030567023061221,0.9964830363084052,40.080111,1606.415297772321,0.9958005092928006,3.5931942039795284,-2181.533470123032,4359.356241532425,4102.019731564592,89.96816901465641,0.0,38.5
2021-06-19,83.9,98.6,60.8,999.9,6.6,9.6,21.4,31.1,40.080111,116.584556,35.35,103.82760278252468,14.850193484985649,41.876849209863096,0.21352091543979612,0.9964830363084052,40.080111,1606.415297772321,0.9958005092928006,3.5931942039795284,-2181.533470123032,4359.356241532425,4102.019731564592,89.96816901465641,0.0,37.7
2021-06-20,85.2,100.4,66.2,999.9,6.7,4.3,7.8,-39.478102164614825,40.080111,116.584556,35.35,105.44693684197149,14.851681245348098,41.87751729101744,0.19667288979357647,0.9964830363084052,40.080111,1606.415297772321,0.9958005092928006,3.5931942039795284,-2181.533470123032,4359.356241532425,4102.019731564592,89.96816901465641,0.0,45.4
2021-06-21,82.9,99.0,68.0,999.9,6.3,5.8,11.7,19.4,40.080111,116.584556,35.35,102.60377891463006,14.852175476182877,41.87478600482482,0.1797665857255624,0.9964830363084052,40.080111,1606.415297772321,0.9958005092928006,3.5931942039795284,-2181.533470123032,4359.356241532425,4102.019731564592,89.96816901465641,0.0,53.8
2021-06-22,81.7,96.6,68.0,999.9,6.7,6.0,11.7,29.14489084678858,40.080111,116.584556,35.35,101.11515940387211,14.851675799834338,41.86865779839655,0.16280701293851715,0.9964830363084052,40.080111,1606.415297772321,0.9958005092928006,3.5931942039795284,-2181.533470123032,4359.356241532425,4102.019731564592,89.96816901465641,0.0,56.3
2021-06-23,73.9,91.2,66.2,999.9,6.1,3.9,7.8,-12.362695317362192,40.080111,116.584556,35.35,91.45237450007988,14.850182598118518,41.85913526000616,0.1457991969198751,0.9964830363084052,40.080111,1606.415297772321,0.9958005092928006,3.5931942039795284,-2181.533470123032,4359.356241532425,4102.019731564592,89.96816901465641,0.0,60.6
2021-06-24,75.0,81.1,67.5,999.9,5.7,2.7,5.8,15.5,40.080111,116.584556,35.35,92.79810632052569,14.847697011284112,41.84622111748607,0.12874817745258132,0.9964830363084052,40.080111,1606.415297772321,0.9958005092928006,3.5931942039795284,-2181.533470123032,4359.356241532425,4102.019731564592,89.96816901465641,0.0,63.4
2021-06-25,71.5,82.6,64.4,999.9,3.2,4.3,17.5,-25.71131738453854,40.080111,116.584556,35.35,88.44681640385414,14.844220934912585,41.829918237100294,0.11165900712169512,0.9964830363084052,40.080111,1606.415297772321,0.9958005092928006,3.5931942039795284,-2181.533470123032,4359.356241532425,4102.019731564592,89.96816901465641,0.0,67.3
2021-06-26,72.8,82.8,66.2,999.9,3.6,3.6,7.8,75.49521321063561,40.080111,116.584556,35.35,90.02785922296776,14.839757014774905,41.810229622903435,0.09453674981719912,0.9964830363084052,40.080111,1606.415297772321,0.9958005092928006,3.5931942039795284,-2181.533470123032,4359.356241532425,4102.019731564592,89.96816901465641,0.0,67.4
2021-06-27,82.9,93.2,69.6,999.9,5.5,4.7,7.8,1.4670036077232815,40.080111,116.584556,35.35,102.48034885241292,14.834308639673763,41.78715841660203,0.07738647923346301,0.9964830363084052,40.080111,1606.415297772321,0.9958005092928006,3.5931942039795284,-2181.533470123032,4359.356241532425,4102.019731564592,89.96816901465641,0.0,67.8
2021-06-28,80.4,91.9,74.7,999.9,4.9,4.6,9.7,2.862343744031909,40.080111,116.584556,35.35,99.34679554648623,14.827879932311378,41.76070789793981,0.06021327736579302,0.9964830363084052,40.080111,1606.415297772321,0.9958005092928006,3.5931942039795284,-2181.533470123032,4359.356241532425,4102.019731564592,89.96816901465641,0.0,69.4
2021-06-29,75.8,90.0,69.8,999.9,4.9,5.5,9.7,19.4,40.080111,116.584556,35.35,93.61600507984309,14.820475738233737,41.73088148563437,0.04302223300453059,0.9964830363084052,40.080111,1606.415297772321,0.9958005092928006,3.5931942039795284,-2181.533470123032,4359.356241532425,4102.019731564592,89.96816901465641,0.0,68.7
2021-06-30,78.0,87.8,66.2,999.9,6.1,5.0,11.7,21.4,40.080111,116.584556,35.35,96.27866048393071,14.812101612912418,41.69768273889701,0.02581844022713308,0.9964830363084052,40.080111,1606.415297772321,0.9958005092928006,3.5931942039795284,-2181.533470123032,4359.356241532425,4102.019731564592,89.96816901465641,0.0,66.1
2021-07-01,70.8,87.6,60.8,999.9,6.0,4.4,23.3,33.0,40.080111,116.584556,35.35,87.33630646150604,14.802763807034923,41.66111535957262,0.008606996888688698,0.9964830363084052,40.080111,1606.415297772321,0.9958005092928006,3.5931942039795284,-2181.533470123032,4359.356241532425,4102.019731564592,89.96816901465641,0.0,65.0
2021-07-02,77.5,87.6,63.0,999.9,6.0,5.4,11.7,-34.14269907764162,40.080111,116.584556,35.35,95.53469724012255,14.792469250083492,41.621183194940514,-0.008606996888688009,0.9964830363084052,40.080111,1606.415297772321,0.9958005092928006,3.5931942039795284,-2181.533470123032,4359.356241532425,4102.019731564592,89.96816901465641,0.0,67.0
2021-07-03,75.1,86.0,67.8,999.9,6.4,4.6,7.8,-1.873031390392729,40.080111,116.584556,35.35,92.5058364562532,14.781225532290794,41.57789024122042,-0.02581844022713239,0.9964830363084052,40.080111,1606.415297772321,0.9958005092928006,3.5931942039795284,-2181.533470123032,4359.356241532425,4102.019731564592,89.96816901465641,0.0,67.3
2021-07-04,80.8,93.6,68.4,999.9,6.1,5.1,13.6,17.5,40.080111,116.584556,35.35,99.4448752927937,14.769040885068371,41.53124064783131,-0.04302223300453034,0.9964830363084052,40.080111,1606.415297772321,0.9958005092928006,3.5931942039795284,-2181.533470123032,4359.356241532425,4102.019731564592,89.96816901465641,0.0,64.9
2021-07-05,76.4,93.6,69.4,999.9,6.2,4.3,11.7,83.33990535684075,40.080111,116.584556,35.35,93.94605048540076,14.755924160010588,41.481238722452616,-0.060213277365792774,0.9964830363084052,40.080111,1606.415297772321,0.9958005092928006,3.5931942039795284,-2181.533470123032,4359.356241532425,4102.019731564592,89.96816901465641,0.0,68.8
2021-07-06,77.0,90.7,68.9,999.9,5.6,3.2,7.8,-4.718278541908468,40.080111,116.584556,35.35,94.5937608422378,14.741884806582515,41.42788893693962,-0.07738647923346322,0.9964830363084052,40.080111,1606.415297772321,0.9958005092928006,3.5931942039795284,-2181.533470123032,4359.356241532425,4102.019731564592,89.96816901465641,0.0,70.8
2021-07-07,82.0,91.0,70.9,999.9,5.8,4.0,9.7,110.461421052471,40.080111,116.584556,35.35,100.6340411321361,14.726932848605282,41.371195934145256,-0.09453674981719933,0.9964830363084052,40.080111,1606.415297772321,0.9958005092928006,3.5931942039795284,-2181.533470123032,4359.356241532425,4102.019731564592,89.96816901465641,0.0,71.7
2021-07-08,80.8,95.0,69.8,999.9,6.1,4.3,11.7,110.11390087411596,40.080111,116.584556,35.35,99.05459765501887,14.711078859656267,41.31116453570158,-0.11165900712169444,0.9964830363084052,40.080111,1606.415297772321,0.9958005092928006,3.5931942039795284,-2181.533470123032,4359.356241532425,4102.019731564592,89.96816901465641,0.0,67.7
2021-07-09,82.5,93.0,72.5,999.9,5.7,3.6,7.8,-44.516770530082724,40.080111,116.584556,35.35,101.02354582034498,14.694333937504725,41.247799750812945,-0.12874817745258066,0.9964830363084052,40.080111,1606.415297772321,0.9958005092928006,3.5931942039795284,-2181.533470123032,4359.356241532425,4102.019731564592,89.96816901465641,0.0,71.1
2021-07-10,83.0,91.2,76.3,999.9,5.1,3.4,5.8,-39.401844102149596,40.080111,116.584556,35.35,101.5139086041289,14.676709677705384,41.181106786112785,-0.14579919691987442,0.9964830363084052,40.080111,1606.415297772321,0.9958005092928006,3.5931942039795284,-2181.533470123032,4359.356241532425,4102.019731564592,89.96816901465641,0.0,74.7
2021-07-11,80.0,89.4,71.6,999.9,5.7,5.4,13.6,23.3,40.080111,116.584556,35.35,97.72145430982596,14.658218146473892,41.11109105663325,-0.16280701293851646,0.9964830363084052,40.080111,1606.415297772321,0.9958005092928006,3.5931942039795284,-2181.533470123032,4359.356241532425,4102.019731564592,89.96816901465641,0.0,74.4
2021-07-12,73.2,87.3,71.6,999.9,4.9,4.9,11.7,23.3,40.080111,116.584556,35.35,89.29711830310623,14.638871852968235,41.03775819793485,-0.17976658572556214,0.9964830363084052,40.080111,1606.415297772321,0.9958005092928006,3.5931942039795284,-2181.533470123032,4359.356241532425,4102.019731564592,89.96816901465641,0.0,71.8
2021-07-13,79.7,87.8,71.8,999.9,5.4,3.4,5.8,73.94279063361932,40.080111,116.584556,35.35,97.09242438096993,14.618683721099615,40.961114079440236,-0.19667288979357622,0.9964830363084052,40.080111,1606.415297772321,0.9958005092928006,3.5931942039795284,-2181.533470123032,4359.356241532425,4102.019731564592,89.96816901465641,0.0,75.5
2021-07-14,82.2,90.3,75.0,999.9,4.6,3.4,5.8,-2.616437259068789,40.080111,116.584556,35.35,99.99401936781572,14.597667060994997,40.88116481901189,-0.2135209154397959,0.9964830363084052,40.080111,1606.415297772321,0.9958005092928006,3.5931942039795284,-2181.533470123032,4359.356241532425,4102.019731564592,89.96816901465641,0.0,77.0
2021-07-15,83.1,90.3,77.0,999.9,5.0,4.5,7.8,-132.38594586299862,40.080111,116.584556,35.35,100.93766111610131,14.575835540231237,40.79791679880968,-0.23030567023061196,0.9964830363084052,40.080111,1606.415297772321,0.9958005092928006,3.5931942039795284,-2181.533470123032,4359.356241532425,4102.019731564592,89.96816901465641,0.0,75.9
2021-07-16,80.6,90.0,75.2,999.9,5.5,3.6,7.8,-18.932665256073864,40.080111,116.584556,35.35,97.74901452413394,14.553203154957908,40.71137668245875,-0.24702218048093527,0.9964830363084052,40.080111,1606.415297772321,0.9958005092928006,3.5931942039795284,-2181.533470123032,4359.356241532425,4102.019731564592,89.96816901465641,0.0,74.3
2021-07-17,79.7,87.3,75.2,999.9,5.1,4.9,9.7,31.003281530441544,40.080111,116.584556,35.35,96.50198340178957,14.529784201022268,40.621551433552796,-0.2636654927280072,0.9964830363084052,40.080111,1606.415297772321,0.9958005092928006,3.5931942039795284,-2181.533470123032,4359.356241532425,4102.019731564592,89.96816901465641,0.0,74.7
2021-07-18,78.1,85.5,73.4,999.9,3.4,2.9,7.8,62.03906186683254,40.080111,116.584556,35.35,94.40723603754785,14.505593245205816,40.52844833551211,-0.2802306751992161,0.9964830363084052,40.080111,1606.415297772321,0.9958005092928006,3.5931942039795284,-2181.533470123032,4359.356241532425,4102.019731564592,89.96816901465641,0.0,75.7
2021-07-19,79.3,86.4,74.7,999.9,5.1,3.2,7.8,-47.717820093147225,40.080111,116.584556,35.35,95.69292968054003,14.480645096676929,40.432075012808546,-0.2967128192734901,0.9964830363084052,40.080111,1606.415297772321,0.9958005092928006,3.5931942039795284,-2181.533470123032,4359.356241532425,4102.019731564592,89.96816901465641,0.0,73.9
2021-07-20,81.0,89.2,73.4,999.9,5.6,3.5,5.8,-56.23798959524352,40.080111,116.584556,35.35,97.57094475662498,14.454954778759257,40.33243945356352,-0.3131070409358267,0.9964830363084052,40.080111,1606.415297772321,0.9958005092928006,3.5931942039795284,-2181.533470123032,4359.356241532425,4102.019731564592,89.96816901465641,0.0,74.1
2021-07-21,80.8,89.2,75.2,999.9,6.1,3.9,7.8,94.56737158005429,40.080111,116.584556,35.35,97.15215250747164,14.42853750110965,40.22955003351748,-0.3294084822245302,0.9964830363084052,40.080111,1606.415297772321,0.9958005092928006,3.5931942039795284,-2181.533470123032,4359.356241532425,4102.019731564592,89.96816901465641,0.0,75.3
2021-07-22,76.7,84.2,71.6,999.9,5.9,3.4,9.7,15.5,40.080111,116.584556,35.35,92.04900350871667,14.401408632393741,40.12341554136212,-0.3456123126707333,0.9964830363084052,40.080111,1606.415297772321,0.9958005092928006,3.5931942039795284,-2181.533470123032,4359.356241532425,4102.019731564592,89.96816901465641,0.0,72.8
2021-07-23,81.8,89.6,71.6,999.9,5.3,4.5,9.7,55.280598548764075,40.080111,116.584556,35.35,97.97992870797201,14.373583673541127,40.014045205418846,-0.3617137307297674,0.9964830363084052,40.080111,1606.415297772321,0.9958005092928006,3.5931942039795284,-2181.533470123032,4359.356241532425,4102.019731564592,89.96816901465641,0.0,72.4
2021-07-24,84.2,91.4,75.7,999.9,5.2,4.9,9.7,29.985539359404278,40.080111,116.584556,35.35,100.65463225878382,14.345078231655652,39.90144872163914,-0.37770796520396466,0.9964830363084052,40.080111,1606.415297772321,0.9958005092928006,3.5931942039795284,-2181.533470123032,4359.356241532425,4102.019731564592,89.96816901465641,0.0,75.6
2021-07-25,84.8,92.7,78.8,999.9,5.5,6.6,11.7,61.0656598210512,40.080111,116.584556,35.35,101.16574982885994,14.315907994649992,39.7856362828951,-0.39359027665646645,0.9964830363084052,40.080111,1606.415297772321,0.9958005092928006,3.5931942039795284,-2181.533470123032,4359.356241532425,4102.019731564592,89.96816901465641,0.0,76.1
2021-07-26,81.3,92.7,75.2,999.9,4.7,5.1,13.6,11.761046412582635,40.080111,116.584556,35.35,96.78825098766944,14.286088706667078,39.666618609519844,-0.4093559588156211,0.9964830363084052,40.080111,1606.415297772321,0.9958005092928006,3.5931942039795284,-2181.533470123032,4359.356241532425,4102.019731564592,89.96816901465641,0.0,76.1
2021-07-27,76.6,90.7,75.2,999.9,6.1,3.2,7.8,54.25180830066225,40.080111,116.584556,35.35,90.99847738806535,14.255636144344441,39.54440698105006,-0.42500033996955394,0.9964830363084052,40.080111,1606.415297772321,0.9958005092928006,3.5931942039795284,-2181.533470123032,4359.356241532425,4102.019731564592,89.96816901465641,0.0,74.6
2021-07-28,79.4,84.7,75.2,999.9,6.4,2.5,5.8,-6.28651393822237,40.080111,116.584556,35.35,94.119212321775,14.22456609397103,39.41901326911534,-0.4405187843504952,0.9964830363084052,40.080111,1606.415297772321,0.9958005092928006,3.5931942039795284,-2181.533470123032,4359.356241532425,4102.019731564592,89.96816901465641,0.0,75.1
2021-07-29,73.5,84.7,71.6,999.9,6.1,5.2,9.7,-21.947324074745243,40.080111,116.584556,35.35,86.93147776867534,14.192894329579646,39.290449971410716,-0.455906693508459,0.9964830363084052,40.080111,1606.415297772321,0.9958005092928006,3.5931942039795284,-2181.533470123032,4359.356241532425,4102.019731564592,89.96816901465641,0.0,71.5
2021-07-30,76.0,86.4,69.8,999.9,6.2,4.8,9.7,18.8,40.080111,116.584556,35.35,89.68403174940862,14.160636592011887,39.158730246682126,-0.47115950767386394,0.9964830363084052,40.080111,1606.415297772321,0.9958005092928006,3.5931942039795284,-2181.533470123032,4359.356241532425,4102.019731564592,89.96816901465641,0.0,70.5
2021-07-31,84.3,93.2,72.1,999.9,6.6,4.3,11.7,53.65319753404222,40.080111,116.584556,35.35,99.24785519712913,14.127808568986353,39.02386795064659,-0.4862727071086902,0.9964830363084052,40.080111,1606.415297772321,0.9958005092928006,3.5931942039795284,-2181.533470123032,4359.356241532425,4102.019731564592,89.96816901465641,0.0,73.7
2021-08-01,81.4,93.2,69.8,999.9,6.7,7.7,13.6,21.4,40.080111,116.584556,35.35,95.60718886018945,14.094425876195004,38.8858776727626,-0.5012418134457756,0.9964830363084052,40.080111,1606.415297772321,0.9958005092928006,3.5931942039795284,-2181.533470123032,4359.356241532425,4102.019731564592,89.96816901465641,0.0,62.7
2021-08-02,82.5,91.4,73.0,999.9,6.7,4.9,9.7,5.697043560306522,40.080111,116.584556,35.35,96.6659652711978,14.060504039446954,38.744774773759204,-0.5160623910158526,0.9964830363084052,40.080111,1606.415297772321,0.9958005092928006,3.5931942039795284,-2181.533470123032,4359.356241532425,4102.019731564592,89.96816901465641,0.0,64.8
2021-08-03,81.5,91.4,74.8,999.9,6.0,4.5,7.8,132.0740187798413,40.080111,116.584556,35.35,95.26031382889039,14.026058477873432,38.60057542382604,-0.5307300481619331,0.9964830363084052,40.080111,1606.415297772321,0.9958005092928006,3.5931942039795284,-2181.533470123032,4359.356241532425,4102.019731564592,89.96816901465641,0.0,71.1
2021-08-04,81.6,88.5,75.2,999.9,5.1,5.3,7.8,-6.700535912564824,40.080111,116.584556,35.35,95.13951051977881,13.991104488202769,38.453296641361064,-0.5452404385406507,0.9964830363084052,40.080111,1606.415297772321,0.9958005092928006,3.5931942039795284,-2181.533470123032,4359.356241532425,4102.019731564592,89.96816901465641,0.0,74.0
2021-08-05,76.9,91.4,66.2,999.9,6.1,4.8,19.4,29.1,40.080111,116.584556,35.35,89.4325034162833,13.955657230109225,38.30295633216677,-0.5595892624101763,0.9964830363084052,40.080111,1606.415297772321,0.9958005092928006,3.5931942039795284,-2181.533470123032,4359.356241532425,4102.019731564592,89.96816901465641,0.0,69.6
2021-08-06,79.8,92.8,71.6,999.9,6.5,3.0,5.8,92.23755534414441,40.080111,116.584556,35.35,92.56621588902371,13.919731712635144,38.14957332898108,-0.5737722679043243,0.9964830363084052,40.080111,1606.415297772321,0.9958005092928006,3.5931942039795284,-2181.533470123032,4359.356241532425,4102.019731564592,89.96816901465641,0.0,68.4
2021-08-07,82.2,92.8,73.4,999.9,5.8,2.9,7.8,99.09745953040486,40.080111,116.584556,35.35,95.10089805451959,13.88334278168169,37.993167431224634,-0.5877852522924734,0.9964830363084052,40.080111,1606.415297772321,0.9958005092928006,3.5931942039795284,-2181.533470123032,4359.356241532425,4102.019731564592,89.96816901465641,0.0,72.1
2021-08-08,80.3,91.6,69.8,999.9,4.8,4.5,15.5,-15.4381504292916,40.080111,116.584556,35.35,92.65619668477721,13.846505108559485,37.833759444841554,-0.6016240632249227,0.9964830363084052,40.080111,1606.415297772321,0.9958005092928006,3.5931942039795284,-2181.533470123032,4359.356241532425,4102.019731564592,89.96816901465641,0.0,72.9
2021-08-09,75.5,89.1,68.0,999.9,6.1,5.3,36.9,56.3,40.080111,116.584556,35.35,86.88309208823556,13.809233179587109,37.671371222108455,-0.6152845999633277,0.9964830363084052,40.080111,1606.415297772321,0.9958005092928006,3.5931942039795284,-2181.533470123032,4359.356241532425,4102.019731564592,89.96816901465641,0.0,68.4
2021-08-10,81.1,93.2,68.5,999.9,5.8,3.3,7.8,61.97842723177929,40.080111,116.584556,35.35,93.07266652942978,13.77154128672204,37.50602570128187,-0.6287628145958345,0.9964830363084052,40.080111,1606.415297772321,0.9958005092928006,3.5931942039795284,-2181.533470123032,4359.356241532425,4102.019731564592,89.96816901465641,0.0,70.0
2021-08-11,79.7,92.1,73.4,999.9,5.4,3.2,5.8,3.2226684649711963,40.080111,116.584556,35.35,91.21295404005896,13.733443519205865,37.33774694595348,-0.6420547132365636,0.9964830363084052,40.080111,1606.415297772321,0.9958005092928006,3.5931942039795284,-2181.533470123032,4359.356241532425,4102.019731564592,89.96816901465641,0.0,69.6
2021-08-12,78.5,87.8,71.6,999.9,5.9,4.2,7.8,92.91536466687596,40.080111,116.584556,35.35,89.58782248849414,13.694953756202926,37.16656018397925,-0.655156357209085,0.9964830363084052,40.080111,1606.415297772321,0.9958005092928006,3.5931942039795284,-2181.533470123032,4359.356241532425,4102.019731564592,89.96816901465641,0.0,71.1
2021-08-13,78.0,85.5,72.9,999.9,5.6,5.6,9.7,9.9,40.080111,116.584556,35.35,88.76455679266071,13.65608566040934,36.992491845848136,-0.6680638642135333,0.9964830363084052,40.080111,1606.415297772321,0.9958005092928006,3.5931942039795284,-2181.533470123032,4359.356241532425,4102.019731564592,89.96816901465641,0.0,70.5
2021-08-14,75.9,85.3,71.6,999.9,5.2,4.3,7.8,7.8216299810179,40.080111,116.584556,35.35,86.12659315424162,13.61685267260737,36.81556960235461,-0.6807734094770159,0.9964830363084052,40.080111,1606.415297772321,0.9958005092928006,3.5931942039795284,-2181.533470123032,4359.356241532425,4102.019731564592,89.96816901465641,0.0,70.8
2021-08-15,74.6,83.8,71.4,999.9,4.6,3.4,7.8,51.692102215358275,40.080111,116.584556,35.35,84.4053494443769,13.577268007138377,36.63582240143942,-0.6932812268869771,0.9964830363084052,40.080111,1606.415297772321,0.9958005092928006,3.5931942039795284,-2181.533470123032,4359.356241532425,4102.019731564592,89.96816901465641,0.0,71.3
2021-08-16,74.6,84.0,68.0,999.9,5.1,3.6,7.8,10.133441878809208,40.080111,116.584556,35.35,84.15715923005486,13.537344648266197,36.45328050406269,-0.7055836101071774,0.9964830363084052,40.080111,1606.415297772321,0.9958005092928006,3.5931942039795284,-2181.533470123032,4359.356241532425,4102.019731564592,89.96816901465641,0.0,69.9
2021-08-17,77.4,87.8,68.0,999.9,6.5,3.9,9.7,10.7,40.080111,116.584556,35.35,87.0562649907406,13.497095347401642,36.26797551897514,-0.7176769136759615,0.9964830363084052,40.080111,1606.415297772321,0.9958005092928006,3.5931942039795284,-2181.533470123032,4359.356241532425,4102.019731564592,89.96816901465641,0.0,65.4
2021-08-18,78.7,87.8,70.0,999.9,6.4,3.7,5.8,-29.462818307330362,40.080111,116.584556,35.35,88.25242644042636,13.456532621157766,36.079940436253295,-0.7295575540864876,0.9964830363084052,40.080111,1606.415297772321,0.9958005092928006,3.5931942039795284,-2181.533470123032,4359.356241532425,4102.019731564592,89.96816901465641,0.0,67.6
2021-08-19,68.9,83.7,66.2,999.9,4.1,2.5,5.8,-34.83713022150357,40.080111,116.584556,35.35,77.02829807409387,13.415668750205025,35.8892096594677,-0.7412220108485957,0.9964830363084052,40.080111,1606.415297772321,0.9958005092928006,3.5931942039795284,-2181.533470123032,4359.356241532425,4102.019731564592,89.96816901465641,0.0,67.8
2021-08-20,76.5,86.0,67.8,999.9,6.1,3.3,7.8,4.133518917382824,40.080111,116.584556,35.35,85.26253809045403,13.37451577889475,35.695819036354415,-0.7526668275320083,0.9964830363084052,40.080111,1606.415297772321,0.9958005092928006,3.5931942039795284,-2181.533470123032,4359.356241532425,4102.019731564592,89.96816901465641,0.0,69.3
2021-08-21,79.5,91.4,69.4,999.9,6.7,4.0,7.8,53.8137875717736,40.080111,116.584556,35.35,88.33169154097709,13.333085515619185,35.499805887863445,-0.7638886127905429,0.9964830363084052,40.080111,1606.415297772321,0.9958005092928006,3.5931942039795284,-2181.533470123032,4359.356241532425,4102.019731564592,89.96816901465641,0.0,64.4
2021-08-22,80.0,89.2,73.6,999.9,4.4,4.0,7.8,30.021524072448706,40.080111,116.584556,35.35,88.60926355917456,13.291389533876185,35.30120903546101,-0.7748840413670406,0.9964830363084052,40.080111,1606.415297772321,0.9958005092928006,3.5931942039795284,-2181.533470123032,4359.356241532425,4102.019731564592,89.96816901465641,0.0,74.0
2021-08-23,76.5,89.6,64.4,999.9,5.9,7.0,19.4,25.3,40.080111,116.584556,35.35,84.46517473429198,13.249439174006586,35.100068826566,-0.7856498550787144,0.9964830363084052,40.080111,1606.415297772321,0.9958005092928006,3.5931942039795284,-2181.533470123032,4359.356241532425,4102.019731564592,89.96816901465641,0.0,66.9
2021-08-24,74.6,86.7,63.7,999.9,6.7,7.4,17.5,25.3,40.080111,116.584556,35.35,82.105043141643,13.2072455455726,34.89642715800543,-0.7961828637826154,0.9964830363084052,40.080111,1606.415297772321,0.9958005092928006,3.5931942039795284,-2181.533470123032,4359.356241532425,4102.019731564592,89.96816901465641,0.0,54.2
2021-08-25,76.1,83.7,63.3,999.9,6.7,7.8,13.6,19.4,40.080111,116.584556,35.35,83.48689718827598,13.164819530345754,34.69032749737834,-0.8064799463209447,0.9964830363084052,40.080111,1606.415297772321,0.9958005092928006,3.5931942039795284,-2181.533470123032,4359.356241532425,4102.019731564592,89.96816901465641,0.0,54.8
2021-08-26,74.0,87.8,60.8,999.9,6.7,6.9,27.2,36.9,40.080111,116.584556,35.35,80.92005934621905,13.122171785873359,34.48181490222214,-0.8165380514459157,0.9964830363084052,40.080111,1606.415297772321,0.9958005092928006,3.5931942039795284,-2181.533470123032,4359.356241532425,4102.019731564592,89.96816901465641,0.0,57.2
2021-08-27,75.0,87.8,62.6,999.9,6.7,5.2,9.7,44.850567422870405,40.080111,116.584556,35.35,81.74570468495617,13.079312749592985,34.270936036881366,-0.8263541987239094,0.9964830363084052,40.080111,1606.415297772321,0.9958005092928006,3.5931942039795284,-2181.533470123032,4359.356241532425,4102.019731564592,89.96816901465641,0.0,59.3
2021-08-28,72.5,86.9,65.1,999.9,6.7,3.6,9.7,-15.428371284968577,40.080111,116.584556,35.35,78.76069305426832,13.036252643465101,34.05773918698408,-0.8359254794186365,0.9964830363084052,40.080111,1606.415297772321,0.9958005092928006,3.5931942039795284,-2181.533470123032,4359.356241532425,4102.019731564592,89.96816901465641,0.0,62.2
2021-08-29,75.0,84.2,66.2,999.9,6.3,3.9,7.8,12.089430981680843,40.080111,116.584556,35.35,81.2062592443409,12.993001479094543,33.84227427143733,-0.8452490573530634,0.9964830363084052,40.080111,1606.415297772321,0.9958005092928006,3.5931942039795284,-2181.533470123032,4359.356241532425,4102.019731564592,89.96816901465641,0.0,65.1
2021-08-30,75.8,83.5,67.1,999.9,5.7,2.7,3.9,-85.50805739180826,40.080111,116.584556,35.35,81.79811124992354,12.949569063312433,33.62459285185966,-0.8543221697498269,0.9964830363084052,40.080111,1606.415297772321,0.9958005092928006,3.5931942039795284,-2181.533470123032,4359.356241532425,4102.019731564592,89.96816901465641,0.0,67.9
2021-08-31,72.5,82.4,62.6,999.9,5.9,3.5,7.8,10.9,40.080111,116.584556,35.35,77.97353856698571,12.905965004190737,33.40474813937485,-0.8631421280499115,0.9964830363084052,40.080111,1606.415297772321,0.9958005092928006,3.5931942039795284,-2181.533470123032,4359.356241532425,4102.019731564592,89.96816901465641,0.0,65.1
2021-09-01,74.8,87.8,64.2,999.9,6.2,3.6,7.8,65.8190307038349,40.080111,116.584556,35.35,80.17437200551726,12.862198717462661,33.1827949986983,-0.8717063187093217,0.9964830363084052,40.080111,1606.415297772321,0.9958005092928006,3.5931942039795284,-2181.533470123032,4359.356241532425,4102.019731564592,89.96816901465641,0.0,64.5
2021-09-02,75.8,87.8,66.0,999.9,5.9,3.7,9.7,147.6029695657985,40.080111,116.584556,35.35,80.96879842048914,12.81827943332282,32.95878994945471,-0.8800122039735356,0.9964830363084052,40.080111,1606.415297772321,0.9958005092928006,3.5931942039795284,-2181.533470123032,4359.356241532425,4102.019731564592,89.96816901465641,0.0,64.9
2021-09-03,79.1,87.8,68.7,999.9,5.0,3.6,5.8,9.7,40.080111,116.584556,35.35,84.20337514194472,12.774216203582005,32.7327911646725,-0.888057322629493,0.9964830363084052,40.080111,1606.415297772321,0.9958005092928006,3.5931942039795284,-2181.533470123032,4359.356241532425,4102.019731564592,89.96816901465641,0.0,69.7
2021-09-04,69.9,87.4,68.0,999.9,5.2,3.1,13.6,15.0,40.080111,116.584556,35.35,74.15235432081231,12.730017909152327,32.50485846640864,-0.8958392907349089,0.9964830363084052,40.080111,1606.415297772321,0.9958005092928006,3.5931942039795284,-2181.533470123032,4359.356241532425,4102.019731564592,89.96816901465641,0.0,68.2
2021-09-05,70.9,77.0,66.2,999.9,5.8,4.8,7.8,1.3433377196529346,40.080111,116.584556,35.35,74.9513043908172,12.6856932678393,32.27505331846473,-0.9033558023246842,0.9964830363084052,40.080111,1606.415297772321,0.9958005092928006,3.5931942039795284,-2181.533470123032,4359.356241532425,4102.019731564592,89.96816901465641,0.0,66.7
2021-09-06,65.2,77.0,57.2,999.9,6.2,4.9,15.5,-105.36663130726737,40.080111,116.584556,35.35,68.68412957713984,12.641250842418374,32.04343881616302,-0.9106046300942162,0.9964830363084052,40.080111,1606.415297772321,0.9958005092928006,3.5931942039795284,-2181.533470123032,4359.356241532425,4102.019731564592,89.96816901465641,0.0,59.2
2021-09-07,72.1,82.4,58.5,999.9,6.7,5.4,19.4,35.0,40.080111,116.584556,35.35,75.6851667859204,12.59669904897427,31.810079673159503,-0.9175836260593934,0.9964830363084052,40.080111,1606.415297772321,0.9958005092928006,3.5931942039795284,-2181.533470123032,4359.356241532425,4102.019731564592,89.96816901465641,0.0,61.9
2021-09-08,73.4,84.2,64.4,999.9,4.8,3.0,9.7,-36.70421518708713,40.080111,116.584556,35.35,76.77668237886658,12.552046165482274,31.57504220527838,-0.9242907221930934,0.9964830363084052,40.080111,1606.415297772321,0.9958005092928006,3.5931942039795284,-2181.533470123032,4359.356241532425,4102.019731564592,89.96816901465641,0.0,67.3
2021-09-09,71.0,83.5,64.4,999.9,4.1,3.7,11.7,41.46411672189444,40.080111,116.584556,35.35,74.00152701528515,12.507300340611575,31.338394311361025,-0.9307239310379793,0.9964830363084052,40.080111,1606.415297772321,0.9958005092928006,3.5931942039795284,-2181.533470123032,4359.356241532425,4102.019731564592,89.96816901465641,0.0,65.8
2021-09-10,76.6,84.4,64.9,999.9,4.2,3.4,7.8,30.92091980491888,40.080111,116.584556,35.35,79.55209763076861,12.462469602731376,31.10020545113029,-0.9368813462954315,0.9964830363084052,40.080111,1606.415297772321,0.9958005092928006,3.5931942039795284,-2181.533470123032,4359.356241532425,4102.019731564592,89.96816901465641,0.0,69.2
2021-09-11,78.4,88.0,69.8,999.9,4.0,3.6,7.8,59.970158862567146,40.080111,116.584556,35.35,81.12807087812864,12.41756186910132,30.860546620078953,-0.9427611433904206,0.9964830363084052,40.080111,1606.415297772321,0.9958005092928006,3.5931942039795284,-2181.533470123032,4359.356241532425,4102.019731564592,89.96816901465641,0.0,70.8
2021-09-12,71.5,88.0,66.2,999.9,6.1,2.8,5.8,-24.6698295482202,40.080111,116.584556,35.35,73.71998535823688,12.37258495522857,30.619490321399834,-0.9483615800121716,0.9964830363084052,40.080111,1606.415297772321,0.9958005092928006,3.5931942039795284,-2181.533470123032,4359.356241532425,4102.019731564592,89.96816901465641,0.0,63.9
2021-09-13,75.6,84.9,67.6,999.9,5.9,3.2,5.8,52.77767466384273,40.080111,116.584556,35.35,77.66354348155852,12.32754658437437,30.37711053498221,-0.9536809966304455,0.9964830363084052,40.080111,1606.415297772321,0.9958005092928006,3.5931942039795284,-2181.533470123032,4359.356241532425,4102.019731564592,89.96816901465641,0.0,68.2
2021-09-14,71.9,84.9,68.0,999.9,6.1,2.3,5.8,39.87449011603148,40.080111,116.584556,35.35,73.59237259651873,12.282454397193668,30.1334826835082,-0.9587178169872964,0.9964830363084052,40.080111,1606.415297772321,0.9958005092928006,3.5931942039795284,-2181.533470123032,4359.356241532425,4102.019731564592,89.96816901465641,0.0,64.4
2021-09-15,71.5,78.6,68.0,999.9,6.5,3.2,7.8,-11.507415213286624,40.080111,116.584556,35.35,72.91400760388926,12.237315961491902,29.88868359568965,-0.9634705485641486,0.9964830363084052,40.080111,1606.415297772321,0.9958005092928006,3.5931942039795284,-2181.533470123032,4359.356241532425,4102.019731564592,89.96816901465641,0.0,63.8
2021-09-16,68.1,78.3,60.8,999.9,6.1,3.5,7.8,20.98090786430951,40.080111,116.584556,35.35,69.19038758832403,12.192138782083529,29.6427914666947,-0.9679377830240642,0.9964830363084052,40.080111,1606.415297772321,0.9958005092928006,3.5931942039795284,-2181.533470123032,4359.356241532425,4102.019731564592,89.96816901465641,0.0,63.5
2021-09-17,69.1,82.4,59.0,999.9,6.7,3.8,7.8,-44.19750561861606,40.080111,116.584556,35.35,69.94607370599623,12.146930310737405,29.395885815820403,-0.9721181966290612,0.9964830363084052,40.080111,1606.415297772321,0.9958005092928006,3.5931942039795284,-2181.533470123032,4359.356241532425,4102.019731564592,89.96816901465641,0.0,54.1
2021-09-18,70.9,81.0,62.4,999.9,5.8,3.4,8.0,12.8,40.080111,116.584556,35.35,71.50086542451541,12.101697956194428,29.148047441475345,-0.9760105506323682,0.9964830363084052,40.080111,1606.415297772321,0.9958005092928006,3.5931942039795284,-2181.533470123032,4359.356241532425,4102.019731564592,89.96816901465641,0.0,62.2
2021-09-19,64.0,75.2,60.8,999.9,4.3,4.4,11.7,18.8,40.080111,116.584556,35.35,64.30106183596409,12.056449094243268,28.899358373543688,-0.9796136916454901,0.9964830363084052,40.080111,1606.415297772321,0.9958005092928006,3.5931942039795284,-2181.533470123032,4359.356241532425,4102.019731564592,89.96816901465641,0.0,62.1
2021-09-20,62.3,72.1,55.4,999.9,6.1,6.0,13.6,19.6,40.080111,116.584556,35.35,62.358100345787264,12.011191077840243,28.649901823209024,-0.9829265519799822,0.9964830363084052,40.080111,1606.415297772321,0.9958005092928006,3.5931942039795284,-2181.533470123032,4359.356241532425,4102.019731564592,89.96816901465641,0.0,58.7
2021-09-21,69.2,81.5,55.4,999.9,6.7,6.8,15.5,25.3,40.080111,116.584556,35.35,69.00353685919696,11.965931247259588,28.399762130323563,-0.9859481499638303,0.9964830363084052,40.080111,1606.415297772321,0.9958005092928006,3.5931942039795284,-2181.533470123032,4359.356241532425,4102.019731564592,89.96816901465641,0.0,53.0
2021-09-22,70.8,86.0,56.5,999.9,6.7,3.0,5.8,5.849783023721262,40.080111,116.584556,35.35,70.33199394753743,11.920676940260583,28.149024708414736,-0.9886775902323404,0.9964830363084052,40.080111,1606.415297772321,0.9958005092928006,3.5931942039795284,-2181.533470123032,4359.356241532425,4102.019731564592,89.96816901465641,0.0,57.4
2021-09-23,73.1,84.6,64.2,999.9,5.6,5.0,7.8,15.2,40.080111,116.584556,35.35,72.34119460125491,11.87543550225799,27.897775987427735,-0.9911140639934546,0.9964830363084052,40.080111,1606.415297772321,0.9958005092928006,3.5931942039795284,-2181.533470123032,4359.356241532425,4102.019731564592,89.96816901465641,0.0,63.1
2021-09-24,65.7,82.2,64.4,999.9,3.2,3.7,7.8,12.0,40.080111,116.584556,35.35,64.77042327324094,11.830214296482364,27.64610335430898,-0.9932568492674143,0.9964830363084052,40.080111,1606.415297772321,0.9958005092928006,3.5931942039795284,-2181.533470123032,4359.356241532425,4102.019731564592,89.96816901465641,0.0,64.8
2021-09-25,69.4,77.0,65.7,999.9,5.5,3.4,9.7,12.2,40.080111,116.584556,35.35,68.15670312997469,11.785020714116659,27.394095091541015,-0.9951053111006974,0.9964830363084052,40.080111,1606.415297772321,0.9958005092928006,3.5931942039795284,-2181.533470123032,4359.356241532425,4102.019731564592,89.96816901465641,0.0,63.1
2021-09-26,65.8,75.2,60.8,999.9,5.2,3.6,7.8,80.95263127822483,40.080111,116.584556,35.35,64.37357764443536,11.739862184395506,27.141840313745256,-0.99665890175417,0.9964830363084052,40.080111,1606.415297772321,0.9958005092928006,3.5931942039795284,-2181.533470123032,4359.356241532425,4102.019731564592,89.96816901465641,0.0,64.8
2021-09-27,70.0,82.4,61.9,999.9,5.8,3.1,7.8,12.0,40.080111,116.584556,35.35,68.21935274381124,11.694746184653356,26.889428902474393,-0.9979171608653922,0.9964830363084052,40.080111,1606.415297772321,0.9958005092928006,3.5931942039795284,-2181.533470123032,4359.356241532425,4102.019731564592,89.96816901465641,0.0,62.7
2021-09-28,67.7,82.4,59.0,999.9,4.1,3.6,9.7,12.6,40.080111,116.584556,35.35,65.72361274548412,11.649680250307377,26.636951439320875,-0.9988797155850335,0.9964830363084052,40.080111,1606.415297772321,0.9958005092928006,3.5931942039795284,-2181.533470123032,4359.356241532425,4102.019731564592,89.96816901465641,0.0,62.7
2021-09-29,71.1,83.5,62.2,999.9,4.7,3.9,8.0,14.0,40.080111,116.584556,35.35,68.7576815097076,11.604671984760776,26.384499137473163,-0.9995462806873573,0.9964830363084052,40.080111,1606.415297772321,0.9958005092928006,3.5931942039795284,-2181.533470123032,4359.356241532425,4102.019731564592,89.96816901465641,0.0,58.1
2021-09-30,66.2,83.5,57.2,999.9,5.8,4.0,7.8,13.2,40.080111,116.584556,35.35,63.77117203181848,11.559729069211809,26.132163771855062,-0.9999166586547379,0.9964830363084052,40.080111,1606.415297772321,0.9958005092928006,3.5931942039795284,-2181.533470123032,4359.356241532425,4102.019731564592,89.96816901465641,0.0,60.1
2021-10-01,65.2,75.2,57.2,999.9,6.6,4.2,11.7,17.5,40.080111,116.584556,35.35,62.564068713119404,11.514859272353265,25.880037607988083,-0.9999907397361901,0.9964830363084052,40.080111,1606.415297772321,0.9958005092928006,3.5931942039795284,-2181.533470123032,4359.356241532425,4102.019731564592,89.96816901465641,0.0,46.8
2021-10-02,66.8,75.0,62.6,999.9,5.5,3.2,5.8,11.8,40.080111,116.584556,35.35,63.85005889370436,11.470070459946891,25.628213329720136,-0.9997685019798909,0.9964830363084052,40.080111,1606.415297772321,0.9958005092928006,3.5931942039795284,-2181.533470123032,4359.356241532425,4102.019731564592,89.96816901465641,0.0,61.3
2021-10-03,66.8,71.8,60.8,999.9,4.6,6.1,11.7,18.1,40.080111,116.584556,35.35,63.60122969702758,11.425370604256452,25.37678396596675,-0.9992500112396835,0.9964830363084052,40.080111,1606.415297772321,0.9958005092928006,3.5931942039795284,-2181.533470123032,4359.356241532425,4102.019731564592,89.96816901465641,0.0,55.5
2021-10-04,57.8,71.8,52.5,999.9,6.7,5.5,7.8,18.5,40.080111,116.584556,35.35,54.817364871171286,11.38076779332276,25.12584281661475,-0.9984354211555643,0.9964830363084052,40.080111,1606.415297772321,0.9958005092928006,3.5931942039795284,-2181.533470123032,4359.356241532425,4102.019731564592,89.96816901465641,0.0,48.1
2021-10-05,57.0,65.5,52.0,999.9,6.6,4.4,7.8,3.067728197075372,40.080111,116.584556,35.35,53.84728364030025,11.33627024006321,24.87548337773983,-0.9973249731081555,0.9964830363084052,40.080111,1606.415297772321,0.9958005092928006,3.5931942039795284,-2181.533470123032,4359.356241532425,4102.019731564592,89.96816901465641,0.0,50.3
2021-10-06,50.8,60.1,44.2,999.9,6.7,4.7,9.7,17.5,40.080111,116.584556,35.35,47.80231863265235,11.291886291177722,24.6257992662923,-0.9959189961471792,0.9964830363084052,40.080111,1606.415297772321,0.9958005092928006,3.5931942039795284,-2181.533470123032,4359.356241532425,4102.019731564592,89.96816901465641,0.0,47.3
2021-10-07,55.3,68.0,43.7,999.9,6.7,2.9,5.8,67.83916852488292,40.080111,116.584556,35.35,51.83280260850659,11.2476244358423,24.37688414440663,-0.994217906893952,0.9964830363084052,40.080111,1606.415297772321,0.9958005092928006,3.5931942039795284,-2181.533470123032,4359.356241532425,4102.019731564592,89.96816901465641,0.0,48.1
2021-10-08,59.6,69.8,47.3,999.9,5.8,3.3,7.8,11.3,40.080111,116.584556,35.35,55.64401679371382,11.203493314170567,24.128831643491743,-0.9922222094179324,0.9964830363084052,40.080111,1606.415297772321,0.9958005092928006,3.5931942039795284,-2181.533470123032,4359.356241532425,4102.019731564592,89.96816901465641,0.0,51.2
2021-10-09,56.9,69.4,53.6,999.9,4.0,5.7,17.5,25.3,40.080111,116.584556,35.35,52.91463734804698,11.159501725422913,23.88173528826017,-0.989932495087353,0.9964830363084052,40.080111,1606.415297772321,0.9958005092928006,3.5931942039795284,-2181.533470123032,4359.356241532425,4102.019731564592,89.96816901465641,0.0,48.3
2021-10-10,54.3,66.2,39.2,999.9,6.7,8.8,23.3,29.1,40.080111,116.584556,35.35,50.2983553276376,11.115658635942012,23.63568842085425,-0.9873494423939864,0.9964830363084052,40.080111,1606.415297772321,0.9958005092928006,3.5931942039795284,-2181.533470123032,4359.356241532425,4102.019731564592,89.96816901465641,0.0,29.5
2021-10-11,52.6,69.8,41.0,999.9,6.6,3.8,7.8,18.5,40.080111,116.584556,35.35,48.5321491354409,11.0719731867926,23.390784125227988,-0.9844738167520923,0.9964830363084052,40.080111,1606.415297772321,0.9958005092928006,3.5931942039795284,-2181.533470123032,4359.356241532425,4102.019731564592,89.96816901465641,0.0,35.5
2021-10-12,55.8,69.8,40.1,999.9,6.7,2.7,7.8,27.229484597931098,40.080111,116.584556,35.35,51.282314360034206,11.028454701082625,23.14711515194302,-0.9813064702716093,0.9964830363084052,40.080111,1606.415297772321,0.9958005092928006,3.5931942039795284,-2181.533470123032,4359.356241532425,4102.019731564592,89.96816901465641,0.0,41.5
2021-10-13,59.7,69.8,50.0,999.9,6.5,2.9,5.8,-36.95876852374043,40.080111,116.584556,35.35,54.65093563743567,10.985112690941843,22.90477384353561,-0.9778483415056567,0.9964830363084052,40.080111,1606.415297772321,0.9958005092928006,3.5931942039795284,-2181.533470123032,4359.356241532425,4102.019731564592,89.96816901465641,0.0,48.4
2021-10-14,59.4,68.9,51.8,999.9,6.4,4.9,9.7,14.8,40.080111,116.584556,35.35,54.162686477459495,10.941956864133232,22.6638520606117,-0.9741004551724206,0.9964830363084052,40.080111,1606.415297772321,0.9958005092928006,3.5931942039795284,-2181.533470123032,4359.356241532425,4102.019731564592,89.96816901465641,0.0,51.6
2021-10-15,55.5,69.8,37.4,999.9,6.4,11.3,21.4,29.1,40.080111,116.584556,35.35,50.40786172750589,10.898997130271544,22.424441108824315,-0.970063921851507,0.9964830363084052,40.080111,1606.415297772321,0.9958005092928006,3.5931942039795284,-2181.533470123032,4359.356241532425,4102.019731564592,89.96816901465641,0.0,23.3
2021-10-16,42.8,68.2,28.4,999.9,6.7,6.8,15.5,26.8,40.080111,116.584556,35.35,38.72060219695388,10.856243606622582,22.18663166688641,-0.965739937654855,0.9964830363084052,40.080111,1606.415297772321,0.9958005092928006,3.5931942039795284,-2181.533470123032,4359.356241532425,4102.019731564592,89.96816901465641,0.0,15.7
2021-10-17,46.3,60.8,31.6,999.9,6.4,3.6,7.8,14.4,40.080111,116.584556,35.35,41.72288472216733,10.813706623455897,21.950513715769745,-0.9611297838723007,0.9964830363084052,40.080111,1606.415297772321,0.9958005092928006,3.5931942039795284,-2181.533470123032,4359.356241532425,4102.019731564592,89.96816901465641,0.0,27.2
2021-10-18,50.2,66.2,32.0,999.9,6.2,5.0,13.6,25.3,40.080111,116.584556,35.35,45.06034298266021,10.771396728922758,21.716176469237297,-0.9562348265919058,0.9964830363084052,40.080111,1606.415297772321,0.9958005092928006,3.5931942039795284,-2181.533470123032,4359.356241532425,4102.019731564592,89.96816901465641,0.0,29.1
2021-10-19,45.4,62.8,32.0,999.9,6.7,4.0,9.7,20.4,40.080111,116.584556,35.35,40.59261175681236,10.72932469343058,21.483708305854194,-0.9510565162951536,0.9964830363084052,40.080111,1606.415297772321,0.9958005092928006,3.5931942039795284,-2181.533470123032,4359.356241532425,4102.019731564592,89.96816901465641,0.0,22.6
2021-10-20,45.9,59.0,33.4,999.9,6.6,3.9,7.8,11.3,40.080111,116.584556,35.35,40.879693289076926,10.687501513484163,21.253196702617732,-0.9455963874271428,0.9964830363084052,40.080111,1606.415297772321,0.9958005092928006,3.5931942039795284,-2181.533470123032,4359.356241532425,4102.019731564592,89.96816901465641,0.0,32.1
2021-10-21,51.4,68.0,34.5,999.9,6.3,4.8,9.7,21.0,40.080111,116.584556,35.35,45.60010287742732,10.645938414963576,21.02472817034396,-0.9398560579418953,0.9964830363084052,40.080111,1606.415297772321,0.9958005092928006,3.5931942039795284,-2181.533470123032,4359.356241532425,4102.019731564592,89.96816901465641,0.0,27.4
2021-10-22,48.6,67.3,33.8,999.9,6.6,3.0,7.8,13.4,40.080111,116.584556,35.35,42.94881976602194,10.604646855807886,20.798388190943417,-0.9338372288229252,0.9964830363084052,40.080111,1606.415297772321,0.9958005092928006,3.5931942039795284,-2181.533470123032,4359.356241532425,4102.019731564592,89.96816901465641,0.0,30.7
2021-10-23,47.0,64.9,35.6,999.9,5.9,2.7,7.8,12.0,40.080111,116.584556,35.35,41.37425090162115,10.563638528073486,20.574261156713792,-0.9275416835791965,0.9964830363084052,40.080111,1606.415297772321,0.9958005092928006,3.5931942039795284,-2181.533470123032,4359.356241532425,4102.019731564592,89.96816901465641,0.0,35.5
2021-10-24,48.8,64.8,37.9,999.9,4.8,2.2,5.8,23.703535417929544,40.080111,116.584556,35.35,42.79322979463072,10.522925359335423,20.352430311772775,-0.9209712877166347,0.9964830363084052,40.080111,1606.415297772321,0.9958005092928006,3.5931942039795284,-2181.533470123032,4359.356241532425,4102.019731564592,89.96816901465641,0.0,40.7
2021-10-25,53.2,66.2,42.6,999.9,2.8,2.8,7.8,15.578659154404397,40.080111,116.584556,35.35,46.47250317607284,10.482519513399888,20.132977695747982,-0.9141279881853337,0.9964830363084052,40.080111,1606.415297772321,0.9958005092928006,3.5931942039795284,-2181.533470123032,4359.356241532425,4102.019731564592,89.96816901465641,0.0,45.4
2021-10-26,53.3,73.4,35.6,999.9,5.7,3.7,7.8,18.6,40.080111,116.584556,35.35,46.38180830856444,10.442433390295934,19.915984089835643,-0.9070138128026362,0.9964830363084052,40.080111,1606.415297772321,0.9958005092928006,3.5931942039795284,-2181.533470123032,4359.356241532425,4102.019731564592,89.96816901465641,0.0,34.4
2021-10-27,53.9,72.5,41.0,999.9,6.6,4.4,9.7,13.6,40.080111,116.584556,35.35,46.72536931793608,10.402679625514526,19.701528965333175,-0.8996308696522434,0.9964830363084052,40.080111,1606.415297772321,0.9958005092928006,3.5931942039795284,-2181.533470123032,4359.356241532425,4102.019731564592,89.96816901465641,0.0,31.9
2021-10-28,52.4,70.3,39.2,999.9,6.3,3.2,5.8,10.9,40.080111,116.584556,35.35,45.252950419623076,10.3632710884633,19.489690434744045,-0.8919813464595487,0.9964830363084052,40.080111,1606.415297772321,0.9958005092928006,3.5931942039795284,-2181.533470123032,4359.356241532425,4102.019731564592,89.96816901465641,0.0,39.2
2021-10-29,52.2,67.3,41.0,999.9,3.8,2.9,5.8,-1.9938184216795989,40.080111,116.584556,35.35,44.91036082845986,10.324220880105713,19.280545205546616,-0.8840675099433637,0.9964830363084052,40.080111,1606.415297772321,0.9958005092928006,3.5931942039795284,-2181.533470123032,4359.356241532425,4102.019731564592,89.96816901465641,0.0,43.0
2021-10-30,57.1,69.8,43.7,999.9,4.8,5.3,15.5,23.3,40.080111,116.584556,35.35,48.94203891907946,10.285542329754001,19.07416853671098,-0.8758917051442433,0.9964830363084052,40.080111,1606.415297772321,0.9958005092928006,3.5931942039795284,-2181.533470123032,4359.356241532425,4102.019731564592,89.96816901465641,0.0,36.5
2021-10-31,53.8,68.2,42.8,999.9,6.7,4.4,11.7,15.9,40.080111,116.584556,35.35,45.94183297625413,10.247248990986053,18.870634198040296,-0.8674563547295971,0.9964830363084052,40.080111,1606.415297772321,0.9958005092928006,3.5931942039795284,-2181.533470123032,4359.356241532425,4102.019731564592,89.96816901465641,0.0,37.0
2021-11-01,47.5,63.7,42.8,999.9,6.2,2.0,3.9,-56.41627611210309,40.080111,116.584556,35.35,40.41202877010257,10.209354636657492,18.670014432405274,-0.858763958275803,0.9964830363084052,40.080111,1606.415297772321,0.9958005092928006,3.5931942039795284,-2181.533470123032,4359.356241532425,4102.019731564592,89.96816901465641,0.0,40.6
2021-11-02,49.4,55.6,41.9,999.9,3.5,2.6,5.8,0.07640225800306055,40.080111,116.584556,35.35,41.874211558106815,10.171873252981413,18.472379920931466,-0.8498170915275277,0.9964830363084052,40.080111,1606.415297772321,0.9958005092928006,3.5931942039795284,-2181.533470123032,4359.356241532425,4102.019731564592,89.96816901465641,0.0,44.7
2021-11-03,50.1,59.0,41.9,999.9,1.9,3.5,7.8,-67.18033335405701,40.080111,116.584556,35.35,42.312869461313504,10.13481903264994,18.2777997511913,-0.8406184056344783,0.9964830363084052,40.080111,1606.415297772321,0.9958005092928006,3.5931942039795284,-2181.533470123032,4359.356241532425,4102.019731564592,89.96816901465641,0.0,45.3
2021-11-04,49.5,58.1,43.9,999.9,1.4,2.9,5.8,-60.13478145431965,40.080111,116.584556,35.35,41.6551012637654,10.09820636697343,18.086341388442907,-0.8311706263658079,0.9964830363084052,40.080111,1606.415297772321,0.9958005092928006,3.5931942039795284,-2181.533470123032,4359.356241532425,4102.019731564592,89.96816901465641,0.0,45.8
2021-11-05,51.3,58.1,46.2,999.9,1.3,2.4,4.3,-1.4406958110079078,40.080111,116.584556,35.35,43.01526305324106,10.062049837015453,17.898070649949045,-0.8214765533024145,0.9964830363084052,40.080111,1606.415297772321,0.9958005092928006,3.5931942039795284,-2181.533470123032,4359.356241532425,4102.019731564592,89.96816901465641,0.0,48.4
2021-11-06,39.2,55.4,26.6,999.9,2.6,12.6,19.4,31.7,40.080111,116.584556,35.35,32.7527897320996,10.02636420370396,17.71305168239998,-0.8115390590073611,0.9964830363084052,40.080111,1606.415297772321,0.9958005092928006,3.5931942039795284,-2181.533470123032,4359.356241532425,4102.019731564592,89.96816901465641,0.0,37.0
2021-11-07,30.6,54.9,26.6,999.9,4.9,14.4,23.3,33.0,40.080111,116.584556,35.35,25.477469212099642,9.99116439690182,17.53134694245396,-0.801361088174677,0.9964830363084052,40.080111,1606.415297772321,0.9958005092928006,3.5931942039795284,-2181.533470123032,4359.356241532425,4102.019731564592,89.96816901465641,0.0,16.7
2021-11-08,38.5,45.3,26.8,999.9,6.7,14.9,23.3,29.1,40.080111,116.584556,35.35,31.943660156815536,9.956465503423024,17.35301718039937,-0.7909456567567774,0.9964830363084052,40.080111,1606.415297772321,0.9958005092928006,3.5931942039795284,-2181.533470123032,4359.356241532425,4102.019731564592,89.96816901465641,0.0,13.8
2021-11-09,46.3,52.3,30.7,999.9,6.7,12.3,19.4,33.0,40.080111,116.584556,35.35,38.28347429245534,9.922282753984105,17.178121426932226,-0.780295851070776,0.9964830363084052,40.080111,1606.415297772321,0.9958005092928006,3.5931942039795284,-2181.533470123032,4359.356241532425,4102.019731564592,89.96816901465641,0.0,21.5
2021-11-10,49.8,58.5,33.8,999.9,6.7,14.2,25.3,35.0,40.080111,116.584556,35.35,41.037820762698935,9.888631509084082,17.00671698303231,-0.7694148268839381,0.9964830363084052,40.080111,1606.415297772321,0.9958005092928006,3.5931942039795284,-2181.533470123032,4359.356241532425,4102.019731564592,89.96816901465641,0.0,18.5
2021-11-11,46.4,58.5,31.5,999.9,6.7,10.5,19.4,25.3,40.080111,116.584556,35.35,38.10803867606646,9.855527243810291,16.838859412910782,-0.7583058084785625,0.9964830363084052,40.080111,1606.415297772321,0.9958005092928006,3.5931942039795284,-2181.533470123032,4359.356241532425,4102.019731564592,89.96816901465641,0.0,16.0
2021-11-12,47.5,60.8,30.2,999.9,6.2,5.5,11.7,21.4,40.080111,116.584556,35.35,38.88265106247133,9.822985531571705,16.674602539991373,-0.7469720876965551,0.9964830363084052,40.080111,1606.415297772321,0.9958005092928006,3.5931942039795284,-2181.533470123032,4359.356241532425,4102.019731564592,89.96816901465641,0.0,22.1
2021-11-13,49.2,65.1,32.0,999.9,6.2,7.1,19.4,29.1,40.080111,116.584556,35.35,40.14319030974102,9.791022026766102,16.51399844587669,-0.7354170229639858,0.9964830363084052,40.080111,1606.415297772321,0.9958005092928006,3.5931942039795284,-2181.533470123032,4359.356241532425,4102.019731564592,89.96816901465641,0.0,21.9
2021-11-14,49.3,65.1,33.4,999.9,6.3,6.0,13.6,21.4,40.080111,116.584556,35.35,40.0959054672618,9.759652446392325,16.357097472240028,-0.7236440382959124,0.9964830363084052,40.080111,1606.415297772321,0.9958005092928006,3.5931942039795284,-2181.533470123032,4359.356241532425,4102.019731564592,89.96816901465641,0.0,22.0
2021-11-15,40.3,62.4,30.2,999.9,6.3,3.0,5.8,13.4,40.080111,116.584556,35.35,32.67286414917955,9.728892550624185,16.20394822557269,-0.711656622281775,0.9964830363084052,40.080111,1606.415297772321,0.9958005092928006,3.5931942039795284,-2181.533470123032,4359.356241532425,4102.019731564592,89.96816901465641,0.0,29.2
2021-11-16,41.0,53.6,32.0,999.9,4.4,2.9,5.8,10.5,40.080111,116.584556,35.35,33.137423584757585,9.698758122368075,16.054597584706006,-0.6994583270516471,0.9964830363084052,40.080111,1606.415297772321,0.9958005092928006,3.5931942039795284,-2181.533470123032,4359.356241532425,4102.019731564592,89.96816901465641,0.0,33.9
2021-11-17,40.0,55.8,28.4,999.9,2.3,2.5,7.8,-13.994432049199785,40.080111,116.584556,35.35,32.2308831527736,9.66926494583208,15.90909071101608,-0.6870527672236675,0.9964830363084052,40.080111,1606.415297772321,0.9958005092928006,3.5931942039795284,-2181.533470123032,4359.356241532425,4102.019731564592,89.96816901465641,0.0,35.3
2021-11-18,42.6,55.8,33.3,999.9,2.7,4.5,13.6,17.3,40.080111,116.584556,35.35,34.223522183698805,9.640428784140509,15.767471061209527,-0.6744436188329457,0.9964830363084052,40.080111,1606.415297772321,0.9958005092928006,3.5931942039795284,-2181.533470123032,4359.356241532425,4102.019731564592,89.96816901465641,0.0,31.6
2021-11-19,41.9,50.0,33.8,999.9,6.7,4.3,9.7,17.3,40.080111,116.584556,35.35,33.56282653481792,9.612265356033772,15.629780402577435,-0.661634618242279,0.9964830363084052,40.080111,1606.415297772321,0.9958005092928006,3.5931942039795284,-2181.533470123032,4359.356241532425,4102.019731564592,89.96816901465641,0.0,22.8
2021-11-20,41.1,50.0,35.6,999.9,6.2,3.3,7.8,94.96974757779194,40.080111,116.584556,35.35,32.82790681757266,9.584790311700047,15.496058830594993,-0.6486295610349818,0.9964830363084052,40.080111,1606.415297772321,0.9958005092928006,3.5931942039795284,-2181.533470123032,4359.356241532425,4102.019731564592,89.96816901465641,0.0,29.9
2021-11-21,37.7,48.0,30.2,999.9,6.0,16.4,27.2,38.9,40.080111,116.584556,35.35,30.028110344478534,9.558019207791576,15.366344788734425,-0.6354323008901775,0.9964830363084052,40.080111,1606.415297772321,0.9958005092928006,3.5931942039795284,-2181.533470123032,4359.356241532425,4102.019731564592,89.96816901465641,0.0,7.3
2021-11-22,27.6,45.7,17.6,999.9,6.7,6.0,17.5,27.2,40.080111,116.584556,35.35,21.923525207875205,9.531967481684871,15.240675090349038,-0.622046748440868,0.9964830363084052,40.080111,1606.415297772321,0.9958005092928006,3.5931942039795284,-2181.533470123032,4359.356241532425,4102.019731564592,89.96816901465641,0.0,3.6
2021-11-23,32.4,48.0,21.2,999.9,6.2,3.6,9.7,11.1,40.080111,116.584556,35.35,25.667956147637234,9.506650425050829,15.119084942477684,-0.6084768701151264,0.9964830363084052,40.080111,1606.415297772321,0.9958005092928006,3.5931942039795284,-2181.533470123032,4359.356241532425,4102.019731564592,89.96816901465641,0.0,12.9
2021-11-24,36.5,55.4,23.0,999.9,6.1,2.8,7.8,-3.537271964030424,40.080111,116.584556,35.35,28.841336268621525,9.482083156807077,15.00160797140984,-0.594726686960764,0.9964830363084052,40.080111,1606.415297772321,0.9958005092928006,3.5931942039795284,-2181.533470123032,4359.356241532425,4102.019731564592,89.96816901465641,0.0,19.2
2021-11-25,38.3,56.7,28.4,999.9,6.2,2.5,5.8,51.24535786821615,40.080111,116.584556,35.35,30.18767890073767,9.458280595531384,14.888276249843692,-0.5808002734538013,0.9964830363084052,40.080111,1606.415297772321,0.9958005092928006,3.5931942039795284,-2181.533470123032,4359.356241532425,4102.019731564592,89.96816901465641,0.0,21.8
2021-11-26,39.0,56.7,26.6,999.9,6.1,3.8,9.7,13.2,40.080111,116.584556,35.35,30.664586652118874,9.435257431421192,14.779120325462257,-0.5667017562911184,0.9964830363084052,40.080111,1606.415297772321,0.9958005092928006,3.5931942039795284,-2181.533470123032,4359.356241532425,4102.019731564592,89.96816901465641,0.0,20.4
2021-11-27,37.4,56.7,26.6,999.9,4.6,2.3,5.8,10.5,40.080111,116.584556,35.35,29.337270905091433,9.4130280978903,14.674169250745628,-0.5524353131676203,0.9964830363084052,40.080111,1606.415297772321,0.9958005092928006,3.5931942039795284,-2181.533470123032,4359.356241532425,4102.019731564592,89.96816901465641,0.0,31.9
2021-11-28,38.5,50.4,30.2,999.9,2.3,3.0,9.7,20.829376943009127,40.080111,116.584556,35.35,30.131404966802616,9.391606742899517,14.573450613831382,-0.5380051715382992,0.9964830363084052,40.080111,1606.415297772321,0.9958005092928006,3.5931942039795284,-2181.533470123032,4359.356241532425,4102.019731564592,89.96816901465641,0.0,32.8
2021-11-29,37.7,48.6,26.6,999.9,6.0,8.5,25.3,35.0,40.080111,116.584556,35.35,29.440580953721085,9.371007200123422,14.476990570230228,-0.5234156073655503,0.9964830363084052,40.080111,1606.415297772321,0.9958005092928006,3.5931942039795284,-2181.533470123032,4359.356241532425,4102.019731564592,89.96816901465641,0.0,24.1
2021-11-30,34.5,45.5,21.2,999.9,6.7,12.0,25.3,35.0,40.080111,116.584556,35.35,26.88482351017337,9.351242960060302,14.384813875199127,-0.5086709438521042,0.9964830363084052,40.080111,1606.415297772321,0.9958005092928006,3.5931942039795284,-2181.533470123032,4359.356241532425,4102.019731564592,89.96816901465641,0.0,5.0
2021-12-01,37.7,50.0,23.0,999.9,6.3,5.6,11.7,17.5,40.080111,116.584556,35.35,29.319061101926714,9.332327141196831,14.296943916571095,-0.49377555015997737,0.9964830363084052,40.080111,1606.415297772321,0.9958005092928006,3.5931942039795284,-2181.533470123032,4359.356241532425,4102.019731564592,89.96816901465641,0.0,12.0
2021-12-02,43.8,56.1,27.3,999.9,6.2,10.7,19.4,25.3,40.080111,116.584556,35.35,33.99709448390127,9.314272461342815,14.213402747838034,-0.4787338401157883,0.9964830363084052,40.080111,1606.415297772321,0.9958005092928006,3.5931942039795284,-2181.533470123032,4359.356241532425,4102.019731564592,89.96816901465641,0.0,11.5
2021-12-03,41.8,56.1,24.8,999.9,6.3,5.4,13.6,23.3,40.080111,116.584556,35.35,32.38486771223708,9.297091209254665,14.134211121281554,-0.4635502709028512,0.9964830363084052,40.080111,1606.415297772321,0.9958005092928006,3.5931942039795284,-2181.533470123032,4359.356241532425,4102.019731564592,89.96816901465641,0.0,16.0
2021-12-04,36.3,57.0,23.0,999.9,6.1,2.1,4.1,40.218777580046876,40.080111,116.584556,35.35,28.074405530423014,9.280795216668766,14.059388520946385,-0.4482293417404106,0.9964830363084052,40.080111,1606.415297772321,0.9958005092928006,3.5931942039795284,-2181.533470123032,4359.356241532425,4102.019731564592,89.96816901465641,0.0,20.7
2021-12-05,38.6,57.0,26.6,999.9,5.1,3.5,11.7,24.3,40.080111,116.584556,35.35,29.80368992262424,9.26539583086764,13.988953195251337,-0.4327755925504317,0.9964830363084052,40.080111,1606.415297772321,0.9958005092928006,3.5931942039795284,-2181.533470123032,4359.356241532425,4102.019731564592,89.96816901465641,0.0,27.6
2021-12-06,38.3,54.1,23.0,999.9,6.7,4.7,9.7,24.3,40.080111,116.584556,35.35,29.525801575556795,9.250903887902913,13.922922189034896,-0.41719360261231697,0.9964830363084052,40.080111,1606.415297772321,0.9958005092928006,3.5931942039795284,-2181.533470123032,4359.356241532425,4102.019731564592,89.96816901465641,0.0,17.1
2021-12-07,33.7,54.1,23.0,999.9,6.3,2.3,3.9,-26.404596499138783,40.080111,116.584556,35.35,25.941500869865838,9.23732968659911,13.86131137483493,-0.4014879892059737,0.9964830363084052,40.080111,1606.415297772321,0.9958005092928006,3.5931942039795284,-2181.533470123032,4359.356241532425,4102.019731564592,89.96816901465641,0.0,19.7
2021-12-08,36.9,50.5,27.7,999.9,5.1,2.5,4.5,98.6287998913406,40.080111,116.584556,35.35,28.365900112644518,9.224682963461632,13.80413548320657,-0.38566340624360745,0.9964830363084052,40.080111,1606.415297772321,0.9958005092928006,3.5931942039795284,-2181.533470123032,4359.356241532425,4102.019731564592,89.96816901465641,0.0,28.1
2021-12-09,34.7,45.7,26.6,999.9,1.4,2.4,5.8,16.29910225628983,40.080111,116.584556,35.35,26.640846545065596,9.21297286861058,13.751408131886995,-0.3697245428906732,0.9964830363084052,40.080111,1606.415297772321,0.9958005092928006,3.5931942039795284,-2181.533470123032,4359.356241532425,4102.019731564592,89.96816901465641,0.0,33.5
2021-12-10,35.8,49.6,26.6,999.9,5.6,3.5,9.7,11.1,40.080111,116.584556,35.35,27.45325369619755,9.202207942859514,13.703141853622688,-0.3536761221763721,0.9964830363084052,40.080111,1606.415297772321,0.9958005092928006,3.5931942039795284,-2181.533470123032,4359.356241532425,4102.019731564592,89.96816901465641,0.0,25.6
2021-12-11,39.5,52.9,28.4,999.9,6.0,12.4,21.4,29.1,40.080111,116.584556,35.35,30.258303816180014,9.192396096054688,13.659348122481685,-0.33752289959411347,0.9964830363084052,40.080111,1606.415297772321,0.9958005092928006,3.5931942039795284,-2181.533470123032,4359.356241532425,4102.019731564592,89.96816901465641,0.0,11.9
2021-12-12,28.8,52.9,14.0,999.9,6.7,7.7,17.5,22.9,40.080111,116.584556,35.35,22.040507008286,9.183544586785834,13.620037378482502,-0.32126966169236515,0.9964830363084052,40.080111,1606.415297772321,0.9958005092928006,3.5931942039795284,-2181.533470123032,4359.356241532425,4102.019731564592,89.96816901465641,0.0,1.6
2021-12-13,28.0,39.7,17.6,999.9,6.3,2.8,7.8,10.7,40.080111,116.584556,35.35,21.409873341673066,9.17566000357417,13.585219050380543,-0.3049212246562894,0.9964830363084052,40.080111,1606.415297772321,0.9958005092928006,3.5931942039795284,-2181.533470123032,4359.356241532425,4102.019731564592,89.96816901465641,0.0,13.1
2021-12-14,29.5,46.4,19.4,999.9,6.1,3.0,9.7,70.08323083109455,40.080111,116.584556,35.35,22.53983944210765,9.168748247637009,13.55490157646403,-0.2884824328806098,0.9964830363084052,40.080111,1606.415297772321,0.9958005092928006,3.5931942039795284,-2181.533470123032,4359.356241532425,4102.019731564592,89.96816901465641,0.0,18.1
2021-12-15,29.6,44.4,21.2,999.9,5.5,3.7,13.6,15.0,40.080111,116.584556,35.35,22.601609142725557,9.162814517321172,13.529092423222686,-0.27195815753410524,0.9964830363084052,40.080111,1606.415297772321,0.9958005092928006,3.5931942039795284,-2181.533470123032,4359.356241532425,4102.019731564592,89.96816901465641,0.0,19.9
2021-12-16,30.9,41.4,17.6,999.9,6.4,13.0,27.2,36.9,40.080111,116.584556,35.35,23.581497982795298,9.157863294289436,13.507798101765427,-0.2553532951161881,0.9964830363084052,40.080111,1606.415297772321,0.9958005092928006,3.5931942039795284,-2181.533470123032,4359.356241532425,4102.019731564592,89.96816901465641,0.0,-1.5
2021-12-17,21.6,39.7,10.4,999.9,6.7,6.7,15.5,26.8,40.080111,116.584556,35.35,16.477016996763933,9.153898331535517,13.491024181876504,-0.23867276600594997,0.9964830363084052,40.080111,1606.415297772321,0.9958005092928006,3.5931942039795284,-2181.533470123032,4359.356241532425,4102.019731564592,89.96816901465641,0.0,-4.4
2021-12-18,26.5,42.6,14.0,999.9,6.3,5.6,21.4,10.225340074705318,40.080111,116.584556,35.35,20.208287503940053,9.150922643293608,13.478775303613823,-0.22192151300416674,0.9964830363084052,40.080111,1606.415297772321,0.9958005092928006,3.5931942039795284,-2181.533470123032,4359.356241532425,4102.019731564592,89.96816901465641,0.0,4.3
2021-12-19,30.8,48.6,15.8,999.9,6.1,2.6,7.8,-57.89255175843846,40.080111,116.584556,35.35,23.482275475372884,9.148938496898525,13.471055186368098,-0.20510449986861926,0.9964830363084052,40.080111,1606.415297772321,0.9958005092928006,3.5931942039795284,-2181.533470123032,4359.356241532425,4102.019731564592,89.96816901465641,0.0,13.6
2021-12-20,38.7,57.2,23.0,999.9,6.1,5.8,15.5,25.3,40.080111,116.584556,35.35,29.502130386420173,9.147947406641913,13.46786663531688,-0.1882267098432439,0.9964830363084052,40.080111,1606.415297772321,0.9958005092928006,3.5931942039795284,-2181.533470123032,4359.356241532425,4102.019731564592,89.96816901465641,0.0,13.7
2021-12-21,36.8,55.8,23.0,999.9,6.3,4.8,9.7,15.5,40.080111,116.584556,35.35,28.05371373095411,9.14795012965895,13.469211545223475,-0.1712931441814778,0.9964830363084052,40.080111,1606.415297772321,0.9958005092928006,3.5931942039795284,-2181.533470123032,4359.356241532425,4102.019731564592,89.96816901465641,0.0,21.7
2021-12-22,32.5,46.6,24.8,999.9,6.6,3.5,5.8,14.6,40.080111,116.584556,35.35,24.778397214644485,9.148946663868733,13.475090901546984,-0.154308820664281,0.9964830363084052,40.080111,1606.415297772321,0.9958005092928006,3.5931942039795284,-2181.533470123032,4359.356241532425,4102.019731564592,89.96816901465641,0.0,19.9
2021-12-23,26.2,42.6,17.6,999.9,6.3,5.2,13.6,21.0,40.080111,116.584556,35.35,19.97954414142288,9.150936247979946,13.485504778846373,-0.13727877211326517,0.9964830363084052,40.080111,1606.415297772321,0.9958005092928006,3.5931942039795284,-2181.533470123032,4359.356241532425,4102.019731564592,89.96816901465641,0.0,8.9
2021-12-24,18.1,29.8,12.2,999.9,6.7,9.2,17.5,21.4,40.080111,116.584556,35.35,13.80715869003899,9.153917363561762,13.500452336478007,-0.12020804489935275,0.9964830363084052,40.080111,1606.415297772321,0.9958005092928006,3.5931942039795284,-2181.533470123032,4359.356241532425,4102.019731564592,89.96816901465641,0.0,-11.6
2021-12-25,18.3,24.6,12.2,999.9,6.7,12.2,17.5,23.3,40.080111,116.584556,35.35,13.96577880223172,9.15788773916834,13.51993181160284,-0.10310169744743544,0.9964830363084052,40.080111,1606.415297772321,0.9958005092928006,3.5931942039795284,-2181.533470123032,4359.356241532425,4102.019731564592,89.96816901465641,0.0,-14.6
2021-12-26,19.7,32.0,6.8,999.9,6.7,6.5,17.5,27.2,40.080111,116.584556,35.35,15.04233615191042,9.162844356493657,13.543940509536132,-0.0859647987374467,0.9964830363084052,40.080111,1606.415297772321,0.9958005092928006,3.5931942039795284,-2181.533470123032,4359.356241532425,4102.019731564592,89.96816901465641,0.0,-5.2
2021-12-27,24.1,46.4,8.6,999.9,6.1,3.2,5.8,37.28173761922803,40.080111,116.584556,35.35,18.413973445865427,9.168783458522203,13.572474791488789,-0.06880242680232064,0.9964830363084052,40.080111,1606.415297772321,0.9958005092928006,3.5931942039795284,-2181.533470123032,4359.356241532425,4102.019731564592,89.96816901465641,0.0,3.8
2021-12-28,30.7,43.2,14.0,999.9,6.1,6.0,19.4,21.6,40.080111,116.584556,35.35,23.47450059838661,9.175700559629945,13.605530059765634,-0.05161966722325418,0.9964830363084052,40.080111,1606.415297772321,0.9958005092928006,3.5931942039795284,-2181.533470123032,4359.356241532425,4102.019731564592,89.96816901465641,0.0,3.4
2021-12-29,29.7,43.2,15.8,999.9,6.7,7.6,17.5,25.3,40.080111,116.584556,35.35,22.729386382509496,9.183590457579594,13.643100740501477,-0.034421611622745804,0.9964830363084052,40.080111,1606.415297772321,0.9958005092928006,3.5931942039795284,-2181.533470123032,4359.356241532425,4102.019731564592,89.96816901465641,0.0,2.2
2021-12-30,28.9,44.6,12.2,999.9,6.7,4.3,13.6,26.4,40.080111,116.584556,35.35,22.13847712068669,9.192447247343955,13.685180264030954,-0.01721335615583528,0.9964830363084052,40.080111,1606.415297772321,0.9958005092928006,3.5931942039795284,-2181.533470123032,4359.356241532425,4102.019731564592,89.96816901465641,0.0,2.4
2021-12-31,25.1,44.2,14.0,999.9,6.3,2.4,5.8,-124.39110730737187,40.080111,116.584556,35.35,19.248069570892962,9.202264336681894,13.731761043002553,6.432490598706546e-16,0.9964830363084052,40.080111,1606.415297772321,0.9958005092928006,3.5931942039795284,-2181.533470123032,4359.356241532425,4102.019731564592,89.96816901465641,0.0,8.3
2022-01-01,28.6,46.9,10.4,999.9,6.0,7.8,19.4,23.1,40.080111,116.584556,35.35,21.95773213772863,9.213034463382641,13.78283444836103,0.017213356155834685,0.9964830363084052,40.080111,1606.415297772321,0.9958005092928006,3.5931942039795284,-2181.533470123032,4359.356241532425,4102.019731564592,89.96816901465641,0.0,5.0
2022-01-02,25.0,46.9,12.2,999.9,6.2,3.7,9.7,19.4,40.080111,116.584556,35.35,19.218228571012773,9.224749714086132,13.838390783335127,0.03442161162274574,0.9964830363084052,40.080111,1606.415297772321,0.9958005092928006,3.5931942039795284,-2181.533470123032,4359.356241532425,4102.019731564592,89.96816901465641,0.0,4.9
2022-01-03,25.9,43.7,12.2,999.9,6.1,3.6,7.8,10.3,40.080111,116.584556,35.35,19.937391667051934,9.237401544580047,13.898419255579952,0.051619667223253764,0.9964830363084052,40.080111,1606.415297772321,0.9958005092928006,3.5931942039795284,-2181.533470123032,4359.356241532425,4102.019731564592,89.96816901465641,0.0,6.5
2022-01-04,25.6,43.7,14.0,999.9,6.3,2.9,5.8,8.203304627548695,40.080111,116.584556,35.35,19.735425709797948,9.250980801467787,13.962907947633797,0.06880242680231986,0.9964830363084052,40.080111,1606.415297772321,0.9958005092928006,3.5931942039795284,-2181.533470123032,4359.356241532425,4102.019731564592,89.96816901465641,0.0,14.5
2022-01-05,26.2,39.0,17.6,999.9,6.1,4.0,7.8,-34.943772936585034,40.080111,116.584556,35.35,20.229626410126926,9.265477745096302,14.031843785859946,0.08596479873744647,0.9964830363084052,40.080111,1606.415297772321,0.9958005092928006,3.5931942039795284,-2181.533470123032,4359.356241532425,4102.019731564592,89.96816901465641,0.0,18.2
2022-01-06,27.7,43.7,15.8,999.9,5.8,2.9,5.8,29.963305209616102,40.080111,116.584556,35.35,21.42336945329182,9.280882073628225,14.105212508052281,0.10310169744743485,0.9964830363084052,40.080111,1606.415297772321,0.9958005092928006,3.5931942039795284,-2181.533470123032,4359.356241532425,4102.019731564592,89.96816901465641,0.0,15.3
2022-01-07,26.6,43.7,17.6,999.9,5.6,3.2,9.7,130.95567315674327,40.080111,116.584556,35.35,20.608755535041833,9.297182948139174,14.18299862989209,0.1202080448993527,0.9964830363084052,40.080111,1606.415297772321,0.9958005092928006,3.5931942039795284,-2181.533470123032,4359.356241532425,4102.019731564592,89.96816901465641,0.0,16.7
2022-01-08,34.0,49.3,20.5,999.9,5.7,3.4,7.8,17.9,40.080111,116.584556,35.35,26.39071221941926,9.314369018618562,14.26518541044956,0.13727877211326478,0.9964830363084052,40.080111,1606.415297772321,0.9958005092928006,3.5931942039795284,-2181.533470123032,4359.356241532425,4102.019731564592,89.96816901465641,0.0,15.9
2022-01-09,29.3,49.3,20.8,999.9,6.3,3.0,5.8,10.7,40.080111,116.584556,35.35,22.78667946724938,9.3324284507506,14.351754816929544,0.15430882066428117,0.9964830363084052,40.080111,1606.415297772321,0.9958005092928006,3.5931942039795284,-2181.533470123032,4359.356241532425,4102.019731564592,89.96816901465641,0.0,24.1
2022-01-10,26.9,36.3,15.8,999.9,6.2,7.6,19.4,25.3,40.080111,116.584556,35.35,20.96260723709596,9.351348953351357,14.442687488865367,0.1712931441814776,0.9964830363084052,40.080111,1606.415297772321,0.9958005092928006,3.5931942039795284,-2181.533470123032,4359.356241532425,4102.019731564592,89.96816901465641,0.0,-2.7
2022-01-11,22.3,36.3,14.0,999.9,6.7,3.4,7.8,12.0,40.080111,116.584556,35.35,17.414660590111417,9.371117806337983,14.537962701967793,0.1882267098432442,0.9964830363084052,40.080111,1606.415297772321,0.9958005092928006,3.5931942039795284,-2181.533470123032,4359.356241532425,4102.019731564592,89.96816901465641,0.0,1.3
2022-01-12,28.0,37.0,16.7,999.9,6.4,10.8,27.2,36.9,40.080111,116.584556,35.35,21.914017741250042,9.39172188910716,14.637558331838472,0.2051044998686192,0.9964830363084052,40.080111,1606.415297772321,0.9958005092928006,3.5931942039795284,-2181.533470123032,4359.356241532425,4102.019731564592,89.96816901465641,0.0,1.0
2022-01-13,25.7,39.2,10.4,999.9,6.3,4.2,7.8,18.3,40.080111,116.584556,35.35,20.15982467720671,9.413147709201578,14.741450817758055,0.2219215130041655,0.9964830363084052,40.080111,1606.415297772321,0.9958005092928006,3.5931942039795284,-2181.533470123032,4359.356241532425,4102.019731564592,89.96816901465641,0.0,1.7
2022-01-14,24.1,39.0,12.2,999.9,5.2,3.0,11.7,13.309133121419503,40.080111,116.584556,35.35,18.94939104088468,9.435381431145899,14.849615126759371,0.2386727660059501,0.9964830363084052,40.080111,1606.415297772321,0.9958005092928006,3.5931942039795284,-2181.533470123032,4359.356241532425,4102.019731564592,89.96816901465641,0.0,13.5
2022-01-15,27.5,39.2,14.0,999.9,5.9,7.8,19.4,28.0,40.080111,116.584556,35.35,21.67552040806348,9.45840890533679,14.962024718194366,0.255353295116187,0.9964830363084052,40.080111,1606.415297772321,0.9958005092928006,3.5931942039795284,-2181.533470123032,4359.356241532425,4102.019731564592,89.96816901465641,0.0,1.3
2022-01-16,22.1,38.5,12.2,999.9,6.2,3.4,13.6,17.7,40.080111,116.584556,35.35,17.463080575079147,9.482215696875555,15.0786515090021,0.2719581575341055,0.9964830363084052,40.080111,1606.415297772321,0.9958005092928006,3.5931942039795284,-2181.533470123032,4359.356241532425,4102.019731564592,89.96816901465641,0.0,2.9
2022-01-17,28.3,42.8,10.4,999.9,6.5,5.4,11.7,11.8,40.080111,116.584556,35.35,22.420172944407277,9.506787114236301,15.199465839881087,0.288482432880609,0.9964830363084052,40.080111,1606.415297772321,0.9958005092928006,3.5931942039795284,-2181.533470123032,4359.356241532425,4102.019731564592,89.96816901465641,0.0,1.2
2022-01-18,25.5,42.8,12.2,999.9,6.0,2.6,5.8,13.0,40.080111,116.584556,35.35,20.255730005043485,9.532108237667522,15.324436442565856,0.30492122465628907,0.9964830363084052,40.080111,1606.415297772321,0.9958005092928006,3.5931942039795284,-2181.533470123032,4359.356241532425,4102.019731564592,89.96816901465641,0.0,13.4
2022-01-19,25.7,36.9,18.3,999.9,6.1,5.5,9.7,13.0,40.080111,116.584556,35.35,20.470401120318282,9.558163947230327,15.453530408402132,0.3212696616923644,0.9964830363084052,40.080111,1606.415297772321,0.9958005092928006,3.5931942039795284,-2181.533470123032,4359.356241532425,4102.019731564592,89.96816901465641,0.0,11.1
2022-01-20,25.5,29.7,19.4,999.9,5.9,3.8,5.8,12.4,40.080111,116.584556,35.35,20.36799526956237,9.584938950382293,15.586713158409571,0.3375228995941133,0.9964830363084052,40.080111,1606.415297772321,0.9958005092928006,3.5931942039795284,-2181.533470123032,4359.356241532425,4102.019731564592,89.96816901465641,0.0,15.2
2022-01-21,24.7,28.9,22.5,999.9,3.9,3.0,5.8,10.9,40.080111,116.584556,35.35,19.785559990236862,9.612417809021958,15.7239484150142,0.3536761221763716,0.9964830363084052,40.080111,1606.415297772321,0.9958005092928006,3.5931942039795284,-2181.533470123032,4359.356241532425,4102.019731564592,89.96816901465641,0.0,18.5
2022-01-22,25.8,30.2,20.5,999.9,2.7,1.5,3.9,59.987172304012994,40.080111,116.584556,35.35,20.727257676717482,9.640584965915107,15.865198175625505,0.3697245428906731,0.9964830363084052,40.080111,1606.415297772321,0.9958005092928006,3.5931942039795284,-2181.533470123032,4359.356241532425,4102.019731564592,89.96816901465641,0.0,21.8
2022-01-23,28.7,32.2,20.5,999.9,2.0,2.4,5.8,12.57568040539391,40.080111,116.584556,35.35,23.126040909279826,9.66942477043059,16.010422688225255,0.38566340624360707,0.9964830363084052,40.080111,1606.415297772321,0.9958005092928006,3.5931942039795284,-2181.533470123032,4359.356241532425,4102.019731564592,89.96816901465641,0.0,24.7
2022-01-24,31.1,33.8,26.6,999.9,1.6,2.9,5.8,10.972838597584637,40.080111,116.584556,35.35,25.136371563288627,9.698921503519728,16.15958042912655,0.401487989205973,0.9964830363084052,40.080111,1606.415297772321,0.9958005092928006,3.5931942039795284,-2181.533470123032,4359.356241532425,4102.019731564592,89.96816901465641,0.0,25.8
2022-01-25,32.5,43.0,21.2,999.9,5.3,7.9,13.6,23.3,40.080111,116.584556,35.35,26.349535880091732,9.729059401880024,16.312628083052655,0.4171936026123168,0.9964830363084052,40.080111,1606.415297772321,0.9958005092928006,3.5931942039795284,-2181.533470123032,4359.356241532425,4102.019731564592,89.96816901465641,0.0,11.3
2022-01-26,28.2,43.0,21.2,999.9,6.6,5.8,9.7,14.8,40.080111,116.584556,35.35,22.9355833009384,9.759822681250384,16.46952052567572,0.4327755925504312,0.9964830363084052,40.080111,1606.415297772321,0.9958005092928006,3.5931942039795284,-2181.533470123032,4359.356241532425,4102.019731564592,89.96816901465641,0.0,5.8
2022-01-27,26.8,38.5,17.6,999.9,6.7,5.1,9.7,16.5,40.080111,116.584556,35.35,21.8670034146343,9.791195558791477,16.630210808745577,0.4482293417404106,0.9964830363084052,40.080111,1606.415297772321,0.9958005092928006,3.5931942039795284,-2181.533470123032,4359.356241532425,4102.019731564592,89.96816901465641,0.0,3.7
2022-01-28,26.8,38.5,17.6,999.9,6.7,4.0,7.8,16.5,40.080111,116.584556,35.35,21.9383957464085,9.823162274511269,16.794650147928657,0.4635502709028509,0.9964830363084052,40.080111,1606.415297772321,0.9958005092928006,3.5931942039795284,-2181.533470123032,4359.356241532425,4102.019731564592,89.96816901465641,0.0,2.3
2022-01-29,25.4,40.8,14.0,999.9,6.6,2.8,9.7,10.9,40.080111,116.584556,35.35,20.8612467197691,9.855707111701937,16.962787913466684,0.47873384011578846,0.9964830363084052,40.080111,1606.415297772321,0.9958005092928006,3.5931942039795284,-2181.533470123032,4359.356241532425,4102.019731564592,89.96816901465641,0.0,5.2
2022-01-30,29.2,40.8,14.0,999.9,4.3,5.1,13.6,22.0,40.080111,116.584556,35.35,24.06278174647678,9.88881441636032,17.134571623754038,0.49377555015997715,0.9964830363084052,40.080111,1606.415297772321,0.9958005092928006,3.5931942039795284,-2181.533470123032,4359.356241532425,4102.019731564592,89.96816901465641,0.0,16.0
2022-01-31,25.6,37.9,14.0,999.9,6.7,12.9,23.3,33.0,40.080111,116.584556,35.35,21.16793304654915,9.922468615569915,17.309946941921726,0.5086709438521044,0.9964830363084052,40.080111,1606.415297772321,0.9958005092928006,3.5931942039795284,-2181.533470123032,4359.356241532425,4102.019731564592,89.96816901465641,0.0,-0.3
2022-02-01,22.8,36.5,10.4,999.9,6.7,4.1,9.7,20.8,40.080111,116.584556,35.35,18.917643046173016,9.956654234827903,17.488857675505308,0.5234156073655503,0.9964830363084052,40.080111,1606.415297772321,0.9958005092928006,3.5931942039795284,-2181.533470123032,4359.356241532425,4102.019731564592,89.96816901465641,0.0,0.6
2022-02-02,26.0,41.0,12.2,999.9,6.5,3.9,9.7,19.4,40.080111,116.584556,35.35,21.64793781432956,9.99135591430595,17.671245779262645,0.5380051715382996,0.9964830363084052,40.080111,1606.415297772321,0.9958005092928006,3.5931942039795284,-2181.533470123032,4359.356241532425,4102.019731564592,89.96816901465641,0.0,0.5
2022-02-03,27.5,40.3,15.4,999.9,6.5,6.9,15.5,20.6,40.080111,116.584556,35.35,22.97752972175494,10.02655842403852,17.85705136119657,0.5524353131676196,0.9964830363084052,40.080111,1606.415297772321,0.9958005092928006,3.5931942039795284,-2181.533470123032,4359.356241532425,4102.019731564592,89.96816901465641,0.0,-1.8
2022-02-04,25.2,37.8,17.6,999.9,6.7,12.1,19.4,25.3,40.080111,116.584556,35.35,21.130718023877737,10.062246678037017,18.046212691826472,0.5667017562911176,0.9964830363084052,40.080111,1606.415297772321,0.9958005092928006,3.5931942039795284,-2181.533470123032,4359.356241532425,4102.019731564592,89.96816901465641,0.0,-5.1
2022-02-05,32.5,39.2,19.6,999.9,6.7,11.0,17.5,108.65230509896955,40.080111,116.584556,35.35,27.349848899025567,10.098405747332517,18.23866621674163,0.5808002734538009,0.9964830363084052,40.080111,1606.415297772321,0.9958005092928006,3.5931942039795284,-2181.533470123032,4359.356241532425,4102.019731564592,89.96816901465641,0.0,-2.7
2022-02-06,29.9,43.0,17.6,999.9,7.2,5.3,11.7,16.5,40.080111,116.584556,35.35,25.253093672618157,10.135020871953776,18.43434657245861,0.5947266869607634,0.9964830363084052,40.080111,1606.415297772321,0.9958005092928006,3.5931942039795284,-2181.533470123032,4359.356241532425,4102.019731564592,89.96816901465641,0.0,2.5
2022-02-07,27.4,43.9,15.8,999.9,6.7,3.7,7.8,10.1,40.080111,116.584556,35.35,23.22624356072628,10.172077471850926,18.63318660559378,0.6084768701151261,0.9964830363084052,40.080111,1606.415297772321,0.9958005092928006,3.5931942039795284,-2181.533470123032,4359.356241532425,4102.019731564592,89.96816901465641,0.0,3.2
2022-02-08,30.6,47.5,15.8,999.9,6.5,3.6,7.8,10.5,40.080111,116.584556,35.35,26.034380949785575,10.209561156778657,18.83511739535171,0.6220467484408675,0.9964830363084052,40.080111,1606.415297772321,0.9958005092928006,3.5931942039795284,-2181.533470123032,4359.356241532425,4102.019731564592,89.96816901465641,0.0,4.3
2022-02-09,29.6,47.5,15.8,999.9,6.3,3.1,5.8,80.76144389080558,40.080111,116.584556,35.35,25.277062413384034,10.24745773515569,19.040068279319666,0.6354323008901774,0.9964830363084052,40.080111,1606.415297772321,0.9958005092928006,3.5931942039795284,-2181.533470123032,4359.356241532425,4102.019731564592,89.96816901465641,0.0,10.8
2022-02-10,33.1,50.5,19.4,999.9,6.0,3.9,9.7,13.6,40.080111,116.584556,35.35,28.37153597046297,10.285753221920109,19.247966882548155,0.6486295610349814,0.9964830363084052,40.080111,1606.415297772321,0.9958005092928006,3.5931942039795284,-2181.533470123032,4359.356241532425,4102.019731564592,89.96816901465641,0.0,12.0
2022-02-11,36.2,50.5,23.0,999.9,6.1,5.3,11.7,21.4,40.080111,116.584556,35.35,31.145375433630885,10.324433845402503,19.458739149887414,0.6616346182422783,0.9964830363084052,40.080111,1606.415297772321,0.9958005092928006,3.5931942039795284,-2181.533470123032,4359.356241532425,4102.019731564592,89.96816901465641,0.0,10.9
2022-02-12,28.2,48.0,21.2,999.9,6.1,2.9,5.2,18.6,40.080111,116.584556,35.35,24.35419222511643,10.363486053241035,19.67230938154009,0.6744436188329455,0.9964830363084052,40.080111,1606.415297772321,0.9958005092928006,3.5931942039795284,-2181.533470123032,4359.356241532425,4102.019731564592,89.96816901465641,0.0,15.2
2022-02-13,21.2,33.8,10.4,999.9,2.8,5.8,15.5,67.6151616864904,40.080111,116.584556,35.35,18.37845051401033,10.402896517364338,19.88860027178076,0.6870527672236669,0.9964830363084052,40.080111,1606.415297772321,0.9958005092928006,3.5931942039795284,-2181.533470123032,4359.356241532425,4102.019731564592,89.96816901465641,0.0,16.0
2022-02-14,20.5,29.1,11.7,999.9,6.5,8.6,13.6,23.3,40.080111,116.584556,35.35,17.839530735869165,10.442652138069755,20.107532950783654,0.699458327051647,0.9964830363084052,40.080111,1606.415297772321,0.9958005092928006,3.5931942039795284,-2181.533470123032,4359.356241532425,4102.019731564592,89.96816901465641,0.0,-0.0
2022-02-15,18.5,29.1,10.4,999.9,6.7,4.7,9.7,15.5,40.080111,116.584556,35.35,16.160890906139567,10.482740047225667,20.32902702949127,0.7116566222817746,0.9964830363084052,40.080111,1606.415297772321,0.9958005092928006,3.5931942039795284,-2181.533470123032,4359.356241532425,4102.019731564592,89.96816901465641,0.0,-3.3
2022-02-16,19.6,32.0,6.8,999.9,6.7,3.6,5.8,15.0,40.080111,116.584556,35.35,17.187807764025372,10.523147610627777,20.55300064744766,0.7236440382959124,0.9964830363084052,40.080111,1606.415297772321,0.9958005092928006,3.5931942039795284,-2181.533470123032,4359.356241532425,4102.019731564592,89.96816901465641,0.0,1.0
2022-02-17,23.1,32.0,15.4,999.9,6.0,4.3,11.7,-12.063129515970342,40.080111,116.584556,35.35,20.33543517686447,10.563862429539983,20.779370523512146,0.7354170229639855,0.9964830363084052,40.080111,1606.415297772321,0.9958005092928006,3.5931942039795284,-2181.533470123032,4359.356241532425,4102.019731564592,89.96816901465641,0.0,11.4
2022-02-18,27.9,39.4,17.2,999.9,6.1,10.4,23.3,33.0,40.080111,116.584556,35.35,24.656328193873836,10.604872341451113,21.00805200936111,0.7469720876965552,0.9964830363084052,40.080111,1606.415297772321,0.9958005092928006,3.5931942039795284,-2181.533470123032,4359.356241532425,4102.019731564592,89.96816901465641,0.0,4.1
2022-02-19,24.0,39.4,8.6,999.9,6.7,7.9,15.5,29.483292588322254,40.080111,116.584556,35.35,21.292330840158346,10.646165420079173,21.238959145678027,0.7583058084785624,0.9964830363084052,40.080111,1606.415297772321,0.9958005092928006,3.5931942039795284,-2181.533470123032,4359.356241532425,4102.019731564592,89.96816901465641,0.0,-1.3
2022-02-20,29.1,41.0,12.2,999.9,6.2,8.8,23.3,-10.577699501918431,40.080111,116.584556,35.35,25.917745188538344,10.687729974654987,21.472004720924595,0.7694148268839378,0.9964830363084052,40.080111,1606.415297772321,0.9958005092928006,3.5931942039795284,-2181.533470123032,4359.356241532425,4102.019731564592,89.96816901465641,0.0,-1.2
2022-02-21,29.1,40.8,12.2,999.9,6.5,9.7,19.4,27.2,40.080111,116.584556,35.35,26.019169780154183,10.729554548517187,21.707100332579078,0.7802958510707755,0.9964830363084052,40.080111,1606.415297772321,0.9958005092928006,3.5931942039795284,-2181.533470123032,4359.356241532425,4102.019731564592,89.96816901465641,0.0,-1.0
2022-02-22,25.7,40.8,12.2,999.9,6.5,5.6,13.6,12.781984034445228,40.080111,116.584556,35.35,23.0692364556829,10.771627917050381,21.944156450721263,0.7909456567567772,0.9964830363084052,40.080111,1606.415297772321,0.9958005092928006,3.5931942039795284,-2181.533470123032,4359.356241532425,4102.019731564592,89.96816901465641,0.0,1.6
2022-02-23,30.3,45.0,15.8,999.9,6.3,4.0,7.8,11.840047305952377,40.080111,116.584556,35.35,27.30519618962011,10.813939084998063,22.183082483837673,0.8013610881746766,0.9964830363084052,40.080111,1606.415297772321,0.9958005092928006,3.5931942039795284,-2181.533470123032,4359.356241532425,4102.019731564592,89.96816901465641,0.0,5.8
2022-02-24,32.9,52.2,20.5,999.9,6.3,2.5,5.8,65.8748508535459,40.080111,116.584556,35.35,29.764841884722852,10.856477283181588,22.423786846714655,0.8115390590073611,0.9964830363084052,40.080111,1606.415297772321,0.9958005092928006,3.5931942039795284,-2181.533470123032,4359.356241532425,4102.019731564592,89.96816901465641,0.0,9.6
2022-02-25,43.1,57.2,25.7,999.9,5.7,6.7,19.4,98.6957427895595,40.080111,116.584556,35.35,39.14640813972245,10.899231964655904,22.66617703028179,0.8214765533024142,0.9964830363084052,40.080111,1606.415297772321,0.9958005092928006,3.5931942039795284,-2181.533470123032,4359.356241532425,4102.019731564592,89.96816901465641,0.0,13.8
2022-02-26,38.9,57.2,21.2,999.9,6.7,7.6,15.5,11.469324377187503,40.080111,116.584556,35.35,35.470941661077184,10.942192800332295,22.910159673263163,0.8311706263658079,0.9964830363084052,40.080111,1606.415297772321,0.9958005092928006,3.5931942039795284,-2181.533470123032,4359.356241532425,4102.019731564592,89.96816901465641,0.0,5.0
2022-02-27,43.9,61.2,28.6,999.9,6.2,3.2,7.8,-103.84194241957182,40.080111,116.584556,35.35,40.18807089107421,10.985349674097735,23.15564063548959,0.8406184056344782,0.9964830363084052,40.080111,1606.415297772321,0.9958005092928006,3.5931942039795284,-2181.533470123032,4359.356241532425,4102.019731564592,89.96816901465641,0.0,12.1
2022-02-28,44.7,61.2,28.4,999.9,6.1,9.6,17.5,27.2,40.080111,116.584556,35.35,41.08188022353724,11.028692677459661,23.40252507272061,0.8498170915275278,0.9964830363084052,40.080111,1606.415297772321,0.9958005092928006,3.5931942039795284,-2181.533470123032,4359.356241532425,4102.019731564592,89.96816901465641,0.0,15.1
2022-03-01,41.3,57.0,23.0,999.9,6.7,8.0,17.5,23.3,40.080111,116.584556,35.35,38.106863323720084,11.072212103744336,23.65071751282164,0.8587639582758029,0.9964830363084052,40.080111,1606.415297772321,0.9958005092928006,3.5931942039795284,-2181.533470123032,4359.356241532425,4102.019731564592,89.96816901465641,0.0,7.0
2022-03-02,46.1,61.9,26.6,999.9,6.2,6.4,15.5,23.3,40.080111,116.584556,35.35,42.70357651420718,11.115898441876055,23.900121933138283,0.8674563547295969,0.9964830363084052,40.080111,1606.415297772321,0.9958005092928006,3.5931942039795284,-2181.533470123032,4359.356241532425,4102.019731564592,89.96816901465641,0.0,7.4
2022-03-03,39.6,61.9,30.2,999.9,6.3,3.4,7.8,13.6,40.080111,116.584556,35.35,36.82714982022012,11.159742369763674,24.150641838907084,0.8758917051442429,0.9964830363084052,40.080111,1606.415297772321,0.9958005092928006,3.5931942039795284,-2181.533470123032,4359.356241532425,4102.019731564592,89.96816901465641,0.0,15.6
2022-03-04,39.8,53.1,23.0,999.9,5.8,10.5,31.1,40.8,40.080111,116.584556,35.35,37.15905357861146,11.20373474732004,24.40218034253944,0.8840675099433636,0.9964830363084052,40.080111,1606.415297772321,0.9958005092928006,3.5931942039795284,-2181.533470123032,4359.356241532425,4102.019731564592,89.96816901465641,0.0,2.9
2022-03-05,35.8,52.9,19.4,999.9,6.7,5.8,19.4,88.82058584412931,40.080111,116.584556,35.35,33.556135383931554,11.24786660913907,24.654640243613738,0.8919813464595485,0.9964830363084052,40.080111,1606.415297772321,0.9958005092928006,3.5931942039795284,-2181.533470123032,4359.356241532425,4102.019731564592,89.96816901465641,0.0,-0.7
2022-03-06,39.6,53.4,24.8,999.9,6.2,4.7,11.7,19.4,40.080111,116.584556,35.35,37.26402621761904,11.292129156854255,24.90792410940894,0.8996308696522433,0.9964830363084052,40.080111,1606.415297772321,0.9958005092928006,3.5931942039795284,-2181.533470123032,4359.356241532425,4102.019731564592,89.96816901465641,0.0,9.1
2022-03-07,47.9,66.2,28.0,999.9,6.2,3.9,7.8,-37.99317418924191,40.080111,116.584556,35.35,45.251584056879736,11.336513751201604,25.16193435581213,0.9070138128026359,0.9964830363084052,40.080111,1606.415297772321,0.9958005092928006,3.5931942039795284,-2181.533470123032,4359.356241532425,4102.019731564592,89.96816901465641,0.0,13.2
2022-03-08,45.3,64.6,32.0,999.9,6.2,2.7,7.8,31.91053237326107,40.080111,116.584556,35.35,42.96331993687915,11.381011903809048,25.416573328431433,0.9141279881853337,0.9964830363084052,40.080111,1606.415297772321,0.9958005092928006,3.5931942039795284,-2181.533470123032,4359.356241532425,4102.019731564592,89.96816901465641,0.0,22.9
2022-03-09,49.1,63.3,33.8,999.9,3.9,3.3,7.8,-95.51805337063537,40.080111,116.584556,35.35,46.74980914123492,11.425615268733585,25.671743383746037,0.9209712877166346,0.9964830363084052,40.080111,1606.415297772321,0.9958005092928006,3.5931942039795284,-2181.533470123032,4359.356241532425,4102.019731564592,89.96816901465641,0.0,33.1
2022-03-10,51.5,66.7,40.6,999.9,3.3,2.7,3.9,-3.9949620317472263,40.080111,116.584556,35.35,49.22677126158122,11.470315633766498,25.927346970124834,0.9275416835791966,0.9964830363084052,40.080111,1606.415297772321,0.9958005092928006,3.5931942039795284,-2181.533470123032,4359.356241532425,4102.019731564592,89.96816901465641,0.0,38.9
2022-03-11,49.4,66.7,39.2,999.9,5.2,3.4,9.7,140.23791739769933,40.080111,116.584556,35.35,47.40384855244998,11.515104911526311,26.183286708546216,0.9338372288229252,0.9964830363084052,40.080111,1606.415297772321,0.9958005092928006,3.5931942039795284,-2181.533470123032,4359.356241532425,4102.019731564592,89.96816901465641,0.0,28.6
2022-03-12,44.8,55.8,33.8,999.9,5.5,3.1,5.8,-59.934046425388324,40.080111,116.584556,35.35,43.15724048667071,11.559975130358227,26.439465472852493,0.9398560579418954,0.9964830363084052,40.080111,1606.415297772321,0.9958005092928006,3.5931942039795284,-2181.533470123032,4359.356241532425,4102.019731564592,89.96816901465641,0.0,36.0
2022-03-13,46.1,55.8,33.8,999.9,5.0,5.8,13.6,10.282767791721476,40.080111,116.584556,35.35,44.58222828293195,11.604918425058207,26.695786469373857,0.9455963874271426,0.9964830363084052,40.080111,1606.415297772321,0.9958005092928006,3.5931942039795284,-2181.533470123032,4359.356241532425,4102.019731564592,89.96816901465641,0.0,37.1
2022-03-14,52.5,69.8,33.8,999.9,6.0,7.5,15.5,25.3,40.080111,116.584556,35.35,50.968430745045914,11.649927027439066,26.95215331575917,0.9510565162951535,0.9964830363084052,40.080111,1606.415297772321,0.9958005092928006,3.5931942039795284,-2181.533470123032,4359.356241532425,4102.019731564592,89.96816901465641,0.0,28.1
2022-03-15,51.1,69.4,37.0,999.9,6.1,3.6,5.8,-15.918666573164794,40.080111,116.584556,35.35,49.80117961834986,11.69499325675535,27.208470118852805,0.9562348265919056,0.9964830363084052,40.080111,1606.415297772321,0.9958005092928006,3.5931942039795284,-2181.533470123032,4359.356241532425,4102.019731564592,89.96816901465641,0.0,32.0
2022-03-16,46.4,60.3,36.9,999.9,6.1,7.1,11.7,13.6,40.080111,116.584556,35.35,45.39509010534562,11.740109510003178,27.46464155145986,0.9611297838723007,0.9964830363084052,40.080111,1606.415297772321,0.9958005092928006,3.5931942039795284,-2181.533470123032,4359.356241532425,4102.019731564592,89.96816901465641,0.0,28.3
2022-03-17,32.0,54.9,30.0,999.9,5.1,4.5,9.7,90.4167189206336,40.080111,116.584556,35.35,31.427382005628516,11.785268252110694,27.720572927845225,0.9657399376548549,0.9964830363084052,40.080111,1606.415297772321,0.9958005092928006,3.5931942039795284,-2181.533470123032,4359.356241532425,4102.019731564592,89.96816901465641,0.0,25.5
2022-03-18,30.3,38.3,22.8,999.9,3.6,4.1,11.7,81.55755536934292,40.080111,116.584556,35.35,29.87191656523651,11.830462006034262,27.976170277815655,0.9700639218515071,0.9964830363084052,40.080111,1606.415297772321,0.9958005092928006,3.5931942039795284,-2181.533470123032,4359.356241532425,4102.019731564592,89.96816901465641,0.0,26.2
2022-03-19,35.4,44.6,22.6,999.9,6.2,4.1,7.8,-26.209477175519083,40.080111,116.584556,35.35,35.03326586118677,11.875683342775178,28.23134041923798,0.9741004551724205,0.9964830363084052,40.080111,1606.415297772321,0.9958005092928006,3.5931942039795284,-2181.533470123032,4359.356241532425,4102.019731564592,89.96816901465641,0.0,19.2
2022-03-20,42.6,51.8,30.4,999.9,6.2,5.6,11.7,13.4,40.080111,116.584556,35.35,42.31928329322576,11.920924871331199,28.48599102885103,0.9778483415056568,0.9964830363084052,40.080111,1606.415297772321,0.9958005092928006,3.5931942039795284,-2181.533470123032,4359.356241532425,4102.019731564592,89.96816901465641,0.0,20.8
2022-03-21,42.6,55.4,26.6,999.9,6.7,6.9,17.5,21.4,40.080111,116.584556,35.35,42.4799362615195,11.96617922859704,28.740030711233693,0.9813064702716093,0.9964830363084052,40.080111,1606.415297772321,0.9958005092928006,3.5931942039795284,-2181.533470123032,4359.356241532425,4102.019731564592,89.96816901465641,0.0,11.3
2022-03-22,38.0,55.2,26.6,999.9,5.8,3.6,11.7,19.4,40.080111,116.584556,35.35,38.036223719220665,12.01143906922758,28.993369065796646,0.9844738167520922,0.9964830363084052,40.080111,1606.415297772321,0.9958005092928006,3.5931942039795284,-2181.533470123032,4359.356241532425,4102.019731564592,89.96816901465641,0.0,22.1
2022-03-23,40.4,54.5,30.0,999.9,3.9,2.4,3.9,-68.64099422550521,40.080111,116.584556,35.35,40.59088008677414,12.05669705547747,29.245916751670823,0.9873494423939864,0.9964830363084052,40.080111,1606.415297772321,0.9958005092928006,3.5931942039795284,-2181.533470123032,4359.356241532425,4102.019731564592,89.96816901465641,0.0,32.5
2022-03-24,44.7,54.5,35.4,999.9,1.7,4.1,7.8,32.9037820801413,40.080111,116.584556,35.35,45.079748280189285,12.10194584703068,29.49758555037156,0.989932495087353,0.9964830363084052,40.080111,1606.415297772321,0.9958005092928006,3.5931942039795284,-2181.533470123032,4359.356241532425,4102.019731564592,89.96816901465641,0.0,41.4
2022-03-25,46.7,59.0,28.4,999.9,5.9,4.9,9.7,-7.0676364924971615,40.080111,116.584556,35.35,47.27276807016008,12.147178090833426,29.74828842612354,0.9922222094179323,0.9964830363084052,40.080111,1606.415297772321,0.9958005092928006,3.5931942039795284,-2181.533470123032,4359.356241532425,4102.019731564592,89.96816901465641,0.0,22.4
2022-03-26,54.7,69.1,32.7,999.9,6.2,11.1,25.3,31.1,40.080111,116.584556,35.35,55.5769613898865,12.192386410944021,29.99793958373815,0.994217906893952,0.9964830363084052,40.080111,1606.415297772321,0.9958005092928006,3.5931942039795284,-2181.533470123032,4359.356241532425,4102.019731564592,89.96816901465641,0.0,9.0
2022-03-27,50.3,69.1,33.4,999.9,6.7,7.4,13.6,23.3,40.080111,116.584556,35.35,51.29578657834871,12.237563398413212,30.246454523941583,0.995918996147179,0.9964830363084052,40.080111,1606.415297772321,0.9958005092928006,3.5931942039795284,-2181.533470123032,4359.356241532425,4102.019731564592,89.96816901465641,0.0,7.2
2022-03-28,56.7,64.4,42.1,999.9,6.4,9.6,15.5,48.775026828847935,40.080111,116.584556,35.35,58.03576506571123,12.282701601208725,30.493750096059184,0.9973249731081555,0.9964830363084052,40.080111,1606.415297772321,0.9958005092928006,3.5931942039795284,-2181.533470123032,4359.356241532425,4102.019731564592,89.96816901465641,0.0,26.8
2022-03-29,48.3,64.4,41.0,999.9,4.5,2.8,7.8,-89.50626433081123,40.080111,116.584556,35.35,49.6193688946469,12.327793514197987,30.739744547968833,0.9984354211555643,0.9964830363084052,40.080111,1606.415297772321,0.9958005092928006,3.5931942039795284,-2181.533470123032,4359.356241532425,4102.019731564592,89.96816901465641,0.0,42.8
2022-03-30,42.9,54.9,32.0,999.9,6.7,4.9,9.7,-46.04554388298693,40.080111,116.584556,35.35,44.23287285990135,12.372831569203177,30.984357573243397,0.9992500112396835,0.9964830363084052,40.080111,1606.415297772321,0.9958005092928006,3.5931942039795284,-2181.533470123032,4359.356241532425,4102.019731564592,89.96816901465641,0.0,35.7
2022-03-31,46.6,59.0,28.4,999.9,6.1,8.0,19.4,27.2,40.080111,116.584556,35.35,48.22248821930612,12.417808125143207,31.227510355410796,0.9997685019798909,0.9964830363084052,40.080111,1606.415297772321,0.9958005092928006,3.5931942039795284,-2181.533470123032,4359.356241532425,4102.019731564592,89.96816901465641,0.0,17.4
2022-04-01,48.8,60.1,32.4,999.9,6.5,4.3,9.7,43.79711159093104,40.080111,116.584556,35.35,50.68170953032869,12.462715458277549,31.469125609267085,0.9999907397361901,0.9964830363084052,40.080111,1606.415297772321,0.9958005092928006,3.5931942039795284,-2181.533470123032,4359.356241532425,4102.019731564592,89.96816901465641,0.0,21.9
2022-04-02,54.1,67.6,33.8,999.9,6.7,5.2,9.7,17.5,40.080111,116.584556,35.35,56.38818543449083,12.507545752567282,31.70912761918718,0.9999166586547379,0.9964830363084052,40.080111,1606.415297772321,0.9958005092928006,3.5931942039795284,-2181.533470123032,4359.356241532425,4102.019731564592,89.96816901465641,0.0,18.1
2022-04-03,58.2,71.6,41.5,999.9,6.3,7.4,15.5,-21.07636381452912,40.080111,116.584556,35.35,60.87861178732117,12.552291090169312,31.947442274385256,0.9995462806873573,0.9964830363084052,40.080111,1606.415297772321,0.9958005092928006,3.5931942039795284,-2181.533470123032,4359.356241532425,4102.019731564592,89.96816901465641,0.0,25.4
2022-04-04,59.0,71.6,44.6,999.9,4.8,5.1,11.7,79.46901766221048,40.080111,116.584556,35.35,61.934971923560845,12.596943442080173,32.183997101085794,0.9988797155850336,0.9964830363084052,40.080111,1606.415297772321,0.9958005092928006,3.5931942039795284,-2181.533470123032,4359.356241532425,4102.019731564592,89.96816901465641,0.0,41.9
2022-04-05,61.7,77.2,48.2,999.9,6.0,7.4,13.6,-66.25175757327253,40.080111,116.584556,35.35,64.99835170475012,12.641494658946538,32.41872129157452,0.9979171608653922,0.9964830363084052,40.080111,1606.415297772321,0.9958005092928006,3.5931942039795284,-2181.533470123032,4359.356241532425,4102.019731564592,89.96816901465641,0.0,27.5
2022-04-06,46.3,55.8,32.0,999.9,6.4,6.2,11.7,15.9,40.080111,116.584556,35.35,48.94657151611548,12.68593646206017,32.651545730106754,0.9966589017541702,0.9964830363084052,40.080111,1606.415297772321,0.9958005092928006,3.5931942039795284,-2181.533470123032,4359.356241532425,4102.019731564592,89.96816901465641,0.0,18.6
2022-04-07,57.1,74.3,36.9,999.9,6.4,3.8,7.8,13.0,40.080111,116.584556,35.35,60.57482256776119,12.730260434555765,32.88240301566015,0.9951053111006976,0.9964830363084052,40.080111,1606.415297772321,0.9958005092928006,3.5931942039795284,-2181.533470123032,4359.356241532425,4102.019731564592,89.96816901465641,0.0,30.0
2022-04-08,60.4,75.2,45.5,999.9,4.8,4.1,7.8,12.2,40.080111,116.584556,35.35,64.29810533124895,12.774458012830918,33.11122748152627,0.9932568492674143,0.9964830363084052,40.080111,1606.415297772321,0.9958005092928006,3.5931942039795284,-2181.533470123032,4359.356241532425,4102.019731564592,89.96816901465641,0.0,45.0
2022-04-09,65.5,77.0,50.0,999.9,4.6,4.5,9.7,19.6,40.080111,116.584556,35.35,69.96775761021956,12.818520478208166,33.337955211745005,0.9911140639934547,0.9964830363084052,40.080111,1606.415297772321,0.9958005092928006,3.5931942039795284,-2181.533470123032,4359.356241532425,4102.019731564592,89.96816901465641,0.0,49.2
2022-04-10,66.3,78.8,54.3,999.9,3.2,3.1,5.8,13.6,40.080111,116.584556,35.35,71.06497519245133,12.862438948859971,33.56252405439414,0.9886775902323405,0.9964830363084052,40.080111,1606.415297772321,0.9958005092928006,3.5931942039795284,-2181.533470123032,4359.356241532425,4102.019731564592,89.96816901465641,0.0,53.9
2022-04-11,68.9,82.4,55.4,999.9,5.2,8.7,21.4,30.7,40.080111,116.584556,35.35,74.10312343600467,12.906204372018227,33.78487363175453,0.9859481499638304,0.9964830363084052,40.080111,1606.415297772321,0.9958005092928006,3.5931942039795284,-2181.533470123032,4359.356241532425,4102.019731564592,89.96816901465641,0.0,31.6
2022-04-12,60.3,81.5,46.4,999.9,6.4,5.8,9.7,19.4,40.080111,116.584556,35.35,65.07278277036676,12.949807516490896,34.00494534738044,0.9829265519799822,0.9964830363084052,40.080111,1606.415297772321,0.9958005092928006,3.5931942039795284,-2181.533470123032,4359.356241532425,4102.019731564592,89.96816901465641,0.0,31.6
2022-04-13,54.4,70.2,37.4,999.9,6.3,7.3,17.5,25.3,40.080111,116.584556,35.35,58.90268331030789,12.993238965509093,34.222682390112396,0.9796136916454901,0.9964830363084052,40.080111,1606.415297772321,0.9958005092928006,3.5931942039795284,-2181.533470123032,4359.356241532425,4102.019731564592,89.96816901465641,0.0,28.3
2022-04-14,57.2,68.2,41.0,999.9,6.7,11.6,21.4,27.2,40.080111,116.584556,35.35,62.14059809066125,13.036489109928931,34.438029735078395,0.9760105506323683,0.9964830363084052,40.080111,1606.415297772321,0.9958005092928006,3.5931942039795284,-2181.533470123032,4359.356241532425,4102.019731564592,89.96816901465641,0.0,22.2
2022-04-15,55.6,70.0,33.8,999.9,6.7,4.7,11.7,21.6,40.080111,116.584556,35.35,60.601906390401595,13.079548141813294,34.650934141737174,0.9721181966290613,0.9964830363084052,40.080111,1606.415297772321,0.9958005092928006,3.5931942039795284,-2181.533470123032,4359.356241532425,4102.019731564592,89.96816901465641,0.0,17.7
2022-04-16,60.6,75.2,40.1,999.9,6.6,6.2,13.6,17.5,40.080111,116.584556,35.35,66.26815054451872,13.122406048419547,34.86134414902511,0.9679377830240642,0.9964830363084052,40.080111,1606.415297772321,0.9958005092928006,3.5931942039795284,-2181.533470123032,4359.356241532425,4102.019731564592,89.96816901465641,0.0,19.5
2022-04-17,59.0,74.1,46.2,999.9,6.0,3.6,9.7,-27.431015551925665,40.080111,116.584556,35.35,64.72817531588218,13.165052606620105,35.069210067675996,0.9634705485641488,0.9964830363084052,40.080111,1606.415297772321,0.9958005092928006,3.5931942039795284,-2181.533470123032,4359.356241532425,4102.019731564592,89.96816901465641,0.0,36.6
2022-04-18,61.1,73.6,42.8,999.9,5.0,4.5,7.8,182.46029226915567,40.080111,116.584556,35.35,67.24807231521437,13.20747737778351,35.27448396979013,0.9587178169872964,0.9964830363084052,40.080111,1606.415297772321,0.9958005092928006,3.5931942039795284,-2181.533470123032,4359.356241532425,4102.019731564592,89.96816901465641,0.0,37.8
2022-04-19,68.3,82.4,47.8,999.9,5.7,7.2,15.5,14.68171594357887,40.080111,116.584556,35.35,75.41270339373136,13.249669703144605,35.47711967573631,0.9536809966304457,0.9964830363084052,40.080111,1606.415297772321,0.9958005092928006,3.5931942039795284,-2181.533470123032,4359.356241532425,4102.019731564592,89.96816901465641,0.0,36.0
2022-04-20,71.4,84.2,52.7,999.9,6.1,8.1,15.5,54.162285929861525,40.080111,116.584556,35.35,79.08513126317301,13.291618699692943,35.67707273847723,0.9483615800121715,0.9964830363084052,40.080111,1606.415297772321,0.9958005092928006,3.5931942039795284,-2181.533470123032,4359.356241532425,4102.019731564592,89.96816901465641,0.0,44.1
2022-04-21,66.8,83.8,46.4,999.9,6.2,9.2,17.5,25.3,40.080111,116.584556,35.35,74.22211046179241,13.333313256609417,35.874300425414816,0.9427611433904207,0.9964830363084052,40.080111,1606.415297772321,0.9958005092928006,3.5931942039795284,-2181.533470123032,4359.356241532425,4102.019731564592,89.96816901465641,0.0,36.8
2022-04-22,62.5,79.7,46.4,999.9,6.7,7.3,13.6,-29.03487477404109,40.080111,116.584556,35.35,69.66011475146654,13.374742032281574,36.068761697858655,0.9368813462954315,0.9964830363084052,40.080111,1606.415297772321,0.9958005092928006,3.5931942039795284,-2181.533470123032,4359.356241532425,4102.019731564592,89.96816901465641,0.0,30.7
2022-04-23,65.4,81.3,50.2,999.9,6.1,3.9,9.7,32.76322376756948,40.080111,116.584556,35.35,73.11661931301118,13.415893451928657,36.260417188225894,0.9307239310379795,0.9964830363084052,40.080111,1606.415297772321,0.9958005092928006,3.5931942039795284,-2181.533470123032,4359.356241532425,4102.019731564592,89.96816901465641,0.0,46.5
2022-04-24,70.5,81.3,55.0,999.9,5.8,5.7,11.7,19.4,40.080111,116.584556,35.35,79.05843977197335,13.456755705867806,36.44922917508665,0.9242907221930933,0.9964830363084052,40.080111,1606.415297772321,0.9958005092928006,3.5931942039795284,-2181.533470123032,4359.356241532425,4102.019731564592,89.96816901465641,0.0,51.1
2022-04-25,70.4,79.2,61.7,999.9,3.2,7.0,23.3,33.0,40.080111,116.584556,35.35,79.18425825759192,13.497316748453166,36.635161556173536,0.9175836260593937,0.9964830363084052,40.080111,1606.415297772321,0.9958005092928006,3.5931942039795284,-2181.533470123032,4359.356241532425,4102.019731564592,89.96816901465641,0.0,51.7
2022-04-26,63.4,79.2,44.6,999.9,6.1,11.9,31.1,44.7,40.080111,116.584556,35.35,71.52346470628619,13.537564297719785,36.81817981947876,0.9106046300942162,0.9964830363084052,40.080111,1606.415297772321,0.9958005092928006,3.5931942039795284,-2181.533470123032,4359.356241532425,4102.019731564592,89.96816901465641,0.0,12.6
2022-04-27,49.1,73.8,46.0,999.9,6.1,6.4,15.5,17.5,40.080111,116.584556,35.35,55.554546211335406,13.577485835764254,36.99825101256564,0.9033558023246845,0.9964830363084052,40.080111,1606.415297772321,0.9958005092928006,3.5931942039795284,-2181.533470123032,4359.356241532425,4102.019731564592,89.96816901465641,0.0,40.8
2022-04-28,53.4,60.8,46.0,999.9,6.6,3.6,7.8,47.832094515947716,40.080111,116.584556,35.35,60.59595531402769,13.617068609893863,37.175343710225654,0.895839290734909,0.9964830363084052,40.080111,1606.415297772321,0.9958005092928006,3.5931942039795284,-2181.533470123032,4359.356241532425,4102.019731564592,89.96816901465641,0.0,43.7
2022-04-29,60.1,66.2,48.0,999.9,5.8,6.5,13.6,19.4,40.080111,116.584556,35.35,68.39530066983373,13.656299634575788,37.34942798061424,0.8880573226294932,0.9964830363084052,40.080111,1606.415297772321,0.9958005092928006,3.5931942039795284,-2181.533470123032,4359.356241532425,4102.019731564592,89.96816901465641,0.0,40.1
2022-04-30,57.8,73.4,39.2,999.9,6.7,4.6,11.7,21.4,40.080111,116.584556,35.35,65.96504809381301,13.695165694217234,37.52047535000173,0.8800122039735357,0.9964830363084052,40.080111,1606.415297772321,0.9958005092928006,3.5931942039795284,-2181.533470123032,4359.356241532425,4102.019731564592,89.96816901465641,0.0,25.9
2022-05-01,63.4,80.6,44.6,999.9,6.6,6.6,19.4,27.2,40.080111,116.584556,35.35,72.55946851562956,13.73365334680686,37.688458766277634,0.8717063187093218,0.9964830363084052,40.080111,1606.415297772321,0.9958005092928006,3.5931942039795284,-2181.533470123032,4359.356241532425,4102.019731564592,89.96816901465641,0.0,35.9
2022-05-02,64.5,79.3,46.4,999.9,6.2,4.9,9.7,-10.007448541000723,40.080111,116.584556,35.35,74.02315049040139,13.771748928446772,37.85335256134731,0.8631421280499114,0.9964830363084052,40.080111,1606.415297772321,0.9958005092928006,3.5931942039795284,-2181.533470123032,4359.356241532425,4102.019731564592,89.96816901465641,0.0,40.4
2022-05-03,71.7,89.6,51.6,999.9,6.3,4.5,11.7,13.6,40.080111,116.584556,35.35,82.5113953888496,13.80943855880328,38.01513241256187,0.854322169749827,0.9964830363084052,40.080111,1606.415297772321,0.9958005092928006,3.5931942039795284,-2181.533470123032,4359.356241532425,4102.019731564592,89.96816901465641,0.0,47.4
2022-05-04,79.0,93.2,58.1,999.9,6.2,7.1,13.6,75.57526938749312,40.080111,116.584556,35.35,91.1574953043955,13.846708147503113,38.17377530332167,0.8452490573530633,0.9964830363084052,40.080111,1606.415297772321,0.9958005092928006,3.5931942039795284,-2181.533470123032,4359.356241532425,4102.019731564592,89.96816901465641,0.0,49.2
2022-05-05,75.5,91.2,60.8,999.9,6.3,6.6,15.5,27.2,40.080111,116.584556,35.35,87.3506272344385,13.883543401500159,38.32925948299367,0.8359254794186372,0.9964830363084052,40.080111,1606.415297772321,0.9958005092928006,3.5931942039795284,-2181.533470123032,4359.356241532425,4102.019731564592,89.96816901465641,0.0,51.8
2022-05-06,50.4,59.9,42.8,999.9,6.2,5.3,9.7,19.4,40.080111,116.584556,35.35,58.4637053004302,13.919929833435763,38.48156442628246,0.8263541987239096,0.9964830363084052,40.080111,1606.415297772321,0.9958005092928006,3.5931942039795284,-2181.533470123032,4359.356241532425,4102.019731564592,89.96816901465641,0.0,43.3
2022-05-07,57.3,68.0,44.1,999.9,6.5,7.6,15.5,38.339084314954846,40.080111,116.584556,35.35,66.63919698158888,13.95585277101338,38.630670792192724,0.8165380514459161,0.9964830363084052,40.080111,1606.415297772321,0.9958005092928006,3.5931942039795284,-2181.533470123032,4359.356241532425,4102.019731564592,89.96816901465641,0.0,36.2
2022-05-08,50.2,65.8,44.6,999.9,6.4,2.7,7.8,-1.569102887777774,40.080111,116.584556,35.35,58.53026065364764,13.991297367405808,38.7765603827195,0.8064799463209448,0.9964830363084052,40.080111,1606.415297772321,0.9958005092928006,3.5931942039795284,-2181.533470123032,4359.356241532425,4102.019731564592,89.96816901465641,0.0,44.9
2022-05-09,59.4,68.0,46.0,999.9,5.8,5.7,9.7,24.980143207180742,40.080111,116.584556,35.35,69.42993063291594,14.02624861271029,38.91921610139975,0.7961828637826158,0.9964830363084052,40.080111,1606.415297772321,0.9958005092928006,3.5931942039795284,-2181.533470123032,4359.356241532425,4102.019731564592,89.96816901465641,0.0,45.6
2022-05-10,53.1,66.4,46.4,999.9,3.3,4.6,9.7,27.89520679046525,40.080111,116.584556,35.35,62.21855920810162,14.060691346463642,39.05862191185562,0.7856498550787147,0.9964830363084052,40.080111,1606.415297772321,0.9958005092928006,3.5931942039795284,-2181.533470123032,4359.356241532425,4102.019731564592,89.96816901465641,0.0,48.0
2022-05-11,64.4,71.6,47.1,999.9,6.0,6.9,13.6,-33.175804368362265,40.080111,116.584556,35.35,75.64107512224601,14.094610271225962,39.1947627964564,0.7748840413670407,0.9964830363084052,40.080111,1606.415297772321,0.9958005092928006,3.5931942039795284,-2181.533470123032,4359.356241532425,4102.019731564592,89.96816901465641,0.0,43.3
2022-05-12,57.8,69.3,42.8,999.9,6.5,5.7,11.7,5.286780076544471,40.080111,116.584556,35.35,68.0498183421948,14.127989967237676,39.32762471522189,0.7638886127905428,0.9964830363084052,40.080111,1606.415297772321,0.9958005092928006,3.5931942039795284,-2181.533470123032,4359.356241532425,4102.019731564592,89.96816901465641,0.0,41.8
2022-05-13,62.5,78.8,44.6,999.9,6.7,6.9,13.6,23.3,40.080111,116.584556,35.35,73.75424431328362,14.160814908150455,39.457194565084905,0.7526668275320085,0.9964830363084052,40.080111,1606.415297772321,0.9958005092928006,3.5931942039795284,-2181.533470123032,4359.356241532425,4102.019731564592,89.96816901465641,0.0,25.5
2022-05-14,62.7,77.0,44.6,999.9,6.7,5.2,13.6,-1.1811074753014736,40.080111,116.584556,35.35,74.15878802165163,14.193069477828063,39.58346013962639,0.7412220108485958,0.9964830363084052,40.080111,1606.415297772321,0.9958005092928006,3.5931942039795284,-2181.533470123032,4359.356241532425,4102.019731564592,89.96816901465641,0.0,34.9
2022-05-15,66.6,82.4,46.4,999.9,6.7,5.7,11.7,23.3,40.080111,116.584556,35.35,78.94729583455647,14.224737988208373,39.706410089389756,0.7295575540864875,0.9964830363084052,40.080111,1606.415297772321,0.9958005092928006,3.5931942039795284,-2181.533470123032,4359.356241532425,4102.019731564592,89.96816901465641,0.0,32.1
2022-05-16,71.7,84.2,48.4,999.9,6.6,5.1,9.7,3.13484874276042,40.080111,116.584556,35.35,85.17843307182086,14.255804698212696,39.82603388287621,0.717676913675962,0.9964830363084052,40.080111,1606.415297772321,0.9958005092928006,3.5931942039795284,-2181.533470123032,4359.356241532425,4102.019731564592,89.96816901465641,0.0,35.0
2022-05-17,69.8,86.0,51.8,999.9,6.3,4.5,11.7,59.4510086934019,40.080111,116.584556,35.35,83.09837646592355,14.286253833683132,39.94232176831558,0.705583610107178,0.9964830363084052,40.080111,1606.415297772321,0.9958005092928006,3.5931942039795284,-2181.533470123032,4359.356241532425,4102.019731564592,89.96816901465641,0.0,47.7
2022-05-18,75.1,89.6,55.4,999.9,6.5,4.7,9.7,14.87444512783045,40.080111,116.584556,35.35,89.5947356320884,14.316069608323048,40.055264736300735,0.6932812268869777,0.9964830363084052,40.080111,1606.415297772321,0.9958005092928006,3.5931942039795284,-2181.533470123032,4359.356241532425,4102.019731564592,89.96816901465641,0.0,41.3
2022-05-19,75.3,89.6,59.0,999.9,6.1,4.6,11.7,107.14299539646007,40.080111,116.584556,35.35,90.01635744120203,14.345236245609886,40.16485448336658,0.6807734094770161,0.9964830363084052,40.080111,1606.415297772321,0.9958005092928006,3.5931942039795284,-2181.533470123032,4359.356241532425,4102.019731564592,89.96816901465641,0.0,54.4
2022-05-20,77.2,93.2,60.8,999.9,5.9,4.2,11.7,-10.816797727443873,40.080111,116.584556,35.35,92.47104781057224,14.373738001643352,40.27108337658698,0.6680638642135335,0.9964830363084052,40.080111,1606.415297772321,0.9958005092928006,3.5931942039795284,-2181.533470123032,4359.356241532425,4102.019731564592,89.96816901465641,0.0,56.4
2022-05-21,81.8,98.6,60.8,999.9,6.0,5.3,13.6,10.200324068248586,40.080111,116.584556,35.35,98.17062847090509,14.40155918888583,40.373944419255444,0.6551563572090853,0.9964830363084052,40.080111,1606.415297772321,0.9958005092928006,3.5931942039795284,-2181.533470123032,4359.356241532425,4102.019731564592,89.96816901465641,0.0,55.0
2022-05-22,80.9,94.3,64.8,999.9,6.1,4.5,7.8,59.98300109857543,40.080111,116.584556,35.35,97.27337932002543,14.428684200745426,40.47343121770787,0.6420547132365637,0.9964830363084052,40.080111,1606.415297772321,0.9958005092928006,3.5931942039795284,-2181.533470123032,4359.356241532425,4102.019731564592,89.96816901465641,0.0,60.8
2022-05-23,78.7,93.2,62.6,999.9,6.2,5.9,11.7,26.32288011698215,40.080111,116.584556,35.35,94.80134801313449,14.455097536945537,40.56953794933726,0.6287628145958344,0.9964830363084052,40.080111,1606.415297772321,0.9958005092928006,3.5931942039795284,-2181.533470123032,4359.356241532425,4102.019731564592,89.96816901465641,0.0,54.3
2022-05-24,79.3,91.4,66.2,999.9,6.1,9.7,23.3,33.0,40.080111,116.584556,35.35,95.69384647406117,14.480783829618337,40.66225933184245,0.6152845999633276,0.9964830363084052,40.080111,1606.415297772321,0.9958005092928006,3.5931942039795284,-2181.533470123032,4359.356241532425,4102.019731564592,89.96816901465641,0.0,52.0
2022-05-25,72.3,89.4,53.6,999.9,6.7,5.9,13.6,23.3,40.080111,116.584556,35.35,87.39701041706937,14.505727870053008,40.751590593745156,0.6016240632249226,0.9964830363084052,40.080111,1606.415297772321,0.9958005092928006,3.5931942039795284,-2181.533470123032,4359.356241532425,4102.019731564592,89.96816901465641,0.0,37.1
2022-05-26,75.8,95.0,53.6,999.9,6.6,5.1,15.5,21.4,40.080111,116.584556,35.35,91.7806274508792,14.529914636023092,40.83752744620119,0.5877852522924732,0.9964830363084052,40.080111,1606.415297772321,0.9958005092928006,3.5931942039795284,-2181.533470123032,4359.356241532425,4102.019731564592,89.96816901465641,0.0,41.5
2022-05-27,82.8,96.8,61.0,999.9,6.5,6.4,13.6,21.4,40.080111,116.584556,35.35,100.41797230531618,14.553329319611043,40.92006605612411,0.5737722679043246,0.9964830363084052,40.080111,1606.415297772321,0.9958005092928006,3.5931942039795284,-2181.533470123032,4359.356241532425,4102.019731564592,89.96816901465641,0.0,41.5
2022-05-28,86.1,96.8,71.6,999.9,6.2,7.5,13.6,28.77544223187091,40.080111,116.584556,35.35,104.58249402529538,14.575957355441867,40.999203020631676,0.5595892624101765,0.9964830363084052,40.080111,1606.415297772321,0.9958005092928006,3.5931942039795284,-2181.533470123032,4359.356241532425,4102.019731564592,89.96816901465641,0.0,58.0
2022-05-29,69.5,95.5,50.0,999.9,6.3,9.1,21.4,31.1,40.080111,116.584556,35.35,84.54550160180139,14.597784449231895,41.07493534281813,0.545240438540651,0.9964830363084052,40.080111,1606.415297772321,0.9958005092928006,3.5931942039795284,-2181.533470123032,4359.356241532425,4102.019731564592,89.96816901465641,0.0,40.8
2022-05-30,72.0,89.6,51.8,999.9,6.7,7.1,21.4,33.0,40.080111,116.584556,35.35,87.71277963931898,14.618796606553163,41.147260408847806,0.5307300481619334,0.9964830363084052,40.080111,1606.415297772321,0.9958005092928006,3.5931942039795284,-2181.533470123032,4359.356241532425,4102.019731564592,89.96816901465641,0.0,36.8
2022-05-31,72.1,89.4,55.4,999.9,6.7,3.5,7.8,-75.65669100427459,40.080111,116.584556,35.35,87.95587247159999,14.638980161708739,41.216175966359025,0.5160623910158528,0.9964830363084052,40.080111,1606.415297772321,0.9958005092928006,3.5931942039795284,-2181.533470123032,4359.356241532425,4102.019731564592,89.96816901465641,0.0,51.5
2022-06-01,79.7,96.8,59.0,999.9,6.3,5.1,11.7,5.472213736937217,40.080111,116.584556,35.35,97.35568733223214,14.658321806609605,41.28168010416033,0.5012418134457758,0.9964830363084052,40.080111,1606.415297772321,0.9958005092928006,3.5931942039795284,-2181.533470123032,4359.356241532425,4102.019731564592,89.96816901465641,0.0,42.8
2022-06-02,82.3,98.6,61.9,999.9,6.3,5.6,13.6,-12.179085762850665,40.080111,116.584556,35.35,100.65844578234245,14.676808619539607,41.34377123319546,0.48627270710868997,0.9964830363084052,40.080111,1606.415297772321,0.9958005092928006,3.5931942039795284,-2181.533470123032,4359.356241532425,4102.019731564592,89.96816901465641,0.0,52.5
2022-06-03,83.9,96.4,70.2,999.9,6.1,6.5,13.6,202.47620523725413,40.080111,116.584556,35.35,102.7385430883918,14.694428093691316,41.40244806874752,0.4711595076738638,0.9964830363084052,40.080111,1606.415297772321,0.9958005092928006,3.5931942039795284,-2181.533470123032,4359.356241532425,4102.019731564592,89.96816901465641,0.0,62.9
2022-06-04,76.7,95.7,64.4,999.9,6.3,4.0,11.7,-8.44039668564347,40.080111,116.584556,35.35,94.02888319021405,14.711168165352914,41.457709613848095,0.4559066935084588,0.9964830363084052,40.080111,1606.415297772321,0.9958005092928006,3.5931942039795284,-2181.533470123032,4359.356241532425,4102.019731564592,89.96816901465641,0.0,64.2
2022-06-05,81.8,95.0,66.2,999.9,6.7,11.9,23.3,35.0,40.080111,116.584556,35.35,100.38916753040262,14.727017241623855,41.5095551438525,0.440518784350495,0.9964830363084052,40.080111,1606.415297772321,0.9958005092928006,3.5931942039795284,-2181.533470123032,4359.356241532425,4102.019731564592,89.96816901465641,0.0,40.0
2022-06-06,73.2,94.3,55.4,999.9,6.7,6.2,13.6,19.4,40.080111,116.584556,35.35,89.92598178796857,14.74196422753583,41.55798419213851,0.42500033996955416,0.9964830363084052,40.080111,1606.415297772321,0.9958005092928006,3.5931942039795284,-2181.533470123032,4359.356241532425,4102.019731564592,89.96816901465641,0.0,46.5
2022-06-07,72.8,83.1,62.6,999.9,6.7,5.4,11.7,86.61720533425718,40.080111,116.584556,35.35,89.51972455155958,14.755998552454876,41.60299653688293,0.4093559588156213,0.9964830363084052,40.080111,1606.415297772321,0.9958005092928006,3.5931942039795284,-2181.533470123032,4359.356241532425,4102.019731564592,89.96816901465641,0.0,50.3
2022-06-08,69.6,79.9,62.6,999.9,6.0,5.3,9.7,42.68325148218878,40.080111,116.584556,35.35,85.66083913471674,14.769110195640817,41.644592188867804,0.39359027665646673,0.9964830363084052,40.080111,1606.415297772321,0.9958005092928006,3.5931942039795284,-2181.533470123032,4359.356241532425,4102.019731564592,89.96816901465641,0.0,54.7
2022-06-09,70.1,77.2,62.6,999.9,5.6,3.5,7.8,-8.530246804644698,40.080111,116.584556,35.35,86.34736739416537,14.781289710841435,41.68277138026643,0.3777079652039649,0.9964830363084052,40.080111,1606.415297772321,0.9958005092928006,3.5931942039795284,-2181.533470123032,4359.356241532425,4102.019731564592,89.96816901465641,0.0,58.3
2022-06-10,75.2,84.2,64.8,999.9,5.6,6.1,11.7,13.6,40.080111,116.584556,35.35,92.6998436987521,14.792528249800865,41.71753455435817,0.36171373072976765,0.9964830363084052,40.080111,1606.415297772321,0.9958005092928006,3.5931942039795284,-2181.533470123032,4359.356241532425,4102.019731564592,89.96816901465641,0.0,63.7
2022-06-11,71.1,83.1,65.8,999.9,5.1,4.9,11.7,13.6,40.080111,116.584556,35.35,87.70669418854631,14.802817584564778,41.74888235612088,0.3456123126707335,0.9964830363084052,40.080111,1606.415297772321,0.9958005092928006,3.5931942039795284,-2181.533470123032,4359.356241532425,4102.019731564592,89.96816901465641,0.0,65.6
2022-06-12,69.3,80.8,60.8,999.9,5.2,6.1,15.5,27.2,40.080111,116.584556,35.35,85.54016699190818,14.81215012846895,41.77681562365027,0.3294084822245304,0.9964830363084052,40.080111,1606.415297772321,0.9958005092928006,3.5931942039795284,-2181.533470123032,4359.356241532425,4102.019731564592,89.96816901465641,0.0,64.1
2022-06-13,67.2,80.8,61.7,999.9,6.1,3.7,7.8,20.85259469252173,40.080111,116.584556,35.35,82.99490615193511,14.820518955702697,41.80133538035628,0.3131070409358269,0.9964830363084052,40.080111,1606.415297772321,0.9958005092928006,3.5931942039795284,-2181.533470123032,4359.356241532425,4102.019731564592,89.96816901465641,0.0,62.5
2022-06-14,72.0,80.6,64.9,999.9,6.0,4.5,7.8,13.6,40.080111,116.584556,35.35,88.96750691606734,14.827917819344556,41.82244282788888,0.29671281927349075,0.9964830363084052,40.080111,1606.415297772321,0.9958005092928006,3.5931942039795284,-2181.533470123032,4359.356241532425,4102.019731564592,89.96816901465641,0.0,61.3
2022-06-15,74.1,81.7,66.7,999.9,5.2,4.9,7.8,70.88211576888483,40.080111,116.584556,35.35,91.60205671100648,14.83434116777433,41.84013933974776,0.28023067519921585,0.9964830363084052,40.080111,1606.415297772321,0.9958005092928006,3.5931942039795284,-2181.533470123032,4359.356241532425,4102.019731564592,89.96816901465641,0.0,63.8
2022-06-16,76.2,86.2,68.0,999.9,4.9,3.3,5.8,79.61028371954134,40.080111,116.584556,35.35,94.23262941201948,14.839784159373144,41.85442645553357,0.26366549272800704,0.9964830363084052,40.080111,1606.415297772321,0.9958005092928006,3.5931942039795284,-2181.533470123032,4359.356241532425,4102.019731564592,89.96816901465641,0.0,67.2
2022-06-17,79.5,87.8,68.0,999.9,5.1,4.6,7.8,-40.77422903487184,40.080111,116.584556,35.35,98.34310772473434,14.844242675431598,41.865305875802214,0.24702218048093552,0.9964830363084052,40.080111,1606.415297772321,0.9958005092928006,3.5931942039795284,-2181.533470123032,4359.356241532425,4102.019731564592,89.96816901465641,0.0,68.9
2022-06-18,81.1,90.0,69.8,999.9,5.2,4.1,7.8,-8.227169498563041,40.080111,116.584556,35.35,100.34579592999393,14.847713331195157,41.87277945748756,0.23030567023061221,0.9964830363084052,40.080111,1606.415297772321,0.9958005092928006,3.5931942039795284,-2181.533470123032,4359.356241532425,4102.019731564592,89.96816901465641,0.0,69.9
2022-06-19,81.3,90.0,71.2,999.9,4.8,4.5,7.8,-8.816099838077402,40.080111,116.584556,35.35,100.61006086077778,14.850193484985649,41.876849209863096,0.21352091543979612,0.9964830363084052,40.080111,1606.415297772321,0.9958005092928006,3.5931942039795284,-2181.533470123032,4359.356241532425,4102.019731564592,89.96816901465641,0.0,70.9
2022-06-20,84.8,95.0,73.0,999.9,5.2,4.0,9.7,-79.79222606541853,40.080111,116.584556,35.35,104.95188080045989,14.851681245348098,41.87751729101744,0.19667288979357647,0.9964830363084052,40.080111,1606.415297772321,0.9958005092928006,3.5931942039795284,-2181.533470123032,4359.356241532425,4102.019731564592,89.96816901465641,0.0,73.4
2022-06-21,84.8,94.8,76.8,999.9,4.7,4.0,9.7,31.306081802231603,40.080111,116.584556,35.35,104.95537336502566,14.852175476182877,41.87478600482482,0.1797665857255624,0.9964830363084052,40.080111,1606.415297772321,0.9958005092928006,3.5931942039795284,-2181.533470123032,4359.356241532425,4102.019731564592,89.96816901465641,0.0,72.2
2022-06-22,75.0,92.8,70.5,999.9,3.2,4.0,7.8,74.91704500229491,40.080111,116.584556,35.35,92.82297374896461,14.851675799834338,41.86865779839655,0.16280701293851715,0.9964830363084052,40.080111,1606.415297772321,0.9958005092928006,3.5931942039795284,-2181.533470123032,4359.356241532425,4102.019731564592,89.96816901465641,0.0,72.7
2022-06-23,81.2,97.5,66.2,999.9,6.7,4.4,17.5,31.1,40.080111,116.584556,35.35,100.48623558060198,14.850182598118518,41.85913526000616,0.1457991969198751,0.9964830363084052,40.080111,1606.415297772321,0.9958005092928006,3.5931942039795284,-2181.533470123032,4359.356241532425,4102.019731564592,89.96816901465641,0.0,63.2
2022-06-24,85.2,100.4,66.2,999.9,6.7,4.6,13.6,23.3,40.080111,116.584556,35.35,105.4186487801172,14.847697011284112,41.84622111748607,0.12874817745258132,0.9964830363084052,40.080111,1606.415297772321,0.9958005092928006,3.5931942039795284,-2181.533470123032,4359.356241532425,4102.019731564592,89.96816901465641,0.0,57.8
2022-06-25,89.7,102.6,70.9,999.9,6.4,4.1,15.5,7.1333156228513594,40.080111,116.584556,35.35,110.96055148847158,14.844220934912585,41.829918237100294,0.11165900712169512,0.9964830363084052,40.080111,1606.415297772321,0.9958005092928006,3.5931942039795284,-2181.533470123032,4359.356241532425,4102.019731564592,89.96816901465641,0.0,67.4
2022-06-26,82.1,102.6,72.1,999.9,6.2,5.0,7.8,51.76060841693217,40.080111,116.584556,35.35,101.52867090941831,14.839757014774905,41.810229622903435,0.09453674981719912,0.9964830363084052,40.080111,1606.415297772321,0.9958005092928006,3.5931942039795284,-2181.533470123032,4359.356241532425,4102.019731564592,89.96816901465641,0.0,68.6
2022-06-27,79.1,89.6,71.6,999.9,5.7,4.0,7.8,33.24694403142607,40.080111,116.584556,35.35,97.78281778318288,14.834308639673763,41.78715841660203,0.07738647923346301,0.9964830363084052,40.080111,1606.415297772321,0.9958005092928006,3.5931942039795284,-2181.533470123032,4359.356241532425,4102.019731564592,89.96816901465641,0.0,71.7
2022-06-28,74.3,88.0,69.8,999.9,6.1,7.1,11.7,1.882118640619396,40.080111,116.584556,35.35,91.80928991422793,14.827879932311378,41.76070789793981,0.06021327736579302,0.9964830363084052,40.080111,1606.415297772321,0.9958005092928006,3.5931942039795284,-2181.533470123032,4359.356241532425,4102.019731564592,89.96816901465641,0.0,68.9
2022-06-29,75.3,82.0,69.8,999.9,6.0,5.1,9.7,-43.57596648177599,40.080111,116.584556,35.35,92.99848525741669,14.820475738233737,41.73088148563437,0.04302223300453059,0.9964830363084052,40.080111,1606.415297772321,0.9958005092928006,3.5931942039795284,-2181.533470123032,4359.356241532425,4102.019731564592,89.96816901465641,0.0,69.0
2022-06-30,80.5,89.1,70.9,999.9,6.5,3.7,9.7,47.908679161580714,40.080111,116.584556,35.35,99.3645149866208,14.812101612912418,41.69768273889701,0.02581844022713308,0.9964830363084052,40.080111,1606.415297772321,0.9958005092928006,3.5931942039795284,-2181.533470123032,4359.356241532425,4102.019731564592,89.96816901465641,0.0,69.9
2022-07-01,77.5,89.1,72.0,999.9,5.7,3.0,5.8,71.91229482427276,40.080111,116.584556,35.35,95.60118292043387,14.802763807034923,41.66111535957262,0.008606996888688698,0.9964830363084052,40.080111,1606.415297772321,0.9958005092928006,3.5931942039795284,-2181.533470123032,4359.356241532425,4102.019731564592,89.96816901465641,0.0,72.2
2022-07-02,81.7,88.7,73.0,999.9,4.9,3.7,7.8,42.114374183263834,40.080111,116.584556,35.35,100.71206147765179,14.792469250083492,41.621183194940514,-0.008606996888688009,0.9964830363084052,40.080111,1606.415297772321,0.9958005092928006,3.5931942039795284,-2181.533470123032,4359.356241532425,4102.019731564592,89.96816901465641,0.0,74.2
2022-07-03,75.3,88.7,71.6,999.9,3.8,3.6,7.8,-102.89961538089412,40.080111,116.584556,35.35,92.75219021512473,14.781225532290794,41.57789024122042,-0.02581844022713239,0.9964830363084052,40.080111,1606.415297772321,0.9958005092928006,3.5931942039795284,-2181.533470123032,4359.356241532425,4102.019731564592,89.96816901465641,0.0,73.7
2022-07-04,80.3,85.6,72.1,999.9,5.8,3.4,7.8,-29.501526503089398,40.080111,116.584556,35.35,98.82949858924918,14.769040885068371,41.53124064783131,-0.04302223300453034,0.9964830363084052,40.080111,1606.415297772321,0.9958005092928006,3.5931942039795284,-2181.533470123032,4359.356241532425,4102.019731564592,89.96816901465641,0.0,76.0
2022-07-05,79.9,91.4,72.9,999.9,4.9,5.6,13.6,-61.31749784540676,40.080111,116.584556,35.35,98.24986169873718,14.755924160010588,41.481238722452616,-0.060213277365792774,0.9964830363084052,40.080111,1606.415297772321,0.9958005092928006,3.5931942039795284,-2181.533470123032,4359.356241532425,4102.019731564592,89.96816901465641,0.0,75.3
2022-07-06,78.1,91.2,69.8,999.9,6.2,3.3,7.8,24.868088941388038,40.080111,116.584556,35.35,95.9451002828412,14.741884806582515,41.42788893693962,-0.07738647923346322,0.9964830363084052,40.080111,1606.415297772321,0.9958005092928006,3.5931942039795284,-2181.533470123032,4359.356241532425,4102.019731564592,89.96816901465641,0.0,72.6
2022-07-07,86.2,97.3,72.0,999.9,6.0,3.5,5.8,51.914511971012345,40.080111,116.584556,35.35,105.78846762914795,14.726932848605282,41.371195934145256,-0.09453674981719933,0.9964830363084052,40.080111,1606.415297772321,0.9958005092928006,3.5931942039795284,-2181.533470123032,4359.356241532425,4102.019731564592,89.96816901465641,0.0,70.7
2022-07-08,83.2,97.3,71.6,999.9,6.0,3.6,7.8,-53.61265836904467,40.080111,116.584556,35.35,101.99681342695013,14.711078859656267,41.31116453570158,-0.11165900712169444,0.9964830363084052,40.080111,1606.415297772321,0.9958005092928006,3.5931942039795284,-2181.533470123032,4359.356241532425,4102.019731564592,89.96816901465641,0.0,72.6
2022-07-09,82.7,95.2,68.0,999.9,6.7,4.4,7.8,70.65198703758736,40.080111,116.584556,35.35,101.26845138597007,14.694333937504725,41.247799750812945,-0.12874817745258066,0.9964830363084052,40.080111,1606.415297772321,0.9958005092928006,3.5931942039795284,-2181.533470123032,4359.356241532425,4102.019731564592,89.96816901465641,0.0,66.5
2022-07-10,74.1,95.2,66.2,999.9,6.0,3.7,7.8,23.119174455347007,40.080111,116.584556,35.35,90.62868225983074,14.676709677705384,41.181106786112785,-0.14579919691987442,0.9964830363084052,40.080111,1606.415297772321,0.9958005092928006,3.5931942039795284,-2181.533470123032,4359.356241532425,4102.019731564592,89.96816901465641,0.0,66.8
2022-07-11,76.9,82.4,67.3,999.9,5.6,2.9,5.8,40.145575591569184,40.080111,116.584556,35.35,93.9347479553202,14.658218146473892,41.11109105663325,-0.16280701293851646,0.9964830363084052,40.080111,1606.415297772321,0.9958005092928006,3.5931942039795284,-2181.533470123032,4359.356241532425,4102.019731564592,89.96816901465641,0.0,71.6
2022-07-12,74.8,81.5,69.1,999.9,5.7,4.0,7.8,121.53795158690855,40.080111,116.584556,35.35,91.24896788350199,14.638871852968235,41.03775819793485,-0.17976658572556214,0.9964830363084052,40.080111,1606.415297772321,0.9958005092928006,3.5931942039795284,-2181.533470123032,4359.356241532425,4102.019731564592,89.96816901465641,0.0,70.2
2022-07-13,84.2,95.0,69.1,999.9,6.5,4.6,9.7,-60.335391947346565,40.080111,116.584556,35.35,102.57443077638229,14.618683721099615,40.961114079440236,-0.19667288979357622,0.9964830363084052,40.080111,1606.415297772321,0.9958005092928006,3.5931942039795284,-2181.533470123032,4359.356241532425,4102.019731564592,89.96816901465641,0.0,73.5
2022-07-14,84.6,96.8,69.8,999.9,6.7,4.8,9.7,89.79853857820927,40.080111,116.584556,35.35,102.91355278001471,14.597667060994997,40.88116481901189,-0.2135209154397959,0.9964830363084052,40.080111,1606.415297772321,0.9958005092928006,3.5931942039795284,-2181.533470123032,4359.356241532425,4102.019731564592,89.96816901465641,0.0,65.3
2022-07-15,86.9,98.6,73.4,999.9,6.8,4.3,9.7,21.4,40.080111,116.584556,35.35,105.55334237050789,14.575835540231237,40.79791679880968,-0.23030567023061196,0.9964830363084052,40.080111,1606.415297772321,0.9958005092928006,3.5931942039795284,-2181.533470123032,4359.356241532425,4102.019731564592,89.96816901465641,0.0,65.7
2022-07-16,83.5,97.3,73.4,999.9,6.1,4.9,9.7,-46.92857283129581,40.080111,116.584556,35.35,101.26603861991543,14.553203154957908,40.71137668245875,-0.24702218048093527,0.9964830363084052,40.080111,1606.415297772321,0.9958005092928006,3.5931942039795284,-2181.533470123032,4359.356241532425,4102.019731564592,89.96816901465641,0.0,73.3
2022-07-17,86.8,99.0,73.4,999.9,6.1,5.9,13.6,21.4,40.080111,116.584556,35.35,105.0987723873944,14.529784201022268,40.621551433552796,-0.2636654927280072,0.9964830363084052,40.080111,1606.415297772321,0.9958005092928006,3.5931942039795284,-2181.533470123032,4359.356241532425,4102.019731564592,89.96816901465641,0.0,66.0
2022-07-18,84.6,99.0,69.8,999.9,6.5,4.1,11.7,4.398440730712341,40.080111,116.584556,35.35,102.26443237870099,14.505593245205816,40.52844833551211,-0.2802306751992161,0.9964830363084052,40.080111,1606.415297772321,0.9958005092928006,3.5931942039795284,-2181.533470123032,4359.356241532425,4102.019731564592,89.96816901465641,0.0,64.3
2022-07-19,83.8,96.3,71.1,999.9,6.3,4.1,9.7,75.90444551008486,40.080111,116.584556,35.35,101.12317159179388,14.480645096676929,40.432075012808546,-0.2967128192734901,0.9964830363084052,40.080111,1606.415297772321,0.9958005092928006,3.5931942039795284,-2181.533470123032,4359.356241532425,4102.019731564592,89.96816901465641,0.0,68.3
2022-07-20,82.2,91.4,71.6,999.9,6.1,6.1,11.7,19.4,40.080111,116.584556,35.35,99.0164402345009,14.454954778759257,40.33243945356352,-0.3131070409358267,0.9964830363084052,40.080111,1606.415297772321,0.9958005092928006,3.5931942039795284,-2181.533470123032,4359.356241532425,4102.019731564592,89.96816901465641,0.0,67.9
2022-07-21,83.5,93.2,71.6,999.9,6.1,3.9,7.8,89.08113352157797,40.080111,116.584556,35.35,100.39857344522132,14.42853750110965,40.22955003351748,-0.3294084822245302,0.9964830363084052,40.080111,1606.415297772321,0.9958005092928006,3.5931942039795284,-2181.533470123032,4359.356241532425,4102.019731564592,89.96816901465641,0.0,69.0
2022-07-22,80.2,91.9,70.7,999.9,5.9,5.8,13.6,23.3,40.080111,116.584556,35.35,96.2494143598315,14.401408632393741,40.12341554136212,-0.3456123126707333,0.9964830363084052,40.080111,1606.415297772321,0.9958005092928006,3.5931942039795284,-2181.533470123032,4359.356241532425,4102.019731564592,89.96816901465641,0.0,71.2
2022-07-23,82.7,93.2,70.7,999.9,6.5,4.6,11.7,20.35894431097229,40.080111,116.584556,35.35,99.05794748348761,14.373583673541127,40.014045205418846,-0.3617137307297674,0.9964830363084052,40.080111,1606.415297772321,0.9958005092928006,3.5931942039795284,-2181.533470123032,4359.356241532425,4102.019731564592,89.96816901465641,0.0,68.1
2022-07-24,82.1,93.2,73.0,999.9,5.9,5.3,17.5,29.1,40.080111,116.584556,35.35,98.14424356824408,14.345078231655652,39.90144872163914,-0.37770796520396466,0.9964830363084052,40.080111,1606.415297772321,0.9958005092928006,3.5931942039795284,-2181.533470123032,4359.356241532425,4102.019731564592,89.96816901465641,0.0,71.2
2022-07-25,84.1,92.3,73.4,999.9,6.3,4.5,7.8,28.346496412159723,40.080111,116.584556,35.35,100.33065519583869,14.315907994649992,39.7856362828951,-0.39359027665646645,0.9964830363084052,40.080111,1606.415297772321,0.9958005092928006,3.5931942039795284,-2181.533470123032,4359.356241532425,4102.019731564592,89.96816901465641,0.0,71.9
2022-07-26,81.7,91.9,68.0,999.9,6.2,5.0,9.7,48.075897556217654,40.080111,116.584556,35.35,97.26445394455835,14.286088706667078,39.666618609519844,-0.4093559588156211,0.9964830363084052,40.080111,1606.415297772321,0.9958005092928006,3.5931942039795284,-2181.533470123032,4359.356241532425,4102.019731564592,89.96816901465641,0.0,72.1
2022-07-27,73.4,91.9,68.0,999.9,5.1,5.6,11.7,15.5,40.080111,116.584556,35.35,87.19697441624018,14.255636144344441,39.54440698105006,-0.42500033996955394,0.9964830363084052,40.080111,1606.415297772321,0.9958005092928006,3.5931942039795284,-2181.533470123032,4359.356241532425,4102.019731564592,89.96816901465641,0.0,71.7
2022-07-28,75.9,86.0,68.7,999.9,6.7,4.2,9.7,71.14415715374294,40.080111,116.584556,35.35,89.97038054436678,14.22456609397103,39.41901326911534,-0.4405187843504952,0.9964830363084052,40.080111,1606.415297772321,0.9958005092928006,3.5931942039795284,-2181.533470123032,4359.356241532425,4102.019731564592,89.96816901465641,0.0,70.2
2022-07-29,81.7,89.6,70.5,999.9,6.1,3.7,5.8,-53.07086196707401,40.080111,116.584556,35.35,96.62995556055476,14.192894329579646,39.290449971410716,-0.455906693508459,0.9964830363084052,40.080111,1606.415297772321,0.9958005092928006,3.5931942039795284,-2181.533470123032,4359.356241532425,4102.019731564592,89.96816901465641,0.0,72.0
2022-07-30,81.6,89.6,74.7,999.9,5.7,4.5,9.7,66.4384252784722,40.080111,116.584556,35.35,96.29232882568083,14.160636592011887,39.158730246682126,-0.47115950767386394,0.9964830363084052,40.080111,1606.415297772321,0.9958005092928006,3.5931942039795284,-2181.533470123032,4359.356241532425,4102.019731564592,89.96816901465641,0.0,74.6
2022-07-31,83.6,91.4,77.0,999.9,5.6,4.0,5.8,9.999108006856028,40.080111,116.584556,35.35,98.42373303060492,14.127808568986353,39.02386795064659,-0.4862727071086902,0.9964830363084052,40.080111,1606.415297772321,0.9958005092928006,3.5931942039795284,-2181.533470123032,4359.356241532425,4102.019731564592,89.96816901465641,0.0,76.7
2022-08-01,85.6,93.4,78.1,999.9,4.9,3.2,5.8,5.707448994656921,40.080111,116.584556,35.35,100.54023791685769,14.094425876195004,38.8858776727626,-0.5012418134457756,0.9964830363084052,40.080111,1606.415297772321,0.9958005092928006,3.5931942039795284,-2181.533470123032,4359.356241532425,4102.019731564592,89.96816901465641,0.0,78.8
2022-08-02,87.7,95.0,79.5,999.9,5.1,5.1,9.7,6.553862314745487,40.080111,116.584556,35.35,102.75885035495816,14.060504039446954,38.744774773759204,-0.5160623910158526,0.9964830363084052,40.080111,1606.415297772321,0.9958005092928006,3.5931942039795284,-2181.533470123032,4359.356241532425,4102.019731564592,89.96816901465641,0.0,79.0
2022-08-03,88.2,96.8,80.6,999.9,5.5,4.7,9.7,18.60719332656294,40.080111,116.584556,35.35,103.09152981236973,14.026058477873432,38.60057542382604,-0.5307300481619331,0.9964830363084052,40.080111,1606.415297772321,0.9958005092928006,3.5931942039795284,-2181.533470123032,4359.356241532425,4102.019731564592,89.96816901465641,0.0,78.7
2022-08-04,84.5,96.8,75.2,999.9,5.8,5.0,13.6,111.71515072567003,40.080111,116.584556,35.35,98.52069410442782,13.991104488202769,38.453296641361064,-0.5452404385406507,0.9964830363084052,40.080111,1606.415297772321,0.9958005092928006,3.5931942039795284,-2181.533470123032,4359.356241532425,4102.019731564592,89.96816901465641,0.0,77.9
2022-08-05,87.3,98.6,77.2,999.9,6.2,2.5,5.8,19.48231465375717,40.080111,116.584556,35.35,101.52740634904461,13.955657230109225,38.30295633216677,-0.5595892624101763,0.9964830363084052,40.080111,1606.415297772321,0.9958005092928006,3.5931942039795284,-2181.533470123032,4359.356241532425,4102.019731564592,89.96816901465641,0.0,76.8
2022-08-06,83.1,98.1,77.2,999.9,5.8,3.9,9.7,17.5,40.080111,116.584556,35.35,96.39414210999837,13.919731712635144,38.14957332898108,-0.5737722679043243,0.9964830363084052,40.080111,1606.415297772321,0.9958005092928006,3.5931942039795284,-2181.533470123032,4359.356241532425,4102.019731564592,89.96816901465641,0.0,78.3
2022-08-07,84.6,93.2,77.2,999.9,5.5,4.0,9.7,111.38177668440633,40.080111,116.584556,35.35,97.87756661085592,13.88334278168169,37.993167431224634,-0.5877852522924734,0.9964830363084052,40.080111,1606.415297772321,0.9958005092928006,3.5931942039795284,-2181.533470123032,4359.356241532425,4102.019731564592,89.96816901465641,0.0,79.0
2022-08-08,77.4,90.9,69.8,999.9,6.7,5.1,9.7,-34.1912359898582,40.080111,116.584556,35.35,89.30995795020868,13.846505108559485,37.833759444841554,-0.6016240632249227,0.9964830363084052,40.080111,1606.415297772321,0.9958005092928006,3.5931942039795284,-2181.533470123032,4359.356241532425,4102.019731564592,89.96816901465641,0.0,66.8
2022-08-09,70.9,82.0,64.4,999.9,6.6,4.6,7.8,48.187196933684874,40.080111,116.584556,35.35,81.58955270272716,13.809233179587109,37.671371222108455,-0.6152845999633277,0.9964830363084052,40.080111,1606.415297772321,0.9958005092928006,3.5931942039795284,-2181.533470123032,4359.356241532425,4102.019731564592,89.96816901465641,0.0,67.0
2022-08-10,78.8,87.8,64.2,999.9,5.9,3.9,7.8,64.72438359338416,40.080111,116.584556,35.35,90.4331211161414,13.77154128672204,37.50602570128187,-0.6287628145958345,0.9964830363084052,40.080111,1606.415297772321,0.9958005092928006,3.5931942039795284,-2181.533470123032,4359.356241532425,4102.019731564592,89.96816901465641,0.0,69.2
2022-08-11,81.6,89.6,69.4,999.9,5.7,4.1,9.7,43.24594318559636,40.080111,116.584556,35.35,93.38741593059987,13.733443519205865,37.33774694595348,-0.6420547132365636,0.9964830363084052,40.080111,1606.415297772321,0.9958005092928006,3.5931942039795284,-2181.533470123032,4359.356241532425,4102.019731564592,89.96816901465641,0.0,73.8
2022-08-12,81.9,89.6,73.2,999.9,5.3,3.6,7.8,30.126054213290992,40.080111,116.584556,35.35,93.46805938608499,13.694953756202926,37.16656018397925,-0.655156357209085,0.9964830363084052,40.080111,1606.415297772321,0.9958005092928006,3.5931942039795284,-2181.533470123032,4359.356241532425,4102.019731564592,89.96816901465641,0.0,74.4
2022-08-13,83.3,90.3,75.2,999.9,4.7,4.0,7.8,24.163443615355803,40.080111,116.584556,35.35,94.79599462600817,13.65608566040934,36.992491845848136,-0.6680638642135333,0.9964830363084052,40.080111,1606.415297772321,0.9958005092928006,3.5931942039795284,-2181.533470123032,4359.356241532425,4102.019731564592,89.96816901465641,0.0,75.6
2022-08-14,74.7,90.3,73.4,999.9,4.0,3.5,5.8,73.8603975117018,40.080111,116.584556,35.35,84.76490788698088,13.61685267260737,36.81556960235461,-0.6807734094770159,0.9964830363084052,40.080111,1606.415297772321,0.9958005092928006,3.5931942039795284,-2181.533470123032,4359.356241532425,4102.019731564592,89.96816901465641,0.0,74.3
2022-08-15,81.8,96.8,66.2,999.9,6.0,7.4,17.5,78.50342738712385,40.080111,116.584556,35.35,92.55171024865993,13.577268007138377,36.63582240143942,-0.6932812268869771,0.9964830363084052,40.080111,1606.415297772321,0.9958005092928006,3.5931942039795284,-2181.533470123032,4359.356241532425,4102.019731564592,89.96816901465641,0.0,62.6
2022-08-16,80.0,95.2,67.8,999.9,6.7,4.4,7.8,-50.248267446646494,40.080111,116.584556,35.35,90.24896432177465,13.537344648266197,36.45328050406269,-0.7055836101071774,0.9964830363084052,40.080111,1606.415297772321,0.9958005092928006,3.5931942039795284,-2181.533470123032,4359.356241532425,4102.019731564592,89.96816901465641,0.0,65.8
2022-08-17,80.6,87.8,72.7,999.9,6.0,5.1,9.7,74.98588849918417,40.080111,116.584556,35.35,90.65549041671436,13.497095347401642,36.26797551897514,-0.7176769136759615,0.9964830363084052,40.080111,1606.415297772321,0.9958005092928006,3.5931942039795284,-2181.533470123032,4359.356241532425,4102.019731564592,89.96816901465641,0.0,73.7
2022-08-18,74.4,87.3,73.2,999.9,2.2,3.5,13.6,9.608731523958873,40.080111,116.584556,35.35,83.43050225117817,13.456532621157766,36.079940436253295,-0.7295575540864876,0.9964830363084052,40.080111,1606.415297772321,0.9958005092928006,3.5931942039795284,-2181.533470123032,4359.356241532425,4102.019731564592,89.96816901465641,0.0,74.2
2022-08-19,77.9,89.6,66.2,999.9,6.6,7.0,17.5,21.4,40.080111,116.584556,35.35,87.09004963674764,13.415668750205025,35.8892096594677,-0.7412220108485957,0.9964830363084052,40.080111,1606.415297772321,0.9958005092928006,3.5931942039795284,-2181.533470123032,4359.356241532425,4102.019731564592,89.96816901465641,0.0,64.5
2022-08-20,80.2,89.1,68.4,999.9,6.3,5.9,11.7,-17.752726061908852,40.080111,116.584556,35.35,89.38634712227991,13.37451577889475,35.695819036354415,-0.7526668275320083,0.9964830363084052,40.080111,1606.415297772321,0.9958005092928006,3.5931942039795284,-2181.533470123032,4359.356241532425,4102.019731564592,89.96816901465641,0.0,69.7
2022-08-21,78.5,88.5,73.4,999.9,4.7,3.7,7.8,78.2119201622994,40.080111,116.584556,35.35,87.22060108134217,13.333085515619185,35.499805887863445,-0.7638886127905429,0.9964830363084052,40.080111,1606.415297772321,0.9958005092928006,3.5931942039795284,-2181.533470123032,4359.356241532425,4102.019731564592,89.96816901465641,0.0,72.5
2022-08-22,76.4,93.2,60.8,999.9,6.0,7.4,15.5,14.768128546536358,40.080111,116.584556,35.35,84.62184669901171,13.291389533876185,35.30120903546101,-0.7748840413670406,0.9964830363084052,40.080111,1606.415297772321,0.9958005092928006,3.5931942039795284,-2181.533470123032,4359.356241532425,4102.019731564592,89.96816901465641,0.0,59.7
2022-08-23,74.2,91.9,61.7,999.9,6.7,5.2,13.6,70.84838675649758,40.080111,116.584556,35.35,81.92569889260739,13.249439174006586,35.100068826566,-0.7856498550787144,0.9964830363084052,40.080111,1606.415297772321,0.9958005092928006,3.5931942039795284,-2181.533470123032,4359.356241532425,4102.019731564592,89.96816901465641,0.0,54.8
2022-08-24,73.4,83.7,64.4,999.9,6.6,3.9,7.8,15.5,40.080111,116.584556,35.35,80.78431858708575,13.2072455455726,34.89642715800543,-0.7961828637826154,0.9964830363084052,40.080111,1606.415297772321,0.9958005092928006,3.5931942039795284,-2181.533470123032,4359.356241532425,4102.019731564592,89.96816901465641,0.0,61.6
2022-08-25,75.5,90.1,60.8,999.9,6.5,5.7,15.5,17.5,40.080111,116.584556,35.35,82.8286562117587,13.164819530345754,34.69032749737834,-0.8064799463209447,0.9964830363084052,40.080111,1606.415297772321,0.9958005092928006,3.5931942039795284,-2181.533470123032,4359.356241532425,4102.019731564592,89.96816901465641,0.0,54.9
2022-08-26,68.6,90.1,51.8,999.9,6.4,9.3,23.3,33.0,40.080111,116.584556,35.35,75.01508204257604,13.122171785873359,34.48181490222214,-0.8165380514459157,0.9964830363084052,40.080111,1606.415297772321,0.9958005092928006,3.5931942039795284,-2181.533470123032,4359.356241532425,4102.019731564592,89.96816901465641,0.0,44.7
2022-08-27,68.1,81.9,55.4,999.9,6.7,3.2,5.8,-23.15364694472113,40.080111,116.584556,35.35,74.2250998539402,13.079312749592985,34.270936036881366,-0.8263541987239094,0.9964830363084052,40.080111,1606.415297772321,0.9958005092928006,3.5931942039795284,-2181.533470123032,4359.356241532425,4102.019731564592,89.96816901465641,0.0,49.3
2022-08-28,64.3,81.5,58.8,999.9,6.2,3.4,9.7,-132.51306602139556,40.080111,116.584556,35.35,69.85258708123384,13.036252643465101,34.05773918698408,-0.8359254794186365,0.9964830363084052,40.080111,1606.415297772321,0.9958005092928006,3.5931942039795284,-2181.533470123032,4359.356241532425,4102.019731564592,89.96816901465641,0.0,59.1
2022-08-29,67.5,77.0,59.0,999.9,6.0,3.9,9.7,16.098962083541,40.080111,116.584556,35.35,73.0856333199068,12.993001479094543,33.84227427143733,-0.8452490573530634,0.9964830363084052,40.080111,1606.415297772321,0.9958005092928006,3.5931942039795284,-2181.533470123032,4359.356241532425,4102.019731564592,89.96816901465641,0.0,61.0
2022-08-30,71.6,84.2,59.0,999.9,5.9,4.5,17.5,-46.01757502256476,40.080111,116.584556,35.35,77.26576207776418,12.949569063312433,33.62459285185966,-0.8543221697498269,0.9964830363084052,40.080111,1606.415297772321,0.9958005092928006,3.5931942039795284,-2181.533470123032,4359.356241532425,4102.019731564592,89.96816901465641,0.0,62.1
2022-08-31,76.0,89.6,59.0,999.9,6.7,5.6,11.7,58.324915610253406,40.080111,116.584556,35.35,81.73777835987467,12.905965004190737,33.40474813937485,-0.8631421280499115,0.9964830363084052,40.080111,1606.415297772321,0.9958005092928006,3.5931942039795284,-2181.533470123032,4359.356241532425,4102.019731564592,89.96816901465641,0.0,55.6
2022-09-01,73.0,89.6,57.2,999.9,6.6,4.0,7.8,-18.334079955862684,40.080111,116.584556,35.35,78.24504219789786,12.862198717462661,33.1827949986983,-0.8717063187093217,0.9964830363084052,40.080111,1606.415297772321,0.9958005092928006,3.5931942039795284,-2181.533470123032,4359.356241532425,4102.019731564592,89.96816901465641,0.0,54.3
2022-09-02,72.1,86.0,60.3,999.9,6.3,3.6,7.8,6.905564182758828,40.080111,116.584556,35.35,77.01649559521461,12.81827943332282,32.95878994945471,-0.8800122039735356,0.9964830363084052,40.080111,1606.415297772321,0.9958005092928006,3.5931942039795284,-2181.533470123032,4359.356241532425,4102.019731564592,89.96816901465641,0.0,59.5
2022-09-03,73.1,83.1,64.6,999.9,5.6,4.1,9.7,-59.4464304112244,40.080111,116.584556,35.35,77.8162670401537,12.774216203582005,32.7327911646725,-0.888057322629493,0.9964830363084052,40.080111,1606.415297772321,0.9958005092928006,3.5931942039795284,-2181.533470123032,4359.356241532425,4102.019731564592,89.96816901465641,0.0,65.2
2022-09-04,71.3,84.2,60.8,999.9,5.7,5.6,17.5,-5.561042117836674,40.080111,116.584556,35.35,75.63752307688007,12.730017909152327,32.50485846640864,-0.8958392907349089,0.9964830363084052,40.080111,1606.415297772321,0.9958005092928006,3.5931942039795284,-2181.533470123032,4359.356241532425,4102.019731564592,89.96816901465641,0.0,62.5
2022-09-05,69.3,86.0,51.8,999.9,6.7,5.6,15.5,23.3,40.080111,116.584556,35.35,73.25987862177195,12.6856932678393,32.27505331846473,-0.9033558023246842,0.9964830363084052,40.080111,1606.415297772321,0.9958005092928006,3.5931942039795284,-2181.533470123032,4359.356241532425,4102.019731564592,89.96816901465641,0.0,47.1
2022-09-06,71.2,86.0,55.4,999.9,6.4,7.6,17.5,29.1,40.080111,116.584556,35.35,75.00475499834903,12.641250842418374,32.04343881616302,-0.9106046300942162,0.9964830363084052,40.080111,1606.415297772321,0.9958005092928006,3.5931942039795284,-2181.533470123032,4359.356241532425,4102.019731564592,89.96816901465641,0.0,47.9
2022-09-07,73.2,91.4,57.2,999.9,6.5,3.6,7.8,58.832788672281914,40.080111,116.584556,35.35,76.83986419874304,12.59669904897427,31.810079673159503,-0.9175836260593934,0.9964830363084052,40.080111,1606.415297772321,0.9958005092928006,3.5931942039795284,-2181.533470123032,4359.356241532425,4102.019731564592,89.96816901465641,0.0,53.5
2022-09-08,75.2,91.4,61.9,999.9,6.4,3.0,7.8,-42.89786879621005,40.080111,116.584556,35.35,78.65948930368893,12.552046165482274,31.57504220527838,-0.9242907221930934,0.9964830363084052,40.080111,1606.415297772321,0.9958005092928006,3.5931942039795284,-2181.533470123032,4359.356241532425,4102.019731564592,89.96816901465641,0.0,61.0
2022-09-09,76.1,89.6,65.8,999.9,6.0,3.1,5.8,33.86558464831599,40.080111,116.584556,35.35,79.31712966004505,12.507300340611575,31.338394311361025,-0.9307239310379793,0.9964830363084052,40.080111,1606.415297772321,0.9958005092928006,3.5931942039795284,-2181.533470123032,4359.356241532425,4102.019731564592,89.96816901465641,0.0,64.9
2022-09-10,76.6,89.4,62.6,999.9,6.1,3.4,9.7,19.4,40.080111,116.584556,35.35,79.55209763076861,12.462469602731376,31.10020545113029,-0.9368813462954315,0.9964830363084052,40.080111,1606.415297772321,0.9958005092928006,3.5931942039795284,-2181.533470123032,4359.356241532425,4102.019731564592,89.96816901465641,0.0,64.7
2022-09-11,76.0,88.9,68.4,999.9,6.1,3.5,7.8,92.89647013362196,40.080111,116.584556,35.35,78.64455850430836,12.41756186910132,30.860546620078953,-0.9427611433904206,0.9964830363084052,40.080111,1606.415297772321,0.9958005092928006,3.5931942039795284,-2181.533470123032,4359.356241532425,4102.019731564592,89.96816901465641,0.0,65.7
2022-09-12,76.2,86.2,66.2,999.9,3.5,2.7,5.8,38.99347388381442,40.080111,116.584556,35.35,78.56591446570141,12.37258495522857,30.619490321399834,-0.9483615800121716,0.9964830363084052,40.080111,1606.415297772321,0.9958005092928006,3.5931942039795284,-2181.533470123032,4359.356241532425,4102.019731564592,89.96816901465641,0.0,68.7
2022-09-13,75.7,86.5,66.2,999.9,4.5,2.9,7.8,64.47447028902361,40.080111,116.584556,35.35,77.76627303642832,12.32754658437437,30.37711053498221,-0.9536809966304455,0.9964830363084052,40.080111,1606.415297772321,0.9958005092928006,3.5931942039795284,-2181.533470123032,4359.356241532425,4102.019731564592,89.96816901465641,0.0,68.6
2022-09-14,76.6,87.8,64.4,999.9,5.8,3.8,7.8,-54.32378311328202,40.080111,116.584556,35.35,78.4030005687529,12.282454397193668,30.1334826835082,-0.9587178169872964,0.9964830363084052,40.080111,1606.415297772321,0.9958005092928006,3.5931942039795284,-2181.533470123032,4359.356241532425,4102.019731564592,89.96816901465641,0.0,64.3
2022-09-15,75.3,88.3,64.4,999.9,5.9,3.6,5.8,-25.11241381157023,40.080111,116.584556,35.35,76.78915765836169,12.237315961491902,29.88868359568965,-0.9634705485641486,0.9964830363084052,40.080111,1606.415297772321,0.9958005092928006,3.5931942039795284,-2181.533470123032,4359.356241532425,4102.019731564592,89.96816901465641,0.0,64.4
2022-09-16,77.3,89.6,65.5,999.9,5.7,4.2,7.8,85.39074573670531,40.080111,116.584556,35.35,78.5376939879214,12.192138782083529,29.6427914666947,-0.9679377830240642,0.9964830363084052,40.080111,1606.415297772321,0.9958005092928006,3.5931942039795284,-2181.533470123032,4359.356241532425,4102.019731564592,89.96816901465641,0.0,65.2
2022-09-17,77.0,89.6,67.3,999.9,5.3,5.1,11.7,19.4,40.080111,116.584556,35.35,77.94280282723169,12.146930310737405,29.395885815820403,-0.9721181966290612,0.9964830363084052,40.080111,1606.415297772321,0.9958005092928006,3.5931942039795284,-2181.533470123032,4359.356241532425,4102.019731564592,89.96816901465641,0.0,62.7
2022-09-18,71.8,86.9,55.4,999.9,6.6,4.9,11.7,51.477590653039115,40.080111,116.584556,35.35,72.40849277122999,12.101697956194428,29.148047441475345,-0.9760105506323682,0.9964830363084052,40.080111,1606.415297772321,0.9958005092928006,3.5931942039795284,-2181.533470123032,4359.356241532425,4102.019731564592,89.96816901465641,0.0,44.6
2022-09-19,68.1,86.9,50.0,999.9,6.7,4.7,11.7,17.5,40.080111,116.584556,35.35,68.42034860983054,12.056449094243268,28.899358373543688,-0.9796136916454901,0.9964830363084052,40.080111,1606.415297772321,0.9958005092928006,3.5931942039795284,-2181.533470123032,4359.356241532425,4102.019731564592,89.96816901465641,0.0,39.5
2022-09-20,63.3,79.2,48.2,999.9,6.7,3.6,5.8,32.58768787938374,40.080111,116.584556,35.35,63.35903293560728,12.011191077840243,28.649901823209024,-0.9829265519799822,0.9964830363084052,40.080111,1606.415297772321,0.9958005092928006,3.5931942039795284,-2181.533470123032,4359.356241532425,4102.019731564592,89.96816901465641,0.0,39.0
2022-09-21,69.6,80.6,52.2,999.9,6.3,5.7,13.6,45.34422661506982,40.080111,116.584556,35.35,69.40240123410561,11.965931247259588,28.399762130323563,-0.9859481499638303,0.9964830363084052,40.080111,1606.415297772321,0.9958005092928006,3.5931942039795284,-2181.533470123032,4359.356241532425,4102.019731564592,89.96816901465641,0.0,52.0
2022-09-22,66.7,82.4,46.6,999.9,6.2,15.1,33.0,44.7,40.080111,116.584556,35.35,66.2590959929484,11.920676940260583,28.149024708414736,-0.9886775902323404,0.9964830363084052,40.080111,1606.415297772321,0.9958005092928006,3.5931942039795284,-2181.533470123032,4359.356241532425,4102.019731564592,89.96816901465641,0.0,30.3
2022-09-23,63.9,81.0,44.6,999.9,6.7,8.7,19.4,23.3,40.080111,116.584556,35.35,63.23669404952379,11.87543550225799,27.897775987427735,-0.9911140639934546,0.9964830363084052,40.080111,1606.415297772321,0.9958005092928006,3.5931942039795284,-2181.533470123032,4359.356241532425,4102.019731564592,89.96816901465641,0.0,33.1
2022-09-24,64.5,82.4,46.4,999.9,6.5,4.4,9.7,5.022299345293018,40.080111,116.584556,35.35,63.5874018435927,11.830214296482364,27.64610335430898,-0.9932568492674143,0.9964830363084052,40.080111,1606.415297772321,0.9958005092928006,3.5931942039795284,-2181.533470123032,4359.356241532425,4102.019731564592,89.96816901465641,0.0,41.1
2022-09-25,63.3,79.5,50.2,999.9,5.4,2.6,7.8,-80.777518911305,40.080111,116.584556,35.35,62.165984266965374,11.785020714116659,27.394095091541015,-0.9951053111006974,0.9964830363084052,40.080111,1606.415297772321,0.9958005092928006,3.5931942039795284,-2181.533470123032,4359.356241532425,4102.019731564592,89.96816901465641,0.0,51.2
2022-09-26,67.4,83.3,55.4,999.9,4.9,2.7,5.8,56.927085877173724,40.080111,116.584556,35.35,65.93889260235476,11.739862184395506,27.141840313745256,-0.99665890175417,0.9964830363084052,40.080111,1606.415297772321,0.9958005092928006,3.5931942039795284,-2181.533470123032,4359.356241532425,4102.019731564592,89.96816901465641,0.0,56.1
2022-09-27,67.8,86.0,55.4,999.9,4.9,3.2,9.7,43.36453526754954,40.080111,116.584556,35.35,66.07531594329146,11.694746184653356,26.889428902474393,-0.9979171608653922,0.9964830363084052,40.080111,1606.415297772321,0.9958005092928006,3.5931942039795284,-2181.533470123032,4359.356241532425,4102.019731564592,89.96816901465641,0.0,56.8
2022-09-28,69.8,84.4,57.2,999.9,4.5,3.2,7.8,11.209768506749018,40.080111,116.584556,35.35,67.7623067892879,11.649680250307377,26.636951439320875,-0.9988797155850335,0.9964830363084052,40.080111,1606.415297772321,0.9958005092928006,3.5931942039795284,-2181.533470123032,4359.356241532425,4102.019731564592,89.96816901465641,0.0,58.3
2022-09-29,71.0,86.0,59.0,999.9,4.3,3.2,5.8,84.81031211271092,40.080111,116.584556,35.35,68.66097590983459,11.604671984760776,26.384499137473163,-0.9995462806873573,0.9964830363084052,40.080111,1606.415297772321,0.9958005092928006,3.5931942039795284,-2181.533470123032,4359.356241532425,4102.019731564592,89.96816901465641,0.0,61.0
2022-09-30,72.0,85.6,61.2,999.9,4.7,3.2,5.8,-11.04498074036528,40.080111,116.584556,35.35,69.35837441527084,11.559729069211809,26.132163771855062,-0.9999166586547379,0.9964830363084052,40.080111,1606.415297772321,0.9958005092928006,3.5931942039795284,-2181.533470123032,4359.356241532425,4102.019731564592,89.96816901465641,0.0,62.8
2022-10-01,71.4,84.9,62.6,999.9,4.0,4.0,9.7,-13.108404350694155,40.080111,116.584556,35.35,68.51341267050192,11.514859272353265,25.880037607988083,-0.9999907397361901,0.9964830363084052,40.080111,1606.415297772321,0.9958005092928006,3.5931942039795284,-2181.533470123032,4359.356241532425,4102.019731564592,89.96816901465641,0.0,64.1
2022-10-02,66.8,76.6,63.0,999.9,4.7,2.9,5.8,76.36910779456457,40.080111,116.584556,35.35,63.85005889370436,11.470070459946891,25.628213329720136,-0.9997685019798909,0.9964830363084052,40.080111,1606.415297772321,0.9958005092928006,3.5931942039795284,-2181.533470123032,4359.356241532425,4102.019731564592,89.96816901465641,0.0,64.8
2022-10-03,54.3,68.9,41.0,999.9,6.0,9.4,17.5,29.1,40.080111,116.584556,35.35,51.69980198426044,11.425370604256452,25.37678396596675,-0.9992500112396835,0.9964830363084052,40.080111,1606.415297772321,0.9958005092928006,3.5931942039795284,-2181.533470123032,4359.356241532425,4102.019731564592,89.96816901465641,0.0,37.7
2022-10-04,47.5,68.9,33.8,999.9,6.7,4.5,11.7,65.90717844437901,40.080111,116.584556,35.35,45.04887251523592,11.38076779332276,25.12584281661475,-0.9984354211555643,0.9964830363084052,40.080111,1606.415297772321,0.9958005092928006,3.5931942039795284,-2181.533470123032,4359.356241532425,4102.019731564592,89.96816901465641,0.0,26.6
2022-10-05,47.9,62.1,35.6,999.9,6.7,3.1,7.8,16.352221071820054,40.080111,116.584556,35.35,45.25061204158565,11.33627024006321,24.87548337773983,-0.9973249731081555,0.9964830363084052,40.080111,1606.415297772321,0.9958005092928006,3.5931942039795284,-2181.533470123032,4359.356241532425,4102.019731564592,89.96816901465641,0.0,30.3
2022-10-06,51.1,66.2,37.4,999.9,6.3,3.8,9.7,-46.46267296286654,40.080111,116.584556,35.35,48.084615789931796,11.291886291177722,24.6257992662923,-0.9959189961471792,0.9964830363084052,40.080111,1606.415297772321,0.9958005092928006,3.5931942039795284,-2181.533470123032,4359.356241532425,4102.019731564592,89.96816901465641,0.0,36.6
2022-10-07,55.7,68.0,40.3,999.9,5.5,3.6,7.8,-29.773722789184358,40.080111,116.584556,35.35,52.20772342303467,11.2476244358423,24.37688414440663,-0.994217906893952,0.9964830363084052,40.080111,1606.415297772321,0.9958005092928006,3.5931942039795284,-2181.533470123032,4359.356241532425,4102.019731564592,89.96816901465641,0.0,46.3
2022-10-08,52.9,67.8,47.3,999.9,3.5,7.0,27.2,36.9,40.080111,116.584556,35.35,49.388733026635244,11.203493314170567,24.128831643491743,-0.9922222094179324,0.9964830363084052,40.080111,1606.415297772321,0.9958005092928006,3.5931942039795284,-2181.533470123032,4359.356241532425,4102.019731564592,89.96816901465641,0.0,41.6
2022-10-09,53.7,62.6,40.1,999.9,6.7,16.2,27.2,38.9,40.080111,116.584556,35.35,49.93877022126754,11.159501725422913,23.88173528826017,-0.989932495087353,0.9964830363084052,40.080111,1606.415297772321,0.9958005092928006,3.5931942039795284,-2181.533470123032,4359.356241532425,4102.019731564592,89.96816901465641,0.0,19.6
2022-10-10,48.7,68.0,33.8,999.9,6.7,6.6,17.5,27.2,40.080111,116.584556,35.35,45.111047964198,11.115658635942012,23.63568842085425,-0.9873494423939864,0.9964830363084052,40.080111,1606.415297772321,0.9958005092928006,3.5931942039795284,-2181.533470123032,4359.356241532425,4102.019731564592,89.96816901465641,0.0,23.3
2022-10-11,50.5,69.8,35.4,999.9,6.6,3.1,7.8,37.208368954424785,40.080111,116.584556,35.35,46.59455382775219,11.0719731867926,23.390784125227988,-0.9844738167520923,0.9964830363084052,40.080111,1606.415297772321,0.9958005092928006,3.5931942039795284,-2181.533470123032,4359.356241532425,4102.019731564592,89.96816901465641,0.0,32.1
2022-10-12,53.1,69.3,39.0,999.9,5.7,2.7,7.8,-1.8752187265167528,40.080111,116.584556,35.35,48.80091205229062,11.028454701082625,23.14711515194302,-0.9813064702716093,0.9964830363084052,40.080111,1606.415297772321,0.9958005092928006,3.5931942039795284,-2181.533470123032,4359.356241532425,4102.019731564592,89.96816901465641,0.0,42.2
2022-10-13,56.8,68.9,45.7,999.9,3.6,2.4,5.8,67.45481203907022,40.080111,116.584556,35.35,51.99620007045806,10.985112690941843,22.90477384353561,-0.9778483415056567,0.9964830363084052,40.080111,1606.415297772321,0.9958005092928006,3.5931942039795284,-2181.533470123032,4359.356241532425,4102.019731564592,89.96816901465641,0.0,45.7
2022-10-14,56.0,71.6,46.4,999.9,2.9,3.1,7.8,107.3762570291002,40.080111,116.584556,35.35,51.06246536595508,10.941956864133232,22.6638520606117,-0.9741004551724206,0.9964830363084052,40.080111,1606.415297772321,0.9958005092928006,3.5931942039795284,-2181.533470123032,4359.356241532425,4102.019731564592,89.96816901465641,0.0,46.0
2022-10-15,63.6,75.9,48.4,999.9,4.1,5.3,11.7,19.4,40.080111,116.584556,35.35,57.76468479043918,10.898997130271544,22.424441108824315,-0.970063921851507,0.9964830363084052,40.080111,1606.415297772321,0.9958005092928006,3.5931942039795284,-2181.533470123032,4359.356241532425,4102.019731564592,89.96816901465641,0.0,42.3
2022-10-16,56.7,75.9,46.4,999.9,6.6,9.9,15.5,25.3,40.080111,116.584556,35.35,51.29575104129171,10.856243606622582,22.18663166688641,-0.965739937654855,0.9964830363084052,40.080111,1606.415297772321,0.9958005092928006,3.5931942039795284,-2181.533470123032,4359.356241532425,4102.019731564592,89.96816901465641,0.0,10.1
2022-10-17,48.2,66.9,30.2,999.9,6.2,6.0,13.6,69.99192250256853,40.080111,116.584556,35.35,43.435054937547854,10.813706623455897,21.950513715769745,-0.9611297838723007,0.9964830363084052,40.080111,1606.415297772321,0.9958005092928006,3.5931942039795284,-2181.533470123032,4359.356241532425,4102.019731564592,89.96816901465641,0.0,19.9
2022-10-18,46.9,66.9,32.0,999.9,6.2,3.2,7.8,-2.923349977068412,40.080111,116.584556,35.35,42.09820888220644,10.771396728922758,21.716176469237297,-0.9562348265919058,0.9964830363084052,40.080111,1606.415297772321,0.9958005092928006,3.5931942039795284,-2181.533470123032,4359.356241532425,4102.019731564592,89.96816901465641,0.0,25.1
2022-10-19,52.5,70.0,34.9,999.9,6.0,2.8,5.8,57.43977932737286,40.080111,116.584556,35.35,46.940795533758795,10.72932469343058,21.483708305854194,-0.9510565162951536,0.9964830363084052,40.080111,1606.415297772321,0.9958005092928006,3.5931942039795284,-2181.533470123032,4359.356241532425,4102.019731564592,89.96816901465641,0.0,37.7
2022-10-20,53.7,70.0,41.0,999.9,4.4,2.4,5.8,-9.02381283258055,40.080111,116.584556,35.35,47.82656927284163,10.687501513484163,21.253196702617732,-0.9455963874271428,0.9964830363084052,40.080111,1606.415297772321,0.9958005092928006,3.5931942039795284,-2181.533470123032,4359.356241532425,4102.019731564592,89.96816901465641,0.0,41.4
2022-10-21,57.4,71.8,44.4,999.9,3.8,4.5,11.7,-34.85420045624386,40.080111,116.584556,35.35,50.9230720849091,10.645938414963576,21.02472817034396,-0.9398560579418953,0.9964830363084052,40.080111,1606.415297772321,0.9958005092928006,3.5931942039795284,-2181.533470123032,4359.356241532425,4102.019731564592,89.96816901465641,0.0,42.6
2022-10-22,53.2,71.8,35.6,999.9,6.6,6.9,15.5,23.3,40.080111,116.584556,35.35,47.01393439408163,10.604646855807886,20.798388190943417,-0.9338372288229252,0.9964830363084052,40.080111,1606.415297772321,0.9958005092928006,3.5931942039795284,-2181.533470123032,4359.356241532425,4102.019731564592,89.96816901465641,0.0,31.8
2022-10-23,52.4,72.3,37.4,999.9,6.4,3.8,5.8,-90.53598977434422,40.080111,116.584556,35.35,46.12788823925422,10.563638528073486,20.574261156713792,-0.9275416835791965,0.9964830363084052,40.080111,1606.415297772321,0.9958005092928006,3.5931942039795284,-2181.533470123032,4359.356241532425,4102.019731564592,89.96816901465641,0.0,31.8
2022-10-24,51.5,72.3,39.2,999.9,5.9,3.2,5.8,-3.8361829503678013,40.080111,116.584556,35.35,45.160888000481194,10.522925359335423,20.352430311772775,-0.9209712877166347,0.9964830363084052,40.080111,1606.415297772321,0.9958005092928006,3.5931942039795284,-2181.533470123032,4359.356241532425,4102.019731564592,89.96816901465641,0.0,40.8
2022-10-25,54.7,67.8,43.9,999.9,3.8,3.0,5.8,85.6064625825757,40.080111,116.584556,35.35,47.78281811524783,10.482519513399888,20.132977695747982,-0.9141279881853337,0.9964830363084052,40.080111,1606.415297772321,0.9958005092928006,3.5931942039795284,-2181.533470123032,4359.356241532425,4102.019731564592,89.96816901465641,0.0,45.7
2022-10-26,57.0,66.7,49.1,999.9,4.6,6.6,9.7,19.4,40.080111,116.584556,35.35,49.60155860390568,10.442433390295934,19.915984089835643,-0.9070138128026362,0.9964830363084052,40.080111,1606.415297772321,0.9958005092928006,3.5931942039795284,-2181.533470123032,4359.356241532425,4102.019731564592,89.96816901465641,0.0,35.7
2022-10-27,51.1,65.1,48.2,999.9,6.4,2.3,5.8,-28.035423629630017,40.080111,116.584556,35.35,44.29807740531602,10.402679625514526,19.701528965333175,-0.8996308696522434,0.9964830363084052,40.080111,1606.415297772321,0.9958005092928006,3.5931942039795284,-2181.533470123032,4359.356241532425,4102.019731564592,89.96816901465641,0.0,35.1
2022-10-28,51.8,55.6,50.0,999.9,6.3,2.8,5.8,-34.58560123510972,40.080111,116.584556,35.35,44.73478686519991,10.3632710884633,19.489690434744045,-0.8919813464595487,0.9964830363084052,40.080111,1606.415297772321,0.9958005092928006,3.5931942039795284,-2181.533470123032,4359.356241532425,4102.019731564592,89.96816901465641,0.0,39.0
2022-10-29,54.0,57.9,51.1,999.9,6.0,2.5,5.8,117.07908261622333,40.080111,116.584556,35.35,46.45899396047571,10.324220880105713,19.280545205546616,-0.8840675099433637,0.9964830363084052,40.080111,1606.415297772321,0.9958005092928006,3.5931942039795284,-2181.533470123032,4359.356241532425,4102.019731564592,89.96816901465641,0.0,44.6
2022-10-30,54.9,60.4,41.0,999.9,3.5,3.9,17.5,27.2,40.080111,116.584556,35.35,47.05635615862455,10.285542329754001,19.07416853671098,-0.8758917051442433,0.9964830363084052,40.080111,1606.415297772321,0.9958005092928006,3.5931942039795284,-2181.533470123032,4359.356241532425,4102.019731564592,89.96816901465641,0.0,46.0
2022-10-31,49.9,63.1,30.2,999.9,6.5,7.4,15.5,25.3,40.080111,116.584556,35.35,42.611477054183666,10.247248990986053,18.870634198040296,-0.8674563547295971,0.9964830363084052,40.080111,1606.415297772321,0.9958005092928006,3.5931942039795284,-2181.533470123032,4359.356241532425,4102.019731564592,89.96816901465641,0.0,17.7
2022-11-01,49.1,63.1,33.6,999.9,6.2,3.7,9.7,-93.58857298968958,40.080111,116.584556,35.35,41.77327605499024,10.209354636657492,18.670014432405274,-0.858763958275803,0.9964830363084052,40.080111,1606.415297772321,0.9958005092928006,3.5931942039795284,-2181.533470123032,4359.356241532425,4102.019731564592,89.96816901465641,0.0,26.7
2022-11-02,52.8,62.6,39.9,999.9,6.2,3.7,9.7,60.94723266270793,40.080111,116.584556,35.35,44.756242313118214,10.171873252981413,18.472379920931466,-0.8498170915275277,0.9964830363084052,40.080111,1606.415297772321,0.9958005092928006,3.5931942039795284,-2181.533470123032,4359.356241532425,4102.019731564592,89.96816901465641,0.0,37.7
2022-11-03,42.4,61.2,26.6,999.9,6.2,4.6,9.7,-9.285290990061895,40.080111,116.584556,35.35,35.80969391536312,10.13481903264994,18.2777997511913,-0.8406184056344783,0.9964830363084052,40.080111,1606.415297772321,0.9958005092928006,3.5931942039795284,-2181.533470123032,4359.356241532425,4102.019731564592,89.96816901465641,0.0,26.3
2022-11-04,43.3,59.0,24.8,999.9,6.5,4.9,9.7,19.4,40.080111,116.584556,35.35,36.43769464082912,10.09820636697343,18.086341388442907,-0.8311706263658079,0.9964830363084052,40.080111,1606.415297772321,0.9958005092928006,3.5931942039795284,-2181.533470123032,4359.356241532425,4102.019731564592,89.96816901465641,0.0,19.6
2022-11-05,45.2,62.6,30.7,999.9,6.2,3.0,7.8,-85.68337523294996,40.080111,116.584556,35.35,37.90038771942487,10.062049837015453,17.898070649949045,-0.8214765533024145,0.9964830363084052,40.080111,1606.415297772321,0.9958005092928006,3.5931942039795284,-2181.533470123032,4359.356241532425,4102.019731564592,89.96816901465641,0.0,25.4
2022-11-06,44.8,61.7,33.8,999.9,3.6,3.6,7.8,92.90621878720928,40.080111,116.584556,35.35,37.43175969382811,10.02636420370396,17.71305168239998,-0.8115390590073611,0.9964830363084052,40.080111,1606.415297772321,0.9958005092928006,3.5931942039795284,-2181.533470123032,4359.356241532425,4102.019731564592,89.96816901465641,0.0,36.7
2022-11-07,45.0,64.4,28.4,999.9,6.5,3.6,9.7,-44.097469363879384,40.080111,116.584556,35.35,37.466866488381825,9.99116439690182,17.53134694245396,-0.801361088174677,0.9964830363084052,40.080111,1606.415297772321,0.9958005092928006,3.5931942039795284,-2181.533470123032,4359.356241532425,4102.019731564592,89.96816901465641,0.0,21.1
2022-11-08,42.9,62.2,32.0,999.9,6.0,2.0,5.8,19.36483908921507,40.080111,116.584556,35.35,35.59436417473731,9.956465503423024,17.35301718039937,-0.7909456567567774,0.9964830363084052,40.080111,1606.415297772321,0.9958005092928006,3.5931942039795284,-2181.533470123032,4359.356241532425,4102.019731564592,89.96816901465641,0.0,31.2
2022-11-09,49.5,61.7,35.6,999.9,4.1,3.2,5.8,-21.48401133363076,40.080111,116.584556,35.35,40.92941636018443,9.922282753984105,17.178121426932226,-0.780295851070776,0.9964830363084052,40.080111,1606.415297772321,0.9958005092928006,3.5931942039795284,-2181.533470123032,4359.356241532425,4102.019731564592,89.96816901465641,0.0,38.8
2022-11-10,55.5,64.4,41.9,999.9,2.7,2.8,5.8,-72.65226059319899,40.080111,116.584556,35.35,45.734920729513874,9.888631509084082,17.00671698303231,-0.7694148268839381,0.9964830363084052,40.080111,1606.415297772321,0.9958005092928006,3.5931942039795284,-2181.533470123032,4359.356241532425,4102.019731564592,89.96816901465641,0.0,49.2
2022-11-11,53.6,62.4,44.8,999.9,2.0,5.0,19.4,-64.4772776794404,40.080111,116.584556,35.35,44.02135502235264,9.855527243810291,16.838859412910782,-0.7583058084785625,0.9964830363084052,40.080111,1606.415297772321,0.9958005092928006,3.5931942039795284,-2181.533470123032,4359.356241532425,4102.019731564592,89.96816901465641,0.0,51.9
2022-11-12,42.7,55.8,28.4,999.9,6.7,11.8,19.4,-38.99645838844726,40.080111,116.584556,35.35,34.95345684984265,9.822985531571705,16.674602539991373,-0.7469720876965551,0.9964830363084052,40.080111,1606.415297772321,0.9958005092928006,3.5931942039795284,-2181.533470123032,4359.356241532425,4102.019731564592,89.96816901465641,0.0,20.7
2022-11-13,37.1,52.3,26.6,999.9,6.7,3.6,7.8,-68.30755171425287,40.080111,116.584556,35.35,30.270576432751866,9.791022026766102,16.51399844587669,-0.7354170229639858,0.9964830363084052,40.080111,1606.415297772321,0.9958005092928006,3.5931942039795284,-2181.533470123032,4359.356241532425,4102.019731564592,89.96816901465641,0.0,22.2
2022-11-14,39.2,55.4,28.4,999.9,6.1,2.7,5.8,51.69388405688244,40.080111,116.584556,35.35,31.8815313248816,9.759652446392325,16.357097472240028,-0.7236440382959124,0.9964830363084052,40.080111,1606.415297772321,0.9958005092928006,3.5931942039795284,-2181.533470123032,4359.356241532425,4102.019731564592,89.96816901465641,0.0,29.8
2022-11-15,44.3,62.8,28.4,999.9,6.1,4.5,13.6,19.20190928487163,40.080111,116.584556,35.35,35.91582833272094,9.728892550624185,16.20394822557269,-0.711656622281775,0.9964830363084052,40.080111,1606.415297772321,0.9958005092928006,3.5931942039795284,-2181.533470123032,4359.356241532425,4102.019731564592,89.96816901465641,0.0,24.4
2022-11-16,41.8,60.8,30.2,999.9,6.2,2.7,3.9,-12.815174363660613,40.080111,116.584556,35.35,33.78400745958212,9.698758122368075,16.054597584706006,-0.6994583270516471,0.9964830363084052,40.080111,1606.415297772321,0.9958005092928006,3.5931942039795284,-2181.533470123032,4359.356241532425,4102.019731564592,89.96816901465641,0.0,29.2
2022-11-17,42.7,59.0,33.8,999.9,5.3,3.0,5.8,0.5007241089229009,40.080111,116.584556,35.35,34.406467765585816,9.66926494583208,15.90909071101608,-0.6870527672236675,0.9964830363084052,40.080111,1606.415297772321,0.9958005092928006,3.5931942039795284,-2181.533470123032,4359.356241532425,4102.019731564592,89.96816901465641,0.0,33.3
2022-11-18,47.8,59.7,36.9,999.9,4.4,1.8,5.8,94.49288172154722,40.080111,116.584556,35.35,38.401041323493025,9.640428784140509,15.767471061209527,-0.6744436188329457,0.9964830363084052,40.080111,1606.415297772321,0.9958005092928006,3.5931942039795284,-2181.533470123032,4359.356241532425,4102.019731564592,89.96816901465641,0.0,39.4
2022-11-19,45.7,59.0,35.6,999.9,3.2,2.4,7.8,90.1040080212944,40.080111,116.584556,35.35,36.60671056422862,9.612265356033772,15.629780402577435,-0.661634618242279,0.9964830363084052,40.080111,1606.415297772321,0.9958005092928006,3.5931942039795284,-2181.533470123032,4359.356241532425,4102.019731564592,89.96816901465641,0.0,40.2
2022-11-20,44.8,57.7,33.8,999.9,2.6,3.3,5.8,44.41632188829754,40.080111,116.584556,35.35,35.78321716368017,9.584790311700047,15.496058830594993,-0.6486295610349818,0.9964830363084052,40.080111,1606.415297772321,0.9958005092928006,3.5931942039795284,-2181.533470123032,4359.356241532425,4102.019731564592,89.96816901465641,0.0,42.0
2022-11-21,43.2,55.4,35.6,999.9,5.9,2.3,7.8,81.36441970664558,40.080111,116.584556,35.35,34.408869148049675,9.558019207791576,15.366344788734425,-0.6354323008901775,0.9964830363084052,40.080111,1606.415297772321,0.9958005092928006,3.5931942039795284,-2181.533470123032,4359.356241532425,4102.019731564592,89.96816901465641,0.0,29.7
2022-11-22,42.8,55.4,30.2,999.9,5.6,2.6,7.8,-12.21782516111051,40.080111,116.584556,35.35,33.997350684676036,9.531967481684871,15.240675090349038,-0.622046748440868,0.9964830363084052,40.080111,1606.415297772321,0.9958005092928006,3.5931942039795284,-2181.533470123032,4359.356241532425,4102.019731564592,89.96816901465641,0.0,36.0
2022-11-23,43.0,55.6,32.0,999.9,4.3,2.1,5.8,-5.057522668949559,40.080111,116.584556,35.35,34.06549735643213,9.506650425050829,15.119084942477684,-0.6084768701151264,0.9964830363084052,40.080111,1606.415297772321,0.9958005092928006,3.5931942039795284,-2181.533470123032,4359.356241532425,4102.019731564592,89.96816901465641,0.0,36.7
2022-11-24,44.5,55.6,33.8,999.9,1.6,2.2,5.8,28.50780047126004,40.080111,116.584556,35.35,35.16272503982624,9.482083156807077,15.00160797140984,-0.594726686960764,0.9964830363084052,40.080111,1606.415297772321,0.9958005092928006,3.5931942039795284,-2181.533470123032,4359.356241532425,4102.019731564592,89.96816901465641,0.0,42.4
2022-11-25,41.9,56.1,23.0,999.9,5.6,11.2,21.4,31.1,40.080111,116.584556,35.35,33.02516307939708,9.458280595531384,14.888276249843692,-0.5808002734538013,0.9964830363084052,40.080111,1606.415297772321,0.9958005092928006,3.5931942039795284,-2181.533470123032,4359.356241532425,4102.019731564592,89.96816901465641,0.0,8.2
2022-11-26,33.6,56.1,28.4,999.9,6.7,4.7,9.7,34.29948468988689,40.080111,116.584556,35.35,26.41872080797934,9.435257431421192,14.779120325462257,-0.5667017562911184,0.9964830363084052,40.080111,1606.415297772321,0.9958005092928006,3.5931942039795284,-2181.533470123032,4359.356241532425,4102.019731564592,89.96816901465641,0.0,3.6
2022-11-27,40.7,46.4,30.9,999.9,6.4,4.0,7.8,11.202588197815771,40.080111,116.584556,35.35,31.92585363201127,9.4130280978903,14.674169250745628,-0.5524353131676203,0.9964830363084052,40.080111,1606.415297772321,0.9958005092928006,3.5931942039795284,-2181.533470123032,4359.356241532425,4102.019731564592,89.96816901465641,0.0,16.1
2022-11-28,38.8,55.9,21.2,999.9,6.3,14.6,27.2,38.9,40.080111,116.584556,35.35,30.3661951353751,9.391606742899517,14.573450613831382,-0.5380051715382992,0.9964830363084052,40.080111,1606.415297772321,0.9958005092928006,3.5931942039795284,-2181.533470123032,4359.356241532425,4102.019731564592,89.96816901465641,0.0,5.5
2022-11-29,18.4,24.8,12.6,999.9,6.7,12.3,21.4,27.2,40.080111,116.584556,35.35,14.368877706855912,9.371007200123422,14.476990570230228,-0.5234156073655503,0.9964830363084052,40.080111,1606.415297772321,0.9958005092928006,3.5931942039795284,-2181.533470123032,4359.356241532425,4102.019731564592,89.96816901465641,0.0,-15.4
2022-11-30,19.1,30.2,6.8,999.9,6.7,8.0,17.5,23.3,40.080111,116.584556,35.35,14.884061711429316,9.351242960060302,14.384813875199127,-0.5086709438521042,0.9964830363084052,40.080111,1606.415297772321,0.9958005092928006,3.5931942039795284,-2181.533470123032,4359.356241532425,4102.019731564592,89.96816901465641,0.0,-8.6
2022-12-01,23.5,33.8,8.6,999.9,6.7,8.1,19.4,27.2,40.080111,116.584556,35.35,18.27580731817713,9.332327141196831,14.296943916571095,-0.49377555015997737,0.9964830363084052,40.080111,1606.415297772321,0.9958005092928006,3.5931942039795284,-2181.533470123032,4359.356241532425,4102.019731564592,89.96816901465641,0.0,-3.7
2022-12-02,20.4,33.1,12.2,999.9,6.2,3.5,11.7,3.8830928038744528,40.080111,116.584556,35.35,15.834263184282785,9.314272461342815,14.213402747838034,-0.4787338401157883,0.9964830363084052,40.080111,1606.415297772321,0.9958005092928006,3.5931942039795284,-2181.533470123032,4359.356241532425,4102.019731564592,89.96816901465641,0.0,7.2
2022-12-03,22.8,36.7,6.8,999.9,6.7,6.2,13.6,144.4789166566696,40.080111,116.584556,35.35,17.664473297583864,9.297091209254665,14.134211121281554,-0.4635502709028512,0.9964830363084052,40.080111,1606.415297772321,0.9958005092928006,3.5931942039795284,-2181.533470123032,4359.356241532425,4102.019731564592,89.96816901465641,0.0,-3.7
2022-12-04,21.8,37.4,10.4,999.9,6.6,3.0,7.8,65.41538985986274,40.080111,116.584556,35.35,16.860111310281592,9.280795216668766,14.059388520946385,-0.4482293417404106,0.9964830363084052,40.080111,1606.415297772321,0.9958005092928006,3.5931942039795284,-2181.533470123032,4359.356241532425,4102.019731564592,89.96816901465641,0.0,3.5
2022-12-05,23.7,41.9,8.6,999.9,6.3,4.7,11.7,9.397323476472938,40.080111,116.584556,35.35,18.299156765963588,9.26539583086764,13.988953195251337,-0.4327755925504317,0.9964830363084052,40.080111,1606.415297772321,0.9958005092928006,3.5931942039795284,-2181.533470123032,4359.356241532425,4102.019731564592,89.96816901465641,0.0,0.7
2022-12-06,25.8,44.6,10.4,999.9,6.1,4.0,13.6,54.75998247479123,40.080111,116.584556,35.35,19.88944335899126,9.250903887902913,13.922922189034896,-0.41719360261231697,0.9964830363084052,40.080111,1606.415297772321,0.9958005092928006,3.5931942039795284,-2181.533470123032,4359.356241532425,4102.019731564592,89.96816901465641,0.0,6.0
2022-12-07,31.7,46.8,18.3,999.9,6.2,3.0,9.7,-18.38487238979394,40.080111,116.584556,35.35,24.401945922099316,9.23732968659911,13.86131137483493,-0.4014879892059737,0.9964830363084052,40.080111,1606.415297772321,0.9958005092928006,3.5931942039795284,-2181.533470123032,4359.356241532425,4102.019731564592,89.96816901465641,0.0,7.8
2022-12-08,31.8,50.0,15.8,999.9,6.3,3.0,7.8,-57.82668371669709,40.080111,116.584556,35.35,24.445409853173324,9.224682963461632,13.80413548320657,-0.38566340624360745,0.9964830363084052,40.080111,1606.415297772321,0.9958005092928006,3.5931942039795284,-2181.533470123032,4359.356241532425,4102.019731564592,89.96816901465641,0.0,11.5
2022-12-09,35.5,49.1,21.2,999.9,6.4,7.4,21.4,29.1,40.080111,116.584556,35.35,27.2550447363063,9.21297286861058,13.751408131886995,-0.3697245428906732,0.9964830363084052,40.080111,1606.415297772321,0.9958005092928006,3.5931942039795284,-2181.533470123032,4359.356241532425,4102.019731564592,89.96816901465641,0.0,12.6
2022-12-10,30.3,46.0,21.2,999.9,6.7,11.0,17.5,4.562225686086645,40.080111,116.584556,35.35,23.235575055720275,9.202207942859514,13.703141853622688,-0.3536761221763721,0.9964830363084052,40.080111,1606.415297772321,0.9958005092928006,3.5931942039795284,-2181.533470123032,4359.356241532425,4102.019731564592,89.96816901465641,0.0,2.1
2022-12-11,31.8,40.8,23.0,999.9,6.7,5.3,19.4,27.2,40.080111,116.584556,35.35,24.359849654544924,9.192396096054688,13.659348122481685,-0.33752289959411347,0.9964830363084052,40.080111,1606.415297772321,0.9958005092928006,3.5931942039795284,-2181.533470123032,4359.356241532425,4102.019731564592,89.96816901465641,0.0,5.2
2022-12-12,33.3,40.8,23.0,999.9,3.6,14.5,25.3,36.9,40.080111,116.584556,35.35,25.484336228330687,9.183544586785834,13.620037378482502,-0.32126966169236515,0.9964830363084052,40.080111,1606.415297772321,0.9958005092928006,3.5931942039795284,-2181.533470123032,4359.356241532425,4102.019731564592,89.96816901465641,0.0,-3.9
2022-12-13,19.2,37.6,3.2,999.9,6.2,11.5,19.4,29.1,40.080111,116.584556,35.35,14.681056005718673,9.17566000357417,13.585219050380543,-0.3049212246562894,0.9964830363084052,40.080111,1606.415297772321,0.9958005092928006,3.5931942039795284,-2181.533470123032,4359.356241532425,4102.019731564592,89.96816901465641,0.0,-13.2
2022-12-14,22.8,31.8,8.6,999.9,6.4,5.1,13.6,6.496143441841506,40.080111,116.584556,35.35,17.420621670510318,9.168748247637009,13.55490157646403,-0.2884824328806098,0.9964830363084052,40.080111,1606.415297772321,0.9958005092928006,3.5931942039795284,-2181.533470123032,4359.356241532425,4102.019731564592,89.96816901465641,0.0,-2.1
2022-12-15,20.7,31.8,12.2,999.9,6.6,7.4,15.5,-97.10241208869195,40.080111,116.584556,35.35,15.80585504237902,9.162814517321172,13.529092423222686,-0.27195815753410524,0.9964830363084052,40.080111,1606.415297772321,0.9958005092928006,3.5931942039795284,-2181.533470123032,4359.356241532425,4102.019731564592,89.96816901465641,0.0,-7.0
2022-12-16,20.3,30.2,6.8,999.9,6.7,12.9,27.2,35.0,40.080111,116.584556,35.35,15.49205207283963,9.157863294289436,13.507798101765427,-0.2553532951161881,0.9964830363084052,40.080111,1606.415297772321,0.9958005092928006,3.5931942039795284,-2181.533470123032,4359.356241532425,4102.019731564592,89.96816901465641,0.0,-12.7
2022-12-17,16.6,30.2,5.0,999.9,6.7,8.4,17.5,27.2,40.080111,116.584556,35.35,12.662892691957467,9.153898331535517,13.491024181876504,-0.23867276600594997,0.9964830363084052,40.080111,1606.415297772321,0.9958005092928006,3.5931942039795284,-2181.533470123032,4359.356241532425,4102.019731564592,89.96816901465641,0.0,-8.8
2022-12-18,17.1,31.5,5.0,999.9,6.6,2.6,5.8,61.598948044772996,40.080111,116.584556,35.35,13.040064766693392,9.150922643293608,13.478775303613823,-0.22192151300416674,0.9964830363084052,40.080111,1606.415297772321,0.9958005092928006,3.5931942039795284,-2181.533470123032,4359.356241532425,4102.019731564592,89.96816901465641,0.0,-1.1
2022-12-19,21.1,37.4,8.6,999.9,6.2,2.9,7.8,-6.485576650262182,40.080111,116.584556,35.35,16.08688352371324,9.148938496898525,13.471055186368098,-0.20510449986861926,0.9964830363084052,40.080111,1606.415297772321,0.9958005092928006,3.5931942039795284,-2181.533470123032,4359.356241532425,4102.019731564592,89.96816901465641,0.0,4.4
2022-12-20,27.1,37.0,13.8,999.9,6.2,6.6,19.4,27.2,40.080111,116.584556,35.35,20.659114559999658,9.147947406641913,13.46786663531688,-0.1882267098432439,0.9964830363084052,40.080111,1606.415297772321,0.9958005092928006,3.5931942039795284,-2181.533470123032,4359.356241532425,4102.019731564592,89.96816901465641,0.0,5.7
2022-12-21,25.1,36.7,12.2,999.9,6.7,8.7,19.4,23.3,40.080111,116.584556,35.35,19.134462354536637,9.14795012965895,13.469211545223475,-0.1712931441814778,0.9964830363084052,40.080111,1606.415297772321,0.9958005092928006,3.5931942039795284,-2181.533470123032,4359.356241532425,4102.019731564592,89.96816901465641,0.0,1.4
2022-12-22,21.0,32.7,14.0,999.9,6.7,13.4,23.3,29.1,40.080111,116.584556,35.35,16.010656661770284,9.148946663868733,13.475090901546984,-0.154308820664281,0.9964830363084052,40.080111,1606.415297772321,0.9958005092928006,3.5931942039795284,-2181.533470123032,4359.356241532425,4102.019731564592,89.96816901465641,0.0,-7.8
2022-12-23,22.4,32.9,14.0,999.9,6.7,6.2,11.7,29.654729633002166,40.080111,116.584556,35.35,17.081747662895896,9.150936247979946,13.485504778846373,-0.13727877211326517,0.9964830363084052,40.080111,1606.415297772321,0.9958005092928006,3.5931942039795284,-2181.533470123032,4359.356241532425,4102.019731564592,89.96816901465641,0.0,-5.6
2022-12-24,25.1,39.4,14.0,999.9,6.7,5.3,9.7,-65.18990684116258,40.080111,116.584556,35.35,19.146943818783352,9.153917363561762,13.500452336478007,-0.12020804489935275,0.9964830363084052,40.080111,1606.415297772321,0.9958005092928006,3.5931942039795284,-2181.533470123032,4359.356241532425,4102.019731564592,89.96816901465641,0.0,-1.9
2022-12-25,21.9,39.4,10.4,999.9,6.5,3.4,5.8,-40.92895988201395,40.080111,116.584556,35.35,16.71314512398222,9.15788773916834,13.51993181160284,-0.10310169744743544,0.9964830363084052,40.080111,1606.415297772321,0.9958005092928006,3.5931942039795284,-2181.533470123032,4359.356241532425,4102.019731564592,89.96816901465641,0.0,-0.8
2022-12-26,25.0,39.2,10.4,999.9,6.5,4.5,13.6,89.38623253896405,40.080111,116.584556,35.35,19.089259076028455,9.162844356493657,13.543940509536132,-0.0859647987374467,0.9964830363084052,40.080111,1606.415297772321,0.9958005092928006,3.5931942039795284,-2181.533470123032,4359.356241532425,4102.019731564592,89.96816901465641,0.0,0.6
2022-12-27,21.6,38.8,6.8,999.9,6.7,7.0,17.5,40.815543702637854,40.080111,116.584556,35.35,16.50381022533997,9.168783458522203,13.572474791488789,-0.06880242680232064,0.9964830363084052,40.080111,1606.415297772321,0.9958005092928006,3.5931942039795284,-2181.533470123032,4359.356241532425,4102.019731564592,89.96816901465641,0.0,-0.7
2022-12-28,27.1,37.8,12.2,999.9,6.3,7.9,17.5,23.3,40.080111,116.584556,35.35,20.721790430497627,9.175700559629945,13.605530059765634,-0.05161966722325418,0.9964830363084052,40.080111,1606.415297772321,0.9958005092928006,3.5931942039795284,-2181.533470123032,4359.356241532425,4102.019731564592,89.96816901465641,0.0,-1.1
2022-12-29,21.5,38.1,6.8,999.9,6.7,5.3,15.5,115.418005367242,40.080111,116.584556,35.35,16.453932903163437,9.183590457579594,13.643100740501477,-0.034421611622745804,0.9964830363084052,40.080111,1606.415297772321,0.9958005092928006,3.5931942039795284,-2181.533470123032,4359.356241532425,4102.019731564592,89.96816901465641,0.0,-1.6
2022-12-30,22.0,39.6,8.6,999.9,6.3,3.5,5.8,181.64345477229645,40.080111,116.584556,35.35,16.852819953463918,9.192447247343955,13.685180264030954,-0.01721335615583528,0.9964830363084052,40.080111,1606.415297772321,0.9958005092928006,3.5931942039795284,-2181.533470123032,4359.356241532425,4102.019731564592,89.96816901465641,0.0,2.2
2022-12-31,25.5,45.9,10.4,999.9,6.2,3.5,7.8,-4.183841574949826,40.080111,116.584556,35.35,19.554811715449027,9.202264336681894,13.731761043002553,6.432490598706546e-16,0.9964830363084052,40.080111,1606.415297772321,0.9958005092928006,3.5931942039795284,-2181.533470123032,4359.356241532425,4102.019731564592,89.96816901465641,0.0,3.8
2023-01-01,28.8,45.9,14.0,999.9,6.6,5.9,11.7,-10.904538009097969,40.080111,116.584556,35.35,22.11128271211834,9.213034463382641,13.78283444836103,0.017213356155834685,0.9964830363084052,40.080111,1606.415297772321,0.9958005092928006,3.5931942039795284,-2181.533470123032,4359.356241532425,4102.019731564592,89.96816901465641,0.0,5.6
2023-01-02,23.3,40.3,12.2,999.9,6.7,5.4,9.7,76.57297174405653,40.080111,116.584556,35.35,17.911389028183905,9.224749714086132,13.838390783335127,0.03442161162274574,0.9964830363084052,40.080111,1606.415297772321,0.9958005092928006,3.5931942039795284,-2181.533470123032,4359.356241532425,4102.019731564592,89.96816901465641,0.0,0.6
2023-01-03,21.7,38.5,10.4,999.9,6.7,3.2,7.8,181.9497725858663,40.080111,116.584556,35.35,16.704301126448918,9.237401544580047,13.898419255579952,0.051619667223253764,0.9964830363084052,40.080111,1606.415297772321,0.9958005092928006,3.5931942039795284,-2181.533470123032,4359.356241532425,4102.019731564592,89.96816901465641,0.0,3.4
2023-01-04,24.0,41.7,10.4,999.9,6.3,2.5,5.8,30.209565693890717,40.080111,116.584556,35.35,18.501961602935573,9.250980801467787,13.962907947633797,0.06880242680231986,0.9964830363084052,40.080111,1606.415297772321,0.9958005092928006,3.5931942039795284,-2181.533470123032,4359.356241532425,4102.019731564592,89.96816901465641,0.0,8.7
2023-01-05,26.0,41.7,12.2,999.9,5.0,2.7,9.7,62.50423430100571,40.080111,116.584556,35.35,20.075201781041986,9.265477745096302,14.031843785859946,0.08596479873744647,0.9964830363084052,40.080111,1606.415297772321,0.9958005092928006,3.5931942039795284,-2181.533470123032,4359.356241532425,4102.019731564592,89.96816901465641,0.0,13.9
2023-01-06,30.8,48.6,14.0,999.9,5.5,5.9,21.4,31.1,40.080111,116.584556,35.35,23.82093065564578,9.280882073628225,14.105212508052281,0.10310169744743485,0.9964830363084052,40.080111,1606.415297772321,0.9958005092928006,3.5931942039795284,-2181.533470123032,4359.356241532425,4102.019731564592,89.96816901465641,0.0,8.9
2023-01-07,28.3,48.6,19.4,999.9,6.2,2.7,5.8,55.550787146321575,40.080111,116.584556,35.35,21.925856452694884,9.297182948139174,14.18299862989209,0.1202080448993527,0.9964830363084052,40.080111,1606.415297772321,0.9958005092928006,3.5931942039795284,-2181.533470123032,4359.356241532425,4102.019731564592,89.96816901465641,0.0,9.4
2023-01-08,40.8,54.0,21.2,999.9,6.2,6.0,9.7,-4.145842956008121,40.080111,116.584556,35.35,31.66885466330311,9.314369018618562,14.26518541044956,0.13727877211326478,0.9964830363084052,40.080111,1606.415297772321,0.9958005092928006,3.5931942039795284,-2181.533470123032,4359.356241532425,4102.019731564592,89.96816901465641,0.0,7.2
2023-01-09,34.7,54.0,17.6,999.9,6.4,3.6,5.8,22.62272424715747,40.080111,116.584556,35.35,26.986272270087156,9.3324284507506,14.351754816929544,0.15430882066428117,0.9964830363084052,40.080111,1606.415297772321,0.9958005092928006,3.5931942039795284,-2181.533470123032,4359.356241532425,4102.019731564592,89.96816901465641,0.0,9.3
2023-01-10,26.6,47.8,15.8,999.9,6.2,2.3,5.8,66.11223475410983,40.080111,116.584556,35.35,20.728823513262178,9.351348953351357,14.442687488865367,0.1712931441814776,0.9964830363084052,40.080111,1606.415297772321,0.9958005092928006,3.5931942039795284,-2181.533470123032,4359.356241532425,4102.019731564592,89.96816901465641,0.0,14.4
2023-01-11,33.6,45.5,17.6,999.9,6.2,2.3,3.9,36.97890930517993,40.080111,116.584556,35.35,26.239129857746352,9.371117806337983,14.537962701967793,0.1882267098432442,0.9964830363084052,40.080111,1606.415297772321,0.9958005092928006,3.5931942039795284,-2181.533470123032,4359.356241532425,4102.019731564592,89.96816901465641,0.0,15.4
2023-01-12,34.8,39.6,22.8,999.9,3.6,5.7,9.7,-97.77026895352306,40.080111,116.584556,35.35,27.235993478410762,9.39172188910716,14.637558331838472,0.2051044998686192,0.9964830363084052,40.080111,1606.415297772321,0.9958005092928006,3.5931942039795284,-2181.533470123032,4359.356241532425,4102.019731564592,89.96816901465641,0.0,26.7
2023-01-13,33.4,45.1,21.2,999.9,5.2,11.1,15.5,19.4,40.080111,116.584556,35.35,26.199927790611056,9.413147709201578,14.741450817758055,0.2219215130041655,0.9964830363084052,40.080111,1606.415297772321,0.9958005092928006,3.5931942039795284,-2181.533470123032,4359.356241532425,4102.019731564592,89.96816901465641,0.0,16.9
2023-01-14,19.8,45.1,5.0,999.9,6.7,9.6,15.5,0.03064768366605719,40.080111,116.584556,35.35,15.568379361390734,9.435381431145899,14.849615126759371,0.2386727660059501,0.9964830363084052,40.080111,1606.415297772321,0.9958005092928006,3.5931942039795284,-2181.533470123032,4359.356241532425,4102.019731564592,89.96816901465641,0.0,-8.4
2023-01-15,18.3,32.4,3.2,999.9,6.6,7.4,17.5,-34.46665618765589,40.080111,116.584556,35.35,14.424073580638607,9.45840890533679,14.962024718194366,0.255353295116187,0.9964830363084052,40.080111,1606.415297772321,0.9958005092928006,3.5931942039795284,-2181.533470123032,4359.356241532425,4102.019731564592,89.96816901465641,0.0,-3.6
2023-01-16,24.8,34.5,6.8,999.9,6.3,5.3,9.7,-24.929100857252415,40.080111,116.584556,35.35,19.596579106876145,9.482215696875555,15.0786515090021,0.2719581575341055,0.9964830363084052,40.080111,1606.415297772321,0.9958005092928006,3.5931942039795284,-2181.533470123032,4359.356241532425,4102.019731564592,89.96816901465641,0.0,0.7
2023-01-17,26.3,38.1,8.6,999.9,6.2,6.9,13.6,19.4,40.080111,116.584556,35.35,20.835708425367894,9.506787114236301,15.199465839881087,0.288482432880609,0.9964830363084052,40.080111,1606.415297772321,0.9958005092928006,3.5931942039795284,-2181.533470123032,4359.356241532425,4102.019731564592,89.96816901465641,0.0,2.7
2023-01-18,23.5,39.2,8.6,999.9,6.2,3.4,7.8,87.74346820346386,40.080111,116.584556,35.35,18.667045298765565,9.532108237667522,15.324436442565856,0.30492122465628907,0.9964830363084052,40.080111,1606.415297772321,0.9958005092928006,3.5931942039795284,-2181.533470123032,4359.356241532425,4102.019731564592,89.96816901465641,0.0,6.6
2023-01-19,27.4,40.3,15.8,999.9,6.2,12.4,21.4,31.1,40.080111,116.584556,35.35,21.82447434617591,9.558163947230327,15.453530408402132,0.3212696616923644,0.9964830363084052,40.080111,1606.415297772321,0.9958005092928006,3.5931942039795284,-2181.533470123032,4359.356241532425,4102.019731564592,89.96816901465641,0.0,-7.0
2023-01-20,18.8,40.3,5.0,999.9,6.6,4.8,9.7,19.4,40.080111,116.584556,35.35,15.016404355598926,9.584938950382293,15.586713158409571,0.3375228995941133,0.9964830363084052,40.080111,1606.415297772321,0.9958005092928006,3.5931942039795284,-2181.533470123032,4359.356241532425,4102.019731564592,89.96816901465641,0.0,-9.3
2023-01-21,20.1,34.3,8.6,999.9,6.2,3.3,5.8,-89.07494698926183,40.080111,116.584556,35.35,16.10079983011178,9.612417809021958,15.7239484150142,0.3536761221763716,0.9964830363084052,40.080111,1606.415297772321,0.9958005092928006,3.5931942039795284,-2181.533470123032,4359.356241532425,4102.019731564592,89.96816901465641,0.0,1.0
2023-01-22,28.2,40.6,14.0,999.9,5.5,4.2,11.7,-25.002982490041095,40.080111,116.584556,35.35,22.6553746699005,9.640584965915107,15.865198175625505,0.3697245428906731,0.9964830363084052,40.080111,1606.415297772321,0.9958005092928006,3.5931942039795284,-2181.533470123032,4359.356241532425,4102.019731564592,89.96816901465641,0.0,9.9
2023-01-23,14.1,40.6,3.2,999.9,6.0,14.5,27.2,36.9,40.080111,116.584556,35.35,11.361574105255944,9.66942477043059,16.010422688225255,0.38566340624360707,0.9964830363084052,40.080111,1606.415297772321,0.9958005092928006,3.5931942039795284,-2181.533470123032,4359.356241532425,4102.019731564592,89.96816901465641,0.0,-16.9
2023-01-24,9.1,25.0,-5.8,999.9,6.5,7.1,15.5,21.4,40.080111,116.584556,35.35,7.355015473502459,9.698921503519728,16.15958042912655,0.401487989205973,0.9964830363084052,40.080111,1606.415297772321,0.9958005092928006,3.5931942039795284,-2181.533470123032,4359.356241532425,4102.019731564592,89.96816901465641,0.0,-18.1
2023-01-25,11.9,24.1,-4.0,999.9,6.2,3.5,9.7,-12.292166727130734,40.080111,116.584556,35.35,9.647983906864358,9.729059401880024,16.312628083052655,0.4171936026123168,0.9964830363084052,40.080111,1606.415297772321,0.9958005092928006,3.5931942039795284,-2181.533470123032,4359.356241532425,4102.019731564592,89.96816901465641,0.0,-7.8
2023-01-26,24.3,34.3,4.1,999.9,6.2,7.6,15.5,39.67018567167547,40.080111,116.584556,35.35,19.763640929532027,9.759822681250384,16.46952052567572,0.4327755925504312,0.9964830363084052,40.080111,1606.415297772321,0.9958005092928006,3.5931942039795284,-2181.533470123032,4359.356241532425,4102.019731564592,89.96816901465641,0.0,-3.8
2023-01-27,29.5,35.6,13.8,999.9,6.7,10.6,19.4,31.1,40.080111,116.584556,35.35,24.07002241536238,9.791195558791477,16.630210808745577,0.4482293417404106,0.9964830363084052,40.080111,1606.415297772321,0.9958005092928006,3.5931942039795284,-2181.533470123032,4359.356241532425,4102.019731564592,89.96816901465641,0.0,-7.6
2023-01-28,31.9,42.8,17.6,999.9,6.5,6.1,19.4,25.3,40.080111,116.584556,35.35,26.11323971307579,9.823162274511269,16.794650147928657,0.4635502709028509,0.9964830363084052,40.080111,1606.415297772321,0.9958005092928006,3.5931942039795284,-2181.533470123032,4359.356241532425,4102.019731564592,89.96816901465641,0.0,-3.1
2023-01-29,33.2,50.0,14.0,999.9,6.3,6.5,15.5,23.3,40.080111,116.584556,35.35,27.267456342375365,9.855707111701937,16.962787913466684,0.47873384011578846,0.9964830363084052,40.080111,1606.415297772321,0.9958005092928006,3.5931942039795284,-2181.533470123032,4359.356241532425,4102.019731564592,89.96816901465641,0.0,4.3
2023-01-30,28.6,50.0,14.0,999.9,6.4,2.8,5.8,16.740887100730117,40.080111,116.584556,35.35,23.568341025658764,9.88881441636032,17.134571623754038,0.49377555015997715,0.9964830363084052,40.080111,1606.415297772321,0.9958005092928006,3.5931942039795284,-2181.533470123032,4359.356241532425,4102.019731564592,89.96816901465641,0.0,7.5
2023-01-31,40.1,57.2,19.4,999.9,6.2,12.6,25.3,33.0,40.080111,116.584556,35.35,33.157582623696136,9.922468615569915,17.309946941921726,0.5086709438521044,0.9964830363084052,40.080111,1606.415297772321,0.9958005092928006,3.5931942039795284,-2181.533470123032,4359.356241532425,4102.019731564592,89.96816901465641,0.0,1.1
2023-02-01,27.9,57.2,17.6,999.9,6.7,4.5,11.7,-24.642103734134785,40.080111,116.584556,35.35,23.149221095974873,9.956654234827903,17.488857675505308,0.5234156073655503,0.9964830363084052,40.080111,1606.415297772321,0.9958005092928006,3.5931942039795284,-2181.533470123032,4359.356241532425,4102.019731564592,89.96816901465641,0.0,-5.8
2023-02-02,24.1,39.7,12.2,999.9,6.6,3.1,5.8,-43.41143727698955,40.080111,116.584556,35.35,20.065973127897784,9.99135591430595,17.671245779262645,0.5380051715382996,0.9964830363084052,40.080111,1606.415297772321,0.9958005092928006,3.5931942039795284,-2181.533470123032,4359.356241532425,4102.019731564592,89.96816901465641,0.0,-1.9
2023-02-03,25.3,42.4,12.2,999.9,6.5,3.1,5.8,-28.63664197082393,40.080111,116.584556,35.35,21.139327344014546,10.02655842403852,17.85705136119657,0.5524353131676196,0.9964830363084052,40.080111,1606.415297772321,0.9958005092928006,3.5931942039795284,-2181.533470123032,4359.356241532425,4102.019731564592,89.96816901465641,0.0,1.5
2023-02-04,30.0,48.6,14.0,999.9,6.2,3.6,9.7,11.7,40.080111,116.584556,35.35,25.155616695092544,10.062246678037017,18.046212691826472,0.5667017562911176,0.9964830363084052,40.080111,1606.415297772321,0.9958005092928006,3.5931942039795284,-2181.533470123032,4359.356241532425,4102.019731564592,89.96816901465641,0.0,5.3
2023-02-05,28.8,48.6,18.9,999.9,5.4,2.1,5.8,12.189942913985183,40.080111,116.584556,35.35,24.23617379359804,10.098405747332517,18.23866621674163,0.5808002734538009,0.9964830363084052,40.080111,1606.415297772321,0.9958005092928006,3.5931942039795284,-2181.533470123032,4359.356241532425,4102.019731564592,89.96816901465641,0.0,13.9
2023-02-06,32.3,48.2,14.0,999.9,5.6,3.2,7.8,-20.043576374603028,40.080111,116.584556,35.35,27.28009784700891,10.135020871953776,18.43434657245861,0.5947266869607634,0.9964830363084052,40.080111,1606.415297772321,0.9958005092928006,3.5931942039795284,-2181.533470123032,4359.356241532425,4102.019731564592,89.96816901465641,0.0,14.6
2023-02-07,29.3,47.1,14.0,999.9,6.2,3.4,7.8,105.32804567207191,40.080111,116.584556,35.35,24.836822493769347,10.172077471850926,18.63318660559378,0.6084768701151261,0.9964830363084052,40.080111,1606.415297772321,0.9958005092928006,3.5931942039795284,-2181.533470123032,4359.356241532425,4102.019731564592,89.96816901465641,0.0,10.3
2023-02-08,35.9,46.4,23.0,999.9,6.6,3.9,7.8,8.813913170126963,40.080111,116.584556,35.35,30.54360379402948,10.209561156778657,18.83511739535171,0.6220467484408675,0.9964830363084052,40.080111,1606.415297772321,0.9958005092928006,3.5931942039795284,-2181.533470123032,4359.356241532425,4102.019731564592,89.96816901465641,0.0,9.9
2023-02-09,26.8,45.5,12.2,999.9,3.4,3.1,5.8,-75.79763795491792,40.080111,116.584556,35.35,22.885988941847707,10.24745773515569,19.040068279319666,0.6354323008901774,0.9964830363084052,40.080111,1606.415297772321,0.9958005092928006,3.5931942039795284,-2181.533470123032,4359.356241532425,4102.019731564592,89.96816901465641,0.0,20.1
2023-02-10,32.2,38.1,21.2,999.9,2.7,3.6,7.8,48.35930656458183,40.080111,116.584556,35.35,27.60010447881896,10.285753221920109,19.247966882548155,0.6486295610349814,0.9964830363084052,40.080111,1606.415297772321,0.9958005092928006,3.5931942039795284,-2181.533470123032,4359.356241532425,4102.019731564592,89.96816901465641,0.0,27.0
2023-02-11,35.8,38.1,23.7,999.9,2.3,2.8,5.8,-13.265903984239525,40.080111,116.584556,35.35,30.80122763878413,10.324433845402503,19.458739149887414,0.6616346182422783,0.9964830363084052,40.080111,1606.415297772321,0.9958005092928006,3.5931942039795284,-2181.533470123032,4359.356241532425,4102.019731564592,89.96816901465641,0.0,29.9
2023-02-12,31.7,38.1,23.0,999.9,3.7,4.0,7.8,36.13412142407468,40.080111,116.584556,35.35,27.376875657311732,10.363486053241035,19.67230938154009,0.6744436188329455,0.9964830363084052,40.080111,1606.415297772321,0.9958005092928006,3.5931942039795284,-2181.533470123032,4359.356241532425,4102.019731564592,89.96816901465641,0.0,28.9
2023-02-13,34.4,43.2,23.0,999.9,6.7,8.2,13.6,23.3,40.080111,116.584556,35.35,29.8216366831111,10.402896517364338,19.88860027178076,0.6870527672236669,0.9964830363084052,40.080111,1606.415297772321,0.9958005092928006,3.5931942039795284,-2181.533470123032,4359.356241532425,4102.019731564592,89.96816901465641,0.0,7.4
2023-02-14,32.7,43.2,19.4,999.9,6.7,3.9,7.8,-18.998810395149896,40.080111,116.584556,35.35,28.456227076240086,10.442652138069755,20.107532950783654,0.699458327051647,0.9964830363084052,40.080111,1606.415297772321,0.9958005092928006,3.5931942039795284,-2181.533470123032,4359.356241532425,4102.019731564592,89.96816901465641,0.0,11.1
2023-02-15,28.9,41.0,17.6,999.9,6.2,4.1,9.7,15.5,40.080111,116.584556,35.35,25.24593228040181,10.482740047225667,20.32902702949127,0.7116566222817746,0.9964830363084052,40.080111,1606.415297772321,0.9958005092928006,3.5931942039795284,-2181.533470123032,4359.356241532425,4102.019731564592,89.96816901465641,0.0,16.9
2023-02-16,30.5,45.0,19.4,999.9,5.7,2.2,5.8,21.622749941039874,40.080111,116.584556,35.35,26.7463335103456,10.523147610627777,20.55300064744766,0.7236440382959124,0.9964830363084052,40.080111,1606.415297772321,0.9958005092928006,3.5931942039795284,-2181.533470123032,4359.356241532425,4102.019731564592,89.96816901465641,0.0,20.6
2023-02-17,33.5,45.0,24.8,999.9,2.6,2.8,5.8,53.890591775544095,40.080111,116.584556,35.35,29.49078261579912,10.563862429539983,20.779370523512146,0.7354170229639855,0.9964830363084052,40.080111,1606.415297772321,0.9958005092928006,3.5931942039795284,-2181.533470123032,4359.356241532425,4102.019731564592,89.96816901465641,0.0,24.1
2023-02-18,35.8,44.6,24.6,999.9,4.5,9.3,31.1,42.7,40.080111,116.584556,35.35,31.637869151995815,10.604872341451113,21.00805200936111,0.7469720876965552,0.9964830363084052,40.080111,1606.415297772321,0.9958005092928006,3.5931942039795284,-2181.533470123032,4359.356241532425,4102.019731564592,89.96816901465641,0.0,15.0
2023-02-19,40.2,52.5,24.6,999.9,6.5,10.7,21.4,33.0,40.080111,116.584556,35.35,35.66465415726523,10.646165420079173,21.238959145678027,0.7583058084785624,0.9964830363084052,40.080111,1606.415297772321,0.9958005092928006,3.5931942039795284,-2181.533470123032,4359.356241532425,4102.019731564592,89.96816901465641,0.0,7.5
2023-02-20,32.8,52.5,15.8,999.9,6.7,5.0,9.7,98.76579990033481,40.080111,116.584556,35.35,29.213128597390295,10.687729974654987,21.472004720924595,0.7694148268839378,0.9964830363084052,40.080111,1606.415297772321,0.9958005092928006,3.5931942039795284,-2181.533470123032,4359.356241532425,4102.019731564592,89.96816901465641,0.0,1.7
2023-02-21,31.7,45.1,21.2,999.9,6.6,3.5,7.8,-22.091359075624563,40.080111,116.584556,35.35,28.34390659899957,10.729554548517187,21.707100332579078,0.7802958510707755,0.9964830363084052,40.080111,1606.415297772321,0.9958005092928006,3.5931942039795284,-2181.533470123032,4359.356241532425,4102.019731564592,89.96816901465641,0.0,12.9
2023-02-22,35.0,48.7,23.0,999.9,6.2,3.9,7.8,-9.889516650562094,40.080111,116.584556,35.35,31.417248091396946,10.771627917050381,21.944156450721263,0.7909456567567772,0.9964830363084052,40.080111,1606.415297772321,0.9958005092928006,3.5931942039795284,-2181.533470123032,4359.356241532425,4102.019731564592,89.96816901465641,0.0,17.1
2023-02-23,38.2,53.6,24.8,999.9,5.5,4.1,11.7,13.748678674047609,40.080111,116.584556,35.35,34.424372753910504,10.813939084998063,22.183082483837673,0.8013610881746766,0.9964830363084052,40.080111,1606.415297772321,0.9958005092928006,3.5931942039795284,-2181.533470123032,4359.356241532425,4102.019731564592,89.96816901465641,0.0,20.7
2023-02-24,35.3,51.6,15.8,999.9,6.7,6.6,11.7,100.81143545937121,40.080111,116.584556,35.35,31.93613734135917,10.856477283181588,22.423786846714655,0.8115390590073611,0.9964830363084052,40.080111,1606.415297772321,0.9958005092928006,3.5931942039795284,-2181.533470123032,4359.356241532425,4102.019731564592,89.96816901465641,0.0,0.3
2023-02-25,35.0,51.8,17.6,999.9,6.7,4.0,7.8,15.5,40.080111,116.584556,35.35,31.789426563579717,10.899231964655904,22.66617703028179,0.8214765533024142,0.9964830363084052,40.080111,1606.415297772321,0.9958005092928006,3.5931942039795284,-2181.533470123032,4359.356241532425,4102.019731564592,89.96816901465641,0.0,3.7
2023-02-26,38.7,52.7,24.1,999.9,5.3,4.1,11.7,91.26274140231784,40.080111,116.584556,35.35,35.28857178107165,10.942192800332295,22.910159673263163,0.8311706263658079,0.9964830363084052,40.080111,1606.415297772321,0.9958005092928006,3.5931942039795284,-2181.533470123032,4359.356241532425,4102.019731564592,89.96816901465641,0.0,19.9
2023-02-27,40.2,53.6,28.4,999.9,3.7,3.9,9.7,-58.75452386754766,40.080111,116.584556,35.35,36.80092140822742,10.985349674097735,23.15564063548959,0.8406184056344782,0.9964830363084052,40.080111,1606.415297772321,0.9958005092928006,3.5931942039795284,-2181.533470123032,4359.356241532425,4102.019731564592,89.96816901465641,0.0,27.3
2023-02-28,43.8,60.8,23.0,999.9,5.8,7.6,17.5,23.3,40.080111,116.584556,35.35,40.25472827272776,11.028692677459661,23.40252507272061,0.8498170915275278,0.9964830363084052,40.080111,1606.415297772321,0.9958005092928006,3.5931942039795284,-2181.533470123032,4359.356241532425,4102.019731564592,89.96816901465641,0.0,15.8
2023-03-01,37.6,58.6,19.4,999.9,6.6,9.6,25.3,35.0,40.080111,116.584556,35.35,34.69293125839892,11.072212103744336,23.65071751282164,0.8587639582758029,0.9964830363084052,40.080111,1606.415297772321,0.9958005092928006,3.5931942039795284,-2181.533470123032,4359.356241532425,4102.019731564592,89.96816901465641,0.0,2.6
2023-03-02,41.2,59.0,24.8,999.9,6.4,4.3,11.7,17.5,40.080111,116.584556,35.35,38.16458465044112,11.115898441876055,23.900121933138283,0.8674563547295969,0.9964830363084052,40.080111,1606.415297772321,0.9958005092928006,3.5931942039795284,-2181.533470123032,4359.356241532425,4102.019731564592,89.96816901465641,0.0,11.4
2023-03-03,47.9,69.8,28.4,999.9,5.8,5.3,11.7,23.3,40.080111,116.584556,35.35,44.54597162597333,11.159742369763674,24.150641838907084,0.8758917051442429,0.9964830363084052,40.080111,1606.415297772321,0.9958005092928006,3.5931942039795284,-2181.533470123032,4359.356241532425,4102.019731564592,89.96816901465641,0.0,14.8
2023-03-04,45.9,68.7,26.6,999.9,4.5,4.0,7.8,-47.71071307033893,40.080111,116.584556,35.35,42.854285408499145,11.20373474732004,24.40218034253944,0.8840675099433636,0.9964830363084052,40.080111,1606.415297772321,0.9958005092928006,3.5931942039795284,-2181.533470123032,4359.356241532425,4102.019731564592,89.96816901465641,0.0,28.0
2023-03-05,40.5,61.7,30.2,999.9,2.1,3.6,7.8,14.407390727586728,40.080111,116.584556,35.35,37.96154980584436,11.24786660913907,24.654640243613738,0.8919813464595485,0.9964830363084052,40.080111,1606.415297772321,0.9958005092928006,3.5931942039795284,-2181.533470123032,4359.356241532425,4102.019731564592,89.96816901465641,0.0,32.0
2023-03-06,54.6,73.4,32.0,999.9,3.8,3.7,7.8,-54.77928129523121,40.080111,116.584556,35.35,51.379187663686864,11.292129156854255,24.90792410940894,0.8996308696522433,0.9964830363084052,40.080111,1606.415297772321,0.9958005092928006,3.5931942039795284,-2181.533470123032,4359.356241532425,4102.019731564592,89.96816901465641,0.0,23.6
2023-03-07,53.4,73.4,39.0,999.9,3.1,3.9,9.7,-4.949142594943737,40.080111,116.584556,35.35,50.44748619284714,11.336513751201604,25.16193435581213,0.9070138128026359,0.9964830363084052,40.080111,1606.415297772321,0.9958005092928006,3.5931942039795284,-2181.533470123032,4359.356241532425,4102.019731564592,89.96816901465641,0.0,31.4
2023-03-08,53.5,70.3,30.2,999.9,6.0,6.9,17.5,-32.47257535521081,40.080111,116.584556,35.35,50.74034473781534,11.381011903809048,25.416573328431433,0.9141279881853337,0.9964830363084052,40.080111,1606.415297772321,0.9958005092928006,3.5931942039795284,-2181.533470123032,4359.356241532425,4102.019731564592,89.96816901465641,0.0,24.0
2023-03-09,49.5,68.4,33.8,999.9,6.3,3.0,5.8,31.883056655335437,40.080111,116.584556,35.35,47.13066298352604,11.425615268733585,25.671743383746037,0.9209712877166346,0.9964830363084052,40.080111,1606.415297772321,0.9958005092928006,3.5931942039795284,-2181.533470123032,4359.356241532425,4102.019731564592,89.96816901465641,0.0,28.6
2023-03-10,64.6,84.2,40.5,999.9,4.7,9.6,17.5,27.2,40.080111,116.584556,35.35,61.74853249510964,11.470315633766498,25.927346970124834,0.9275416835791966,0.9964830363084052,40.080111,1606.415297772321,0.9958005092928006,3.5931942039795284,-2181.533470123032,4359.356241532425,4102.019731564592,89.96816901465641,0.0,21.7
2023-03-11,49.3,59.0,33.8,999.9,6.5,12.1,25.3,36.9,40.080111,116.584556,35.35,47.307889344853926,11.515104911526311,26.183286708546216,0.9338372288229252,0.9964830363084052,40.080111,1606.415297772321,0.9958005092928006,3.5931942039795284,-2181.533470123032,4359.356241532425,4102.019731564592,89.96816901465641,0.0,11.5
2023-03-12,40.9,58.5,24.8,999.9,6.7,7.0,15.5,27.2,40.080111,116.584556,35.35,39.40024856930429,11.559975130358227,26.439465472852493,0.9398560579418954,0.9964830363084052,40.080111,1606.415297772321,0.9958005092928006,3.5931942039795284,-2181.533470123032,4359.356241532425,4102.019731564592,89.96816901465641,0.0,2.3
2023-03-13,41.5,59.9,31.8,999.9,6.3,3.1,5.8,104.25239958884445,40.080111,116.584556,35.35,40.133676219992964,11.604918425058207,26.695786469373857,0.9455963874271426,0.9964830363084052,40.080111,1606.415297772321,0.9958005092928006,3.5931942039795284,-2181.533470123032,4359.356241532425,4102.019731564592,89.96816901465641,0.0,19.0
2023-03-14,51.1,70.3,32.0,999.9,5.4,14.6,29.1,38.9,40.080111,116.584556,35.35,49.60927259184469,11.649927027439066,26.95215331575917,0.9510565162951535,0.9964830363084052,40.080111,1606.415297772321,0.9958005092928006,3.5931942039795284,-2181.533470123032,4359.356241532425,4102.019731564592,89.96816901465641,0.0,3.9
2023-03-15,40.8,70.3,23.0,999.9,6.4,8.5,19.4,29.1,40.080111,116.584556,35.35,39.762977072968184,11.69499325675535,27.208470118852805,0.9562348265919056,0.9964830363084052,40.080111,1606.415297772321,0.9958005092928006,3.5931942039795284,-2181.533470123032,4359.356241532425,4102.019731564592,89.96816901465641,0.0,-5.4
2023-03-16,42.5,53.6,29.3,999.9,6.6,5.4,9.7,17.5,40.080111,116.584556,35.35,41.57955451459459,11.740109510003178,27.46464155145986,0.9611297838723007,0.9964830363084052,40.080111,1606.415297772321,0.9958005092928006,3.5931942039795284,-2181.533470123032,4359.356241532425,4102.019731564592,89.96816901465641,0.0,5.3
2023-03-17,38.6,52.5,23.0,999.9,6.2,3.3,5.8,164.78102582455384,40.080111,116.584556,35.35,37.9092795442894,11.785268252110694,27.720572927845225,0.9657399376548549,0.9964830363084052,40.080111,1606.415297772321,0.9958005092928006,3.5931942039795284,-2181.533470123032,4359.356241532425,4102.019731564592,89.96816901465641,0.0,26.6
2023-03-18,48.0,64.4,28.4,999.9,6.6,4.5,9.7,15.5,40.080111,116.584556,35.35,47.32184802413705,11.830462006034262,27.976170277815655,0.9700639218515071,0.9964830363084052,40.080111,1606.415297772321,0.9958005092928006,3.5931942039795284,-2181.533470123032,4359.356241532425,4102.019731564592,89.96816901465641,0.0,7.5
2023-03-19,50.8,63.1,34.7,999.9,4.5,4.8,11.7,1.2934350910356116,40.080111,116.584556,35.35,50.27372615108158,11.875683342775178,28.23134041923798,0.9741004551724205,0.9964830363084052,40.080111,1606.415297772321,0.9958005092928006,3.5931942039795284,-2181.533470123032,4359.356241532425,4102.019731564592,89.96816901465641,0.0,34.2
2023-03-20,51.2,62.6,41.5,999.9,2.4,2.9,7.8,28.761694500114437,40.080111,116.584556,35.35,50.86261278434645,11.920924871331199,28.48599102885103,0.9778483415056568,0.9964830363084052,40.080111,1606.415297772321,0.9958005092928006,3.5931942039795284,-2181.533470123032,4359.356241532425,4102.019731564592,89.96816901465641,0.0,40.9
2023-03-21,57.6,64.9,44.6,999.9,2.3,6.9,23.3,92.50414603997297,40.080111,116.584556,35.35,57.43766029726579,11.96617922859704,28.740030711233693,0.9813064702716093,0.9964830363084052,40.080111,1606.415297772321,0.9958005092928006,3.5931942039795284,-2181.533470123032,4359.356241532425,4102.019731564592,89.96816901465641,0.0,38.6
2023-03-22,51.4,64.9,39.2,999.9,4.2,10.8,21.4,25.3,40.080111,116.584556,35.35,51.44899734652479,12.01143906922758,28.993369065796646,0.9844738167520922,0.9964830363084052,40.080111,1606.415297772321,0.9958005092928006,3.5931942039795284,-2181.533470123032,4359.356241532425,4102.019731564592,89.96816901465641,0.0,-2.9
2023-03-23,46.5,59.2,39.2,999.9,6.2,6.3,13.6,-45.668270682128735,40.080111,116.584556,35.35,46.71970108997519,12.05669705547747,29.245916751670823,0.9873494423939864,0.9964830363084052,40.080111,1606.415297772321,0.9958005092928006,3.5931942039795284,-2181.533470123032,4359.356241532425,4102.019731564592,89.96816901465641,0.0,-3.0
2023-03-24,45.4,55.4,38.5,999.9,6.6,4.0,7.8,41.84035974477073,40.080111,116.584556,35.35,45.78569512126607,12.10194584703068,29.49758555037156,0.989932495087353,0.9964830363084052,40.080111,1606.415297772321,0.9958005092928006,3.5931942039795284,-2181.533470123032,4359.356241532425,4102.019731564592,89.96816901465641,0.0,13.5
2023-03-25,46.1,59.0,28.4,999.9,6.3,6.2,13.6,19.4,40.080111,116.584556,35.35,46.665409165618414,12.147178090833426,29.74828842612354,0.9922222094179323,0.9964830363084052,40.080111,1606.415297772321,0.9958005092928006,3.5931942039795284,-2181.533470123032,4359.356241532425,4102.019731564592,89.96816901465641,0.0,14.1
2023-03-26,48.3,60.8,32.4,999.9,6.7,5.1,9.7,3.656482560402603,40.080111,116.584556,35.35,49.07435530404968,12.192386410944021,29.99793958373815,0.994217906893952,0.9964830363084052,40.080111,1606.415297772321,0.9958005092928006,3.5931942039795284,-2181.533470123032,4359.356241532425,4102.019731564592,89.96816901465641,0.0,15.4
2023-03-27,54.5,68.9,33.8,999.9,6.4,4.5,7.8,13.6,40.080111,116.584556,35.35,55.57893376779334,12.237563398413212,30.246454523941583,0.995918996147179,0.9964830363084052,40.080111,1606.415297772321,0.9958005092928006,3.5931942039795284,-2181.533470123032,4359.356241532425,4102.019731564592,89.96816901465641,0.0,14.3
2023-03-28,54.1,70.2,37.4,999.9,6.0,3.3,9.7,-29.295799769572053,40.080111,116.584556,35.35,55.37451305211601,12.282701601208725,30.493750096059184,0.9973249731081555,0.9964830363084052,40.080111,1606.415297772321,0.9958005092928006,3.5931942039795284,-2181.533470123032,4359.356241532425,4102.019731564592,89.96816901465641,0.0,33.2
2023-03-29,61.5,78.8,41.0,999.9,4.7,4.8,13.6,15.5,40.080111,116.584556,35.35,63.17994176026468,12.327793514197987,30.739744547968833,0.9984354211555643,0.9964830363084052,40.080111,1606.415297772321,0.9958005092928006,3.5931942039795284,-2181.533470123032,4359.356241532425,4102.019731564592,89.96816901465641,0.0,36.6
2023-03-30,63.7,78.8,46.4,999.9,4.4,6.1,13.6,8.096003227294151,40.080111,116.584556,35.35,65.6791142465202,12.372831569203177,30.984357573243397,0.9992500112396835,0.9964830363084052,40.080111,1606.415297772321,0.9958005092928006,3.5931942039795284,-2181.533470123032,4359.356241532425,4102.019731564592,89.96816901465641,0.0,38.4
2023-03-31,63.0,77.2,48.4,999.9,5.8,7.1,15.5,-56.60370315316325,40.080111,116.584556,35.35,65.19349265700184,12.417808125143207,31.227510355410796,0.9997685019798909,0.9964830363084052,40.080111,1606.415297772321,0.9958005092928006,3.5931942039795284,-2181.533470123032,4359.356241532425,4102.019731564592,89.96816901465641,0.0,35.2
2023-04-01,63.1,73.8,51.1,999.9,5.7,6.2,11.7,23.3,40.080111,116.584556,35.35,65.53311211810944,12.462715458277549,31.469125609267085,0.9999907397361901,0.9964830363084052,40.080111,1606.415297772321,0.9958005092928006,3.5931942039795284,-2181.533470123032,4359.356241532425,4102.019731564592,89.96816901465641,0.0,42.0
2023-04-02,59.4,72.1,48.2,999.9,5.1,4.1,9.7,45.62850443364421,40.080111,116.584556,35.35,61.91235147520804,12.507545752567282,31.70912761918718,0.9999166586547379,0.9964830363084052,40.080111,1606.415297772321,0.9958005092928006,3.5931942039795284,-2181.533470123032,4359.356241532425,4102.019731564592,89.96816901465641,0.0,37.6
2023-04-03,60.6,68.2,54.1,999.9,6.1,5.5,11.7,-18.51426700328558,40.080111,116.584556,35.35,63.38907000535503,12.552291090169312,31.947442274385256,0.9995462806873573,0.9964830363084052,40.080111,1606.415297772321,0.9958005092928006,3.5931942039795284,-2181.533470123032,4359.356241532425,4102.019731564592,89.96816901465641,0.0,33.5
2023-04-04,47.1,55.4,44.6,999.9,6.0,8.8,15.5,27.2,40.080111,116.584556,35.35,49.443003010164674,12.596943442080173,32.183997101085794,0.9988797155850336,0.9964830363084052,40.080111,1606.415297772321,0.9958005092928006,3.5931942039795284,-2181.533470123032,4359.356241532425,4102.019731564592,89.96816901465641,0.0,39.7
2023-04-05,56.5,63.9,44.8,999.9,6.2,5.7,11.7,15.5,40.080111,116.584556,35.35,59.52037068587328,12.641494658946538,32.41872129157452,0.9979171608653922,0.9964830363084052,40.080111,1606.415297772321,0.9958005092928006,3.5931942039795284,-2181.533470123032,4359.356241532425,4102.019731564592,89.96816901465641,0.0,35.2
2023-04-06,54.7,64.8,35.6,999.9,6.3,10.9,23.3,5.207353639361866,40.080111,116.584556,35.35,57.82672703955761,12.68593646206017,32.651545730106754,0.9966589017541702,0.9964830363084052,40.080111,1606.415297772321,0.9958005092928006,3.5931942039795284,-2181.533470123032,4359.356241532425,4102.019731564592,89.96816901465641,0.0,21.8
2023-04-07,53.0,64.8,37.4,999.9,6.7,9.4,23.3,35.0,40.080111,116.584556,35.35,56.22531691928797,12.730260434555765,32.88240301566015,0.9951053111006976,0.9964830363084052,40.080111,1606.415297772321,0.9958005092928006,3.5931942039795284,-2181.533470123032,4359.356241532425,4102.019731564592,89.96816901465641,0.0,9.2
2023-04-08,58.6,73.4,39.2,999.9,6.5,7.5,17.5,19.4,40.080111,116.584556,35.35,62.381936629324315,12.774458012830918,33.11122748152627,0.9932568492674143,0.9964830363084052,40.080111,1606.415297772321,0.9958005092928006,3.5931942039795284,-2181.533470123032,4359.356241532425,4102.019731564592,89.96816901465641,0.0,21.7
2023-04-09,60.3,73.4,44.8,999.9,5.8,3.7,7.8,-51.05518653689702,40.080111,116.584556,35.35,64.41306540299603,12.818520478208166,33.337955211745005,0.9911140639934547,0.9964830363084052,40.080111,1606.415297772321,0.9958005092928006,3.5931942039795284,-2181.533470123032,4359.356241532425,4102.019731564592,89.96816901465641,0.0,43.2
2023-04-10,69.0,83.3,51.6,999.9,2.8,10.5,25.3,36.9,40.080111,116.584556,35.35,73.95902395594483,12.862438948859971,33.56252405439414,0.9886775902323405,0.9964830363084052,40.080111,1606.415297772321,0.9958005092928006,3.5931942039795284,-2181.533470123032,4359.356241532425,4102.019731564592,89.96816901465641,0.0,26.4
2023-04-11,53.9,83.3,35.6,999.9,5.4,10.6,23.3,35.0,40.080111,116.584556,35.35,57.97036797098187,12.906204372018227,33.78487363175453,0.9859481499638304,0.9964830363084052,40.080111,1606.415297772321,0.9958005092928006,3.5931942039795284,-2181.533470123032,4359.356241532425,4102.019731564592,89.96816901465641,0.0,4.3
2023-04-12,61.2,73.4,44.2,999.9,4.0,5.7,13.6,25.3,40.080111,116.584556,35.35,66.04401833410358,12.949807516490896,34.00494534738044,0.9829265519799822,0.9964830363084052,40.080111,1606.415297772321,0.9958005092928006,3.5931942039795284,-2181.533470123032,4359.356241532425,4102.019731564592,89.96816901465641,0.0,32.5
2023-04-13,63.7,74.1,50.5,999.9,3.3,3.5,7.8,76.81870933682364,40.080111,116.584556,35.35,68.97244350857744,12.993238965509093,34.222682390112396,0.9796136916454901,0.9964830363084052,40.080111,1606.415297772321,0.9958005092928006,3.5931942039795284,-2181.533470123032,4359.356241532425,4102.019731564592,89.96816901465641,0.0,47.3
2023-04-14,60.1,74.1,39.2,999.9,5.5,9.8,21.4,31.1,40.080111,116.584556,35.35,65.29108295889407,13.036489109928931,34.438029735078395,0.9760105506323683,0.9964830363084052,40.080111,1606.415297772321,0.9958005092928006,3.5931942039795284,-2181.533470123032,4359.356241532425,4102.019731564592,89.96816901465641,0.0,11.5
2023-04-15,56.4,73.0,35.6,999.9,6.3,7.6,17.5,25.3,40.080111,116.584556,35.35,61.47387626652248,13.079548141813294,34.650934141737174,0.9721181966290613,0.9964830363084052,40.080111,1606.415297772321,0.9958005092928006,3.5931942039795284,-2181.533470123032,4359.356241532425,4102.019731564592,89.96816901465641,0.0,12.1
2023-04-16,61.5,71.6,40.6,999.9,6.6,6.6,13.6,15.5,40.080111,116.584556,35.35,67.25233099815019,13.122406048419547,34.86134414902511,0.9679377830240642,0.9964830363084052,40.080111,1606.415297772321,0.9958005092928006,3.5931942039795284,-2181.533470123032,4359.356241532425,4102.019731564592,89.96816901465641,0.0,25.9
2023-04-17,59.5,71.6,44.6,999.9,6.4,3.6,7.8,13.607462384514564,40.080111,116.584556,35.35,65.27671917449135,13.165052606620105,35.069210067675996,0.9634705485641488,0.9964830363084052,40.080111,1606.415297772321,0.9958005092928006,3.5931942039795284,-2181.533470123032,4359.356241532425,4102.019731564592,89.96816901465641,0.0,39.5
2023-04-18,66.2,82.4,46.4,999.9,6.1,5.4,9.7,27.58359530296124,40.080111,116.584556,35.35,72.86125020077236,13.20747737778351,35.27448396979013,0.9587178169872964,0.9964830363084052,40.080111,1606.415297772321,0.9958005092928006,3.5931942039795284,-2181.533470123032,4359.356241532425,4102.019731564592,89.96816901465641,0.0,37.0
2023-04-19,69.7,81.5,50.2,999.9,6.2,6.7,15.5,33.769936985838335,40.080111,116.584556,35.35,76.95849819243158,13.249669703144605,35.47711967573631,0.9536809966304457,0.9964830363084052,40.080111,1606.415297772321,0.9958005092928006,3.5931942039795284,-2181.533470123032,4359.356241532425,4102.019731564592,89.96816901465641,0.0,46.2
2023-04-20,59.5,79.9,51.8,999.9,6.4,6.5,13.6,25.3,40.080111,116.584556,35.35,65.90427605264418,13.291618699692943,35.67707273847723,0.9483615800121715,0.9964830363084052,40.080111,1606.415297772321,0.9958005092928006,3.5931942039795284,-2181.533470123032,4359.356241532425,4102.019731564592,89.96816901465641,0.0,22.5
2023-04-21,51.6,65.1,44.4,999.9,6.7,8.6,15.5,17.5,40.080111,116.584556,35.35,57.33324700342049,13.333313256609417,35.874300425414816,0.9427611433904207,0.9964830363084052,40.080111,1606.415297772321,0.9958005092928006,3.5931942039795284,-2181.533470123032,4359.356241532425,4102.019731564592,89.96816901465641,0.0,37.6
2023-04-22,48.9,58.8,39.2,999.9,6.3,3.5,5.8,-0.8646548836943087,40.080111,116.584556,35.35,54.502073781547416,13.374742032281574,36.068761697858655,0.9368813462954315,0.9964830363084052,40.080111,1606.415297772321,0.9958005092928006,3.5931942039795284,-2181.533470123032,4359.356241532425,4102.019731564592,89.96816901465641,0.0,39.2
2023-04-23,53.6,62.6,35.6,999.9,6.1,4.3,9.7,-32.2645179319059,40.080111,116.584556,35.35,59.924324085281334,13.415893451928657,36.260417188225894,0.9307239310379795,0.9964830363084052,40.080111,1606.415297772321,0.9958005092928006,3.5931942039795284,-2181.533470123032,4359.356241532425,4102.019731564592,89.96816901465641,0.0,34.0
2023-04-24,55.3,64.4,41.2,999.9,6.1,8.3,17.5,25.3,40.080111,116.584556,35.35,62.01321587787413,13.456755705867806,36.44922917508665,0.9242907221930933,0.9964830363084052,40.080111,1606.415297772321,0.9958005092928006,3.5931942039795284,-2181.533470123032,4359.356241532425,4102.019731564592,89.96816901465641,0.0,39.6
2023-04-25,52.8,69.8,32.0,999.9,5.9,8.2,25.3,35.0,40.080111,116.584556,35.35,59.388193693193934,13.497316748453166,36.635161556173536,0.9175836260593937,0.9964830363084052,40.080111,1606.415297772321,0.9958005092928006,3.5931942039795284,-2181.533470123032,4359.356241532425,4102.019731564592,89.96816901465641,0.0,25.3
2023-04-26,59.5,68.7,36.7,999.9,6.6,6.8,15.5,19.4,40.080111,116.584556,35.35,67.12375630952727,13.537564297719785,36.81817981947876,0.9106046300942162,0.9964830363084052,40.080111,1606.415297772321,0.9958005092928006,3.5931942039795284,-2181.533470123032,4359.356241532425,4102.019731564592,89.96816901465641,0.0,28.3
2023-04-27,60.6,68.2,51.8,999.9,6.2,3.5,5.8,49.06478783121541,40.080111,116.584556,35.35,68.56630347060948,13.577485835764254,36.99825101256564,0.9033558023246845,0.9964830363084052,40.080111,1606.415297772321,0.9958005092928006,3.5931942039795284,-2181.533470123032,4359.356241532425,4102.019731564592,89.96816901465641,0.0,50.2
2023-04-28,55.7,73.4,39.2,999.9,5.9,9.6,21.4,33.0,40.080111,116.584556,35.35,63.20589346425736,13.617068609893863,37.175343710225654,0.895839290734909,0.9964830363084052,40.080111,1606.415297772321,0.9958005092928006,3.5931942039795284,-2181.533470123032,4359.356241532425,4102.019731564592,89.96816901465641,0.0,46.0
2023-04-29,61.2,77.0,42.1,999.9,6.6,8.0,19.4,29.1,40.080111,116.584556,35.35,69.64712813633652,13.656299634575788,37.34942798061424,0.8880573226294932,0.9964830363084052,40.080111,1606.415297772321,0.9958005092928006,3.5931942039795284,-2181.533470123032,4359.356241532425,4102.019731564592,89.96816901465641,0.0,29.9
2023-04-30,63.2,77.0,44.6,999.9,6.7,5.0,13.6,-42.66215530410125,40.080111,116.584556,35.35,72.12787265621077,13.695165694217234,37.52047535000173,0.8800122039735357,0.9964830363084052,40.080111,1606.415297772321,0.9958005092928006,3.5931942039795284,-2181.533470123032,4359.356241532425,4102.019731564592,89.96816901465641,0.0,34.9
2023-05-01,68.2,79.9,50.5,999.9,6.3,5.7,11.7,-51.38669750157619,40.080111,116.584556,35.35,78.05292985435231,13.73365334680686,37.688458766277634,0.8717063187093218,0.9964830363084052,40.080111,1606.415297772321,0.9958005092928006,3.5931942039795284,-2181.533470123032,4359.356241532425,4102.019731564592,89.96816901465641,0.0,49.2
2023-05-02,70.9,84.2,55.4,999.9,6.1,5.1,11.7,50.6273728589516,40.080111,116.584556,35.35,81.36808325223969,13.771748928446772,37.85335256134731,0.8631421280499114,0.9964830363084052,40.080111,1606.415297772321,0.9958005092928006,3.5931942039795284,-2181.533470123032,4359.356241532425,4102.019731564592,89.96816901465641,0.0,51.6
2023-05-03,71.1,83.3,59.0,999.9,6.1,5.5,11.7,-26.11031945403344,40.080111,116.584556,35.35,81.82092346090943,13.80943855880328,38.01513241256187,0.854322169749827,0.9964830363084052,40.080111,1606.415297772321,0.9958005092928006,3.5931942039795284,-2181.533470123032,4359.356241532425,4102.019731564592,89.96816901465641,0.0,54.8
2023-05-04,64.2,82.2,60.1,999.9,5.3,4.6,9.7,-11.18830875456931,40.080111,116.584556,35.35,74.07988858914166,13.846708147503113,38.17377530332167,0.8452490573530633,0.9964830363084052,40.080111,1606.415297772321,0.9958005092928006,3.5931942039795284,-2181.533470123032,4359.356241532425,4102.019731564592,89.96816901465641,0.0,59.2
2023-05-05,62.7,68.4,51.8,999.9,6.2,9.2,15.5,23.3,40.080111,116.584556,35.35,72.54151427283833,13.883543401500159,38.32925948299367,0.8359254794186372,0.9964830363084052,40.080111,1606.415297772321,0.9958005092928006,3.5931942039795284,-2181.533470123032,4359.356241532425,4102.019731564592,89.96816901465641,0.0,42.6
2023-05-06,63.1,77.0,44.6,999.9,6.2,4.9,9.7,13.59335174179457,40.080111,116.584556,35.35,73.1956310408164,13.919929833435763,38.48156442628246,0.8263541987239096,0.9964830363084052,40.080111,1606.415297772321,0.9958005092928006,3.5931942039795284,-2181.533470123032,4359.356241532425,4102.019731564592,89.96816901465641,0.0,34.6
2023-05-07,65.3,80.6,48.2,999.9,6.7,4.5,11.7,15.5,40.080111,116.584556,35.35,75.94309882893114,13.95585277101338,38.630670792192724,0.8165380514459161,0.9964830363084052,40.080111,1606.415297772321,0.9958005092928006,3.5931942039795284,-2181.533470123032,4359.356241532425,4102.019731564592,89.96816901465641,0.0,31.8
2023-05-08,70.1,84.2,51.8,999.9,6.4,4.5,11.7,12.28168690748867,40.080111,116.584556,35.35,81.7324954545956,13.991297367405808,38.7765603827195,0.8064799463209448,0.9964830363084052,40.080111,1606.415297772321,0.9958005092928006,3.5931942039795284,-2181.533470123032,4359.356241532425,4102.019731564592,89.96816901465641,0.0,37.5
2023-05-09,69.1,82.6,54.1,999.9,6.3,5.6,13.6,15.5,40.080111,116.584556,35.35,80.76781492819009,14.02624861271029,38.91921610139975,0.7961828637826158,0.9964830363084052,40.080111,1606.415297772321,0.9958005092928006,3.5931942039795284,-2181.533470123032,4359.356241532425,4102.019731564592,89.96816901465641,0.0,39.9
2023-05-10,70.0,84.2,53.6,999.9,6.5,4.4,11.7,13.6,40.080111,116.584556,35.35,82.02069952103791,14.060691346463642,39.05862191185562,0.7856498550787147,0.9964830363084052,40.080111,1606.415297772321,0.9958005092928006,3.5931942039795284,-2181.533470123032,4359.356241532425,4102.019731564592,89.96816901465641,0.0,43.8
2023-05-11,68.0,82.4,53.6,999.9,5.7,5.5,13.6,52.597316500407125,40.080111,116.584556,35.35,79.86945820361379,14.094610271225962,39.1947627964564,0.7748840413670407,0.9964830363084052,40.080111,1606.415297772321,0.9958005092928006,3.5931942039795284,-2181.533470123032,4359.356241532425,4102.019731564592,89.96816901465641,0.0,51.4
2023-05-12,63.0,81.1,50.0,999.9,5.7,3.7,21.4,33.0,40.080111,116.584556,35.35,74.1719473279978,14.127989967237676,39.32762471522189,0.7638886127905428,0.9964830363084052,40.080111,1606.415297772321,0.9958005092928006,3.5931942039795284,-2181.533470123032,4359.356241532425,4102.019731564592,89.96816901465641,0.0,53.1
2023-05-13,73.3,84.2,52.9,999.9,6.3,5.7,13.6,39.374853263912314,40.080111,116.584556,35.35,86.49897773061902,14.160814908150455,39.457194565084905,0.7526668275320085,0.9964830363084052,40.080111,1606.415297772321,0.9958005092928006,3.5931942039795284,-2181.533470123032,4359.356241532425,4102.019731564592,89.96816901465641,0.0,47.7
2023-05-14,72.7,86.4,59.0,999.9,5.5,4.4,9.7,38.06771915318551,40.080111,116.584556,35.35,85.9863459198417,14.193069477828063,39.58346013962639,0.7412220108485958,0.9964830363084052,40.080111,1606.415297772321,0.9958005092928006,3.5931942039795284,-2181.533470123032,4359.356241532425,4102.019731564592,89.96816901465641,0.0,58.3
2023-05-15,78.9,94.1,63.1,999.9,5.4,4.4,9.7,49.28382958915924,40.080111,116.584556,35.35,93.52765227247006,14.224737988208373,39.706410089389756,0.7295575540864875,0.9964830363084052,40.080111,1606.415297772321,0.9958005092928006,3.5931942039795284,-2181.533470123032,4359.356241532425,4102.019731564592,89.96816901465641,0.0,63.4
2023-05-16,80.4,94.8,68.0,999.9,5.8,4.9,13.6,17.5,40.080111,116.584556,35.35,95.51389147802507,14.255804698212696,39.82603388287621,0.717676913675962,0.9964830363084052,40.080111,1606.415297772321,0.9958005092928006,3.5931942039795284,-2181.533470123032,4359.356241532425,4102.019731564592,89.96816901465641,0.0,64.8
2023-05-17,69.1,94.8,53.6,999.9,6.4,4.9,9.7,-12.948330559980384,40.080111,116.584556,35.35,82.2650116589587,14.286253833683132,39.94232176831558,0.705583610107178,0.9964830363084052,40.080111,1606.415297772321,0.9958005092928006,3.5931942039795284,-2181.533470123032,4359.356241532425,4102.019731564592,89.96816901465641,0.0,55.6
2023-05-18,71.6,82.8,57.9,999.9,6.0,6.3,11.7,-6.378824853320488,40.080111,116.584556,35.35,85.41921532966084,14.316069608323048,40.055264736300735,0.6932812268869777,0.9964830363084052,40.080111,1606.415297772321,0.9958005092928006,3.5931942039795284,-2181.533470123032,4359.356241532425,4102.019731564592,89.96816901465641,0.0,48.6
2023-05-19,63.5,82.8,59.0,999.9,2.7,5.7,19.4,19.932678256727804,40.080111,116.584556,35.35,75.91020846635232,14.345236245609886,40.16485448336658,0.6807734094770161,0.9964830363084052,40.080111,1606.415297772321,0.9958005092928006,3.5931942039795284,-2181.533470123032,4359.356241532425,4102.019731564592,89.96816901465641,0.0,56.9
2023-05-20,71.0,77.0,63.5,999.9,5.3,14.1,19.4,31.1,40.080111,116.584556,35.35,85.04461650972317,14.373738001643352,40.27108337658698,0.6680638642135335,0.9964830363084052,40.080111,1606.415297772321,0.9958005092928006,3.5931942039795284,-2181.533470123032,4359.356241532425,4102.019731564592,89.96816901465641,0.0,17.8
2023-05-21,69.9,80.6,55.4,999.9,6.6,6.8,13.6,19.4,40.080111,116.584556,35.35,83.88908227525998,14.40155918888583,40.373944419255444,0.6551563572090853,0.9964830363084052,40.080111,1606.415297772321,0.9958005092928006,3.5931942039795284,-2181.533470123032,4359.356241532425,4102.019731564592,89.96816901465641,0.0,40.9
2023-05-22,72.5,86.9,53.6,999.9,6.7,4.6,9.7,17.5,40.080111,116.584556,35.35,87.17330037950362,14.428684200745426,40.47343121770787,0.6420547132365637,0.9964830363084052,40.080111,1606.415297772321,0.9958005092928006,3.5931942039795284,-2181.533470123032,4359.356241532425,4102.019731564592,89.96816901465641,0.0,40.8
2023-05-23,78.0,87.8,56.8,999.9,6.7,6.4,11.7,-8.638502575821004,40.080111,116.584556,35.35,93.95813399014598,14.455097536945537,40.56953794933726,0.6287628145958344,0.9964830363084052,40.080111,1606.415297772321,0.9958005092928006,3.5931942039795284,-2181.533470123032,4359.356241532425,4102.019731564592,89.96816901465641,0.0,40.4
2023-05-24,74.9,87.1,66.0,999.9,6.3,11.7,19.4,29.1,40.080111,116.584556,35.35,90.38422573653446,14.480783829618337,40.66225933184245,0.6152845999633276,0.9964830363084052,40.080111,1606.415297772321,0.9958005092928006,3.5931942039795284,-2181.533470123032,4359.356241532425,4102.019731564592,89.96816901465641,0.0,51.2
2023-05-25,68.4,82.4,57.2,999.9,6.2,4.3,9.7,15.5,40.080111,116.584556,35.35,82.68264885930216,14.505727870053008,40.751590593745156,0.6016240632249226,0.9964830363084052,40.080111,1606.415297772321,0.9958005092928006,3.5931942039795284,-2181.533470123032,4359.356241532425,4102.019731564592,89.96816901465641,0.0,56.8
2023-05-26,75.4,87.8,61.2,999.9,5.0,5.9,11.7,141.67428503049922,40.080111,116.584556,35.35,91.29629696301177,14.529914636023092,40.83752744620119,0.5877852522924732,0.9964830363084052,40.080111,1606.415297772321,0.9958005092928006,3.5931942039795284,-2181.533470123032,4359.356241532425,4102.019731564592,89.96816901465641,0.0,59.5
2023-05-27,67.9,85.5,64.2,999.9,3.8,2.8,7.8,65.26918161773276,40.080111,116.584556,35.35,82.3475884001325,14.553329319611043,40.92006605612411,0.5737722679043246,0.9964830363084052,40.080111,1606.415297772321,0.9958005092928006,3.5931942039795284,-2181.533470123032,4359.356241532425,4102.019731564592,89.96816901465641,0.0,62.3
2023-05-28,74.8,84.2,64.0,999.9,5.5,4.0,7.8,13.6,40.080111,116.584556,35.35,90.85680084892095,14.575957355441867,40.999203020631676,0.5595892624101765,0.9964830363084052,40.080111,1606.415297772321,0.9958005092928006,3.5931942039795284,-2181.533470123032,4359.356241532425,4102.019731564592,89.96816901465641,0.0,62.1
2023-05-29,79.6,89.6,65.5,999.9,5.9,6.2,13.6,-33.016159496644896,40.080111,116.584556,35.35,96.8319701799049,14.597784449231895,41.07493534281813,0.545240438540651,0.9964830363084052,40.080111,1606.415297772321,0.9958005092928006,3.5931942039795284,-2181.533470123032,4359.356241532425,4102.019731564592,89.96816901465641,0.0,60.1
2023-05-30,68.9,89.4,59.0,999.9,5.8,2.3,9.7,-125.45965669097812,40.080111,116.584556,35.35,83.9362571826261,14.618796606553163,41.147260408847806,0.5307300481619334,0.9964830363084052,40.080111,1606.415297772321,0.9958005092928006,3.5931942039795284,-2181.533470123032,4359.356241532425,4102.019731564592,89.96816901465641,0.0,61.1
2023-05-31,70.5,80.6,59.0,999.9,4.8,3.4,11.7,21.4,40.080111,116.584556,35.35,86.00400845003884,14.638980161708739,41.216175966359025,0.5160623910158528,0.9964830363084052,40.080111,1606.415297772321,0.9958005092928006,3.5931942039795284,-2181.533470123032,4359.356241532425,4102.019731564592,89.96816901465641,0.0,60.2
2023-06-01,78.1,91.4,61.7,999.9,6.2,8.7,17.5,29.1,40.080111,116.584556,35.35,95.40124442468418,14.658321806609605,41.28168010416033,0.5012418134457758,0.9964830363084052,40.080111,1606.415297772321,0.9958005092928006,3.5931942039795284,-2181.533470123032,4359.356241532425,4102.019731564592,89.96816901465641,0.0,46.8
2023-06-02,76.5,89.8,57.2,999.9,6.7,5.7,15.5,25.3,40.080111,116.584556,35.35,93.56465494956498,14.676808619539607,41.34377123319546,0.48627270710868997,0.9964830363084052,40.080111,1606.415297772321,0.9958005092928006,3.5931942039795284,-2181.533470123032,4359.356241532425,4102.019731564592,89.96816901465641,0.0,46.8
2023-06-03,79.2,93.2,62.6,999.9,6.7,4.5,9.7,-79.34119372365991,40.080111,116.584556,35.35,96.9832254183627,14.694428093691316,41.40244806874752,0.4711595076738638,0.9964830363084052,40.080111,1606.415297772321,0.9958005092928006,3.5931942039795284,-2181.533470123032,4359.356241532425,4102.019731564592,89.96816901465641,0.0,49.1
2023-06-04,80.7,95.0,60.8,999.9,6.7,5.9,13.6,15.5,40.080111,116.584556,35.35,98.93260591199835,14.711168165352914,41.457709613848095,0.4559066935084588,0.9964830363084052,40.080111,1606.415297772321,0.9958005092928006,3.5931942039795284,-2181.533470123032,4359.356241532425,4102.019731564592,89.96816901465641,0.0,46.6
2023-06-05,84.8,98.6,66.2,999.9,6.1,7.1,17.5,27.2,40.080111,116.584556,35.35,104.07092184080858,14.727017241623855,41.5095551438525,0.440518784350495,0.9964830363084052,40.080111,1606.415297772321,0.9958005092928006,3.5931942039795284,-2181.533470123032,4359.356241532425,4102.019731564592,89.96816901465641,0.0,45.3
2023-06-06,85.2,98.6,68.0,999.9,6.7,7.9,17.5,23.3,40.080111,116.584556,35.35,104.6679460155044,14.74196422753583,41.55798419213851,0.42500033996955416,0.9964830363084052,40.080111,1606.415297772321,0.9958005092928006,3.5931942039795284,-2181.533470123032,4359.356241532425,4102.019731564592,89.96816901465641,0.0,43.9
2023-06-07,82.1,100.4,59.0,999.9,6.4,5.6,13.6,23.3,40.080111,116.584556,35.35,100.9556234297121,14.755998552454876,41.60299653688293,0.4093559588156213,0.9964830363084052,40.080111,1606.415297772321,0.9958005092928006,3.5931942039795284,-2181.533470123032,4359.356241532425,4102.019731564592,89.96816901465641,0.0,45.4
2023-06-08,78.6,99.7,60.8,999.9,6.6,5.2,13.6,-16.798180115694382,40.080111,116.584556,35.35,96.73767178144735,14.769110195640817,41.644592188867804,0.39359027665646673,0.9964830363084052,40.080111,1606.415297772321,0.9958005092928006,3.5931942039795284,-2181.533470123032,4359.356241532425,4102.019731564592,89.96816901465641,0.0,36.0
2023-06-09,81.4,95.0,63.0,999.9,6.7,8.7,21.4,31.1,40.080111,116.584556,35.35,100.26641520520775,14.781289710841435,41.68277138026643,0.3777079652039649,0.9964830363084052,40.080111,1606.415297772321,0.9958005092928006,3.5931942039795284,-2181.533470123032,4359.356241532425,4102.019731564592,89.96816901465641,0.0,39.0
2023-06-10,76.0,92.3,62.6,999.9,6.7,5.1,9.7,19.4,40.080111,116.584556,35.35,93.68601224873882,14.792528249800865,41.71753455435817,0.36171373072976765,0.9964830363084052,40.080111,1606.415297772321,0.9958005092928006,3.5931942039795284,-2181.533470123032,4359.356241532425,4102.019731564592,89.96816901465641,0.0,47.5
2023-06-11,72.7,87.3,62.6,999.9,6.6,4.0,13.6,-46.20994797066217,40.080111,116.584556,35.35,89.68040319982161,14.802817584564778,41.74888235612088,0.3456123126707335,0.9964830363084052,40.080111,1606.415297772321,0.9958005092928006,3.5931942039795284,-2181.533470123032,4359.356241532425,4102.019731564592,89.96816901465641,0.0,55.3
2023-06-12,76.0,87.8,62.6,999.9,6.1,5.0,13.6,15.5,40.080111,116.584556,35.35,93.81028414697,14.81215012846895,41.77681562365027,0.3294084822245304,0.9964830363084052,40.080111,1606.415297772321,0.9958005092928006,3.5931942039795284,-2181.533470123032,4359.356241532425,4102.019731564592,89.96816901465641,0.0,52.0
2023-06-13,81.4,93.2,63.1,999.9,6.5,5.4,9.7,17.5,40.080111,116.584556,35.35,100.53252024951664,14.820518955702697,41.80133538035628,0.3131070409358269,0.9964830363084052,40.080111,1606.415297772321,0.9958005092928006,3.5931942039795284,-2181.533470123032,4359.356241532425,4102.019731564592,89.96816901465641,0.0,55.0
2023-06-14,82.8,98.6,68.0,999.9,6.0,4.9,9.7,22.300080972395406,40.080111,116.584556,35.35,102.31263295347743,14.827917819344556,41.82244282788888,0.29671281927349075,0.9964830363084052,40.080111,1606.415297772321,0.9958005092928006,3.5931942039795284,-2181.533470123032,4359.356241532425,4102.019731564592,89.96816901465641,0.0,59.3
2023-06-15,85.4,100.4,69.8,999.9,6.2,4.2,9.7,77.74143299017919,40.080111,116.584556,35.35,105.57106131066065,14.83434116777433,41.84013933974776,0.28023067519921585,0.9964830363084052,40.080111,1606.415297772321,0.9958005092928006,3.5931942039795284,-2181.533470123032,4359.356241532425,4102.019731564592,89.96816901465641,0.0,62.3
2023-06-16,90.4,104.0,73.4,999.9,6.2,6.3,15.5,21.4,40.080111,116.584556,35.35,111.7930406672777,14.839784159373144,41.85442645553357,0.26366549272800704,0.9964830363084052,40.080111,1606.415297772321,0.9958005092928006,3.5931942039795284,-2181.533470123032,4359.356241532425,4102.019731564592,89.96816901465641,0.0,59.3
2023-06-17,86.6,100.4,68.0,999.9,6.2,5.1,11.7,21.4,40.080111,116.584556,35.35,107.12595130769803,14.844242675431598,41.865305875802214,0.24702218048093552,0.9964830363084052,40.080111,1606.415297772321,0.9958005092928006,3.5931942039795284,-2181.533470123032,4359.356241532425,4102.019731564592,89.96816901465641,0.0,63.0
2023-06-18,84.9,95.0,77.0,999.9,5.5,5.6,9.7,53.030979386856345,40.080111,116.584556,35.35,105.04757181820574,14.847713331195157,41.87277945748756,0.23030567023061221,0.9964830363084052,40.080111,1606.415297772321,0.9958005092928006,3.5931942039795284,-2181.533470123032,4359.356241532425,4102.019731564592,89.96816901465641,0.0,62.5
2023-06-19,71.5,82.4,68.0,999.9,4.9,3.2,15.5,27.2,40.080111,116.584556,35.35,88.4824028480395,14.850193484985649,41.876849209863096,0.21352091543979612,0.9964830363084052,40.080111,1606.415297772321,0.9958005092928006,3.5931942039795284,-2181.533470123032,4359.356241532425,4102.019731564592,89.96816901465641,0.0,66.6
2023-06-20,79.1,93.2,62.6,999.9,6.2,3.2,9.7,-27.0356571842345,40.080111,116.584556,35.35,97.89733220891954,14.851681245348098,41.87751729101744,0.19667288979357647,0.9964830363084052,40.080111,1606.415297772321,0.9958005092928006,3.5931942039795284,-2181.533470123032,4359.356241532425,4102.019731564592,89.96816901465641,0.0,60.4
2023-06-21,86.3,102.2,67.3,999.9,6.2,4.5,9.7,3.3136343780621385,40.080111,116.584556,35.35,106.81189529954852,14.852175476182877,41.87478600482482,0.1797665857255624,0.9964830363084052,40.080111,1606.415297772321,0.9958005092928006,3.5931942039795284,-2181.533470123032,4359.356241532425,4102.019731564592,89.96816901465641,0.0,54.4
2023-06-22,90.8,106.0,71.4,999.9,6.4,5.4,13.6,23.34490476985682,40.080111,116.584556,35.35,112.37768021874649,14.851675799834338,41.86865779839655,0.16280701293851715,0.9964830363084052,40.080111,1606.415297772321,0.9958005092928006,3.5931942039795284,-2181.533470123032,4359.356241532425,4102.019731564592,89.96816901465641,0.0,54.6
2023-06-23,90.3,106.0,75.2,999.9,6.1,5.5,11.7,69.48618130230588,40.080111,116.584556,35.35,111.74762405084185,14.850182598118518,41.85913526000616,0.1457991969198751,0.9964830363084052,40.080111,1606.415297772321,0.9958005092928006,3.5931942039795284,-2181.533470123032,4359.356241532425,4102.019731564592,89.96816901465641,0.0,62.9
2023-06-24,91.2,105.8,75.2,999.9,5.9,7.5,19.4,25.3,40.080111,116.584556,35.35,112.84249728575925,14.847697011284112,41.84622111748607,0.12874817745258132,0.9964830363084052,40.080111,1606.415297772321,0.9958005092928006,3.5931942039795284,-2181.533470123032,4359.356241532425,4102.019731564592,89.96816901465641,0.0,58.0
2023-06-25,82.3,104.0,73.4,999.9,6.0,6.0,11.7,75.90659582882236,40.080111,116.584556,35.35,101.80661524527547,14.844220934912585,41.829918237100294,0.11165900712169512,0.9964830363084052,40.080111,1606.415297772321,0.9958005092928006,3.5931942039795284,-2181.533470123032,4359.356241532425,4102.019731564592,89.96816901465641,0.0,66.0
2023-06-26,77.0,94.5,66.2,999.9,5.8,5.0,17.5,27.2,40.080111,116.584556,35.35,95.22177417813899,14.839757014774905,41.810229622903435,0.09453674981719912,0.9964830363084052,40.080111,1606.415297772321,0.9958005092928006,3.5931942039795284,-2181.533470123032,4359.356241532425,4102.019731564592,89.96816901465641,0.0,67.4
2023-06-27,87.6,99.0,70.7,999.9,6.0,4.8,9.7,92.77804847962837,40.080111,116.584556,35.35,108.29045306961845,14.834308639673763,41.78715841660203,0.07738647923346301,0.9964830363084052,40.080111,1606.415297772321,0.9958005092928006,3.5931942039795284,-2181.533470123032,4359.356241532425,4102.019731564592,89.96816901465641,0.0,64.9
2023-06-28,74.1,99.0,66.2,999.9,5.9,4.7,19.4,29.1,40.080111,116.584556,35.35,91.56215858202275,14.827879932311378,41.76070789793981,0.06021327736579302,0.9964830363084052,40.080111,1606.415297772321,0.9958005092928006,3.5931942039795284,-2181.533470123032,4359.356241532425,4102.019731564592,89.96816901465641,0.0,69.1
2023-06-29,86.4,100.4,68.2,999.9,6.2,5.7,11.7,21.27501374121258,40.080111,116.584556,35.35,106.7074253152829,14.820475738233737,41.73088148563437,0.04302223300453059,0.9964830363084052,40.080111,1606.415297772321,0.9958005092928006,3.5931942039795284,-2181.533470123032,4359.356241532425,4102.019731564592,89.96816901465641,0.0,59.3
2023-06-30,89.8,104.0,72.3,999.9,6.2,5.1,11.7,48.53203823087843,40.080111,116.584556,35.35,110.84389373662792,14.812101612912418,41.69768273889701,0.02581844022713308,0.9964830363084052,40.080111,1606.415297772321,0.9958005092928006,3.5931942039795284,-2181.533470123032,4359.356241532425,4102.019731564592,89.96816901465641,0.0,62.1
2023-07-01,90.7,105.8,71.6,999.9,6.3,6.4,15.5,-43.90739519639513,40.080111,116.584556,35.35,111.88422310817229,14.802763807034923,41.66111535957262,0.008606996888688698,0.9964830363084052,40.080111,1606.415297772321,0.9958005092928006,3.5931942039795284,-2181.533470123032,4359.356241532425,4102.019731564592,89.96816901465641,0.0,58.2
2023-07-02,89.8,103.5,75.7,999.9,5.9,6.0,11.7,29.29773608692973,40.080111,116.584556,35.35,110.69697822145814,14.792469250083492,41.621183194940514,-0.008606996888688009,0.9964830363084052,40.080111,1606.415297772321,0.9958005092928006,3.5931942039795284,-2181.533470123032,4359.356241532425,4102.019731564592,89.96816901465641,0.0,66.0
2023-07-03,82.6,100.8,71.6,999.9,5.5,5.3,11.7,23.3,40.080111,116.584556,35.35,101.74410241393495,14.781225532290794,41.57789024122042,-0.02581844022713239,0.9964830363084052,40.080111,1606.415297772321,0.9958005092928006,3.5931942039795284,-2181.533470123032,4359.356241532425,4102.019731564592,89.96816901465641,0.0,71.1
2023-07-04,75.6,91.8,68.0,999.9,6.0,4.6,13.6,-16.41014817947062,40.080111,116.584556,35.35,93.04495757593072,14.769040885068371,41.53124064783131,-0.04302223300453034,0.9964830363084052,40.080111,1606.415297772321,0.9958005092928006,3.5931942039795284,-2181.533470123032,4359.356241532425,4102.019731564592,89.96816901465641,0.0,67.3
2023-07-05,86.4,105.6,66.2,999.9,6.1,6.4,15.5,27.2,40.080111,116.584556,35.35,106.24265395207625,14.755924160010588,41.481238722452616,-0.060213277365792774,0.9964830363084052,40.080111,1606.415297772321,0.9958005092928006,3.5931942039795284,-2181.533470123032,4359.356241532425,4102.019731564592,89.96816901465641,0.0,52.6
2023-07-06,91.0,107.6,70.9,999.9,6.7,5.5,15.5,31.1,40.080111,116.584556,35.35,111.7926264499174,14.741884806582515,41.42788893693962,-0.07738647923346322,0.9964830363084052,40.080111,1606.415297772321,0.9958005092928006,3.5931942039795284,-2181.533470123032,4359.356241532425,4102.019731564592,89.96816901465641,0.0,56.4
2023-07-07,88.4,105.8,75.2,999.9,6.3,7.0,19.4,31.1,40.080111,116.584556,35.35,108.48840531805892,14.726932848605282,41.371195934145256,-0.09453674981719933,0.9964830363084052,40.080111,1606.415297772321,0.9958005092928006,3.5931942039795284,-2181.533470123032,4359.356241532425,4102.019731564592,89.96816901465641,0.0,60.0
2023-07-08,88.3,100.4,73.4,999.9,6.7,8.2,17.5,31.1,40.080111,116.584556,35.35,108.24902194230403,14.711078859656267,41.31116453570158,-0.11165900712169444,0.9964830363084052,40.080111,1606.415297772321,0.9958005092928006,3.5931942039795284,-2181.533470123032,4359.356241532425,4102.019731564592,89.96816901465641,0.0,57.8
2023-07-09,90.9,102.2,75.2,999.9,6.7,5.7,13.6,27.2,40.080111,116.584556,35.35,111.3095795765983,14.694333937504725,41.247799750812945,-0.12874817745258066,0.9964830363084052,40.080111,1606.415297772321,0.9958005092928006,3.5931942039795284,-2181.533470123032,4359.356241532425,4102.019731564592,89.96816901465641,0.0,59.3
2023-07-10,88.8,103.3,75.2,999.9,6.3,5.5,15.5,25.3,40.080111,116.584556,35.35,108.60765161501983,14.676709677705384,41.181106786112785,-0.14579919691987442,0.9964830363084052,40.080111,1606.415297772321,0.9958005092928006,3.5931942039795284,-2181.533470123032,4359.356241532425,4102.019731564592,89.96816901465641,0.0,67.7
2023-07-11,85.1,103.3,73.4,999.9,6.2,5.6,11.7,10.382601407894978,40.080111,116.584556,35.35,103.95119702207735,14.658218146473892,41.11109105663325,-0.16280701293851646,0.9964830363084052,40.080111,1606.415297772321,0.9958005092928006,3.5931942039795284,-2181.533470123032,4359.356241532425,4102.019731564592,89.96816901465641,0.0,71.1
2023-07-12,73.6,94.8,71.6,999.9,5.0,3.2,7.8,34.51320493502561,40.080111,116.584556,35.35,89.78508069820516,14.638871852968235,41.03775819793485,-0.17976658572556214,0.9964830363084052,40.080111,1606.415297772321,0.9958005092928006,3.5931942039795284,-2181.533470123032,4359.356241532425,4102.019731564592,89.96816901465641,0.0,73.0
2023-07-13,74.2,77.0,72.0,999.9,4.3,2.3,5.8,-24.61059437038043,40.080111,116.584556,35.35,90.39219434213261,14.618683721099615,40.961114079440236,-0.19667288979357622,0.9964830363084052,40.080111,1606.415297772321,0.9958005092928006,3.5931942039795284,-2181.533470123032,4359.356241532425,4102.019731564592,89.96816901465641,0.0,74.1
2023-07-14,87.8,96.6,73.0,999.9,5.9,12.9,21.4,31.1,40.080111,116.584556,35.35,106.80626399628005,14.597667060994997,40.88116481901189,-0.2135209154397959,0.9964830363084052,40.080111,1606.415297772321,0.9958005092928006,3.5931942039795284,-2181.533470123032,4359.356241532425,4102.019731564592,89.96816901465641,0.0,60.8
2023-07-15,85.0,96.6,69.8,999.9,6.6,10.0,21.4,-60.044068453565686,40.080111,116.584556,35.35,103.2455017433046,14.575835540231237,40.79791679880968,-0.23030567023061196,0.9964830363084052,40.080111,1606.415297772321,0.9958005092928006,3.5931942039795284,-2181.533470123032,4359.356241532425,4102.019731564592,89.96816901465641,0.0,58.2
2023-07-16,86.3,97.7,74.1,999.9,6.7,5.0,9.7,19.4,40.080111,116.584556,35.35,104.66178602273894,14.553203154957908,40.71137668245875,-0.24702218048093527,0.9964830363084052,40.080111,1606.415297772321,0.9958005092928006,3.5931942039795284,-2181.533470123032,4359.356241532425,4102.019731564592,89.96816901465641,0.0,62.3
2023-07-17,86.7,97.7,73.4,999.9,6.2,5.2,11.7,-110.5863935849465,40.080111,116.584556,35.35,104.97769085238589,14.529784201022268,40.621551433552796,-0.2636654927280072,0.9964830363084052,40.080111,1606.415297772321,0.9958005092928006,3.5931942039795284,-2181.533470123032,4359.356241532425,4102.019731564592,89.96816901465641,0.0,65.8
2023-07-18,85.1,98.6,73.4,999.9,6.1,4.0,9.7,-95.68694792061106,40.080111,116.584556,35.35,102.86883209725124,14.505593245205816,40.52844833551211,-0.2802306751992161,0.9964830363084052,40.080111,1606.415297772321,0.9958005092928006,3.5931942039795284,-2181.533470123032,4359.356241532425,4102.019731564592,89.96816901465641,0.0,67.0
2023-07-19,86.6,98.8,75.2,999.9,6.1,4.4,9.7,-117.15639762097999,40.080111,116.584556,35.35,104.5019887810185,14.480645096676929,40.432075012808546,-0.2967128192734901,0.9964830363084052,40.080111,1606.415297772321,0.9958005092928006,3.5931942039795284,-2181.533470123032,4359.356241532425,4102.019731564592,89.96816901465641,0.0,66.9
2023-07-20,87.5,98.8,77.0,999.9,5.7,5.3,13.6,-46.916358060615394,40.080111,116.584556,35.35,105.4007119284529,14.454954778759257,40.33243945356352,-0.3131070409358267,0.9964830363084052,40.080111,1606.415297772321,0.9958005092928006,3.5931942039795284,-2181.533470123032,4359.356241532425,4102.019731564592,89.96816901465641,0.0,71.2
2023-07-21,73.9,97.9,69.8,999.9,5.2,5.7,13.6,-17.52110477145499,40.080111,116.584556,35.35,88.8557434443336,14.42853750110965,40.22955003351748,-0.3294084822245302,0.9964830363084052,40.080111,1606.415297772321,0.9958005092928006,3.5931942039795284,-2181.533470123032,4359.356241532425,4102.019731564592,89.96816901465641,0.0,71.5
2023-07-22,72.2,81.0,68.0,999.9,5.1,4.6,11.7,-23.956865663290362,40.080111,116.584556,35.35,86.64847527156901,14.401408632393741,40.12341554136212,-0.3456123126707333,0.9964830363084052,40.080111,1606.415297772321,0.9958005092928006,3.5931942039795284,-2181.533470123032,4359.356241532425,4102.019731564592,89.96816901465641,0.0,70.2
2023-07-23,84.0,94.1,68.5,999.9,6.0,3.7,9.7,13.6,40.080111,116.584556,35.35,100.61508571478788,14.373583673541127,40.014045205418846,-0.3617137307297674,0.9964830363084052,40.080111,1606.415297772321,0.9958005092928006,3.5931942039795284,-2181.533470123032,4359.356241532425,4102.019731564592,89.96816901465641,0.0,70.7
2023-07-24,82.1,94.1,69.8,999.9,5.6,5.2,44.7,62.2,40.080111,116.584556,35.35,98.14424356824408,14.345078231655652,39.90144872163914,-0.37770796520396466,0.9964830363084052,40.080111,1606.415297772321,0.9958005092928006,3.5931942039795284,-2181.533470123032,4359.356241532425,4102.019731564592,89.96816901465641,0.0,73.9
2023-07-25,83.1,93.6,71.6,999.9,5.8,3.6,7.8,15.5,40.080111,116.584556,35.35,99.13766286295119,14.315907994649992,39.7856362828951,-0.39359027665646645,0.9964830363084052,40.080111,1606.415297772321,0.9958005092928006,3.5931942039795284,-2181.533470123032,4359.356241532425,4102.019731564592,89.96816901465641,0.0,73.0
2023-07-26,80.8,93.6,73.6,999.9,5.3,3.2,15.5,148.55685060169887,40.080111,116.584556,35.35,96.19299729155831,14.286088706667078,39.666618609519844,-0.4093559588156211,0.9964830363084052,40.080111,1606.415297772321,0.9958005092928006,3.5931942039795284,-2181.533470123032,4359.356241532425,4102.019731564592,89.96816901465641,0.0,76.3
2023-07-27,80.6,93.6,71.6,999.9,5.5,5.0,19.4,33.0,40.080111,116.584556,35.35,95.75035610284682,14.255636144344441,39.54440698105006,-0.42500033996955394,0.9964830363084052,40.080111,1606.415297772321,0.9958005092928006,3.5931942039795284,-2181.533470123032,4359.356241532425,4102.019731564592,89.96816901465641,0.0,74.6
2023-07-28,79.9,92.5,75.2,999.9,6.5,2.7,3.9,-18.1756320662487,40.080111,116.584556,35.35,94.71190257569044,14.22456609397103,39.41901326911534,-0.4405187843504952,0.9964830363084052,40.080111,1606.415297772321,0.9958005092928006,3.5931942039795284,-2181.533470123032,4359.356241532425,4102.019731564592,89.96816901465641,0.0,74.9
2023-07-29,79.3,86.5,73.4,999.9,5.6,3.9,11.7,-44.83988015636447,40.080111,116.584556,35.35,93.79137669463883,14.192894329579646,39.290449971410716,-0.455906693508459,0.9964830363084052,40.080111,1606.415297772321,0.9958005092928006,3.5931942039795284,-2181.533470123032,4359.356241532425,4102.019731564592,89.96816901465641,0.0,77.6
2023-07-30,75.7,84.7,73.2,999.9,4.9,6.4,11.7,17.5,40.080111,116.584556,35.35,89.33001583460833,14.160636592011887,39.158730246682126,-0.47115950767386394,0.9964830363084052,40.080111,1606.415297772321,0.9958005092928006,3.5931942039795284,-2181.533470123032,4359.356241532425,4102.019731564592,89.96816901465641,0.0,75.4
2023-07-31,78.0,80.4,73.2,999.9,3.4,6.6,9.7,19.4,40.080111,116.584556,35.35,91.8307556984113,14.127808568986353,39.02386795064659,-0.4862727071086902,0.9964830363084052,40.080111,1606.415297772321,0.9958005092928006,3.5931942039795284,-2181.533470123032,4359.356241532425,4102.019731564592,89.96816901465641,0.0,77.9
2023-08-01,79.3,83.7,76.6,999.9,3.3,4.2,7.8,21.340410882518064,40.080111,116.584556,35.35,93.14066433185532,14.094425876195004,38.8858776727626,-0.5012418134457756,0.9964830363084052,40.080111,1606.415297772321,0.9958005092928006,3.5931942039795284,-2181.533470123032,4359.356241532425,4102.019731564592,89.96816901465641,0.0,79.3
2023-08-02,84.3,87.8,78.3,999.9,5.6,5.6,9.7,77.26829462802058,40.080111,116.584556,35.35,98.77504087711485,14.060504039446954,38.744774773759204,-0.5160623910158526,0.9964830363084052,40.080111,1606.415297772321,0.9958005092928006,3.5931942039795284,-2181.533470123032,4359.356241532425,4102.019731564592,89.96816901465641,0.0,81.1
2023-08-03,85.7,89.6,80.1,999.9,3.8,3.3,7.8,40.871645946989965,40.080111,116.584556,35.35,100.1694342961461,14.026058477873432,38.60057542382604,-0.5307300481619331,0.9964830363084052,40.080111,1606.415297772321,0.9958005092928006,3.5931942039795284,-2181.533470123032,4359.356241532425,4102.019731564592,89.96816901465641,0.0,82.9
2023-08-04,87.5,98.6,77.0,999.9,5.7,3.7,7.8,-14.963657247383484,40.080111,116.584556,35.35,102.01847022647851,13.991104488202769,38.453296641361064,-0.5452404385406507,0.9964830363084052,40.080111,1606.415297772321,0.9958005092928006,3.5931942039795284,-2181.533470123032,4359.356241532425,4102.019731564592,89.96816901465641,0.0,78.9
2023-08-05,85.3,96.8,77.0,999.9,6.2,5.3,13.6,21.4,40.080111,116.584556,35.35,99.20146347735974,13.955657230109225,38.30295633216677,-0.5595892624101763,0.9964830363084052,40.080111,1606.415297772321,0.9958005092928006,3.5931942039795284,-2181.533470123032,4359.356241532425,4102.019731564592,89.96816901465641,0.0,73.3
2023-08-06,78.8,96.8,75.2,999.9,6.7,4.6,7.8,17.5,40.080111,116.584556,35.35,91.40623824630411,13.919731712635144,38.14957332898108,-0.5737722679043243,0.9964830363084052,40.080111,1606.415297772321,0.9958005092928006,3.5931942039795284,-2181.533470123032,4359.356241532425,4102.019731564592,89.96816901465641,0.0,70.8
2023-08-07,78.1,82.9,73.4,999.9,6.0,3.6,5.8,20.960037377022367,40.080111,116.584556,35.35,90.35742260411168,13.88334278168169,37.993167431224634,-0.5877852522924734,0.9964830363084052,40.080111,1606.415297772321,0.9958005092928006,3.5931942039795284,-2181.533470123032,4359.356241532425,4102.019731564592,89.96816901465641,0.0,72.9
2023-08-08,83.1,88.3,75.9,999.9,4.8,3.6,5.8,44.46727858536164,40.080111,116.584556,35.35,95.88704787677442,13.846505108559485,37.833759444841554,-0.6016240632249227,0.9964830363084052,40.080111,1606.415297772321,0.9958005092928006,3.5931942039795284,-2181.533470123032,4359.356241532425,4102.019731564592,89.96816901465641,0.0,76.4
2023-08-09,84.4,91.8,77.9,999.9,3.9,4.0,7.8,49.24194214797054,40.080111,116.584556,35.35,97.12494002976267,13.809233179587109,37.671371222108455,-0.6152845999633277,0.9964830363084052,40.080111,1606.415297772321,0.9958005092928006,3.5931942039795284,-2181.533470123032,4359.356241532425,4102.019731564592,89.96816901465641,0.0,77.9
2023-08-10,82.0,91.8,77.0,999.9,5.3,4.3,7.8,39.21382803114231,40.080111,116.584556,35.35,94.10553212593393,13.77154128672204,37.50602570128187,-0.6287628145958345,0.9964830363084052,40.080111,1606.415297772321,0.9958005092928006,3.5931942039795284,-2181.533470123032,4359.356241532425,4102.019731564592,89.96816901465641,0.0,75.6
2023-08-11,78.7,90.0,73.4,999.9,4.0,3.2,5.8,76.32145134805643,40.080111,116.584556,35.35,90.06850041345847,13.733443519205865,37.33774694595348,-0.6420547132365636,0.9964830363084052,40.080111,1606.415297772321,0.9958005092928006,3.5931942039795284,-2181.533470123032,4359.356241532425,4102.019731564592,89.96816901465641,0.0,76.5
2023-08-12,80.6,89.6,73.4,999.9,6.1,5.0,11.7,82.729016678998,40.080111,116.584556,35.35,91.98443939582965,13.694953756202926,37.16656018397925,-0.655156357209085,0.9964830363084052,40.080111,1606.415297772321,0.9958005092928006,3.5931942039795284,-2181.533470123032,4359.356241532425,4102.019731564592,89.96816901465641,0.0,74.0
2023-08-13,85.0,94.3,73.4,999.9,6.3,3.5,7.8,26.117132559279458,40.080111,116.584556,35.35,96.73060676123283,13.65608566040934,36.992491845848136,-0.6680638642135333,0.9964830363084052,40.080111,1606.415297772321,0.9958005092928006,3.5931942039795284,-2181.533470123032,4359.356241532425,4102.019731564592,89.96816901465641,0.0,73.0
2023-08-14,84.9,96.8,73.4,999.9,6.1,3.6,9.7,7.297448347200243,40.080111,116.584556,35.35,96.33923265869714,13.61685267260737,36.81556960235461,-0.6807734094770159,0.9964830363084052,40.080111,1606.415297772321,0.9958005092928006,3.5931942039795284,-2181.533470123032,4359.356241532425,4102.019731564592,89.96816901465641,0.0,73.5
2023-08-15,85.9,95.2,75.6,999.9,6.1,4.1,9.7,19.4,40.080111,116.584556,35.35,97.19061015109888,13.577268007138377,36.63582240143942,-0.6932812268869771,0.9964830363084052,40.080111,1606.415297772321,0.9958005092928006,3.5931942039795284,-2181.533470123032,4359.356241532425,4102.019731564592,89.96816901465641,0.0,75.1
2023-08-16,84.4,98.6,73.4,999.9,5.8,4.5,13.6,17.5,40.080111,116.584556,35.35,95.21265735947226,13.537344648266197,36.45328050406269,-0.7055836101071774,0.9964830363084052,40.080111,1606.415297772321,0.9958005092928006,3.5931942039795284,-2181.533470123032,4359.356241532425,4102.019731564592,89.96816901465641,0.0,75.3
2023-08-17,84.3,95.9,74.7,999.9,5.8,3.1,5.8,33.128059089118196,40.080111,116.584556,35.35,94.81709481549653,13.497095347401642,36.26797551897514,-0.7176769136759615,0.9964830363084052,40.080111,1606.415297772321,0.9958005092928006,3.5931942039795284,-2181.533470123032,4359.356241532425,4102.019731564592,89.96816901465641,0.0,75.7
2023-08-18,85.9,98.6,71.6,999.9,6.2,3.9,7.8,66.28250522254771,40.080111,116.584556,35.35,96.32634601312103,13.456532621157766,36.079940436253295,-0.7295575540864876,0.9964830363084052,40.080111,1606.415297772321,0.9958005092928006,3.5931942039795284,-2181.533470123032,4359.356241532425,4102.019731564592,89.96816901465641,0.0,67.0
2023-08-19,85.3,98.6,77.0,999.9,5.4,3.2,5.8,-129.5114385659686,40.080111,116.584556,35.35,95.36304536604072,13.415668750205025,35.8892096594677,-0.7412220108485957,0.9964830363084052,40.080111,1606.415297772321,0.9958005092928006,3.5931942039795284,-2181.533470123032,4359.356241532425,4102.019731564592,89.96816901465641,0.0,74.1
2023-08-20,78.9,95.2,68.0,999.9,5.1,3.8,13.6,157.28738940265956,40.080111,116.584556,35.35,87.93744124623298,13.37451577889475,35.695819036354415,-0.7526668275320083,0.9964830363084052,40.080111,1606.415297772321,0.9958005092928006,3.5931942039795284,-2181.533470123032,4359.356241532425,4102.019731564592,89.96816901465641,0.0,74.4
2023-08-21,77.0,92.1,68.0,999.9,6.7,4.4,9.7,-33.63711872857081,40.080111,116.584556,35.35,85.55396539188976,13.333085515619185,35.499805887863445,-0.7638886127905429,0.9964830363084052,40.080111,1606.415297772321,0.9958005092928006,3.5931942039795284,-2181.533470123032,4359.356241532425,4102.019731564592,89.96816901465641,0.0,68.6
2023-08-22,78.5,89.1,66.2,999.9,6.7,3.8,7.8,13.6,40.080111,116.584556,35.35,86.94783986744004,13.291389533876185,35.30120903546101,-0.7748840413670406,0.9964830363084052,40.080111,1606.415297772321,0.9958005092928006,3.5931942039795284,-2181.533470123032,4359.356241532425,4102.019731564592,89.96816901465641,0.0,61.5
2023-08-23,79.0,89.6,68.0,999.9,6.6,5.2,17.5,21.802827290271395,40.080111,116.584556,35.35,87.22547456221001,13.249439174006586,35.100068826566,-0.7856498550787144,0.9964830363084052,40.080111,1606.415297772321,0.9958005092928006,3.5931942039795284,-2181.533470123032,4359.356241532425,4102.019731564592,89.96816901465641,0.0,65.2
2023-08-24,67.9,89.2,62.6,999.9,5.9,3.1,3.9,74.49824223920632,40.080111,116.584556,35.35,74.73099771203164,13.2072455455726,34.89642715800543,-0.7961828637826154,0.9964830363084052,40.080111,1606.415297772321,0.9958005092928006,3.5931942039795284,-2181.533470123032,4359.356241532425,4102.019731564592,89.96816901465641,0.0,66.6
2023-08-25,75.4,84.2,66.2,999.9,6.2,3.2,11.7,-23.41842028033825,40.080111,116.584556,35.35,82.71894938233916,13.164819530345754,34.69032749737834,-0.8064799463209447,0.9964830363084052,40.080111,1606.415297772321,0.9958005092928006,3.5931942039795284,-2181.533470123032,4359.356241532425,4102.019731564592,89.96816901465641,0.0,68.2
2023-08-26,74.3,84.2,67.1,999.9,6.0,3.5,9.7,13.571328647511152,40.080111,116.584556,35.35,81.24811364086588,13.122171785873359,34.48181490222214,-0.8165380514459157,0.9964830363084052,40.080111,1606.415297772321,0.9958005092928006,3.5931942039795284,-2181.533470123032,4359.356241532425,4102.019731564592,89.96816901465641,0.0,67.2
2023-08-27,74.6,82.4,68.0,999.9,6.0,3.2,5.8,-50.35292884516949,40.080111,116.584556,35.35,81.30972759330305,13.079312749592985,34.270936036881366,-0.8263541987239094,0.9964830363084052,40.080111,1606.415297772321,0.9958005092928006,3.5931942039795284,-2181.533470123032,4359.356241532425,4102.019731564592,89.96816901465641,0.0,68.4
2023-08-28,74.9,86.0,62.6,999.9,6.6,4.9,9.7,2.121289746174522,40.080111,116.584556,35.35,81.36794358296135,13.036252643465101,34.05773918698408,-0.8359254794186365,0.9964830363084052,40.080111,1606.415297772321,0.9958005092928006,3.5931942039795284,-2181.533470123032,4359.356241532425,4102.019731564592,89.96816901465641,0.0,60.5
2023-08-29,73.5,85.5,62.6,999.9,6.7,4.1,11.7,17.5,40.080111,116.584556,35.35,79.58213405945408,12.993001479094543,33.84227427143733,-0.8452490573530634,0.9964830363084052,40.080111,1606.415297772321,0.9958005092928006,3.5931942039795284,-2181.533470123032,4359.356241532425,4102.019731564592,89.96816901465641,0.0,59.4
2023-08-30,76.2,87.8,64.6,999.9,6.7,3.3,9.7,13.6,40.080111,116.584556,35.35,82.22976355203396,12.949569063312433,33.62459285185966,-0.8543221697498269,0.9964830363084052,40.080111,1606.415297772321,0.9958005092928006,3.5931942039795284,-2181.533470123032,4359.356241532425,4102.019731564592,89.96816901465641,0.0,62.3
2023-08-31,72.0,87.8,64.4,999.9,6.3,4.0,7.8,-37.1161141714016,40.080111,116.584556,35.35,77.43579002514443,12.905965004190737,33.40474813937485,-0.8631421280499115,0.9964830363084052,40.080111,1606.415297772321,0.9958005092928006,3.5931942039795284,-2181.533470123032,4359.356241532425,4102.019731564592,89.96816901465641,0.0,66.1
2023-09-01,75.7,87.8,64.4,999.9,6.0,3.6,7.8,-4.710088752332446,40.080111,116.584556,35.35,81.13903690932696,12.862198717462661,33.1827949986983,-0.8717063187093217,0.9964830363084052,40.080111,1606.415297772321,0.9958005092928006,3.5931942039795284,-2181.533470123032,4359.356241532425,4102.019731564592,89.96816901465641,0.0,64.4
2023-09-02,73.7,87.1,68.0,999.9,5.5,3.0,11.7,1.106084397096165,40.080111,116.584556,35.35,78.72559951965765,12.81827943332282,32.95878994945471,-0.8800122039735356,0.9964830363084052,40.080111,1606.415297772321,0.9958005092928006,3.5931942039795284,-2181.533470123032,4359.356241532425,4102.019731564592,89.96816901465641,0.0,68.5
2023-09-03,76.9,86.2,68.0,999.9,5.1,2.5,5.8,151.09925794335734,40.080111,116.584556,35.35,81.86143550462135,12.774216203582005,32.7327911646725,-0.888057322629493,0.9964830363084052,40.080111,1606.415297772321,0.9958005092928006,3.5931942039795284,-2181.533470123032,4359.356241532425,4102.019731564592,89.96816901465641,0.0,70.4
2023-09-04,80.2,87.8,70.5,999.9,3.8,2.7,5.8,156.73828354965568,40.080111,116.584556,35.35,85.07895302616805,12.730017909152327,32.50485846640864,-0.8958392907349089,0.9964830363084052,40.080111,1606.415297772321,0.9958005092928006,3.5931942039795284,-2181.533470123032,4359.356241532425,4102.019731564592,89.96816901465641,0.0,73.8
2023-09-05,80.6,89.6,73.4,999.9,3.9,3.6,5.8,-54.73486943133453,40.080111,116.584556,35.35,85.20557311565395,12.6856932678393,32.27505331846473,-0.9033558023246842,0.9964830363084052,40.080111,1606.415297772321,0.9958005092928006,3.5931942039795284,-2181.533470123032,4359.356241532425,4102.019731564592,89.96816901465641,0.0,73.7
2023-09-06,81.4,91.4,73.2,999.9,3.5,3.3,7.8,48.92610269442293,40.080111,116.584556,35.35,85.74981821440466,12.641250842418374,32.04343881616302,-0.9106046300942162,0.9964830363084052,40.080111,1606.415297772321,0.9958005092928006,3.5931942039795284,-2181.533470123032,4359.356241532425,4102.019731564592,89.96816901465641,0.0,73.5
2023-09-07,81.8,91.4,75.0,999.9,4.1,5.4,11.7,-71.79064449037955,40.080111,116.584556,35.35,85.86749851717461,12.59669904897427,31.810079673159503,-0.9175836260593934,0.9964830363084052,40.080111,1606.415297772321,0.9958005092928006,3.5931942039795284,-2181.533470123032,4359.356241532425,4102.019731564592,89.96816901465641,0.0,72.9
2023-09-08,74.1,88.7,68.0,999.9,3.7,4.0,9.7,17.5,40.080111,116.584556,35.35,77.50888507185304,12.552046165482274,31.57504220527838,-0.9242907221930934,0.9964830363084052,40.080111,1606.415297772321,0.9958005092928006,3.5931942039795284,-2181.533470123032,4359.356241532425,4102.019731564592,89.96816901465641,0.0,73.7
2023-09-09,68.1,82.4,67.5,999.9,3.1,2.6,5.8,-92.89365365532099,40.080111,116.584556,35.35,70.97892943297067,12.507300340611575,31.338394311361025,-0.9307239310379793,0.9964830363084052,40.080111,1606.415297772321,0.9958005092928006,3.5931942039795284,-2181.533470123032,4359.356241532425,4102.019731564592,89.96816901465641,0.0,68.1
2023-09-10,72.4,77.0,67.3,999.9,5.1,2.9,5.8,-58.22734917230993,40.080111,116.584556,35.35,75.19023326981264,12.462469602731376,31.10020545113029,-0.9368813462954315,0.9964830363084052,40.080111,1606.415297772321,0.9958005092928006,3.5931942039795284,-2181.533470123032,4359.356241532425,4102.019731564592,89.96816901465641,0.0,69.9
2023-09-11,75.9,86.0,60.8,999.9,5.7,3.3,7.8,117.06568336341027,40.080111,116.584556,35.35,78.54107882206586,12.41756186910132,30.860546620078953,-0.9427611433904206,0.9964830363084052,40.080111,1606.415297772321,0.9958005092928006,3.5931942039795284,-2181.533470123032,4359.356241532425,4102.019731564592,89.96816901465641,0.0,65.4
2023-09-12,70.2,84.4,57.2,999.9,6.6,3.5,5.8,100.36168547997005,40.080111,116.584556,35.35,72.37962198808714,12.37258495522857,30.619490321399834,-0.9483615800121716,0.9964830363084052,40.080111,1606.415297772321,0.9958005092928006,3.5931942039795284,-2181.533470123032,4359.356241532425,4102.019731564592,89.96816901465641,0.0,54.6
2023-09-13,71.1,82.4,60.6,999.9,6.3,4.0,9.7,15.5,40.080111,116.584556,35.35,73.04071351241814,12.32754658437437,30.37711053498221,-0.9536809966304455,0.9964830363084052,40.080111,1606.415297772321,0.9958005092928006,3.5931942039795284,-2181.533470123032,4359.356241532425,4102.019731564592,89.96816901465641,0.0,59.8
2023-09-14,72.3,86.0,60.8,999.9,6.1,3.7,9.7,-31.49083598714898,40.080111,116.584556,35.35,74.00178774309184,12.282454397193668,30.1334826835082,-0.9587178169872964,0.9964830363084052,40.080111,1606.415297772321,0.9958005092928006,3.5931942039795284,-2181.533470123032,4359.356241532425,4102.019731564592,89.96816901465641,0.0,62.3
2023-09-15,73.3,86.0,61.7,999.9,5.5,3.7,9.7,-38.415416876830335,40.080111,116.584556,35.35,74.74960499811304,12.237315961491902,29.88868359568965,-0.9634705485641486,0.9964830363084052,40.080111,1606.415297772321,0.9958005092928006,3.5931942039795284,-2181.533470123032,4359.356241532425,4102.019731564592,89.96816901465641,0.0,62.0
2023-09-16,75.6,86.0,66.4,999.9,4.8,3.4,7.8,-24.696455669573524,40.080111,116.584556,35.35,76.81047432712623,12.192138782083529,29.6427914666947,-0.9679377830240642,0.9964830363084052,40.080111,1606.415297772321,0.9958005092928006,3.5931942039795284,-2181.533470123032,4359.356241532425,4102.019731564592,89.96816901465641,0.0,66.5
2023-09-17,72.6,85.1,62.6,999.9,4.5,3.7,9.7,19.37573534771405,40.080111,116.584556,35.35,73.4889283799613,12.146930310737405,29.395885815820403,-0.9721181966290612,0.9964830363084052,40.080111,1606.415297772321,0.9958005092928006,3.5931942039795284,-2181.533470123032,4359.356241532425,4102.019731564592,89.96816901465641,0.0,66.1
2023-09-18,73.7,86.0,60.8,999.9,6.2,3.8,7.8,24.75550551415882,40.080111,116.584556,35.35,74.32459494762745,12.101697956194428,29.148047441475345,-0.9760105506323682,0.9964830363084052,40.080111,1606.415297772321,0.9958005092928006,3.5931942039795284,-2181.533470123032,4359.356241532425,4102.019731564592,89.96816901465641,0.0,64.4
2023-09-19,70.2,86.0,57.2,999.9,6.6,4.0,9.7,-26.0062358050486,40.080111,116.584556,35.35,70.53022720132311,12.056449094243268,28.899358373543688,-0.9796136916454901,0.9964830363084052,40.080111,1606.415297772321,0.9958005092928006,3.5931942039795284,-2181.533470123032,4359.356241532425,4102.019731564592,89.96816901465641,0.0,55.0
2023-09-20,68.9,82.4,55.4,999.9,6.2,3.5,7.8,53.90195797026851,40.080111,116.584556,35.35,68.96425543859941,12.011191077840243,28.649901823209024,-0.9829265519799822,0.9964830363084052,40.080111,1606.415297772321,0.9958005092928006,3.5931942039795284,-2181.533470123032,4359.356241532425,4102.019731564592,89.96816901465641,0.0,53.8
2023-09-21,70.6,84.2,59.0,999.9,6.2,3.3,13.6,-6.583022524327536,40.080111,116.584556,35.35,70.39956217137724,11.965931247259588,28.399762130323563,-0.9859481499638303,0.9964830363084052,40.080111,1606.415297772321,0.9958005092928006,3.5931942039795284,-2181.533470123032,4359.356241532425,4102.019731564592,89.96816901465641,0.0,59.1
2023-09-22,70.0,82.4,59.0,999.9,6.2,5.8,15.5,19.4,40.080111,116.584556,35.35,69.53728215152006,11.920676940260583,28.149024708414736,-0.9886775902323404,0.9964830363084052,40.080111,1606.415297772321,0.9958005092928006,3.5931942039795284,-2181.533470123032,4359.356241532425,4102.019731564592,89.96816901465641,0.0,53.0
2023-09-23,68.3,78.8,59.0,999.9,6.2,3.8,7.8,94.42893149945094,40.080111,116.584556,35.35,67.59102040035172,11.87543550225799,27.897775987427735,-0.9911140639934546,0.9964830363084052,40.080111,1606.415297772321,0.9958005092928006,3.5931942039795284,-2181.533470123032,4359.356241532425,4102.019731564592,89.96816901465641,0.0,52.8
2023-09-24,62.0,71.6,53.6,999.9,6.2,2.8,3.9,13.6,40.080111,116.584556,35.35,61.12277386515888,11.830214296482364,27.64610335430898,-0.9932568492674143,0.9964830363084052,40.080111,1606.415297772321,0.9958005092928006,3.5931942039795284,-2181.533470123032,4359.356241532425,4102.019731564592,89.96816901465641,0.0,53.7
2023-09-25,64.0,73.4,55.9,999.9,5.9,3.1,5.8,34.83252794816288,40.080111,116.584556,35.35,62.85344380862218,11.785020714116659,27.394095091541015,-0.9951053111006974,0.9964830363084052,40.080111,1606.415297772321,0.9958005092928006,3.5931942039795284,-2181.533470123032,4359.356241532425,4102.019731564592,89.96816901465641,0.0,57.6
2023-09-26,66.9,77.0,59.5,999.9,3.4,3.3,7.8,13.6,40.080111,116.584556,35.35,65.44973167800495,11.739862184395506,27.141840313745256,-0.99665890175417,0.9964830363084052,40.080111,1606.415297772321,0.9958005092928006,3.5931942039795284,-2181.533470123032,4359.356241532425,4102.019731564592,89.96816901465641,0.0,61.3
2023-09-27,66.4,83.1,48.2,999.9,5.6,5.3,9.7,21.4,40.080111,116.584556,35.35,64.71092888841524,11.694746184653356,26.889428902474393,-0.9979171608653922,0.9964830363084052,40.080111,1606.415297772321,0.9958005092928006,3.5931942039795284,-2181.533470123032,4359.356241532425,4102.019731564592,89.96816901465641,0.0,47.1
2023-09-28,64.1,83.1,50.9,999.9,6.5,3.0,9.7,8.0054856455616,40.080111,116.584556,35.35,62.228708670391896,11.649680250307377,26.636951439320875,-0.9988797155850335,0.9964830363084052,40.080111,1606.415297772321,0.9958005092928006,3.5931942039795284,-2181.533470123032,4359.356241532425,4102.019731564592,89.96816901465641,0.0,45.2
2023-09-29,71.0,82.4,53.6,999.9,6.3,7.9,15.5,25.3,40.080111,116.584556,35.35,68.66097590983459,11.604671984760776,26.384499137473163,-0.9995462806873573,0.9964830363084052,40.080111,1606.415297772321,0.9958005092928006,3.5931942039795284,-2181.533470123032,4359.356241532425,4102.019731564592,89.96816901465641,0.0,39.9
2023-09-30,64.0,82.2,48.2,999.9,6.7,6.1,11.7,19.4,40.080111,116.584556,35.35,61.651888369129644,11.559729069211809,26.132163771855062,-0.9999166586547379,0.9964830363084052,40.080111,1606.415297772321,0.9958005092928006,3.5931942039795284,-2181.533470123032,4359.356241532425,4102.019731564592,89.96816901465641,0.0,42.7
2023-10-01,62.2,78.8,48.2,999.9,6.6,3.2,7.8,60.0429152781668,40.080111,116.584556,35.35,59.68535389503109,11.514859272353265,25.880037607988083,-0.9999907397361901,0.9964830363084052,40.080111,1606.415297772321,0.9958005092928006,3.5931942039795284,-2181.533470123032,4359.356241532425,4102.019731564592,89.96816901465641,0.0,43.8
2023-10-02,61.6,78.8,50.0,999.9,6.4,2.6,9.7,67.82509162494954,40.080111,116.584556,35.35,58.87969502772738,11.470070459946891,25.628213329720136,-0.9997685019798909,0.9964830363084052,40.080111,1606.415297772321,0.9958005092928006,3.5931942039795284,-2181.533470123032,4359.356241532425,4102.019731564592,89.96816901465641,0.0,51.3
2023-10-03,66.6,78.8,52.9,999.9,6.1,3.9,11.7,-11.860202641302418,40.080111,116.584556,35.35,63.410806853623306,11.425370604256452,25.37678396596675,-0.9992500112396835,0.9964830363084052,40.080111,1606.415297772321,0.9958005092928006,3.5931942039795284,-2181.533470123032,4359.356241532425,4102.019731564592,89.96816901465641,0.0,54.0
2023-10-04,60.1,77.9,41.0,999.9,6.7,4.0,11.7,-3.9258129069853176,40.080111,116.584556,35.35,56.99867869822482,11.38076779332276,25.12584281661475,-0.9984354211555643,0.9964830363084052,40.080111,1606.415297772321,0.9958005092928006,3.5931942039795284,-2181.533470123032,4359.356241532425,4102.019731564592,89.96816901465641,0.0,40.3
2023-10-05,58.8,75.2,44.2,999.9,6.7,4.1,7.8,17.5,40.080111,116.584556,35.35,55.54772417630972,11.33627024006321,24.87548337773983,-0.9973249731081555,0.9964830363084052,40.080111,1606.415297772321,0.9958005092928006,3.5931942039795284,-2181.533470123032,4359.356241532425,4102.019731564592,89.96816901465641,0.0,37.5
2023-10-06,58.9,75.2,46.4,999.9,6.5,3.3,7.8,100.1872108395052,40.080111,116.584556,35.35,55.424341879197314,11.291886291177722,24.6257992662923,-0.9959189961471792,0.9964830363084052,40.080111,1606.415297772321,0.9958005092928006,3.5931942039795284,-2181.533470123032,4359.356241532425,4102.019731564592,89.96816901465641,0.0,43.7
2023-10-07,61.1,73.4,49.8,999.9,6.1,3.7,11.7,-35.82359032596948,40.080111,116.584556,35.35,57.269154419163705,11.2476244358423,24.37688414440663,-0.994217906893952,0.9964830363084052,40.080111,1606.415297772321,0.9958005092928006,3.5931942039795284,-2181.533470123032,4359.356241532425,4102.019731564592,89.96816901465641,0.0,49.8
2023-10-08,61.1,73.4,48.2,999.9,5.8,5.7,17.5,27.2,40.080111,116.584556,35.35,57.044453457985135,11.203493314170567,24.128831643491743,-0.9922222094179324,0.9964830363084052,40.080111,1606.415297772321,0.9958005092928006,3.5931942039795284,-2181.533470123032,4359.356241532425,4102.019731564592,89.96816901465641,0.0,45.1
2023-10-09,61.6,75.2,48.2,999.9,6.7,5.3,11.7,-77.82217605056539,40.080111,116.584556,35.35,57.28544219050429,11.159501725422913,23.88173528826017,-0.989932495087353,0.9964830363084052,40.080111,1606.415297772321,0.9958005092928006,3.5931942039795284,-2181.533470123032,4359.356241532425,4102.019731564592,89.96816901465641,0.0,44.6
2023-10-10,59.0,75.2,46.4,999.9,6.5,2.9,7.8,8.102035366735477,40.080111,116.584556,35.35,54.65198829338156,11.115658635942012,23.63568842085425,-0.9873494423939864,0.9964830363084052,40.080111,1606.415297772321,0.9958005092928006,3.5931942039795284,-2181.533470123032,4359.356241532425,4102.019731564592,89.96816901465641,0.0,46.4
2023-10-11,61.0,75.2,48.9,999.9,6.0,3.2,7.8,62.18817029018286,40.080111,116.584556,35.35,56.28253036619572,11.0719731867926,23.390784125227988,-0.9844738167520923,0.9964830363084052,40.080111,1606.415297772321,0.9958005092928006,3.5931942039795284,-2181.533470123032,4359.356241532425,4102.019731564592,89.96816901465641,0.0,50.4
2023-10-12,58.5,74.1,50.0,999.9,2.5,2.7,5.8,54.558180475323994,40.080111,116.584556,35.35,53.7637166677778,11.028454701082625,23.14711515194302,-0.9813064702716093,0.9964830363084052,40.080111,1606.415297772321,0.9958005092928006,3.5931942039795284,-2181.533470123032,4359.356241532425,4102.019731564592,89.96816901465641,0.0,54.3
2023-10-13,56.0,73.2,44.6,999.9,5.5,3.6,9.7,15.5,40.080111,116.584556,35.35,51.26385922439527,10.985112690941843,22.90477384353561,-0.9778483415056567,0.9964830363084052,40.080111,1606.415297772321,0.9958005092928006,3.5931942039795284,-2181.533470123032,4359.356241532425,4102.019731564592,89.96816901465641,0.0,46.9
2023-10-14,58.0,75.4,44.6,999.9,6.6,4.7,9.7,17.5,40.080111,116.584556,35.35,52.88612484331062,10.941956864133232,22.6638520606117,-0.9741004551724206,0.9964830363084052,40.080111,1606.415297772321,0.9958005092928006,3.5931942039795284,-2181.533470123032,4359.356241532425,4102.019731564592,89.96816901465641,0.0,40.3
2023-10-15,56.7,75.4,37.4,999.9,6.7,3.8,9.7,95.80119455433541,40.080111,116.584556,35.35,51.49776144053305,10.898997130271544,22.424441108824315,-0.970063921851507,0.9964830363084052,40.080111,1606.415297772321,0.9958005092928006,3.5931942039795284,-2181.533470123032,4359.356241532425,4102.019731564592,89.96816901465641,0.0,36.4
2023-10-16,55.2,74.1,42.8,999.9,6.7,2.6,3.9,13.6,40.080111,116.584556,35.35,49.93872059046388,10.856243606622582,22.18663166688641,-0.965739937654855,0.9964830363084052,40.080111,1606.415297772321,0.9958005092928006,3.5931942039795284,-2181.533470123032,4359.356241532425,4102.019731564592,89.96816901465641,0.0,41.4
2023-10-17,60.9,71.6,46.6,999.9,6.0,3.2,9.7,21.321141444859244,40.080111,116.584556,35.35,54.87956111403867,10.813706623455897,21.950513715769745,-0.9611297838723007,0.9964830363084052,40.080111,1606.415297772321,0.9958005092928006,3.5931942039795284,-2181.533470123032,4359.356241532425,4102.019731564592,89.96816901465641,0.0,51.5
2023-10-18,65.1,73.4,49.8,999.9,6.7,8.7,13.6,25.3,40.080111,116.584556,35.35,58.43482725440596,10.771396728922758,21.716176469237297,-0.9562348265919058,0.9964830363084052,40.080111,1606.415297772321,0.9958005092928006,3.5931942039795284,-2181.533470123032,4359.356241532425,4102.019731564592,89.96816901465641,0.0,31.8
2023-10-19,57.5,73.0,35.6,999.9,6.7,11.6,25.3,36.9,40.080111,116.584556,35.35,51.41134748935487,10.72932469343058,21.483708305854194,-0.9510565162951536,0.9964830363084052,40.080111,1606.415297772321,0.9958005092928006,3.5931942039795284,-2181.533470123032,4359.356241532425,4102.019731564592,89.96816901465641,0.0,20.1
2023-10-20,54.2,68.2,33.8,999.9,6.7,7.9,15.5,23.3,40.080111,116.584556,35.35,48.27188183590347,10.687501513484163,21.253196702617732,-0.9455963874271428,0.9964830363084052,40.080111,1606.415297772321,0.9958005092928006,3.5931942039795284,-2181.533470123032,4359.356241532425,4102.019731564592,89.96816901465641,0.0,25.5
2023-10-21,53.6,73.4,37.4,999.9,6.3,3.8,9.7,13.6,40.080111,116.584556,35.35,47.55185825350397,10.645938414963576,21.02472817034396,-0.9398560579418953,0.9964830363084052,40.080111,1606.415297772321,0.9958005092928006,3.5931942039795284,-2181.533470123032,4359.356241532425,4102.019731564592,89.96816901465641,0.0,32.7
2023-10-22,54.7,75.2,39.7,999.9,6.3,2.8,7.8,-57.27602082542583,40.080111,116.584556,35.35,48.33951525105762,10.604646855807886,20.798388190943417,-0.9338372288229252,0.9964830363084052,40.080111,1606.415297772321,0.9958005092928006,3.5931942039795284,-2181.533470123032,4359.356241532425,4102.019731564592,89.96816901465641,0.0,38.8
2023-10-23,54.7,73.8,43.3,999.9,3.7,2.6,5.8,25.27712054080459,40.080111,116.584556,35.35,48.15258562380164,10.563638528073486,20.574261156713792,-0.9275416835791965,0.9964830363084052,40.080111,1606.415297772321,0.9958005092928006,3.5931942039795284,-2181.533470123032,4359.356241532425,4102.019731564592,89.96816901465641,0.0,46.6
2023-10-24,56.7,75.2,44.6,999.9,2.8,3.1,7.8,15.5,40.080111,116.584556,35.35,49.720822322859874,10.522925359335423,20.352430311772775,-0.9209712877166347,0.9964830363084052,40.080111,1606.415297772321,0.9958005092928006,3.5931942039795284,-2181.533470123032,4359.356241532425,4102.019731564592,89.96816901465641,0.0,47.2
2023-10-25,65.3,82.4,42.8,999.9,5.4,4.9,9.7,17.5,40.080111,116.584556,35.35,57.042377018751054,10.482519513399888,20.132977695747982,-0.9141279881853337,0.9964830363084052,40.080111,1606.415297772321,0.9958005092928006,3.5931942039795284,-2181.533470123032,4359.356241532425,4102.019731564592,89.96816901465641,0.0,38.8
2023-10-26,55.4,81.5,39.2,999.9,6.3,4.0,7.8,58.31537256173412,40.080111,116.584556,35.35,48.20923415186623,10.442433390295934,19.915984089835643,-0.9070138128026362,0.9964830363084052,40.080111,1606.415297772321,0.9958005092928006,3.5931942039795284,-2181.533470123032,4359.356241532425,4102.019731564592,89.96816901465641,0.0,36.2
2023-10-27,54.5,73.4,42.8,999.9,6.1,3.2,7.8,-59.53735792540593,40.080111,116.584556,35.35,47.245503299211805,10.402679625514526,19.701528965333175,-0.8996308696522434,0.9964830363084052,40.080111,1606.415297772321,0.9958005092928006,3.5931942039795284,-2181.533470123032,4359.356241532425,4102.019731564592,89.96816901465641,0.0,42.2
2023-10-28,57.9,72.9,45.3,999.9,3.4,2.7,5.8,-40.438294543817804,40.080111,116.584556,35.35,50.002783001835425,10.3632710884633,19.489690434744045,-0.8919813464595487,0.9964830363084052,40.080111,1606.415297772321,0.9958005092928006,3.5931942039795284,-2181.533470123032,4359.356241532425,4102.019731564592,89.96816901465641,0.0,49.5
2023-10-29,58.6,70.7,50.0,999.9,1.7,2.5,7.8,-111.47240797677868,40.080111,116.584556,35.35,50.416611964516235,10.324220880105713,19.280545205546616,-0.8840675099433637,0.9964830363084052,40.080111,1606.415297772321,0.9958005092928006,3.5931942039795284,-2181.533470123032,4359.356241532425,4102.019731564592,89.96816901465641,0.0,54.3
2023-10-30,63.8,73.4,49.1,999.9,4.3,4.0,7.8,28.138784866011406,40.080111,116.584556,35.35,54.684800053192106,10.285542329754001,19.07416853671098,-0.8758917051442433,0.9964830363084052,40.080111,1606.415297772321,0.9958005092928006,3.5931942039795284,-2181.533470123032,4359.356241532425,4102.019731564592,89.96816901465641,0.0,52.6
2023-10-31,58.9,72.5,48.2,999.9,2.6,3.2,5.8,80.68597687011525,40.080111,116.584556,35.35,50.29691379742321,10.247248990986053,18.870634198040296,-0.8674563547295971,0.9964830363084052,40.080111,1606.415297772321,0.9958005092928006,3.5931942039795284,-2181.533470123032,4359.356241532425,4102.019731564592,89.96816901465641,0.0,52.7
2023-11-01,62.2,73.4,51.4,999.9,2.0,4.4,9.7,42.135994601885216,40.080111,116.584556,35.35,52.91848820000801,10.209354636657492,18.670014432405274,-0.858763958275803,0.9964830363084052,40.080111,1606.415297772321,0.9958005092928006,3.5931942039795284,-2181.533470123032,4359.356241532425,4102.019731564592,89.96816901465641,0.0,54.6
2023-11-02,62.2,72.7,51.8,999.9,4.8,6.6,17.5,143.94467271491644,40.080111,116.584556,35.35,52.72420969462033,10.171873252981413,18.472379920931466,-0.8498170915275277,0.9964830363084052,40.080111,1606.415297772321,0.9958005092928006,3.5931942039795284,-2181.533470123032,4359.356241532425,4102.019731564592,89.96816901465641,0.0,40.4
2023-11-03,56.1,71.6,50.0,999.9,6.7,5.7,11.7,-66.85204549472282,40.080111,116.584556,35.35,47.380278977638476,10.13481903264994,18.2777997511913,-0.8406184056344783,0.9964830363084052,40.080111,1606.415297772321,0.9958005092928006,3.5931942039795284,-2181.533470123032,4359.356241532425,4102.019731564592,89.96816901465641,0.0,36.9
2023-11-04,54.4,63.0,49.5,999.9,6.4,2.3,5.8,84.70389726285175,40.080111,116.584556,35.35,45.77853553027955,10.09820636697343,18.086341388442907,-0.8311706263658079,0.9964830363084052,40.080111,1606.415297772321,0.9958005092928006,3.5931942039795284,-2181.533470123032,4359.356241532425,4102.019731564592,89.96816901465641,0.0,45.1
2023-11-05,47.3,62.2,37.4,999.9,5.8,11.6,25.3,36.9,40.080111,116.584556,35.35,39.66124644090257,10.062049837015453,17.898070649949045,-0.8214765533024145,0.9964830363084052,40.080111,1606.415297772321,0.9958005092928006,3.5931942039795284,-2181.533470123032,4359.356241532425,4102.019731564592,89.96816901465641,0.0,31.9
2023-11-06,39.6,52.2,26.6,999.9,6.8,11.8,23.3,27.2,40.080111,116.584556,35.35,33.08700187222307,10.02636420370396,17.71305168239998,-0.8115390590073611,0.9964830363084052,40.080111,1606.415297772321,0.9958005092928006,3.5931942039795284,-2181.533470123032,4359.356241532425,4102.019731564592,89.96816901465641,0.0,15.3
2023-11-07,42.7,53.8,27.9,999.9,6.2,3.9,7.8,64.36890745238236,40.080111,116.584556,35.35,35.55189331230898,9.99116439690182,17.53134694245396,-0.801361088174677,0.9964830363084052,40.080111,1606.415297772321,0.9958005092928006,3.5931942039795284,-2181.533470123032,4359.356241532425,4102.019731564592,89.96816901465641,0.0,26.4
2023-11-08,46.7,59.0,33.8,999.9,6.2,7.0,21.4,31.1,40.080111,116.584556,35.35,38.74724491748794,9.956465503423024,17.35301718039937,-0.7909456567567774,0.9964830363084052,40.080111,1606.415297772321,0.9958005092928006,3.5931942039795284,-2181.533470123032,4359.356241532425,4102.019731564592,89.96816901465641,0.0,24.1
2023-11-09,37.2,57.9,26.6,999.9,6.5,11.1,17.5,25.3,40.080111,116.584556,35.35,30.759076537350726,9.922282753984105,17.178121426932226,-0.780295851070776,0.9964830363084052,40.080111,1606.415297772321,0.9958005092928006,3.5931942039795284,-2181.533470123032,4359.356241532425,4102.019731564592,89.96816901465641,0.0,-2.6
2023-11-10,33.6,46.6,26.6,999.9,6.7,5.4,9.7,-10.96634434497238,40.080111,116.584556,35.35,27.68816822543543,9.888631509084082,17.00671698303231,-0.7694148268839381,0.9964830363084052,40.080111,1606.415297772321,0.9958005092928006,3.5931942039795284,-2181.533470123032,4359.356241532425,4102.019731564592,89.96816901465641,0.0,6.3
2023-11-11,35.2,45.0,27.3,999.9,6.7,7.4,13.6,21.4,40.080111,116.584556,35.35,28.909546581843525,9.855527243810291,16.838859412910782,-0.7583058084785625,0.9964830363084052,40.080111,1606.415297772321,0.9958005092928006,3.5931942039795284,-2181.533470123032,4359.356241532425,4102.019731564592,89.96816901465641,0.0,4.3
2023-11-12,36.3,46.4,24.8,999.9,6.6,10.1,17.5,21.4,40.080111,116.584556,35.35,29.714531233004404,9.822985531571705,16.674602539991373,-0.7469720876965551,0.9964830363084052,40.080111,1606.415297772321,0.9958005092928006,3.5931942039795284,-2181.533470123032,4359.356241532425,4102.019731564592,89.96816901465641,0.0,5.0
2023-11-13,34.6,46.4,21.2,999.9,6.4,3.4,7.8,122.71337970656606,40.080111,116.584556,35.35,28.230780177175596,9.791022026766102,16.51399844587669,-0.7354170229639858,0.9964830363084052,40.080111,1606.415297772321,0.9958005092928006,3.5931942039795284,-2181.533470123032,4359.356241532425,4102.019731564592,89.96816901465641,0.0,14.3
2023-11-14,36.8,55.4,23.9,999.9,6.0,2.6,7.8,-17.205935210296303,40.080111,116.584556,35.35,29.92960083560313,9.759652446392325,16.357097472240028,-0.7236440382959124,0.9964830363084052,40.080111,1606.415297772321,0.9958005092928006,3.5931942039795284,-2181.533470123032,4359.356241532425,4102.019731564592,89.96816901465641,0.0,19.1
2023-11-15,45.1,52.9,27.1,999.9,6.0,9.6,19.4,25.3,40.080111,116.584556,35.35,36.564421169429224,9.728892550624185,16.20394822557269,-0.711656622281775,0.9964830363084052,40.080111,1606.415297772321,0.9958005092928006,3.5931942039795284,-2181.533470123032,4359.356241532425,4102.019731564592,89.96816901465641,0.0,22.6
2023-11-16,43.8,52.9,32.9,999.9,6.7,13.6,31.1,33.0,40.080111,116.584556,35.35,35.40046714664347,9.698758122368075,16.054597584706006,-0.6994583270516471,0.9964830363084052,40.080111,1606.415297772321,0.9958005092928006,3.5931942039795284,-2181.533470123032,4359.356241532425,4102.019731564592,89.96816901465641,0.0,7.3
2023-11-17,37.4,52.9,23.0,999.9,6.7,10.2,23.3,33.0,40.080111,116.584556,35.35,30.135875747843315,9.66926494583208,15.90909071101608,-0.6870527672236675,0.9964830363084052,40.080111,1606.415297772321,0.9958005092928006,3.5931942039795284,-2181.533470123032,4359.356241532425,4102.019731564592,89.96816901465641,0.0,5.2
2023-11-18,37.7,53.6,24.8,999.9,6.3,3.4,7.8,82.93657696983719,40.080111,116.584556,35.35,30.2870137635081,9.640428784140509,15.767471061209527,-0.6744436188329457,0.9964830363084052,40.080111,1606.415297772321,0.9958005092928006,3.5931942039795284,-2181.533470123032,4359.356241532425,4102.019731564592,89.96816901465641,0.0,15.2
2023-11-19,42.8,63.1,26.6,999.9,6.3,3.3,9.7,82.96955589358629,40.080111,116.584556,35.35,34.28374643652045,9.612265356033772,15.629780402577435,-0.661634618242279,0.9964830363084052,40.080111,1606.415297772321,0.9958005092928006,3.5931942039795284,-2181.533470123032,4359.356241532425,4102.019731564592,89.96816901465641,0.0,21.3
2023-11-20,40.1,63.1,28.4,999.9,6.0,2.6,5.8,13.6,40.080111,116.584556,35.35,32.029174291597656,9.584790311700047,15.496058830594993,-0.6486295610349818,0.9964830363084052,40.080111,1606.415297772321,0.9958005092928006,3.5931942039795284,-2181.533470123032,4359.356241532425,4102.019731564592,89.96816901465641,0.0,28.6
2023-11-21,42.7,59.0,32.0,999.9,2.9,2.2,5.8,51.59339619202206,40.080111,116.584556,35.35,34.01061834772503,9.558019207791576,15.366344788734425,-0.6354323008901775,0.9964830363084052,40.080111,1606.415297772321,0.9958005092928006,3.5931942039795284,-2181.533470123032,4359.356241532425,4102.019731564592,89.96816901465641,0.0,33.7
2023-11-22,47.2,61.3,30.2,999.9,5.4,13.4,23.3,35.0,40.080111,116.584556,35.35,37.4924054279605,9.531967481684871,15.240675090349038,-0.622046748440868,0.9964830363084052,40.080111,1606.415297772321,0.9958005092928006,3.5931942039795284,-2181.533470123032,4359.356241532425,4102.019731564592,89.96816901465641,0.0,19.3
2023-11-23,26.9,35.6,14.0,999.9,6.6,13.0,23.3,33.0,40.080111,116.584556,35.35,21.310741369488937,9.506650425050829,15.119084942477684,-0.6084768701151264,0.9964830363084052,40.080111,1606.415297772321,0.9958005092928006,3.5931942039795284,-2181.533470123032,4359.356241532425,4102.019731564592,89.96816901465641,0.0,-3.9
2023-11-24,22.5,35.2,14.0,999.9,6.7,3.6,9.7,24.747012601375197,40.080111,116.584556,35.35,17.77890591901327,9.482083156807077,15.00160797140984,-0.594726686960764,0.9964830363084052,40.080111,1606.415297772321,0.9958005092928006,3.5931942039795284,-2181.533470123032,4359.356241532425,4102.019731564592,89.96816901465641,0.0,0.9
2023-11-25,23.8,34.7,14.0,999.9,6.2,3.0,7.8,-52.49123727361628,40.080111,116.584556,35.35,18.75892318113725,9.458280595531384,14.888276249843692,-0.5808002734538013,0.9964830363084052,40.080111,1606.415297772321,0.9958005092928006,3.5931942039795284,-2181.533470123032,4359.356241532425,4102.019731564592,89.96816901465641,0.0,9.2
2023-11-26,26.0,36.1,17.6,999.9,6.1,2.8,9.7,20.19980331463952,40.080111,116.584556,35.35,20.44305776807925,9.435257431421192,14.779120325462257,-0.5667017562911184,0.9964830363084052,40.080111,1606.415297772321,0.9958005092928006,3.5931942039795284,-2181.533470123032,4359.356241532425,4102.019731564592,89.96816901465641,0.0,13.6
2023-11-27,35.2,51.6,15.8,999.9,6.2,8.4,19.4,7.385940478775495,40.080111,116.584556,35.35,27.61154908714488,9.4130280978903,14.674169250745628,-0.5524353131676203,0.9964830363084052,40.080111,1606.415297772321,0.9958005092928006,3.5931942039795284,-2181.533470123032,4359.356241532425,4102.019731564592,89.96816901465641,0.0,8.7
2023-11-28,30.4,51.6,21.2,999.9,6.6,8.3,23.3,31.1,40.080111,116.584556,35.35,23.792070415345442,9.391606742899517,14.573450613831382,-0.5380051715382992,0.9964830363084052,40.080111,1606.415297772321,0.9958005092928006,3.5931942039795284,-2181.533470123032,4359.356241532425,4102.019731564592,89.96816901465641,0.0,2.5
2023-11-29,27.5,39.4,17.6,999.9,6.7,11.7,17.5,27.2,40.080111,116.584556,35.35,21.475224833616174,9.371007200123422,14.476990570230228,-0.5234156073655503,0.9964830363084052,40.080111,1606.415297772321,0.9958005092928006,3.5931942039795284,-2181.533470123032,4359.356241532425,4102.019731564592,89.96816901465641,0.0,-2.3
2023-11-30,26.4,37.6,17.6,999.9,6.7,6.9,13.6,23.3,40.080111,116.584556,35.35,20.572734512132666,9.351242960060302,14.384813875199127,-0.5086709438521042,0.9964830363084052,40.080111,1606.415297772321,0.9958005092928006,3.5931942039795284,-2181.533470123032,4359.356241532425,4102.019731564592,89.96816901465641,0.0,1.1
2023-12-01,26.3,41.0,14.0,999.9,6.7,3.6,9.7,61.765163794468066,40.080111,116.584556,35.35,20.453350317789724,9.332327141196831,14.296943916571095,-0.49377555015997737,0.9964830363084052,40.080111,1606.415297772321,0.9958005092928006,3.5931942039795284,-2181.533470123032,4359.356241532425,4102.019731564592,89.96816901465641,0.0,6.6
2023-12-02,30.4,50.9,15.8,999.9,6.2,3.8,11.7,19.4,40.080111,116.584556,35.35,23.596156902068465,9.314272461342815,14.213402747838034,-0.4787338401157883,0.9964830363084052,40.080111,1606.415297772321,0.9958005092928006,3.5931942039795284,-2181.533470123032,4359.356241532425,4102.019731564592,89.96816901465641,0.0,9.8
2023-12-03,32.1,50.9,19.4,999.9,6.2,3.4,7.8,13.6,40.080111,116.584556,35.35,24.869718984756233,9.297091209254665,14.134211121281554,-0.4635502709028512,0.9964830363084052,40.080111,1606.415297772321,0.9958005092928006,3.5931942039795284,-2181.533470123032,4359.356241532425,4102.019731564592,89.96816901465641,0.0,13.7
2023-12-04,31.7,50.9,19.4,999.9,6.1,2.3,5.8,51.20464824685675,40.080111,116.584556,35.35,24.516767364033324,9.280795216668766,14.059388520946385,-0.4482293417404106,0.9964830363084052,40.080111,1606.415297772321,0.9958005092928006,3.5931942039795284,-2181.533470123032,4359.356241532425,4102.019731564592,89.96816901465641,0.0,17.3
2023-12-05,37.4,51.6,19.4,999.9,5.7,4.8,13.6,96.57078384341392,40.080111,116.584556,35.35,28.877150339537476,9.26539583086764,13.988953195251337,-0.4327755925504317,0.9964830363084052,40.080111,1606.415297772321,0.9958005092928006,3.5931942039795284,-2181.533470123032,4359.356241532425,4102.019731564592,89.96816901465641,0.0,15.0
2023-12-06,37.7,51.8,23.0,999.9,6.5,5.2,19.4,23.3,40.080111,116.584556,35.35,29.063256381161654,9.250903887902913,13.922922189034896,-0.41719360261231697,0.9964830363084052,40.080111,1606.415297772321,0.9958005092928006,3.5931942039795284,-2181.533470123032,4359.356241532425,4102.019731564592,89.96816901465641,0.0,11.1
2023-12-07,35.3,51.8,24.8,999.9,5.4,2.9,5.8,-110.32084846945499,40.080111,116.584556,35.35,27.17314482807905,9.23732968659911,13.86131137483493,-0.4014879892059737,0.9964830363084052,40.080111,1606.415297772321,0.9958005092928006,3.5931942039795284,-2181.533470123032,4359.356241532425,4102.019731564592,89.96816901465641,0.0,19.8
2023-12-08,38.7,57.2,26.6,999.9,5.3,3.0,5.8,61.31129428681115,40.080111,116.584556,35.35,29.749602557163765,9.224682963461632,13.80413548320657,-0.38566340624360745,0.9964830363084052,40.080111,1606.415297772321,0.9958005092928006,3.5931942039795284,-2181.533470123032,4359.356241532425,4102.019731564592,89.96816901465641,0.0,23.3
2023-12-09,35.7,54.0,23.0,999.9,6.0,3.9,7.8,101.05006488611093,40.080111,116.584556,35.35,27.40859428411648,9.21297286861058,13.751408131886995,-0.3697245428906732,0.9964830363084052,40.080111,1606.415297772321,0.9958005092928006,3.5931942039795284,-2181.533470123032,4359.356241532425,4102.019731564592,89.96816901465641,0.0,18.4
2023-12-10,30.5,46.9,24.8,999.9,5.3,4.0,7.8,59.36311608141017,40.080111,116.584556,35.35,23.388945188101268,9.202207942859514,13.703141853622688,-0.3536761221763721,0.9964830363084052,40.080111,1606.415297772321,0.9958005092928006,3.5931942039795284,-2181.533470123032,4359.356241532425,4102.019731564592,89.96816901465641,0.0,15.2
2023-12-11,25.6,33.6,19.4,999.9,5.6,3.0,5.8,-52.043822415902625,40.080111,116.584556,35.35,19.61044500491667,9.192396096054688,13.659348122481685,-0.33752289959411347,0.9964830363084052,40.080111,1606.415297772321,0.9958005092928006,3.5931942039795284,-2181.533470123032,4359.356241532425,4102.019731564592,89.96816901465641,0.0,21.4
2023-12-12,26.2,28.8,16.9,999.9,3.1,3.2,3.9,-69.29583130844816,40.080111,116.584556,35.35,20.050739014482403,9.183544586785834,13.620037378482502,-0.32126966169236515,0.9964830363084052,40.080111,1606.415297772321,0.9958005092928006,3.5931942039795284,-2181.533470123032,4359.356241532425,4102.019731564592,89.96816901465641,0.0,22.1
2023-12-13,27.8,29.1,23.0,999.9,1.6,2.9,5.8,-103.0554768859617,40.080111,116.584556,35.35,21.25694567494683,9.17566000357417,13.585219050380543,-0.3049212246562894,0.9964830363084052,40.080111,1606.415297772321,0.9958005092928006,3.5931942039795284,-2181.533470123032,4359.356241532425,4102.019731564592,89.96816901465641,0.0,24.4
2023-12-14,23.5,29.1,19.4,999.9,4.3,7.0,13.6,19.4,40.080111,116.584556,35.35,17.955465318289143,9.168748247637009,13.55490157646403,-0.2884824328806098,0.9964830363084052,40.080111,1606.415297772321,0.9958005092928006,3.5931942039795284,-2181.533470123032,4359.356241532425,4102.019731564592,89.96816901465641,0.0,17.0
2023-12-15,17.4,25.0,10.4,999.9,6.2,13.4,19.4,27.2,40.080111,116.584556,35.35,13.286081050115698,9.162814517321172,13.529092423222686,-0.27195815753410524,0.9964830363084052,40.080111,1606.415297772321,0.9958005092928006,3.5931942039795284,-2181.533470123032,4359.356241532425,4102.019731564592,89.96816901465641,0.0,-0.3
2023-12-16,7.7,23.4,-7.6,999.9,6.7,8.7,19.4,25.3,40.080111,116.584556,35.35,5.876295613835722,9.157863294289436,13.507798101765427,-0.2553532951161881,0.9964830363084052,40.080111,1606.415297772321,0.9958005092928006,3.5931942039795284,-2181.533470123032,4359.356241532425,4102.019731564592,89.96816901465641,0.0,-9.4
2023-12-17,8.3,23.0,-2.2,999.9,6.3,2.9,9.7,34.003625772014104,40.080111,116.584556,35.35,6.331446345978733,9.153898331535517,13.491024181876504,-0.23867276600594997,0.9964830363084052,40.080111,1606.415297772321,0.9958005092928006,3.5931942039795284,-2181.533470123032,4359.356241532425,4102.019731564592,89.96816901465641,0.0,-3.4
2023-12-18,11.9,23.4,3.2,999.9,6.1,3.8,19.4,21.4,40.080111,116.584556,35.35,9.074664954599495,9.150922643293608,13.478775303613823,-0.22192151300416674,0.9964830363084052,40.080111,1606.415297772321,0.9958005092928006,3.5931942039795284,-2181.533470123032,4359.356241532425,4102.019731564592,89.96816901465641,0.0,2.6
2023-12-19,11.7,23.4,-2.2,999.9,6.5,11.8,19.4,27.2,40.080111,116.584556,35.35,8.920215034476062,9.148938496898525,13.471055186368098,-0.20510449986861926,0.9964830363084052,40.080111,1606.415297772321,0.9958005092928006,3.5931942039795284,-2181.533470123032,4359.356241532425,4102.019731564592,89.96816901465641,0.0,-8.4
2023-12-20,10.9,20.5,6.8,999.9,6.7,15.8,25.3,35.0,40.080111,116.584556,35.35,8.309385561033071,9.147947406641913,13.46786663531688,-0.1882267098432439,0.9964830363084052,40.080111,1606.415297772321,0.9958005092928006,3.5931942039795284,-2181.533470123032,4359.356241532425,4102.019731564592,89.96816901465641,0.0,-11.8
2023-12-21,15.4,21.7,6.3,999.9,6.7,13.7,21.4,29.1,40.080111,116.584556,35.35,11.73986933306232,9.14795012965895,13.469211545223475,-0.1712931441814778,0.9964830363084052,40.080111,1606.415297772321,0.9958005092928006,3.5931942039795284,-2181.533470123032,4359.356241532425,4102.019731564592,89.96816901465641,0.0,-7.5
2023-12-22,14.0,26.6,1.4,999.9,6.1,3.2,7.8,32.104972626024654,40.080111,116.584556,35.35,10.673771107846855,9.148946663868733,13.475090901546984,-0.154308820664281,0.9964830363084052,40.080111,1606.415297772321,0.9958005092928006,3.5931942039795284,-2181.533470123032,4359.356241532425,4102.019731564592,89.96816901465641,0.0,-0.8
2023-12-23,23.4,31.1,8.4,999.9,6.3,9.9,13.6,21.4,40.080111,116.584556,35.35,17.844325683560893,9.150936247979946,13.485504778846373,-0.13727877211326517,0.9964830363084052,40.080111,1606.415297772321,0.9958005092928006,3.5931942039795284,-2181.533470123032,4359.356241532425,4102.019731564592,89.96816901465641,0.0,3.2
2023-12-24,19.5,33.8,6.8,999.9,6.1,5.7,15.5,23.3,40.080111,116.584556,35.35,14.875115715787862,9.153917363561762,13.500452336478007,-0.12020804489935275,0.9964830363084052,40.080111,1606.415297772321,0.9958005092928006,3.5931942039795284,-2181.533470123032,4359.356241532425,4102.019731564592,89.96816901465641,0.0,4.3
2023-12-25,23.8,35.6,10.4,999.9,6.0,3.6,7.8,138.75300759347616,40.080111,116.584556,35.35,18.16314401601721,9.15788773916834,13.51993181160284,-0.10310169744743544,0.9964830363084052,40.080111,1606.415297772321,0.9958005092928006,3.5931942039795284,-2181.533470123032,4359.356241532425,4102.019731564592,89.96816901465641,0.0,11.9
2023-12-26,25.0,41.0,10.4,999.9,6.3,3.9,9.7,19.4,40.080111,116.584556,35.35,19.089259076028455,9.162844356493657,13.543940509536132,-0.0859647987374467,0.9964830363084052,40.080111,1606.415297772321,0.9958005092928006,3.5931942039795284,-2181.533470123032,4359.356241532425,4102.019731564592,89.96816901465641,0.0,10.8
2023-12-27,23.9,38.7,12.2,999.9,6.1,3.2,7.8,-0.7111919294111573,40.080111,116.584556,35.35,18.261160388223388,9.168783458522203,13.572474791488789,-0.06880242680232064,0.9964830363084052,40.080111,1606.415297772321,0.9958005092928006,3.5931942039795284,-2181.533470123032,4359.356241532425,4102.019731564592,89.96816901465641,0.0,14.5
2023-12-28,27.2,42.8,12.2,999.9,6.1,3.2,5.8,13.6,40.080111,116.584556,35.35,20.798254601827875,9.175700559629945,13.605530059765634,-0.05161966722325418,0.9964830363084052,40.080111,1606.415297772321,0.9958005092928006,3.5931942039795284,-2181.533470123032,4359.356241532425,4102.019731564592,89.96816901465641,0.0,15.7
2023-12-29,26.3,40.3,14.0,999.9,3.5,2.1,5.8,-12.667870421688061,40.080111,116.584556,35.35,20.127369086195277,9.183590457579594,13.643100740501477,-0.034421611622745804,0.9964830363084052,40.080111,1606.415297772321,0.9958005092928006,3.5931942039795284,-2181.533470123032,4359.356241532425,4102.019731564592,89.96816901465641,0.0,19.8
2023-12-30,33.4,41.0,17.6,999.9,4.8,6.9,15.5,21.4,40.080111,116.584556,35.35,25.585644838440672,9.192447247343955,13.685180264030954,-0.01721335615583528,0.9964830363084052,40.080111,1606.415297772321,0.9958005092928006,3.5931942039795284,-2181.533470123032,4359.356241532425,4102.019731564592,89.96816901465641,0.0,17.0
2023-12-31,27.0,39.7,14.0,999.9,6.6,4.4,11.7,36.1286094593049,40.080111,116.584556,35.35,20.705094757534262,9.202264336681894,13.731761043002553,6.432490598706546e-16,0.9964830363084052,40.080111,1606.415297772321,0.9958005092928006,3.5931942039795284,-2181.533470123032,4359.356241532425,4102.019731564592,89.96816901465641,0.0,11.0
2024-01-01,23.4,39.7,14.0,999.9,4.9,2.4,5.8,64.30645356807247,40.080111,116.584556,35.35,17.96541720359615,9.213034463382641,13.78283444836103,0.017213356155834685,0.9964830363084052,40.080111,1606.415297772321,0.9958005092928006,3.5931942039795284,-2181.533470123032,4359.356241532425,4102.019731564592,89.96816901465641,0.0,16.4
2024-01-02,28.7,39.2,19.4,999.9,5.8,4.9,13.6,106.40814525315338,40.080111,116.584556,35.35,22.062526399522664,9.224749714086132,13.838390783335127,0.03442161162274574,0.9964830363084052,40.080111,1606.415297772321,0.9958005092928006,3.5931942039795284,-2181.533470123032,4359.356241532425,4102.019731564592,89.96816901465641,0.0,14.8
2024-01-03,27.7,42.8,14.0,999.9,6.3,3.7,9.7,64.07246624544726,40.080111,116.584556,35.35,21.32300189873894,9.237401544580047,13.898419255579952,0.051619667223253764,0.9964830363084052,40.080111,1606.415297772321,0.9958005092928006,3.5931942039795284,-2181.533470123032,4359.356241532425,4102.019731564592,89.96816901465641,0.0,10.6
2024-01-04,34.4,50.0,15.8,999.9,6.0,6.6,15.5,25.3,40.080111,116.584556,35.35,26.51947829754099,9.250980801467787,13.962907947633797,0.06880242680231986,0.9964830363084052,40.080111,1606.415297772321,0.9958005092928006,3.5931942039795284,-2181.533470123032,4359.356241532425,4102.019731564592,89.96816901465641,0.0,12.2
2024-01-05,33.3,47.1,21.9,999.9,6.2,6.6,15.5,12.71311997488437,40.080111,116.584556,35.35,25.711700742642236,9.265477745096302,14.031843785859946,0.08596479873744647,0.9964830363084052,40.080111,1606.415297772321,0.9958005092928006,3.5931942039795284,-2181.533470123032,4359.356241532425,4102.019731564592,89.96816901465641,0.0,11.9
2024-01-06,26.9,42.1,10.4,999.9,6.7,10.3,17.5,25.3,40.080111,116.584556,35.35,20.804643981716605,9.280882073628225,14.105212508052281,0.10310169744743485,0.9964830363084052,40.080111,1606.415297772321,0.9958005092928006,3.5931942039795284,-2181.533470123032,4359.356241532425,4102.019731564592,89.96816901465641,0.0,1.9
2024-01-07,22.2,37.0,10.4,999.9,6.5,4.0,9.7,35.368718198741085,40.080111,116.584556,35.35,17.19978845405747,9.297182948139174,14.18299862989209,0.1202080448993527,0.9964830363084052,40.080111,1606.415297772321,0.9958005092928006,3.5931942039795284,-2181.533470123032,4359.356241532425,4102.019731564592,89.96816901465641,0.0,4.5
2024-01-08,25.9,34.7,14.7,999.9,6.2,3.2,7.8,73.35008707340283,40.080111,116.584556,35.35,20.10351313185173,9.314369018618562,14.26518541044956,0.13727877211326478,0.9964830363084052,40.080111,1606.415297772321,0.9958005092928006,3.5931942039795284,-2181.533470123032,4359.356241532425,4102.019731564592,89.96816901465641,0.0,12.7
2024-01-09,28.8,44.6,12.2,999.9,6.4,4.6,7.8,12.852361283602038,40.080111,116.584556,35.35,22.39782828180144,9.3324284507506,14.351754816929544,0.15430882066428117,0.9964830363084052,40.080111,1606.415297772321,0.9958005092928006,3.5931942039795284,-2181.533470123032,4359.356241532425,4102.019731564592,89.96816901465641,0.0,8.0
2024-01-10,26.1,41.4,15.6,999.9,6.3,3.5,7.8,-30.155206933064612,40.080111,116.584556,35.35,20.339183973539203,9.351348953351357,14.442687488865367,0.1712931441814776,0.9964830363084052,40.080111,1606.415297772321,0.9958005092928006,3.5931942039795284,-2181.533470123032,4359.356241532425,4102.019731564592,89.96816901465641,0.0,13.0
2024-01-11,29.8,51.8,15.8,999.9,5.8,3.0,7.8,13.6,40.080111,116.584556,35.35,23.27160921907266,9.371117806337983,14.537962701967793,0.1882267098432442,0.9964830363084052,40.080111,1606.415297772321,0.9958005092928006,3.5931942039795284,-2181.533470123032,4359.356241532425,4102.019731564592,89.96816901465641,0.0,16.8
2024-01-12,28.7,45.1,17.6,999.9,4.8,1.9,3.9,-44.11944114327201,40.080111,116.584556,35.35,22.46186818478129,9.39172188910716,14.637558331838472,0.2051044998686192,0.9964830363084052,40.080111,1606.415297772321,0.9958005092928006,3.5931942039795284,-2181.533470123032,4359.356241532425,4102.019731564592,89.96816901465641,0.0,20.0
2024-01-13,29.4,43.5,19.4,999.9,6.1,4.6,9.7,-186.29267260996556,40.080111,116.584556,35.35,23.062211887543864,9.413147709201578,14.741450817758055,0.2219215130041655,0.9964830363084052,40.080111,1606.415297772321,0.9958005092928006,3.5931942039795284,-2181.533470123032,4359.356241532425,4102.019731564592,89.96816901465641,0.0,17.6
2024-01-14,26.7,39.2,12.2,999.9,6.7,6.0,9.7,48.700026007803416,40.080111,116.584556,35.35,20.993723684299624,9.435381431145899,14.849615126759371,0.2386727660059501,0.9964830363084052,40.080111,1606.415297772321,0.9958005092928006,3.5931942039795284,-2181.533470123032,4359.356241532425,4102.019731564592,89.96816901465641,0.0,-2.4
2024-01-15,24.3,39.2,12.2,999.9,6.3,3.5,5.8,-57.040484278719674,40.080111,116.584556,35.35,19.153278033307004,9.45840890533679,14.962024718194366,0.255353295116187,0.9964830363084052,40.080111,1606.415297772321,0.9958005092928006,3.5931942039795284,-2181.533470123032,4359.356241532425,4102.019731564592,89.96816901465641,0.0,7.3
2024-01-16,29.5,38.8,15.8,999.9,5.6,3.1,5.8,-27.529325193526027,40.080111,116.584556,35.35,23.310446921485738,9.482215696875555,15.0786515090021,0.2719581575341055,0.9964830363084052,40.080111,1606.415297772321,0.9958005092928006,3.5931942039795284,-2181.533470123032,4359.356241532425,4102.019731564592,89.96816901465641,0.0,17.4
2024-01-17,27.8,37.6,17.6,999.9,4.1,2.7,5.8,-18.256787260509057,40.080111,116.584556,35.35,22.024056814647434,9.506787114236301,15.199465839881087,0.288482432880609,0.9964830363084052,40.080111,1606.415297772321,0.9958005092928006,3.5931942039795284,-2181.533470123032,4359.356241532425,4102.019731564592,89.96816901465641,0.0,20.8
2024-01-18,30.0,39.2,15.8,999.9,5.2,3.2,7.8,22.364361392672258,40.080111,116.584556,35.35,23.830270594168805,9.532108237667522,15.324436442565856,0.30492122465628907,0.9964830363084052,40.080111,1606.415297772321,0.9958005092928006,3.5931942039795284,-2181.533470123032,4359.356241532425,4102.019731564592,89.96816901465641,0.0,19.4
2024-01-19,29.3,38.1,22.6,999.9,6.2,2.3,5.8,-3.3521232466905264,40.080111,116.584556,35.35,23.33785030448738,9.558163947230327,15.453530408402132,0.3212696616923644,0.9964830363084052,40.080111,1606.415297772321,0.9958005092928006,3.5931942039795284,-2181.533470123032,4359.356241532425,4102.019731564592,89.96816901465641,0.0,15.4
2024-01-20,25.8,35.6,14.0,999.9,6.4,9.6,25.3,59.64994351455153,40.080111,116.584556,35.35,20.60761874332193,9.584938950382293,15.586713158409571,0.3375228995941133,0.9964830363084052,40.080111,1606.415297772321,0.9958005092928006,3.5931942039795284,-2181.533470123032,4359.356241532425,4102.019731564592,89.96816901465641,0.0,4.1
2024-01-21,16.8,34.0,12.2,999.9,6.6,14.6,21.4,-59.07644195323947,40.080111,116.584556,35.35,13.457384932630742,9.612417809021958,15.7239484150142,0.3536761221763716,0.9964830363084052,40.080111,1606.415297772321,0.9958005092928006,3.5931942039795284,-2181.533470123032,4359.356241532425,4102.019731564592,89.96816901465641,0.0,-11.7
2024-01-22,19.1,26.6,12.2,999.9,6.7,14.0,19.4,27.2,40.080111,116.584556,35.35,15.34459773741488,9.640584965915107,15.865198175625505,0.3697245428906731,0.9964830363084052,40.080111,1606.415297772321,0.9958005092928006,3.5931942039795284,-2181.533470123032,4359.356241532425,4102.019731564592,89.96816901465641,0.0,-8.1
2024-01-23,25.2,32.7,14.2,999.9,6.7,13.1,19.4,29.1,40.080111,116.584556,35.35,20.30579201790424,9.66942477043059,16.010422688225255,0.38566340624360707,0.9964830363084052,40.080111,1606.415297772321,0.9958005092928006,3.5931942039795284,-2181.533470123032,4359.356241532425,4102.019731564592,89.96816901465641,0.0,-4.2
2024-01-24,29.6,39.9,17.1,999.9,6.7,5.6,9.7,-48.848873359925136,40.080111,116.584556,35.35,23.92400637534866,9.698921503519728,16.15958042912655,0.401487989205973,0.9964830363084052,40.080111,1606.415297772321,0.9958005092928006,3.5931942039795284,-2181.533470123032,4359.356241532425,4102.019731564592,89.96816901465641,0.0,1.5
2024-01-25,33.0,42.3,21.0,999.9,6.4,11.7,17.5,29.1,40.080111,116.584556,35.35,26.754913355170064,9.729059401880024,16.312628083052655,0.4171936026123168,0.9964830363084052,40.080111,1606.415297772321,0.9958005092928006,3.5931942039795284,-2181.533470123032,4359.356241532425,4102.019731564592,89.96816901465641,0.0,-1.7
2024-01-26,30.6,42.3,23.0,999.9,6.5,6.0,9.7,16.101541202476394,40.080111,116.584556,35.35,24.887547837188478,9.759822681250384,16.46952052567572,0.4327755925504312,0.9964830363084052,40.080111,1606.415297772321,0.9958005092928006,3.5931942039795284,-2181.533470123032,4359.356241532425,4102.019731564592,89.96816901465641,0.0,1.1
2024-01-27,27.6,42.1,10.4,999.9,6.7,4.8,9.7,-7.422846725071345,40.080111,116.584556,35.35,22.519749785220398,9.791195558791477,16.630210808745577,0.4482293417404106,0.9964830363084052,40.080111,1606.415297772321,0.9958005092928006,3.5931942039795284,-2181.533470123032,4359.356241532425,4102.019731564592,89.96816901465641,0.0,1.1
2024-01-28,27.8,44.6,12.2,999.9,6.1,3.4,7.8,15.5,40.080111,116.584556,35.35,22.75699260261777,9.823162274511269,16.794650147928657,0.4635502709028509,0.9964830363084052,40.080111,1606.415297772321,0.9958005092928006,3.5931942039795284,-2181.533470123032,4359.356241532425,4102.019731564592,89.96816901465641,0.0,4.5
2024-01-29,28.1,43.9,14.0,999.9,5.9,4.2,7.8,-16.017757618500163,40.080111,116.584556,35.35,23.07878081990204,9.855707111701937,16.962787913466684,0.47873384011578846,0.9964830363084052,40.080111,1606.415297772321,0.9958005092928006,3.5931942039795284,-2181.533470123032,4359.356241532425,4102.019731564592,89.96816901465641,0.0,15.3
2024-01-30,26.4,37.6,19.4,999.9,3.3,3.8,11.7,17.5,40.080111,116.584556,35.35,21.755391715992705,9.88881441636032,17.134571623754038,0.49377555015997715,0.9964830363084052,40.080111,1606.415297772321,0.9958005092928006,3.5931942039795284,-2181.533470123032,4359.356241532425,4102.019731564592,89.96816901465641,0.0,19.3
2024-01-31,28.6,34.7,21.2,999.9,6.3,6.6,13.6,-63.81940108526352,40.080111,116.584556,35.35,23.648550200441633,9.922468615569915,17.309946941921726,0.5086709438521044,0.9964830363084052,40.080111,1606.415297772321,0.9958005092928006,3.5931942039795284,-2181.533470123032,4359.356241532425,4102.019731564592,89.96816901465641,0.0,-0.5
2024-02-01,18.5,34.7,8.6,999.9,6.2,2.6,7.8,84.3457897314255,40.080111,116.584556,35.35,15.349841945359683,9.956654234827903,17.488857675505308,0.5234156073655503,0.9964830363084052,40.080111,1606.415297772321,0.9958005092928006,3.5931942039795284,-2181.533470123032,4359.356241532425,4102.019731564592,89.96816901465641,0.0,-4.5
2024-02-02,22.5,32.0,10.4,999.9,6.2,2.8,9.7,43.78169835477779,40.080111,116.584556,35.35,18.733792339323657,9.99135591430595,17.671245779262645,0.5380051715382996,0.9964830363084052,40.080111,1606.415297772321,0.9958005092928006,3.5931942039795284,-2181.533470123032,4359.356241532425,4102.019731564592,89.96816901465641,0.0,5.9
2024-02-03,26.3,41.0,10.4,999.9,6.0,3.1,7.8,13.6,40.080111,116.584556,35.35,21.97487387935109,10.02655842403852,17.85705136119657,0.5524353131676196,0.9964830363084052,40.080111,1606.415297772321,0.9958005092928006,3.5931942039795284,-2181.533470123032,4359.356241532425,4102.019731564592,89.96816901465641,0.0,5.4
2024-02-04,26.8,39.4,10.4,999.9,6.0,2.3,3.9,-56.281708140201154,40.080111,116.584556,35.35,22.47235091428267,10.062246678037017,18.046212691826472,0.5667017562911176,0.9964830363084052,40.080111,1606.415297772321,0.9958005092928006,3.5931942039795284,-2181.533470123032,4359.356241532425,4102.019731564592,89.96816901465641,0.0,13.9
2024-02-05,30.2,42.8,15.8,999.9,5.9,3.5,7.8,11.7,40.080111,116.584556,35.35,25.414321130786835,10.098405747332517,18.23866621674163,0.5808002734538009,0.9964830363084052,40.080111,1606.415297772321,0.9958005092928006,3.5931942039795284,-2181.533470123032,4359.356241532425,4102.019731564592,89.96816901465641,0.0,12.8
2024-02-06,30.7,40.8,19.4,999.9,6.0,9.5,15.5,25.3,40.080111,116.584556,35.35,25.92876173074841,10.135020871953776,18.43434657245861,0.5947266869607634,0.9964830363084052,40.080111,1606.415297772321,0.9958005092928006,3.5931942039795284,-2181.533470123032,4359.356241532425,4102.019731564592,89.96816901465641,0.0,8.0
2024-02-07,32.1,43.9,23.0,999.9,6.4,6.5,9.7,-68.74989893942691,40.080111,116.584556,35.35,27.21030723720123,10.172077471850926,18.63318660559378,0.6084768701151261,0.9964830363084052,40.080111,1606.415297772321,0.9958005092928006,3.5931942039795284,-2181.533470123032,4359.356241532425,4102.019731564592,89.96816901465641,0.0,3.4
2024-02-08,32.2,46.4,14.0,999.9,6.7,3.8,7.8,124.11509845685748,40.080111,116.584556,35.35,27.395655770689398,10.209561156778657,18.83511739535171,0.6220467484408675,0.9964830363084052,40.080111,1606.415297772321,0.9958005092928006,3.5931942039795284,-2181.533470123032,4359.356241532425,4102.019731564592,89.96816901465641,0.0,4.6
2024-02-09,35.2,48.6,19.4,999.9,6.0,9.5,19.4,27.2,40.080111,116.584556,35.35,30.05920935645669,10.24745773515569,19.040068279319666,0.6354323008901774,0.9964830363084052,40.080111,1606.415297772321,0.9958005092928006,3.5931942039795284,-2181.533470123032,4359.356241532425,4102.019731564592,89.96816901465641,0.0,4.4
2024-02-10,32.1,48.6,15.8,999.9,6.7,4.3,9.7,13.6,40.080111,116.584556,35.35,27.514389868636293,10.285753221920109,19.247966882548155,0.6486295610349814,0.9964830363084052,40.080111,1606.415297772321,0.9958005092928006,3.5931942039795284,-2181.533470123032,4359.356241532425,4102.019731564592,89.96816901465641,0.0,7.5
2024-02-11,33.2,54.3,17.6,999.9,6.1,2.8,5.8,38.54577656837735,40.080111,116.584556,35.35,28.564266972280258,10.324433845402503,19.458739149887414,0.6616346182422783,0.9964830363084052,40.080111,1606.415297772321,0.9958005092928006,3.5931942039795284,-2181.533470123032,4359.356241532425,4102.019731564592,89.96816901465641,0.0,11.9
2024-02-12,35.2,54.3,19.4,999.9,5.7,2.8,5.8,0.3524492057297586,40.080111,116.584556,35.35,30.399559089507036,10.363486053241035,19.67230938154009,0.6744436188329455,0.9964830363084052,40.080111,1606.415297772321,0.9958005092928006,3.5931942039795284,-2181.533470123032,4359.356241532425,4102.019731564592,89.96816901465641,0.0,20.5
2024-02-13,39.8,60.3,26.4,999.9,4.4,3.5,7.8,44.48556574962246,40.080111,116.584556,35.35,34.50294011592505,10.402896517364338,19.88860027178076,0.6870527672236669,0.9964830363084052,40.080111,1606.415297772321,0.9958005092928006,3.5931942039795284,-2181.533470123032,4359.356241532425,4102.019731564592,89.96816901465641,0.0,24.4
2024-02-14,40.0,53.8,17.6,999.9,6.1,6.5,13.6,21.4,40.080111,116.584556,35.35,34.80884046023252,10.442652138069755,20.107532950783654,0.699458327051647,0.9964830363084052,40.080111,1606.415297772321,0.9958005092928006,3.5931942039795284,-2181.533470123032,4359.356241532425,4102.019731564592,89.96816901465641,0.0,10.7
2024-02-15,38.1,53.8,24.4,999.9,6.7,6.8,11.7,23.3,40.080111,116.584556,35.35,33.28269964994149,10.482740047225667,20.32902702949127,0.7116566222817746,0.9964830363084052,40.080111,1606.415297772321,0.9958005092928006,3.5931942039795284,-2181.533470123032,4359.356241532425,4102.019731564592,89.96816901465641,0.0,9.3
2024-02-16,34.2,48.9,24.8,999.9,6.2,3.4,7.8,53.06827517911054,40.080111,116.584556,35.35,29.990970690289167,10.523147610627777,20.55300064744766,0.7236440382959124,0.9964830363084052,40.080111,1606.415297772321,0.9958005092928006,3.5931942039795284,-2181.533470123032,4359.356241532425,4102.019731564592,89.96816901465641,0.0,21.4
2024-02-17,42.5,53.1,24.8,999.9,5.9,2.7,5.8,55.202405551418096,40.080111,116.584556,35.35,37.4136794379541,10.563862429539983,20.779370523512146,0.7354170229639855,0.9964830363084052,40.080111,1606.415297772321,0.9958005092928006,3.5931942039795284,-2181.533470123032,4359.356241532425,4102.019731564592,89.96816901465641,0.0,30.3
2024-02-18,41.5,53.1,31.8,999.9,4.6,10.2,19.4,25.109869578291676,40.080111,116.584556,35.35,36.6751835141851,10.604872341451113,21.00805200936111,0.7469720876965552,0.9964830363084052,40.080111,1606.415297772321,0.9958005092928006,3.5931942039795284,-2181.533470123032,4359.356241532425,4102.019731564592,89.96816901465641,0.0,21.1
2024-02-19,31.7,48.9,24.8,999.9,6.7,9.1,13.6,23.3,40.080111,116.584556,35.35,28.12362031804248,10.646165420079173,21.238959145678027,0.7583058084785624,0.9964830363084052,40.080111,1606.415297772321,0.9958005092928006,3.5931942039795284,-2181.533470123032,4359.356241532425,4102.019731564592,89.96816901465641,0.0,-7.0
2024-02-20,24.4,38.3,21.2,999.9,5.3,6.4,9.7,6.3963647473598275,40.080111,116.584556,35.35,21.731717615131807,10.687729974654987,21.472004720924595,0.7694148268839378,0.9964830363084052,40.080111,1606.415297772321,0.9958005092928006,3.5931942039795284,-2181.533470123032,4359.356241532425,4102.019731564592,89.96816901465641,0.0,9.3
2024-02-21,27.8,33.8,21.7,999.9,6.5,4.8,9.7,-112.99772214658098,40.080111,116.584556,35.35,24.856801370731485,10.729554548517187,21.707100332579078,0.7802958510707755,0.9964830363084052,40.080111,1606.415297772321,0.9958005092928006,3.5931942039795284,-2181.533470123032,4359.356241532425,4102.019731564592,89.96816901465641,0.0,8.2
2024-02-22,28.4,39.2,15.8,999.9,6.7,4.9,9.7,15.5,40.080111,116.584556,35.35,25.492852737019234,10.771627917050381,21.944156450721263,0.7909456567567772,0.9964830363084052,40.080111,1606.415297772321,0.9958005092928006,3.5931942039795284,-2181.533470123032,4359.356241532425,4102.019731564592,89.96816901465641,0.0,4.9
2024-02-23,30.2,39.2,20.3,999.9,6.3,3.3,7.8,95.18194418254369,40.080111,116.584556,35.35,27.215080030578456,10.813939084998063,22.183082483837673,0.8013610881746766,0.9964830363084052,40.080111,1606.415297772321,0.9958005092928006,3.5931942039795284,-2181.533470123032,4359.356241532425,4102.019731564592,89.96816901465641,0.0,11.1
2024-02-24,33.1,44.6,19.4,999.9,6.3,3.4,7.8,28.608632847041108,40.080111,116.584556,35.35,29.945783172775883,10.856477283181588,22.423786846714655,0.8115390590073611,0.9964830363084052,40.080111,1606.415297772321,0.9958005092928006,3.5931942039795284,-2181.533470123032,4359.356241532425,4102.019731564592,89.96816901465641,0.0,13.6
2024-02-25,36.1,50.5,19.4,999.9,6.4,3.7,7.8,-32.52452642130662,40.080111,116.584556,35.35,32.78852282700651,10.899231964655904,22.66617703028179,0.8214765533024142,0.9964830363084052,40.080111,1606.415297772321,0.9958005092928006,3.5931942039795284,-2181.533470123032,4359.356241532425,4102.019731564592,89.96816901465641,0.0,9.1
2024-02-26,34.3,50.5,24.8,999.9,5.8,5.3,9.7,95.3790437598932,40.080111,116.584556,35.35,31.276434420949805,10.942192800332295,22.910159673263163,0.8311706263658079,0.9964830363084052,40.080111,1606.415297772321,0.9958005092928006,3.5931942039795284,-2181.533470123032,4359.356241532425,4102.019731564592,89.96816901465641,0.0,14.9
2024-02-27,33.0,42.4,24.8,999.9,6.3,3.2,5.8,88.53289545062958,40.080111,116.584556,35.35,30.209711603768774,10.985349674097735,23.15564063548959,0.8406184056344782,0.9964830363084052,40.080111,1606.415297772321,0.9958005092928006,3.5931942039795284,-2181.533470123032,4359.356241532425,4102.019731564592,89.96816901465641,0.0,17.6
2024-02-28,36.0,44.6,23.0,999.9,5.9,5.0,11.7,147.57696437095095,40.080111,116.584556,35.35,33.086078032378985,11.028692677459661,23.40252507272061,0.8498170915275278,0.9964830363084052,40.080111,1606.415297772321,0.9958005092928006,3.5931942039795284,-2181.533470123032,4359.356241532425,4102.019731564592,89.96816901465641,0.0,15.0
2024-02-29,29.0,43.7,10.4,999.9,6.7,11.8,21.4,33.0,40.080111,116.584556,35.35,26.757845917382145,11.072212103744336,23.65071751282164,0.8587639582758029,0.9964830363084052,40.080111,1606.415297772321,0.9958005092928006,3.5931942039795284,-2181.533470123032,4359.356241532425,4102.019731564592,89.96816901465641,0.0,-6.9
2024-03-01,33.6,42.8,17.4,999.9,6.7,7.2,15.5,87.37037515903226,40.080111,116.584556,35.35,31.124515637252955,11.115898441876055,23.900121933138283,0.8674563547295969,0.9964830363084052,40.080111,1606.415297772321,0.9958005092928006,3.5931942039795284,-2181.533470123032,4359.356241532425,4102.019731564592,89.96816901465641,0.0,5.7
2024-03-02,37.3,53.6,21.2,999.9,6.1,5.5,19.4,31.1,40.080111,116.584556,35.35,34.68819919934875,11.159742369763674,24.150641838907084,0.8758917051442429,0.9964830363084052,40.080111,1606.415297772321,0.9958005092928006,3.5931942039795284,-2181.533470123032,4359.356241532425,4102.019731564592,89.96816901465641,0.0,9.1
2024-03-03,36.6,53.2,17.6,999.9,6.0,5.2,9.7,17.5,40.080111,116.584556,35.35,34.17139097932612,11.20373474732004,24.40218034253944,0.8840675099433636,0.9964830363084052,40.080111,1606.415297772321,0.9958005092928006,3.5931942039795284,-2181.533470123032,4359.356241532425,4102.019731564592,89.96816901465641,0.0,9.3
2024-03-04,38.5,49.8,26.4,999.9,6.1,3.7,7.8,174.0099943325343,40.080111,116.584556,35.35,36.08690537098785,11.24786660913907,24.654640243613738,0.8919813464595485,0.9964830363084052,40.080111,1606.415297772321,0.9958005092928006,3.5931942039795284,-2181.533470123032,4359.356241532425,4102.019731564592,89.96816901465641,0.0,14.8
2024-03-05,34.4,43.7,26.6,999.9,3.9,4.1,7.8,-24.73770232474304,40.080111,116.584556,35.35,32.370770249648864,11.292129156854255,24.90792410940894,0.8996308696522433,0.9964830363084052,40.080111,1606.415297772321,0.9958005092928006,3.5931942039795284,-2181.533470123032,4359.356241532425,4102.019731564592,89.96816901465641,0.0,30.0
2024-03-06,37.5,49.8,23.0,999.9,6.5,4.9,9.7,13.6,40.080111,116.584556,35.35,35.42660547250502,11.336513751201604,25.16193435581213,0.9070138128026359,0.9964830363084052,40.080111,1606.415297772321,0.9958005092928006,3.5931942039795284,-2181.533470123032,4359.356241532425,4102.019731564592,89.96816901465641,0.0,12.3
2024-03-07,40.1,55.4,24.8,999.9,5.9,11.3,25.3,29.1,40.080111,116.584556,35.35,38.03154811189523,11.381011903809048,25.416573328431433,0.9141279881853337,0.9964830363084052,40.080111,1606.415297772321,0.9958005092928006,3.5931942039795284,-2181.533470123032,4359.356241532425,4102.019731564592,89.96816901465641,0.0,11.6
2024-03-08,38.9,53.6,19.4,999.9,6.6,5.0,11.7,21.4,40.080111,116.584556,35.35,37.038036162811366,11.425615268733585,25.671743383746037,0.9209712877166346,0.9964830363084052,40.080111,1606.415297772321,0.9958005092928006,3.5931942039795284,-2181.533470123032,4359.356241532425,4102.019731564592,89.96816901465641,0.0,6.6
2024-03-09,41.0,57.9,24.8,999.9,6.2,3.6,11.7,75.23845807097945,40.080111,116.584556,35.35,39.19024508203553,11.470315633766498,25.927346970124834,0.9275416835791966,0.9964830363084052,40.080111,1606.415297772321,0.9958005092928006,3.5931942039795284,-2181.533470123032,4359.356241532425,4102.019731564592,89.96816901465641,0.0,18.0
2024-03-10,43.2,57.9,29.7,999.9,6.1,3.4,7.8,13.6,40.080111,116.584556,35.35,41.45437768149473,11.515104911526311,26.183286708546216,0.9338372288229252,0.9964830363084052,40.080111,1606.415297772321,0.9958005092928006,3.5931942039795284,-2181.533470123032,4359.356241532425,4102.019731564592,89.96816901465641,0.0,25.0
2024-03-11,48.6,64.4,26.6,999.9,6.0,5.3,11.7,19.4,40.080111,116.584556,35.35,46.81789927795082,11.559975130358227,26.439465472852493,0.9398560579418954,0.9964830363084052,40.080111,1606.415297772321,0.9958005092928006,3.5931942039795284,-2181.533470123032,4359.356241532425,4102.019731564592,89.96816901465641,0.0,20.4
2024-03-12,46.0,59.0,26.6,999.9,6.2,5.0,9.7,19.4,40.080111,116.584556,35.35,44.4855206293898,11.604918425058207,26.695786469373857,0.9455963874271426,0.9964830363084052,40.080111,1606.415297772321,0.9958005092928006,3.5931942039795284,-2181.533470123032,4359.356241532425,4102.019731564592,89.96816901465641,0.0,13.4
2024-03-13,50.7,69.8,30.2,999.9,6.2,4.5,7.8,21.4,40.080111,116.584556,35.35,49.220941690930054,11.649927027439066,26.95215331575917,0.9510565162951535,0.9964830363084052,40.080111,1606.415297772321,0.9958005092928006,3.5931942039795284,-2181.533470123032,4359.356241532425,4102.019731564592,89.96816901465641,0.0,15.1
2024-03-14,54.3,71.6,33.8,999.9,6.1,4.9,11.7,71.47106863255794,40.080111,116.584556,35.35,52.91984448681795,11.69499325675535,27.208470118852805,0.9562348265919056,0.9964830363084052,40.080111,1606.415297772321,0.9958005092928006,3.5931942039795284,-2181.533470123032,4359.356241532425,4102.019731564592,89.96816901465641,0.0,21.5
2024-03-15,57.2,71.6,42.1,999.9,5.3,5.4,11.7,17.5,40.080111,116.584556,35.35,55.961188664348484,11.740109510003178,27.46464155145986,0.9611297838723007,0.9964830363084052,40.080111,1606.415297772321,0.9958005092928006,3.5931942039795284,-2181.533470123032,4359.356241532425,4102.019731564592,89.96816901465641,0.0,36.7
2024-03-16,54.8,71.6,41.0,999.9,5.4,12.8,23.3,35.0,40.080111,116.584556,35.35,53.81939168463883,11.785268252110694,27.720572927845225,0.9657399376548549,0.9964830363084052,40.080111,1606.415297772321,0.9958005092928006,3.5931942039795284,-2181.533470123032,4359.356241532425,4102.019731564592,89.96816901465641,0.0,16.0
2024-03-17,46.7,70.0,30.2,999.9,6.7,6.0,11.7,15.5,40.080111,116.584556,35.35,46.040214640150005,11.830462006034262,27.976170277815655,0.9700639218515071,0.9964830363084052,40.080111,1606.415297772321,0.9958005092928006,3.5931942039795284,-2181.533470123032,4359.356241532425,4102.019731564592,89.96816901465641,0.0,11.1
2024-03-18,50.4,60.8,33.8,999.9,6.1,11.7,23.3,31.1,40.080111,116.584556,35.35,49.87787003965575,11.875683342775178,28.23134041923798,0.9741004551724205,0.9964830363084052,40.080111,1606.415297772321,0.9958005092928006,3.5931942039795284,-2181.533470123032,4359.356241532425,4102.019731564592,89.96816901465641,0.0,12.9
2024-03-19,47.4,62.6,26.6,999.9,6.6,10.5,25.3,33.0,40.080111,116.584556,35.35,47.08765324175823,11.920924871331199,28.48599102885103,0.9778483415056568,0.9964830363084052,40.080111,1606.415297772321,0.9958005092928006,3.5931942039795284,-2181.533470123032,4359.356241532425,4102.019731564592,89.96816901465641,0.0,4.8
2024-03-20,46.7,61.0,30.4,999.9,6.7,4.9,9.7,15.5,40.080111,116.584556,35.35,46.568380831290156,11.96617922859704,28.740030711233693,0.9813064702716093,0.9964830363084052,40.080111,1606.415297772321,0.9958005092928006,3.5931942039795284,-2181.533470123032,4359.356241532425,4102.019731564592,89.96816901465641,0.0,13.1
2024-03-21,47.4,59.7,32.0,999.9,6.2,3.5,7.8,-27.07053026073261,40.080111,116.584556,35.35,47.445184323448935,12.01143906922758,28.993369065796646,0.9844738167520922,0.9964830363084052,40.080111,1606.415297772321,0.9958005092928006,3.5931942039795284,-2181.533470123032,4359.356241532425,4102.019731564592,89.96816901465641,0.0,29.8
2024-03-22,55.6,75.2,35.6,999.9,6.1,5.7,13.6,21.4,40.080111,116.584556,35.35,55.86269635704561,12.05669705547747,29.245916751670823,0.9873494423939864,0.9964830363084052,40.080111,1606.415297772321,0.9958005092928006,3.5931942039795284,-2181.533470123032,4359.356241532425,4102.019731564592,89.96816901465641,0.0,18.4
2024-03-23,58.9,74.3,45.3,999.9,5.6,4.7,9.7,-55.49326554319346,40.080111,116.584556,35.35,59.40038419917558,12.10194584703068,29.49758555037156,0.989932495087353,0.9964830363084052,40.080111,1606.415297772321,0.9958005092928006,3.5931942039795284,-2181.533470123032,4359.356241532425,4102.019731564592,89.96816901465641,0.0,34.0
2024-03-24,49.0,70.0,41.0,999.9,3.1,3.7,7.8,129.86311506271306,40.080111,116.584556,35.35,49.600977204236486,12.147178090833426,29.74828842612354,0.9922222094179323,0.9964830363084052,40.080111,1606.415297772321,0.9958005092928006,3.5931942039795284,-2181.533470123032,4359.356241532425,4102.019731564592,89.96816901465641,0.0,41.2
2024-03-25,51.1,60.8,42.3,999.9,3.9,4.0,7.8,-15.607801286010423,40.080111,116.584556,35.35,51.91924546660329,12.192386410944021,29.99793958373815,0.994217906893952,0.9964830363084052,40.080111,1606.415297772321,0.9958005092928006,3.5931942039795284,-2181.533470123032,4359.356241532425,4102.019731564592,89.96816901465641,0.0,43.4
2024-03-26,47.3,60.8,42.3,999.9,2.3,4.2,7.8,78.35059564968867,40.080111,116.584556,35.35,48.23639572874541,12.237563398413212,30.246454523941583,0.995918996147179,0.9964830363084052,40.080111,1606.415297772321,0.9958005092928006,3.5931942039795284,-2181.533470123032,4359.356241532425,4102.019731564592,89.96816901465641,0.0,42.7
2024-03-27,49.0,55.4,43.9,999.9,1.5,3.9,17.5,27.2,40.080111,116.584556,35.35,50.1543648716023,12.282701601208725,30.493750096059184,0.9973249731081555,0.9964830363084052,40.080111,1606.415297772321,0.9958005092928006,3.5931942039795284,-2181.533470123032,4359.356241532425,4102.019731564592,89.96816901465641,0.0,43.9
2024-04-01,49.4,57.9,45.0,999.9,6.2,4.9,5.8,-136.5737489752352,40.080111,116.584556,35.35,51.48939668140197,12.507545752567282,31.70912761918718,0.9999166586547379,0.9964830363084052,40.080111,1606.415297772321,0.9958005092928006,3.5931942039795284,-2181.533470123032,4359.356241532425,4102.019731564592,89.96816901465641,0.0,22.1
2024-04-02,55.8,66.2,48.7,999.9,6.3,3.5,7.8,-100.02374009616817,40.080111,116.584556,35.35,58.3681535692873,12.552291090169312,31.947442274385256,0.9995462806873573,0.9964830363084052,40.080111,1606.415297772321,0.9958005092928006,3.5931942039795284,-2181.533470123032,4359.356241532425,4102.019731564592,89.96816901465641,0.0,27.8
2024-04-03,59.1,69.8,44.6,999.9,6.2,6.2,13.6,16.551939603907517,40.080111,116.584556,35.35,62.03994645224485,12.596943442080173,32.183997101085794,0.9988797155850336,0.9964830363084052,40.080111,1606.415297772321,0.9958005092928006,3.5931942039795284,-2181.533470123032,4359.356241532425,4102.019731564592,89.96816901465641,0.0,31.7
2024-04-04,52.0,68.7,37.4,999.9,6.2,5.3,9.7,-22.96295953485379,40.080111,116.584556,35.35,54.77981018876833,12.641494658946538,32.41872129157452,0.9979171608653922,0.9964830363084052,40.080111,1606.415297772321,0.9958005092928006,3.5931942039795284,-2181.533470123032,4359.356241532425,4102.019731564592,89.96816901465641,0.0,26.2
2024-04-05,56.2,69.8,39.9,999.9,6.0,3.5,9.7,15.5,40.080111,116.584556,35.35,59.41246909731513,12.68593646206017,32.651545730106754,0.9966589017541702,0.9964830363084052,40.080111,1606.415297772321,0.9958005092928006,3.5931942039795284,-2181.533470123032,4359.356241532425,4102.019731564592,89.96816901465641,0.0,37.1
2024-04-06,66.2,82.4,44.6,999.9,5.5,5.9,15.5,51.93891861302326,40.080111,116.584556,35.35,70.22860339729931,12.730260434555765,32.88240301566015,0.9951053111006976,0.9964830363084052,40.080111,1606.415297772321,0.9958005092928006,3.5931942039795284,-2181.533470123032,4359.356241532425,4102.019731564592,89.96816901465641,0.0,40.2
2024-04-07,67.2,82.4,46.4,999.9,6.5,5.3,13.6,17.5,40.080111,116.584556,35.35,71.53696487185314,12.774458012830918,33.11122748152627,0.9932568492674143,0.9964830363084052,40.080111,1606.415297772321,0.9958005092928006,3.5931942039795284,-2181.533470123032,4359.356241532425,4102.019731564592,89.96816901465641,0.0,29.8
2024-04-08,61.1,80.2,50.0,999.9,6.0,7.8,11.7,29.136845665298477,40.080111,116.584556,35.35,65.26763343487657,12.818520478208166,33.337955211745005,0.9911140639934547,0.9964830363084052,40.080111,1606.415297772321,0.9958005092928006,3.5931942039795284,-2181.533470123032,4359.356241532425,4102.019731564592,89.96816901465641,0.0,29.9
2024-04-09,52.3,70.2,42.8,999.9,6.5,5.7,11.7,-60.70033602495076,40.080111,116.584556,35.35,56.05879641878137,12.862438948859971,33.56252405439414,0.9886775902323405,0.9964830363084052,40.080111,1606.415297772321,0.9958005092928006,3.5931942039795284,-2181.533470123032,4359.356241532425,4102.019731564592,89.96816901465641,0.0,28.2
2024-04-10,47.4,60.8,41.0,999.9,5.2,2.8,9.7,-38.88158724410705,40.080111,116.584556,35.35,50.979507269471995,12.906204372018227,33.78487363175453,0.9859481499638304,0.9964830363084052,40.080111,1606.415297772321,0.9958005092928006,3.5931942039795284,-2181.533470123032,4359.356241532425,4102.019731564592,89.96816901465641,0.0,40.3
2024-04-11,61.0,73.4,43.9,999.9,2.8,3.7,9.7,1.2409811495279737,40.080111,116.584556,35.35,65.82818820882872,12.949807516490896,34.00494534738044,0.9829265519799822,0.9964830363084052,40.080111,1606.415297772321,0.9958005092928006,3.5931942039795284,-2181.533470123032,4359.356241532425,4102.019731564592,89.96816901465641,0.0,49.2
2024-04-12,65.8,80.8,49.1,999.9,3.2,3.0,5.8,-37.363385786969204,40.080111,116.584556,35.35,71.24626032754153,12.993238965509093,34.222682390112396,0.9796136916454901,0.9964830363084052,40.080111,1606.415297772321,0.9958005092928006,3.5931942039795284,-2181.533470123032,4359.356241532425,4102.019731564592,89.96816901465641,0.0,57.0
2024-04-13,69.9,80.8,58.8,999.9,5.2,6.9,13.6,67.55671868678631,40.080111,116.584556,35.35,75.93754906533604,13.036489109928931,34.438029735078395,0.9760105506323683,0.9964830363084052,40.080111,1606.415297772321,0.9958005092928006,3.5931942039795284,-2181.533470123032,4359.356241532425,4102.019731564592,89.96816901465641,0.0,56.1
2024-04-14,61.1,79.3,51.8,999.9,4.1,4.9,15.5,27.2,40.080111,116.584556,35.35,66.5966992887327,13.079548141813294,34.650934141737174,0.9721181966290613,0.9964830363084052,40.080111,1606.415297772321,0.9958005092928006,3.5931942039795284,-2181.533470123032,4359.356241532425,4102.019731564592,89.96816901465641,0.0,54.3
2024-04-15,66.0,77.0,46.4,999.9,5.7,12.5,21.4,31.1,40.080111,116.584556,35.35,72.17323326630752,13.122406048419547,34.86134414902511,0.9679377830240642,0.9964830363084052,40.080111,1606.415297772321,0.9958005092928006,3.5931942039795284,-2181.533470123032,4359.356241532425,4102.019731564592,89.96816901465641,0.0,19.1
2024-04-16,64.3,80.6,44.6,999.9,6.4,4.5,9.7,15.5,40.080111,116.584556,35.35,70.54274021713938,13.165052606620105,35.069210067675996,0.9634705485641488,0.9964830363084052,40.080111,1606.415297772321,0.9958005092928006,3.5931942039795284,-2181.533470123032,4359.356241532425,4102.019731564592,89.96816901465641,0.0,23.4
2024-04-17,67.4,82.4,48.0,999.9,6.2,4.4,11.7,17.5,40.080111,116.584556,35.35,74.18199793855072,13.20747737778351,35.27448396979013,0.9587178169872964,0.9964830363084052,40.080111,1606.415297772321,0.9958005092928006,3.5931942039795284,-2181.533470123032,4359.356241532425,4102.019731564592,89.96816901465641,0.0,44.0
2024-04-18,72.6,86.0,54.1,999.9,6.1,5.7,11.7,7.735741939893543,40.080111,116.584556,35.35,80.16050170402485,13.249669703144605,35.47711967573631,0.9536809966304457,0.9964830363084052,40.080111,1606.415297772321,0.9958005092928006,3.5931942039795284,-2181.533470123032,4359.356241532425,4102.019731564592,89.96816901465641,0.0,39.8
2024-04-19,63.3,84.7,57.0,999.9,6.4,4.5,9.7,-56.97921928116429,40.080111,116.584556,35.35,70.11328864088027,13.291618699692943,35.67707273847723,0.9483615800121715,0.9964830363084052,40.080111,1606.415297772321,0.9958005092928006,3.5931942039795284,-2181.533470123032,4359.356241532425,4102.019731564592,89.96816901465641,0.0,33.1
2024-04-20,61.0,73.4,46.4,999.9,6.4,4.5,11.7,16.896966821120962,40.080111,116.584556,35.35,67.77767572109786,13.333313256609417,35.874300425414816,0.9427611433904207,0.9964830363084052,40.080111,1606.415297772321,0.9958005092928006,3.5931942039795284,-2181.533470123032,4359.356241532425,4102.019731564592,89.96816901465641,0.0,41.5
2024-04-21,64.2,77.0,48.2,999.9,5.9,5.5,9.7,19.4,40.080111,116.584556,35.35,71.55486987270643,13.374742032281574,36.068761697858655,0.9368813462954315,0.9964830363084052,40.080111,1606.415297772321,0.9958005092928006,3.5931942039795284,-2181.533470123032,4359.356241532425,4102.019731564592,89.96816901465641,0.0,45.8
2024-04-22,62.4,76.6,53.2,999.9,4.6,4.9,11.7,-55.64876276223492,40.080111,116.584556,35.35,69.76264595002901,13.415893451928657,36.260417188225894,0.9307239310379795,0.9964830363084052,40.080111,1606.415297772321,0.9958005092928006,3.5931942039795284,-2181.533470123032,4359.356241532425,4102.019731564592,89.96816901465641,0.0,53.2
2024-04-23,54.0,75.7,42.8,999.9,6.6,4.0,15.5,-40.034455297945925,40.080111,116.584556,35.35,60.55540067640512,13.456755705867806,36.44922917508665,0.9242907221930933,0.9964830363084052,40.080111,1606.415297772321,0.9958005092928006,3.5931942039795284,-2181.533470123032,4359.356241532425,4102.019731564592,89.96816901465641,0.0,43.2
2024-04-24,64.4,78.8,45.3,999.9,5.9,4.6,9.7,-22.62843897087468,40.080111,116.584556,35.35,72.43559988336533,13.497316748453166,36.635161556173536,0.9175836260593937,0.9964830363084052,40.080111,1606.415297772321,0.9958005092928006,3.5931942039795284,-2181.533470123032,4359.356241532425,4102.019731564592,89.96816901465641,0.0,48.5
2024-04-25,68.9,81.9,54.9,999.9,5.5,4.0,9.7,77.70072460685964,40.080111,116.584556,35.35,77.72818167607443,13.537564297719785,36.81817981947876,0.9106046300942162,0.9964830363084052,40.080111,1606.415297772321,0.9958005092928006,3.5931942039795284,-2181.533470123032,4359.356241532425,4102.019731564592,89.96816901465641,0.0,56.1
2024-04-26,69.9,81.9,57.2,999.9,4.4,4.0,11.7,100.21783701090453,40.080111,116.584556,35.35,79.08885499332679,13.577485835764254,36.99825101256564,0.9033558023246845,0.9964830363084052,40.080111,1606.415297772321,0.9958005092928006,3.5931942039795284,-2181.533470123032,4359.356241532425,4102.019731564592,89.96816901465641,0.0,59.4
2024-04-27,64.5,81.7,53.6,999.9,5.9,4.9,11.7,72.29820247122498,40.080111,116.584556,35.35,73.19174377817951,13.617068609893863,37.175343710225654,0.895839290734909,0.9964830363084052,40.080111,1606.415297772321,0.9958005092928006,3.5931942039795284,-2181.533470123032,4359.356241532425,4102.019731564592,89.96816901465641,0.0,49.4
2024-04-28,54.0,73.0,48.2,999.9,6.6,7.8,11.7,21.4,40.080111,116.584556,35.35,61.45334835559104,13.656299634575788,37.34942798061424,0.8880573226294932,0.9964830363084052,40.080111,1606.415297772321,0.9958005092928006,3.5931942039795284,-2181.533470123032,4359.356241532425,4102.019731564592,89.96816901465641,0.0,43.1
2024-04-29,51.4,61.3,42.8,999.9,5.4,2.9,5.8,15.5,40.080111,116.584556,35.35,58.66095972356381,13.695165694217234,37.52047535000173,0.8800122039735357,0.9964830363084052,40.080111,1606.415297772321,0.9958005092928006,3.5931942039795284,-2181.533470123032,4359.356241532425,4102.019731564592,89.96816901465641,0.0,45.7
2024-04-30,63.1,77.0,42.8,999.9,6.2,5.0,9.7,-6.976889743762197,40.080111,116.584556,35.35,72.2161271819594,13.73365334680686,37.688458766277634,0.8717063187093218,0.9964830363084052,40.080111,1606.415297772321,0.9958005092928006,3.5931942039795284,-2181.533470123032,4359.356241532425,4102.019731564592,89.96816901465641,0.0,35.7
2024-05-02,67.6,82.4,50.0,999.9,6.3,4.8,11.7,13.6,40.080111,116.584556,35.35,77.79317054792514,13.80943855880328,38.01513241256187,0.854322169749827,0.9964830363084052,40.080111,1606.415297772321,0.9958005092928006,3.5931942039795284,-2181.533470123032,4359.356241532425,4102.019731564592,89.96816901465641,0.0,45.8
2024-05-03,67.8,81.0,51.6,999.9,6.2,6.3,13.6,23.3,40.080111,116.584556,35.35,78.23390103339258,13.846708147503113,38.17377530332167,0.8452490573530633,0.9964830363084052,40.080111,1606.415297772321,0.9958005092928006,3.5931942039795284,-2181.533470123032,4359.356241532425,4102.019731564592,89.96816901465641,0.0,45.3
2024-05-04,65.6,79.9,55.0,999.9,5.6,4.2,7.8,-19.138113076539902,40.080111,116.584556,35.35,75.89670392820086,13.883543401500159,38.32925948299367,0.8359254794186372,0.9964830363084052,40.080111,1606.415297772321,0.9958005092928006,3.5931942039795284,-2181.533470123032,4359.356241532425,4102.019731564592,89.96816901465641,0.0,52.1
2024-05-05,64.7,73.4,57.2,999.9,4.8,4.5,9.7,23.796028657844417,40.080111,116.584556,35.35,75.0516216852745,13.919929833435763,38.48156442628246,0.8263541987239096,0.9964830363084052,40.080111,1606.415297772321,0.9958005092928006,3.5931942039795284,-2181.533470123032,4359.356241532425,4102.019731564592,89.96816901465641,0.0,55.5
2024-05-06,69.1,80.6,57.2,999.9,6.0,4.6,11.7,52.34380732423614,40.080111,116.584556,35.35,80.36245220641871,13.95585277101338,38.630670792192724,0.8165380514459161,0.9964830363084052,40.080111,1606.415297772321,0.9958005092928006,3.5931942039795284,-2181.533470123032,4359.356241532425,4102.019731564592,89.96816901465641,0.0,46.1
2024-05-07,70.0,84.2,51.8,999.9,6.0,4.8,9.7,156.50502763535926,40.080111,116.584556,35.35,81.61590130986723,13.991297367405808,38.7765603827195,0.8064799463209448,0.9964830363084052,40.080111,1606.415297772321,0.9958005092928006,3.5931942039795284,-2181.533470123032,4359.356241532425,4102.019731564592,89.96816901465641,0.0,39.7
2024-05-08,73.4,87.8,55.6,999.9,5.9,6.5,13.6,-40.92042535050747,40.080111,116.584556,35.35,85.79388734774462,14.02624861271029,38.91921610139975,0.7961828637826158,0.9964830363084052,40.080111,1606.415297772321,0.9958005092928006,3.5931942039795284,-2181.533470123032,4359.356241532425,4102.019731564592,89.96816901465641,0.0,50.7
2024-05-09,74.2,85.1,58.8,999.9,6.1,6.0,11.7,-73.29371772918626,40.080111,116.584556,35.35,86.94194149230019,14.060691346463642,39.05862191185562,0.7856498550787147,0.9964830363084052,40.080111,1606.415297772321,0.9958005092928006,3.5931942039795284,-2181.533470123032,4359.356241532425,4102.019731564592,89.96816901465641,0.0,53.0
2024-05-10,69.1,83.8,57.2,999.9,5.0,7.3,25.3,27.2,40.080111,116.584556,35.35,81.16146414514283,14.094610271225962,39.1947627964564,0.7748840413670407,0.9964830363084052,40.080111,1606.415297772321,0.9958005092928006,3.5931942039795284,-2181.533470123032,4359.356241532425,4102.019731564592,89.96816901465641,0.0,47.2
2024-05-11,68.8,81.9,48.2,999.9,6.3,10.9,21.4,29.1,40.080111,116.584556,35.35,81.00047581216266,14.127989967237676,39.32762471522189,0.7638886127905428,0.9964830363084052,40.080111,1606.415297772321,0.9958005092928006,3.5931942039795284,-2181.533470123032,4359.356241532425,4102.019731564592,89.96816901465641,0.0,27.3
2024-05-12,69.9,86.0,50.0,999.9,6.6,4.9,11.7,13.6,40.080111,116.584556,35.35,82.4867468399764,14.160814908150455,39.457194565084905,0.7526668275320085,0.9964830363084052,40.080111,1606.415297772321,0.9958005092928006,3.5931942039795284,-2181.533470123032,4359.356241532425,4102.019731564592,89.96816901465641,0.0,37.8
2024-05-13,78.6,91.4,52.9,999.9,6.4,7.3,13.6,50.73509571442719,40.080111,116.584556,35.35,92.9646050797738,14.193069477828063,39.58346013962639,0.7412220108485958,0.9964830363084052,40.080111,1606.415297772321,0.9958005092928006,3.5931942039795284,-2181.533470123032,4359.356241532425,4102.019731564592,89.96816901465641,0.0,46.1
2024-05-14,75.1,93.2,53.6,999.9,6.2,9.8,21.4,31.1,40.080111,116.584556,35.35,89.02315190953739,14.224737988208373,39.706410089389756,0.7295575540864875,0.9964830363084052,40.080111,1606.415297772321,0.9958005092928006,3.5931942039795284,-2181.533470123032,4359.356241532425,4102.019731564592,89.96816901465641,0.0,31.9
2024-05-15,67.7,91.2,46.4,999.9,6.7,7.0,15.5,21.4,40.080111,116.584556,35.35,80.42649817241663,14.255804698212696,39.82603388287621,0.717676913675962,0.9964830363084052,40.080111,1606.415297772321,0.9958005092928006,3.5931942039795284,-2181.533470123032,4359.356241532425,4102.019731564592,89.96816901465641,0.0,27.6
2024-05-16,71.5,84.2,52.0,999.9,6.4,4.1,9.7,71.23868924690134,40.080111,116.584556,35.35,85.12226242569533,14.286253833683132,39.94232176831558,0.705583610107178,0.9964830363084052,40.080111,1606.415297772321,0.9958005092928006,3.5931942039795284,-2181.533470123032,4359.356241532425,4102.019731564592,89.96816901465641,0.0,46.9
2024-05-17,77.0,89.6,60.8,999.9,6.2,4.7,9.7,74.66952532802851,40.080111,116.584556,35.35,91.86144665340622,14.316069608323048,40.055264736300735,0.6932812268869777,0.9964830363084052,40.080111,1606.415297772321,0.9958005092928006,3.5931942039795284,-2181.533470123032,4359.356241532425,4102.019731564592,89.96816901465641,0.0,58.2
2024-05-18,78.5,89.2,66.6,999.9,5.8,5.7,9.7,43.38997259810317,40.080111,116.584556,35.35,93.84175377336467,14.345236245609886,40.16485448336658,0.6807734094770161,0.9964830363084052,40.080111,1606.415297772321,0.9958005092928006,3.5931942039795284,-2181.533470123032,4359.356241532425,4102.019731564592,89.96816901465641,0.0,62.0
2024-05-19,68.0,88.0,57.2,999.9,5.2,5.7,9.7,112.35528628285945,40.080111,116.584556,35.35,81.45118200931233,14.373738001643352,40.27108337658698,0.6680638642135335,0.9964830363084052,40.080111,1606.415297772321,0.9958005092928006,3.5931942039795284,-2181.533470123032,4359.356241532425,4102.019731564592,89.96816901465641,0.0,57.6
2024-05-20,71.6,82.4,60.8,999.9,6.5,6.0,11.7,20.939709220946835,40.080111,116.584556,35.35,85.92930316035212,14.40155918888583,40.373944419255444,0.6551563572090853,0.9964830363084052,40.080111,1606.415297772321,0.9958005092928006,3.5931942039795284,-2181.533470123032,4359.356241532425,4102.019731564592,89.96816901465641,0.0,52.9
2024-05-21,72.1,83.3,59.0,999.9,5.9,4.4,7.8,13.6,40.080111,116.584556,35.35,86.69234423947877,14.428684200745426,40.47343121770787,0.6420547132365637,0.9964830363084052,40.080111,1606.415297772321,0.9958005092928006,3.5931942039795284,-2181.533470123032,4359.356241532425,4102.019731564592,89.96816901465641,0.0,49.1
2024-05-22,77.1,87.8,62.4,999.9,4.4,4.9,11.7,15.5,40.080111,116.584556,35.35,92.87400167487506,14.455097536945537,40.56953794933726,0.6287628145958344,0.9964830363084052,40.080111,1606.415297772321,0.9958005092928006,3.5931942039795284,-2181.533470123032,4359.356241532425,4102.019731564592,89.96816901465641,0.0,65.9
2024-05-23,74.5,87.1,65.8,999.9,5.8,6.1,11.7,17.5,40.080111,116.584556,35.35,89.90153294221385,14.480783829618337,40.66225933184245,0.6152845999633276,0.9964830363084052,40.080111,1606.415297772321,0.9958005092928006,3.5931942039795284,-2181.533470123032,4359.356241532425,4102.019731564592,89.96816901465641,0.0,59.1
2024-05-24,63.1,85.3,57.2,999.9,6.5,3.0,5.8,89.35720461744215,40.080111,116.584556,35.35,76.27595238336207,14.505727870053008,40.751590593745156,0.6016240632249226,0.9964830363084052,40.080111,1606.415297772321,0.9958005092928006,3.5931942039795284,-2181.533470123032,4359.356241532425,4102.019731564592,89.96816901465641,0.0,49.3
2024-05-25,57.2,68.0,53.6,999.9,4.5,3.2,7.8,118.43217673201013,40.080111,116.584556,35.35,69.25925976504341,14.529914636023092,40.83752744620119,0.5877852522924732,0.9964830363084052,40.080111,1606.415297772321,0.9958005092928006,3.5931942039795284,-2181.533470123032,4359.356241532425,4102.019731564592,89.96816901465641,0.0,55.4
2024-05-26,71.6,84.2,51.8,999.9,6.5,9.1,25.3,35.0,40.080111,116.584556,35.35,86.83486494034588,14.553329319611043,40.92006605612411,0.5737722679043246,0.9964830363084052,40.080111,1606.415297772321,0.9958005092928006,3.5931942039795284,-2181.533470123032,4359.356241532425,4102.019731564592,89.96816901465641,0.0,42.5
2024-05-27,72.6,86.0,54.7,999.9,6.7,4.2,9.7,74.69912977876797,40.080111,116.584556,35.35,88.18454200042328,14.575957355441867,40.999203020631676,0.5595892624101765,0.9964830363084052,40.080111,1606.415297772321,0.9958005092928006,3.5931942039795284,-2181.533470123032,4359.356241532425,4102.019731564592,89.96816901465641,0.0,47.2
2024-05-28,77.2,89.6,57.6,999.9,6.2,5.6,11.7,-8.219869333918133,40.080111,116.584556,35.35,93.91241329005852,14.597784449231895,41.07493534281813,0.545240438540651,0.9964830363084052,40.080111,1606.415297772321,0.9958005092928006,3.5931942039795284,-2181.533470123032,4359.356241532425,4102.019731564592,89.96816901465641,0.0,52.9
2024-05-29,79.4,89.6,68.0,999.9,6.3,7.2,17.5,29.1,40.080111,116.584556,35.35,96.72770421336011,14.618796606553163,41.147260408847806,0.5307300481619334,0.9964830363084052,40.080111,1606.415297772321,0.9958005092928006,3.5931942039795284,-2181.533470123032,4359.356241532425,4102.019731564592,89.96816901465641,0.0,57.6
2024-05-30,74.9,91.4,62.6,999.9,6.3,8.4,36.9,50.5,40.080111,116.584556,35.35,91.37163450933204,14.638980161708739,41.216175966359025,0.5160623910158528,0.9964830363084052,40.080111,1606.415297772321,0.9958005092928006,3.5931942039795284,-2181.533470123032,4359.356241532425,4102.019731564592,89.96816901465641,0.0,55.0
2024-05-31,73.1,90.9,57.2,999.9,6.7,4.7,11.7,-28.436370735140034,40.080111,116.584556,35.35,89.29361033859684,14.658321806609605,41.28168010416033,0.5012418134457758,0.9964830363084052,40.080111,1606.415297772321,0.9958005092928006,3.5931942039795284,-2181.533470123032,4359.356241532425,4102.019731564592,89.96816901465641,0.0,48.8
2024-06-01,79.8,91.4,59.4,999.9,6.2,5.0,13.6,19.4,40.080111,116.584556,35.35,97.60077731993837,14.676808619539607,41.34377123319546,0.48627270710868997,0.9964830363084052,40.080111,1606.415297772321,0.9958005092928006,3.5931942039795284,-2181.533470123032,4359.356241532425,4102.019731564592,89.96816901465641,0.0,49.8
2024-06-02,77.8,93.2,60.8,999.9,6.6,5.1,11.7,26.504567230071608,40.080111,116.584556,35.35,95.26887547409869,14.694428093691316,41.40244806874752,0.4711595076738638,0.9964830363084052,40.080111,1606.415297772321,0.9958005092928006,3.5931942039795284,-2181.533470123032,4359.356241532425,4102.019731564592,89.96816901465641,0.0,49.7
2024-06-03,80.2,93.2,63.0,999.9,6.5,5.0,13.6,15.16005616482246,40.080111,116.584556,35.35,98.31964057177531,14.711168165352914,41.457709613848095,0.4559066935084588,0.9964830363084052,40.080111,1606.415297772321,0.9958005092928006,3.5931942039795284,-2181.533470123032,4359.356241532425,4102.019731564592,89.96816901465641,0.0,53.8
2024-06-04,81.5,93.2,66.6,999.9,6.1,5.4,13.6,87.2610094657015,40.080111,116.584556,35.35,100.02099209936202,14.727017241623855,41.5095551438525,0.440518784350495,0.9964830363084052,40.080111,1606.415297772321,0.9958005092928006,3.5931942039795284,-2181.533470123032,4359.356241532425,4102.019731564592,89.96816901465641,0.0,55.4
2024-06-05,73.4,91.4,62.6,999.9,6.1,4.6,17.5,23.3,40.080111,116.584556,35.35,90.17168119176083,14.74196422753583,41.55798419213851,0.42500033996955416,0.9964830363084052,40.080111,1606.415297772321,0.9958005092928006,3.5931942039795284,-2181.533470123032,4359.356241532425,4102.019731564592,89.96816901465641,0.0,61.6
2024-06-06,78.6,86.0,65.3,999.9,6.0,5.5,11.7,-52.622030769725924,40.080111,116.584556,35.35,96.65179051857943,14.755998552454876,41.60299653688293,0.4093559588156213,0.9964830363084052,40.080111,1606.415297772321,0.9958005092928006,3.5931942039795284,-2181.533470123032,4359.356241532425,4102.019731564592,89.96816901465641,0.0,60.3
2024-06-07,65.3,86.0,59.0,999.9,5.6,3.3,9.7,-19.374003649674588,40.080111,116.584556,35.35,80.36857464794545,14.769110195640817,41.644592188867804,0.39359027665646673,0.9964830363084052,40.080111,1606.415297772321,0.9958005092928006,3.5931942039795284,-2181.533470123032,4359.356241532425,4102.019731564592,89.96816901465641,0.0,60.9
2024-06-08,76.2,87.8,60.8,999.9,5.7,4.0,9.7,55.41182004612638,40.080111,116.584556,35.35,93.86118966384312,14.781289710841435,41.68277138026643,0.3777079652039649,0.9964830363084052,40.080111,1606.415297772321,0.9958005092928006,3.5931942039795284,-2181.533470123032,4359.356241532425,4102.019731564592,89.96816901465641,0.0,66.4
2024-06-09,84.1,96.8,67.8,999.9,5.6,5.3,11.7,-53.82231069595208,40.080111,116.584556,35.35,103.67096881735439,14.792528249800865,41.71753455435817,0.36171373072976765,0.9964830363084052,40.080111,1606.415297772321,0.9958005092928006,3.5931942039795284,-2181.533470123032,4359.356241532425,4102.019731564592,89.96816901465641,0.0,60.4
2024-06-10,79.9,95.7,66.2,999.9,5.8,4.7,13.6,21.4,40.080111,116.584556,35.35,98.56209375056049,14.802817584564778,41.74888235612088,0.3456123126707335,0.9964830363084052,40.080111,1606.415297772321,0.9958005092928006,3.5931942039795284,-2181.533470123032,4359.356241532425,4102.019731564592,89.96816901465641,0.0,61.9
2024-06-11,82.3,98.4,64.4,999.9,5.7,5.7,35.0,50.5,40.080111,116.584556,35.35,101.5866629644162,14.81215012846895,41.77681562365027,0.3294084822245304,0.9964830363084052,40.080111,1606.415297772321,0.9958005092928006,3.5931942039795284,-2181.533470123032,4359.356241532425,4102.019731564592,89.96816901465641,0.0,62.9
2024-06-12,83.8,98.4,66.2,999.9,6.4,5.3,38.9,50.5,40.080111,116.584556,35.35,103.49662404065717,14.820518955702697,41.80133538035628,0.3131070409358269,0.9964830363084052,40.080111,1606.415297772321,0.9958005092928006,3.5931942039795284,-2181.533470123032,4359.356241532425,4102.019731564592,89.96816901465641,0.0,64.4
2024-06-13,81.7,97.3,69.4,999.9,6.4,4.3,9.7,-8.769239398712578,40.080111,116.584556,35.35,100.95340715337086,14.827917819344556,41.82244282788888,0.29671281927349075,0.9964830363084052,40.080111,1606.415297772321,0.9958005092928006,3.5931942039795284,-2181.533470123032,4359.356241532425,4102.019731564592,89.96816901465641,0.0,69.5
2024-06-14,80.3,92.8,68.0,999.9,5.9,4.9,9.7,1.2397844550510655,40.080111,116.584556,35.35,99.26646631435655,14.83434116777433,41.84013933974776,0.28023067519921585,0.9964830363084052,40.080111,1606.415297772321,0.9958005092928006,3.5931942039795284,-2181.533470123032,4359.356241532425,4102.019731564592,89.96816901465641,0.0,64.9
2024-06-15,80.3,91.8,62.6,999.9,6.0,4.5,9.7,13.6,40.080111,116.584556,35.35,99.30288899980529,14.839784159373144,41.85442645553357,0.26366549272800704,0.9964830363084052,40.080111,1606.415297772321,0.9958005092928006,3.5931942039795284,-2181.533470123032,4359.356241532425,4102.019731564592,89.96816901465641,0.0,54.1
2024-06-16,84.5,96.8,67.3,999.9,6.2,7.6,15.5,21.4,40.080111,116.584556,35.35,104.52820883949751,14.844242675431598,41.865305875802214,0.24702218048093552,0.9964830363084052,40.080111,1606.415297772321,0.9958005092928006,3.5931942039795284,-2181.533470123032,4359.356241532425,4102.019731564592,89.96816901465641,0.0,57.5
2024-06-17,86.8,100.4,69.8,999.9,6.1,5.8,11.7,17.5,40.080111,116.584556,35.35,107.39845976231163,14.847713331195157,41.87277945748756,0.23030567023061221,0.9964830363084052,40.080111,1606.415297772321,0.9958005092928006,3.5931942039795284,-2181.533470123032,4359.356241532425,4102.019731564592,89.96816901465641,0.0,58.9
2024-06-18,88.3,100.4,72.9,999.9,6.1,5.1,11.7,37.37879188169813,40.080111,116.584556,35.35,109.27267372701941,14.850193484985649,41.876849209863096,0.21352091543979612,0.9964830363084052,40.080111,1606.415297772321,0.9958005092928006,3.5931942039795284,-2181.533470123032,4359.356241532425,4102.019731564592,89.96816901465641,0.0,62.5
2024-06-19,86.3,98.8,75.2,999.9,6.3,6.2,9.7,-38.74849579930479,40.080111,116.584556,35.35,106.8083409561284,14.851681245348098,41.87751729101744,0.19667288979357647,0.9964830363084052,40.080111,1606.415297772321,0.9958005092928006,3.5931942039795284,-2181.533470123032,4359.356241532425,4102.019731564592,89.96816901465641,0.0,63.3
2024-06-20,80.9,96.8,73.4,999.9,6.0,5.1,9.7,78.3759037761971,40.080111,116.584556,35.35,100.12841633526624,14.852175476182877,41.87478600482482,0.1797665857255624,0.9964830363084052,40.080111,1606.415297772321,0.9958005092928006,3.5931942039795284,-2181.533470123032,4359.356241532425,4102.019731564592,89.96816901465641,0.0,66.5
2024-06-21,72.5,91.2,69.6,999.9,4.9,3.2,5.8,5.452399233553223,40.080111,116.584556,35.35,89.72887462399912,14.851675799834338,41.86865779839655,0.16280701293851715,0.9964830363084052,40.080111,1606.415297772321,0.9958005092928006,3.5931942039795284,-2181.533470123032,4359.356241532425,4102.019731564592,89.96816901465641,0.0,68.5
2024-06-22,82.3,95.0,69.6,999.9,5.5,6.7,17.5,23.3,40.080111,116.584556,35.35,101.84750231876284,14.850182598118518,41.85913526000616,0.1457991969198751,0.9964830363084052,40.080111,1606.415297772321,0.9958005092928006,3.5931942039795284,-2181.533470123032,4359.356241532425,4102.019731564592,89.96816901465641,0.0,51.8
2024-06-23,79.3,93.4,64.4,999.9,6.2,7.6,15.5,21.4,40.080111,116.584556,35.35,98.11853108290249,14.847697011284112,41.84622111748607,0.12874817745258132,0.9964830363084052,40.080111,1606.415297772321,0.9958005092928006,3.5931942039795284,-2181.533470123032,4359.356241532425,4102.019731564592,89.96816901465641,0.0,51.5
2024-06-24,80.8,95.0,64.4,999.9,6.7,4.6,9.7,19.4,40.080111,116.584556,35.35,99.9510876284114,14.844220934912585,41.829918237100294,0.11165900712169512,0.9964830363084052,40.080111,1606.415297772321,0.9958005092928006,3.5931942039795284,-2181.533470123032,4359.356241532425,4102.019731564592,89.96816901465641,0.0,50.4
2024-06-25,84.1,95.5,65.8,999.9,6.7,4.5,9.7,95.19491220715551,40.080111,116.584556,35.35,104.00196374521413,14.839757014774905,41.810229622903435,0.09453674981719912,0.9964830363084052,40.080111,1606.415297772321,0.9958005092928006,3.5931942039795284,-2181.533470123032,4359.356241532425,4102.019731564592,89.96816901465641,0.0,58.1
2024-06-26,87.3,100.4,72.5,999.9,6.1,6.9,17.5,23.3,40.080111,116.584556,35.35,107.91959535362662,14.834308639673763,41.78715841660203,0.07738647923346301,0.9964830363084052,40.080111,1606.415297772321,0.9958005092928006,3.5931942039795284,-2181.533470123032,4359.356241532425,4102.019731564592,89.96816901465641,0.0,57.4
2024-06-27,84.2,97.2,69.8,999.9,6.5,5.8,17.5,25.3,40.080111,116.584556,35.35,104.04229085838483,14.827879932311378,41.76070789793981,0.06021327736579302,0.9964830363084052,40.080111,1606.415297772321,0.9958005092928006,3.5931942039795284,-2181.533470123032,4359.356241532425,4102.019731564592,89.96816901465641,0.0,56.4
2024-06-28,86.9,98.6,72.9,999.9,6.3,6.2,13.6,17.48462341923707,40.080111,116.584556,35.35,107.32494513770932,14.820475738233737,41.73088148563437,0.04302223300453059,0.9964830363084052,40.080111,1606.415297772321,0.9958005092928006,3.5931942039795284,-2181.533470123032,4359.356241532425,4102.019731564592,89.96816901465641,0.0,61.0
2024-06-29,79.3,96.6,69.8,999.9,5.7,5.1,11.7,19.4,40.080111,116.584556,35.35,97.88330482532955,14.812101612912418,41.69768273889701,0.02581844022713308,0.9964830363084052,40.080111,1606.415297772321,0.9958005092928006,3.5931942039795284,-2181.533470123032,4359.356241532425,4102.019731564592,89.96816901465641,0.0,69.1
2024-06-30,82.0,93.2,69.4,999.9,5.9,5.3,19.4,29.1,40.080111,116.584556,35.35,101.15221934807197,14.802763807034923,41.66111535957262,0.008606996888688698,0.9964830363084052,40.080111,1606.415297772321,0.9958005092928006,3.5931942039795284,-2181.533470123032,4359.356241532425,4102.019731564592,89.96816901465641,0.0,69.4
2024-07-01,78.0,91.0,69.4,999.9,6.1,3.7,7.8,17.5,40.080111,116.584556,35.35,96.15105012554271,14.792469250083492,41.621183194940514,-0.008606996888688009,0.9964830363084052,40.080111,1606.415297772321,0.9958005092928006,3.5931942039795284,-2181.533470123032,4359.356241532425,4102.019731564592,89.96816901465641,0.0,69.1
2024-07-02,70.1,83.1,60.8,999.9,6.1,4.9,9.7,15.5,40.080111,116.584556,35.35,86.34699248446537,14.781225532290794,41.57789024122042,-0.02581844022713239,0.9964830363084052,40.080111,1606.415297772321,0.9958005092928006,3.5931942039795284,-2181.533470123032,4359.356241532425,4102.019731564592,89.96816901465641,0.0,59.2
2024-07-03,76.6,84.2,61.5,999.9,6.4,3.2,7.8,13.6,40.080111,116.584556,35.35,94.27571098301976,14.769040885068371,41.53124064783131,-0.04302223300453034,0.9964830363084052,40.080111,1606.415297772321,0.9958005092928006,3.5931942039795284,-2181.533470123032,4359.356241532425,4102.019731564592,89.96816901465641,0.0,63.0
2024-07-04,78.5,86.0,70.2,999.9,5.1,4.3,7.8,-18.698724323384482,40.080111,116.584556,35.35,96.52833721340261,14.755924160010588,41.481238722452616,-0.060213277365792774,0.9964830363084052,40.080111,1606.415297772321,0.9958005092928006,3.5931942039795284,-2181.533470123032,4359.356241532425,4102.019731564592,89.96816901465641,0.0,69.6
2024-07-05,82.2,91.4,72.3,999.9,4.2,4.2,7.8,17.5,40.080111,116.584556,35.35,100.98191092509023,14.741884806582515,41.42788893693962,-0.07738647923346322,0.9964830363084052,40.080111,1606.415297772321,0.9958005092928006,3.5931942039795284,-2181.533470123032,4359.356241532425,4102.019731564592,89.96816901465641,0.0,72.6
2024-07-06,81.6,95.0,71.6,999.9,5.9,4.8,29.1,38.9,40.080111,116.584556,35.35,100.14314337051592,14.726932848605282,41.371195934145256,-0.09453674981719933,0.9964830363084052,40.080111,1606.415297772321,0.9958005092928006,3.5931942039795284,-2181.533470123032,4359.356241532425,4102.019731564592,89.96816901465641,0.0,69.7
2024-07-07,79.8,91.9,71.6,999.9,6.4,4.3,13.6,19.4,40.080111,116.584556,35.35,97.82867441671418,14.711078859656267,41.31116453570158,-0.11165900712169444,0.9964830363084052,40.080111,1606.415297772321,0.9958005092928006,3.5931942039795284,-2181.533470123032,4359.356241532425,4102.019731564592,89.96816901465641,0.0,70.9
2024-07-08,81.2,91.6,72.0,999.9,6.4,3.7,11.7,17.5,40.080111,116.584556,35.35,99.43165964378197,14.694333937504725,41.247799750812945,-0.12874817745258066,0.9964830363084052,40.080111,1606.415297772321,0.9958005092928006,3.5931942039795284,-2181.533470123032,4359.356241532425,4102.019731564592,89.96816901465641,0.0,71.0
2024-07-09,81.9,91.6,71.6,999.9,6.1,3.6,7.8,-45.37965273125721,40.080111,116.584556,35.35,100.16854355033925,14.676709677705384,41.181106786112785,-0.14579919691987442,0.9964830363084052,40.080111,1606.415297772321,0.9958005092928006,3.5931942039795284,-2181.533470123032,4359.356241532425,4102.019731564592,89.96816901465641,0.0,66.0
2024-07-10,84.3,96.8,73.0,999.9,6.0,4.0,9.7,13.6,40.080111,116.584556,35.35,102.9739824789791,14.658218146473892,41.11109105663325,-0.16280701293851646,0.9964830363084052,40.080111,1606.415297772321,0.9958005092928006,3.5931942039795284,-2181.533470123032,4359.356241532425,4102.019731564592,89.96816901465641,0.0,68.7
2024-07-11,85.6,96.8,75.6,999.9,5.6,4.6,9.7,-132.95008555052797,40.080111,116.584556,35.35,104.4239525511734,14.638871852968235,41.03775819793485,-0.17976658572556214,0.9964830363084052,40.080111,1606.415297772321,0.9958005092928006,3.5931942039795284,-2181.533470123032,4359.356241532425,4102.019731564592,89.96816901465641,0.0,69.7
2024-07-12,74.8,93.6,69.8,999.9,5.1,5.4,15.5,27.2,40.080111,116.584556,35.35,91.12312852818759,14.618683721099615,40.961114079440236,-0.19667288979357622,0.9964830363084052,40.080111,1606.415297772321,0.9958005092928006,3.5931942039795284,-2181.533470123032,4359.356241532425,4102.019731564592,89.96816901465641,0.0,70.1
2024-07-13,75.3,89.6,69.6,2.5,3.9,2.8,3.9,11.646498307913532,40.080111,116.584556,35.35,91.6003608077436,14.597667060994997,40.88116481901189,-0.2135209154397959,0.9964830363084052,40.080111,1606.415297772321,0.9958005092928006,3.5931942039795284,-2181.533470123032,4359.356241532425,4102.019731564592,89.96816901465641,0.0,70.0
2024-07-14,78.7,86.0,69.6,5.2,3.6,2.7,5.8,-60.6016430526155,40.080111,116.584556,35.35,95.5931880846832,14.575835540231237,40.79791679880968,-0.23030567023061196,0.9964830363084052,40.080111,1606.415297772321,0.9958005092928006,3.5931942039795284,-2181.533470123032,4359.356241532425,4102.019731564592,89.96816901465641,0.0,70.7
2024-07-15,79.7,85.8,73.4,999.9,5.0,4.5,7.8,-0.5813801101638933,40.080111,116.584556,35.35,96.6575242875121,14.553203154957908,40.71137668245875,-0.24702218048093527,0.9964830363084052,40.080111,1606.415297772321,0.9958005092928006,3.5931942039795284,-2181.533470123032,4359.356241532425,4102.019731564592,89.96816901465641,0.0,71.6
2024-07-16,77.9,86.4,69.8,999.9,5.4,3.2,5.8,25.17588637928,40.080111,116.584556,35.35,94.32251577163623,14.529784201022268,40.621551433552796,-0.2636654927280072,0.9964830363084052,40.080111,1606.415297772321,0.9958005092928006,3.5931942039795284,-2181.533470123032,4359.356241532425,4102.019731564592,89.96816901465641,0.0,71.5
2024-07-17,84.6,96.8,69.8,999.9,6.7,4.4,9.7,19.4,40.080111,116.584556,35.35,102.26443237870099,14.505593245205816,40.52844833551211,-0.2802306751992161,0.9964830363084052,40.080111,1606.415297772321,0.9958005092928006,3.5931942039795284,-2181.533470123032,4359.356241532425,4102.019731564592,89.96816901465641,0.0,64.8
2024-07-18,86.5,100.4,71.6,999.9,6.4,6.2,17.5,27.2,40.080111,116.584556,35.35,104.38131673854619,14.480645096676929,40.432075012808546,-0.2967128192734901,0.9964830363084052,40.080111,1606.415297772321,0.9958005092928006,3.5931942039795284,-2181.533470123032,4359.356241532425,4102.019731564592,89.96816901465641,0.0,63.2
2024-07-19,83.4,100.4,71.6,999.9,6.0,5.7,36.9,54.4,40.080111,116.584556,35.35,100.46193571237684,14.454954778759257,40.33243945356352,-0.3131070409358267,0.9964830363084052,40.080111,1606.415297772321,0.9958005092928006,3.5931942039795284,-2181.533470123032,4359.356241532425,4102.019731564592,89.96816901465641,0.0,74.1
2024-07-20,87.1,96.1,73.0,999.9,6.6,5.8,9.7,-16.101818781087328,40.080111,116.584556,35.35,104.7271346955542,14.42853750110965,40.22955003351748,-0.3294084822245302,0.9964830363084052,40.080111,1606.415297772321,0.9958005092928006,3.5931942039795284,-2181.533470123032,4359.356241532425,4102.019731564592,89.96816901465641,0.0,73.9
2024-07-21,84.9,94.1,73.4,999.9,6.1,5.0,13.6,25.3,40.080111,116.584556,35.35,101.88996607418574,14.401408632393741,40.12341554136212,-0.3456123126707333,0.9964830363084052,40.080111,1606.415297772321,0.9958005092928006,3.5931942039795284,-2181.533470123032,4359.356241532425,4102.019731564592,89.96816901465641,0.0,76.7
2024-07-22,84.3,93.7,74.8,999.9,6.2,4.3,7.8,-37.494589462884306,40.080111,116.584556,35.35,100.97442530662642,14.373583673541127,40.014045205418846,-0.3617137307297674,0.9964830363084052,40.080111,1606.415297772321,0.9958005092928006,3.5931942039795284,-2181.533470123032,4359.356241532425,4102.019731564592,89.96816901465641,0.0,76.8
2024-07-23,88.9,96.6,77.2,999.9,4.1,3.6,7.8,57.634594172089436,40.080111,116.584556,35.35,106.27312123284895,14.345078231655652,39.90144872163914,-0.37770796520396466,0.9964830363084052,40.080111,1606.415297772321,0.9958005092928006,3.5931942039795284,-2181.533470123032,4359.356241532425,4102.019731564592,89.96816901465641,0.0,82.0
2024-07-24,83.6,97.3,75.2,999.9,5.0,5.4,15.5,25.3,40.080111,116.584556,35.35,99.73415902939495,14.315907994649992,39.7856362828951,-0.39359027665646645,0.9964830363084052,40.080111,1606.415297772321,0.9958005092928006,3.5931942039795284,-2181.533470123032,4359.356241532425,4102.019731564592,89.96816901465641,0.0,78.4
2024-07-25,77.0,97.3,75.2,999.9,4.5,2.6,3.9,101.6183889233924,40.080111,116.584556,35.35,91.66906920111374,14.286088706667078,39.666618609519844,-0.4093559588156211,0.9964830363084052,40.080111,1606.415297772321,0.9958005092928006,3.5931942039795284,-2181.533470123032,4359.356241532425,4102.019731564592,89.96816901465641,0.0,75.4
2024-07-26,82.6,90.5,75.7,999.9,5.6,3.5,7.8,-57.07583317950419,40.080111,116.584556,35.35,98.12629546023757,14.255636144344441,39.54440698105006,-0.42500033996955394,0.9964830363084052,40.080111,1606.415297772321,0.9958005092928006,3.5931942039795284,-2181.533470123032,4359.356241532425,4102.019731564592,89.96816901465641,0.0,76.8
2024-07-27,84.9,92.5,77.0,999.9,6.0,3.8,7.8,-42.06984686218036,40.080111,116.584556,35.35,100.63880511484504,14.22456609397103,39.41901326911534,-0.4405187843504952,0.9964830363084052,40.080111,1606.415297772321,0.9958005092928006,3.5931942039795284,-2181.533470123032,4359.356241532425,4102.019731564592,89.96816901465641,0.0,77.3
2024-07-28,88.5,96.8,78.4,999.9,6.2,4.0,7.8,113.4309952983932,40.080111,116.584556,35.35,104.67259568064989,14.192894329579646,39.290449971410716,-0.455906693508459,0.9964830363084052,40.080111,1606.415297772321,0.9958005092928006,3.5931942039795284,-2181.533470123032,4359.356241532425,4102.019731564592,89.96816901465641,0.0,78.0
2024-07-29,87.4,95.5,77.0,999.9,5.9,5.3,9.7,-82.56805444403311,40.080111,116.584556,35.35,103.13663651181992,14.160636592011887,39.158730246682126,-0.47115950767386394,0.9964830363084052,40.080111,1606.415297772321,0.9958005092928006,3.5931942039795284,-2181.533470123032,4359.356241532425,4102.019731564592,89.96816901465641,0.0,78.7
2024-07-30,77.9,95.5,76.3,999.9,4.6,4.0,9.7,130.303801822867,40.080111,116.584556,35.35,91.71302396033641,14.127808568986353,39.02386795064659,-0.4862727071086902,0.9964830363084052,40.080111,1606.415297772321,0.9958005092928006,3.5931942039795284,-2181.533470123032,4359.356241532425,4102.019731564592,89.96816901465641,0.0,77.3
2024-07-31,82.0,95.0,75.2,999.9,5.9,4.2,13.6,25.3,40.080111,116.584556,35.35,96.3119101539992,14.094425876195004,38.8858776727626,-0.5012418134457756,0.9964830363084052,40.080111,1606.415297772321,0.9958005092928006,3.5931942039795284,-2181.533470123032,4359.356241532425,4102.019731564592,89.96816901465641,0.0,75.1
2024-08-01,85.7,95.0,76.1,999.9,6.6,2.8,5.8,-133.71359156767747,40.080111,116.584556,35.35,100.41543301505033,14.060504039446954,38.744774773759204,-0.5160623910158526,0.9964830363084052,40.080111,1606.415297772321,0.9958005092928006,3.5931942039795284,-2181.533470123032,4359.356241532425,4102.019731564592,89.96816901465641,0.0,75.7
2024-08-02,82.6,94.5,76.6,999.9,6.1,4.5,9.7,81.53081114259345,40.080111,116.584556,35.35,96.54603585602878,14.026058477873432,38.60057542382604,-0.5307300481619331,0.9964830363084052,40.080111,1606.415297772321,0.9958005092928006,3.5931942039795284,-2181.533470123032,4359.356241532425,4102.019731564592,89.96816901465641,0.0,76.5
2024-08-03,82.7,93.2,76.6,999.9,5.3,3.1,9.7,19.4,40.080111,116.584556,35.35,96.42202843119742,13.991104488202769,38.453296641361064,-0.5452404385406507,0.9964830363084052,40.080111,1606.415297772321,0.9958005092928006,3.5931942039795284,-2181.533470123032,4359.356241532425,4102.019731564592,89.96816901465641,0.0,78.3
2024-08-04,81.2,91.4,71.6,999.9,6.1,5.7,19.4,29.1,40.080111,116.584556,35.35,94.43328059040576,13.955657230109225,38.30295633216677,-0.5595892624101763,0.9964830363084052,40.080111,1606.415297772321,0.9958005092928006,3.5931942039795284,-2181.533470123032,4359.356241532425,4102.019731564592,89.96816901465641,0.0,75.9
2024-08-05,84.3,96.8,71.8,999.9,6.4,3.2,7.8,15.5,40.080111,116.584556,35.35,97.78611528126189,13.919731712635144,38.14957332898108,-0.5737722679043243,0.9964830363084052,40.080111,1606.415297772321,0.9958005092928006,3.5931942039795284,-2181.533470123032,4359.356241532425,4102.019731564592,89.96816901465641,0.0,72.6
2024-08-06,85.5,93.4,76.8,999.9,5.7,4.1,7.8,-13.32459596688014,40.080111,116.584556,35.35,98.91881731948206,13.88334278168169,37.993167431224634,-0.5877852522924734,0.9964830363084052,40.080111,1606.415297772321,0.9958005092928006,3.5931942039795284,-2181.533470123032,4359.356241532425,4102.019731564592,89.96816901465641,0.0,75.7
2024-08-07,78.8,93.4,73.4,999.9,4.9,3.2,9.7,103.99561278009384,40.080111,116.584556,35.35,90.92538354620729,13.846505108559485,37.833759444841554,-0.6016240632249227,0.9964830363084052,40.080111,1606.415297772321,0.9958005092928006,3.5931942039795284,-2181.533470123032,4359.356241532425,4102.019731564592,89.96816901465641,0.0,73.9
2024-08-08,83.9,93.2,73.4,999.9,5.7,3.0,5.8,-14.142492944979061,40.080111,116.584556,35.35,96.54955531394654,13.809233179587109,37.671371222108455,-0.6152845999633277,0.9964830363084052,40.080111,1606.415297772321,0.9958005092928006,3.5931942039795284,-2181.533470123032,4359.356241532425,4102.019731564592,89.96816901465641,0.0,74.6
2024-08-09,78.4,92.5,73.4,999.9,4.5,5.8,13.6,23.3,40.080111,116.584556,35.35,89.97406973991734,13.77154128672204,37.50602570128187,-0.6287628145958345,0.9964830363084052,40.080111,1606.415297772321,0.9958005092928006,3.5931942039795284,-2181.533470123032,4359.356241532425,4102.019731564592,89.96816901465641,0.0,75.7
2024-08-10,80.7,91.4,73.4,999.9,6.7,3.7,15.5,27.2,40.080111,116.584556,35.35,92.35740766665944,13.733443519205865,37.33774694595348,-0.6420547132365636,0.9964830363084052,40.080111,1606.415297772321,0.9958005092928006,3.5931942039795284,-2181.533470123032,4359.356241532425,4102.019731564592,89.96816901465641,0.0,74.1
2024-08-11,86.0,91.4,73.4,999.9,6.3,8.7,15.5,23.3,40.080111,116.584556,35.35,98.14716858612097,13.694953756202926,37.16656018397925,-0.655156357209085,0.9964830363084052,40.080111,1606.415297772321,0.9958005092928006,3.5931942039795284,-2181.533470123032,4359.356241532425,4102.019731564592,89.96816901465641,0.0,66.6
2024-08-13,76.7,87.6,73.0,999.9,6.7,6.0,9.7,39.44303732239639,40.080111,116.584556,35.35,87.03438333241544,13.61685267260737,36.81556960235461,-0.6807734094770159,0.9964830363084052,40.080111,1606.415297772321,0.9958005092928006,3.5931942039795284,-2181.533470123032,4359.356241532425,4102.019731564592,89.96816901465641,0.0,69.3
2024-08-14,82.5,91.4,74.7,999.9,6.3,3.6,5.8,13.6,40.080111,116.584556,35.35,93.34371754907633,13.577268007138377,36.63582240143942,-0.6932812268869771,0.9964830363084052,40.080111,1606.415297772321,0.9958005092928006,3.5931942039795284,-2181.533470123032,4359.356241532425,4102.019731564592,89.96816901465641,0.0,71.3
2024-08-15,81.3,89.8,77.0,999.9,5.5,3.4,7.8,-64.18124227660962,40.080111,116.584556,35.35,91.71550999200349,13.537344648266197,36.45328050406269,-0.7055836101071774,0.9964830363084052,40.080111,1606.415297772321,0.9958005092928006,3.5931942039795284,-2181.533470123032,4359.356241532425,4102.019731564592,89.96816901465641,0.0,74.7
2024-08-16,78.0,89.4,73.8,999.9,5.3,3.2,9.7,17.5,40.080111,116.584556,35.35,87.73111975811068,13.497095347401642,36.26797551897514,-0.7176769136759615,0.9964830363084052,40.080111,1606.415297772321,0.9958005092928006,3.5931942039795284,-2181.533470123032,4359.356241532425,4102.019731564592,89.96816901465641,0.0,74.9
2024-08-17,80.5,89.6,73.4,999.9,5.6,3.5,11.7,-20.02926704765889,40.080111,116.584556,35.35,90.27090633360002,13.456532621157766,36.079940436253295,-0.7295575540864876,0.9964830363084052,40.080111,1606.415297772321,0.9958005092928006,3.5931942039795284,-2181.533470123032,4359.356241532425,4102.019731564592,89.96816901465641,0.0,74.2
2024-08-18,79.2,89.4,71.6,999.9,6.0,3.4,7.8,57.02812364115718,40.080111,116.584556,35.35,88.54341375135317,13.415668750205025,35.8892096594677,-0.7412220108485957,0.9964830363084052,40.080111,1606.415297772321,0.9958005092928006,3.5931942039795284,-2181.533470123032,4359.356241532425,4102.019731564592,89.96816901465641,0.0,74.4
2024-08-19,78.2,87.4,73.9,999.9,6.2,4.1,7.8,18.803136673817313,40.080111,116.584556,35.35,87.15726115913078,13.37451577889475,35.695819036354415,-0.7526668275320083,0.9964830363084052,40.080111,1606.415297772321,0.9958005092928006,3.5931942039795284,-2181.533470123032,4359.356241532425,4102.019731564592,89.96816901465641,0.0,72.1
2024-08-20,77.6,87.8,73.4,999.9,6.8,3.8,7.8,96.80202001863302,40.080111,116.584556,35.35,86.22061966767072,13.333085515619185,35.499805887863445,-0.7638886127905429,0.9964830363084052,40.080111,1606.415297772321,0.9958005092928006,3.5931942039795284,-2181.533470123032,4359.356241532425,4102.019731564592,89.96816901465641,0.0,73.0
2024-08-21,81.6,91.4,73.4,999.9,6.4,3.4,5.8,2.4416853159881704,40.080111,116.584556,35.35,90.38144883035805,13.291389533876185,35.30120903546101,-0.7748840413670406,0.9964830363084052,40.080111,1606.415297772321,0.9958005092928006,3.5931942039795284,-2181.533470123032,4359.356241532425,4102.019731564592,89.96816901465641,0.0,72.4
2024-08-22,85.5,96.8,73.9,999.9,6.2,3.5,5.8,15.5,40.080111,116.584556,35.35,94.40225411479692,13.249439174006586,35.100068826566,-0.7856498550787144,0.9964830363084052,40.080111,1606.415297772321,0.9958005092928006,3.5931942039795284,-2181.533470123032,4359.356241532425,4102.019731564592,89.96816901465641,0.0,72.5
2024-08-23,78.1,95.7,69.8,999.9,5.8,3.4,9.7,80.6057765679698,40.080111,116.584556,35.35,85.95715642576835,13.2072455455726,34.89642715800543,-0.7961828637826154,0.9964830363084052,40.080111,1606.415297772321,0.9958005092928006,3.5931942039795284,-2181.533470123032,4359.356241532425,4102.019731564592,89.96816901465641,0.0,72.9
2024-08-24,81.4,91.9,70.7,999.9,6.1,3.8,7.8,7.737742475243877,40.080111,116.584556,35.35,89.30135914751203,13.164819530345754,34.69032749737834,-0.8064799463209447,0.9964830363084052,40.080111,1606.415297772321,0.9958005092928006,3.5931942039795284,-2181.533470123032,4359.356241532425,4102.019731564592,89.96816901465641,0.0,73.8
2024-08-25,79.5,90.9,68.0,999.9,6.3,4.1,11.7,17.5,40.080111,116.584556,35.35,86.93438808141102,13.122171785873359,34.48181490222214,-0.8165380514459157,0.9964830363084052,40.080111,1606.415297772321,0.9958005092928006,3.5931942039795284,-2181.533470123032,4359.356241532425,4102.019731564592,89.96816901465641,0.0,73.4
2024-08-26,69.4,85.6,64.9,999.9,5.6,6.5,13.6,21.4,40.080111,116.584556,35.35,75.64202540181277,13.079312749592985,34.270936036881366,-0.8263541987239094,0.9964830363084052,40.080111,1606.415297772321,0.9958005092928006,3.5931942039795284,-2181.533470123032,4359.356241532425,4102.019731564592,89.96816901465641,0.0,66.4
2024-08-27,75.5,89.6,64.2,999.9,6.7,4.1,9.7,131.7134457572472,40.080111,116.584556,35.35,82.01975621513459,13.036252643465101,34.05773918698408,-0.8359254794186365,0.9964830363084052,40.080111,1606.415297772321,0.9958005092928006,3.5931942039795284,-2181.533470123032,4359.356241532425,4102.019731564592,89.96816901465641,0.0,63.1
2024-08-28,75.4,87.8,64.6,999.9,6.4,2.6,5.8,21.4,40.080111,116.584556,35.35,81.63935929364406,12.993001479094543,33.84227427143733,-0.8452490573530634,0.9964830363084052,40.080111,1606.415297772321,0.9958005092928006,3.5931942039795284,-2181.533470123032,4359.356241532425,4102.019731564592,89.96816901465641,0.0,65.7
2024-08-29,77.8,87.8,66.6,999.9,6.2,3.9,7.8,113.16096048038301,40.080111,116.584556,35.35,83.9563727604756,12.949569063312433,33.62459285185966,-0.8543221697498269,0.9964830363084052,40.080111,1606.415297772321,0.9958005092928006,3.5931942039795284,-2181.533470123032,4359.356241532425,4102.019731564592,89.96816901465641,0.0,67.0
2024-08-30,84.2,95.0,70.2,999.9,5.9,3.0,5.8,-12.133496963565502,40.080111,116.584556,35.35,90.55685444607168,12.905965004190737,33.40474813937485,-0.8631421280499115,0.9964830363084052,40.080111,1606.415297772321,0.9958005092928006,3.5931942039795284,-2181.533470123032,4359.356241532425,4102.019731564592,89.96816901465641,0.0,72.6
2024-08-31,79.0,93.4,69.8,999.9,5.8,3.4,7.8,82.80502670858918,40.080111,116.584556,35.35,84.67614155662919,12.862198717462661,33.1827949986983,-0.8717063187093217,0.9964830363084052,40.080111,1606.415297772321,0.9958005092928006,3.5931942039795284,-2181.533470123032,4359.356241532425,4102.019731564592,89.96816901465641,0.0,69.3
2024-09-01,79.4,91.4,68.0,999.9,6.1,6.6,15.5,23.3,40.080111,116.584556,35.35,84.814282250486,12.81827943332282,32.95878994945471,-0.8800122039735356,0.9964830363084052,40.080111,1606.415297772321,0.9958005092928006,3.5931942039795284,-2181.533470123032,4359.356241532425,4102.019731564592,89.96816901465641,0.0,58.4
2024-09-02,73.7,90.7,64.4,999.9,6.7,4.0,7.8,15.5,40.080111,116.584556,35.35,78.45497785033282,12.774216203582005,32.7327911646725,-0.888057322629493,0.9964830363084052,40.080111,1606.415297772321,0.9958005092928006,3.5931942039795284,-2181.533470123032,4359.356241532425,4102.019731564592,89.96816901465641,0.0,55.6
2024-09-03,74.1,83.1,66.0,999.9,6.5,3.5,7.8,72.28330218414663,40.080111,116.584556,35.35,78.6078605890156,12.730017909152327,32.50485846640864,-0.8958392907349089,0.9964830363084052,40.080111,1606.415297772321,0.9958005092928006,3.5931942039795284,-2181.533470123032,4359.356241532425,4102.019731564592,89.96816901465641,0.0,63.9
2024-09-04,72.9,81.1,69.8,999.9,5.8,3.6,7.8,-30.63830809871798,40.080111,116.584556,35.35,77.06558660212374,12.6856932678393,32.27505331846473,-0.9033558023246842,0.9964830363084052,40.080111,1606.415297772321,0.9958005092928006,3.5931942039795284,-2181.533470123032,4359.356241532425,4102.019731564592,89.96816901465641,0.0,68.6
2024-09-05,73.1,86.0,64.4,999.9,6.6,3.8,9.7,17.5,40.080111,116.584556,35.35,77.00628638173193,12.641250842418374,32.04343881616302,-0.9106046300942162,0.9964830363084052,40.080111,1606.415297772321,0.9958005092928006,3.5931942039795284,-2181.533470123032,4359.356241532425,4102.019731564592,89.96816901465641,0.0,58.6
2024-09-06,75.6,85.8,66.2,999.9,6.5,3.7,9.7,34.68456022329056,40.080111,116.584556,35.35,79.3592040085379,12.59669904897427,31.810079673159503,-0.9175836260593934,0.9964830363084052,40.080111,1606.415297772321,0.9958005092928006,3.5931942039795284,-2181.533470123032,4359.356241532425,4102.019731564592,89.96816901465641,0.0,62.1
2024-09-07,67.4,85.8,65.8,999.9,6.0,2.5,3.9,-71.51745419185535,40.080111,116.584556,35.35,70.50065929612545,12.552046165482274,31.57504220527838,-0.9242907221930934,0.9964830363084052,40.080111,1606.415297772321,0.9958005092928006,3.5931942039795284,-2181.533470123032,4359.356241532425,4102.019731564592,89.96816901465641,0.0,65.8
2024-09-08,70.6,74.1,65.8,999.9,5.6,2.1,3.9,64.87182428471804,40.080111,116.584556,35.35,73.58461700393143,12.507300340611575,31.338394311361025,-0.9307239310379793,0.9964830363084052,40.080111,1606.415297772321,0.9958005092928006,3.5931942039795284,-2181.533470123032,4359.356241532425,4102.019731564592,89.96816901465641,0.0,67.1
2024-09-09,72.1,77.0,69.3,999.9,3.4,5.0,13.6,-31.209086801365533,40.080111,116.584556,35.35,74.87867152974434,12.462469602731376,31.10020545113029,-0.9368813462954315,0.9964830363084052,40.080111,1606.415297772321,0.9958005092928006,3.5931942039795284,-2181.533470123032,4359.356241532425,4102.019731564592,89.96816901465641,0.0,66.5
2024-09-10,68.6,77.0,62.6,999.9,6.7,4.5,11.7,19.4,40.080111,116.584556,35.35,70.98706201836255,12.41756186910132,30.860546620078953,-0.9427611433904206,0.9964830363084052,40.080111,1606.415297772321,0.9958005092928006,3.5931942039795284,-2181.533470123032,4359.356241532425,4102.019731564592,89.96816901465641,0.0,59.2
2024-09-11,70.0,82.4,60.8,999.9,6.7,4.5,7.8,-67.8435731886896,40.080111,116.584556,35.35,72.17341223883332,12.37258495522857,30.619490321399834,-0.9483615800121716,0.9964830363084052,40.080111,1606.415297772321,0.9958005092928006,3.5931942039795284,-2181.533470123032,4359.356241532425,4102.019731564592,89.96816901465641,0.0,61.0
2024-09-12,71.7,84.7,62.4,999.9,6.7,3.4,7.8,0.5013307380355698,40.080111,116.584556,35.35,73.65709084163686,12.32754658437437,30.37711053498221,-0.9536809966304455,0.9964830363084052,40.080111,1606.415297772321,0.9958005092928006,3.5931942039795284,-2181.533470123032,4359.356241532425,4102.019731564592,89.96816901465641,0.0,57.9
2024-09-13,74.9,84.7,65.1,999.9,6.7,5.0,11.7,30.15666996273106,40.080111,116.584556,35.35,76.66298619581715,12.282454397193668,30.1334826835082,-0.9587178169872964,0.9964830363084052,40.080111,1606.415297772321,0.9958005092928006,3.5931942039795284,-2181.533470123032,4359.356241532425,4102.019731564592,89.96816901465641,0.0,59.0
2024-09-14,68.0,84.0,60.8,999.9,6.7,4.8,11.7,78.80574064955931,40.080111,116.584556,35.35,69.34479044845412,12.237315961491902,29.88868359568965,-0.9634705485641486,0.9964830363084052,40.080111,1606.415297772321,0.9958005092928006,3.5931942039795284,-2181.533470123032,4359.356241532425,4102.019731564592,89.96816901465641,0.0,54.0
2024-09-15,67.8,78.8,60.8,999.9,6.5,2.5,3.9,13.6,40.080111,116.584556,35.35,68.88558411877194,12.192138782083529,29.6427914666947,-0.9679377830240642,0.9964830363084052,40.080111,1606.415297772321,0.9958005092928006,3.5931942039795284,-2181.533470123032,4359.356241532425,4102.019731564592,89.96816901465641,0.0,54.1
2024-09-16,73.3,82.4,64.2,999.9,6.2,3.1,5.8,121.77697156930846,40.080111,116.584556,35.35,74.19749931475432,12.146930310737405,29.395885815820403,-0.9721181966290612,0.9964830363084052,40.080111,1606.415297772321,0.9958005092928006,3.5931942039795284,-2181.533470123032,4359.356241532425,4102.019731564592,89.96816901465641,0.0,60.9
2024-09-17,76.6,84.2,66.0,999.9,6.6,3.8,7.8,6.076919342941233,40.080111,116.584556,35.35,77.24917195370776,12.101697956194428,29.148047441475345,-0.9760105506323682,0.9964830363084052,40.080111,1606.415297772321,0.9958005092928006,3.5931942039795284,-2181.533470123032,4359.356241532425,4102.019731564592,89.96816901465641,0.0,64.3
2024-09-18,76.2,84.9,69.8,999.9,6.2,2.8,9.7,-70.49018723115856,40.080111,116.584556,35.35,76.55845174844475,12.056449094243268,28.899358373543688,-0.9796136916454901,0.9964830363084052,40.080111,1606.415297772321,0.9958005092928006,3.5931942039795284,-2181.533470123032,4359.356241532425,4102.019731564592,89.96816901465641,0.0,65.8
2024-09-19,79.2,86.9,64.4,999.9,5.5,3.5,9.7,19.4,40.080111,116.584556,35.35,79.27386111374561,12.011191077840243,28.649901823209024,-0.9829265519799822,0.9964830363084052,40.080111,1606.415297772321,0.9958005092928006,3.5931942039795284,-2181.533470123032,4359.356241532425,4102.019731564592,89.96816901465641,0.0,69.0
2024-09-20,59.3,86.9,53.6,999.9,5.8,6.7,13.6,25.3,40.080111,116.584556,35.35,59.13164358020779,11.965931247259588,28.399762130323563,-0.9859481499638303,0.9964830363084052,40.080111,1606.415297772321,0.9958005092928006,3.5931942039795284,-2181.533470123032,4359.356241532425,4102.019731564592,89.96816901465641,0.0,52.2
2024-09-21,62.1,75.2,48.2,999.9,6.7,7.5,17.5,23.3,40.080111,116.584556,35.35,61.689503165848514,11.920676940260583,28.149024708414736,-0.9886775902323404,0.9964830363084052,40.080111,1606.415297772321,0.9958005092928006,3.5931942039795284,-2181.533470123032,4359.356241532425,4102.019731564592,89.96816901465641,0.0,44.9
2024-09-22,60.6,75.2,48.2,999.9,6.5,3.3,9.7,19.4,40.080111,116.584556,35.35,59.97094928640285,11.87543550225799,27.897775987427735,-0.9911140639934546,0.9964830363084052,40.080111,1606.415297772321,0.9958005092928006,3.5931942039795284,-2181.533470123032,4359.356241532425,4102.019731564592,89.96816901465641,0.0,45.7
2024-09-23,62.8,77.0,50.0,999.9,6.3,3.4,7.8,17.5,40.080111,116.584556,35.35,61.911454818257695,11.830214296482364,27.64610335430898,-0.9932568492674143,0.9964830363084052,40.080111,1606.415297772321,0.9958005092928006,3.5931942039795284,-2181.533470123032,4359.356241532425,4102.019731564592,89.96816901465641,0.0,51.7
2024-09-24,67.2,78.8,53.1,999.9,5.4,3.8,9.7,17.5,40.080111,116.584556,35.35,65.99611599905329,11.785020714116659,27.394095091541015,-0.9951053111006974,0.9964830363084052,40.080111,1606.415297772321,0.9958005092928006,3.5931942039795284,-2181.533470123032,4359.356241532425,4102.019731564592,89.96816901465641,0.0,56.9
2024-09-25,66.7,78.8,57.2,999.9,6.0,3.8,9.7,54.60970068736893,40.080111,116.584556,35.35,65.25406730826502,11.739862184395506,27.141840313745256,-0.99665890175417,0.9964830363084052,40.080111,1606.415297772321,0.9958005092928006,3.5931942039795284,-2181.533470123032,4359.356241532425,4102.019731564592,89.96816901465641,0.0,55.8
2024-09-26,67.9,77.0,60.6,999.9,6.4,2.4,5.8,21.283038265685953,40.080111,116.584556,35.35,66.17277216149691,11.694746184653356,26.889428902474393,-0.9979171608653922,0.9964830363084052,40.080111,1606.415297772321,0.9958005092928006,3.5931942039795284,-2181.533470123032,4359.356241532425,4102.019731564592,89.96816901465641,0.0,60.0
2024-09-27,67.8,76.1,64.4,999.9,5.9,2.4,3.9,2.515034721424536,40.080111,116.584556,35.35,65.82069341423667,11.649680250307377,26.636951439320875,-0.9988797155850335,0.9964830363084052,40.080111,1606.415297772321,0.9958005092928006,3.5931942039795284,-2181.533470123032,4359.356241532425,4102.019731564592,89.96816901465641,0.0,59.3
2024-09-28,68.8,76.1,66.2,999.9,5.4,2.5,7.8,-13.657943080947643,40.080111,116.584556,35.35,66.53345271262845,11.604671984760776,26.384499137473163,-0.9995462806873573,0.9964830363084052,40.080111,1606.415297772321,0.9958005092928006,3.5931942039795284,-2181.533470123032,4359.356241532425,4102.019731564592,89.96816901465641,0.0,63.2
2024-09-29,66.9,78.8,55.4,999.9,5.1,7.9,17.5,25.3,40.080111,116.584556,35.35,64.44548956085583,11.559729069211809,26.132163771855062,-0.9999166586547379,0.9964830363084052,40.080111,1606.415297772321,0.9958005092928006,3.5931942039795284,-2181.533470123032,4359.356241532425,4102.019731564592,89.96816901465641,0.0,59.4
2024-09-30,58.8,77.7,53.6,999.9,6.5,6.2,11.7,19.4,40.080111,116.584556,35.35,56.422810434530994,11.514859272353265,25.880037607988083,-0.9999907397361901,0.9964830363084052,40.080111,1606.415297772321,0.9958005092928006,3.5931942039795284,-2181.533470123032,4359.356241532425,4102.019731564592,89.96816901465641,0.0,44.9
2024-10-01,55.4,64.4,41.0,999.9,6.7,10.8,23.3,33.0,40.080111,116.584556,35.35,52.95349195675482,11.470070459946891,25.628213329720136,-0.9997685019798909,0.9964830363084052,40.080111,1606.415297772321,0.9958005092928006,3.5931942039795284,-2181.533470123032,4359.356241532425,4102.019731564592,89.96816901465641,0.0,30.9
2024-10-02,55.0,69.8,41.0,999.9,6.7,4.9,9.7,19.4,40.080111,116.584556,35.35,52.366281936175405,11.425370604256452,25.37678396596675,-0.9992500112396835,0.9964830363084052,40.080111,1606.415297772321,0.9958005092928006,3.5931942039795284,-2181.533470123032,4359.356241532425,4102.019731564592,89.96816901465641,0.0,36.8
2024-10-03,57.4,73.4,42.3,999.9,6.7,4.2,9.7,17.204689724494216,40.080111,116.584556,35.35,54.438005944727195,11.38076779332276,25.12584281661475,-0.9984354211555643,0.9964830363084052,40.080111,1606.415297772321,0.9958005092928006,3.5931942039795284,-2181.533470123032,4359.356241532425,4102.019731564592,89.96816901465641,0.0,42.9
2024-10-04,57.0,72.9,45.5,999.9,5.5,2.8,7.8,-8.758185418412342,40.080111,116.584556,35.35,53.84728364030025,11.33627024006321,24.87548337773983,-0.9973249731081555,0.9964830363084052,40.080111,1606.415297772321,0.9958005092928006,3.5931942039795284,-2181.533470123032,4359.356241532425,4102.019731564592,89.96816901465641,0.0,47.4
2024-10-05,61.4,73.6,47.7,999.9,4.5,2.2,3.9,49.378817307193216,40.080111,116.584556,35.35,57.77681818985934,11.291886291177722,24.6257992662923,-0.9959189961471792,0.9964830363084052,40.080111,1606.415297772321,0.9958005092928006,3.5931942039795284,-2181.533470123032,4359.356241532425,4102.019731564592,89.96816901465641,0.0,51.9
2024-10-06,59.1,73.6,48.2,999.9,4.9,3.8,9.7,23.152433390023898,40.080111,116.584556,35.35,55.394550346523324,11.2476244358423,24.37688414440663,-0.994217906893952,0.9964830363084052,40.080111,1606.415297772321,0.9958005092928006,3.5931942039795284,-2181.533470123032,4359.356241532425,4102.019731564592,89.96816901465641,0.0,53.8
2024-10-07,56.8,72.0,46.0,999.9,6.3,3.6,7.8,79.75898075566828,40.080111,116.584556,35.35,53.02986835374068,11.203493314170567,24.128831643491743,-0.9922222094179324,0.9964830363084052,40.080111,1606.415297772321,0.9958005092928006,3.5931942039795284,-2181.533470123032,4359.356241532425,4102.019731564592,89.96816901465641,0.0,43.9
2024-10-08,60.0,75.2,45.7,999.9,6.5,3.3,7.8,20.78458103316391,40.080111,116.584556,35.35,55.79750862711457,11.159501725422913,23.88173528826017,-0.989932495087353,0.9964830363084052,40.080111,1606.415297772321,0.9958005092928006,3.5931942039795284,-2181.533470123032,4359.356241532425,4102.019731564592,89.96816901465641,0.0,45.1
2024-10-09,60.9,74.3,53.6,999.9,4.5,6.9,19.4,-11.70330792918259,40.080111,116.584556,35.35,56.411967577405704,11.115658635942012,23.63568842085425,-0.9873494423939864,0.9964830363084052,40.080111,1606.415297772321,0.9958005092928006,3.5931942039795284,-2181.533470123032,4359.356241532425,4102.019731564592,89.96816901465641,0.0,43.6
2024-10-10,56.4,71.8,41.0,999.9,6.3,4.8,13.6,79.88901745668417,40.080111,116.584556,35.35,52.03827397792522,11.0719731867926,23.390784125227988,-0.9844738167520923,0.9964830363084052,40.080111,1606.415297772321,0.9958005092928006,3.5931942039795284,-2181.533470123032,4359.356241532425,4102.019731564592,89.96816901465641,0.0,32.1
2024-10-11,57.4,73.9,42.8,999.9,6.2,2.8,5.8,20.44793638653575,40.080111,116.584556,35.35,52.752774986845225,11.028454701082625,23.14711515194302,-0.9813064702716093,0.9964830363084052,40.080111,1606.415297772321,0.9958005092928006,3.5931942039795284,-2181.533470123032,4359.356241532425,4102.019731564592,89.96816901465641,0.0,45.7
2024-10-12,63.3,75.7,48.9,999.9,4.0,3.1,5.8,-33.34902982439958,40.080111,116.584556,35.35,57.94646944471822,10.985112690941843,22.90477384353561,-0.9778483415056567,0.9964830363084052,40.080111,1606.415297772321,0.9958005092928006,3.5931942039795284,-2181.533470123032,4359.356241532425,4102.019731564592,89.96816901465641,0.0,54.0
2024-10-13,62.0,75.7,56.1,999.9,1.8,2.1,7.8,17.5,40.080111,116.584556,35.35,56.53344379802169,10.941956864133232,22.6638520606117,-0.9741004551724206,0.9964830363084052,40.080111,1606.415297772321,0.9958005092928006,3.5931942039795284,-2181.533470123032,4359.356241532425,4102.019731564592,89.96816901465641,0.0,58.0
2024-10-14,62.5,71.6,53.6,999.9,2.2,4.3,9.7,34.83580514189253,40.080111,116.584556,35.35,56.765610053497625,10.898997130271544,22.424441108824315,-0.970063921851507,0.9964830363084052,40.080111,1606.415297772321,0.9958005092928006,3.5931942039795284,-2181.533470123032,4359.356241532425,4102.019731564592,89.96816901465641,0.0,56.3
2024-10-15,60.0,71.4,50.0,999.9,6.3,5.2,9.7,-3.6849592339817328,40.080111,116.584556,35.35,54.281218033112914,10.856243606622582,22.18663166688641,-0.965739937654855,0.9964830363084052,40.080111,1606.415297772321,0.9958005092928006,3.5931942039795284,-2181.533470123032,4359.356241532425,4102.019731564592,89.96816901465641,0.0,42.4
2024-10-16,59.7,71.4,53.8,999.9,6.3,3.0,7.8,71.26872875332762,40.080111,116.584556,35.35,53.79819045169309,10.813706623455897,21.950513715769745,-0.9611297838723007,0.9964830363084052,40.080111,1606.415297772321,0.9958005092928006,3.5931942039795284,-2181.533470123032,4359.356241532425,4102.019731564592,89.96816901465641,0.0,50.3
2024-10-17,61.0,64.6,55.9,999.9,5.1,3.5,7.8,7.5779062852353345,40.080111,116.584556,35.35,54.75460003869069,10.771396728922758,21.716176469237297,-0.9562348265919058,0.9964830363084052,40.080111,1606.415297772321,0.9958005092928006,3.5931942039795284,-2181.533470123032,4359.356241532425,4102.019731564592,89.96816901465641,0.0,55.1
2024-10-18,56.9,66.2,41.0,999.9,5.9,8.7,13.6,23.3,40.080111,116.584556,35.35,50.87488125468334,10.72932469343058,21.483708305854194,-0.9510565162951536,0.9964830363084052,40.080111,1606.415297772321,0.9958005092928006,3.5931942039795284,-2181.533470123032,4359.356241532425,4102.019731564592,89.96816901465641,0.0,33.8
2024-10-19,41.9,66.0,30.2,999.9,6.7,4.3,11.7,52.999901351366134,40.080111,116.584556,35.35,37.317192784582204,10.687501513484163,21.253196702617732,-0.9455963874271428,0.9964830363084052,40.080111,1606.415297772321,0.9958005092928006,3.5931942039795284,-2181.533470123032,4359.356241532425,4102.019731564592,89.96816901465641,0.0,18.6
2024-10-20,43.7,55.8,30.7,999.9,6.2,4.8,11.7,-54.751447726074616,40.080111,116.584556,35.35,38.76895906115902,10.645938414963576,21.02472817034396,-0.9398560579418953,0.9964830363084052,40.080111,1606.415297772321,0.9958005092928006,3.5931942039795284,-2181.533470123032,4359.356241532425,4102.019731564592,89.96816901465641,0.0,27.0
2024-10-21,50.0,57.2,34.0,999.9,6.1,4.8,15.5,8.177808714025975,40.080111,116.584556,35.35,44.186028565866195,10.604646855807886,20.798388190943417,-0.9338372288229252,0.9964830363084052,40.080111,1606.415297772321,0.9958005092928006,3.5931942039795284,-2181.533470123032,4359.356241532425,4102.019731564592,89.96816901465641,0.0,37.8
2024-10-22,46.8,63.1,33.8,999.9,6.5,4.7,13.6,140.62912768003775,40.080111,116.584556,35.35,41.198190259486594,10.563638528073486,20.574261156713792,-0.9275416835791965,0.9964830363084052,40.080111,1606.415297772321,0.9958005092928006,3.5931942039795284,-2181.533470123032,4359.356241532425,4102.019731564592,89.96816901465641,0.0,36.4
2024-10-23,49.7,66.2,36.1,999.9,6.2,3.7,9.7,15.5,40.080111,116.584556,35.35,43.58244919658088,10.522925359335423,20.352430311772775,-0.9209712877166347,0.9964830363084052,40.080111,1606.415297772321,0.9958005092928006,3.5931942039795284,-2181.533470123032,4359.356241532425,4102.019731564592,89.96816901465641,0.0,39.8
2024-10-24,53.3,70.7,40.1,999.9,4.5,2.4,3.9,59.33922429839741,40.080111,116.584556,35.35,46.55985750535117,10.482519513399888,20.132977695747982,-0.9141279881853337,0.9964830363084052,40.080111,1606.415297772321,0.9958005092928006,3.5931942039795284,-2181.533470123032,4359.356241532425,4102.019731564592,89.96816901465641,0.0,43.4
2024-10-25,55.8,70.7,44.1,999.9,1.9,2.2,5.8,-43.239381352380825,40.080111,116.584556,35.35,48.55731526487609,10.442433390295934,19.915984089835643,-0.9070138128026362,0.9964830363084052,40.080111,1606.415297772321,0.9958005092928006,3.5931942039795284,-2181.533470123032,4359.356241532425,4102.019731564592,89.96816901465641,0.0,50.4
2024-10-26,54.2,67.5,46.4,999.9,2.5,3.2,7.8,-18.312402790900734,40.080111,116.584556,35.35,46.985436308573945,10.402679625514526,19.701528965333175,-0.8996308696522434,0.9964830363084052,40.080111,1606.415297772321,0.9958005092928006,3.5931942039795284,-2181.533470123032,4359.356241532425,4102.019731564592,89.96816901465641,0.0,48.4
2024-10-27,50.1,68.0,35.6,999.9,6.7,4.2,9.7,-7.970270469965772,40.080111,116.584556,35.35,43.26665679433428,10.3632710884633,19.489690434744045,-0.8919813464595487,0.9964830363084052,40.080111,1606.415297772321,0.9958005092928006,3.5931942039795284,-2181.533470123032,4359.356241532425,4102.019731564592,89.96816901465641,0.0,35.0
2024-10-28,51.7,68.0,36.9,999.9,5.6,3.3,7.8,36.34250927578555,40.080111,116.584556,35.35,44.48018495845545,10.324220880105713,19.280545205546616,-0.8840675099433637,0.9964830363084052,40.080111,1606.415297772321,0.9958005092928006,3.5931942039795284,-2181.533470123032,4359.356241532425,4102.019731564592,89.96816901465641,0.0,38.9
2024-10-29,52.4,69.8,41.0,999.9,4.0,3.2,5.8,51.74094438541498,40.080111,116.584556,35.35,44.9135348399258,10.285542329754001,19.07416853671098,-0.8758917051442433,0.9964830363084052,40.080111,1606.415297772321,0.9958005092928006,3.5931942039795284,-2181.533470123032,4359.356241532425,4102.019731564592,89.96816901465641,0.0,44.1
2024-10-30,58.2,67.8,42.6,999.9,5.5,3.1,7.8,52.27249516344174,40.080111,116.584556,35.35,49.69915760628236,10.247248990986053,18.870634198040296,-0.8674563547295971,0.9964830363084052,40.080111,1606.415297772321,0.9958005092928006,3.5931942039795284,-2181.533470123032,4359.356241532425,4102.019731564592,89.96816901465641,0.0,49.6
2024-10-31,55.4,64.8,44.6,999.9,3.1,2.5,5.8,13.662091855786358,40.080111,116.584556,35.35,47.13318723923542,10.209354636657492,18.670014432405274,-0.858763958275803,0.9964830363084052,40.080111,1606.415297772321,0.9958005092928006,3.5931942039795284,-2181.533470123032,4359.356241532425,4102.019731564592,89.96816901465641,0.0,50.5
2024-11-01,55.5,71.6,42.8,999.9,2.4,3.7,9.7,66.80089594401647,40.080111,116.584556,35.35,47.04491379503904,10.171873252981413,18.472379920931466,-0.8498170915275277,0.9964830363084052,40.080111,1606.415297772321,0.9958005092928006,3.5931942039795284,-2181.533470123032,4359.356241532425,4102.019731564592,89.96816901465641,0.0,48.4
2024-11-02,53.4,68.0,45.9,999.9,1.1,3.2,7.8,6.141538518588405,40.080111,116.584556,35.35,45.09994469529223,10.13481903264994,18.2777997511913,-0.8406184056344783,0.9964830363084052,40.080111,1606.415297772321,0.9958005092928006,3.5931942039795284,-2181.533470123032,4359.356241532425,4102.019731564592,89.96816901465641,0.0,51.2
2024-11-03,56.2,71.6,42.8,999.9,5.2,13.6,23.3,33.0,40.080111,116.584556,35.35,47.29326648532557,10.09820636697343,18.086341388442907,-0.8311706263658079,0.9964830363084052,40.080111,1606.415297772321,0.9958005092928006,3.5931942039795284,-2181.533470123032,4359.356241532425,4102.019731564592,89.96816901465641,0.0,21.9
2024-11-04,41.5,69.6,28.4,999.9,6.7,4.5,13.6,-43.447880893112924,40.080111,116.584556,35.35,34.79792235301177,10.062049837015453,17.898070649949045,-0.8214765533024145,0.9964830363084052,40.080111,1606.415297772321,0.9958005092928006,3.5931942039795284,-2181.533470123032,4359.356241532425,4102.019731564592,89.96816901465641,0.0,20.1
2024-11-05,45.3,62.6,28.4,999.9,6.1,3.7,11.7,21.4,40.080111,116.584556,35.35,37.84952486898244,10.02636420370396,17.71305168239998,-0.8115390590073611,0.9964830363084052,40.080111,1606.415297772321,0.9958005092928006,3.5931942039795284,-2181.533470123032,4359.356241532425,4102.019731564592,89.96816901465641,0.0,24.3
2024-11-06,44.4,62.1,32.0,999.9,6.2,2.5,7.8,23.444397487386027,40.080111,116.584556,35.35,36.96730826853673,9.99116439690182,17.53134694245396,-0.801361088174677,0.9964830363084052,40.080111,1606.415297772321,0.9958005092928006,3.5931942039795284,-2181.533470123032,4359.356241532425,4102.019731564592,89.96816901465641,0.0,30.5
2024-11-07,46.2,61.2,35.4,999.9,4.7,2.8,5.8,105.91761711428785,40.080111,116.584556,35.35,38.332392188178645,9.956465503423024,17.35301718039937,-0.7909456567567774,0.9964830363084052,40.080111,1606.415297772321,0.9958005092928006,3.5931942039795284,-2181.533470123032,4359.356241532425,4102.019731564592,89.96816901465641,0.0,36.2
2024-11-08,46.6,61.0,37.4,999.9,3.1,2.0,7.8,60.41783332193045,40.080111,116.584556,35.35,38.53153136130494,9.922282753984105,17.178121426932226,-0.780295851070776,0.9964830363084052,40.080111,1606.415297772321,0.9958005092928006,3.5931942039795284,-2181.533470123032,4359.356241532425,4102.019731564592,89.96816901465641,0.0,40.3
2024-11-09,52.4,61.7,39.2,999.9,2.7,2.1,5.8,23.39233950709276,40.080111,116.584556,35.35,43.18035758966715,9.888631509084082,17.00671698303231,-0.7694148268839381,0.9964830363084052,40.080111,1606.415297772321,0.9958005092928006,3.5931942039795284,-2181.533470123032,4359.356241532425,4102.019731564592,89.96816901465641,0.0,45.5
2024-11-10,52.6,68.0,39.2,999.9,4.5,3.4,7.8,35.912527112014224,40.080111,116.584556,35.35,43.200061085368446,9.855527243810291,16.838859412910782,-0.7583058084785625,0.9964830363084052,40.080111,1606.415297772321,0.9958005092928006,3.5931942039795284,-2181.533470123032,4359.356241532425,4102.019731564592,89.96816901465641,0.0,42.6
2024-11-11,49.5,66.7,37.4,999.9,5.0,3.2,5.8,95.583953057186,40.080111,116.584556,35.35,40.51981531773328,9.822985531571705,16.674602539991373,-0.7469720876965551,0.9964830363084052,40.080111,1606.415297772321,0.9958005092928006,3.5931942039795284,-2181.533470123032,4359.356241532425,4102.019731564592,89.96816901465641,0.0,43.6
2024-11-12,54.5,64.4,39.7,999.9,4.9,3.1,7.8,4.286025368412368,40.080111,116.584556,35.35,44.46755837156272,9.791022026766102,16.51399844587669,-0.7354170229639858,0.9964830363084052,40.080111,1606.415297772321,0.9958005092928006,3.5931942039795284,-2181.533470123032,4359.356241532425,4102.019731564592,89.96816901465641,0.0,44.1
2024-11-13,50.4,51.8,50.0,999.9,2.7,3.8,5.8,-12.66517523173998,40.080111,116.584556,35.35,40.99054027484777,9.759652446392325,16.357097472240028,-0.7236440382959124,0.9964830363084052,40.080111,1606.415297772321,0.9958005092928006,3.5931942039795284,-2181.533470123032,4359.356241532425,4102.019731564592,89.96816901465641,0.0,49.5
2024-11-14,51.0,66.2,41.0,999.9,4.9,2.6,5.8,124.65201004412023,40.080111,116.584556,35.35,41.34779334015278,9.728892550624185,16.20394822557269,-0.711656622281775,0.9964830363084052,40.080111,1606.415297772321,0.9958005092928006,3.5931942039795284,-2181.533470123032,4359.356241532425,4102.019731564592,89.96816901465641,0.0,46.5
2024-11-15,51.3,55.4,48.2,999.9,2.6,3.3,11.7,80.2653490851115,40.080111,116.584556,35.35,41.46219097312351,9.698758122368075,16.054597584706006,-0.6994583270516471,0.9964830363084052,40.080111,1606.415297772321,0.9958005092928006,3.5931942039795284,-2181.533470123032,4359.356241532425,4102.019731564592,89.96816901465641,0.0,47.6
2024-11-16,46.1,59.0,33.8,999.9,6.2,8.0,21.4,27.2,40.080111,116.584556,35.35,37.14609283357157,9.66926494583208,15.90909071101608,-0.6870527672236675,0.9964830363084052,40.080111,1606.415297772321,0.9958005092928006,3.5931942039795284,-2181.533470123032,4359.356241532425,4102.019731564592,89.96816901465641,0.0,15.2
2024-11-17,39.1,53.6,24.8,999.9,6.2,5.5,13.6,21.4,40.080111,116.584556,35.35,31.411730454991158,9.640428784140509,15.767471061209527,-0.6744436188329457,0.9964830363084052,40.080111,1606.415297772321,0.9958005092928006,3.5931942039795284,-2181.533470123032,4359.356241532425,4102.019731564592,89.96816901465641,0.0,10.9
2024-11-22,46.6,55.4,32.0,999.9,6.2,4.2,7.8,-11.635653032897697,40.080111,116.584556,35.35,36.917492483947385,9.506650425050829,15.119084942477684,-0.6084768701151264,0.9964830363084052,40.080111,1606.415297772321,0.9958005092928006,3.5931942039795284,-2181.533470123032,4359.356241532425,4102.019731564592,89.96816901465641,0.0,27.9
2024-11-23,42.3,57.6,33.8,999.9,6.2,3.2,7.8,9.085938383052472,40.080111,116.584556,35.35,33.42434312774494,9.482083156807077,15.00160797140984,-0.594726686960764,0.9964830363084052,40.080111,1606.415297772321,0.9958005092928006,3.5931942039795284,-2181.533470123032,4359.356241532425,4102.019731564592,89.96816901465641,0.0,32.4
2024-11-24,45.8,51.6,40.6,999.9,4.7,3.0,11.7,6.288511961343655,40.080111,116.584556,35.35,36.099104272944786,9.458280595531384,14.888276249843692,-0.5808002734538013,0.9964830363084052,40.080111,1606.415297772321,0.9958005092928006,3.5931942039795284,-2181.533470123032,4359.356241532425,4102.019731564592,89.96816901465641,0.0,37.9
2024-11-25,36.2,49.1,23.0,999.9,6.6,13.4,19.4,27.2,40.080111,116.584556,35.35,28.463026584787265,9.435257431421192,14.779120325462257,-0.5667017562911184,0.9964830363084052,40.080111,1606.415297772321,0.9958005092928006,3.5931942039795284,-2181.533470123032,4359.356241532425,4102.019731564592,89.96816901465641,0.0,10.2
2024-11-26,29.9,45.3,23.0,999.9,6.7,15.1,23.3,33.0,40.080111,116.584556,35.35,23.454128343909996,9.4130280978903,14.674169250745628,-0.5524353131676203,0.9964830363084052,40.080111,1606.415297772321,0.9958005092928006,3.5931942039795284,-2181.533470123032,4359.356241532425,4102.019731564592,89.96816901465641,0.0,-0.1
2024-11-27,33.4,41.2,23.5,999.9,6.7,13.0,21.4,31.1,40.080111,116.584556,35.35,26.13997210107032,9.391606742899517,14.573450613831382,-0.5380051715382992,0.9964830363084052,40.080111,1606.415297772321,0.9958005092928006,3.5931942039795284,-2181.533470123032,4359.356241532425,4102.019731564592,89.96816901465641,0.0,2.7
2024-11-28,35.1,46.4,25.5,999.9,6.7,8.7,21.4,29.1,40.080111,116.584556,35.35,27.41019606036101,9.371007200123422,14.476990570230228,-0.5234156073655503,0.9964830363084052,40.080111,1606.415297772321,0.9958005092928006,3.5931942039795284,-2181.533470123032,4359.356241532425,4102.019731564592,89.96816901465641,0.0,11.4
2024-11-29,44.6,59.2,28.4,999.9,6.3,7.0,19.4,27.2,40.080111,116.584556,35.35,34.755453001557456,9.351242960060302,14.384813875199127,-0.5086709438521042,0.9964830363084052,40.080111,1606.415297772321,0.9958005092928006,3.5931942039795284,-2181.533470123032,4359.356241532425,4102.019731564592,89.96816901465641,0.0,23.4
2024-11-30,43.0,62.6,28.4,999.9,6.2,2.9,7.8,-44.01950931787778,40.080111,116.584556,35.35,33.44083892262198,9.332327141196831,14.296943916571095,-0.49377555015997737,0.9964830363084052,40.080111,1606.415297772321,0.9958005092928006,3.5931942039795284,-2181.533470123032,4359.356241532425,4102.019731564592,89.96816901465641,0.0,28.1
2024-12-02,32.2,59.0,17.6,999.9,6.7,7.6,17.5,23.3,40.080111,116.584556,35.35,24.947194744833354,9.297091209254665,14.134211121281554,-0.4635502709028512,0.9964830363084052,40.080111,1606.415297772321,0.9958005092928006,3.5931942039795284,-2181.533470123032,4359.356241532425,4102.019731564592,89.96816901465641,0.0,-2.5
2024-12-03,32.8,49.5,21.2,999.9,6.2,4.1,11.7,25.3,40.080111,116.584556,35.35,25.36750692556129,9.280795216668766,14.059388520946385,-0.4482293417404106,0.9964830363084052,40.080111,1606.415297772321,0.9958005092928006,3.5931942039795284,-2181.533470123032,4359.356241532425,4102.019731564592,89.96816901465641,0.0,8.6
2024-12-04,36.3,49.5,23.0,999.9,6.2,5.1,13.6,25.3,40.080111,116.584556,35.35,28.027822388374606,9.26539583086764,13.988953195251337,-0.4327755925504317,0.9964830363084052,40.080111,1606.415297772321,0.9958005092928006,3.5931942039795284,-2181.533470123032,4359.356241532425,4102.019731564592,89.96816901465641,0.0,11.2
2024-12-05,35.3,48.4,21.2,999.9,6.6,7.4,15.5,25.3,40.080111,116.584556,35.35,27.213075603581064,9.250903887902913,13.922922189034896,-0.41719360261231697,0.9964830363084052,40.080111,1606.415297772321,0.9958005092928006,3.5931942039795284,-2181.533470123032,4359.356241532425,4102.019731564592,89.96816901465641,0.0,11.4
2024-12-06,33.6,48.4,24.8,999.9,6.1,7.9,17.5,122.59176186178634,40.080111,116.584556,35.35,25.86452312247751,9.23732968659911,13.86131137483493,-0.4014879892059737,0.9964830363084052,40.080111,1606.415297772321,0.9958005092928006,3.5931942039795284,-2181.533470123032,4359.356241532425,4102.019731564592,89.96816901465641,0.0,7.8
2024-12-07,32.6,45.1,21.0,999.9,6.7,11.8,19.4,14.417966176206727,40.080111,116.584556,35.35,25.060388717404102,9.224682963461632,13.80413548320657,-0.38566340624360745,0.9964830363084052,40.080111,1606.415297772321,0.9958005092928006,3.5931942039795284,-2181.533470123032,4359.356241532425,4102.019731564592,89.96816901465641,0.0,-0.9
2024-12-08,26.5,43.5,14.0,999.9,6.5,3.2,9.7,80.85098774170851,40.080111,116.584556,35.35,20.345315084848366,9.21297286861058,13.751408131886995,-0.3697245428906732,0.9964830363084052,40.080111,1606.415297772321,0.9958005092928006,3.5931942039795284,-2181.533470123032,4359.356241532425,4102.019731564592,89.96816901465641,0.0,3.1
2024-12-09,30.9,46.4,18.1,999.9,6.1,4.3,7.8,17.5,40.080111,116.584556,35.35,23.69568545286325,9.202207942859514,13.703141853622688,-0.3536761221763721,0.9964830363084052,40.080111,1606.415297772321,0.9958005092928006,3.5931942039795284,-2181.533470123032,4359.356241532425,4102.019731564592,89.96816901465641,0.0,9.1
2024-12-10,34.9,44.6,21.4,999.9,6.4,4.2,9.7,-33.41166246464918,40.080111,116.584556,35.35,26.73455197935905,9.192396096054688,13.659348122481685,-0.33752289959411347,0.9964830363084052,40.080111,1606.415297772321,0.9958005092928006,3.5931942039795284,-2181.533470123032,4359.356241532425,4102.019731564592,89.96816901465641,0.0,15.0
2024-12-11,31.4,43.5,19.4,999.9,6.2,3.2,7.8,20.603612784048856,40.080111,116.584556,35.35,24.030275002089596,9.183544586785834,13.620037378482502,-0.32126966169236515,0.9964830363084052,40.080111,1606.415297772321,0.9958005092928006,3.5931942039795284,-2181.533470123032,4359.356241532425,4102.019731564592,89.96816901465641,0.0,14.2
2024-12-12,32.4,42.4,23.5,999.9,6.1,5.7,19.4,-84.01663273117188,40.080111,116.584556,35.35,24.77428200965026,9.17566000357417,13.585219050380543,-0.3049212246562894,0.9964830363084052,40.080111,1606.415297772321,0.9958005092928006,3.5931942039795284,-2181.533470123032,4359.356241532425,4102.019731564592,89.96816901465641,0.0,15.6
2024-12-13,32.4,39.2,20.1,999.9,6.5,12.0,23.3,29.1,40.080111,116.584556,35.35,24.755620268619925,9.168748247637009,13.55490157646403,-0.2884824328806098,0.9964830363084052,40.080111,1606.415297772321,0.9958005092928006,3.5931942039795284,-2181.533470123032,4359.356241532425,4102.019731564592,89.96816901465641,0.0,2.9
2024-12-14,36.1,42.1,20.1,999.9,6.4,9.6,17.5,29.1,40.080111,116.584556,35.35,27.564800339607856,9.162814517321172,13.529092423222686,-0.27195815753410524,0.9964830363084052,40.080111,1606.415297772321,0.9958005092928006,3.5931942039795284,-2181.533470123032,4359.356241532425,4102.019731564592,89.96816901465641,0.0,-0.5
2024-12-15,35.7,46.9,23.0,999.9,6.6,6.1,13.6,17.5,40.080111,116.584556,35.35,27.244643300511076,9.157863294289436,13.507798101765427,-0.2553532951161881,0.9964830363084052,40.080111,1606.415297772321,0.9958005092928006,3.5931942039795284,-2181.533470123032,4359.356241532425,4102.019731564592,89.96816901465641,0.0,4.8
2024-12-16,37.1,48.4,24.8,999.9,6.5,7.3,11.7,15.5,40.080111,116.584556,35.35,28.300802341663974,9.153898331535517,13.491024181876504,-0.23867276600594997,0.9964830363084052,40.080111,1606.415297772321,0.9958005092928006,3.5931942039795284,-2181.533470123032,4359.356241532425,4102.019731564592,89.96816901465641,0.0,8.0
2024-12-17,30.0,48.4,15.8,999.9,6.7,5.2,11.7,59.22486394886981,40.080111,116.584556,35.35,22.877306608234022,9.150922643293608,13.478775303613823,-0.22192151300416674,0.9964830363084052,40.080111,1606.415297772321,0.9958005092928006,3.5931942039795284,-2181.533470123032,4359.356241532425,4102.019731564592,89.96816901465641,0.0,4.3
2024-12-18,24.8,41.9,14.0,999.9,6.7,3.3,9.7,15.5,40.080111,116.584556,35.35,18.90780622692362,9.148938496898525,13.471055186368098,-0.20510449986861926,0.9964830363084052,40.080111,1606.415297772321,0.9958005092928006,3.5931942039795284,-2181.533470123032,4359.356241532425,4102.019731564592,89.96816901465641,0.0,4.9
2024-12-19,26.0,40.1,15.8,999.9,6.3,2.9,5.8,22.96271224780998,40.080111,116.584556,35.35,19.820552714390814,9.147947406641913,13.46786663531688,-0.1882267098432439,0.9964830363084052,40.080111,1606.415297772321,0.9958005092928006,3.5931942039795284,-2181.533470123032,4359.356241532425,4102.019731564592,89.96816901465641,0.0,10.2
2024-12-20,28.9,38.1,17.6,999.9,6.2,14.1,21.4,29.1,40.080111,116.584556,35.35,22.031313228928635,9.14795012965895,13.469211545223475,-0.1712931441814778,0.9964830363084052,40.080111,1606.415297772321,0.9958005092928006,3.5931942039795284,-2181.533470123032,4359.356241532425,4102.019731564592,89.96816901465641,0.0,1.6
2024-12-21,29.7,38.1,21.2,999.9,6.7,10.6,17.5,25.3,40.080111,116.584556,35.35,22.643642993075115,9.148946663868733,13.475090901546984,-0.154308820664281,0.9964830363084052,40.080111,1606.415297772321,0.9958005092928006,3.5931942039795284,-2181.533470123032,4359.356241532425,4102.019731564592,89.96816901465641,0.0,-0.0
2024-12-22,28.2,42.8,15.8,999.9,6.6,4.0,7.8,15.5,40.080111,116.584556,35.35,21.50470018275287,9.150936247979946,13.485504778846373,-0.13727877211326517,0.9964830363084052,40.080111,1606.415297772321,0.9958005092928006,3.5931942039795284,-2181.533470123032,4359.356241532425,4102.019731564592,89.96816901465641,0.0,4.7
2024-12-23,27.9,46.4,12.2,999.9,6.3,2.9,9.7,34.22639193431669,40.080111,116.584556,35.35,21.282857870281095,9.153917363561762,13.500452336478007,-0.12020804489935275,0.9964830363084052,40.080111,1606.415297772321,0.9958005092928006,3.5931942039795284,-2181.533470123032,4359.356241532425,4102.019731564592,89.96816901465641,0.0,5.5
2024-12-24,24.9,45.0,14.0,999.9,6.1,2.2,5.8,-79.84549948302003,40.080111,116.584556,35.35,19.002617058774305,9.15788773916834,13.51993181160284,-0.10310169744743544,0.9964830363084052,40.080111,1606.415297772321,0.9958005092928006,3.5931942039795284,-2181.533470123032,4359.356241532425,4102.019731564592,89.96816901465641,0.0,12.4
2024-12-25,30.8,44.2,17.6,999.9,6.0,12.9,29.1,40.8,40.080111,116.584556,35.35,23.517967181667053,9.162844356493657,13.543940509536132,-0.0859647987374467,0.9964830363084052,40.080111,1606.415297772321,0.9958005092928006,3.5931942039795284,-2181.533470123032,4359.356241532425,4102.019731564592,89.96816901465641,0.0,1.8
2024-12-26,27.2,44.2,17.6,999.9,6.7,8.8,15.5,25.3,40.080111,116.584556,35.35,20.782575839316994,9.168783458522203,13.572474791488789,-0.06880242680232064,0.9964830363084052,40.080111,1606.415297772321,0.9958005092928006,3.5931942039795284,-2181.533470123032,4359.356241532425,4102.019731564592,89.96816901465641,0.0,-1.0
2024-12-27,27.5,36.7,14.0,999.9,6.7,8.8,19.4,25.3,40.080111,116.584556,35.35,21.027647115818624,9.175700559629945,13.605530059765634,-0.05161966722325418,0.9964830363084052,40.080111,1606.415297772321,0.9958005092928006,3.5931942039795284,-2181.533470123032,4359.356241532425,4102.019731564592,89.96816901465641,0.0,-1.4
2024-12-28,28.4,43.5,14.0,999.9,6.4,5.8,13.6,25.3,40.080111,116.584556,35.35,21.734497416271704,9.183590457579594,13.643100740501477,-0.034421611622745804,0.9964830363084052,40.080111,1606.415297772321,0.9958005092928006,3.5931942039795284,-2181.533470123032,4359.356241532425,4102.019731564592,89.96816901465641,0.0,-0.2
2024-12-29,28.1,43.5,17.6,999.9,6.3,3.8,21.4,-15.763057817538087,40.080111,116.584556,35.35,21.525647304197093,9.192447247343955,13.685180264030954,-0.01721335615583528,0.9964830363084052,40.080111,1606.415297772321,0.9958005092928006,3.5931942039795284,-2181.533470123032,4359.356241532425,4102.019731564592,89.96816901465641,0.0,8.1
2024-12-30,34.5,46.4,15.8,999.9,6.2,9.8,23.3,33.0,40.080111,116.584556,35.35,26.456509967960447,9.202264336681894,13.731761043002553,6.432490598706546e-16,0.9964830363084052,40.080111,1606.415297772321,0.9958005092928006,3.5931942039795284,-2181.533470123032,4359.356241532425,4102.019731564592,89.96816901465641,0.0,4.2
2024-12-31,29.0,45.1,15.8,999.9,6.3,3.9,9.7,-64.96536212835554,40.080111,116.584556,35.35,22.26483328650805,9.213034463382641,13.78283444836103,0.017213356155833904,0.9964830363084052,40.080111,1606.415297772321,0.9958005092928006,3.5931942039795284,-2181.533470123032,4359.356241532425,4102.019731564592,89.96816901465641,0.0,7.3
2025-01-01,28.3,44.6,12.2,999.9,6.5,3.1,7.8,12.0,40.080111,116.584556,35.35,21.727406276144063,9.213034463382641,13.78283444836103,0.017213356155834685,0.9964830363084052,40.080111,1606.415297772321,0.9958005092928006,3.5931942039795284,-2181.533470123032,4359.356241532425,4102.019731564592,89.96816901465641,0.0,6.5
2025-01-02,28.6,41.5,10.4,999.9,6.7,6.6,19.4,23.3,40.080111,116.584556,35.35,21.985653485238615,9.224749714086132,13.838390783335127,0.03442161162274574,0.9964830363084052,40.080111,1606.415297772321,0.9958005092928006,3.5931942039795284,-2181.533470123032,4359.356241532425,4102.019731564592,89.96816901465641,0.0,-0.9
2025-01-03,27.3,42.8,15.8,999.9,6.3,3.7,7.8,12.8,40.080111,116.584556,35.35,21.015088513919608,9.237401544580047,13.898419255579952,0.051619667223253764,0.9964830363084052,40.080111,1606.415297772321,0.9958005092928006,3.5931942039795284,-2181.533470123032,4359.356241532425,4102.019731564592,89.96816901465641,0.0,3.6
2025-01-04,30.4,46.4,17.6,999.9,6.2,3.9,9.7,15.5,40.080111,116.584556,35.35,23.43581803038506,9.250980801467787,13.962907947633797,0.06880242680231986,0.9964830363084052,40.080111,1606.415297772321,0.9958005092928006,3.5931942039795284,-2181.533470123032,4359.356241532425,4102.019731564592,89.96816901465641,0.0,6.7
2025-01-05,35.9,46.9,21.7,999.9,6.1,10.7,21.4,27.2,40.080111,116.584556,35.35,27.719220920746437,9.265477745096302,14.031843785859946,0.08596479873744647,0.9964830363084052,40.080111,1606.415297772321,0.9958005092928006,3.5931942039795284,-2181.533470123032,4359.356241532425,4102.019731564592,89.96816901465641,0.0,7.8
2025-01-06,34.8,46.9,26.1,999.9,6.7,9.5,17.5,25.3,40.080111,116.584556,35.35,26.91455801352185,9.280882073628225,14.105212508052281,0.10310169744743485,0.9964830363084052,40.080111,1606.415297772321,0.9958005092928006,3.5931942039795284,-2181.533470123032,4359.356241532425,4102.019731564592,89.96816901465641,0.0,2.4
2025-01-07,34.6,43.7,24.8,999.9,6.7,13.7,23.3,33.0,40.080111,116.584556,35.35,26.80687750046795,9.297182948139174,14.18299862989209,0.1202080448993527,0.9964830363084052,40.080111,1606.415297772321,0.9958005092928006,3.5931942039795284,-2181.533470123032,4359.356241532425,4102.019731564592,89.96816901465641,0.0,2.8
2025-01-08,27.0,43.0,14.0,999.9,6.7,16.6,23.3,33.0,40.080111,116.584556,35.35,20.957330291891765,9.314369018618562,14.26518541044956,0.13727877211326478,0.9964830363084052,40.080111,1606.415297772321,0.9958005092928006,3.5931942039795284,-2181.533470123032,4359.356241532425,4102.019731564592,89.96816901465641,0.0,-5.1
2025-01-09,26.8,35.8,14.0,999.9,6.7,8.9,13.6,25.3,40.080111,116.584556,35.35,20.842423540009673,9.3324284507506,14.351754816929544,0.15430882066428117,0.9964830363084052,40.080111,1606.415297772321,0.9958005092928006,3.5931942039795284,-2181.533470123032,4359.356241532425,4102.019731564592,89.96816901465641,0.0,-4.9
2025-01-10,28.7,41.0,12.2,999.9,6.6,5.3,9.7,-15.073455890809349,40.080111,116.584556,35.35,22.36530958009866,9.351348953351357,14.442687488865367,0.1712931441814776,0.9964830363084052,40.080111,1606.415297772321,0.9958005092928006,3.5931942039795284,-2181.533470123032,4359.356241532425,4102.019731564592,89.96816901465641,0.0,-7.5
2025-01-11,30.1,39.7,18.5,999.9,6.7,5.2,13.6,18.5,40.080111,116.584556,35.35,23.50588716423111,9.371117806337983,14.537962701967793,0.1882267098432442,0.9964830363084052,40.080111,1606.415297772321,0.9958005092928006,3.5931942039795284,-2181.533470123032,4359.356241532425,4102.019731564592,89.96816901465641,0.0,3.3
2025-01-12,29.3,39.2,15.8,999.9,6.7,6.2,15.5,21.4,40.080111,116.584556,35.35,22.93145427923665,9.39172188910716,14.637558331838472,0.2051044998686192,0.9964830363084052,40.080111,1606.415297772321,0.9958005092928006,3.5931942039795284,-2181.533470123032,4359.356241532425,4102.019731564592,89.96816901465641,0.0,3.4
2025-01-13,34.5,47.1,15.8,999.9,6.1,6.8,19.4,27.2,40.080111,116.584556,35.35,27.062799663954536,9.413147709201578,14.741450817758055,0.2219215130041655,0.9964830363084052,40.080111,1606.415297772321,0.9958005092928006,3.5931942039795284,-2181.533470123032,4359.356241532425,4102.019731564592,89.96816901465641,0.0,7.6
2025-01-14,28.2,47.1,15.8,999.9,6.7,15.2,25.3,33.0,40.080111,116.584556,35.35,22.173146363192863,9.435381431145899,14.849615126759371,0.2386727660059501,0.9964830363084052,40.080111,1606.415297772321,0.9958005092928006,3.5931942039795284,-2181.533470123032,4359.356241532425,4102.019731564592,89.96816901465641,0.0,-8.0
2025-01-15,33.2,41.0,15.8,999.9,6.6,8.1,15.5,31.1,40.080111,116.584556,35.35,26.168264638098456,9.45840890533679,14.962024718194366,0.255353295116187,0.9964830363084052,40.080111,1606.415297772321,0.9958005092928006,3.5931942039795284,-2181.533470123032,4359.356241532425,4102.019731564592,89.96816901465641,0.0,-7.9
2025-01-16,29.7,47.3,14.0,999.9,6.6,2.9,15.5,17.3,40.080111,116.584556,35.35,23.468483849766997,9.482215696875555,15.0786515090021,0.2719581575341055,0.9964830363084052,40.080111,1606.415297772321,0.9958005092928006,3.5931942039795284,-2181.533470123032,4359.356241532425,4102.019731564592,89.96816901465641,0.0,3.0
2025-01-17,28.7,47.3,14.0,999.9,6.1,2.9,5.8,30.121124944065922,40.080111,116.584556,35.35,22.737065848215153,9.506787114236301,15.199465839881087,0.288482432880609,0.9964830363084052,40.080111,1606.415297772321,0.9958005092928006,3.5931942039795284,-2181.533470123032,4359.356241532425,4102.019731564592,89.96816901465641,0.0,6.4
2025-01-18,32.8,50.0,15.8,999.9,6.2,4.3,7.8,10.5,40.080111,116.584556,35.35,26.054429182957893,9.532108237667522,15.324436442565856,0.30492122465628907,0.9964830363084052,40.080111,1606.415297772321,0.9958005092928006,3.5931942039795284,-2181.533470123032,4359.356241532425,4102.019731564592,89.96816901465641,0.0,7.6
2025-01-19,31.2,50.0,15.8,999.9,6.2,3.7,9.7,14.6,40.080111,116.584556,35.35,24.851226262798846,9.558163947230327,15.453530408402132,0.3212696616923644,0.9964830363084052,40.080111,1606.415297772321,0.9958005092928006,3.5931942039795284,-2181.533470123032,4359.356241532425,4102.019731564592,89.96816901465641,0.0,6.7
2025-01-20,31.2,48.4,15.8,999.9,6.2,3.5,7.8,23.539081333139073,40.080111,116.584556,35.35,24.92084127099396,9.584938950382293,15.586713158409571,0.3375228995941133,0.9964830363084052,40.080111,1606.415297772321,0.9958005092928006,3.5931942039795284,-2181.533470123032,4359.356241532425,4102.019731564592,89.96816901465641,0.0,11.6
2025-01-21,35.0,50.0,19.4,999.9,6.6,4.1,7.8,14.2,40.080111,116.584556,35.35,28.036218609647378,9.612417809021958,15.7239484150142,0.3536761221763716,0.9964830363084052,40.080111,1606.415297772321,0.9958005092928006,3.5931942039795284,-2181.533470123032,4359.356241532425,4102.019731564592,89.96816901465641,0.0,12.4
2025-01-22,28.7,49.1,15.8,999.9,6.0,2.8,5.8,27.929188037125865,40.080111,116.584556,35.35,23.057065710146965,9.640584965915107,15.865198175625505,0.3697245428906731,0.9964830363084052,40.080111,1606.415297772321,0.9958005092928006,3.5931942039795284,-2181.533470123032,4359.356241532425,4102.019731564592,89.96816901465641,0.0,15.3
2025-01-23,27.4,43.2,17.6,999.9,5.2,2.5,3.9,13.6,40.080111,116.584556,35.35,22.07851989248318,9.66942477043059,16.010422688225255,0.38566340624360707,0.9964830363084052,40.080111,1606.415297772321,0.9958005092928006,3.5931942039795284,-2181.533470123032,4359.356241532425,4102.019731564592,89.96816901465641,0.0,18.6
2025-01-24,29.2,44.6,17.6,999.9,4.6,2.5,5.8,18.758033560259168,40.080111,116.584556,35.35,23.600708991898003,9.698921503519728,16.15958042912655,0.401487989205973,0.9964830363084052,40.080111,1606.415297772321,0.9958005092928006,3.5931942039795284,-2181.533470123032,4359.356241532425,4102.019731564592,89.96816901465641,0.0,18.1
2025-01-25,33.6,43.3,21.2,999.9,3.6,5.1,17.5,-8.605911227947587,40.080111,116.584556,35.35,27.241366325264067,9.729059401880024,16.312628083052655,0.4171936026123168,0.9964830363084052,40.080111,1606.415297772321,0.9958005092928006,3.5931942039795284,-2181.533470123032,4359.356241532425,4102.019731564592,89.96816901465641,0.0,21.3
2025-01-26,27.6,37.8,19.4,999.9,6.1,18.6,25.3,33.0,40.080111,116.584556,35.35,22.447592166875882,9.759822681250384,16.46952052567572,0.4327755925504312,0.9964830363084052,40.080111,1606.415297772321,0.9958005092928006,3.5931942039795284,-2181.533470123032,4359.356241532425,4102.019731564592,89.96816901465641,0.0,-7.0
2025-01-27,21.9,33.8,14.0,999.9,6.7,18.5,27.2,33.0,40.080111,116.584556,35.35,17.868931894794446,9.791195558791477,16.630210808745577,0.4482293417404106,0.9964830363084052,40.080111,1606.415297772321,0.9958005092928006,3.5931942039795284,-2181.533470123032,4359.356241532425,4102.019731564592,89.96816901465641,0.0,-13.3
2025-01-28,19.2,33.8,6.8,999.9,6.7,4.9,17.5,23.7,40.080111,116.584556,35.35,15.717059639218029,9.823162274511269,16.794650147928657,0.4635502709028509,0.9964830363084052,40.080111,1606.415297772321,0.9958005092928006,3.5931942039795284,-2181.533470123032,4359.356241532425,4102.019731564592,89.96816901465641,0.0,-7.5
2025-01-29,23.0,37.4,6.8,999.9,6.3,2.7,5.8,11.1,40.080111,116.584556,35.35,18.890105297428715,9.855707111701937,16.962787913466684,0.47873384011578846,0.9964830363084052,40.080111,1606.415297772321,0.9958005092928006,3.5931942039795284,-2181.533470123032,4359.356241532425,4102.019731564592,89.96816901465641,0.0,0.2
2025-01-30,24.0,34.2,12.2,999.9,6.2,3.0,5.8,10.3,40.080111,116.584556,35.35,19.77762883272064,9.88881441636032,17.134571623754038,0.49377555015997715,0.9964830363084052,40.080111,1606.415297772321,0.9958005092928006,3.5931942039795284,-2181.533470123032,4359.356241532425,4102.019731564592,89.96816901465641,0.0,9.6
2025-01-31,26.8,33.8,17.4,999.9,6.1,4.2,7.8,-25.299350878617755,40.080111,116.584556,35.35,22.160179908106144,9.922468615569915,17.309946941921726,0.5086709438521044,0.9964830363084052,40.080111,1606.415297772321,0.9958005092928006,3.5931942039795284,-2181.533470123032,4359.356241532425,4102.019731564592,89.96816901465641,0.0,14.7
2025-02-01,26.9,32.9,17.6,999.9,5.2,3.7,5.8,11.7,40.080111,116.584556,35.35,22.319499909739214,9.956654234827903,17.488857675505308,0.5234156073655503,0.9964830363084052,40.080111,1606.415297772321,0.9958005092928006,3.5931942039795284,-2181.533470123032,4359.356241532425,4102.019731564592,89.96816901465641,0.0,17.8
2025-02-02,29.2,42.8,10.4,999.9,5.8,9.4,15.5,27.4,40.080111,116.584556,35.35,24.31229939147781,9.99135591430595,17.671245779262645,0.5380051715382996,0.9964830363084052,40.080111,1606.415297772321,0.9958005092928006,3.5931942039795284,-2181.533470123032,4359.356241532425,4102.019731564592,89.96816901465641,0.0,-0.7
2025-02-03,25.6,41.0,14.0,999.9,6.7,10.5,17.5,34.4,40.080111,116.584556,35.35,21.38999130461551,10.02655842403852,17.85705136119657,0.5524353131676196,0.9964830363084052,40.080111,1606.415297772321,0.9958005092928006,3.5931942039795284,-2181.533470123032,4359.356241532425,4102.019731564592,89.96816901465641,0.0,-7.5
2025-02-04,24.8,35.6,8.6,999.9,6.7,11.1,25.3,33.6,40.080111,116.584556,35.35,20.795309801276503,10.062246678037017,18.046212691826472,0.5667017562911176,0.9964830363084052,40.080111,1606.415297772321,0.9958005092928006,3.5931942039795284,-2181.533470123032,4359.356241532425,4102.019731564592,89.96816901465641,0.0,-7.9
2025-02-05,26.5,35.1,12.2,999.9,6.7,8.0,19.4,29.5,40.080111,116.584556,35.35,22.30064602535931,10.098405747332517,18.23866621674163,0.5808002734538009,0.9964830363084052,40.080111,1606.415297772321,0.9958005092928006,3.5931942039795284,-2181.533470123032,4359.356241532425,4102.019731564592,89.96816901465641,0.0,-9.4
2025-02-06,20.5,35.6,10.2,999.9,6.3,17.3,29.1,36.9,40.080111,116.584556,35.35,17.3139939895877,10.135020871953776,18.43434657245861,0.5947266869607634,0.9964830363084052,40.080111,1606.415297772321,0.9958005092928006,3.5931942039795284,-2181.533470123032,4359.356241532425,4102.019731564592,89.96816901465641,0.0,-14.9
2025-02-07,17.7,33.6,10.2,999.9,6.7,16.7,27.2,36.9,40.080111,116.584556,35.35,15.003814270980117,10.172077471850926,18.63318660559378,0.6084768701151261,0.9964830363084052,40.080111,1606.415297772321,0.9958005092928006,3.5931942039795284,-2181.533470123032,4359.356241532425,4102.019731564592,89.96816901465641,0.0,-18.0
2025-02-08,23.1,32.0,8.6,999.9,6.7,8.9,13.6,25.3,40.080111,116.584556,35.35,19.653405226798917,10.209561156778657,18.83511739535171,0.6220467484408675,0.9964830363084052,40.080111,1606.415297772321,0.9958005092928006,3.5931942039795284,-2181.533470123032,4359.356241532425,4102.019731564592,89.96816901465641,0.0,-14.5
2025-02-09,21.5,34.7,6.8,999.9,6.7,4.0,9.7,11.3,40.080111,116.584556,35.35,18.360028442153943,10.24745773515569,19.040068279319666,0.6354323008901774,0.9964830363084052,40.080111,1606.415297772321,0.9958005092928006,3.5931942039795284,-2181.533470123032,4359.356241532425,4102.019731564592,89.96816901465641,0.0,-7.8
2025-02-10,25.9,41.5,14.0,999.9,6.2,3.0,7.8,-47.614790952649145,40.080111,116.584556,35.35,22.2000840373109,10.285753221920109,19.247966882548155,0.6486295610349814,0.9964830363084052,40.080111,1606.415297772321,0.9958005092928006,3.5931942039795284,-2181.533470123032,4359.356241532425,4102.019731564592,89.96816901465641,0.0,0.3
2025-02-11,33.8,41.5,17.6,999.9,5.4,6.0,15.5,25.8,40.080111,116.584556,35.35,29.08048866455038,10.324433845402503,19.458739149887414,0.6616346182422783,0.9964830363084052,40.080111,1606.415297772321,0.9958005092928006,3.5931942039795284,-2181.533470123032,4359.356241532425,4102.019731564592,89.96816901465641,0.0,6.1
2025-02-12,30.2,44.6,12.2,999.9,6.7,6.9,19.4,27.2,40.080111,116.584556,35.35,26.081439900656605,10.363486053241035,19.67230938154009,0.6744436188329455,0.9964830363084052,40.080111,1606.415297772321,0.9958005092928006,3.5931942039795284,-2181.533470123032,4359.356241532425,4102.019731564592,89.96816901465641,0.0,-3.9
2025-02-13,35.6,55.4,15.8,999.9,6.2,5.8,17.5,29.1,40.080111,116.584556,35.35,30.86192633484754,10.402896517364338,19.88860027178076,0.6870527672236669,0.9964830363084052,40.080111,1606.415297772321,0.9958005092928006,3.5931942039795284,-2181.533470123032,4359.356241532425,4102.019731564592,89.96816901465641,0.0,-2.2
2025-02-14,37.0,57.2,17.6,999.9,6.2,3.7,7.8,10.7,40.080111,116.584556,35.35,32.19817742571508,10.442652138069755,20.107532950783654,0.699458327051647,0.9964830363084052,40.080111,1606.415297772321,0.9958005092928006,3.5931942039795284,-2181.533470123032,4359.356241532425,4102.019731564592,89.96816901465641,0.0,1.0
2025-02-15,45.7,58.1,24.3,999.9,6.1,11.2,19.4,31.1,40.080111,116.584556,35.35,39.92176834651775,10.482740047225667,20.32902702949127,0.7116566222817746,0.9964830363084052,40.080111,1606.415297772321,0.9958005092928006,3.5931942039795284,-2181.533470123032,4359.356241532425,4102.019731564592,89.96816901465641,0.0,4.3
2025-02-16,37.3,58.1,21.2,999.9,6.7,9.3,17.5,23.7,40.080111,116.584556,35.35,32.70945048970134,10.523147610627777,20.55300064744766,0.7236440382959124,0.9964830363084052,40.080111,1606.415297772321,0.9958005092928006,3.5931942039795284,-2181.533470123032,4359.356241532425,4102.019731564592,89.96816901465641,0.0,-3.3
2025-02-17,28.3,47.1,14.0,999.9,6.7,3.7,9.7,23.1,40.080111,116.584556,35.35,24.913108896331792,10.563862429539983,20.779370523512146,0.7354170229639855,0.9964830363084052,40.080111,1606.415297772321,0.9958005092928006,3.5931942039795284,-2181.533470123032,4359.356241532425,4102.019731564592,89.96816901465641,0.0,-5.5
2025-02-18,32.3,45.1,15.8,999.9,6.2,4.2,9.7,13.6,40.080111,116.584556,35.35,28.544781385739242,10.604872341451113,21.00805200936111,0.7469720876965552,0.9964830363084052,40.080111,1606.415297772321,0.9958005092928006,3.5931942039795284,-2181.533470123032,4359.356241532425,4102.019731564592,89.96816901465641,0.0,-4.6
2025-02-19,32.2,45.1,14.0,999.9,6.7,3.2,5.8,13.6,40.080111,116.584556,35.35,28.567210543879117,10.646165420079173,21.238959145678027,0.7583058084785624,0.9964830363084052,40.080111,1606.415297772321,0.9958005092928006,3.5931942039795284,-2181.533470123032,4359.356241532425,4102.019731564592,89.96816901465641,0.0,-2.7
2025-02-20,33.2,44.4,22.3,999.9,6.7,6.2,13.6,21.4,40.080111,116.584556,35.35,29.569386263212134,10.687729974654987,21.472004720924595,0.7694148268839378,0.9964830363084052,40.080111,1606.415297772321,0.9958005092928006,3.5931942039795284,-2181.533470123032,4359.356241532425,4102.019731564592,89.96816901465641,0.0,-4.9
2025-02-21,29.5,42.8,15.8,999.9,6.7,5.0,7.8,15.3,40.080111,116.584556,35.35,26.376821598438088,10.729554548517187,21.707100332579078,0.7802958510707755,0.9964830363084052,40.080111,1606.415297772321,0.9958005092928006,3.5931942039795284,-2181.533470123032,4359.356241532425,4102.019731564592,89.96816901465641,0.0,-1.4
2025-02-22,29.8,39.7,17.6,999.9,6.7,8.2,17.5,25.3,40.080111,116.584556,35.35,26.749542660675115,10.771627917050381,21.944156450721263,0.7909456567567772,0.9964830363084052,40.080111,1606.415297772321,0.9958005092928006,3.5931942039795284,-2181.533470123032,4359.356241532425,4102.019731564592,89.96816901465641,0.0,-6.5
2025-02-23,29.9,41.2,12.2,999.9,6.7,8.7,17.5,25.3,40.080111,116.584556,35.35,26.944731553453504,10.813939084998063,22.183082483837673,0.8013610881746766,0.9964830363084052,40.080111,1606.415297772321,0.9958005092928006,3.5931942039795284,-2181.533470123032,4359.356241532425,4102.019731564592,89.96816901465641,0.0,-5.1
2025-02-24,35.8,50.0,18.5,999.9,6.3,4.3,11.7,16.7,40.080111,116.584556,35.35,32.388490561491736,10.856477283181588,22.423786846714655,0.8115390590073611,0.9964830363084052,40.080111,1606.415297772321,0.9958005092928006,3.5931942039795284,-2181.533470123032,4359.356241532425,4102.019731564592,89.96816901465641,0.0,-1.8
2025-02-25,36.1,51.8,15.8,999.9,6.1,7.5,21.4,24.3,40.080111,116.584556,35.35,32.78852282700651,10.899231964655904,22.66617703028179,0.8214765533024142,0.9964830363084052,40.080111,1606.415297772321,0.9958005092928006,3.5931942039795284,-2181.533470123032,4359.356241532425,4102.019731564592,89.96816901465641,0.0,0.4
2025-02-26,35.9,54.3,23.0,999.9,6.2,3.1,7.8,9.7,40.080111,116.584556,35.35,32.73539346099411,10.942192800332295,22.910159673263163,0.8311706263658079,0.9964830363084052,40.080111,1606.415297772321,0.9958005092928006,3.5931942039795284,-2181.533470123032,4359.356241532425,4102.019731564592,89.96816901465641,0.0,6.6
2025-02-27,39.1,57.7,21.2,999.9,4.5,2.8,5.8,70.35022961273037,40.080111,116.584556,35.35,35.79393102143512,10.985349674097735,23.15564063548959,0.8406184056344782,0.9964830363084052,40.080111,1606.415297772321,0.9958005092928006,3.5931942039795284,-2181.533470123032,4359.356241532425,4102.019731564592,89.96816901465641,0.0,17.7
2025-02-28,49.1,66.2,28.0,999.9,4.0,3.8,7.8,9.9,40.080111,116.584556,35.35,45.12573420527245,11.028692677459661,23.40252507272061,0.8498170915275278,0.9964830363084052,40.080111,1606.415297772321,0.9958005092928006,3.5931942039795284,-2181.533470123032,4359.356241532425,4102.019731564592,89.96816901465641,0.0,19.9
2025-03-01,49.2,66.2,35.6,999.9,2.1,4.0,9.7,17.1,40.080111,116.584556,35.35,45.39606962535178,11.072212103744336,23.65071751282164,0.8587639582758029,0.9964830363084052,40.080111,1606.415297772321,0.9958005092928006,3.5931942039795284,-2181.533470123032,4359.356241532425,4102.019731564592,89.96816901465641,0.0,35.9
2025-03-02,36.7,59.9,21.2,999.9,5.8,3.9,7.8,17.1,40.080111,116.584556,35.35,33.996122734737604,11.115898441876055,23.900121933138283,0.8674563547295969,0.9964830363084052,40.080111,1606.415297772321,0.9958005092928006,3.5931942039795284,-2181.533470123032,4359.356241532425,4102.019731564592,89.96816901465641,0.0,8.5
2025-03-03,40.8,48.4,26.1,999.9,6.4,5.1,9.7,13.6,40.080111,116.584556,35.35,37.943124057196485,11.159742369763674,24.150641838907084,0.8758917051442429,0.9964830363084052,40.080111,1606.415297772321,0.9958005092928006,3.5931942039795284,-2181.533470123032,4359.356241532425,4102.019731564592,89.96816901465641,0.0,1.7
2025-03-04,39.8,50.0,26.6,999.9,6.5,5.1,9.7,17.5,40.080111,116.584556,35.35,37.15905357861146,11.20373474732004,24.40218034253944,0.8840675099433636,0.9964830363084052,40.080111,1606.415297772321,0.9958005092928006,3.5931942039795284,-2181.533470123032,4359.356241532425,4102.019731564592,89.96816901465641,0.0,14.4
2025-03-05,42.7,55.4,24.8,999.9,5.5,4.0,9.7,12.8,40.080111,116.584556,35.35,40.02365868418653,11.24786660913907,24.654640243613738,0.8919813464595485,0.9964830363084052,40.080111,1606.415297772321,0.9958005092928006,3.5931942039795284,-2181.533470123032,4359.356241532425,4102.019731564592,89.96816901465641,0.0,19.5
2025-03-06,44.5,55.6,31.6,999.9,6.5,4.2,7.8,15.5,40.080111,116.584556,35.35,41.87497895666786,11.292129156854255,24.90792410940894,0.8996308696522433,0.9964830363084052,40.080111,1606.415297772321,0.9958005092928006,3.5931942039795284,-2181.533470123032,4359.356241532425,4102.019731564592,89.96816901465641,0.0,12.5
2025-03-07,39.0,55.6,24.8,999.9,5.7,3.5,9.7,21.4,40.080111,116.584556,35.35,36.84366969140522,11.336513751201604,25.16193435581213,0.9070138128026359,0.9964830363084052,40.080111,1606.415297772321,0.9958005092928006,3.5931942039795284,-2181.533470123032,4359.356241532425,4102.019731564592,89.96816901465641,0.0,25.2
2025-03-08,43.9,59.0,28.4,999.9,3.9,4.1,7.8,17.5,40.080111,116.584556,35.35,41.6355352147681,11.381011903809048,25.416573328431433,0.9141279881853337,0.9964830363084052,40.080111,1606.415297772321,0.9958005092928006,3.5931942039795284,-2181.533470123032,4359.356241532425,4102.019731564592,89.96816901465641,0.0,28.8
2025-03-09,52.6,62.6,35.2,999.9,4.2,8.1,15.5,17.3,40.080111,116.584556,35.35,50.082280261282214,11.425615268733585,25.671743383746037,0.9209712877166346,0.9964830363084052,40.080111,1606.415297772321,0.9958005092928006,3.5931942039795284,-2181.533470123032,4359.356241532425,4102.019731564592,89.96816901465641,0.0,33.9
2025-03-10,50.0,61.3,35.6,999.9,3.0,3.7,7.8,17.1,40.080111,116.584556,35.35,47.792981807360405,11.470315633766498,25.927346970124834,0.9275416835791966,0.9964830363084052,40.080111,1606.415297772321,0.9958005092928006,3.5931942039795284,-2181.533470123032,4359.356241532425,4102.019731564592,89.96816901465641,0.0,34.4
2025-03-11,44.9,60.4,30.2,999.9,2.2,3.3,7.8,16.3,40.080111,116.584556,35.35,43.08568421062761,11.515104911526311,26.183286708546216,0.9338372288229252,0.9964830363084052,40.080111,1606.415297772321,0.9958005092928006,3.5931942039795284,-2181.533470123032,4359.356241532425,4102.019731564592,89.96816901465641,0.0,38.1
2025-03-12,53.3,68.0,33.8,999.9,6.3,7.1,15.5,25.3,40.080111,116.584556,35.35,51.345556204007785,11.559975130358227,26.439465472852493,0.9398560579418954,0.9964830363084052,40.080111,1606.415297772321,0.9958005092928006,3.5931942039795284,-2181.533470123032,4359.356241532425,4102.019731564592,89.96816901465641,0.0,9.1
2025-03-13,52.2,67.3,39.0,999.9,6.2,5.3,9.7,19.4,40.080111,116.584556,35.35,50.481395149003205,11.604918425058207,26.695786469373857,0.9455963874271426,0.9964830363084052,40.080111,1606.415297772321,0.9958005092928006,3.5931942039795284,-2181.533470123032,4359.356241532425,4102.019731564592,89.96816901465641,0.0,19.5
2025-03-14,46.7,66.0,38.5,999.9,6.4,4.6,7.8,18.6,40.080111,116.584556,35.35,45.3376326817837,11.649927027439066,26.95215331575917,0.9510565162951535,0.9964830363084052,40.080111,1606.415297772321,0.9958005092928006,3.5931942039795284,-2181.533470123032,4359.356241532425,4102.019731564592,89.96816901465641,0.0,18.1
2025-03-15,33.5,51.8,21.2,999.9,6.1,5.3,13.6,20.0,40.080111,116.584556,35.35,32.64852284177535,11.69499325675535,27.208470118852805,0.9562348265919056,0.9964830363084052,40.080111,1606.415297772321,0.9958005092928006,3.5931942039795284,-2181.533470123032,4359.356241532425,4102.019731564592,89.96816901465641,0.0,24.2
2025-03-16,37.4,51.8,24.4,999.9,6.7,6.8,17.5,27.2,40.080111,116.584556,35.35,36.59000797284324,11.740109510003178,27.46464155145986,0.9611297838723007,0.9964830363084052,40.080111,1606.415297772321,0.9958005092928006,3.5931942039795284,-2181.533470123032,4359.356241532425,4102.019731564592,89.96816901465641,0.0,11.4
2025-03-17,41.0,50.0,27.5,999.9,6.6,13.1,23.3,33.0,40.080111,116.584556,35.35,40.266333194711535,11.785268252110694,27.720572927845225,0.9657399376548549,0.9964830363084052,40.080111,1606.415297772321,0.9958005092928006,3.5931942039795284,-2181.533470123032,4359.356241532425,4102.019731564592,89.96816901465641,0.0,7.0
2025-03-18,44.0,57.2,26.6,999.9,6.7,4.6,9.7,21.8,40.080111,116.584556,35.35,43.37836068879229,11.830462006034262,27.976170277815655,0.9700639218515071,0.9964830363084052,40.080111,1606.415297772321,0.9958005092928006,3.5931942039795284,-2181.533470123032,4359.356241532425,4102.019731564592,89.96816901465641,0.0,13.3
2025-03-19,55.6,71.6,31.5,999.9,6.3,6.7,15.5,23.3,40.080111,116.584556,35.35,55.023999488191656,11.875683342775178,28.23134041923798,0.9741004551724205,0.9964830363084052,40.080111,1606.415297772321,0.9958005092928006,3.5931942039795284,-2181.533470123032,4359.356241532425,4102.019731564592,89.96816901465641,0.0,14.1
2025-03-20,66.1,78.8,50.4,999.9,6.3,11.1,21.4,33.0,40.080111,116.584556,35.35,65.66442783291602,11.920924871331199,28.48599102885103,0.9778483415056568,0.9964830363084052,40.080111,1606.415297772321,0.9958005092928006,3.5931942039795284,-2181.533470123032,4359.356241532425,4102.019731564592,89.96816901465641,0.0,12.6
2025-03-21,71.5,80.8,44.8,999.9,6.4,12.1,19.4,29.1,40.080111,116.584556,35.35,71.2984845703907,11.96617922859704,28.740030711233693,0.9813064702716093,0.9964830363084052,40.080111,1606.415297772321,0.9958005092928006,3.5931942039795284,-2181.533470123032,4359.356241532425,4102.019731564592,89.96816901465641,0.0,15.4
2025-03-22,74.1,84.4,52.0,999.9,6.5,11.4,19.4,29.1,40.080111,116.584556,35.35,74.17063625248029,12.01143906922758,28.993369065796646,0.9844738167520922,0.9964830363084052,40.080111,1606.415297772321,0.9958005092928006,3.5931942039795284,-2181.533470123032,4359.356241532425,4102.019731564592,89.96816901465641,0.0,2.5
2025-03-23,71.2,84.4,56.5,999.9,6.2,9.5,15.5,23.3,40.080111,116.584556,35.35,71.53640252916631,12.05669705547747,29.245916751670823,0.9873494423939864,0.9964830363084052,40.080111,1606.415297772321,0.9958005092928006,3.5931942039795284,-2181.533470123032,4359.356241532425,4102.019731564592,89.96816901465641,0.0,8.5
2025-03-24,59.3,79.3,45.0,999.9,6.5,9.6,29.1,42.7,40.080111,116.584556,35.35,59.803782394076606,12.10194584703068,29.49758555037156,0.989932495087353,0.9964830363084052,40.080111,1606.415297772321,0.9958005092928006,3.5931942039795284,-2181.533470123032,4359.356241532425,4102.019731564592,89.96816901465641,0.0,20.9
2025-03-25,56.4,71.6,42.8,999.9,6.2,9.5,27.2,38.9,40.080111,116.584556,35.35,57.0917370269171,12.147178090833426,29.74828842612354,0.9922222094179323,0.9964830363084052,40.080111,1606.415297772321,0.9958005092928006,3.5931942039795284,-2181.533470123032,4359.356241532425,4102.019731564592,89.96816901465641,0.0,21.0
2025-03-26,55.5,69.8,42.3,999.9,6.3,9.4,19.4,34.4,40.080111,116.584556,35.35,56.389787150616094,12.192386410944021,29.99793958373815,0.994217906893952,0.9964830363084052,40.080111,1606.415297772321,0.9958005092928006,3.5931942039795284,-2181.533470123032,4359.356241532425,4102.019731564592,89.96816901465641,0.0,12.4
2025-03-27,49.3,64.9,41.0,999.9,7.4,7.6,15.5,34.4,40.080111,116.584556,35.35,50.27598962848094,12.237563398413212,30.246454523941583,0.995918996147179,0.9964830363084052,40.080111,1606.415297772321,0.9958005092928006,3.5931942039795284,-2181.533470123032,4359.356241532425,4102.019731564592,89.96816901465641,0.0,6.2
2025-03-28,40.9,56.1,33.3,999.9,7.7,11.3,21.4,31.1,40.080111,116.584556,35.35,41.86354129078641,12.282701601208725,30.493750096059184,0.9973249731081555,0.9964830363084052,40.080111,1606.415297772321,0.9958005092928006,3.5931942039795284,-2181.533470123032,4359.356241532425,4102.019731564592,89.96816901465641,0.0,1.5
2025-03-29,40.0,52.7,24.8,999.9,6.7,8.4,19.4,29.1,40.080111,116.584556,35.35,41.09264504732663,12.327793514197987,30.739744547968833,0.9984354211555643,0.9964830363084052,40.080111,1606.415297772321,0.9958005092928006,3.5931942039795284,-2181.533470123032,4359.356241532425,4102.019731564592,89.96816901465641,0.0,2.8
2025-03-30,47.0,59.5,28.4,999.9,6.5,5.7,13.6,19.4,40.080111,116.584556,35.35,48.4602569793791,12.372831569203177,30.984357573243397,0.9992500112396835,0.9964830363084052,40.080111,1606.415297772321,0.9958005092928006,3.5931942039795284,-2181.533470123032,4359.356241532425,4102.019731564592,89.96816901465641,0.0,13.2
2025-03-31,54.4,69.8,35.6,999.9,6.2,5.7,9.7,10.9,40.080111,116.584556,35.35,56.2940635006492,12.417808125143207,31.227510355410796,0.9997685019798909,0.9964830363084052,40.080111,1606.415297772321,0.9958005092928006,3.5931942039795284,-2181.533470123032,4359.356241532425,4102.019731564592,89.96816901465641,0.0,20.0
2025-04-01,56.0,71.6,37.4,999.9,6.2,9.9,21.4,33.0,40.080111,116.584556,35.35,58.15933880529522,12.462715458277549,31.469125609267085,0.9999907397361901,0.9964830363084052,40.080111,1606.415297772321,0.9958005092928006,3.5931942039795284,-2181.533470123032,4359.356241532425,4102.019731564592,89.96816901465641,0.0,16.0
2025-04-02,54.4,71.4,37.4,999.9,6.7,5.0,9.7,25.1,40.080111,116.584556,35.35,56.700874078305006,12.507545752567282,31.70912761918718,0.9999166586547379,0.9964830363084052,40.080111,1606.415297772321,0.9958005092928006,3.5931942039795284,-2181.533470123032,4359.356241532425,4102.019731564592,89.96816901465641,0.0,16.6
2025-04-03,56.2,68.0,41.0,999.9,6.3,6.3,13.6,18.3,40.080111,116.584556,35.35,58.78656327229295,12.552291090169312,31.947442274385256,0.9995462806873573,0.9964830363084052,40.080111,1606.415297772321,0.9958005092928006,3.5931942039795284,-2181.533470123032,4359.356241532425,4102.019731564592,89.96816901465641,0.0,27.7
2025-04-04,59.5,73.4,47.3,999.9,5.9,13.5,27.2,36.9,40.080111,116.584556,35.35,62.459844566980856,12.596943442080173,32.183997101085794,0.9988797155850336,0.9964830363084052,40.080111,1606.415297772321,0.9958005092928006,3.5931942039795284,-2181.533470123032,4359.356241532425,4102.019731564592,89.96816901465641,0.0,17.4
2025-04-05,57.5,73.4,37.4,999.9,6.7,8.3,15.5,25.3,40.080111,116.584556,35.35,60.57382857411882,12.641494658946538,32.41872129157452,0.9979171608653922,0.9964830363084052,40.080111,1606.415297772321,0.9958005092928006,3.5931942039795284,-2181.533470123032,4359.356241532425,4102.019731564592,89.96816901465641,0.0,9.6
2025-04-06,59.2,73.4,41.0,999.9,6.3,5.1,7.8,13.8,40.080111,116.584556,35.35,62.583953212830174,12.68593646206017,32.651545730106754,0.9966589017541702,0.9964830363084052,40.080111,1606.415297772321,0.9958005092928006,3.5931942039795284,-2181.533470123032,4359.356241532425,4102.019731564592,89.96816901465641,0.0,26.2
2025-04-07,64.5,80.6,42.8,999.9,6.1,5.9,11.7,24.3,40.080111,116.584556,35.35,68.42514983573724,12.730260434555765,32.88240301566015,0.9951053111006976,0.9964830363084052,40.080111,1606.415297772321,0.9958005092928006,3.5931942039795284,-2181.533470123032,4359.356241532425,4102.019731564592,89.96816901465641,0.0,17.4
2025-04-08,62.9,78.4,47.1,999.9,6.7,5.3,11.7,15.9,40.080111,116.584556,35.35,66.95945075058873,12.774458012830918,33.11122748152627,0.9932568492674143,0.9964830363084052,40.080111,1606.415297772321,0.9958005092928006,3.5931942039795284,-2181.533470123032,4359.356241532425,4102.019731564592,89.96816901465641,0.0,23.4
2025-04-09,59.4,73.4,42.8,999.9,6.1,4.1,7.8,9.7,40.080111,116.584556,35.35,63.45167636713042,12.818520478208166,33.337955211745005,0.9911140639934547,0.9964830363084052,40.080111,1606.415297772321,0.9958005092928006,3.5931942039795284,-2181.533470123032,4359.356241532425,4102.019731564592,89.96816901465641,0.0,40.1
2025-04-10,67.0,80.6,48.0,999.9,5.5,6.9,13.6,17.5,40.080111,116.584556,35.35,71.81528413113483,12.862438948859971,33.56252405439414,0.9886775902323405,0.9964830363084052,40.080111,1606.415297772321,0.9958005092928006,3.5931942039795284,-2181.533470123032,4359.356241532425,4102.019731564592,89.96816901465641,0.0,42.9
2025-04-11,64.2,78.8,44.6,999.9,4.8,12.7,33.0,42.7,40.080111,116.584556,35.35,69.04819339029753,12.906204372018227,33.78487363175453,0.9859481499638304,0.9964830363084052,40.080111,1606.415297772321,0.9958005092928006,3.5931942039795284,-2181.533470123032,4359.356241532425,4102.019731564592,89.96816901465641,0.0,35.3
2025-04-12,49.2,78.8,44.6,999.9,6.7,23.5,38.9,52.4,40.080111,116.584556,35.35,53.094210817612684,12.949807516490896,34.00494534738044,0.9829265519799822,0.9964830363084052,40.080111,1606.415297772321,0.9958005092928006,3.5931942039795284,-2181.533470123032,4359.356241532425,4102.019731564592,89.96816901465641,0.0,6.1
2025-04-13,52.5,59.0,45.1,999.9,6.7,21.3,31.1,40.8,40.080111,116.584556,35.35,56.84542047410228,12.993238965509093,34.222682390112396,0.9796136916454901,0.9964830363084052,40.080111,1606.415297772321,0.9958005092928006,3.5931942039795284,-2181.533470123032,4359.356241532425,4102.019731564592,89.96816901465641,0.0,14.1
2025-04-14,61.8,78.8,41.0,999.9,6.4,8.8,21.4,36.9,40.080111,116.584556,35.35,67.137918916134,13.036489109928931,34.438029735078395,0.9760105506323683,0.9964830363084052,40.080111,1606.415297772321,0.9958005092928006,3.5931942039795284,-2181.533470123032,4359.356241532425,4102.019731564592,89.96816901465641,0.0,28.0
2025-04-15,71.8,91.4,45.7,999.9,6.0,7.1,17.5,23.3,40.080111,116.584556,35.35,78.25929638184954,13.079548141813294,34.650934141737174,0.9721181966290613,0.9964830363084052,40.080111,1606.415297772321,0.9958005092928006,3.5931942039795284,-2181.533470123032,4359.356241532425,4102.019731564592,89.96816901465641,0.0,39.3
2025-04-16,65.8,88.7,50.0,999.9,4.8,5.4,9.7,17.5,40.080111,116.584556,35.35,71.95452649883386,13.122406048419547,34.86134414902511,0.9679377830240642,0.9964830363084052,40.080111,1606.415297772321,0.9958005092928006,3.5931942039795284,-2181.533470123032,4359.356241532425,4102.019731564592,89.96816901465641,0.0,45.6
2025-04-17,72.3,87.8,54.9,999.9,5.9,6.5,15.5,25.3,40.080111,116.584556,35.35,79.31944195488612,13.165052606620105,35.069210067675996,0.9634705485641488,0.9964830363084052,40.080111,1606.415297772321,0.9958005092928006,3.5931942039795284,-2181.533470123032,4359.356241532425,4102.019731564592,89.96816901465641,0.0,35.8
2025-04-18,52.8,63.9,50.0,999.9,5.9,2.6,5.8,22.9,40.080111,116.584556,35.35,58.11290046224744,13.20747737778351,35.27448396979013,0.9587178169872964,0.9964830363084052,40.080111,1606.415297772321,0.9958005092928006,3.5931942039795284,-2181.533470123032,4359.356241532425,4102.019731564592,89.96816901465641,0.0,46.5
2025-04-19,61.1,73.4,50.4,999.9,5.7,3.9,9.7,12.2,40.080111,116.584556,35.35,67.46290157184461,13.249669703144605,35.47711967573631,0.9536809966304457,0.9964830363084052,40.080111,1606.415297772321,0.9958005092928006,3.5931942039795284,-2181.533470123032,4359.356241532425,4102.019731564592,89.96816901465641,0.0,48.5
2025-04-20,64.9,77.0,52.2,999.9,5.3,4.7,7.8,14.6,40.080111,116.584556,35.35,71.88550446750601,13.291618699692943,35.67707273847723,0.9483615800121715,0.9964830363084052,40.080111,1606.415297772321,0.9958005092928006,3.5931942039795284,-2181.533470123032,4359.356241532425,4102.019731564592,89.96816901465641,0.0,47.8
2025-04-21,55.3,77.0,41.0,999.9,3.5,4.2,11.7,18.6,40.080111,116.584556,35.35,61.44435192420839,13.333313256609417,35.874300425414816,0.9427611433904207,0.9964830363084052,40.080111,1606.415297772321,0.9958005092928006,3.5931942039795284,-2181.533470123032,4359.356241532425,4102.019731564592,89.96816901465641,0.0,47.4
2025-04-22,64.1,77.0,46.4,999.9,6.6,5.6,11.7,18.6,40.080111,116.584556,35.35,71.44341368910408,13.374742032281574,36.068761697858655,0.9368813462954315,0.9964830363084052,40.080111,1606.415297772321,0.9958005092928006,3.5931942039795284,-2181.533470123032,4359.356241532425,4102.019731564592,89.96816901465641,0.0,33.0
2025-04-23,64.9,82.4,41.0,999.9,6.2,13.0,25.3,35.0,40.080111,116.584556,35.35,72.55762375251416,13.415893451928657,36.260417188225894,0.9307239310379795,0.9964830363084052,40.080111,1606.415297772321,0.9958005092928006,3.5931942039795284,-2181.533470123032,4359.356241532425,4102.019731564592,89.96816901465641,0.0,20.8
2025-04-24,57.2,81.5,39.2,999.9,6.7,7.8,17.5,31.7,40.080111,116.584556,35.35,64.14386886463654,13.456755705867806,36.44922917508665,0.9242907221930933,0.9964830363084052,40.080111,1606.415297772321,0.9958005092928006,3.5931942039795284,-2181.533470123032,4359.356241532425,4102.019731564592,89.96816901465641,0.0,15.6
2025-04-25,61.2,75.2,43.2,999.9,6.5,5.1,13.6,25.3,40.080111,116.584556,35.35,68.83631541711115,13.497316748453166,36.635161556173536,0.9175836260593937,0.9964830363084052,40.080111,1606.415297772321,0.9958005092928006,3.5931942039795284,-2181.533470123032,4359.356241532425,4102.019731564592,89.96816901465641,0.0,32.4
2025-04-26,67.3,77.0,51.1,999.9,5.7,6.2,13.6,25.8,40.080111,116.584556,35.35,75.92317310304512,13.537564297719785,36.81817981947876,0.9106046300942162,0.9964830363084052,40.080111,1606.415297772321,0.9958005092928006,3.5931942039795284,-2181.533470123032,4359.356241532425,4102.019731564592,89.96816901465641,0.0,44.8
2025-04-27,61.4,76.1,44.6,999.9,6.7,6.1,13.6,25.8,40.080111,116.584556,35.35,69.47146919299377,13.577485835764254,36.99825101256564,0.9033558023246845,0.9964830363084052,40.080111,1606.415297772321,0.9958005092928006,3.5931942039795284,-2181.533470123032,4359.356241532425,4102.019731564592,89.96816901465641,0.0,27.9
2025-04-28,62.5,78.8,42.8,999.9,6.5,5.7,11.7,16.9,40.080111,116.584556,35.35,70.92223234319721,13.617068609893863,37.175343710225654,0.895839290734909,0.9964830363084052,40.080111,1606.415297772321,0.9958005092928006,3.5931942039795284,-2181.533470123032,4359.356241532425,4102.019731564592,89.96816901465641,0.0,35.4
2025-04-29,66.9,86.0,48.4,999.9,6.4,4.2,11.7,17.5,40.080111,116.584556,35.35,76.13387046276002,13.656299634575788,37.34942798061424,0.8880573226294932,0.9964830363084052,40.080111,1606.415297772321,0.9958005092928006,3.5931942039795284,-2181.533470123032,4359.356241532425,4102.019731564592,89.96816901465641,0.0,42.3
2025-04-30,66.9,85.6,47.1,999.9,6.3,10.0,29.1,40.8,40.080111,116.584556,35.35,76.35054874526108,13.695165694217234,37.52047535000173,0.8800122039735357,0.9964830363084052,40.080111,1606.415297772321,0.9958005092928006,3.5931942039795284,-2181.533470123032,4359.356241532425,4102.019731564592,89.96816901465641,0.0,27.6
2025-05-01,66.3,81.1,47.1,999.9,6.7,4.8,17.5,26.0,40.080111,116.584556,35.35,75.8784347411079,13.73365334680686,37.688458766277634,0.8717063187093218,0.9964830363084052,40.080111,1606.415297772321,0.9958005092928006,3.5931942039795284,-2181.533470123032,4359.356241532425,4102.019731564592,89.96816901465641,0.0,31.2
2025-05-02,56.7,78.6,42.8,999.9,6.7,7.2,13.6,19.0,40.080111,116.584556,35.35,65.071513686911,13.771748928446772,37.85335256134731,0.8631421280499114,0.9964830363084052,40.080111,1606.415297772321,0.9958005092928006,3.5931942039795284,-2181.533470123032,4359.356241532425,4102.019731564592,89.96816901465641,0.0,40.2
2025-05-03,66.7,75.2,50.0,999.9,6.7,10.1,17.5,23.3,40.080111,116.584556,35.35,76.75746265601491,13.80943855880328,38.01513241256187,0.854322169749827,0.9964830363084052,40.080111,1606.415297772321,0.9958005092928006,3.5931942039795284,-2181.533470123032,4359.356241532425,4102.019731564592,89.96816901465641,0.0,21.3
2025-05-04,64.9,77.4,51.8,999.9,6.1,4.8,13.6,17.5,40.080111,116.584556,35.35,74.88761323107934,13.846708147503113,38.17377530332167,0.8452490573530633,0.9964830363084052,40.080111,1606.415297772321,0.9958005092928006,3.5931942039795284,-2181.533470123032,4359.356241532425,4102.019731564592,89.96816901465641,0.0,41.2
2025-05-05,57.7,77.4,46.4,999.9,6.0,4.6,9.7,33.79931612399446,40.080111,116.584556,35.35,66.75670452221327,13.883543401500159,38.32925948299367,0.8359254794186372,0.9964830363084052,40.080111,1606.415297772321,0.9958005092928006,3.5931942039795284,-2181.533470123032,4359.356241532425,4102.019731564592,89.96816901465641,0.0,49.3
2025-05-06,63.5,75.2,49.3,999.9,6.0,5.5,11.7,-30.781888520311867,40.080111,116.584556,35.35,73.65962870193091,13.919929833435763,38.48156442628246,0.8263541987239096,0.9964830363084052,40.080111,1606.415297772321,0.9958005092928006,3.5931942039795284,-2181.533470123032,4359.356241532425,4102.019731564592,89.96816901465641,0.0,39.4
2025-05-07,66.4,77.0,54.5,999.9,4.8,7.0,13.6,-30.28786893046383,40.080111,116.584556,35.35,77.2223853329407,13.95585277101338,38.630670792192724,0.8165380514459161,0.9964830363084052,40.080111,1606.415297772321,0.9958005092928006,3.5931942039795284,-2181.533470123032,4359.356241532425,4102.019731564592,89.96816901465641,0.0,50.9
2025-05-08,68.0,77.0,57.2,999.9,4.7,5.6,9.7,17.5,40.080111,116.584556,35.35,79.28401841529958,13.991297367405808,38.7765603827195,0.8064799463209448,0.9964830363084052,40.080111,1606.415297772321,0.9958005092928006,3.5931942039795284,-2181.533470123032,4359.356241532425,4102.019731564592,89.96816901465641,0.0,55.8
2025-05-09,53.5,76.8,46.4,999.9,5.7,7.3,11.7,17.5,40.080111,116.584556,35.35,62.533691731666714,14.02624861271029,38.91921610139975,0.7961828637826158,0.9964830363084052,40.080111,1606.415297772321,0.9958005092928006,3.5931942039795284,-2181.533470123032,4359.356241532425,4102.019731564592,89.96816901465641,0.0,49.3
2025-05-10,63.5,78.8,44.6,999.9,6.4,5.2,13.6,21.4,40.080111,116.584556,35.35,74.4044917083701,14.060691346463642,39.05862191185562,0.7856498550787147,0.9964830363084052,40.080111,1606.415297772321,0.9958005092928006,3.5931942039795284,-2181.533470123032,4359.356241532425,4102.019731564592,89.96816901465641,0.0,36.7
2025-05-11,69.5,84.2,48.2,999.9,6.1,4.1,9.7,10.9,40.080111,116.584556,35.35,81.63128448751704,14.094610271225962,39.1947627964564,0.7748840413670407,0.9964830363084052,40.080111,1606.415297772321,0.9958005092928006,3.5931942039795284,-2181.533470123032,4359.356241532425,4102.019731564592,89.96816901465641,0.0,50.4
2025-05-12,73.4,83.3,58.6,999.9,4.8,3.8,7.8,12.2,40.080111,116.584556,35.35,86.41620529960379,14.127989967237676,39.32762471522189,0.7638886127905428,0.9964830363084052,40.080111,1606.415297772321,0.9958005092928006,3.5931942039795284,-2181.533470123032,4359.356241532425,4102.019731564592,89.96816901465641,0.0,59.0
2025-05-13,74.5,90.1,62.6,999.9,5.7,6.4,13.6,35.0,40.080111,116.584556,35.35,87.91505922143408,14.160814908150455,39.457194565084905,0.7526668275320085,0.9964830363084052,40.080111,1606.415297772321,0.9958005092928006,3.5931942039795284,-2181.533470123032,4359.356241532425,4102.019731564592,89.96816901465641,0.0,63.1
2025-05-14,68.8,90.1,58.5,999.9,6.1,7.4,11.7,23.3,40.080111,116.584556,35.35,81.37359833954756,14.193069477828063,39.58346013962639,0.7412220108485958,0.9964830363084052,40.080111,1606.415297772321,0.9958005092928006,3.5931942039795284,-2181.533470123032,4359.356241532425,4102.019731564592,89.96816901465641,0.0,54.9
2025-05-15,71.3,82.4,57.2,999.9,6.1,6.2,13.6,21.4,40.080111,116.584556,35.35,84.51865154660474,14.224737988208373,39.706410089389756,0.7295575540864875,0.9964830363084052,40.080111,1606.415297772321,0.9958005092928006,3.5931942039795284,-2181.533470123032,4359.356241532425,4102.019731564592,89.96816901465641,0.0,56.5
2025-05-16,72.6,84.2,59.0,999.9,5.1,10.6,29.1,42.7,40.080111,116.584556,35.35,86.24761842418681,14.255804698212696,39.82603388287621,0.717676913675962,0.9964830363084052,40.080111,1606.415297772321,0.9958005092928006,3.5931942039795284,-2181.533470123032,4359.356241532425,4102.019731564592,89.96816901465641,0.0,53.5
2025-05-17,62.1,82.9,48.2,999.9,6.3,8.3,21.4,34.4,40.080111,116.584556,35.35,73.93136358931021,14.286253833683132,39.94232176831558,0.705583610107178,0.9964830363084052,40.080111,1606.415297772321,0.9958005092928006,3.5931942039795284,-2181.533470123032,4359.356241532425,4102.019731564592,89.96816901465641,0.0,36.2
2025-05-18,64.6,76.5,50.7,999.9,6.3,3.5,9.7,13.0,40.080111,116.584556,35.35,77.06817472480573,14.316069608323048,40.055264736300735,0.6932812268869777,0.9964830363084052,40.080111,1606.415297772321,0.9958005092928006,3.5931942039795284,-2181.533470123032,4359.356241532425,4102.019731564592,89.96816901465641,0.0,50.0
2025-05-19,74.5,89.6,57.6,999.9,6.1,3.6,5.8,11.3,40.080111,116.584556,35.35,89.06000835816138,14.345236245609886,40.16485448336658,0.6807734094770161,0.9964830363084052,40.080111,1606.415297772321,0.9958005092928006,3.5931942039795284,-2181.533470123032,4359.356241532425,4102.019731564592,89.96816901465641,0.0,60.2
2025-05-20,77.8,88.5,66.4,999.9,4.4,5.3,9.7,15.2,40.080111,116.584556,35.35,93.18973471065439,14.373738001643352,40.27108337658698,0.6680638642135335,0.9964830363084052,40.080111,1606.415297772321,0.9958005092928006,3.5931942039795284,-2181.533470123032,4359.356241532425,4102.019731564592,89.96816901465641,0.0,65.5
2025-05-21,74.7,88.5,62.6,999.9,5.8,4.4,9.7,15.2,40.080111,116.584556,35.35,89.64970595081431,14.40155918888583,40.373944419255444,0.6551563572090853,0.9964830363084052,40.080111,1606.415297772321,0.9958005092928006,3.5931942039795284,-2181.533470123032,4359.356241532425,4102.019731564592,89.96816901465641,0.0,60.4
2025-05-22,60.7,84.6,55.0,999.9,6.1,6.4,13.6,20.4,40.080111,116.584556,35.35,72.98509424877062,14.428684200745426,40.47343121770787,0.6420547132365637,0.9964830363084052,40.080111,1606.415297772321,0.9958005092928006,3.5931942039795284,-2181.533470123032,4359.356241532425,4102.019731564592,89.96816901465641,0.0,53.0
2025-05-23,63.4,75.2,50.7,999.9,6.2,5.2,11.7,15.5,40.080111,116.584556,35.35,76.37109865352892,14.455097536945537,40.56953794933726,0.6287628145958344,0.9964830363084052,40.080111,1606.415297772321,0.9958005092928006,3.5931942039795284,-2181.533470123032,4359.356241532425,4102.019731564592,89.96816901465641,0.0,47.8
2025-05-24,72.3,84.7,50.7,999.9,6.3,5.1,9.7,15.5,40.080111,116.584556,35.35,87.24672257345048,14.480783829618337,40.66225933184245,0.6152845999633276,0.9964830363084052,40.080111,1606.415297772321,0.9958005092928006,3.5931942039795284,-2181.533470123032,4359.356241532425,4102.019731564592,89.96816901465641,0.0,45.3
2025-05-25,69.5,84.7,53.6,999.9,6.3,4.6,9.7,17.3,40.080111,116.584556,35.35,84.01234058072367,14.505727870053008,40.751590593745156,0.6016240632249226,0.9964830363084052,40.080111,1606.415297772321,0.9958005092928006,3.5931942039795284,-2181.533470123032,4359.356241532425,4102.019731564592,89.96816901465641,0.0,51.3
2025-05-26,72.1,86.0,56.3,999.9,6.1,3.7,7.8,14.0,40.080111,116.584556,35.35,87.30057043810541,14.529914636023092,40.83752744620119,0.5877852522924732,0.9964830363084052,40.080111,1606.415297772321,0.9958005092928006,3.5931942039795284,-2181.533470123032,4359.356241532425,4102.019731564592,89.96816901465641,0.0,53.8
2025-05-27,76.5,91.4,59.0,999.9,6.4,4.4,11.7,17.1,40.080111,116.584556,35.35,92.77747441252039,14.553329319611043,40.92006605612411,0.5737722679043246,0.9964830363084052,40.080111,1606.415297772321,0.9958005092928006,3.5931942039795284,-2181.533470123032,4359.356241532425,4102.019731564592,89.96816901465641,0.0,54.2
2025-05-28,77.5,91.4,60.8,999.9,6.4,4.8,11.7,15.3,40.080111,116.584556,35.35,94.13639125389538,14.575957355441867,40.999203020631676,0.5595892624101765,0.9964830363084052,40.080111,1606.415297772321,0.9958005092928006,3.5931942039795284,-2181.533470123032,4359.356241532425,4102.019731564592,89.96816901465641,0.0,55.1
2025-05-29,77.0,91.4,62.6,999.9,5.9,5.4,13.6,17.9,40.080111,116.584556,35.35,93.66911688257133,14.597784449231895,41.07493534281813,0.545240438540651,0.9964830363084052,40.080111,1606.415297772321,0.9958005092928006,3.5931942039795284,-2181.533470123032,4359.356241532425,4102.019731564592,89.96816901465641,0.0,56.8
2025-05-30,78.6,89.4,65.7,999.9,5.9,6.0,11.7,16.1,40.080111,116.584556,35.35,95.75311777292322,14.618796606553163,41.147260408847806,0.5307300481619334,0.9964830363084052,40.080111,1606.415297772321,0.9958005092928006,3.5931942039795284,-2181.533470123032,4359.356241532425,4102.019731564592,89.96816901465641,0.0,58.7
2025-05-31,71.3,85.1,66.2,999.9,5.6,4.4,9.7,10.1,40.080111,116.584556,35.35,86.97994046081942,14.638980161708739,41.216175966359025,0.5160623910158528,0.9964830363084052,40.080111,1606.415297772321,0.9958005092928006,3.5931942039795284,-2181.533470123032,4359.356241532425,4102.019731564592,89.96816901465641,0.0,62.5
2025-06-01,70.0,77.0,59.0,999.9,5.0,3.7,9.7,19.4,40.080111,116.584556,35.35,85.5068772052227,14.658321806609605,41.28168010416033,0.5012418134457758,0.9964830363084052,40.080111,1606.415297772321,0.9958005092928006,3.5931942039795284,-2181.533470123032,4359.356241532425,4102.019731564592,89.96816901465641,0.0,60.9
2025-06-02,74.9,87.8,55.9,999.9,6.1,9.4,21.4,29.1,40.080111,116.584556,35.35,91.60774713362638,14.676808619539607,41.34377123319546,0.48627270710868997,0.9964830363084052,40.080111,1606.415297772321,0.9958005092928006,3.5931942039795284,-2181.533470123032,4359.356241532425,4102.019731564592,89.96816901465641,0.0,41.2
2025-06-03,73.4,86.0,51.8,999.9,6.7,8.4,19.4,27.6,40.080111,116.584556,35.35,89.88091850641189,14.694428093691316,41.40244806874752,0.4711595076738638,0.9964830363084052,40.080111,1606.415297772321,0.9958005092928006,3.5931942039795284,-2181.533470123032,4359.356241532425,4102.019731564592,89.96816901465641,0.0,35.8
2025-06-04,81.8,95.0,55.9,999.9,6.7,6.8,11.7,23.3,40.080111,116.584556,35.35,100.28112966048903,14.711168165352914,41.457709613848095,0.4559066935084588,0.9964830363084052,40.080111,1606.415297772321,0.9958005092928006,3.5931942039795284,-2181.533470123032,4359.356241532425,4102.019731564592,89.96816901465641,0.0,46.4
2025-06-05,86.7,98.6,68.0,999.9,6.4,5.5,17.5,33.0,40.080111,116.584556,35.35,106.40269957073237,14.727017241623855,41.5095551438525,0.440518784350495,0.9964830363084052,40.080111,1606.415297772321,0.9958005092928006,3.5931942039795284,-2181.533470123032,4359.356241532425,4102.019731564592,89.96816901465641,0.0,52.2
2025-06-06,84.5,98.6,71.6,999.9,6.6,5.1,9.7,17.5,40.080111,116.584556,35.35,103.80799810223147,14.74196422753583,41.55798419213851,0.42500033996955416,0.9964830363084052,40.080111,1606.415297772321,0.9958005092928006,3.5931942039795284,-2181.533470123032,4359.356241532425,4102.019731564592,89.96816901465641,0.0,42.9
2025-06-07,78.5,96.1,62.6,999.9,6.7,5.0,11.7,15.7,40.080111,116.584556,35.35,96.52882386397565,14.755998552454876,41.60299653688293,0.4093559588156213,0.9964830363084052,40.080111,1606.415297772321,0.9958005092928006,3.5931942039795284,-2181.533470123032,4359.356241532425,4102.019731564592,89.96816901465641,0.0,45.0
2025-06-08,80.1,95.0,64.4,999.9,6.2,4.8,9.7,12.2,40.080111,116.584556,35.35,98.58381055590245,14.769110195640817,41.644592188867804,0.39359027665646673,0.9964830363084052,40.080111,1606.415297772321,0.9958005092928006,3.5931942039795284,-2181.533470123032,4359.356241532425,4102.019731564592,89.96816901465641,0.0,52.7
2025-06-09,72.7,94.3,55.4,999.9,6.3,5.0,19.4,31.1,40.080111,116.584556,35.35,89.5499801648477,14.781289710841435,41.68277138026643,0.3777079652039649,0.9964830363084052,40.080111,1606.415297772321,0.9958005092928006,3.5931942039795284,-2181.533470123032,4359.356241532425,4102.019731564592,89.96816901465641,0.0,52.8
2025-06-10,79.6,94.3,59.0,999.9,6.7,5.4,9.7,17.3,40.080111,116.584556,35.35,98.12377072367907,14.792528249800865,41.71753455435817,0.36171373072976765,0.9964830363084052,40.080111,1606.415297772321,0.9958005092928006,3.5931942039795284,-2181.533470123032,4359.356241532425,4102.019731564592,89.96816901465641,0.0,43.5
2025-06-11,85.7,96.8,65.3,999.9,6.3,6.7,15.5,25.3,40.080111,116.584556,35.35,105.71678891643346,14.802817584564778,41.74888235612088,0.3456123126707335,0.9964830363084052,40.080111,1606.415297772321,0.9958005092928006,3.5931942039795284,-2181.533470123032,4359.356241532425,4102.019731564592,89.96816901465641,0.0,51.4
2025-06-12,85.4,96.8,73.4,999.9,6.3,8.8,17.5,23.3,40.080111,116.584556,35.35,105.41313508093737,14.81215012846895,41.77681562365027,0.3294084822245304,0.9964830363084052,40.080111,1606.415297772321,0.9958005092928006,3.5931942039795284,-2181.533470123032,4359.356241532425,4102.019731564592,89.96816901465641,0.0,58.6
2025-06-13,80.4,95.9,71.6,999.9,6.1,4.9,7.8,14.4,40.080111,116.584556,35.35,99.29747700320807,14.820518955702697,41.80133538035628,0.3131070409358269,0.9964830363084052,40.080111,1606.415297772321,0.9958005092928006,3.5931942039795284,-2181.533470123032,4359.356241532425,4102.019731564592,89.96816901465641,0.0,62.3
2025-06-14,68.3,91.2,64.4,999.9,3.1,4.4,17.5,27.2,40.080111,116.584556,35.35,84.3955655884361,14.827917819344556,41.82244282788888,0.29671281927349075,0.9964830363084052,40.080111,1606.415297772321,0.9958005092928006,3.5931942039795284,-2181.533470123032,4359.356241532425,4102.019731564592,89.96816901465641,0.0,66.1
2025-06-15,68.8,82.4,62.4,999.9,6.2,5.9,13.6,17.9,40.080111,116.584556,35.35,85.05022269523948,14.83434116777433,41.84013933974776,0.28023067519921585,0.9964830363084052,40.080111,1606.415297772321,0.9958005092928006,3.5931942039795284,-2181.533470123032,4359.356241532425,4102.019731564592,89.96816901465641,0.0,57.2
2025-06-16,72.6,86.0,62.4,999.9,6.6,4.2,9.7,18.5,40.080111,116.584556,35.35,89.78069416420752,14.839784159373144,41.85442645553357,0.26366549272800704,0.9964830363084052,40.080111,1606.415297772321,0.9958005092928006,3.5931942039795284,-2181.533470123032,4359.356241532425,4102.019731564592,89.96816901465641,0.0,60.5
2025-06-17,81.3,95.0,65.5,999.9,6.5,3.4,7.8,15.5,40.080111,116.584556,35.35,100.56974412604907,14.844242675431598,41.865305875802214,0.24702218048093552,0.9964830363084052,40.080111,1606.415297772321,0.9958005092928006,3.5931942039795284,-2181.533470123032,4359.356241532425,4102.019731564592,89.96816901465641,0.0,64.5
2025-06-18,82.1,95.0,69.8,999.9,6.3,5.6,21.4,33.0,40.080111,116.584556,35.35,101.5831053742602,14.847713331195157,41.87277945748756,0.23030567023061221,0.9964830363084052,40.080111,1606.415297772321,0.9958005092928006,3.5931942039795284,-2181.533470123032,4359.356241532425,4102.019731564592,89.96816901465641,0.0,67.3
2025-06-19,76.8,94.8,69.8,999.9,5.9,3.2,5.8,13.2,40.080111,116.584556,35.35,95.04123830390816,14.850193484985649,41.876849209863096,0.21352091543979612,0.9964830363084052,40.080111,1606.415297772321,0.9958005092928006,3.5931942039795284,-2181.533470123032,4359.356241532425,4102.019731564592,89.96816901465641,0.0,70.8
2025-06-20,79.7,92.8,62.6,999.9,6.7,4.5,9.7,15.5,40.080111,116.584556,35.35,98.63991627118695,14.851681245348098,41.87751729101744,0.19667288979357647,0.9964830363084052,40.080111,1606.415297772321,0.9958005092928006,3.5931942039795284,-2181.533470123032,4359.356241532425,4102.019731564592,89.96816901465641,0.0,55.5
2025-06-21,81.2,94.3,65.7,999.9,6.7,4.5,11.7,16.1,40.080111,116.584556,35.35,100.4997207221708,14.852175476182877,41.87478600482482,0.1797665857255624,0.9964830363084052,40.080111,1606.415297772321,0.9958005092928006,3.5931942039795284,-2181.533470123032,4359.356241532425,4102.019731564592,89.96816901465641,0.0,57.4
2025-06-22,84.6,100.9,67.6,999.9,6.5,3.2,5.8,77.13473481254053,40.080111,116.584556,35.35,104.70431438883207,14.851675799834338,41.86865779839655,0.16280701293851715,0.9964830363084052,40.080111,1606.415297772321,0.9958005092928006,3.5931942039795284,-2181.533470123032,4359.356241532425,4102.019731564592,89.96816901465641,0.0,63.3
2025-06-23,85.4,100.9,71.6,999.9,6.3,3.4,5.8,49.62738286281105,40.080111,116.584556,35.35,105.68379948994347,14.850182598118518,41.85913526000616,0.1457991969198751,0.9964830363084052,40.080111,1606.415297772321,0.9958005092928006,3.5931942039795284,-2181.533470123032,4359.356241532425,4102.019731564592,89.96816901465641,0.0,66.6
2025-06-24,87.7,100.8,71.6,999.9,6.0,4.0,7.8,17.5,40.080111,116.584556,35.35,108.51191899080138,14.847697011284112,41.84622111748607,0.12874817745258132,0.9964830363084052,40.080111,1606.415297772321,0.9958005092928006,3.5931942039795284,-2181.533470123032,4359.356241532425,4102.019731564592,89.96816901465641,0.0,64.8
2025-06-25,85.2,100.8,73.4,999.9,6.2,3.4,9.7,12.2,40.080111,116.584556,35.35,105.39396863787935,14.844220934912585,41.829918237100294,0.11165900712169512,0.9964830363084052,40.080111,1606.415297772321,0.9958005092928006,3.5931942039795284,-2181.533470123032,4359.356241532425,4102.019731564592,89.96816901465641,0.0,63.9
2025-06-26,82.1,96.1,73.4,999.9,6.3,3.7,7.8,12.2,40.080111,116.584556,35.35,101.52867090941831,14.839757014774905,41.810229622903435,0.09453674981719912,0.9964830363084052,40.080111,1606.415297772321,0.9958005092928006,3.5931942039795284,-2181.533470123032,4359.356241532425,4102.019731564592,89.96816901465641,0.0,66.5
2025-06-27,76.4,87.6,71.6,999.9,5.0,3.7,5.8,10.7,40.080111,116.584556,35.35,94.44509833925629,14.834308639673763,41.78715841660203,0.07738647923346301,0.9964830363084052,40.080111,1606.415297772321,0.9958005092928006,3.5931942039795284,-2181.533470123032,4359.356241532425,4102.019731564592,89.96816901465641,0.0,69.4
2025-06-28,77.8,84.2,72.7,999.9,4.5,3.1,5.8,13.6,40.080111,116.584556,35.35,96.13408822781875,14.827879932311378,41.76070789793981,0.06021327736579302,0.9964830363084052,40.080111,1606.415297772321,0.9958005092928006,3.5931942039795284,-2181.533470123032,4359.356241532425,4102.019731564592,89.96816901465641,0.0,71.4
2025-06-29,79.0,88.5,72.7,999.9,3.8,4.1,15.5,36.9,40.080111,116.584556,35.35,97.5681319433721,14.820475738233737,41.73088148563437,0.04302223300453059,0.9964830363084052,40.080111,1606.415297772321,0.9958005092928006,3.5931942039795284,-2181.533470123032,4359.356241532425,4102.019731564592,89.96816901465641,0.0,72.7
2025-06-30,81.6,89.6,74.7,999.9,5.0,4.4,15.5,29.1,40.080111,116.584556,35.35,100.72229096780443,14.812101612912418,41.69768273889701,0.02581844022713308,0.9964830363084052,40.080111,1606.415297772321,0.9958005092928006,3.5931942039795284,-2181.533470123032,4359.356241532425,4102.019731564592,89.96816901465641,0.0,74.0
2025-07-01,81.5,88.9,75.0,999.9,5.5,5.1,11.7,16.5,40.080111,116.584556,35.35,100.53543752277885,14.802763807034923,41.66111535957262,0.008606996888688698,0.9964830363084052,40.080111,1606.415297772321,0.9958005092928006,3.5931942039795284,-2181.533470123032,4359.356241532425,4102.019731564592,89.96816901465641,0.0,76.0
2025-07-02,83.0,91.4,75.0,999.9,5.4,4.1,11.7,16.1,40.080111,116.584556,35.35,102.31457897974416,14.792469250083492,41.621183194940514,-0.008606996888688009,0.9964830363084052,40.080111,1606.415297772321,0.9958005092928006,3.5931942039795284,-2181.533470123032,4359.356241532425,4102.019731564592,89.96816901465641,0.0,76.1
2025-07-03,80.2,91.2,76.5,999.9,4.8,2.7,3.9,33.56363974519306,40.080111,116.584556,35.35,98.78785730747681,14.781225532290794,41.57789024122042,-0.02581844022713239,0.9964830363084052,40.080111,1606.415297772321,0.9958005092928006,3.5931942039795284,-2181.533470123032,4359.356241532425,4102.019731564592,89.96816901465641,0.0,78.0
2025-07-04,86.7,95.0,77.0,999.9,5.1,3.5,13.6,8.35740674302253,40.080111,116.584556,35.35,106.70632039461898,14.769040885068371,41.53124064783131,-0.04302223300453034,0.9964830363084052,40.080111,1606.415297772321,0.9958005092928006,3.5931942039795284,-2181.533470123032,4359.356241532425,4102.019731564592,89.96816901465641,0.0,79.1
2025-07-05,86.2,96.8,75.2,999.9,6.0,8.2,17.5,25.3,40.080111,116.584556,35.35,105.99672188274273,14.755924160010588,41.481238722452616,-0.060213277365792774,0.9964830363084052,40.080111,1606.415297772321,0.9958005092928006,3.5931942039795284,-2181.533470123032,4359.356241532425,4102.019731564592,89.96816901465641,0.0,70.3
2025-07-06,85.5,95.9,75.2,999.9,6.7,4.4,7.8,14.6,40.080111,116.584556,35.35,105.03592924690041,14.741884806582515,41.42788893693962,-0.07738647923346322,0.9964830363084052,40.080111,1606.415297772321,0.9958005092928006,3.5931942039795284,-2181.533470123032,4359.356241532425,4102.019731564592,89.96816901465641,0.0,67.8
2025-07-07,85.5,93.9,75.2,999.9,6.3,4.9,9.7,17.1,40.080111,116.584556,35.35,104.92939654631265,14.726932848605282,41.371195934145256,-0.09453674981719933,0.9964830363084052,40.080111,1606.415297772321,0.9958005092928006,3.5931942039795284,-2181.533470123032,4359.356241532425,4102.019731564592,89.96816901465641,0.0,68.4
2025-07-08,82.0,93.9,76.3,999.9,6.0,2.5,3.9,17.1,40.080111,116.584556,35.35,100.52570554098449,14.711078859656267,41.31116453570158,-0.11165900712169444,0.9964830363084052,40.080111,1606.415297772321,0.9958005092928006,3.5931942039795284,-2181.533470123032,4359.356241532425,4102.019731564592,89.96816901465641,0.0,74.0
2025-07-09,85.2,93.2,74.1,999.9,5.4,4.0,13.6,19.2,40.080111,116.584556,35.35,104.32977095628355,14.694333937504725,41.247799750812945,-0.12874817745258066,0.9964830363084052,40.080111,1606.415297772321,0.9958005092928006,3.5931942039795284,-2181.533470123032,4359.356241532425,4102.019731564592,89.96816901465641,0.0,75.7
2025-07-10,79.3,92.5,73.4,999.9,5.6,3.0,13.6,19.2,40.080111,116.584556,35.35,96.98858978683641,14.676709677705384,41.181106786112785,-0.14579919691987442,0.9964830363084052,40.080111,1606.415297772321,0.9958005092928006,3.5931942039795284,-2181.533470123032,4359.356241532425,4102.019731564592,89.96816901465641,0.0,76.6
2025-07-11,86.5,95.0,77.0,999.9,5.7,4.2,7.8,9.9,40.080111,116.584556,35.35,105.66132247249931,14.658218146473892,41.11109105663325,-0.16280701293851646,0.9964830363084052,40.080111,1606.415297772321,0.9958005092928006,3.5931942039795284,-2181.533470123032,4359.356241532425,4102.019731564592,89.96816901465641,0.0,75.6
2025-07-12,82.6,96.8,73.4,999.9,5.4,4.7,13.6,25.1,40.080111,116.584556,35.35,100.76423458793134,14.638871852968235,41.03775819793485,-0.17976658572556214,0.9964830363084052,40.080111,1606.415297772321,0.9958005092928006,3.5931942039795284,-2181.533470123032,4359.356241532425,4102.019731564592,89.96816901465641,0.0,74.8
2025-07-13,84.9,97.2,73.4,999.9,6.6,3.8,7.8,12.8,40.080111,116.584556,35.35,103.42718732677977,14.618683721099615,40.961114079440236,-0.19667288979357622,0.9964830363084052,40.080111,1606.415297772321,0.9958005092928006,3.5931942039795284,-2181.533470123032,4359.356241532425,4102.019731564592,89.96816901465641,0.0,70.9
2025-07-14,87.1,97.2,75.2,999.9,6.6,4.7,7.8,12.0,40.080111,116.584556,35.35,105.95473341772201,14.597667060994997,40.88116481901189,-0.2135209154397959,0.9964830363084052,40.080111,1606.415297772321,0.9958005092928006,3.5931942039795284,-2181.533470123032,4359.356241532425,4102.019731564592,89.96816901465641,0.0,70.6
2025-07-15,72.1,93.7,69.8,999.9,4.2,3.4,9.7,12.6,40.080111,116.584556,35.35,87.57647853755601,14.575835540231237,40.79791679880968,-0.23030567023061196,0.9964830363084052,40.080111,1606.415297772321,0.9958005092928006,3.5931942039795284,-2181.533470123032,4359.356241532425,4102.019731564592,89.96816901465641,0.0,69.0
2025-07-16,79.4,88.0,70.2,999.9,5.9,4.2,7.8,13.6,40.080111,116.584556,35.35,96.29369420863816,14.553203154957908,40.71137668245875,-0.24702218048093527,0.9964830363084052,40.080111,1606.415297772321,0.9958005092928006,3.5931942039795284,-2181.533470123032,4359.356241532425,4102.019731564592,89.96816901465641,0.0,70.5
2025-07-17,84.3,95.9,72.5,999.9,6.6,4.2,7.8,14.4,40.080111,116.584556,35.35,102.07173401218144,14.529784201022268,40.621551433552796,-0.2636654927280072,0.9964830363084052,40.080111,1606.415297772321,0.9958005092928006,3.5931942039795284,-2181.533470123032,4359.356241532425,4102.019731564592,89.96816901465641,0.0,68.3
2025-07-18,87.3,96.8,75.9,999.9,6.3,4.2,7.8,12.8,40.080111,116.584556,35.35,105.5281908588723,14.505593245205816,40.52844833551211,-0.2802306751992161,0.9964830363084052,40.080111,1606.415297772321,0.9958005092928006,3.5931942039795284,-2181.533470123032,4359.356241532425,4102.019731564592,89.96816901465641,0.0,71.7
2025-07-19,82.2,96.4,73.4,999.9,6.0,4.3,9.7,12.2,40.080111,116.584556,35.35,99.19241891223696,14.480645096676929,40.432075012808546,-0.2967128192734901,0.9964830363084052,40.080111,1606.415297772321,0.9958005092928006,3.5931942039795284,-2181.533470123032,4359.356241532425,4102.019731564592,89.96816901465641,0.0,74.7
2025-07-20,76.6,89.2,73.4,999.9,5.9,3.5,9.7,10.3,40.080111,116.584556,35.35,92.27079467107991,14.454954778759257,40.33243945356352,-0.3131070409358267,0.9964830363084052,40.080111,1606.415297772321,0.9958005092928006,3.5931942039795284,-2181.533470123032,4359.356241532425,4102.019731564592,89.96816901465641,0.0,72.3
2025-07-21,83.2,93.2,73.8,999.9,5.6,3.6,5.8,9.7,40.080111,116.584556,35.35,100.03786000769357,14.42853750110965,40.22955003351748,-0.3294084822245302,0.9964830363084052,40.080111,1606.415297772321,0.9958005092928006,3.5931942039795284,-2181.533470123032,4359.356241532425,4102.019731564592,89.96816901465641,0.0,72.7
2025-07-22,84.9,93.6,75.4,999.9,4.8,4.1,6.0,11.8,40.080111,116.584556,35.35,101.88996607418574,14.401408632393741,40.12341554136212,-0.3456123126707333,0.9964830363084052,40.080111,1606.415297772321,0.9958005092928006,3.5931942039795284,-2181.533470123032,4359.356241532425,4102.019731564592,89.96816901465641,0.0,73.8
2025-07-23,83.2,93.6,77.0,999.9,5.9,6.5,15.5,25.3,40.080111,116.584556,35.35,99.65684680321849,14.373583673541127,40.014045205418846,-0.3617137307297674,0.9964830363084052,40.080111,1606.415297772321,0.9958005092928006,3.5931942039795284,-2181.533470123032,4359.356241532425,4102.019731564592,89.96816901465641,0.0,77.1
2025-07-24,80.5,92.7,77.0,999.9,5.4,3.6,13.6,25.3,40.080111,116.584556,35.35,96.23156647069,14.345078231655652,39.90144872163914,-0.37770796520396466,0.9964830363084052,40.080111,1606.415297772321,0.9958005092928006,3.5931942039795284,-2181.533470123032,4359.356241532425,4102.019731564592,89.96816901465641,0.0,77.7
2025-07-25,80.6,90.5,75.6,999.9,4.4,2.6,13.6,25.1,40.080111,116.584556,35.35,96.15518203073245,14.315907994649992,39.7856362828951,-0.39359027665646645,0.9964830363084052,40.080111,1606.415297772321,0.9958005092928006,3.5931942039795284,-2181.533470123032,4359.356241532425,4102.019731564592,89.96816901465641,0.0,78.7
2025-07-26,85.7,93.2,76.1,999.9,5.3,6.0,11.7,19.4,40.080111,116.584556,35.35,102.02648351344737,14.286088706667078,39.666618609519844,-0.4093559588156211,0.9964830363084052,40.080111,1606.415297772321,0.9958005092928006,3.5931942039795284,-2181.533470123032,4359.356241532425,4102.019731564592,89.96816901465641,0.0,78.4
2025-07-27,81.0,92.7,77.0,999.9,5.3,3.7,11.7,19.0,40.080111,116.584556,35.35,96.22554397432498,14.255636144344441,39.54440698105006,-0.42500033996955394,0.9964830363084052,40.080111,1606.415297772321,0.9958005092928006,3.5931942039795284,-2181.533470123032,4359.356241532425,4102.019731564592,89.96816901465641,0.0,77.9
2025-07-28,78.0,91.6,73.2,999.9,5.5,4.0,23.3,-3.22726923224284,40.080111,116.584556,35.35,92.45967961081169,14.22456609397103,39.41901326911534,-0.4405187843504952,0.9964830363084052,40.080111,1606.415297772321,0.9958005092928006,3.5931942039795284,-2181.533470123032,4359.356241532425,4102.019731564592,89.96816901465641,0.0,75.9
2025-07-29,78.3,87.8,71.6,999.9,5.8,3.5,5.8,16.5,40.080111,116.584556,35.35,92.60863550050719,14.192894329579646,39.290449971410716,-0.455906693508459,0.9964830363084052,40.080111,1606.415297772321,0.9958005092928006,3.5931942039795284,-2181.533470123032,4359.356241532425,4102.019731564592,89.96816901465641,0.0,74.0
2025-07-30,79.8,91.8,69.8,999.9,6.7,3.3,7.8,11.7,40.080111,116.584556,35.35,94.16823333687906,14.160636592011887,39.158730246682126,-0.47115950767386394,0.9964830363084052,40.080111,1606.415297772321,0.9958005092928006,3.5931942039795284,-2181.533470123032,4359.356241532425,4102.019731564592,89.96816901465641,0.0,65.0
2025-07-31,78.0,91.8,71.6,999.9,6.1,2.7,5.8,127.40353486184596,40.080111,116.584556,35.35,91.8307556984113,14.127808568986353,39.02386795064659,-0.4862727071086902,0.9964830363084052,40.080111,1606.415297772321,0.9958005092928006,3.5931942039795284,-2181.533470123032,4359.356241532425,4102.019731564592,89.96816901465641,0.0,72.1
2025-08-01,83.4,90.1,74.1,999.9,6.1,3.9,5.8,9.9,40.080111,116.584556,35.35,97.95625983955529,14.094425876195004,38.8858776727626,-0.5012418134457756,0.9964830363084052,40.080111,1606.415297772321,0.9958005092928006,3.5931942039795284,-2181.533470123032,4359.356241532425,4102.019731564592,89.96816901465641,0.0,74.6
2025-08-02,82.8,91.4,75.2,999.9,5.8,4.0,11.7,13.6,40.080111,116.584556,35.35,97.01747787218397,14.060504039446954,38.744774773759204,-0.5160623910158526,0.9964830363084052,40.080111,1606.415297772321,0.9958005092928006,3.5931942039795284,-2181.533470123032,4359.356241532425,4102.019731564592,89.96816901465641,0.0,76.7
2025-08-03,85.1,94.5,76.8,999.9,6.0,3.1,5.8,13.6,40.080111,116.584556,35.35,99.46813137225242,14.026058477873432,38.60057542382604,-0.5307300481619331,0.9964830363084052,40.080111,1606.415297772321,0.9958005092928006,3.5931942039795284,-2181.533470123032,4359.356241532425,4102.019731564592,89.96816901465641,0.0,76.9
2025-08-04,82.3,94.5,78.3,999.9,5.2,5.0,9.7,12.8,40.080111,116.584556,35.35,95.95565828159064,13.991104488202769,38.453296641361064,-0.5452404385406507,0.9964830363084052,40.080111,1606.415297772321,0.9958005092928006,3.5931942039795284,-2181.533470123032,4359.356241532425,4102.019731564592,89.96816901465641,0.0,77.0
2025-08-05,82.4,90.5,78.3,999.9,5.4,3.1,5.8,10.3,40.080111,116.584556,35.35,95.82884631341669,13.955657230109225,38.30295633216677,-0.5595892624101763,0.9964830363084052,40.080111,1606.415297772321,0.9958005092928006,3.5931942039795284,-2181.533470123032,4359.356241532425,4102.019731564592,89.96816901465641,0.0,78.5
2025-08-06,87.6,98.6,73.4,999.9,5.8,3.2,11.7,38.7,40.080111,116.584556,35.35,101.61404150223655,13.919731712635144,38.14957332898108,-0.5737722679043243,0.9964830363084052,40.080111,1606.415297772321,0.9958005092928006,3.5931942039795284,-2181.533470123032,4359.356241532425,4102.019731564592,89.96816901465641,0.0,78.2
2025-08-07,85.9,96.8,73.4,999.9,6.0,3.7,5.8,38.7,40.080111,116.584556,35.35,99.38159541220479,13.88334278168169,37.993167431224634,-0.5877852522924734,0.9964830363084052,40.080111,1606.415297772321,0.9958005092928006,3.5931942039795284,-2181.533470123032,4359.356241532425,4102.019731564592,89.96816901465641,0.0,73.0
2025-08-08,73.9,95.5,68.0,999.9,5.1,3.2,9.7,64.23000421093944,40.080111,116.584556,35.35,85.27139396021217,13.846505108559485,37.833759444841554,-0.6016240632249227,0.9964830363084052,40.080111,1606.415297772321,0.9958005092928006,3.5931942039795284,-2181.533470123032,4359.356241532425,4102.019731564592,89.96816901465641,0.0,72.2
2025-08-09,80.6,91.9,69.8,999.9,6.7,4.2,9.7,16.9,40.080111,116.584556,35.35,92.75201618956007,13.809233179587109,37.671371222108455,-0.6152845999633277,0.9964830363084052,40.080111,1606.415297772321,0.9958005092928006,3.5931942039795284,-2181.533470123032,4359.356241532425,4102.019731564592,89.96816901465641,0.0,69.8
2025-08-10,83.3,93.2,71.8,999.9,6.3,5.5,9.7,19.4,40.080111,116.584556,35.35,95.59744909866215,13.77154128672204,37.50602570128187,-0.6287628145958345,0.9964830363084052,40.080111,1606.415297772321,0.9958005092928006,3.5931942039795284,-2181.533470123032,4359.356241532425,4102.019731564592,89.96816901465641,0.0,70.9
2025-08-11,83.0,91.8,73.4,999.9,6.2,5.8,11.7,15.3,40.080111,116.584556,35.35,94.98965100784056,13.733443519205865,37.33774694595348,-0.6420547132365636,0.9964830363084052,40.080111,1606.415297772321,0.9958005092928006,3.5931942039795284,-2181.533470123032,4359.356241532425,4102.019731564592,89.96816901465641,0.0,71.1
2025-08-12,75.6,89.4,69.8,999.9,5.4,3.0,19.4,21.4,40.080111,116.584556,35.35,86.27820866407843,13.694953756202926,37.16656018397925,-0.655156357209085,0.9964830363084052,40.080111,1606.415297772321,0.9958005092928006,3.5931942039795284,-2181.533470123032,4359.356241532425,4102.019731564592,89.96816901465641,0.0,72.3
2025-08-13,75.5,86.9,68.0,999.9,6.0,3.7,9.7,13.2,40.080111,116.584556,35.35,85.91953894674211,13.65608566040934,36.992491845848136,-0.6680638642135333,0.9964830363084052,40.080111,1606.415297772321,0.9958005092928006,3.5931942039795284,-2181.533470123032,4359.356241532425,4102.019731564592,89.96816901465641,0.0,68.1
2025-08-14,77.2,89.6,71.6,999.9,6.5,3.3,13.6,14.4,40.080111,116.584556,35.35,87.60175219377408,13.61685267260737,36.81556960235461,-0.6807734094770159,0.9964830363084052,40.080111,1606.415297772321,0.9958005092928006,3.5931942039795284,-2181.533470123032,4359.356241532425,4102.019731564592,89.96816901465641,0.0,71.7
2025-08-15,78.8,88.5,71.6,999.9,4.7,4.2,9.7,14.4,40.080111,116.584556,35.35,89.15739324687533,13.577268007138377,36.63582240143942,-0.6932812268869771,0.9964830363084052,40.080111,1606.415297772321,0.9958005092928006,3.5931942039795284,-2181.533470123032,4359.356241532425,4102.019731564592,89.96816901465641,0.0,75.2
2025-08-16,78.2,87.8,72.3,999.9,5.5,2.8,5.8,11.7,40.080111,116.584556,35.35,88.21836262453473,13.537344648266197,36.45328050406269,-0.7055836101071774,0.9964830363084052,40.080111,1606.415297772321,0.9958005092928006,3.5931942039795284,-2181.533470123032,4359.356241532425,4102.019731564592,89.96816901465641,0.0,74.0
2025-08-17,82.7,89.8,72.3,999.9,5.7,4.1,7.8,-14.294841033337365,40.080111,116.584556,35.35,93.01748210250966,13.497095347401642,36.26797551897514,-0.7176769136759615,0.9964830363084052,40.080111,1606.415297772321,0.9958005092928006,3.5931942039795284,-2181.533470123032,4359.356241532425,4102.019731564592,89.96816901465641,0.0,75.3
2025-08-18,82.1,89.8,73.4,999.9,5.8,4.4,13.6,23.3,40.080111,116.584556,35.35,92.06511068308772,13.456532621157766,36.079940436253295,-0.7295575540864876,0.9964830363084052,40.080111,1606.415297772321,0.9958005092928006,3.5931942039795284,-2181.533470123032,4359.356241532425,4102.019731564592,89.96816901465641,0.0,76.9
2025-08-19,76.3,89.4,73.4,999.9,6.1,3.8,15.5,31.1,40.080111,116.584556,35.35,85.30129380338695,13.415668750205025,35.8892096594677,-0.7412220108485957,0.9964830363084052,40.080111,1606.415297772321,0.9958005092928006,3.5931942039795284,-2181.533470123032,4359.356241532425,4102.019731564592,89.96816901465641,0.0,74.8
2025-08-20,81.1,87.8,73.0,999.9,6.1,3.6,7.8,72.37816022918098,40.080111,116.584556,35.35,90.389435805697,13.37451577889475,35.695819036354415,-0.7526668275320083,0.9964830363084052,40.080111,1606.415297772321,0.9958005092928006,3.5931942039795284,-2181.533470123032,4359.356241532425,4102.019731564592,89.96816901465641,0.0,75.5
2025-08-21,78.3,87.8,73.4,999.9,5.1,4.7,15.5,63.22595796769239,40.080111,116.584556,35.35,86.99838298941518,13.333085515619185,35.499805887863445,-0.7638886127905429,0.9964830363084052,40.080111,1606.415297772321,0.9958005092928006,3.5931942039795284,-2181.533470123032,4359.356241532425,4102.019731564592,89.96816901465641,0.0,75.8
2025-08-22,81.8,93.2,74.1,999.9,6.3,3.6,5.8,-17.303296374926965,40.080111,116.584556,35.35,90.60297198925599,13.291389533876185,35.30120903546101,-0.7748840413670406,0.9964830363084052,40.080111,1606.415297772321,0.9958005092928006,3.5931942039795284,-2181.533470123032,4359.356241532425,4102.019731564592,89.96816901465641,0.0,72.4
2025-08-23,72.5,90.0,68.0,999.9,6.7,7.9,15.5,13.762203289485962,40.080111,116.584556,35.35,80.04869500962312,13.249439174006586,35.100068826566,-0.7856498550787144,0.9964830363084052,40.080111,1606.415297772321,0.9958005092928006,3.5931942039795284,-2181.533470123032,4359.356241532425,4102.019731564592,89.96816901465641,0.0,67.0
2025-08-24,72.6,82.9,68.0,999.9,6.1,3.2,5.8,-37.870158915280854,40.080111,116.584556,35.35,79.90383555071423,13.2072455455726,34.89642715800543,-0.7961828637826154,0.9964830363084052,40.080111,1606.415297772321,0.9958005092928006,3.5931942039795284,-2181.533470123032,4359.356241532425,4102.019731564592,89.96816901465641,0.0,67.1
