DATE,TEMP,MAX,MIN,STP,VISIB,WDSP,MXSPD,GUST,LATITUDE,LONGITUDE,ELEVATION,PET_Est,DaylightDuration,DailyRadiation,Geo_Zoning_Season,Geo_Zoning_Continentality,Geo_Zoning_Lat_Abs,Geo_Zoning_Lat_2,Geo_Zoning_Atmos_Thickness,Geo_Zoning_Atmos_Log_Elevation,Geo_Spatial_X,Geo_Spatial_Y,Geo_Spatial_Z,Terrain_Slope,Terrain_Aspect,DEWP
2019-01-01,34.9,36.5,33.1,999.9,68.60184308577638,5.3,7.8,0.6038540114488242,29.6166666,119.0166666,172.0,29.49179559679429,10.140445477407779,20.217859880055833,0.017213356155834685,0.9955168540074409,29.6166666,877.1469404955554,0.9797320231497504,5.153291594497779,-2686.5932928292873,4843.41940281919,3148.514882816864,0.0,180.0,32.1
2019-01-02,34.9,35.6,34.7,999.9,15.420888695345004,4.9,5.8,48.65712583168328,29.6166666,119.0166666,172.0,29.513954906692636,10.14806472436423,20.269904170854744,0.03442161162274574,0.9955168540074409,29.6166666,877.1469404955554,0.9797320231497504,5.153291594497779,-2686.5932928292873,4843.41940281919,3148.514882816864,0.0,180.0,33.3
2019-01-03,40.8,41.4,39.6,999.9,-1.672902637315568,2.9,3.9,57.804777151915665,29.6166666,119.0166666,172.0,34.5314063069094,10.156295972620413,20.326030508705657,0.051619667223253764,0.9955168540074409,29.6166666,877.1469404955554,0.9797320231497504,5.153291594497779,-2686.5932928292873,4843.41940281919,3148.514882816864,0.0,180.0,38.3
2019-01-04,46.6,47.7,45.5,999.9,4.0,1.5,3.9,23.818151758590894,29.6166666,119.0166666,172.0,39.47460335118875,10.16513391017736,20.38621684299881,0.06880242680231986,0.9955168540074409,29.6166666,877.1469404955554,0.9797320231497504,5.153291594497779,-2686.5932928292873,4843.41940281919,3148.514882816864,0.0,180.0,46.3
2019-01-05,45.4,45.9,44.6,999.9,9.8,2.4,3.9,-77.72252252368567,29.6166666,119.0166666,172.0,38.49380071045706,10.174572875010677,20.450439341236745,0.08596479873744647,0.9955168540074409,29.6166666,877.1469404955554,0.9797320231497504,5.153291594497779,-2686.5932928292873,4843.41940281919,3148.514882816864,0.0,180.0,43.5
2019-01-06,44.5,46.4,42.3,999.9,9.6,4.9,5.8,89.45615825598446,29.6166666,119.0166666,172.0,37.76791713252183,10.184606867196898,20.518672384786978,0.10310169744743485,0.9955168540074409,29.6166666,877.1469404955554,0.9797320231497504,5.153291594497779,-2686.5932928292873,4843.41940281919,3148.514882816864,0.0,180.0,39.7
2019-01-07,43.6,44.1,42.8,999.9,11.0,2.9,5.8,106.52332600536516,29.6166666,119.0166666,172.0,37.04266740718669,10.195229561611015,20.590888564980954,0.1202080448993527,0.9955168540074409,29.6166666,877.1469404955554,0.9797320231497504,5.153291594497779,-2686.5932928292873,4843.41940281919,3148.514882816864,0.0,180.0,41.6
2019-01-08,40.8,44.6,37.8,999.9,6.6,5.3,7.8,31.865628321002713,29.6166666,119.0166666,172.0,34.70187669188161,10.20643432114165,20.66705867965373,0.13727877211326478,0.9955168540074409,29.6166666,877.1469404955554,0.9797320231497504,5.153291594497779,-2686.5932928292873,4843.41940281919,3148.514882816864,0.0,180.0,38.6
2019-01-09,37.8,38.7,37.4,999.9,5.6,5.8,7.8,14.060906828782601,29.6166666,119.0166666,172.0,32.187374762662934,10.218214210369187,20.74715173022201,0.15430882066428117,0.9955168540074409,29.6166666,877.1469404955554,0.9797320231497504,5.153291594497779,-2686.5932928292873,4843.41940281919,3148.514882816864,0.0,180.0,36.5
2019-01-10,43.0,43.9,42.3,999.9,-56.25109399228988,3.9,5.8,-117.81065366774509,29.6166666,119.0166666,172.0,36.659513867916786,10.230562009651196,20.83113491939981,0.1712931441814776,0.9955168540074409,29.6166666,877.1469404955554,0.9797320231497504,5.153291594497779,-2686.5932928292873,4843.41940281919,3148.514882816864,0.0,180.0,41.8
2019-01-11,45.9,46.4,45.5,999.9,17.2,2.4,3.9,-137.727937386676,29.6166666,119.0166666,172.0,39.18127362806266,10.243470229558866,20.91897364965319,0.1882267098432442,0.9955168540074409,29.6166666,877.1469404955554,0.9797320231497504,5.153291594497779,-2686.5932928292873,4843.41940281919,3148.514882816864,0.0,180.0,44.5
2019-01-12,47.1,50.0,43.7,999.9,13.7,4.4,5.8,-30.13755553168444,29.6166666,119.0166666,172.0,40.25845466801134,10.256931125607984,21.01063152249608,0.2051044998686192,0.9955168540074409,29.6166666,877.1469404955554,0.9797320231497504,5.153291594497779,-2686.5932928292873,4843.41940281919,3148.514882816864,0.0,180.0,42.1
2019-01-13,44.3,47.7,41.0,999.9,4.8,3.9,5.8,-39.01091152071284,29.6166666,119.0166666,172.0,37.916874699666835,10.270936713228037,21.106070338729907,0.2219215130041655,0.9955168540074409,29.6166666,877.1469404955554,0.9797320231497504,5.153291594497779,-2686.5932928292873,4843.41940281919,3148.514882816864,0.0,180.0,35.7
2019-01-14,42.6,42.8,41.9,999.9,1.7,3.4,3.9,193.6089665291425,29.6166666,119.0166666,172.0,36.51344967934266,10.285478782913426,21.205250099729373,0.2386727660059501,0.9955168540074409,29.6166666,877.1469404955554,0.9797320231497504,5.153291594497779,-2686.5932928292873,4843.41940281919,3148.514882816864,0.0,180.0,39.5
2019-01-15,41.5,44.1,38.7,999.9,3.2,4.4,5.8,99.38179399221214,29.6166666,119.0166666,172.0,35.6227316661092,10.300548915501457,21.308129009876353,0.255353295116187,0.9955168540074409,29.6166666,877.1469404955554,0.9797320231497504,5.153291594497779,-2686.5932928292873,4843.41940281919,3148.514882816864,0.0,180.0,39.5
2019-01-16,38.8,39.6,37.6,999.9,2.3,3.4,5.8,58.48020543450511,29.6166666,119.0166666,172.0,33.35551447532378,10.31613849752282,21.414663480242197,0.2719581575341055,0.9955168540074409,29.6166666,877.1469404955554,0.9797320231497504,5.153291594497779,-2686.5932928292873,4843.41940281919,3148.514882816864,0.0,180.0,36.8
2019-01-17,41.5,46.8,36.0,999.9,4.5,2.4,3.9,16.619901172547586,29.6166666,119.0166666,172.0,35.73232563064296,10.332238736571458,21.524808133617135,0.288482432880609,0.9955168540074409,29.6166666,877.1469404955554,0.9797320231497504,5.153291594497779,-2686.5932928292873,4843.41940281919,3148.514882816864,0.0,180.0,35.5
2019-01-18,45.4,52.2,42.1,999.9,-1.8892300845242165,1.9,3.9,-92.20915544603922,29.6166666,119.0166666,172.0,39.153113893296556,10.348840676642261,21.63851581098327,0.30492122465628907,0.9955168540074409,29.6166666,877.1469404955554,0.9797320231497504,5.153291594497779,-2686.5932928292873,4843.41940281919,3148.514882816864,0.0,180.0,38.8
2019-01-19,47.5,50.4,45.0,999.9,6.4,2.9,3.9,231.03715101358205,29.6166666,119.0166666,172.0,41.03182688632269,10.365935213386784,21.75573757952425,0.3212696616923644,0.9955168540074409,29.6166666,877.1469404955554,0.9797320231497504,5.153291594497779,-2686.5932928292873,4843.41940281919,3148.514882816864,0.0,180.0,44.6
2019-01-20,43.7,47.3,37.8,999.9,2.2,4.9,7.8,-17.732191903579473,29.6166666,119.0166666,172.0,37.8132935728121,10.38351310923902,21.876422742261934,0.3375228995941133,0.9955168540074409,29.6166666,877.1469404955554,0.9797320231497504,5.153291594497779,-2686.5932928292873,4843.41940281919,3148.514882816864,0.0,180.0,33.5
2019-01-21,42.4,46.4,38.7,999.9,-29.59615336801036,1.5,1.9,-126.335591435649,29.6166666,119.0166666,172.0,36.752196362891574,10.401565008365539,22.0005188494063,0.3536761221763716,0.9955168540074409,29.6166666,877.1469404955554,0.9797320231497504,5.153291594497779,-2686.5932928292873,4843.41940281919,3148.514882816864,0.0,180.0,31.9
2019-01-22,43.8,51.8,36.5,999.9,2.8,2.9,5.8,13.013790521123324,29.6166666,119.0166666,172.0,38.03329729759686,10.4200814513964,22.127971711500223,0.3697245428906731,0.9955168540074409,29.6166666,877.1469404955554,0.9797320231497504,5.153291594497779,-2686.5932928292873,4843.41940281919,3148.514882816864,0.0,180.0,33.4
2019-01-23,43.4,52.7,36.0,999.9,101.83123913610339,2.9,3.9,138.99886312360076,29.6166666,119.0166666,172.0,37.754574618456544,10.43905288989582,22.25872541443665,0.38566340624360707,0.9955168540074409,29.6166666,877.1469404955554,0.9797320231497504,5.153291594497779,-2686.5932928292873,4843.41940281919,3148.514882816864,0.0,180.0,33.8
2019-01-24,46.5,57.6,41.0,999.9,7.1,2.9,3.9,144.90585197018086,29.6166666,119.0166666,172.0,40.52657008956913,10.45846970053397,22.39272233642021,0.401487989205973,0.9955168540074409,29.6166666,877.1469404955554,0.9797320231497504,5.153291594497779,-2686.5932928292873,4843.41940281919,3148.514882816864,0.0,180.0,34.0
2019-01-25,46.8,51.8,42.8,999.9,78.52622426449916,3.4,5.8,-232.0553510257057,29.6166666,119.0166666,172.0,40.865456575803655,10.478322198924015,22.52990316693979,0.4171936026123168,0.9955168540074409,29.6166666,877.1469404955554,0.9797320231497504,5.153291594497779,-2686.5932928292873,4843.41940281919,3148.514882816864,0.0,180.0,34.8
2019-01-26,41.1,48.2,33.3,999.9,9.5,4.4,5.8,145.72101253017485,29.6166666,119.0166666,172.0,35.95770723683694,10.498600653091076,22.670206927813073,0.4327755925504312,0.9955168540074409,29.6166666,877.1469404955554,0.9797320231497504,5.153291594497779,-2686.5932928292873,4843.41940281919,3148.514882816864,0.0,180.0,24.7
2019-01-27,45.2,50.4,42.8,999.9,8.1,2.4,3.9,-53.5282717840404,29.6166666,119.0166666,172.0,39.62267895031052,10.519295296542616,22.813570996357708,0.4482293417404106,0.9955168540074409,29.6166666,877.1469404955554,0.9797320231497504,5.153291594497779,-2686.5932928292873,4843.41940281919,3148.514882816864,0.0,180.0,31.1
2019-01-28,46.5,49.5,43.9,999.9,6.5,5.3,7.8,-173.61230162733085,29.6166666,119.0166666,172.0,40.84403582103574,10.54039634091245,22.959931130737463,0.4635502709028509,0.9955168540074409,29.6166666,877.1469404955554,0.9797320231497504,5.153291594497779,-2686.5932928292873,4843.41940281919,3148.514882816864,0.0,180.0,33.1
2019-01-29,49.0,54.9,43.9,999.9,-74.74133201157653,3.4,3.9,121.98175259285173,29.6166666,119.0166666,172.0,43.12773378495956,10.561893988153361,23.109221497525116,0.47873384011578846,0.9955168540074409,29.6166666,877.1469404955554,0.9797320231497504,5.153291594497779,-2686.5932928292873,4843.41940281919,3148.514882816864,0.0,180.0,38.3
2019-01-30,51.9,54.7,50.4,999.9,1.9,1.9,1.9,128.177008880461,29.6166666,119.0166666,172.0,45.77484176275743,10.583778442256055,23.26137470151687,0.49377555015997715,0.9955168540074409,29.6166666,877.1469404955554,0.9797320231497504,5.153291594497779,-2686.5932928292873,4843.41940281919,3148.514882816864,0.0,180.0,46.9
2019-01-31,44.1,51.8,38.3,999.9,18.6,3.9,5.8,41.87662153061177,29.6166666,119.0166666,172.0,38.9771967077452,10.606039920474883,23.41632181782623,0.5086709438521044,0.9955168540074409,29.6166666,877.1469404955554,0.9797320231497504,5.153291594497779,-2686.5932928292873,4843.41940281919,3148.514882816864,0.0,180.0,34.9
2019-02-01,44.0,48.2,42.3,999.9,11.0,2.9,3.9,32.74763253026846,29.6166666,119.0166666,172.0,38.971785101492664,10.628668664043454,23.573992426277915,0.5234156073655503,0.9955168540074409,29.6166666,877.1469404955554,0.9797320231497504,5.153291594497779,-2686.5932928292873,4843.41940281919,3148.514882816864,0.0,180.0,35.5
2019-02-02,51.9,53.1,51.3,999.9,9.0,2.9,3.9,108.1960756693846,29.6166666,119.0166666,172.0,46.06840765168232,10.651654948365856,23.73431464811522,0.5380051715382996,0.9955168540074409,29.6166666,877.1469404955554,0.9797320231497504,5.153291594497779,-2686.5932928292873,4843.41940281919,3148.514882816864,0.0,180.0,45.6
2019-02-03,51.6,59.9,45.5,999.9,7.6,4.4,5.8,101.56641748988828,29.6166666,119.0166666,172.0,45.9024530984885,10.674989092671744,23.89721518502666,0.5524353131676196,0.9955168540074409,29.6166666,877.1469404955554,0.9797320231497504,5.153291594497779,-2686.5932928292873,4843.41940281919,3148.514882816864,0.0,180.0,44.6
2019-02-04,48.9,55.4,44.1,999.9,2.7,4.9,7.8,150.68205860506336,29.6166666,119.0166666,172.0,43.59704548668857,10.69866146912603,24.062619360490462,0.5667017562911176,0.9955168540074409,29.6166666,877.1469404955554,0.9797320231497504,5.153291594497779,-2686.5932928292873,4843.41940281919,3148.514882816864,0.0,180.0,38.3
2019-02-05,48.2,48.6,47.3,999.9,0.8,3.4,5.8,28.190958075963927,29.6166666,119.0166666,172.0,43.069361087401205,10.722662511386192,24.230451163427766,0.5808002734538009,0.9955168540074409,29.6166666,877.1469404955554,0.9797320231497504,5.153291594497779,-2686.5932928292873,4843.41940281919,3148.514882816864,0.0,180.0,47.0
2019-02-06,55.8,62.6,53.1,999.9,9.862146961234506,1.9,3.9,212.85578112100947,29.6166666,119.0166666,172.0,49.973469660102054,10.746982722602594,24.400633294148022,0.5947266869607634,0.9955168540074409,29.6166666,877.1469404955554,0.9797320231497504,5.153291594497779,-2686.5932928292873,4843.41940281919,3148.514882816864,0.0,180.0,52.3
2019-02-07,44.5,54.9,36.0,999.9,11.3,7.3,9.7,310.04729317854344,29.6166666,119.0166666,172.0,39.94473036560302,10.771612682859242,24.573087212562513,0.6084768701151261,0.9955168540074409,29.6166666,877.1469404955554,0.9797320231497504,5.153291594497779,-2686.5932928292873,4843.41940281919,3148.514882816864,0.0,180.0,40.6
2019-02-08,36.6,36.9,36.5,999.9,12.6,6.3,9.7,-109.530560320996,29.6166666,119.0166666,172.0,32.92945632096613,10.79654305605447,24.747733188634406,0.6220467484408675,0.9955168540074409,29.6166666,877.1469404955554,0.9797320231497504,5.153291594497779,-2686.5932928292873,4843.41940281919,3148.514882816864,0.0,180.0,34.0
2019-02-09,35.6,37.8,34.2,999.9,14.9,8.3,9.7,132.65487760755104,29.6166666,119.0166666,172.0,32.104568302128236,10.821764596223,24.924490355026467,0.6354323008901774,0.9955168540074409,29.6166666,877.1469404955554,0.9797320231497504,5.153291594497779,-2686.5932928292873,4843.41940281919,3148.514882816864,0.0,180.0,33.0
2019-02-10,35.7,36.0,35.6,999.9,12.6,2.9,3.9,11.544909418053908,29.6166666,119.0166666,172.0,32.27062275607495,10.847268153302503,25.103276761900183,0.6486295610349814,0.9955168540074409,29.6166666,877.1469404955554,0.9797320231497504,5.153291594497779,-2686.5932928292873,4843.41940281919,3148.514882816864,0.0,180.0,33.3
2019-02-11,36.5,37.6,36.0,999.9,7.3,3.9,3.9,-19.01231760339515,29.6166666,119.0166666,172.0,33.072177563313275,10.87304467834957,25.28400943381284,0.6616346182422783,0.9955168540074409,29.6166666,877.1469404955554,0.9797320231497504,5.153291594497779,-2686.5932928292873,4843.41940281919,3148.514882816864,0.0,180.0,34.2
2019-02-12,39.4,40.1,38.7,999.9,8.8,3.4,3.9,42.84106428542653,29.6166666,119.0166666,172.0,35.78532983262749,10.899085228211419,25.466604428652197,0.6744436188329455,0.9955168540074409,29.6166666,877.1469404955554,0.9797320231497504,5.153291594497779,-2686.5932928292873,4843.41940281919,3148.514882816864,0.0,180.0,37.6
2019-02-13,41.5,41.9,41.0,999.9,-39.27051929408659,5.3,7.8,-156.27876192092074,29.6166666,119.0166666,172.0,37.783609186744755,10.925380969661134,25.65097689854123,0.6870527672236669,0.9955168540074409,29.6166666,877.1469404955554,0.9797320231497504,5.153291594497779,-2686.5932928292873,4843.41940281919,3148.514882816864,0.0,180.0,40.3
2019-02-14,43.0,43.7,42.3,999.9,13.6,2.9,5.8,15.761671218200535,29.6166666,119.0166666,172.0,39.24439140576975,10.95192318300551,25.83704115263909,0.699458327051647,0.9955168540074409,29.6166666,877.1469404955554,0.9797320231497504,5.153291594497779,-2686.5932928292873,4843.41940281919,3148.514882816864,0.0,180.0,40.2
2019-02-15,42.4,43.9,40.1,999.9,-7.336358980454844,3.9,3.9,133.99670489415803,29.6166666,119.0166666,172.0,38.79141820362078,10.978703265175692,26.024710721757476,0.7116566222817746,0.9955168540074409,29.6166666,877.1469404955554,0.9797320231497504,5.153291594497779,-2686.5932928292873,4843.41940281919,3148.514882816864,0.0,180.0,41.6
2019-02-16,37.4,40.1,35.6,999.9,4.2,4.9,5.8,-71.36524217766139,29.6166666,119.0166666,172.0,34.30113801570545,11.005712732311908,26.213898424705807,0.7236440382959124,0.9955168540074409,29.6166666,877.1469404955554,0.9797320231497504,5.153291594497779,-2686.5932928292873,4843.41940281919,3148.514882816864,0.0,180.0,35.8
2019-02-17,35.9,36.5,35.6,999.9,2.5,4.9,7.8,-3.355448618369433,29.6166666,119.0166666,172.0,33.00688847204769,11.032943221854381,26.404516436272043,0.7354170229639855,0.9955168540074409,29.6166666,877.1469404955554,0.9797320231497504,5.153291594497779,-2686.5932928292873,4843.41940281919,3148.514882816864,0.0,180.0,33.9
2019-02-18,41.8,43.9,38.7,999.9,6.5,3.9,5.8,182.10799544699603,29.6166666,119.0166666,172.0,38.527012954634685,11.0603864941535,26.59647635674062,0.7469720876965552,0.9955168540074409,29.6166666,877.1469404955554,0.9797320231497504,5.153291594497779,-2686.5932928292873,4843.41940281919,3148.514882816864,0.0,180.0,41.1
2019-02-19,47.5,51.1,42.3,999.9,13.2,4.4,5.8,-4.919640315744731,29.6166666,119.0166666,172.0,43.89013629971749,11.088034433612838,26.789689282843238,0.7583058084785624,0.9955168540074409,29.6166666,877.1469404955554,0.9797320231497504,5.153291594497779,-2686.5932928292873,4843.41940281919,3148.514882816864,0.0,180.0,44.1
2019-02-20,41.7,42.3,41.0,999.9,13.8,4.9,5.8,-24.733170494785597,29.6166666,119.0166666,172.0,38.627679696593205,11.11587904937934,26.98406588003287,0.7694148268839378,0.9955168540074409,29.6166666,877.1469404955554,0.9797320231497504,5.153291594497779,-2686.5932928292873,4843.41940281919,3148.514882816864,0.0,180.0,40.3
2019-02-21,41.8,42.8,40.5,999.9,9.6,4.4,5.8,-1.8601605825729912,29.6166666,119.0166666,172.0,38.817961789990605,11.14391247559539,27.179516455966827,0.7802958510707755,0.9955168540074409,29.6166666,877.1469404955554,0.9797320231497504,5.153291594497779,-2686.5932928292873,4843.41940281919,3148.514882816864,0.0,180.0,40.6
2019-02-22,43.4,46.4,40.5,999.9,11.3,4.4,7.8,22.389337299063442,29.6166666,119.0166666,172.0,40.405859212607886,11.172126971227987,27.375951035079623,0.7909456567567772,0.9955168540074409,29.6166666,877.1469404955554,0.9797320231497504,5.153291594497779,-2686.5932928292873,4843.41940281919,3148.514882816864,0.0,180.0,40.0
2019-02-23,38.7,42.3,35.1,999.9,75.17087813638504,3.4,3.9,50.0007673499181,29.6166666,119.0166666,172.0,36.121660615356646,11.200514919490432,27.573279434122437,0.8013610881746766,0.9955168540074409,29.6166666,877.1469404955554,0.9797320231497504,5.153291594497779,-2686.5932928292873,4843.41940281919,3148.514882816864,0.0,180.0,35.8
2019-02-24,46.1,47.7,44.6,999.9,3.0,2.4,3.9,102.9134921510933,29.6166666,119.0166666,172.0,43.138339409901164,11.22906882687232,27.771411338541775,0.8115390590073611,0.9955168540074409,29.6166666,877.1469404955554,0.9797320231497504,5.153291594497779,-2686.5932928292873,4843.41940281919,3148.514882816864,0.0,180.0,40.3
2019-02-25,46.3,47.3,44.8,999.9,2.1,3.4,3.9,-1.4380062576303896,29.6166666,119.0166666,172.0,43.43627293325384,11.257781321793653,27.970256379566486,0.8214765533024142,0.9955168540074409,29.6166666,877.1469404955554,0.9797320231497504,5.153291594497779,-2686.5932928292873,4843.41940281919,3148.514882816864,0.0,180.0,42.1
2019-02-26,46.4,48.2,45.0,999.9,1.6,3.4,5.8,112.23912422352245,29.6166666,119.0166666,172.0,43.64169459120975,11.286645152899073,28.16972421186889,0.8311706263658079,0.9955168540074409,29.6166666,877.1469404955554,0.9797320231497504,5.153291594497779,-2686.5932928292873,4843.41940281919,3148.514882816864,0.0,180.0,42.2
2019-02-27,45.6,46.4,44.8,999.9,12.1,3.9,5.8,23.47999060688047,29.6166666,119.0166666,172.0,42.99948211063121,11.315653187008213,28.369724591663115,0.8406184056344782,0.9955168540074409,29.6166666,877.1469404955554,0.9797320231497504,5.153291594497779,-2686.5932928292873,4843.41940281919,3148.514882816864,0.0,180.0,44.2
2019-02-28,47.6,49.5,45.9,999.9,10.1,4.4,7.8,-28.117682715057278,29.6166666,119.0166666,172.0,45.001033680061205,11.34479840673812,28.570167455100897,0.8498170915275278,0.9955168540074409,29.6166666,877.1469404955554,0.9797320231497504,5.153291594497779,-2686.5932928292873,4843.41940281919,3148.514882816864,0.0,180.0,43.7
2019-03-01,44.6,45.7,44.1,999.9,10.220494012940577,4.4,5.8,58.6098841342065,29.6166666,119.0166666,172.0,42.27364135737414,11.37407390781367,28.770962996823265,0.8587639582758029,0.9955168540074409,29.6166666,877.1469404955554,0.9797320231497504,5.153291594497779,-2686.5932928292873,4843.41940281919,3148.514882816864,0.0,180.0,43.6
2019-03-02,47.1,49.1,45.7,999.9,9.6,2.4,3.9,74.15176565675029,29.6166666,119.0166666,172.0,44.75863111712079,11.40347289608173,28.97202174852466,0.8674563547295969,0.9955168540074409,29.6166666,877.1469404955554,0.9797320231497504,5.153291594497779,-2686.5932928292873,4843.41940281919,3148.514882816864,0.0,180.0,45.4
2019-03-03,46.7,48.2,43.2,999.9,9.2,4.9,9.7,34.88813687363375,29.6166666,119.0166666,172.0,44.4933809628523,11.432988684244702,29.17325465738484,0.8758917051442429,0.9955168540074409,29.6166666,877.1469404955554,0.9797320231497504,5.153291594497779,-2686.5932928292873,4843.41940281919,3148.514882816864,0.0,180.0,44.1
2019-03-04,53.3,59.9,50.4,999.9,8.9,5.8,7.8,-153.07439534554823,29.6166666,119.0166666,172.0,50.91311357399398,11.462614688328852,29.37457316422261,0.8840675099433636,0.9955168540074409,29.6166666,877.1469404955554,0.9797320231497504,5.153291594497779,-2686.5932928292873,4843.41940281919,3148.514882816864,0.0,180.0,42.6
2019-03-05,49.7,50.2,49.3,999.9,2.3,2.4,5.8,-89.7418535105314,29.6166666,119.0166666,172.0,47.597459822330144,11.492344423902649,29.575889281225326,0.8919813464595485,0.9955168540074409,29.6166666,877.1469404955554,0.9797320231497504,5.153291594497779,-2686.5932928292873,4843.41940281919,3148.514882816864,0.0,180.0,48.2
2019-03-06,52.9,57.2,45.0,999.9,11.2,2.9,3.9,-49.81354066038163,29.6166666,119.0166666,172.0,50.79357270491479,11.522171502060067,29.777115669107808,0.8996308696522433,0.9955168540074409,29.6166666,877.1469404955554,0.9797320231497504,5.153291594497779,-2686.5932928292873,4843.41940281919,3148.514882816864,0.0,180.0,44.9
2019-03-07,48.4,53.1,43.9,999.9,3.0,6.3,9.7,-42.24536157867189,29.6166666,119.0166666,172.0,46.593428154906974,11.552089625183546,29.97816571355429,0.9070138128026359,0.9955168540074409,29.6166666,877.1469404955554,0.9797320231497504,5.153291594497779,-2686.5932928292873,4843.41940281919,3148.514882816864,0.0,180.0,33.3
2019-03-08,48.6,50.2,46.6,999.9,4.7,2.4,5.8,62.444503417116266,29.6166666,119.0166666,172.0,46.90747495912926,11.582092582501051,30.178953600798266,0.9141279881853337,0.9955168540074409,29.6166666,877.1469404955554,0.9797320231497504,5.153291594497779,-2686.5932928292873,4843.41940281919,3148.514882816864,0.0,180.0,39.1
2019-03-09,49.4,51.1,48.6,999.9,3.6,3.4,5.8,-212.06490755850328,29.6166666,119.0166666,172.0,47.803450643774845,11.61217424545138,30.379394392195525,0.9209712877166346,0.9955168540074409,29.6166666,877.1469404955554,0.9797320231497504,5.153291594497779,-2686.5932928292873,4843.41940281919,3148.514882816864,0.0,180.0,46.9
2019-03-10,54.6,63.9,46.4,999.9,4.4,2.4,3.9,87.61311538133654,29.6166666,119.0166666,172.0,52.97259496106565,11.642328562871572,30.57940409764763,0.9275416835791966,0.9955168540074409,29.6166666,877.1469404955554,0.9797320231497504,5.153291594497779,-2686.5932928292873,4843.41940281919,3148.514882816864,0.0,180.0,45.1
2019-03-11,54.1,66.6,45.9,999.9,6.5,2.9,5.8,-52.003867195656674,29.6166666,119.0166666,172.0,52.623744248390175,11.672549556020002,30.778899747734673,0.9338372288229252,0.9955168540074409,29.6166666,877.1469404955554,0.9797320231497504,5.153291594497779,-2686.5932928292873,4843.41940281919,3148.514882816864,0.0,180.0,44.0
2019-03-12,57.4,70.7,47.5,999.9,12.6,2.4,3.9,-40.12157182028793,29.6166666,119.0166666,172.0,55.97854311599521,11.702831313448476,30.977799464418574,0.9398560579418954,0.9955168540074409,29.6166666,877.1469404955554,0.9797320231497504,5.153291594497779,-2686.5932928292873,4843.41940281919,3148.514882816864,0.0,180.0,39.7
2019-03-14,50.6,54.7,48.2,999.9,10.7,2.9,5.8,22.236462661832917,29.6166666,119.0166666,172.0,49.60298510608475,11.76355378009915,31.373489455459705,0.9510565162951535,0.9955168540074409,29.6166666,877.1469404955554,0.9797320231497504,5.153291594497779,-2686.5932928292873,4843.41940281919,3148.514882816864,0.0,180.0,46.9
2019-03-15,54.2,66.4,45.5,999.9,14.6,3.4,7.8,-66.63717111690528,29.6166666,119.0166666,172.0,53.26948967956463,11.793982954885157,31.570122044263044,0.9562348265919056,0.9955168540074409,29.6166666,877.1469404955554,0.9797320231497504,5.153291594497779,-2686.5932928292873,4843.41940281919,3148.514882816864,0.0,180.0,42.5
2019-03-16,56.7,63.9,48.2,999.9,12.6,2.4,3.9,141.95052823787938,29.6166666,119.0166666,172.0,55.87052537101102,11.824449813970585,31.765843457820456,0.9611297838723007,0.9955168540074409,29.6166666,877.1469404955554,0.9797320231497504,5.153291594497779,-2686.5932928292873,4843.41940281919,3148.514882816864,0.0,180.0,41.6
2019-03-17,59.6,68.4,54.0,999.9,8.2,1.9,1.9,-137.98431678877833,29.6166666,119.0166666,172.0,58.87957854863296,11.85494870106704,31.9605782761631,0.9657399376548549,0.9955168540074409,29.6166666,877.1469404955554,0.9797320231497504,5.153291594497779,-2686.5932928292873,4843.41940281919,3148.514882816864,0.0,180.0,47.9
2019-03-18,52.5,54.0,51.8,999.9,1.2,1.9,1.9,-6.133364225860001,29.6166666,119.0166666,172.0,51.99894872354063,11.885473993952143,32.15425255750737,0.9700639218515071,0.9955168540074409,29.6166666,877.1469404955554,0.9797320231497504,5.153291594497779,-2686.5932928292873,4843.41940281919,3148.514882816864,0.0,180.0,51.5
2019-03-19,60.1,69.8,55.4,999.9,-16.576541371061133,2.4,3.9,124.82718261035714,29.6166666,119.0166666,172.0,59.67940066066512,11.916020098635297,32.346793895331814,0.9741004551724205,0.9955168540074409,29.6166666,877.1469404955554,0.9797320231497504,5.153291594497779,-2686.5932928292873,4843.41940281919,3148.514882816864,0.0,180.0,53.2
2019-03-20,68.7,77.0,63.9,999.9,6.6,2.4,3.9,44.94339820505139,29.6166666,119.0166666,172.0,68.39417876386614,11.946581443470068,32.538131473039,0.9778483415056568,0.9955168540074409,29.6166666,877.1469404955554,0.9797320231497504,5.153291594497779,-2686.5932928292873,4843.41940281919,3148.514882816864,0.0,180.0,62.8
2019-03-21,54.0,58.5,48.6,999.9,4.8,9.2,13.6,-33.655764841413955,29.6166666,119.0166666,172.0,53.89718612951073,11.977152473224606,32.72819611610023,0.9813064702716093,0.9955168540074409,29.6166666,877.1469404955554,0.9797320231497504,5.153291594497779,-2686.5932928292873,4843.41940281919,3148.514882816864,0.0,180.0,51.9
2019-03-22,47.2,50.0,44.8,999.9,7.6,5.3,5.8,-6.72786580154621,29.6166666,119.0166666,172.0,47.23039539627728,12.00772764312134,32.91692034158607,0.9844738167520922,0.9955168540074409,29.6166666,877.1469404955554,0.9797320231497504,5.153291594497779,-2686.5932928292873,4843.41940281919,3148.514882816864,0.0,180.0,40.1
2019-03-23,51.8,58.3,44.1,999.9,15.4,4.4,5.8,73.9630923204389,29.6166666,119.0166666,172.0,51.96533443216692,12.038301412857201,33.10423840499208,0.9873494423939864,0.9955168540074409,29.6166666,877.1469404955554,0.9797320231497504,5.153291594497779,-2686.5932928292873,4843.41940281919,3148.514882816864,0.0,180.0,38.6
2019-03-24,56.0,59.9,49.5,999.9,10.4,3.9,5.8,223.53760555840478,29.6166666,119.0166666,172.0,56.32138512287241,12.068868240615517,33.29008634427477,0.989932495087353,0.9955168540074409,29.6166666,877.1469404955554,0.9797320231497504,5.153291594497779,-2686.5932928292873,4843.41940281919,3148.514882816864,0.0,180.0,43.6
2019-03-25,51.0,54.0,48.4,999.9,-41.89593962202586,2.9,3.9,145.60837838994757,29.6166666,119.0166666,172.0,51.42254595259304,12.099422577080716,33.47440202101971,0.9922222094179323,0.9955168540074409,29.6166666,877.1469404955554,0.9797320231497504,5.153291594497779,-2686.5932928292873,4843.41940281919,3148.514882816864,0.0,180.0,49.0
2019-03-26,56.5,60.1,54.0,999.9,6.3,1.5,1.9,-34.63479329714345,29.6166666,119.0166666,172.0,57.111889629990486,12.129958859467004,33.65712515866978,0.994217906893952,0.9955168540074409,29.6166666,877.1469404955554,0.9797320231497504,5.153291594497779,-2686.5932928292873,4843.41940281919,3148.514882816864,0.0,180.0,52.0
2019-03-27,59.2,60.3,58.5,999.9,4.0,2.4,3.9,326.95355583851955,29.6166666,119.0166666,172.0,59.99165942748941,12.160471505572177,33.83819737774878,0.995918996147179,0.9955168540074409,29.6166666,877.1469404955554,0.9797320231497504,5.153291594497779,-2686.5932928292873,4843.41940281919,3148.514882816864,0.0,180.0,57.7
2019-03-28,57.3,59.2,55.8,999.9,58.5082744381633,3.4,3.9,-278.95574271187866,29.6166666,119.0166666,172.0,58.21180968506895,12.190954907867843,34.017562228022356,0.9973249731081555,0.9955168540074409,29.6166666,877.1469404955554,0.9797320231497504,5.153291594497779,-2686.5932928292873,4843.41940281919,3148.514882816864,0.0,180.0,56.5
2019-03-29,59.7,62.6,56.7,999.9,5.8,2.4,3.9,-195.86143835603778,29.6166666,119.0166666,172.0,60.80148205249582,12.221403427637352,34.195165217545146,0.9984354211555643,0.9955168540074409,29.6166666,877.1469404955554,0.9797320231497504,5.153291594497779,-2686.5932928292873,4843.41940281919,3148.514882816864,0.0,180.0,56.7
2019-03-30,63.3,71.1,54.5,999.9,8.9,6.8,7.8,119.11274803477345,29.6166666,119.0166666,172.0,64.62830507788716,12.251811389172921,34.37095383855057,0.9992500112396835,0.9955168540074409,29.6166666,877.1469404955554,0.9797320231497504,5.153291594497779,-2686.5932928292873,4843.41940281919,3148.514882816864,0.0,180.0,45.4
2019-03-31,47.6,52.2,42.3,999.9,9.3,3.9,5.8,-76.78788316605174,29.6166666,119.0166666,172.0,48.71928652703938,12.28217307404354,34.5448775901469,0.9997685019798909,0.9955168540074409,29.6166666,877.1469404955554,0.9797320231497504,5.153291594497779,-2686.5932928292873,4843.41940281919,3148.514882816864,0.0,180.0,41.1
2019-04-01,57.4,68.4,50.2,999.9,14.1,2.4,3.9,-154.3109637829915,29.6166666,119.0166666,172.0,58.89470898888042,12.312482715445384,34.71688799779062,0.9999907397361901,0.9955168540074409,29.6166666,877.1469404955554,0.9797320231497504,5.153291594497779,-2686.5932928292873,4843.41940281919,3148.514882816864,0.0,180.0,41.4
2019-04-02,52.1,54.0,50.4,999.9,25.575958073904733,1.9,3.9,-65.58819616520462,29.6166666,119.0166666,172.0,53.588038922241275,12.342734492646743,34.886938629515555,0.9999166586547379,0.9955168540074409,29.6166666,877.1469404955554,0.9797320231497504,5.153291594497779,-2686.5932928292873,4843.41940281919,3148.514882816864,0.0,180.0,49.0
2019-04-03,54.4,55.8,53.6,999.9,9.0,2.9,3.9,-8.293514000510807,29.6166666,119.0166666,172.0,56.090582115779355,12.372922525539565,35.05498510890375,0.9995462806873573,0.9955168540074409,29.6166666,877.1469404955554,0.9797320231497504,5.153291594497779,-2686.5932928292873,4843.41940281919,3148.514882816864,0.0,180.0,52.7
2019-04-04,54.9,55.4,54.5,999.9,1.4716616089911598,1.5,1.9,75.28666559547062,29.6166666,119.0166666,172.0,56.74391197709337,12.403040869310027,35.220985124791945,0.9988797155850336,0.9955168540074409,29.6166666,877.1469404955554,0.9797320231497504,5.153291594497779,-2686.5932928292873,4843.41940281919,3148.514882816864,0.0,180.0,54.3
2019-04-05,63.2,73.8,54.0,999.9,-35.250188164137946,3.9,5.8,49.09596023453757,29.6166666,119.0166666,172.0,65.48090648200142,12.433083509240774,35.38489843771437,0.9979171608653922,0.9955168540074409,29.6166666,877.1469404955554,0.9797320231497504,5.153291594497779,-2686.5932928292873,4843.41940281919,3148.514882816864,0.0,180.0,52.6
2019-04-06,65.7,78.8,56.5,999.9,8.5,3.4,5.8,-61.10922233909103,29.6166666,119.0166666,172.0,68.23516784722582,12.463044355657685,35.546686883090686,0.9966589017541702,0.9955168540074409,29.6166666,877.1469404955554,0.9797320231497504,5.153291594497779,-2686.5932928292873,4843.41940281919,3148.514882816864,0.0,180.0,54.3
2019-04-07,70.8,87.8,59.4,999.9,10.3,1.9,1.9,12.727389560065234,29.6166666,119.0166666,172.0,73.70821171030269,12.492917239034353,35.70631437117516,0.9951053111006976,0.9955168540074409,29.6166666,877.1469404955554,0.9797320231497504,5.153291594497779,-2686.5932928292873,4843.41940281919,3148.514882816864,0.0,180.0,57.6
2019-04-08,75.2,90.5,65.7,999.9,12.6,1.9,3.9,171.07886337622284,29.6166666,119.0166666,172.0,78.4755610063443,12.522695905267705,35.86374688379029,0.9932568492674143,0.9955168540074409,29.6166666,877.1469404955554,0.9797320231497504,5.153291594497779,-2686.5932928292873,4843.41940281919,3148.514882816864,0.0,180.0,60.4
2019-04-09,65.1,79.0,52.7,999.9,11.7,7.3,9.7,119.05198347207767,29.6166666,119.0166666,172.0,68.09662901042621,12.552374011138474,36.01895246787578,0.9911140639934547,0.9955168540074409,29.6166666,877.1469404955554,0.9797320231497504,5.153291594497779,-2686.5932928292873,4843.41940281919,3148.514882816864,0.0,180.0,58.4
2019-04-10,54.2,58.5,50.0,999.9,11.5,3.9,5.8,-34.908386101226924,29.6166666,119.0166666,172.0,56.82845212520037,12.581945119970563,36.17190122589068,0.9886775902323405,0.9955168540074409,29.6166666,877.1469404955554,0.9797320231497504,5.153291594497779,-2686.5932928292873,4843.41940281919,3148.514882816864,0.0,180.0,46.4
2019-04-11,52.9,54.5,51.3,999.9,9.0,1.9,1.9,236.89733753083004,29.6166666,119.0166666,172.0,55.59526689149484,12.611402697503555,36.32256530311353,0.9859481499638304,0.9955168540074409,29.6166666,877.1469404955554,0.9797320231497504,5.153291594497779,-2686.5932928292873,4843.41940281919,3148.514882816864,0.0,180.0,49.3
2019-04-12,59.5,64.8,54.0,999.9,9.6,3.4,5.8,74.23682961336885,29.6166666,119.0166666,172.0,62.67700303546517,12.640740107992976,36.47091887189238,0.9829265519799822,0.9955168540074409,29.6166666,877.1469404955554,0.9797320231497504,5.153291594497779,-2686.5932928292873,4843.41940281919,3148.514882816864,0.0,180.0,49.3
2019-04-13,62.4,64.8,60.3,999.9,5.7,2.4,3.9,-154.41848557952937,29.6166666,119.0166666,172.0,65.88374317487612,12.669950610553101,36.616938112902965,0.9796136916454901,0.9955168540074409,29.6166666,877.1469404955554,0.9797320231497504,5.153291594497779,-2686.5932928292873,4843.41940281919,3148.514882816864,0.0,180.0,57.0
2019-04-14,61.6,65.7,54.5,999.9,5.0,3.4,5.8,-181.96022092925546,29.6166666,119.0166666,172.0,65.18834042622152,12.699027355757437,36.76060119348015,0.9760105506323683,0.9955168540074409,29.6166666,877.1469404955554,0.9797320231497504,5.153291594497779,-2686.5932928292873,4843.41940281919,3148.514882816864,0.0,180.0,55.5
2019-04-15,64.4,70.7,58.5,999.9,9.5,4.9,7.8,-86.204773687136,29.6166666,119.0166666,172.0,68.306736819482,12.727963382512172,36.90188824309372,0.9721181966290613,0.9955168540074409,29.6166666,877.1469404955554,0.9797320231497504,5.153291594497779,-2686.5932928292873,4843.41940281919,3148.514882816864,0.0,180.0,48.5
2019-04-16,59.9,67.1,56.3,999.9,3.9,2.4,3.9,78.4584821166361,29.6166666,119.0166666,172.0,63.67745181263046,12.756751615218121,37.04078132604573,0.9679377830240642,0.9955168540074409,29.6166666,877.1469404955554,0.9797320231497504,5.153291594497779,-2686.5932928292873,4843.41940281919,3148.514882816864,0.0,180.0,57.0
2019-04-17,67.2,77.0,59.2,999.9,6.7,4.4,7.8,-79.37031819319762,29.6166666,119.0166666,172.0,71.59815522292655,12.785384861236883,37.177264411472436,0.9634705485641488,0.9955168540074409,29.6166666,877.1469404955554,0.9797320231497504,5.153291594497779,-2686.5932928292873,4843.41940281919,3148.514882816864,0.0,180.0,59.0
2019-04-18,72.4,85.1,63.9,999.9,11.0,1.9,1.9,14.305440249001755,29.6166666,119.0166666,172.0,77.31026337901801,12.813855808677019,37.31132334073924,0.9587178169872964,0.9955168540074409,29.6166666,877.1469404955554,0.9797320231497504,5.153291594497779,-2686.5932928292873,4843.41940281919,3148.514882816864,0.0,180.0,60.3
2019-04-19,72.8,78.3,66.4,999.9,-13.50925029391201,3.9,7.8,-126.25273969982025,29.6166666,119.0166666,172.0,77.90908594873186,12.84215702451624,37.44294579232245,0.9536809966304457,0.9955168540074409,29.6166666,877.1469404955554,0.9797320231497504,5.153291594497779,-2686.5932928292873,4843.41940281919,3148.514882816864,0.0,180.0,63.4
2019-04-20,76.5,83.3,70.2,999.9,7.3,3.4,3.9,165.68136106252976,29.6166666,119.0166666,172.0,82.0480410758566,12.870280953075547,37.57212124427621,0.9483615800121715,0.9955168540074409,29.6166666,877.1469404955554,0.9797320231497504,5.153291594497779,-2686.5932928292873,4843.41940281919,3148.514882816864,0.0,180.0,66.4
2019-04-21,73.8,79.9,70.9,999.9,4.3,3.9,5.8,-28.019010732210223,29.6166666,119.0166666,172.0,79.32405247639731,12.898219914861352,37.69884093438801,0.9427611433904207,0.9955168540074409,29.6166666,877.1469404955554,0.9797320231497504,5.153291594497779,-2686.5932928292873,4843.41940281919,3148.514882816864,0.0,180.0,70.0
2019-04-22,74.0,78.1,70.7,999.9,6.5,3.9,5.8,158.97958229191823,29.6166666,119.0166666,172.0,79.71012431904754,12.925966105791494,37.82309781813002,0.9368813462954315,0.9955168540074409,29.6166666,877.1469404955554,0.9797320231497504,5.153291594497779,-2686.5932928292873,4843.41940281919,3148.514882816864,0.0,180.0,70.4
2019-04-23,72.9,77.2,68.9,999.9,7.5,3.4,5.8,187.79275900266256,29.6166666,119.0166666,172.0,78.69258295068721,12.953511596820938,37.944886524517685,0.9307239310379795,0.9955168540074409,29.6166666,877.1469404955554,0.9797320231497504,5.153291594497779,-2686.5932928292873,4843.41940281919,3148.514882816864,0.0,180.0,68.9
2019-04-24,71.0,74.3,68.9,999.9,114.96701808496607,3.4,5.8,-254.32423447520705,29.6166666,119.0166666,172.0,76.80335264273164,12.980848333982813,38.06420330999034,0.9242907221930933,0.9955168540074409,29.6166666,877.1469404955554,0.9797320231497504,5.153291594497779,-2686.5932928292873,4843.41940281919,3148.514882816864,0.0,180.0,69.6
2019-04-25,72.5,79.9,67.1,999.9,6.4,3.4,3.9,3.292917481052733,29.6166666,119.0166666,172.0,78.58980750561285,13.007968138860058,38.18104601043199,0.9175836260593937,0.9955168540074409,29.6166666,877.1469404955554,0.9797320231497504,5.153291594497779,-2686.5932928292873,4843.41940281919,3148.514882816864,0.0,180.0,68.8
2019-04-26,64.2,76.5,54.9,999.9,16.127476193182396,7.8,13.6,-186.03750646444917,29.6166666,119.0166666,172.0,69.73651549583941,13.034862709502693,38.295413991453195,0.9106046300942162,0.9955168540074409,29.6166666,877.1469404955554,0.9797320231497504,5.153291594497779,-2686.5932928292873,4843.41940281919,3148.514882816864,0.0,180.0,57.6
2019-04-27,62.1,66.6,59.9,999.9,9.0,4.4,5.8,159.69403905259983,29.6166666,119.0166666,172.0,67.59338474284203,13.061523621805224,38.40730809705714,0.9033558023246845,0.9955168540074409,29.6166666,877.1469404955554,0.9797320231497504,5.153291594497779,-2686.5932928292873,4843.41940281919,3148.514882816864,0.0,180.0,54.6
2019-04-28,68.9,71.1,66.4,999.9,6.7,2.4,3.9,16.7969586059943,29.6166666,119.0166666,172.0,75.14660221921469,13.087942331358144,38.51673059681556,0.895839290734909,0.9955168540074409,29.6166666,877.1469404955554,0.9797320231497504,5.153291594497779,-2686.5932928292873,4843.41940281919,3148.514882816864,0.0,180.0,64.7
2019-04-29,64.5,69.3,59.9,999.9,8.7,3.9,5.8,-141.0793805265766,29.6166666,119.0166666,172.0,70.48834219485465,13.114110175786912,38.62368513168135,0.8880573226294932,0.9955168540074409,29.6166666,877.1469404955554,0.9797320231497504,5.153291594497779,-2686.5932928292873,4843.41940281919,3148.514882816864,0.0,180.0,61.8
2019-04-30,62.1,64.4,60.1,999.9,-6.340035391102145,2.9,3.9,-121.02062730469868,29.6166666,119.0166666,172.0,67.99959510403298,13.140018377590913,38.728176658566206,0.8800122039735357,0.9955168540074409,29.6166666,877.1469404955554,0.9797320231497504,5.153291594497779,-2686.5932928292873,4843.41940281919,3148.514882816864,0.0,180.0,59.7
2019-05-01,68.9,76.1,60.8,999.9,9.2,3.4,3.9,-19.475632908505705,29.6166666,119.0166666,172.0,75.59281995602925,13.165658047494208,38.83021139381254,0.8717063187093218,0.9955168540074409,29.6166666,877.1469404955554,0.9797320231497504,5.153291594497779,-2686.5932928292873,4843.41940281919,3148.514882816864,0.0,180.0,56.4
2019-05-02,66.0,73.8,56.3,999.9,13.7,2.9,5.8,183.40364353180294,29.6166666,119.0166666,172.0,72.55061103575316,13.191020188318756,38.92979675568928,0.8631421280499114,0.9955168540074409,29.6166666,877.1469404955554,0.9797320231497504,5.153291594497779,-2686.5932928292873,4843.41940281919,3148.514882816864,0.0,180.0,50.3
2019-05-03,69.7,79.9,60.8,999.9,17.1,5.8,7.8,73.5139124059973,29.6166666,119.0166666,172.0,76.76348918728891,13.216095699389768,39.026941306041294,0.854322169749827,0.9955168540074409,29.6166666,877.1469404955554,0.9797320231497504,5.153291594497779,-2686.5932928292873,4843.41940281919,3148.514882816864,0.0,180.0,42.5
2019-05-04,69.7,80.6,57.6,999.9,18.6,1.9,3.9,133.5637600175469,29.6166666,119.0166666,172.0,76.9074178407726,13.24087538148165,39.121654691222,0.8452490573530633,0.9955168540074409,29.6166666,877.1469404955554,0.9797320231497504,5.153291594497779,-2686.5932928292873,4843.41940281919,3148.514882816864,0.0,180.0,43.6
2019-05-05,73.4,80.1,68.2,999.9,13.7,4.9,7.8,-18.733082566804445,29.6166666,119.0166666,172.0,81.13972381380577,13.265349942311568,39.21394758243784,0.8359254794186372,0.9955168540074409,29.6166666,877.1469404955554,0.9797320231497504,5.153291594497779,-2686.5932928292873,4843.41940281919,3148.514882816864,0.0,180.0,50.0
2019-05-06,63.0,68.4,55.8,999.9,12.9,7.8,11.7,-162.66803632458405,29.6166666,119.0166666,172.0,69.76992751357811,13.289510002586306,39.303831615632475,0.8263541987239096,0.9955168540074409,29.6166666,877.1469404955554,0.9797320231497504,5.153291594497779,-2686.5932928292873,4843.41940281919,3148.514882816864,0.0,180.0,46.3
2019-05-07,63.9,68.2,59.0,999.9,18.6,5.8,9.7,231.31514429340987,29.6166666,119.0166666,172.0,70.89356799637913,13.31334610260641,39.39131933103677,0.8165380514459161,0.9955168540074409,29.6166666,877.1469404955554,0.9797320231497504,5.153291594497779,-2686.5932928292873,4843.41940281919,3148.514882816864,0.0,180.0,34.6
2019-05-08,65.0,70.7,61.2,999.9,17.2,2.4,3.9,-216.52806125276157,29.6166666,119.0166666,172.0,72.24126384274541,13.33684870942992,39.476424112509484,0.8064799463209448,0.9955168540074409,29.6166666,877.1469404955554,0.9797320231497504,5.153291594497779,-2686.5932928292873,4843.41940281919,3148.514882816864,0.0,180.0,52.3
2019-05-09,73.4,81.5,67.1,999.9,15.8,4.4,5.8,191.67693457025575,29.6166666,119.0166666,172.0,81.71871697377988,13.360008224596164,39.55916012679056,0.7961828637826158,0.9955168540074409,29.6166666,877.1469404955554,0.9797320231497504,5.153291594497779,-2686.5932928292873,4843.41940281919,3148.514882816864,0.0,180.0,56.1
2019-05-10,73.2,82.4,64.8,999.9,15.24589825132604,1.9,3.9,-23.510416821259778,29.6166666,119.0166666,172.0,81.63517145368917,13.382814992408058,39.63954226278737,0.7856498550787147,0.9955168540074409,29.6166666,877.1469404955554,0.9797320231497504,5.153291594497779,-2686.5932928292873,4843.41940281919,3148.514882816864,0.0,180.0,59.1
2019-05-11,75.2,86.2,65.3,999.9,7.8,1.9,3.9,-238.72800068297119,29.6166666,119.0166666,172.0,84.00629166828807,13.405259308769374,39.71758607101079,0.7748840413670407,0.9955168540074409,29.6166666,877.1469404955554,0.9797320231497504,5.153291594497779,-2686.5932928292873,4843.41940281919,3148.514882816864,0.0,180.0,62.2
2019-05-12,76.1,85.5,67.1,999.9,6.0,3.9,5.8,68.97117515840263,29.6166666,119.0166666,172.0,85.15166015553848,13.427331430571115,39.79330770327516,0.7638886127905428,0.9955168540074409,29.6166666,877.1469404955554,0.9797320231497504,5.153291594497779,-2686.5932928292873,4843.41940281919,3148.514882816864,0.0,180.0,65.3
2019-05-13,66.7,68.9,63.9,999.9,55.775430209951004,3.4,3.9,236.81980101677416,29.6166666,119.0166666,172.0,74.75414498006523,13.449021585618931,39.86672385277277,0.7526668275320085,0.9955168540074409,29.6166666,877.1469404955554,0.9797320231497504,5.153291594497779,-2686.5932928292873,4843.41940281919,3148.514882816864,0.0,180.0,65.3
2019-05-14,72.2,81.0,65.3,999.9,8.7,4.4,7.8,215.428987137747,29.6166666,119.0166666,172.0,81.04642523159767,13.470319983091024,39.93785169462992,0.7412220108485958,0.9955168540074409,29.6166666,877.1469404955554,0.9797320231497504,5.153291594497779,-2686.5932928292873,4843.41940281919,3148.514882816864,0.0,180.0,65.3
2019-05-15,67.7,68.0,67.5,999.9,6.0,1.9,1.9,-98.27064863988647,29.6166666,119.0166666,172.0,76.11294825163068,13.491216824513563,40.00670882704752,0.7295575540864875,0.9955168540074409,29.6166666,877.1469404955554,0.9797320231497504,5.153291594497779,-2686.5932928292873,4843.41940281919,3148.514882816864,0.0,180.0,67.4
2019-05-16,77.4,82.8,73.4,999.9,-12.802637193341988,2.9,3.9,-86.43447155373083,29.6166666,119.0166666,172.0,87.15047993328513,13.511702315238002,40.07331321312518,0.717676913675962,0.9955168540074409,29.6166666,877.1469404955554,0.9797320231497504,5.153291594497779,-2686.5932928292873,4843.41940281919,3148.514882816864,0.0,180.0,70.7
2019-05-17,76.2,79.0,72.9,999.9,3.9,2.4,3.9,29.72657941663085,29.6166666,119.0166666,172.0,85.92671839515315,13.53176667640207,40.1376831234634,0.705583610107178,0.9955168540074409,29.6166666,877.1469404955554,0.9797320231497504,5.153291594497779,-2686.5932928292873,4843.41940281919,3148.514882816864,0.0,180.0,72.9
2019-05-18,80.2,88.7,72.5,999.9,6.5,3.9,5.8,53.57807304988586,29.6166666,119.0166666,172.0,90.56852438497933,13.551400157353514,40.19983707963393,0.6932812268869777,0.9955168540074409,29.6166666,877.1469404955554,0.9797320231497504,5.153291594497779,-2686.5932928292873,4843.41940281919,3148.514882816864,0.0,180.0,70.5
2019-05-19,72.5,75.6,69.1,999.9,-44.37734747317219,3.4,7.8,85.35751452487602,29.6166666,119.0166666,172.0,81.98899966809901,13.570593048512942,40.25979379860361,0.6807734094770161,0.9955168540074409,29.6166666,877.1469404955554,0.9797320231497504,5.153291594497779,-2686.5932928292873,4843.41940281919,3148.514882816864,0.0,180.0,68.9
2019-05-20,71.7,78.8,63.7,999.9,10.7,4.4,7.8,-81.0354018578995,29.6166666,119.0166666,172.0,81.19628077552967,13.589335694649318,40.317572138192425,0.6680638642135335,0.9955168540074409,29.6166666,877.1469404955554,0.9797320231497504,5.153291594497779,-2686.5932928292873,4843.41940281919,3148.514882816864,0.0,180.0,56.4
2019-05-21,73.1,78.1,67.1,999.9,13.0,2.9,3.9,200.75465916687065,29.6166666,119.0166666,172.0,82.89307608118318,13.607618508538964,40.37319104364105,0.6551563572090853,0.9955168540074409,29.6166666,877.1469404955554,0.9797320231497504,5.153291594497779,-2686.5932928292873,4843.41940281919,3148.514882816864,0.0,180.0,56.9
2019-05-22,74.3,83.3,64.4,999.9,11.3,3.4,5.8,53.6919385045004,29.6166666,119.0166666,172.0,84.3641330403107,13.625431984976156,40.42666949535914,0.6420547132365637,0.9955168540074409,29.6166666,877.1469404955554,0.9797320231497504,5.153291594497779,-2686.5932928292873,4843.41940281919,3148.514882816864,0.0,180.0,60.0
2019-05-23,77.0,88.7,66.6,999.9,14.0,3.9,5.8,127.00098525714724,29.6166666,119.0166666,172.0,87.54108642189573,13.642766715100633,40.47802645791945,0.6287628145958344,0.9955168540074409,29.6166666,877.1469404955554,0.9797320231497504,5.153291594497779,-2686.5932928292873,4843.41940281919,3148.514882816864,0.0,180.0,58.6
2019-05-24,80.5,87.8,74.5,999.9,26.887223853660927,4.9,5.8,27.108657224799888,29.6166666,119.0166666,172.0,91.63323989840725,13.659613401004808,40.5272808303585,0.6152845999633276,0.9955168540074409,29.6166666,877.1469404955554,0.9797320231497504,5.153291594497779,-2686.5932928292873,4843.41940281919,3148.514882816864,0.0,180.0,56.4
2019-05-25,76.7,80.8,71.6,999.9,13.8,4.9,5.8,-8.268083480702707,29.6166666,119.0166666,172.0,87.4121960144622,13.675962870580786,40.57445139783963,0.6016240632249226,0.9955168540074409,29.6166666,877.1469404955554,0.9797320231497504,5.153291594497779,-2686.5932928292873,4843.41940281919,3148.514882816864,0.0,180.0,67.7
2019-05-26,73.9,75.4,72.5,999.9,2.6,1.9,1.9,225.6959658503879,29.6166666,119.0166666,172.0,84.31870585337855,13.691806092564851,40.619556784728346,0.5877852522924732,0.9955168540074409,29.6166666,877.1469404955554,0.9797320231497504,5.153291594497779,-2686.5932928292873,4843.41940281919,3148.514882816864,0.0,180.0,72.7
2019-05-27,73.7,84.2,64.8,999.9,15.7,4.9,7.8,41.18042813376212,29.6166666,119.0166666,172.0,84.18464916090454,13.707134191734795,40.6626154091261,0.5737722679043246,0.9955168540074409,29.6166666,877.1469404955554,0.9797320231497504,5.153291594497779,-2686.5932928292873,4843.41940281919,3148.514882816864,0.0,180.0,65.9
2019-05-28,66.8,71.6,60.1,999.9,18.3,5.3,9.7,140.41370192028762,29.6166666,119.0166666,172.0,76.38545745078672,13.721938464213185,40.70364543890281,0.5595892624101765,0.9955168540074409,29.6166666,877.1469404955554,0.9797320231497504,5.153291594497779,-2686.5932928292873,4843.41940281919,3148.514882816864,0.0,180.0,52.7
2019-05-29,69.7,75.2,64.4,999.9,18.6,2.9,3.9,194.39685845454653,29.6166666,119.0166666,172.0,79.78448869834067,13.736210392827662,40.74266474926426,0.545240438540651,0.9955168540074409,29.6166666,877.1469404955554,0.9797320231497504,5.153291594497779,-2686.5932928292873,4843.41940281919,3148.514882816864,0.0,180.0,51.0
2019-05-30,70.6,74.3,67.5,999.9,9.9,3.4,3.9,61.746566872129804,29.6166666,119.0166666,172.0,80.89549011424288,13.749941662477543,40.77969088188579,0.5307300481619334,0.9955168540074409,29.6166666,877.1469404955554,0.9797320231497504,5.153291594497779,-2686.5932928292873,4843.41940281919,3148.514882816864,0.0,180.0,64.9
2019-05-31,68.5,72.0,66.4,999.9,9.3,2.9,5.8,28.01774314604848,29.6166666,119.0166666,172.0,78.56450050155217,13.763124175454395,40.81474100563907,0.5160623910158528,0.9955168540074409,29.6166666,877.1469404955554,0.9797320231497504,5.153291594497779,-2686.5932928292873,4843.41940281919,3148.514882816864,0.0,180.0,65.7
2019-06-01,67.9,70.7,66.4,999.9,34.89331396679436,2.4,3.9,-279.3440426384009,29.6166666,119.0166666,172.0,77.94778579386697,13.775750066662791,40.84783187893495,0.5012418134457758,0.9955168540074409,29.6166666,877.1469404955554,0.9797320231497504,5.153291594497779,-2686.5932928292873,4843.41940281919,3148.514882816864,0.0,180.0,65.1
2019-06-02,73.9,81.0,68.9,999.9,8.5,3.9,5.8,-174.09227734255015,29.6166666,119.0166666,172.0,84.90994050091061,13.78781171868643,40.878979813700795,0.48627270710868997,0.9955168540074409,29.6166666,877.1469404955554,0.9797320231497504,5.153291594497779,-2686.5932928292873,4843.41940281919,3148.514882816864,0.0,180.0,68.5
2019-06-03,78.2,86.9,71.6,999.9,9.9,3.4,5.8,-75.20418050502023,29.6166666,119.0166666,172.0,89.92544991112955,13.799301776643919,40.90820064100771,0.4711595076738638,0.9955168540074409,29.6166666,877.1469404955554,0.9797320231497504,5.153291594497779,-2686.5932928292873,4843.41940281919,3148.514882816864,0.0,180.0,70.9
2019-06-04,80.3,92.7,70.2,999.9,11.8,1.9,1.9,-85.73574849477856,29.6166666,119.0166666,172.0,92.41334308092217,13.81021316277791,40.935509678358635,0.4559066935084588,0.9955168540074409,29.6166666,877.1469404955554,0.9797320231497504,5.153291594497779,-2686.5932928292873,4843.41940281919,3148.514882816864,0.0,180.0,65.3
2019-06-05,83.7,92.3,77.2,999.9,11.2,2.9,3.9,-58.19088766147056,29.6166666,119.0166666,172.0,96.39826015778027,13.820539090721185,40.96092169864582,0.440518784350495,0.9955168540074409,29.6166666,877.1469404955554,0.9797320231497504,5.153291594497779,-2686.5932928292873,4843.41940281919,3148.514882816864,0.0,180.0,69.8
2019-06-06,77.4,82.4,73.8,999.9,14.9,4.4,7.8,-37.32879912804029,29.6166666,119.0166666,172.0,89.20526136202149,13.830273079383176,40.98445090078289,0.42500033996955416,0.9955168540074409,29.6166666,877.1469404955554,0.9797320231497504,5.153291594497779,-2686.5932928292873,4843.41940281919,3148.514882816864,0.0,180.0,73.7
2019-06-07,75.1,79.9,71.1,999.9,10.7,4.9,11.7,-16.216575895188544,29.6166666,119.0166666,172.0,86.61163444805959,13.839408966401002,41.00611088201389,0.4093559588156213,0.9955168540074409,29.6166666,877.1469404955554,0.9797320231497504,5.153291594497779,-2686.5932928292873,4843.41940281919,3148.514882816864,0.0,180.0,68.5
2019-06-08,74.8,78.1,73.6,999.9,6.5,2.4,3.9,-9.393909652028706,29.6166666,119.0166666,172.0,86.31883174152183,13.84794092109976,41.02591461189973,0.39359027665646673,0.9955168540074409,29.6166666,877.1469404955554,0.9797320231497504,5.153291594497779,-2686.5932928292873,4843.41940281919,3148.514882816864,0.0,180.0,72.6
2019-06-09,80.1,86.0,75.4,999.9,13.5,2.9,3.9,-126.69205545543046,29.6166666,119.0166666,172.0,92.48788857486025,13.855863456907905,41.04387440798006,0.3777079652039649,0.9955168540074409,29.6166666,877.1469404955554,0.9797320231497504,5.153291594497779,-2686.5932928292873,4843.41940281919,3148.514882816864,0.0,180.0,74.0
2019-06-10,80.3,85.5,73.4,999.9,46.299111370278176,2.9,3.9,-173.7066073120587,29.6166666,119.0166666,172.0,92.76772224058004,13.863171443175101,41.06000191310689,0.36171373072976765,0.9955168540074409,29.6166666,877.1469404955554,0.9797320231497504,5.153291594497779,-2686.5932928292873,4843.41940281919,3148.514882816864,0.0,180.0,70.2
2019-06-11,79.6,86.9,71.6,999.9,13.2,6.8,9.7,69.74404627839485,29.6166666,119.0166666,172.0,92.00340543839945,13.869860116341629,41.074308074445014,0.3456123126707335,0.9955168540074409,29.6166666,877.1469404955554,0.9797320231497504,5.153291594497779,-2686.5932928292873,4843.41940281919,3148.514882816864,0.0,180.0,57.2
2019-06-12,72.1,75.6,67.1,999.9,5.9,3.9,3.9,22.384048542574135,29.6166666,119.0166666,172.0,83.37118325155035,13.8759250904106,41.08680312413291,0.3294084822245304,0.9955168540074409,29.6166666,877.1469404955554,0.9797320231497504,5.153291594497779,-2686.5932928292873,4843.41940281919,3148.514882816864,0.0,180.0,64.4
2019-06-13,64.4,66.2,63.0,999.9,14.5,4.9,7.8,2.2343925825223376,29.6166666,119.0166666,172.0,74.49664470116537,13.881362366676777,41.097496561597154,0.3131070409358269,0.9955168540074409,29.6166666,877.1469404955554,0.9797320231497504,5.153291594497779,-2686.5932928292873,4843.41940281919,3148.514882816864,0.0,180.0,62.5
2019-06-14,72.4,81.0,66.9,999.9,18.6,2.9,3.9,50.681169459588844,29.6166666,119.0166666,172.0,83.77988233409988,13.886168342668487,41.10639713751254,0.29671281927349075,0.9955168540074409,29.6166666,877.1469404955554,0.9797320231497504,5.153291594497779,-2686.5932928292873,4843.41940281919,3148.514882816864,0.0,180.0,64.0
2019-06-15,77.0,88.0,69.3,999.9,13.8,2.9,3.9,116.07212793799644,29.6166666,119.0166666,172.0,89.12968051334998,13.890339820262335,41.113512839400144,0.28023067519921585,0.9955168540074409,29.6166666,877.1469404955554,0.9797320231497504,5.153291594497779,-2686.5932928292873,4843.41940281919,3148.514882816864,0.0,180.0,65.2
2019-06-16,76.0,80.2,72.0,999.9,11.7,2.9,5.8,-5.016757260887399,29.6166666,119.0166666,172.0,87.99453541524697,13.89387401293373,41.11885087885527,0.26366549272800704,0.9955168540074409,29.6166666,877.1469404955554,0.9797320231497504,5.153291594497779,-2686.5932928292873,4843.41940281919,3148.514882816864,0.0,180.0,68.0
2019-06-17,70.9,76.3,68.0,999.9,8.9,2.9,3.9,51.93980121936244,29.6166666,119.0166666,172.0,82.1067408620498,13.896768552109979,41.12241768039742,0.24702218048093552,0.9955168540074409,29.6166666,877.1469404955554,0.9797320231497504,5.153291594497779,-2686.5932928292873,4843.41940281919,3148.514882816864,0.0,180.0,67.6
2019-06-18,74.2,75.2,73.4,999.9,3.3,1.9,1.9,191.19795319231687,29.6166666,119.0166666,172.0,85.94228289588892,13.89902149259659,41.12421887193506,0.23030567023061221,0.9955168540074409,29.6166666,877.1469404955554,0.9797320231497504,5.153291594497779,-2686.5932928292873,4843.41940281919,3148.514882816864,0.0,180.0,73.2
2019-06-19,73.8,74.7,73.4,999.9,6.9,2.4,3.9,119.38790338261157,29.6166666,119.0166666,172.0,85.48888259986701,13.900631317051547,41.12425927683839,0.21352091543979612,0.9955168540074409,29.6166666,877.1469404955554,0.9797320231497504,5.153291594497779,-2686.5932928292873,4843.41940281919,3148.514882816864,0.0,180.0,73.5
2019-06-20,75.7,78.3,73.8,999.9,7.9,2.9,3.9,-7.976383482748984,29.6166666,119.0166666,172.0,87.6959073599283,13.901596939486652,41.122542907613884,0.19667288979357647,0.9955168540074409,29.6166666,877.1469404955554,0.9797320231497504,5.153291594497779,-2686.5932928292873,4843.41940281919,3148.514882816864,0.0,180.0,74.2
2019-06-21,74.0,75.4,72.0,999.9,13.8,3.9,5.8,54.82311796246674,29.6166666,119.0166666,172.0,85.72849253130714,13.901917707779537,41.11907296117594,0.1797665857255624,0.9955168540074409,29.6166666,877.1469404955554,0.9797320231497504,5.153291594497779,-2686.5932928292873,4843.41940281919,3148.514882816864,0.0,180.0,71.8
2019-06-22,71.1,73.8,69.8,999.9,2.8,5.8,9.7,-80.29426350795566,29.6166666,119.0166666,172.0,82.36694092571817,13.901593405184503,41.11385181571118,0.16280701293851715,0.9955168540074409,29.6166666,877.1469404955554,0.9797320231497504,5.153291594497779,-2686.5932928292873,4843.41940281919,3148.514882816864,0.0,180.0,69.1
2019-06-23,75.4,83.3,67.1,999.9,7.1,6.3,9.7,37.18733667264161,29.6166666,119.0166666,172.0,87.34225570941373,13.900624250835076,41.106881029132616,0.1457991969198751,0.9955168540074409,29.6166666,877.1469404955554,0.9797320231497504,5.153291594497779,-2686.5932928292873,4843.41940281919,3148.514882816864,0.0,180.0,61.6
2019-06-24,77.2,81.9,68.9,999.9,8.5,4.4,7.8,242.58681665465016,29.6166666,119.0166666,172.0,89.41697011841771,13.899010899235915,41.09816133912183,0.12874817745258132,0.9955168540074409,29.6166666,877.1469404955554,0.9797320231497504,5.153291594497779,-2686.5932928292873,4843.41940281919,3148.514882816864,0.0,180.0,65.6
2019-06-25,71.1,72.0,70.7,999.9,15.5,2.9,3.9,17.108261745154064,29.6166666,119.0166666,172.0,82.33827004957281,13.896754438746466,41.08769266475866,0.11165900712169512,0.9955168540074409,29.6166666,877.1469404955554,0.9797320231497504,5.153291594497779,-2686.5932928292873,4843.41940281919,3148.514882816864,0.0,180.0,69.6
2019-06-26,77.8,85.3,72.0,999.9,15.1,1.9,1.9,168.37671805839935,29.6166666,119.0166666,172.0,90.07850225576163,13.893856389063492,41.07547410973857,0.09453674981719912,0.9955168540074409,29.6166666,877.1469404955554,0.9797320231497504,5.153291594497779,-2686.5932928292873,4843.41940281919,3148.514882816864,0.0,180.0,71.0
2019-06-27,81.1,89.1,75.2,999.9,10.9,2.9,3.9,-12.230184869802496,29.6166666,119.0166666,172.0,93.87540386538612,13.890318697714346,41.061503967179824,0.07738647923346301,0.9955168540074409,29.6166666,877.1469404955554,0.9797320231497504,5.153291594497779,-2686.5932928292873,4843.41940281919,3148.514882816864,0.0,180.0,72.9
2019-06-28,83.5,88.0,79.0,999.9,8.9,1.9,1.9,339.82503009826786,29.6166666,119.0166666,172.0,96.62441682672623,13.886143735577422,41.045779726022644,0.06021327736579302,0.9955168540074409,29.6166666,877.1469404955554,0.9797320231497504,5.153291594497779,-2686.5932928292873,4843.41940281919,3148.514882816864,0.0,180.0,77.8
2019-06-29,82.8,87.8,78.8,999.9,6.5,2.4,3.9,34.094671516203604,29.6166666,119.0166666,172.0,95.78120661100989,13.88133429145071,41.028298079024445,0.04302223300453059,0.9955168540074409,29.6166666,877.1469404955554,0.9797320231497504,5.153291594497779,-2686.5932928292873,4843.41940281919,3148.514882816864,0.0,180.0,79.9
2019-06-30,79.9,85.1,77.2,999.9,10.4,2.9,3.9,-173.97917999037523,29.6166666,119.0166666,172.0,92.3903246582438,13.875893565693685,41.00905493235515,0.02581844022713308,0.9955168540074409,29.6166666,877.1469404955554,0.9797320231497504,5.153291594497779,-2686.5932928292873,4843.41940281919,3148.514882816864,0.0,180.0,77.4
2019-07-01,81.0,85.3,77.0,999.9,15.4,4.4,5.8,39.08145316201172,29.6166666,119.0166666,172.0,93.62131985006077,13.869825162971965,40.988045416798016,0.008606996888688698,0.9955168540074409,29.6166666,877.1469404955554,0.9797320231497504,5.153291594497779,-2686.5932928292873,4843.41940281919,3148.514882816864,0.0,180.0,72.7
2019-07-02,79.1,81.5,75.6,999.9,12.0,6.3,7.8,-47.08020134507002,29.6166666,119.0166666,172.0,91.381152246276,13.863133084137955,40.96526390056136,-0.008606996888688009,0.9955168540074409,29.6166666,877.1469404955554,0.9797320231497504,5.153291594497779,-2686.5932928292873,4843.41940281919,3148.514882816864,0.0,180.0,71.5
2019-07-03,79.0,81.0,77.0,999.9,15.8,2.9,3.9,-187.65682261514252,29.6166666,119.0166666,172.0,91.21749297212298,13.855821717284503,40.94070400370693,-0.02581844022713239,0.9955168540074409,29.6166666,877.1469404955554,0.9797320231497504,5.153291594497779,-2686.5932928292873,4843.41940281919,3148.514882816864,0.0,180.0,73.9
2019-07-04,73.7,77.0,71.1,999.9,4.1,2.9,3.9,111.72501210261622,29.6166666,119.0166666,172.0,85.04916021037312,13.847895828011904,40.91435861420089,-0.04302223300453034,0.9955168540074409,29.6166666,877.1469404955554,0.9797320231497504,5.153291594497779,-2686.5932928292873,4843.41940281919,3148.514882816864,0.0,180.0,73.1
2019-07-05,76.1,77.4,75.2,999.9,8.1,2.4,3.9,-52.61543282718154,29.6166666,119.0166666,172.0,87.7646114812688,13.839360548951717,40.886219905593144,-0.060213277365792774,0.9955168540074409,29.6166666,877.1469404955554,0.9797320231497504,5.153291594497779,-2686.5932928292873,4843.41940281919,3148.514882816864,0.0,180.0,74.4
2019-07-06,79.9,82.8,77.0,999.9,13.2,1.9,1.9,99.44652794430463,29.6166666,119.0166666,172.0,92.08622394588629,13.830221368593683,40.85627935632976,-0.07738647923346322,0.9955168540074409,29.6166666,877.1469404955554,0.9797320231497504,5.153291594497779,-2686.5932928292873,4843.41940281919,3148.514882816864,0.0,180.0,76.6
2019-07-07,78.3,83.5,71.6,999.9,11.7,2.9,3.9,-48.20305881202084,29.6166666,119.0166666,172.0,90.17865887950555,13.820484119464453,40.82452777070335,-0.09453674981719933,0.9955168540074409,29.6166666,877.1469404955554,0.9797320231497504,5.153291594497779,-2686.5932928292873,4843.41940281919,3148.514882816864,0.0,180.0,71.7
2019-07-08,70.9,75.6,68.4,999.9,80.79360085206454,1.9,3.9,-79.48106340177831,29.6166666,119.0166666,172.0,81.59499892239785,13.810154965709083,40.790955301444654,-0.11165900712169444,0.9955168540074409,29.6166666,877.1469404955554,0.9797320231497504,5.153291594497779,-2686.5932928292873,4843.41940281919,3148.514882816864,0.0,180.0,69.3
2019-07-09,71.0,73.4,69.3,999.9,12.9,1.5,1.9,219.815313076827,29.6166666,119.0166666,172.0,81.64550564159005,13.799240390127894,40.7555514739571,-0.12874817745258066,0.9955168540074409,29.6166666,877.1469404955554,0.9797320231497504,5.153291594497779,-2686.5932928292873,4843.41940281919,3148.514882816864,0.0,180.0,70.4
2019-07-10,73.6,76.1,71.8,999.9,16.6,3.9,7.8,-20.94162222712817,29.6166666,119.0166666,172.0,84.56484937510054,13.787747180722913,40.71830521219528,-0.14579919691987442,0.9955168540074409,29.6166666,877.1469404955554,0.9797320231497504,5.153291594497779,-2686.5932928292873,4843.41940281919,3148.514882816864,0.0,180.0,69.7
2019-07-11,79.7,87.1,74.3,999.9,17.4,2.4,3.9,40.890245769526814,29.6166666,119.0166666,172.0,91.49349071830716,13.775682416809106,40.67920486618539,-0.16280701293851646,0.9955168540074409,29.6166666,877.1469404955554,0.9797320231497504,5.153291594497779,-2686.5932928292873,4843.41940281919,3148.514882816864,0.0,180.0,71.1
2019-07-12,76.1,78.3,75.2,999.9,4.2,2.4,3.9,42.30556859494453,29.6166666,119.0166666,172.0,87.28069732551663,13.76305345474638,40.63823824118428,-0.17976658572556214,0.9955168540074409,29.6166666,877.1469404955554,0.9797320231497504,5.153291594497779,-2686.5932928292873,4843.41940281919,3148.514882816864,0.0,180.0,75.2
2019-07-13,72.4,75.4,71.1,999.9,7.8,1.9,1.9,26.15183954587016,29.6166666,119.0166666,172.0,82.9575364105379,13.749867913348822,40.59539262847085,-0.19667288979357622,0.9955168540074409,29.6166666,877.1469404955554,0.9797320231497504,5.153291594497779,-2686.5932928292873,4843.41940281919,3148.514882816864,0.0,180.0,72.0
2019-07-14,75.0,78.8,71.6,999.9,17.7,3.4,7.8,165.84568372720892,29.6166666,119.0166666,172.0,85.85083536892262,13.736133659027619,40.55065483776068,-0.2135209154397959,0.9955168540074409,29.6166666,877.1469404955554,0.9797320231497504,5.153291594497779,-2686.5932928292873,4843.41940281919,3148.514882816864,0.0,180.0,71.4
2019-07-15,76.1,80.1,74.3,999.9,10.7,1.9,1.9,58.941784666124235,29.6166666,119.0166666,172.0,87.01945449784097,13.721858790723939,40.50401123123225,-0.23030567023061196,0.9955168540074409,29.6166666,877.1469404955554,0.9797320231497504,5.153291594497779,-2686.5932928292873,4843.41940281919,3148.514882816864,0.0,180.0,73.7
2019-07-16,81.2,87.8,76.1,999.9,16.9,3.9,7.8,-8.32550408206168,29.6166666,119.0166666,172.0,92.75104932705189,13.707051624687471,40.455447759149095,-0.24702218048093527,0.9955168540074409,29.6166666,877.1469404955554,0.9797320231497504,5.153291594497779,-2686.5932928292873,4843.41940281919,3148.514882816864,0.0,180.0,76.0
2019-07-17,84.5,90.0,78.8,999.9,11.0,1.5,1.9,127.9398769591802,29.6166666,119.0166666,172.0,96.4125331157197,13.69172067915546,40.40494999705923,-0.2636654927280072,0.9955168540074409,29.6166666,877.1469404955554,0.9797320231497504,5.153291594497779,-2686.5932928292873,4843.41940281919,3148.514882816864,0.0,180.0,77.7
2019-07-18,86.4,92.3,79.9,999.9,18.2,4.9,7.8,-80.6560507600433,29.6166666,119.0166666,172.0,98.46629754469927,13.67587465898601,40.352503184549306,-0.2802306751992161,0.9955168540074409,29.6166666,877.1469404955554,0.9797320231497504,5.153291594497779,-2686.5932928292873,4843.41940281919,3148.514882816864,0.0,180.0,75.5
2019-07-19,85.1,92.3,78.1,999.9,13.7,3.4,5.8,27.386013509007,29.6166666,119.0166666,172.0,96.86877997244612,13.659522440297927,40.298092265526755,-0.2967128192734901,0.9955168540074409,29.6166666,877.1469404955554,0.9797320231497504,5.153291594497779,-2686.5932928292873,4843.41940281919,3148.514882816864,0.0,180.0,77.0
2019-07-20,87.5,95.0,80.8,999.9,13.0,2.9,3.9,191.80005794204155,29.6166666,119.0166666,172.0,99.47782436059957,13.64267305516794,40.24170192999929,-0.3131070409358267,0.9955168540074409,29.6166666,877.1469404955554,0.9797320231497504,5.153291594497779,-2686.5932928292873,4843.41940281919,3148.514882816864,0.0,180.0,77.5
2019-07-21,84.9,90.0,79.7,999.9,8.9,1.9,1.9,44.42264357916747,29.6166666,119.0166666,172.0,96.399249910771,13.625335676434064,40.18331665731662,-0.3294084822245302,0.9955168540074409,29.6166666,877.1469404955554,0.9797320231497504,5.153291594497779,-2686.5932928292873,4843.41940281919,3148.514882816864,0.0,180.0,79.1
2019-07-22,87.1,91.4,81.9,999.9,9.8,3.9,5.8,112.86862869889882,29.6166666,119.0166666,172.0,98.76791311591631,13.607519602652076,40.122920760834965,-0.3456123126707333,0.9955168540074409,29.6166666,877.1469404955554,0.9797320231497504,5.153291594497779,-2686.5932928292873,4843.41940281919,3148.514882816864,0.0,180.0,79.8
2019-07-23,87.8,95.0,81.0,999.9,15.5,2.4,3.9,55.62983427684884,29.6166666,119.0166666,172.0,99.42789721311024,13.589234243249692,40.060498433960284,-0.3617137307297674,0.9955168540074409,29.6166666,877.1469404955554,0.9797320231497504,5.153291594497779,-2686.5932928292873,4843.41940281919,3148.514882816864,0.0,180.0,78.4
2019-07-24,87.8,94.5,81.7,999.9,14.0,2.9,5.8,122.68845773619164,29.6166666,119.0166666,172.0,99.29074527702053,13.570489103920803,39.996033797521285,-0.37770796520396466,0.9955168540074409,29.6166666,877.1469404955554,0.9797320231497504,5.153291594497779,-2686.5932928292873,4843.41940281919,3148.514882816864,0.0,180.0,79.2
2019-07-25,89.0,96.8,81.9,999.9,12.4,4.4,7.8,190.8640536470379,29.6166666,119.0166666,172.0,100.50542881122188,13.551293772299578,39.92951094841907,-0.39359027665646645,0.9955168540074409,29.6166666,877.1469404955554,0.9797320231497504,5.153291594497779,-2686.5932928292873,4843.41940281919,3148.514882816864,0.0,180.0,78.3
2019-07-26,89.4,97.0,82.8,999.9,13.8,2.9,5.8,-50.02520800658748,29.6166666,119.0166666,172.0,100.81085138444034,13.531657903951723,39.86091400949506,-0.4093559588156211,0.9955168540074409,29.6166666,877.1469404955554,0.9797320231497504,5.153291594497779,-2686.5932928292873,4843.41940281919,3148.514882816864,0.0,180.0,79.5
2019-07-27,88.7,94.1,82.4,999.9,15.5,3.9,7.8,-85.87707721689156,29.6166666,119.0166666,172.0,99.87317835110342,13.511591208717487,39.790227180554076,-0.42500033996955394,0.9955168540074409,29.6166666,877.1469404955554,0.9797320231497504,5.153291594497779,-2686.5932928292873,4843.41940281919,3148.514882816864,0.0,180.0,77.1
2019-07-28,88.6,93.2,83.7,999.9,15.2,2.9,3.9,8.254295806605903,29.6166666,119.0166666,172.0,99.60931371308646,13.491103437438348,39.717434790475366,-0.4405187843504952,0.9955168540074409,29.6166666,877.1469404955554,0.9797320231497504,5.153291594497779,-2686.5932928292873,4843.41940281919,3148.514882816864,0.0,180.0,76.9
2019-07-29,88.9,95.2,82.4,999.9,11.5,2.9,5.8,72.42197058141855,29.6166666,119.0166666,172.0,99.79176403438997,13.470204369096509,39.64252135033871,-0.455906693508459,0.9955168540074409,29.6166666,877.1469404955554,0.9797320231497504,5.153291594497779,-2686.5932928292873,4843.41940281919,3148.514882816864,0.0,180.0,79.6
2019-07-30,90.6,98.1,84.2,999.9,15.5,3.9,5.8,-65.28651221005136,29.6166666,119.0166666,172.0,101.5392236778719,13.44890379839363,39.56547160748898,-0.47115950767386394,0.9955168540074409,29.6166666,877.1469404955554,0.9797320231497504,5.153291594497779,-2686.5932928292873,4843.41940281919,3148.514882816864,0.0,180.0,77.7
2019-07-31,89.3,96.3,83.3,999.9,18.0,2.9,3.9,-273.25821367692953,29.6166666,119.0166666,172.0,99.92083242288876,13.427211523792444,39.48627060045749,-0.4862727071086902,0.9955168540074409,29.6166666,877.1469404955554,0.9797320231497504,5.153291594497779,-2686.5932928292873,4843.41940281919,3148.514882816864,0.0,180.0,73.8
2019-08-01,89.7,95.4,82.6,999.9,18.6,3.4,5.8,-28.716177156506816,29.6166666,119.0166666,172.0,100.20340158691482,13.405137336042115,39.40490371465437,-0.5012418134457756,0.9955168540074409,29.6166666,877.1469404955554,0.9797320231497504,5.153291594497779,-2686.5932928292873,4843.41940281919,3148.514882816864,0.0,180.0,73.3
2019-08-02,88.4,94.5,80.6,999.9,18.6,4.4,7.8,219.77399336743622,29.6166666,119.0166666,172.0,98.58582375308158,13.382691007205645,39.321356738741954,-0.5160623910158526,0.9955168540074409,29.6166666,877.1469404955554,0.9797320231497504,5.153291594497779,-2686.5932928292873,4843.41940281919,3148.514882816864,0.0,180.0,70.6
2019-08-03,82.1,90.9,77.9,999.9,15.4,4.9,11.7,79.02372965351391,29.6166666,119.0166666,172.0,91.40386126706805,13.35988228020483,39.23561592159482,-0.5307300481619331,0.9955168540074409,29.6166666,877.1469404955554,0.9797320231497504,5.153291594497779,-2686.5932928292873,4843.41940281919,3148.514882816864,0.0,180.0,73.3
2019-08-04,84.6,90.0,79.2,999.9,17.6,4.4,5.8,-11.576040818121893,29.6166666,119.0166666,172.0,94.02388205521524,13.33672085889578,39.14766802974865,-0.5452404385406507,0.9955168540074409,29.6166666,877.1469404955554,0.9797320231497504,5.153291594497779,-2686.5932928292873,4843.41940281919,3148.514882816864,0.0,180.0,75.2
2019-08-05,87.0,93.4,80.8,999.9,18.3,4.9,7.8,-75.82919638688001,29.6166666,119.0166666,172.0,96.52081889047018,13.313216398685542,39.0575004052363,-0.5595892624101763,0.9955168540074409,29.6166666,877.1469404955554,0.9797320231497504,5.153291594497779,-2686.5932928292873,4843.41940281919,3148.514882816864,0.0,180.0,74.9
2019-08-06,87.7,92.7,80.6,999.9,15.2,5.8,7.8,-22.000051497486343,29.6166666,119.0166666,172.0,97.12320785400847,13.28937849769785,38.96510102370576,-0.5737722679043243,0.9955168540074409,29.6166666,877.1469404955554,0.9797320231497504,5.153291594497779,-2686.5932928292873,4843.41940281919,3148.514882816864,0.0,180.0,73.9
2019-08-07,87.9,94.5,80.8,999.9,10.6,5.3,5.8,-87.72654872223885,29.6166666,119.0166666,172.0,97.16771224321775,13.26521668849389,38.87045855271231,-0.5877852522924734,0.9955168540074409,29.6166666,877.1469404955554,0.9797320231497504,5.153291594497779,-2686.5932928292873,4843.41940281919,3148.514882816864,0.0,180.0,72.6
2019-08-08,87.3,93.2,81.7,999.9,16.6,7.8,9.7,-113.68227108072278,29.6166666,119.0166666,172.0,96.32638663080755,13.240740430351552,38.77356241007301,-0.6016240632249227,0.9955168540074409,29.6166666,877.1469404955554,0.9797320231497504,5.153291594497779,-2686.5932928292873,4843.41940281919,3148.514882816864,0.0,180.0,74.9
2019-08-09,80.0,89.1,76.5,999.9,8.9,5.8,9.7,164.74395177259385,29.6166666,119.0166666,172.0,88.10639401403192,13.215959102104787,38.67440282217078,-0.6152845999633277,0.9955168540074409,29.6166666,877.1469404955554,0.9797320231497504,5.153291594497779,-2686.5932928292873,4843.41940281919,3148.514882816864,0.0,180.0,75.7
2019-08-10,79.6,80.8,78.1,999.9,12.3,11.2,19.4,339.59647872868953,29.6166666,119.0166666,172.0,87.49951723709863,13.190881995542508,38.57297088209127,-0.6287628145958345,0.9955168540074409,29.6166666,877.1469404955554,0.9797320231497504,5.153291594497779,-2686.5932928292873,4843.41940281919,3148.514882816864,0.0,180.0,77.3
2019-08-11,83.5,90.0,77.2,999.9,14.3,4.4,9.7,-85.62427372779473,29.6166666,119.0166666,172.0,91.61006490266338,13.165518309364797,38.469258607475126,-0.6420547132365636,0.9955168540074409,29.6166666,877.1469404955554,0.9797320231497504,5.153291594497779,-2686.5932928292873,4843.41940281919,3148.514882816864,0.0,180.0,76.1
2019-08-12,83.5,88.2,77.9,999.9,10.4,2.4,3.9,-161.38296085990623,29.6166666,119.0166666,172.0,91.43164512485916,13.139877143692335,38.36325899796582,-0.655156357209085,0.9955168540074409,29.6166666,877.1469404955554,0.9797320231497504,5.153291594497779,-2686.5932928292873,4843.41940281919,3148.514882816864,0.0,180.0,74.7
2019-08-13,86.2,94.3,79.2,999.9,9.8,3.4,5.8,-32.22935123737351,29.6166666,119.0166666,172.0,94.20199983997013,13.113967495123452,38.25496609213227,-0.6680638642135333,0.9955168540074409,29.6166666,877.1469404955554,0.9797320231497504,5.153291594497779,-2686.5932928292873,4843.41940281919,3148.514882816864,0.0,180.0,76.3
2019-08-14,83.7,89.1,78.8,999.9,8.4,2.4,3.9,2.0336217670735213,29.6166666,119.0166666,172.0,91.28739281001373,13.087798252331718,38.14437502374422,-0.6807734094770159,0.9955168540074409,29.6166666,877.1469404955554,0.9797320231497504,5.153291594497779,-2686.5932928292873,4843.41940281919,3148.514882816864,0.0,180.0,77.1
2019-08-15,85.5,92.5,78.3,999.9,12.6,3.9,5.8,-73.92468594209517,29.6166666,119.0166666,172.0,93.0623196193936,13.061378192195594,38.03148207727816,-0.6932812268869771,0.9955168540074409,29.6166666,877.1469404955554,0.9797320231497504,5.153291594497779,-2686.5932928292873,4843.41940281919,3148.514882816864,0.0,180.0,74.2
2019-08-16,85.2,93.6,77.0,999.9,13.2,2.9,5.8,-41.04304819321833,29.6166666,119.0166666,172.0,92.54648343279887,13.034715976450544,37.91628474253082,-0.7055836101071774,0.9955168540074409,29.6166666,877.1469404955554,0.9797320231497504,5.153291594497779,-2686.5932928292873,4843.41940281919,3148.514882816864,0.0,180.0,72.7
2019-08-17,85.9,95.9,77.9,999.9,12.7,2.4,3.9,-77.52749282425272,29.6166666,119.0166666,172.0,93.11431256553807,13.007820148852815,37.798781768217815,-0.7176769136759615,0.9955168540074409,29.6166666,877.1469404955554,0.9797320231497504,5.153291594497779,-2686.5932928292873,4843.41940281919,3148.514882816864,0.0,180.0,71.5
2019-08-18,81.4,92.3,72.7,999.9,8.4,3.4,3.9,95.16948274551203,29.6166666,119.0166666,172.0,88.0524091177863,12.980699132843188,37.678973214435054,-0.7295575540864876,0.9955168540074409,29.6166666,877.1469404955554,0.9797320231497504,5.153291594497779,-2686.5932928292873,4843.41940281919,3148.514882816864,0.0,180.0,73.0
2019-08-19,84.3,91.4,77.9,999.9,9.0,4.4,5.8,76.36789468258814,29.6166666,119.0166666,172.0,90.99736263862917,12.953361229698103,37.5568605038618,-0.7412220108485957,0.9955168540074409,29.6166666,877.1469404955554,0.9797320231497504,5.153291594497779,-2686.5932928292873,4843.41940281919,3148.514882816864,0.0,180.0,71.4
2019-08-20,85.2,92.7,77.9,999.9,8.7,1.9,1.9,47.474935409491245,29.6166666,119.0166666,172.0,91.77328378179917,12.925814617154813,37.4324464715852,-0.7526668275320083,0.9955168540074409,29.6166666,877.1469404955554,0.9797320231497504,5.153291594497779,-2686.5932928292873,4843.41940281919,3148.514882816864,0.0,180.0,71.1
2019-08-21,85.8,92.7,78.8,999.9,9.3,2.4,3.9,-18.464029927263603,29.6166666,119.0166666,172.0,92.2211815417507,12.8980673484966,37.30573541342755,-0.7638886127905429,0.9955168540074409,29.6166666,877.1469404955554,0.9797320231497504,5.153291594497779,-2686.5932928292873,4843.41940281919,3148.514882816864,0.0,180.0,71.5
2019-08-22,86.8,90.7,81.0,999.9,7.3,3.9,5.8,159.31140474043912,29.6166666,119.0166666,172.0,93.09392118007075,12.870127352083513,37.17673313265984,-0.7748840413670406,0.9955168540074409,29.6166666,877.1469404955554,0.9797320231497504,5.153291594497779,-2686.5932928292873,4843.41940281919,3148.514882816864,0.0,180.0,74.6
2019-08-23,86.4,90.9,81.5,999.9,8.2,3.4,3.9,215.56375116577908,29.6166666,119.0166666,172.0,92.46241750545852,12.84200243131368,37.04544698498721,-0.7856498550787144,0.9955168540074409,29.6166666,877.1469404955554,0.9797320231497504,5.153291594497779,-2686.5932928292873,4843.41940281919,3148.514882816864,0.0,180.0,74.9
2019-08-24,87.3,93.6,81.5,999.9,13.5,5.3,7.8,-83.51700763007318,29.6166666,119.0166666,172.0,93.21966942787361,12.81370026499981,36.91188592169424,-0.7961828637826154,0.9955168540074409,29.6166666,877.1469404955554,0.9797320231497504,5.153291594497779,-2686.5932928292873,4843.41940281919,3148.514882816864,0.0,180.0,76.2
2019-08-25,84.5,88.9,79.9,999.9,17.4,5.3,11.7,-59.78773885230583,29.6166666,119.0166666,172.0,90.0293167073567,12.785228408145331,36.776060530841754,-0.8064799463209447,0.9955168540074409,29.6166666,877.1469404955554,0.9797320231497504,5.153291594497779,-2686.5932928292873,4843.41940281919,3148.514882816864,0.0,180.0,76.8
2019-08-26,87.9,95.0,80.1,999.9,17.1,2.9,5.8,22.12332220396135,29.6166666,119.0166666,172.0,93.44205319698936,12.75659429310435,36.63798307640921,-0.8165380514459157,0.9955168540074409,29.6166666,877.1469404955554,0.9797320231497504,5.153291594497779,-2686.5932928292873,4843.41940281919,3148.514882816864,0.0,180.0,76.3
2019-08-27,87.8,95.4,80.1,999.9,18.0,3.9,5.8,-128.79680305972644,29.6166666,119.0166666,172.0,93.12510827428414,12.72780523110945,36.49766753528109,-0.8263541987239094,0.9955168540074409,29.6166666,877.1469404955554,0.9797320231497504,5.153291594497779,-2686.5932928292873,4843.41940281919,3148.514882816864,0.0,180.0,76.4
2019-08-28,86.5,97.0,77.9,999.9,18.0,3.4,3.9,-3.5580177181000785,29.6166666,119.0166666,172.0,91.53767648534149,12.698868414151422,36.355129631979175,-0.8359254794186365,0.9955168540074409,29.6166666,877.1469404955554,0.9797320231497504,5.153291594497779,-2686.5932928292873,4843.41940281919,3148.514882816864,0.0,180.0,76.6
2019-08-29,67.2,68.4,66.4,999.9,11.7,3.9,7.8,39.42102951578426,29.6166666,119.0166666,172.0,70.95082913629118,12.669790917194852,36.210386871047184,-0.8452490573530634,0.9955168540074409,29.6166666,877.1469404955554,0.9797320231497504,5.153291594497779,-2686.5932928292873,4843.41940281919,3148.514882816864,0.0,180.0,64.5
2019-08-30,75.7,81.9,70.7,999.9,12.3,2.4,3.9,18.652224083446335,29.6166666,119.0166666,172.0,79.74099027866893,12.640579700713701,36.06345856699846,-0.8543221697498269,0.9955168540074409,29.6166666,877.1469404955554,0.9797320231497504,5.153291594497779,-2686.5932928292873,4843.41940281919,3148.514882816864,0.0,180.0,68.3
2019-08-31,72.1,77.4,69.3,999.9,8.0,6.3,7.8,-28.876715749465752,29.6166666,119.0166666,172.0,75.77254336129856,12.611241613530966,35.91436587174267,-0.8631421280499115,0.9955168540074409,29.6166666,877.1469404955554,0.9797320231497504,5.153291594497779,-2686.5932928292873,4843.41940281919,3148.514882816864,0.0,180.0,68.3
2019-09-01,70.8,71.6,70.0,999.9,16.8,4.9,7.8,28.945477881255115,29.6166666,119.0166666,172.0,74.23252203608592,12.581783395946768,35.763131799411795,-0.8717063187093217,0.9955168540074409,29.6166666,877.1469404955554,0.9797320231497504,5.153291594497779,-2686.5932928292873,4843.41940281919,3148.514882816864,0.0,180.0,66.8
2019-09-02,72.4,75.2,70.9,999.9,14.9,2.9,3.9,200.6272895265301,29.6166666,119.0166666,172.0,75.73167715494068,12.552211683139339,35.60978124851216,-0.8800122039735356,0.9955168540074409,29.6166666,877.1469404955554,0.9797320231497504,5.153291594497779,-2686.5932928292873,4843.41940281919,3148.514882816864,0.0,180.0,69.4
2019-09-03,74.5,76.5,72.9,999.9,15.4,1.9,1.9,-79.31426913319495,29.6166666,119.0166666,172.0,77.74405909644629,12.522533008823563,35.454341021333505,-0.888057322629493,0.9955168540074409,29.6166666,877.1469404955554,0.9797320231497504,5.153291594497779,-2686.5932928292873,4843.41940281919,3148.514882816864,0.0,180.0,70.9
2019-09-04,78.8,82.6,74.7,999.9,7.1,4.9,9.7,63.02103022606755,29.6166666,119.0166666,172.0,82.03575001343158,12.492753809152019,35.29683984055325,-0.8958392907349089,0.9955168540074409,29.6166666,877.1469404955554,0.9797320231497504,5.153291594497779,-2686.5932928292873,4843.41940281919,3148.514882816864,0.0,180.0,72.7
2019-09-05,82.4,87.1,77.2,999.9,15.4,2.9,3.9,-172.99995867470497,29.6166666,119.0166666,172.0,85.57844559765985,12.462880426843668,35.137308362978814,-0.9033558023246842,0.9955168540074409,29.6166666,877.1469404955554,0.9797320231497504,5.153291594497779,-2686.5932928292873,4843.41940281919,3148.514882816864,0.0,180.0,73.1
2019-09-06,82.4,89.6,74.7,999.9,15.5,4.4,5.8,-147.26918387036733,29.6166666,119.0166666,172.0,85.37271125994263,12.432919115525625,34.97577919037804,-0.9106046300942162,0.9955168540074409,29.6166666,877.1469404955554,0.9797320231497504,5.153291594497779,-2686.5932928292873,4843.41940281919,3148.514882816864,0.0,180.0,72.8
2019-09-07,82.1,90.7,74.3,999.9,14.8,3.4,3.9,27.398224649064964,29.6166666,119.0166666,172.0,84.85634360290614,12.402876044273736,34.81228687735362,-0.9175836260593934,0.9955168540074409,29.6166666,877.1469404955554,0.9797320231497504,5.153291594497779,-2686.5932928292873,4843.41940281919,3148.514882816864,0.0,180.0,66.3
2019-09-08,81.0,87.8,72.5,999.9,9.0,3.9,3.9,-123.10918414544602,29.6166666,119.0166666,172.0,83.51611179078095,12.372757302337918,34.64686793622405,-0.9242907221930934,0.9955168540074409,29.6166666,877.1469404955554,0.9797320231497504,5.153291594497779,-2686.5932928292873,4843.41940281919,3148.514882816864,0.0,180.0,67.8
2019-09-09,81.6,90.5,73.6,999.9,7.0,2.4,3.9,-204.62150289772657,29.6166666,119.0166666,172.0,83.92946854746253,12.34256890403861,34.47956083888009,-0.9307239310379793,0.9955168540074409,29.6166666,877.1469404955554,0.9797320231497504,5.153291594497779,-2686.5932928292873,4843.41940281919,3148.514882816864,0.0,180.0,66.9
2019-09-10,83.8,91.8,76.5,999.9,7.9,2.9,3.9,-89.80049938200614,29.6166666,119.0166666,172.0,85.98101227684859,12.3123167938208,34.31040601559302,-0.9368813462954315,0.9955168540074409,29.6166666,877.1469404955554,0.9797320231497504,5.153291594497779,-2686.5932928292873,4843.41940281919,3148.514882816864,0.0,180.0,70.3
2019-09-11,85.3,91.4,78.3,999.9,6.8,5.3,5.8,33.17472145049183,29.6166666,119.0166666,172.0,87.30459870240871,12.282006851452573,34.13944585075684,-0.9427611433904206,0.9955168540074409,29.6166666,877.1469404955554,0.9797320231497504,5.153291594497779,-2686.5932928292873,4843.41940281919,3148.514882816864,0.0,180.0,73.9
2019-09-12,84.8,91.8,77.4,999.9,7.3,3.9,5.8,73.09957095603795,29.6166666,119.0166666,172.0,86.57829060797681,12.25164489735521,33.966724675554616,-0.9483615800121716,0.9955168540074409,29.6166666,877.1469404955554,0.9797320231497504,5.153291594497779,-2686.5932928292873,4843.41940281919,3148.514882816864,0.0,180.0,73.6
2019-09-13,84.4,90.7,77.4,999.9,7.3,5.3,7.8,-72.25781794875671,29.6166666,119.0166666,172.0,85.95603144296751,12.221236698052252,33.792288757545,-0.9536809966304455,0.9955168540074409,29.6166666,877.1469404955554,0.9797320231497504,5.153291594497779,-2686.5932928292873,4843.41940281919,3148.514882816864,0.0,180.0,72.1
2019-09-14,82.4,87.1,76.1,999.9,12.4,3.4,5.8,61.88607710028826,29.6166666,119.0166666,172.0,83.71007740584606,12.190787971725156,33.61618628717298,-0.9587178169872964,0.9955168540074409,29.6166666,877.1469404955554,0.9797320231497504,5.153291594497779,-2686.5932928292873,4843.41940281919,3148.514882816864,0.0,180.0,71.5
2019-09-15,80.6,84.6,75.4,999.9,8.1,5.3,7.8,-80.53572022382873,29.6166666,119.0166666,172.0,81.676711178782,12.160304393863326,33.438467361214975,-0.9634705485641486,0.9955168540074409,29.6166666,877.1469404955554,0.9797320231497504,5.153291594497779,-2686.5932928292873,4843.41940281919,3148.514882816864,0.0,180.0,71.3
2019-09-16,78.6,83.5,72.5,999.9,16.6,5.3,7.8,49.11174106876669,29.6166666,119.0166666,172.0,79.45013499962809,12.129791602996656,33.25918396317608,-0.9679377830240642,0.9955168540074409,29.6166666,877.1469404955554,0.9797320231497504,5.153291594497779,-2686.5932928292873,4843.41940281919,3148.514882816864,0.0,180.0,61.2
2019-09-17,78.4,83.7,72.9,999.9,13.0,5.8,7.8,-5.968737842920273,29.6166666,119.0166666,172.0,79.04846734912519,12.099255206498754,33.07838994066385,-0.9721181966290612,0.9955168540074409,29.6166666,877.1469404955554,0.9797320231497504,5.153291594497779,-2686.5932928292873,4843.41940281919,3148.514882816864,0.0,180.0,62.2
2019-09-18,77.3,82.8,69.3,999.9,17.7,6.8,9.7,63.36933800645099,29.6166666,119.0166666,172.0,77.74254756604415,12.068700786449288,32.89614097976993,-0.9760105506323682,0.9955168540074409,29.6166666,877.1469404955554,0.9797320231497504,5.153291594497779,-2686.5932928292873,4843.41940281919,3148.514882816864,0.0,180.0,52.4
2019-09-19,73.6,81.0,65.7,999.9,18.2,6.8,11.7,302.85843015783854,29.6166666,119.0166666,172.0,73.83388795400332,12.03813390554402,32.71249457649789,-0.9796136916454901,0.9955168540074409,29.6166666,877.1469404955554,0.9797320231497504,5.153291594497779,-2686.5932928292873,4843.41940281919,3148.514882816864,0.0,180.0,53.3
2019-09-20,74.2,81.0,68.0,999.9,18.6,4.9,9.7,187.0051478483565,29.6166666,119.0166666,172.0,74.24674669897111,12.00756011304115,32.52751000528201,-0.9829265519799822,0.9955168540074409,29.6166666,877.1469404955554,0.9797320231497504,5.153291594497779,-2686.5932928292873,4843.41940281919,3148.514882816864,0.0,180.0,53.9
2019-09-21,75.0,78.8,71.1,999.9,18.6,9.2,17.5,-253.97440594810269,29.6166666,119.0166666,172.0,74.85615594207958,11.976984950732733,32.34124828464867,-0.9859481499638303,0.9955168540074409,29.6166666,877.1469404955554,0.9797320231497504,5.153291594497779,-2686.5932928292873,4843.41940281919,3148.514882816864,0.0,180.0,55.1
2019-09-22,71.6,78.1,63.5,999.9,18.5,3.4,5.8,145.25303917511934,29.6166666,119.0166666,172.0,71.28026995494932,11.946413958930053,32.1537721400785,-0.9886775902323404,0.9955168540074409,29.6166666,877.1469404955554,0.9797320231497504,5.153291594497779,-2686.5932928292873,4843.41940281919,3148.514882816864,0.0,180.0,55.0
2019-09-23,73.5,82.4,63.7,999.9,18.0,3.9,5.8,-147.26244989746908,29.6166666,119.0166666,172.0,72.98459768001649,11.915852682451671,31.965145964133324,-0.9911140639934546,0.9955168540074409,29.6166666,877.1469404955554,0.9797320231497504,5.153291594497779,-2686.5932928292873,4843.41940281919,3148.514882816864,0.0,180.0,52.7
2019-09-24,73.1,81.9,63.5,999.9,17.4,2.4,3.9,194.20561425266322,29.6166666,119.0166666,172.0,72.4013265049743,11.88530667660317,31.77543577391891,-0.9932568492674143,0.9955168540074409,29.6166666,877.1469404955554,0.9797320231497504,5.153291594497779,-2686.5932928292873,4843.41940281919,3148.514882816864,0.0,180.0,54.7
2019-09-25,73.6,81.5,65.3,999.9,13.8,2.9,3.9,-49.78273529236275,29.6166666,119.0166666,172.0,72.70932661390869,11.854781513137286,31.58470916595969,-0.9951053111006974,0.9955168540074409,29.6166666,877.1469404955554,0.9797320231497504,5.153291594497779,-2686.5932928292873,4843.41940281919,3148.514882816864,0.0,180.0,56.3
2019-09-26,76.0,82.8,68.9,999.9,-7.278589557709676,3.4,3.9,-20.136176682643033,29.6166666,119.0166666,172.0,74.88712431249427,11.824282786183305,31.393035268567917,-0.99665890175417,0.9955168540074409,29.6166666,877.1469404955554,0.9797320231497504,5.153291594497779,-2686.5932928292873,4843.41940281919,3148.514882816864,0.0,180.0,57.7
2019-09-27,76.1,83.3,67.5,999.9,7.8,2.9,3.9,-131.71969069915053,29.6166666,119.0166666,172.0,74.79245054916915,11.793816118134426,31.200484691795243,-0.9979171608653922,0.9955168540074409,29.6166666,877.1469404955554,0.9797320231497504,5.153291594497779,-2686.5932928292873,4843.41940281919,3148.514882816864,0.0,180.0,57.7
2019-09-28,77.5,85.5,69.3,999.9,8.2,3.9,3.9,-118.54324747612766,29.6166666,119.0166666,172.0,75.97187544373564,11.763387165481648,31.00712947505962,-0.9988797155850335,0.9955168540074409,29.6166666,877.1469404955554,0.9797320231497504,5.153291594497779,-2686.5932928292873,4843.41940281919,3148.514882816864,0.0,180.0,60.9
2019-09-29,79.1,86.9,70.7,999.9,7.5,4.4,5.8,80.72435390306524,29.6166666,119.0166666,172.0,77.34003570870789,11.733001624582739,30.813043032546226,-0.9995462806873573,0.9955168540074409,29.6166666,877.1469404955554,0.9797320231497504,5.153291594497779,-2686.5932928292873,4843.41940281919,3148.514882816864,0.0,180.0,60.8
2019-09-30,79.2,85.3,73.6,999.9,6.8,3.4,5.8,187.5475770865303,29.6166666,119.0166666,172.0,77.23759056653999,11.702665237354545,30.61830009648499,-0.9999166586547379,0.9955168540074409,29.6166666,877.1469404955554,0.9797320231497504,5.153291594497779,-2686.5932928292873,4843.41940281919,3148.514882816864,0.0,180.0,63.8
2019-10-01,75.2,77.4,72.5,999.9,15.4,4.9,5.8,45.54336099325337,29.6166666,119.0166666,172.0,73.14693846042807,11.67238379687682,30.422976658412793,-0.9999907397361901,0.9955168540074409,29.6166666,877.1469404955554,0.9797320231497504,5.153291594497779,-2686.5932928292873,4843.41940281919,3148.514882816864,0.0,180.0,68.3
2019-10-02,81.0,90.5,71.8,999.9,14.0,3.4,5.8,77.39388796577886,29.6166666,119.0166666,172.0,78.5846012820449,11.642163152895542,30.22714990853188,-0.9997685019798909,0.9955168540074409,29.6166666,877.1469404955554,0.9797320231497504,5.153291594497779,-2686.5932928292873,4843.41940281919,3148.514882816864,0.0,180.0,65.2
2019-10-03,81.7,91.4,73.6,999.9,11.2,2.4,3.9,90.34547626047863,29.6166666,119.0166666,172.0,79.05842942052784,11.612009217213393,30.03089817328029,-0.9992500112396835,0.9955168540074409,29.6166666,877.1469404955554,0.9797320231497504,5.153291594497779,-2686.5932928292873,4843.41940281919,3148.514882816864,0.0,180.0,66.7
2019-10-04,83.1,91.4,77.0,999.9,7.1,3.9,5.8,-53.006913813752604,29.6166666,119.0166666,172.0,80.20485118501318,11.581927968954973,29.834300851233866,-0.9984354211555643,0.9955168540074409,29.6166666,877.1469404955554,0.9797320231497504,5.153291594497779,-2686.5932928292873,4843.41940281919,3148.514882816864,0.0,180.0,68.9
2019-10-05,73.3,81.9,68.4,999.9,11.2,7.3,11.7,-159.24721550454134,29.6166666,119.0166666,172.0,70.56301134963032,11.551925459693912,29.637438347462222,-0.9973249731081555,0.9955168540074409,29.6166666,877.1469404955554,0.9797320231497504,5.153291594497779,-2686.5932928292873,4843.41940281919,3148.514882816864,0.0,180.0,65.1
2019-10-06,68.4,70.2,66.6,999.9,8.9,3.9,5.8,-299.44453958908457,29.6166666,119.0166666,172.0,65.67544456504478,11.522007818428909,29.440392006464478,-0.9959189961471792,0.9955168540074409,29.6166666,877.1469404955554,0.9797320231497504,5.153291594497779,-2686.5932928292873,4843.41940281919,3148.514882816864,0.0,180.0,63.5
2019-10-07,74.3,81.7,67.5,999.9,6.4,3.4,3.9,-28.69456711158656,29.6166666,119.0166666,172.0,71.15575561251477,11.492181256395387,29.243244043812965,-0.994217906893952,0.9955168540074409,29.6166666,877.1469404955554,0.9797320231497504,5.153291594497779,-2686.5932928292873,4843.41940281919,3148.514882816864,0.0,180.0,65.0
2019-10-08,66.5,68.9,63.0,999.9,9.0,3.9,3.9,-63.82873183717356,29.6166666,119.0166666,172.0,63.52108856399958,11.462452071699172,29.046077476635237,-0.9922222094179324,0.9955168540074409,29.6166666,877.1469404955554,0.9797320231497504,5.153291594497779,-2686.5932928292873,4843.41940281919,3148.514882816864,0.0,180.0,57.5
2019-10-09,68.8,73.4,64.6,999.9,5.2,2.9,3.9,-154.07028980732818,29.6166666,119.0166666,172.0,65.54820614821455,11.432826653758351,28.848976053066956,-0.989932495087353,0.9955168540074409,29.6166666,877.1469404955554,0.9797320231497504,5.153291594497779,-2686.5932928292873,4843.41940281919,3148.514882816864,0.0,180.0,60.2
2019-10-10,78.7,86.4,74.5,999.9,7.1,2.4,3.9,-86.27966257515098,29.6166666,119.0166666,172.0,74.78671783911085,11.403311487539137,28.652024180809466,-0.9873494423939864,0.9955168540074409,29.6166666,877.1469404955554,0.9797320231497504,5.153291594497779,-2686.5932928292873,4843.41940281919,3148.514882816864,0.0,180.0,65.9
2019-10-11,76.1,84.2,70.2,999.9,4.0,4.9,7.8,-106.57305745189359,29.6166666,119.0166666,172.0,72.12956594093139,11.37391315757131,28.455306854927,-0.9844738167520923,0.9955168540074409,29.6166666,877.1469404955554,0.9797320231497504,5.153291594497779,-2686.5932928292873,4843.41940281919,3148.514882816864,0.0,180.0,68.1
2019-10-12,69.8,72.5,67.5,999.9,3.5,3.9,7.8,165.63759629883486,29.6166666,119.0166666,172.0,65.9879797458879,11.344638351728578,28.258909585019826,-0.9813064702716093,0.9955168540074409,29.6166666,877.1469404955554,0.9797320231497504,5.153291594497779,-2686.5932928292873,4843.41940281919,3148.514882816864,0.0,180.0,63.5
2019-10-13,69.4,70.2,68.0,999.9,6.2,3.4,3.9,-105.01177078223954,29.6166666,119.0166666,172.0,65.4412728511884,11.315493864758801,28.06291832190907,-0.9778483415056567,0.9955168540074409,29.6166666,877.1469404955554,0.9797320231497504,5.153291594497779,-2686.5932928292873,4843.41940281919,3148.514882816864,0.0,180.0,61.4
2019-10-14,68.0,73.4,62.1,999.9,11.8,6.3,7.8,28.35813720818762,29.6166666,119.0166666,172.0,63.95675740877757,11.286486601548983,27.867419383970226,-0.9741004551724206,0.9955168540074409,29.6166666,877.1469404955554,0.9797320231497504,5.153291594497779,-2686.5932928292873,4843.41940281919,3148.514882816864,0.0,180.0,57.3
2019-10-15,63.1,69.8,55.4,999.9,13.8,5.8,7.8,43.550699706658165,29.6166666,119.0166666,172.0,59.19633732540917,11.257623580109508,27.67249938325082,-0.970063921851507,0.9955168540074409,29.6166666,877.1469404955554,0.9797320231497504,5.153291594497779,-2686.5932928292873,4843.41940281919,3148.514882816864,0.0,180.0,46.6
2019-10-16,65.5,70.2,60.8,999.9,13.4,4.4,5.8,26.96425359138685,29.6166666,119.0166666,172.0,61.291144307847084,11.228911934262062,27.478245151508055,-0.965739937654855,0.9955168540074409,29.6166666,877.1469404955554,0.9797320231497504,5.153291594497779,-2686.5932928292873,4843.41940281919,3148.514882816864,0.0,180.0,49.4
2019-10-17,67.6,70.7,62.6,999.9,12.3,3.9,5.8,-124.89470546652811,29.6166666,119.0166666,172.0,63.09535522688716,11.200358916015473,27.284743666300557,-0.9611297838723007,0.9955168540074409,29.6166666,877.1469404955554,0.9797320231497504,5.153291594497779,-2686.5932928292873,4843.41940281919,3148.514882816864,0.0,180.0,53.1
2019-10-18,67.1,74.3,58.5,999.9,13.5,4.4,5.8,-35.807489584334625,29.6166666,119.0166666,172.0,62.469942860822094,11.17197189761349,27.092081977267075,-0.9562348265919058,0.9955168540074409,29.6166666,877.1469404955554,0.9797320231497504,5.153291594497779,-2686.5932928292873,4843.41940281919,3148.514882816864,0.0,180.0,50.1
2019-10-19,66.9,74.3,58.1,999.9,9.8,3.4,3.9,-164.30640983949183,29.6166666,119.0166666,172.0,62.12645293080551,11.143758373238656,26.900347132723425,-0.9510565162951536,0.9955168540074409,29.6166666,877.1469404955554,0.9797320231497504,5.153291594497779,-2686.5932928292873,4843.41940281919,3148.514882816864,0.0,180.0,51.4
2019-10-20,67.5,75.2,58.5,999.9,9.8,2.9,3.9,-16.195089676108225,29.6166666,119.0166666,172.0,62.52595852700334,11.11572596035615,26.709626106706423,-0.9455963874271428,0.9955168540074409,29.6166666,877.1469404955554,0.9797320231497504,5.153291594497779,-2686.5932928292873,4843.41940281919,3148.514882816864,0.0,180.0,49.9
2019-10-21,69.2,76.5,61.2,999.9,7.0,4.4,7.8,-78.02440260428097,29.6166666,119.0166666,172.0,63.940121843931166,11.087882400681705,26.520005726591375,-0.9398560579418953,0.9955168540074409,29.6166666,877.1469404955554,0.9797320231497504,5.153291594497779,-2686.5932928292873,4843.41940281919,3148.514882816864,0.0,180.0,51.1
2019-10-22,68.9,73.4,63.9,999.9,7.3,6.3,9.7,37.03553125881376,29.6166666,119.0166666,172.0,63.50418584468402,11.060235560757738,26.331572601406766,-0.9338372288229252,0.9955168540074409,29.6166666,877.1469404955554,0.9797320231497504,5.153291594497779,-2686.5932928292873,4843.41940281919,3148.514882816864,0.0,180.0,52.2
2019-10-23,68.5,73.9,60.3,999.9,9.8,4.4,5.8,69.33148106753659,29.6166666,119.0166666,172.0,62.978862508362376,11.032793432121876,26.14441305096635,-0.9275416835791965,0.9955168540074409,29.6166666,877.1469404955554,0.9797320231497504,5.153291594497779,-2686.5932928292873,4843.41940281919,3148.514882816864,0.0,180.0,52.2
2019-10-24,69.0,75.2,61.5,999.9,8.2,2.9,3.9,21.01109378104855,29.6166666,119.0166666,172.0,63.28199375355219,11.005564131052555,25.95861303593573,-0.9209712877166347,0.9955168540074409,29.6166666,877.1469404955554,0.9797320231497504,5.153291594497779,-2686.5932928292873,4843.41940281919,3148.514882816864,0.0,180.0,53.8
2019-10-25,65.8,72.5,59.7,999.9,-76.17439860838293,1.9,1.9,-9.919968948686538,29.6166666,119.0166666,172.0,60.19908150668879,10.978555897876376,25.774258088946425,-0.9141279881853337,0.9955168540074409,29.6166666,877.1469404955554,0.9797320231497504,5.153291594497779,-2686.5932928292873,4843.41940281919,3148.514882816864,0.0,180.0,54.4
2019-10-26,59.7,62.6,57.7,999.9,2.3,4.4,5.8,-16.251124784497062,29.6166666,119.0166666,172.0,54.48509105171725,10.951777095822562,25.591433246866053,-0.9070138128026362,0.9955168540074409,29.6166666,877.1469404955554,0.9797320231497504,5.153291594497779,-2686.5932928292873,4843.41940281919,3148.514882816864,0.0,180.0,56.6
2019-10-27,56.9,57.0,56.8,999.9,2.6,3.4,5.8,122.48091887985417,29.6166666,119.0166666,172.0,51.8038283596201,10.925236209410214,25.41022298432932,-0.8996308696522434,0.9955168540074409,29.6166666,877.1469404955554,0.9797320231497504,5.153291594497779,-2686.5932928292873,4843.41940281919,3148.514882816864,0.0,180.0,55.4
2019-10-28,61.9,65.1,58.5,999.9,11.0,4.9,7.8,-66.46617876649478,29.6166666,119.0166666,172.0,56.22037500347961,10.898941842354692,25.230711148629293,-0.8919813464595487,0.9955168540074409,29.6166666,877.1469404955554,0.9797320231497504,5.153291594497779,-2686.5932928292873,4843.41940281919,3148.514882816864,0.0,180.0,57.7
2019-10-29,61.5,69.1,54.1,999.9,5.9,1.9,1.9,77.58000933918184,29.6166666,119.0166666,172.0,55.72362641427335,10.872902714980166,25.052980896063527,-0.8840675099433637,0.9955168540074409,29.6166666,877.1469404955554,0.9797320231497504,5.153291594497779,-2686.5932928292873,4843.41940281919,3148.514882816864,0.0,180.0,50.6
2019-10-30,62.4,71.1,54.0,999.9,6.5,-54.058311819744745,-109.72238729941728,-66.27561870566676,29.6166666,119.0166666,172.0,56.4050638378561,10.847127661126173,24.877114629824415,-0.8758917051442433,0.9955168540074409,29.6166666,877.1469404955554,0.9797320231497504,5.153291594497779,-2686.5932928292873,4843.41940281919,3148.514882816864,0.0,180.0,47.8
2019-10-31,63.5,72.5,55.2,999.9,7.6,2.9,3.9,-9.27732848934146,29.6166666,119.0166666,172.0,57.26443559650778,10.821625624536903,24.70319393951734,-0.8674563547295971,0.9955168540074409,29.6166666,877.1469404955554,0.9797320231497504,5.153291594497779,-2686.5932928292873,4843.41940281919,3148.514882816864,0.0,180.0,49.4
2019-11-01,65.7,73.8,56.1,999.9,8.4,2.9,3.9,-45.21929066569345,29.6166666,119.0166666,172.0,59.110320959608664,10.796405654723044,24.531299542384822,-0.858763958275803,0.9955168540074409,29.6166666,877.1469404955554,0.9797320231497504,5.153291594497779,-2686.5932928292873,4843.41940281919,3148.514882816864,0.0,180.0,46.1
2019-11-02,68.7,74.1,63.0,999.9,9.6,2.9,3.9,4.357949629185887,29.6166666,119.0166666,172.0,61.66670526559366,10.771476902287102,24.361511226308206,-0.8498170915275277,0.9955168540074409,29.6166666,877.1469404955554,0.9797320231497504,5.153291594497779,-2686.5932928292873,4843.41940281919,3148.514882816864,0.0,180.0,51.7
2019-11-03,66.4,70.9,60.6,999.9,5.4,4.9,5.8,-128.2269590855021,29.6166666,119.0166666,172.0,59.46589566249803,10.746848613704461,24.193907794652965,-0.8406184056344783,0.9955168540074409,29.6166666,877.1469404955554,0.9797320231497504,5.153291594497779,-2686.5932928292873,4843.41940281919,3148.514882816864,0.0,180.0,55.2
2019-11-04,64.3,69.8,57.9,999.9,10.7,4.4,5.8,-167.59313509894454,29.6166666,119.0166666,172.0,57.45489058942555,10.722530125553758,24.028567013016737,-0.8311706263658079,0.9955168540074409,29.6166666,877.1469404955554,0.9797320231497504,5.153291594497779,-2686.5932928292873,4843.41940281919,3148.514882816864,0.0,180.0,48.2
2019-11-05,61.1,66.7,53.6,999.9,8.5,4.9,5.8,-117.00223671903603,29.6166666,119.0166666,172.0,54.47335295295982,10.698530858191782,23.865565557932623,-0.8214765533024145,0.9955168540074409,29.6166666,877.1469404955554,0.9797320231497504,5.153291594497779,-2686.5932928292873,4843.41940281919,3148.514882816864,0.0,180.0,44.7
2019-11-06,64.5,67.6,61.3,999.9,11.4,3.0,4.5,-83.3582565465216,29.6166666,119.0166666,172.0,57.377374160174774,10.674860308869725,23.704978967574323,-0.8115390590073611,0.9955168540074409,29.6166666,877.1469404955554,0.9797320231497504,5.153291594497779,-2686.5932928292873,4843.41940281919,3148.514882816864,0.0,180.0,49.6
2019-11-08,59.7,65.5,52.0,999.9,7.9,4.9,7.8,18.50236179604338,29.6166666,119.0166666,172.0,52.87700487068303,10.628543692599603,23.391346560478905,-0.7909456567567774,0.9955168540074409,29.6166666,877.1469404955554,0.9797320231497504,5.153291594497779,-2686.5932928292873,4843.41940281919,3148.514882816864,0.0,180.0,45.7
2019-11-09,60.8,69.6,50.7,999.9,6.6,3.1,4.1,124.63002155127062,29.6166666,119.0166666,172.0,53.73664580317055,10.605916934836294,23.238445713391805,-0.780295851070776,0.9955168540074409,29.6166666,877.1469404955554,0.9797320231497504,5.153291594497779,-2686.5932928292873,4843.41940281919,3148.514882816864,0.0,180.0,44.9
2019-11-10,61.8,70.0,54.1,999.9,8.5,2.4,3.9,-65.49116707508797,29.6166666,119.0166666,172.0,54.5058361034182,10.583657495809359,23.088249586279904,-0.7694148268839381,0.9955168540074409,29.6166666,877.1469404955554,0.9797320231497504,5.153291594497779,-2686.5932928292873,4843.41940281919,3148.514882816864,0.0,180.0,48.1
2019-11-11,64.1,70.5,60.1,999.9,9.3,3.9,3.9,177.28136354999177,29.6166666,119.0166666,172.0,56.41748217649279,10.56177513444483,22.940827358496836,-0.7583058084785625,0.9955168540074409,29.6166666,877.1469404955554,0.9797320231497504,5.153291594497779,-2686.5932928292873,4843.41940281919,3148.514882816864,0.0,180.0,46.9
2019-11-12,59.0,60.1,58.1,999.9,78.6622594241525,-89.70020195409757,-236.29727814019267,-120.48675056902303,29.6166666,119.0166666,172.0,51.82304153182092,10.540279633590696,22.796246819001244,-0.7469720876965551,0.9955168540074409,29.6166666,877.1469404955554,0.9797320231497504,5.153291594497779,-2686.5932928292873,4843.41940281919,3148.514882816864,0.0,180.0,56.0
2019-11-13,60.2,64.9,53.4,999.9,9.8,5.3,11.7,210.39989804430033,29.6166666,119.0166666,172.0,52.771223626313976,10.519180789298467,22.654574331775915,-0.7354170229639858,0.9955168540074409,29.6166666,877.1469404955554,0.9797320231497504,5.153291594497779,-2686.5932928292873,4843.41940281919,3148.514882816864,0.0,180.0,48.9
2019-11-14,56.6,70.3,49.3,999.9,13.5,3.3,4.7,121.97359443911915,29.6166666,119.0166666,172.0,49.517870284754935,10.498488399594686,22.515874803364202,-0.7236440382959124,0.9955168540074409,29.6166666,877.1469404955554,0.9797320231497504,5.153291594497779,-2686.5932928292873,4843.41940281919,3148.514882816864,0.0,180.0,37.0
2019-11-15,60.5,68.9,53.8,999.9,10.4,2.8,3.9,-24.83094879209905,29.6166666,119.0166666,172.0,52.827653440994936,10.478212252759326,22.380211652506862,-0.711656622281775,0.9955168540074409,29.6166666,877.1469404955554,0.9797320231497504,5.153291594497779,-2686.5932928292873,4843.41940281919,3148.514882816864,0.0,180.0,47.4
2019-11-16,65.6,75.9,59.0,999.9,10.9,3.9,5.8,-141.6438859875605,29.6166666,119.0166666,172.0,57.1723795627142,10.458362115130647,22.24764678185513,-0.6994583270516471,0.9955168540074409,29.6166666,877.1469404955554,0.9797320231497504,5.153291594497779,-2686.5932928292873,4843.41940281919,3148.514882816864,0.0,180.0,51.8
2019-11-17,68.5,77.9,57.4,999.9,12.3,1.668811797187324,-69.4185543857679,-57.70777869530478,29.6166666,119.0166666,172.0,59.588993226202156,10.438947718458772,22.118240551728967,-0.6870527672236675,0.9955168540074409,29.6166666,877.1469404955554,0.9797320231497504,5.153291594497779,-2686.5932928292873,4843.41940281919,3148.514882816864,0.0,180.0,51.5
2019-11-18,45.8,53.8,40.1,999.9,9.5,3.9,5.8,31.39135389059991,29.6166666,119.0166666,172.0,39.76958555041275,10.419978746833035,21.99205175588305,-0.6744436188329457,0.9955168540074409,29.6166666,877.1469404955554,0.9797320231497504,5.153291594497779,-2686.5932928292873,4843.41940281919,3148.514882816864,0.0,180.0,40.3
2019-11-19,49.3,57.7,39.6,999.9,8.9,6.1,7.8,130.2879223949014,29.6166666,119.0166666,172.0,42.732684648691546,10.401464823210924,21.869137599236776,-0.661634618242279,0.9955168540074409,29.6166666,877.1469404955554,0.9797320231497504,5.153291594497779,-2686.5932928292873,4843.41940281919,3148.514882816864,0.0,180.0,27.8
2019-11-20,54.6,58.6,51.1,999.9,12.1,4.9,5.8,302.35532293879845,29.6166666,119.0166666,172.0,47.24454050488497,10.383415495579113,21.749553677517923,-0.6486295610349818,0.9955168540074409,29.6166666,877.1469404955554,0.9797320231497504,5.153291594497779,-2686.5932928292873,4843.41940281919,3148.514882816864,0.0,180.0,38.3
2019-11-21,58.2,68.7,50.7,999.9,12.4,3.6,4.1,16.037769039577434,29.6166666,119.0166666,172.0,50.27432508048262,10.365840222779921,21.633353958764292,-0.6354323008901775,0.9955168540074409,29.6166666,877.1469404955554,0.9797320231497504,5.153291594497779,-2686.5932928292873,4843.41940281919,3148.514882816864,0.0,180.0,45.8
2019-11-22,62.0,66.2,58.8,999.9,8.7,2.4,3.9,-30.96530281546213,29.6166666,119.0166666,172.0,53.468533193535464,10.348748360039123,21.520590766621503,-0.622046748440868,0.9955168540074409,29.6166666,877.1469404955554,0.9797320231497504,5.153291594497779,-2686.5932928292873,4843.41940281919,3148.514882816864,0.0,180.0,54.0
2019-11-23,66.2,73.6,58.6,999.9,9.8,2.9,5.8,-81.86809976379102,29.6166666,119.0166666,172.0,56.99902277902258,10.3321491442337,21.411314765370015,-0.6084768701151264,0.9955168540074409,29.6166666,877.1469404955554,0.9797320231497504,5.153291594497779,-2686.5932928292873,4843.41940281919,3148.514882816864,0.0,180.0,58.1
2019-11-24,64.9,75.2,52.3,999.9,12.0,4.9,5.8,-265.0411019586958,29.6166666,119.0166666,172.0,55.792646163604005,10.316051678940648,21.305574946609585,-0.594726686960764,0.9955168540074409,29.6166666,877.1469404955554,0.9797320231497504,5.153291594497779,-2686.5932928292873,4843.41940281919,3148.514882816864,0.0,180.0,53.9
2019-11-25,46.6,49.6,44.8,10.8,13.2,5.8,7.8,22.1,29.6166666,119.0166666,172.0,40.00013876998846,10.300464919310333,21.203418617524363,-0.5808002734538013,0.9955168540074409,29.6166666,877.1469404955554,0.9797320231497504,5.153291594497779,-2686.5932928292873,4843.41940281919,3148.514882816864,0.0,180.0,39.7
2019-11-26,47.5,50.2,44.4,7.9,5.9,5.1,6.2,14.8,29.6166666,119.0166666,172.0,40.71303239154045,10.285397656810218,21.10489139064812,-0.5667017562911184,0.9955168540074409,29.6166666,877.1469404955554,0.9797320231497504,5.153291594497779,-2686.5932928292873,4843.41940281919,3148.514882816864,0.0,180.0,40.9
2019-11-27,45.7,49.8,43.9,9.4,9.3,4.7,6.4,16.3,29.6166666,119.0166666,172.0,39.11485280230241,10.270858503886847,21.010037175044836,-0.5524353131676203,0.9955168540074409,29.6166666,877.1469404955554,0.9797320231497504,5.153291594497779,-2686.5932928292873,4843.41940281919,3148.514882816864,0.0,180.0,43.0
2019-11-28,45.7,51.1,42.6,11.8,12.8,4.1,5.6,15.2,29.6166666,119.0166666,172.0,39.06152613765283,10.256855878595928,20.918898168816856,-0.5380051715382992,0.9955168540074409,29.6166666,877.1469404955554,0.9797320231497504,5.153291594497779,-2686.5932928292873,4843.41940281919,3148.514882816864,0.0,180.0,36.0
2019-11-29,48.7,54.9,42.6,9.5,11.9,4.6,6.2,15.0,29.6166666,119.0166666,172.0,41.57112350638155,10.243397989252125,20.831514852849793,-0.5234156073655503,0.9955168540074409,29.6166666,877.1469404955554,0.9797320231497504,5.153291594497779,-2686.5932928292873,4843.41940281919,3148.514882816864,0.0,180.0,37.2
2019-11-30,52.1,54.9,44.1,4.0,11.0,2.5,4.3,13.4,29.6166666,119.0166666,172.0,44.41738965648319,10.230492819151598,20.747925985701126,-0.5086709438521042,0.9955168540074409,29.6166666,877.1469404955554,0.9797320231497504,5.153291594497779,-2686.5932928292873,4843.41940281919,3148.514882816864,0.0,180.0,45.9
2019-12-01,48.0,54.1,41.2,5.8,12.7,8.3,10.5,22.1,29.6166666,119.0166666,172.0,40.87259244568656,10.21814811142164,20.66816859953738,-0.49377555015997737,0.9955168540074409,29.6166666,877.1469404955554,0.9797320231497504,5.153291594497779,-2686.5932928292873,4843.41940281919,3148.514882816864,0.0,180.0,39.1
2019-12-02,45.5,55.0,38.3,9.8,6.1,3.4,9.7,19.4,29.6166666,119.0166666,172.0,38.699158050783275,10.206371354052733,20.592277997023643,-0.4787338401157883,0.9955168540074409,29.6166666,877.1469404955554,0.9797320231497504,5.153291594497779,-2686.5932928292873,4843.41940281919,3148.514882816864,0.0,180.0,30.7
2019-12-03,47.1,56.3,36.7,9.7,8.8,2.2,4.3,14.43341987805658,29.6166666,119.0166666,172.0,40.016041328288395,10.195169765169018,20.520287749068306,-0.4635502709028512,0.9955168540074409,29.6166666,877.1469404955554,0.9797320231497504,5.153291594497779,-2686.5932928292873,4843.41940281919,3148.514882816864,0.0,180.0,31.2
2019-12-04,48.6,58.6,37.0,11.4,13.3,3.0,4.9,28.195100024522468,29.6166666,119.0166666,172.0,41.24742862830424,10.18455027859364,20.452229693325762,-0.4482293417404106,0.9955168540074409,29.6166666,877.1469404955554,0.9797320231497504,5.153291594497779,-2686.5932928292873,4843.41940281919,3148.514882816864,0.0,180.0,31.0
2019-12-05,49.7,58.6,39.4,13.3,8.3,4.9,8.7,15.9,29.6166666,119.0166666,172.0,42.139468385778336,10.174519529765393,20.388133933359942,-0.4327755925504317,0.9955168540074409,29.6166666,877.1469404955554,0.9797320231497504,5.153291594497779,-2686.5932928292873,4843.41940281919,3148.514882816864,0.0,180.0,25.7
2019-12-06,43.9,57.4,36.5,13.3,10.1,4.4,8.0,18.8,29.6166666,119.0166666,172.0,37.187265055547094,10.165083842062987,20.328028838372955,-0.41719360261231697,0.9955168540074409,29.6166666,877.1469404955554,0.9797320231497504,5.153291594497779,-2686.5932928292873,4843.41940281919,3148.514882816864,0.0,180.0,35.0
2019-12-07,44.2,54.0,35.8,11.4,9.1,3.0,4.5,10.5,29.6166666,119.0166666,172.0,37.40885127006591,10.156249213592554,20.271941043403853,-0.4014879892059737,0.9955168540074409,29.6166666,877.1469404955554,0.9797320231497504,5.153291594497779,-2686.5932928292873,4843.41940281919,3148.514882816864,0.0,180.0,28.6
2019-12-08,45.1,58.3,35.4,7.9,6.8,2.5,3.7,113.61185979652308,29.6166666,119.0166666,172.0,38.13964673605329,10.148021304493113,20.21989544990547,-0.38566340624360745,0.9955168540074409,29.6166666,877.1469404955554,0.9797320231497504,5.153291594497779,-2686.5932928292873,4843.41940281919,3148.514882816864,0.0,180.0,33.4
2019-12-09,49.2,61.7,37.4,2.9,9.0,2.6,6.6,16.775427599378393,29.6166666,119.0166666,172.0,41.575662241735216,10.140405424813467,20.171915226609133,-0.3697245428906732,0.9955168540074409,29.6166666,877.1469404955554,0.9797320231497504,5.153291594497779,-2686.5932928292873,4843.41940281919,3148.514882816864,0.0,180.0,39.7
2019-12-10,51.8,67.8,42.1,0.3,9.9,2.6,5.2,164.77625620572545,29.6166666,119.0166666,172.0,43.74253815767005,10.133406523012367,20.128021810590838,-0.3536761221763721,0.9955168540074409,29.6166666,877.1469404955554,0.9797320231497504,5.153291594497779,-2686.5932928292873,4843.41940281919,3148.514882816864,0.0,180.0,41.4
2019-12-11,53.5,68.0,43.9,3.8,9.0,3.3,4.5,11.1,29.6166666,119.0166666,172.0,45.14967173912897,10.127029175131732,20.088234908455693,-0.33752289959411347,0.9955168540074409,29.6166666,877.1469404955554,0.9797320231497504,5.153291594497779,-2686.5932928292873,4843.41940281919,3148.514882816864,0.0,180.0,37.0
2019-12-12,50.9,68.0,42.8,6.4,3.9,3.8,5.6,13.8,29.6166666,119.0166666,172.0,42.93108571264567,10.12127757469053,20.052572497562192,-0.32126966169236515,0.9955168540074409,29.6166666,877.1469404955554,0.9797320231497504,5.153291594497779,-2686.5932928292873,4843.41940281919,3148.514882816864,0.0,180.0,34.3
2019-12-13,51.7,63.7,42.4,5.2,5.4,2.3,3.5,13.8,29.6166666,119.0166666,172.0,43.58377004640778,10.116155523344164,20.0210508272121,-0.3049212246562894,0.9955168540074409,29.6166666,877.1469404955554,0.9797320231497504,5.153291594497779,-2686.5932928292873,4843.41940281919,3148.514882816864,0.0,180.0,42.2
2019-12-14,55.8,67.8,44.2,4.9,4.0,4.6,8.9,17.9,29.6166666,119.0166666,172.0,47.019248863933605,10.111666422351314,19.993684419737438,-0.2884824328806098,0.9955168540074409,29.6166666,877.1469404955554,0.9797320231497504,5.153291594497779,-2686.5932928292873,4843.41940281919,3148.514882816864,0.0,180.0,41.7
2019-12-15,55.5,67.8,47.3,1.2,4.0,2.9,4.1,16.5,29.6166666,119.0166666,172.0,46.74863635010209,10.10781326488694,19.970486071421455,-0.27195815753410524,0.9955168540074409,29.6166666,877.1469404955554,0.9797320231497504,5.153291594497779,-2686.5932928292873,4843.41940281919,3148.514882816864,0.0,180.0,46.5
2019-12-16,57.6,65.1,48.9,997.4,5.2,2.0,2.7,45.93140306176727,29.6166666,119.0166666,172.0,48.50207342033536,10.104598629236532,19.951466853196543,-0.2553532951161881,0.9955168540074409,29.6166666,877.1469404955554,0.9797320231497504,5.153291594497779,-2686.5932928292873,4843.41940281919,3148.514882816864,0.0,180.0,51.7
2019-12-17,56.5,70.0,47.5,1.0,5.8,5.0,7.8,20.6,29.6166666,119.0166666,172.0,47.56369950158503,10.102024672903015,19.93663611106876,-0.23867276600594997,0.9955168540074409,29.6166666,877.1469404955554,0.9797320231497504,5.153291594497779,-2686.5932928292873,4843.41940281919,3148.514882816864,0.0,180.0,51.3
2019-12-18,45.1,70.0,42.3,6.6,8.2,6.4,8.5,18.6,29.6166666,119.0166666,172.0,37.95951667143129,10.100093127653556,19.92600146622512,-0.22192151300416674,0.9955168540074409,29.6166666,877.1469404955554,0.9797320231497504,5.153291594497779,-2686.5932928292873,4843.41940281919,3148.514882816864,0.0,180.0,41.8
2019-12-19,40.9,47.7,38.3,8.2,11.5,4.7,5.8,14.8,29.6166666,119.0166666,172.0,34.420094715596115,10.098805295529424,19.91956881478719,-0.20510449986861926,0.9955168540074409,29.6166666,877.1469404955554,0.9797320231497504,5.153291594497779,-2686.5932928292873,4843.41940281919,3148.514882816864,0.0,180.0,37.0
2019-12-20,40.4,42.6,38.3,6.8,4.3,5.2,8.0,19.0,29.6166666,119.0166666,172.0,33.99714555431978,10.098162045837558,19.9173423271817,-0.1882267098432439,0.9955168540074409,29.6166666,877.1469404955554,0.9797320231497504,5.153291594497779,-2686.5932928292873,4843.41940281919,3148.514882816864,0.0,180.0,38.6
2019-12-21,45.8,47.7,39.2,1.1,6.4,3.7,7.0,14.6,29.6166666,119.0166666,172.0,38.54132522014312,10.098163813137937,19.919324447106575,-0.1712931441814778,0.9955168540074409,29.6166666,877.1469404955554,0.9797320231497504,5.153291594497779,-2686.5932928292873,4843.41940281919,3148.514882816864,0.0,180.0,45.0
2019-12-22,50.4,57.0,42.6,0.0,17.7,3.4,5.6,11.7,29.6166666,119.0166666,172.0,42.41500450419247,10.098810596236302,19.925515890078376,-0.154308820664281,0.9955168540074409,29.6166666,877.1469404955554,0.9797320231497504,5.153291594497779,-2686.5932928292873,4843.41940281919,3148.514882816864,0.0,180.0,46.0
2019-12-23,48.9,57.0,48.0,1.3,4.8,4.2,6.6,15.7,29.6166666,119.0166666,172.0,41.157915479611695,10.10010195818692,19.935915641555162,-0.13727877211326517,0.9955168540074409,29.6166666,877.1469404955554,0.9797320231497504,5.153291594497779,-2686.5932928292873,4843.41940281919,3148.514882816864,0.0,180.0,46.9
2019-12-24,50.3,52.0,48.0,1.8,12.6,3.4,4.7,15.7,29.6166666,119.0166666,172.0,42.34437187278847,10.102037027305402,19.950520954636442,-0.12020804489935275,0.9955168540074409,29.6166666,877.1469404955554,0.9797320231497504,5.153291594497779,-2686.5932928292873,4843.41940281919,3148.514882816864,0.0,180.0,48.1
2019-12-25,52.2,53.4,48.4,997.6,7.2,4.1,8.9,21.0,29.6166666,119.0166666,172.0,43.9550730714626,10.104614499186804,19.969327347349996,-0.10310169744743544,0.9955168540074409,29.6166666,877.1469404955554,0.9797320231497504,5.153291594497779,-2686.5932928292873,4843.41940281919,3148.514882816864,0.0,180.0,51.0
2019-12-26,46.2,53.4,39.2,5.8,12.8,7.2,11.3,22.1,29.6166666,119.0166666,172.0,38.91515566292,10.10783263971948,19.99232859954314,-0.0859647987374467,0.9955168540074409,29.6166666,877.1469404955554,0.9797320231497504,5.153291594497779,-2686.5932928292873,4843.41940281919,3148.514882816864,0.0,180.0,38.4
2019-12-27,42.9,52.5,37.4,6.7,6.6,2.6,4.3,11.5,29.6166666,119.0166666,172.0,36.149289208463074,10.11168928908058,20.019516749403568,-0.06880242680232064,0.9955168540074409,29.6166666,877.1469404955554,0.9797320231497504,5.153291594497779,-2686.5932928292873,4843.41940281919,3148.514882816864,0.0,180.0,33.3
2019-12-28,48.2,55.6,37.8,2.8,4.3,2.1,3.1,117.79901295570639,29.6166666,119.0166666,172.0,40.63333049788927,10.116181866694424,20.050882089642915,-0.05161966722325418,0.9955168540074409,29.6166666,877.1469404955554,0.9797320231497504,5.153291594497779,-2686.5932928292873,4843.41940281919,3148.514882816864,0.0,180.0,40.3
2019-12-29,56.4,64.0,39.2,0.9,6.6,2.2,3.3,-103.69493217149221,29.6166666,119.0166666,172.0,47.570144672514324,10.121307377130707,20.086413163383188,-0.034421611622745804,0.9955168540074409,29.6166666,877.1469404955554,0.9797320231497504,5.153291594497779,-2686.5932928292873,4843.41940281919,3148.514882816864,0.0,180.0,48.8
2019-12-30,52.6,64.0,44.1,8.9,4.1,4.9,6.6,18.3,29.6166666,119.0166666,172.0,44.39029026081133,10.12706241691513,20.12609675979373,-0.01721335615583528,0.9955168540074409,29.6166666,877.1469404955554,0.9797320231497504,5.153291594497779,-2686.5932928292873,4843.41940281919,3148.514882816864,0.0,180.0,43.1
2019-12-31,40.2,58.8,33.8,14.2,8.2,5.1,8.2,20.4,29.6166666,119.0166666,172.0,33.947034660440956,10.13344318222118,20.16991790953291,6.432490598706546e-16,0.9955168540074409,29.6166666,877.1469404955554,0.9797320231497504,5.153291594497779,-2686.5932928292873,4843.41940281919,3148.514882816864,0.0,180.0,25.8
2020-01-01,46.0,54.5,33.3,8.9,7.6,2.1,3.7,11.5,29.6166666,119.0166666,172.0,38.871707663396485,10.140445477407779,20.217859880055833,0.017213356155834685,0.9955168540074409,29.6166666,877.1469404955554,0.9797320231497504,5.153291594497779,-2686.5932928292873,4843.41940281919,3148.514882816864,0.0,180.0,35.1
2020-01-02,51.0,54.5,35.4,6.9,4.0,2.2,3.5,10.9,29.6166666,119.0166666,172.0,43.129275078547984,10.14806472436423,20.269904170854744,0.03442161162274574,0.9955168540074409,29.6166666,877.1469404955554,0.9797320231497504,5.153291594497779,-2686.5932928292873,4843.41940281919,3148.514882816864,0.0,180.0,46.8
2020-01-03,50.0,54.0,45.3,5.6,5.3,3.3,4.3,11.8,29.6166666,119.0166666,172.0,42.317899885918386,10.156295972620413,20.326030508705657,0.051619667223253764,0.9955168540074409,29.6166666,877.1469404955554,0.9797320231497504,5.153291594497779,-2686.5932928292873,4843.41940281919,3148.514882816864,0.0,180.0,47.1
2020-01-04,50.0,52.2,48.2,5.3,16.0,3.9,4.7,13.8,29.6166666,119.0166666,172.0,42.354724625738996,10.16513391017736,20.38621684299881,0.06880242680231986,0.9955168540074409,29.6166666,877.1469404955554,0.9797320231497504,5.153291594497779,-2686.5932928292873,4843.41940281919,3148.514882816864,0.0,180.0,47.1
2020-01-05,52.2,56.3,48.7,2.9,8.3,3.3,7.4,13.8,29.6166666,119.0166666,172.0,44.25939200629645,10.174572875010677,20.450439341236745,0.08596479873744647,0.9955168540074409,29.6166666,877.1469404955554,0.9797320231497504,5.153291594497779,-2686.5932928292873,4843.41940281919,3148.514882816864,0.0,180.0,49.3
2020-01-06,59.6,72.0,50.0,997.4,6.5,2.1,2.9,126.77321071492017,29.6166666,119.0166666,172.0,50.58354744041126,10.184606867196898,20.518672384786978,0.10310169744743485,0.9955168540074409,29.6166666,877.1469404955554,0.9797320231497504,5.153291594497779,-2686.5932928292873,4843.41940281919,3148.514882816864,0.0,180.0,54.7
2020-01-07,52.7,72.0,43.7,999.9,14.2,10.6,17.1,37.3,29.6166666,119.0166666,172.0,44.77404982474171,10.195229561611015,20.590888564980954,0.1202080448993527,0.9955168540074409,29.6166666,877.1469404955554,0.9797320231497504,5.153291594497779,-2686.5932928292873,4843.41940281919,3148.514882816864,0.0,180.0,45.1
2020-01-08,46.0,63.7,37.8,5.6,9.7,4.9,7.2,28.2,29.6166666,119.0166666,172.0,39.12466489770966,10.20643432114165,20.66705867965373,0.13727877211326478,0.9955168540074409,29.6166666,877.1469404955554,0.9797320231497504,5.153291594497779,-2686.5932928292873,4843.41940281919,3148.514882816864,0.0,180.0,32.9
2020-01-09,39.8,56.7,37.6,3.0,2.0,4.6,5.8,20.2,29.6166666,119.0166666,172.0,33.89041046439114,10.218214210369187,20.74715173022201,0.15430882066428117,0.9955168540074409,29.6166666,877.1469404955554,0.9797320231497504,5.153291594497779,-2686.5932928292873,4843.41940281919,3148.514882816864,0.0,180.0,36.3
2020-01-10,43.4,44.8,38.7,0.1,5.4,2.4,3.5,10.7,29.6166666,119.0166666,172.0,37.00053260157183,10.230562009651196,20.83113491939981,0.1712931441814776,0.9955168540074409,29.6166666,877.1469404955554,0.9797320231497504,5.153291594497779,-2686.5932928292873,4843.41940281919,3148.514882816864,0.0,180.0,42.8
2020-01-11,44.4,46.4,41.4,1.6,15.0,2.5,3.5,10.3,29.6166666,119.0166666,172.0,37.900839849367806,10.243470229558866,20.91897364965319,0.1882267098432442,0.9955168540074409,29.6166666,877.1469404955554,0.9797320231497504,5.153291594497779,-2686.5932928292873,4843.41940281919,3148.514882816864,0.0,180.0,42.0
2020-01-12,44.2,49.8,39.2,3.0,16.2,3.4,4.5,10.5,29.6166666,119.0166666,172.0,37.77969631265608,10.256931125607984,21.01063152249608,0.2051044998686192,0.9955168540074409,29.6166666,877.1469404955554,0.9797320231497504,5.153291594497779,-2686.5932928292873,4843.41940281919,3148.514882816864,0.0,180.0,33.7
2020-01-13,45.7,49.8,39.0,2.6,7.3,3.7,6.4,11.3,29.6166666,119.0166666,172.0,39.115150649543445,10.270936713228037,21.106070338729907,0.2219215130041655,0.9955168540074409,29.6166666,877.1469404955554,0.9797320231497504,5.153291594497779,-2686.5932928292873,4843.41940281919,3148.514882816864,0.0,180.0,35.5
2020-01-14,43.6,49.6,39.9,6.1,3.3,4.7,8.0,15.2,29.6166666,119.0166666,172.0,37.37057291125212,10.285478782913426,21.205250099729373,0.2386727660059501,0.9955168540074409,29.6166666,877.1469404955554,0.9797320231497504,5.153291594497779,-2686.5932928292873,4843.41940281919,3148.514882816864,0.0,180.0,34.5
2020-01-15,38.9,47.8,37.6,3.6,2.6,4.9,6.0,15.9,29.6166666,119.0166666,172.0,33.390946067750555,10.300548915501457,21.308129009876353,0.255353295116187,0.9955168540074409,29.6166666,877.1469404955554,0.9797320231497504,5.153291594497779,-2686.5932928292873,4843.41940281919,3148.514882816864,0.0,180.0,37.8
2020-01-16,42.1,43.5,37.6,4.7,12.7,3.2,4.1,11.7,29.6166666,119.0166666,172.0,36.19245256214256,10.31613849752282,21.414663480242197,0.2719581575341055,0.9955168540074409,29.6166666,877.1469404955554,0.9797320231497504,5.153291594497779,-2686.5932928292873,4843.41940281919,3148.514882816864,0.0,180.0,40.3
2020-01-17,41.6,43.9,39.6,6.0,15.6,2.6,3.5,10.9,29.6166666,119.0166666,172.0,35.81842762011439,10.332238736571458,21.524808133617135,0.288482432880609,0.9955168540074409,29.6166666,877.1469404955554,0.9797320231497504,5.153291594497779,-2686.5932928292873,4843.41940281919,3148.514882816864,0.0,180.0,37.1
2020-01-18,41.5,44.2,39.4,4.3,10.5,3.4,4.7,61.51675528306772,29.6166666,119.0166666,172.0,35.789740673387826,10.348840676642261,21.63851581098327,0.30492122465628907,0.9955168540074409,29.6166666,877.1469404955554,0.9797320231497504,5.153291594497779,-2686.5932928292873,4843.41940281919,3148.514882816864,0.0,180.0,35.4
2020-01-19,45.5,54.0,38.8,4.4,7.5,3.3,5.6,14.4,29.6166666,119.0166666,172.0,39.30417101742489,10.365935213386784,21.75573757952425,0.3212696616923644,0.9955168540074409,29.6166666,877.1469404955554,0.9797320231497504,5.153291594497779,-2686.5932928292873,4843.41940281919,3148.514882816864,0.0,180.0,36.0
2020-01-20,45.9,55.4,38.8,5.9,4.0,3.3,4.5,12.2,29.6166666,119.0166666,172.0,39.71693764283925,10.38351310923902,21.876422742261934,0.3375228995941133,0.9955168540074409,29.6166666,877.1469404955554,0.9797320231497504,5.153291594497779,-2686.5932928292873,4843.41940281919,3148.514882816864,0.0,180.0,36.9
2020-01-21,45.7,55.4,40.3,2.7,2.5,2.7,6.0,13.6,29.6166666,119.0166666,172.0,39.6126267401921,10.401565008365539,22.0005188494063,0.3536761221763716,0.9955168540074409,29.6166666,877.1469404955554,0.9797320231497504,5.153291594497779,-2686.5932928292873,4843.41940281919,3148.514882816864,0.0,180.0,38.3
2020-01-22,47.6,49.1,43.3,0.2,2.0,2.7,4.3,14.6,29.6166666,119.0166666,172.0,41.33298975720572,10.4200814513964,22.127971711500223,0.3697245428906731,0.9955168540074409,29.6166666,877.1469404955554,0.9797320231497504,5.153291594497779,-2686.5932928292873,4843.41940281919,3148.514882816864,0.0,180.0,47.2
2020-01-23,47.3,49.1,45.1,2.8,10.4,5.4,8.2,17.3,29.6166666,119.0166666,172.0,41.147266807672686,10.43905288989582,22.25872541443665,0.38566340624360707,0.9955168540074409,29.6166666,877.1469404955554,0.9797320231497504,5.153291594497779,-2686.5932928292873,4843.41940281919,3148.514882816864,0.0,180.0,46.4
2020-01-24,45.0,48.9,42.8,6.5,7.8,5.8,9.1,21.6,29.6166666,119.0166666,172.0,39.21926137700238,10.45846970053397,22.39272233642021,0.401487989205973,0.9955168540074409,29.6166666,877.1469404955554,0.9797320231497504,5.153291594497779,-2686.5932928292873,4843.41940281919,3148.514882816864,0.0,180.0,43.3
2020-01-25,42.8,46.0,41.9,4.9,6.3,5.0,5.8,19.6,29.6166666,119.0166666,172.0,37.372682509495654,10.478322198924015,22.52990316693979,0.4171936026123168,0.9955168540074409,29.6166666,877.1469404955554,0.9797320231497504,5.153291594497779,-2686.5932928292873,4843.41940281919,3148.514882816864,0.0,180.0,41.8
2020-01-26,43.0,46.0,40.5,0.2,10.7,3.9,7.2,18.6,29.6166666,119.0166666,172.0,37.61998567357636,10.498600653091076,22.670206927813073,0.4327755925504312,0.9955168540074409,29.6166666,877.1469404955554,0.9797320231497504,5.153291594497779,-2686.5932928292873,4843.41940281919,3148.514882816864,0.0,180.0,42.3
2020-01-27,41.6,46.0,39.7,1.6,14.7,4.4,6.0,13.4,29.6166666,119.0166666,172.0,36.46689036134774,10.519295296542616,22.813570996357708,0.4482293417404106,0.9955168540074409,29.6166666,877.1469404955554,0.9797320231497504,5.153291594497779,-2686.5932928292873,4843.41940281919,3148.514882816864,0.0,180.0,37.9
2020-01-28,41.8,45.7,38.7,3.6,14.3,6.0,7.4,18.8,29.6166666,119.0166666,172.0,36.715713920845026,10.54039634091245,22.959931130737463,0.4635502709028509,0.9955168540074409,29.6166666,877.1469404955554,0.9797320231497504,5.153291594497779,-2686.5932928292873,4843.41940281919,3148.514882816864,0.0,180.0,32.9
2020-01-29,42.5,50.7,37.0,4.2,5.4,4.5,9.1,22.9,29.6166666,119.0166666,172.0,37.406707874709824,10.561893988153361,23.109221497525116,0.47873384011578846,0.9955168540074409,29.6166666,877.1469404955554,0.9797320231497504,5.153291594497779,-2686.5932928292873,4843.41940281919,3148.514882816864,0.0,180.0,31.9
2020-01-30,42.7,51.6,35.1,4.6,3.3,5.8,10.1,23.7,29.6166666,119.0166666,172.0,37.660611623694464,10.583778442256055,23.26137470151687,0.49377555015997715,0.9955168540074409,29.6166666,877.1469404955554,0.9797320231497504,5.153291594497779,-2686.5932928292873,4843.41940281919,3148.514882816864,0.0,180.0,32.9
2020-01-31,43.2,56.1,34.5,5.6,6.9,2.6,4.5,-89.82436062267311,29.6166666,119.0166666,172.0,38.18174371370958,10.606039920474883,23.41632181782623,0.5086709438521044,0.9955168540074409,29.6166666,877.1469404955554,0.9797320231497504,5.153291594497779,-2686.5932928292873,4843.41940281919,3148.514882816864,0.0,180.0,30.6
2020-02-01,47.9,58.6,35.1,5.3,10.1,3.4,4.3,10.9,29.6166666,119.0166666,172.0,42.42610241730679,10.628668664043454,23.573992426277915,0.5234156073655503,0.9955168540074409,29.6166666,877.1469404955554,0.9797320231497504,5.153291594497779,-2686.5932928292873,4843.41940281919,3148.514882816864,0.0,180.0,27.8
2020-02-02,48.0,58.6,37.0,5.2,7.9,2.5,3.5,10.9,29.6166666,119.0166666,172.0,42.60661979346342,10.651654948365856,23.73431464811522,0.5380051715382996,0.9955168540074409,29.6166666,877.1469404955554,0.9797320231497504,5.153291594497779,-2686.5932928292873,4843.41940281919,3148.514882816864,0.0,180.0,38.7
2020-02-03,48.0,54.5,44.1,6.1,8.2,2.6,4.1,10.7,29.6166666,119.0166666,172.0,42.69995637068698,10.674989092671744,23.89721518502666,0.5524353131676196,0.9955168540074409,29.6166666,877.1469404955554,0.9797320231497504,5.153291594497779,-2686.5932928292873,4843.41940281919,3148.514882816864,0.0,180.0,39.6
2020-02-04,47.5,54.0,41.9,5.0,4.6,3.8,5.8,11.1,29.6166666,119.0166666,172.0,42.34886831529054,10.69866146912603,24.062619360490462,0.5667017562911176,0.9955168540074409,29.6166666,877.1469404955554,0.9797320231497504,5.153291594497779,-2686.5932928292873,4843.41940281919,3148.514882816864,0.0,180.0,39.8
2020-02-05,48.0,56.5,41.0,7.5,8.1,4.8,7.4,16.1,29.6166666,119.0166666,172.0,42.89065004554477,10.722662511386192,24.230451163427766,0.5808002734538009,0.9955168540074409,29.6166666,877.1469404955554,0.9797320231497504,5.153291594497779,-2686.5932928292873,4843.41940281919,3148.514882816864,0.0,180.0,34.4
2020-02-06,39.3,56.5,37.2,6.5,8.6,6.2,9.7,20.6,29.6166666,119.0166666,172.0,35.19636841652349,10.746982722602594,24.400633294148022,0.5947266869607634,0.9955168540074409,29.6166666,877.1469404955554,0.9797320231497504,5.153291594497779,-2686.5932928292873,4843.41940281919,3148.514882816864,0.0,180.0,37.4
2020-02-07,42.7,46.0,37.2,8.9,15.6,2.9,4.9,18.1,29.6166666,119.0166666,172.0,38.32898846317414,10.771612682859242,24.573087212562513,0.6084768701151261,0.9955168540074409,29.6166666,877.1469404955554,0.9797320231497504,5.153291594497779,-2686.5932928292873,4843.41940281919,3148.514882816864,0.0,180.0,39.1
2020-02-08,45.3,50.9,38.3,11.1,15.7,3.0,5.1,11.5,29.6166666,119.0166666,172.0,40.75695003660562,10.79654305605447,24.747733188634406,0.6220467484408675,0.9955168540074409,29.6166666,877.1469404955554,0.9797320231497504,5.153291594497779,-2686.5932928292873,4843.41940281919,3148.514882816864,0.0,180.0,38.8
2020-02-09,46.8,57.9,39.6,8.3,7.6,2.9,4.7,10.3,29.6166666,119.0166666,172.0,42.204881925269696,10.821764596223,24.924490355026467,0.6354323008901774,0.9955168540074409,29.6166666,877.1469404955554,0.9797320231497504,5.153291594497779,-2686.5932928292873,4843.41940281919,3148.514882816864,0.0,180.0,38.4
2020-02-10,47.0,57.9,39.6,3.8,5.3,2.7,4.1,-82.5335872335694,29.6166666,119.0166666,172.0,42.48513360043481,10.847268153302503,25.103276761900183,0.6486295610349814,0.9955168540074409,29.6166666,877.1469404955554,0.9797320231497504,5.153291594497779,-2686.5932928292873,4843.41940281919,3148.514882816864,0.0,180.0,43.4
2020-02-11,48.7,52.7,40.5,0.2,3.8,1.4,2.3,165.27938544685279,29.6166666,119.0166666,172.0,44.12643965296868,10.87304467834957,25.28400943381284,0.6616346182422783,0.9955168540074409,29.6166666,877.1469404955554,0.9797320231497504,5.153291594497779,-2686.5932928292873,4843.41940281919,3148.514882816864,0.0,180.0,47.5
2020-02-12,54.6,62.1,46.6,998.3,6.5,1.8,3.5,-188.78225080603724,29.6166666,119.0166666,172.0,49.59083778836196,10.899085228211419,25.466604428652197,0.6744436188329455,0.9955168540074409,29.6166666,877.1469404955554,0.9797320231497504,5.153291594497779,-2686.5932928292873,4843.41940281919,3148.514882816864,0.0,180.0,52.8
2020-02-13,54.7,62.1,50.0,995.8,3.3,2.1,4.1,10.7,29.6166666,119.0166666,172.0,49.801528253372005,10.925380969661134,25.65097689854123,0.6870527672236669,0.9955168540074409,29.6166666,877.1469404955554,0.9797320231497504,5.153291594497779,-2686.5932928292873,4843.41940281919,3148.514882816864,0.0,180.0,54.2
2020-02-14,56.2,59.2,53.1,996.2,3.7,2.1,3.7,1.1954615438187695,29.6166666,119.0166666,172.0,51.29150690707581,10.95192318300551,25.83704115263909,0.699458327051647,0.9955168540074409,29.6166666,877.1469404955554,0.9797320231497504,5.153291594497779,-2686.5932928292873,4843.41940281919,3148.514882816864,0.0,180.0,55.4
2020-02-15,44.4,59.2,35.1,2.2,7.7,6.5,11.1,19.4,29.6166666,119.0166666,172.0,40.62120208115006,10.978703265175692,26.024710721757476,0.7116566222817746,0.9955168540074409,29.6166666,877.1469404955554,0.9797320231497504,5.153291594497779,-2686.5932928292873,4843.41940281919,3148.514882816864,0.0,180.0,42.8
2020-02-16,38.3,57.2,33.8,9.6,18.2,8.3,12.6,23.5,29.6166666,119.0166666,172.0,35.12656647062884,11.005712732311908,26.213898424705807,0.7236440382959124,0.9955168540074409,29.6166666,877.1469404955554,0.9797320231497504,5.153291594497779,-2686.5932928292873,4843.41940281919,3148.514882816864,0.0,180.0,22.4
2020-02-17,41.4,51.6,33.3,12.1,18.1,5.3,10.3,23.1,29.6166666,119.0166666,172.0,38.06365411539762,11.032943221854381,26.404516436272043,0.7354170229639855,0.9955168540074409,29.6166666,877.1469404955554,0.9797320231497504,5.153291594497779,-2686.5932928292873,4843.41940281919,3148.514882816864,0.0,180.0,25.4
2020-02-18,44.0,55.8,32.2,9.2,17.3,2.9,4.7,-39.38017558904052,29.6166666,119.0166666,172.0,40.55475047856283,11.0603864941535,26.59647635674062,0.7469720876965552,0.9955168540074409,29.6166666,877.1469404955554,0.9797320231497504,5.153291594497779,-2686.5932928292873,4843.41940281919,3148.514882816864,0.0,180.0,27.8
2020-02-19,45.7,55.8,36.7,7.1,16.4,2.2,4.3,58.73345220486863,29.6166666,119.0166666,172.0,42.22693113467557,11.088034433612838,26.789689282843238,0.7583058084785624,0.9955168540074409,29.6166666,877.1469404955554,0.9797320231497504,5.153291594497779,-2686.5932928292873,4843.41940281919,3148.514882816864,0.0,180.0,37.2
2020-02-20,53.8,66.2,40.3,8.8,14.1,3.5,6.2,15.2,29.6166666,119.0166666,172.0,49.836191071384036,11.11587904937934,26.98406588003287,0.7694148268839378,0.9955168540074409,29.6166666,877.1469404955554,0.9797320231497504,5.153291594497779,-2686.5932928292873,4843.41940281919,3148.514882816864,0.0,180.0,36.8
2020-02-21,51.4,66.2,43.7,9.6,10.2,2.7,5.1,15.2,29.6166666,119.0166666,172.0,47.73309177046692,11.14391247559539,27.179516455966827,0.7802958510707755,0.9955168540074409,29.6166666,877.1469404955554,0.9797320231497504,5.153291594497779,-2686.5932928292873,4843.41940281919,3148.514882816864,0.0,180.0,44.8
2020-02-22,53.2,65.5,45.3,10.8,9.3,3.6,6.0,123.24691877033169,29.6166666,119.0166666,172.0,49.52976290577741,11.172126971227987,27.375951035079623,0.7909456567567772,0.9955168540074409,29.6166666,877.1469404955554,0.9797320231497504,5.153291594497779,-2686.5932928292873,4843.41940281919,3148.514882816864,0.0,180.0,40.6
2020-02-23,56.5,68.0,45.3,4.8,8.0,2.1,3.3,9.7,29.6166666,119.0166666,172.0,52.735757745934116,11.200514919490432,27.573279434122437,0.8013610881746766,0.9955168540074409,29.6166666,877.1469404955554,0.9797320231497504,5.153291594497779,-2686.5932928292873,4843.41940281919,3148.514882816864,0.0,180.0,43.9
2020-02-24,60.6,71.6,48.7,997.9,7.7,1.7,2.1,-28.48833467292723,29.6166666,119.0166666,172.0,56.70679757570522,11.22906882687232,27.771411338541775,0.8115390590073611,0.9955168540074409,29.6166666,877.1469404955554,0.9797320231497504,5.153291594497779,-2686.5932928292873,4843.41940281919,3148.514882816864,0.0,180.0,52.2
2020-02-25,67.3,79.3,50.7,997.4,10.3,2.8,7.4,15.7,29.6166666,119.0166666,172.0,63.137390246392734,11.257781321793653,27.970256379566486,0.8214765533024142,0.9955168540074409,29.6166666,877.1469404955554,0.9797320231497504,5.153291594497779,-2686.5932928292873,4843.41940281919,3148.514882816864,0.0,180.0,56.3
2020-02-26,52.0,79.3,48.7,4.5,7.8,6.0,8.4,19.6,29.6166666,119.0166666,172.0,48.90879566256265,11.286645152899073,28.16972421186889,0.8311706263658079,0.9955168540074409,29.6166666,877.1469404955554,0.9797320231497504,5.153291594497779,-2686.5932928292873,4843.41940281919,3148.514882816864,0.0,180.0,48.8
2020-02-27,51.1,57.2,47.8,3.1,3.2,5.7,9.1,19.0,29.6166666,119.0166666,172.0,48.18582315467664,11.315653187008213,28.369724591663115,0.8406184056344782,0.9955168540074409,29.6166666,877.1469404955554,0.9797320231497504,5.153291594497779,-2686.5932928292873,4843.41940281919,3148.514882816864,0.0,180.0,44.5
2020-02-28,55.0,58.3,47.5,996.6,3.6,2.0,3.3,12.0,29.6166666,119.0166666,172.0,51.996992697549715,11.34479840673812,28.570167455100897,0.8498170915275278,0.9955168540074409,29.6166666,877.1469404955554,0.9797320231497504,5.153291594497779,-2686.5932928292873,4843.41940281919,3148.514882816864,0.0,180.0,50.2
2020-02-29,52.1,58.3,48.9,996.0,6.6,3.8,5.2,14.0,29.6166666,119.0166666,172.0,49.38243754975768,11.37407390781367,28.770962996823265,0.8587639582758029,0.9955168540074409,29.6166666,877.1469404955554,0.9797320231497504,5.153291594497779,-2686.5932928292873,4843.41940281919,3148.514882816864,0.0,180.0,50.7
2020-03-01,51.3,54.7,48.6,2.0,14.4,4.0,6.6,14.0,29.6166666,119.0166666,172.0,48.749846630749396,11.40347289608173,28.97202174852466,0.8674563547295969,0.9955168540074409,29.6166666,877.1469404955554,0.9797320231497504,5.153291594497779,-2686.5932928292873,4843.41940281919,3148.514882816864,0.0,180.0,45.3
2020-03-02,47.5,54.7,44.6,3.9,5.9,5.7,9.5,17.1,29.6166666,119.0166666,172.0,45.25558020846861,11.432988684244702,29.17325465738484,0.8758917051442429,0.9955168540074409,29.6166666,877.1469404955554,0.9797320231497504,5.153291594497779,-2686.5932928292873,4843.41940281919,3148.514882816864,0.0,180.0,41.5
2020-03-03,46.8,52.5,44.2,3.5,3.8,3.4,4.9,13.0,29.6166666,119.0166666,172.0,44.704197284482525,11.462614688328852,29.37457316422261,0.8840675099433636,0.9955168540074409,29.6166666,877.1469404955554,0.9797320231497504,5.153291594497779,-2686.5932928292873,4843.41940281919,3148.514882816864,0.0,180.0,44.8
2020-03-04,47.3,49.8,44.4,6.7,2.6,3.3,5.2,13.0,29.6166666,119.0166666,172.0,45.298990937549604,11.492344423902649,29.575889281225326,0.8919813464595485,0.9955168540074409,29.6166666,877.1469404955554,0.9797320231497504,5.153291594497779,-2686.5932928292873,4843.41940281919,3148.514882816864,0.0,180.0,41.9
2020-03-05,50.0,60.6,42.8,3.4,12.5,4.2,6.2,14.2,29.6166666,119.0166666,172.0,48.00904792525028,11.522171502060067,29.777115669107808,0.8996308696522433,0.9955168540074409,29.6166666,877.1469404955554,0.9797320231497504,5.153291594497779,-2686.5932928292873,4843.41940281919,3148.514882816864,0.0,180.0,34.7
2020-03-06,48.1,60.6,44.2,996.7,3.0,1.9,2.7,-7.610421257756213,29.6166666,119.0166666,172.0,46.30462591427739,11.552089625183546,29.97816571355429,0.9070138128026359,0.9955168540074409,29.6166666,877.1469404955554,0.9797320231497504,5.153291594497779,-2686.5932928292873,4843.41940281919,3148.514882816864,0.0,180.0,44.3
2020-03-07,56.3,60.6,46.6,995.5,9.4,2.7,4.3,11.3,29.6166666,119.0166666,172.0,54.33931769956743,11.582092582501051,30.178953600798266,0.9141279881853337,0.9955168540074409,29.6166666,877.1469404955554,0.9797320231497504,5.153291594497779,-2686.5932928292873,4843.41940281919,3148.514882816864,0.0,180.0,52.5
2020-03-08,55.0,60.6,49.8,990.6,2.5,6.1,9.7,20.4,29.6166666,119.0166666,172.0,53.222465291652156,11.61217424545138,30.379394392195525,0.9209712877166346,0.9955168540074409,29.6166666,877.1469404955554,0.9797320231497504,5.153291594497779,-2686.5932928292873,4843.41940281919,3148.514882816864,0.0,180.0,50.4
2020-03-09,54.7,59.0,52.0,991.1,14.9,7.3,12.2,24.9,29.6166666,119.0166666,172.0,53.06961436575625,11.642328562871572,30.57940409764763,0.9275416835791966,0.9955168540074409,29.6166666,877.1469404955554,0.9797320231497504,5.153291594497779,-2686.5932928292873,4843.41940281919,3148.514882816864,0.0,180.0,49.8
2020-03-10,50.7,61.5,42.4,0.8,12.5,3.7,8.7,24.9,29.6166666,119.0166666,172.0,49.31652187418451,11.672549556020002,30.778899747734673,0.9338372288229252,0.9955168540074409,29.6166666,877.1469404955554,0.9797320231497504,5.153291594497779,-2686.5932928292873,4843.41940281919,3148.514882816864,0.0,180.0,43.7
2020-03-11,54.6,65.1,42.4,0.3,9.9,3.0,5.2,240.41829187419626,29.6166666,119.0166666,172.0,53.24788247619057,11.702831313448476,30.977799464418574,0.9398560579418954,0.9955168540074409,29.6166666,877.1469404955554,0.9797320231497504,5.153291594497779,-2686.5932928292873,4843.41940281919,3148.514882816864,0.0,180.0,41.2
2020-03-12,53.2,65.1,44.1,998.0,3.2,1.2,1.9,95.40406078801928,29.6166666,119.0166666,172.0,52.01704473676428,11.733167985736303,31.176022530180543,0.9455963874271426,0.9955168540074409,29.6166666,877.1469404955554,0.9797320231497504,5.153291594497779,-2686.5932928292873,4843.41940281919,3148.514882816864,0.0,180.0,50.1
2020-03-13,53.8,56.7,51.3,1.8,2.7,1.9,2.9,146.75929271820536,29.6166666,119.0166666,172.0,52.739932780777856,11.76355378009915,31.373489455459705,0.9510565162951535,0.9955168540074409,29.6166666,877.1469404955554,0.9797320231497504,5.153291594497779,-2686.5932928292873,4843.41940281919,3148.514882816864,0.0,180.0,52.3
2020-03-14,54.3,65.8,44.1,1.9,12.6,3.1,7.4,18.6,29.6166666,119.0166666,172.0,53.36777287085533,11.793982954885157,31.570122044263044,0.9562348265919056,0.9955168540074409,29.6166666,877.1469404955554,0.9797320231497504,5.153291594497779,-2686.5932928292873,4843.41940281919,3148.514882816864,0.0,180.0,40.5
2020-03-15,55.9,71.8,42.8,1.4,14.9,2.9,6.8,15.5,29.6166666,119.0166666,172.0,55.08222871674631,11.824449813970585,31.765843457820456,0.9611297838723007,0.9955168540074409,29.6166666,877.1469404955554,0.9797320231497504,5.153291594497779,-2686.5932928292873,4843.41940281919,3148.514882816864,0.0,180.0,37.0
2020-03-16,58.7,71.8,46.0,1.5,10.4,2.5,4.5,11.8,29.6166666,119.0166666,172.0,57.99045739605294,11.85494870106704,31.9605782761631,0.9657399376548549,0.9955168540074409,29.6166666,877.1469404955554,0.9797320231497504,5.153291594497779,-2686.5932928292873,4843.41940281919,3148.514882816864,0.0,180.0,42.7
2020-03-17,59.7,68.0,51.1,998.7,10.3,2.3,3.3,9.9,29.6166666,119.0166666,172.0,59.130233119911914,11.885473993952143,32.15425255750737,0.9700639218515071,0.9955168540074409,29.6166666,877.1469404955554,0.9797320231497504,5.153291594497779,-2686.5932928292873,4843.41940281919,3148.514882816864,0.0,180.0,49.8
2020-03-18,62.3,76.6,52.0,994.4,8.4,2.6,4.5,-2.1654383382161644,29.6166666,119.0166666,172.0,61.86400434541491,11.916020098635297,32.346793895331814,0.9741004551724205,0.9955168540074409,29.6166666,877.1469404955554,0.9797320231497504,5.153291594497779,-2686.5932928292873,4843.41940281919,3148.514882816864,0.0,180.0,51.9
2020-03-19,65.1,81.0,52.9,996.3,11.6,4.4,8.4,21.8,29.6166666,119.0166666,172.0,64.81020433082512,11.946581443470068,32.538131473039,0.9778483415056568,0.9955168540074409,29.6166666,877.1469404955554,0.9797320231497504,5.153291594497779,-2686.5932928292873,4843.41940281919,3148.514882816864,0.0,180.0,41.7
2020-03-20,63.9,81.0,51.8,994.6,10.2,2.5,3.3,13.8,29.6166666,119.0166666,172.0,63.778336919921024,11.977152473224606,32.72819611610023,0.9813064702716093,0.9955168540074409,29.6166666,877.1469404955554,0.9797320231497504,5.153291594497779,-2686.5932928292873,4843.41940281919,3148.514882816864,0.0,180.0,48.7
2020-03-21,66.0,80.1,54.9,991.5,10.2,3.8,10.9,24.7,29.6166666,119.0166666,172.0,66.04250203716738,12.00772764312134,32.91692034158607,0.9844738167520922,0.9955168540074409,29.6166666,877.1469404955554,0.9797320231497504,5.153291594497779,-2686.5932928292873,4843.41940281919,3148.514882816864,0.0,180.0,58.5
2020-03-22,63.0,74.3,56.8,996.0,10.4,4.0,7.4,24.7,29.6166666,119.0166666,172.0,63.20108241750031,12.038301412857201,33.10423840499208,0.9873494423939864,0.9955168540074409,29.6166666,877.1469404955554,0.9797320231497504,5.153291594497779,-2686.5932928292873,4843.41940281919,3148.514882816864,0.0,180.0,59.8
2020-03-23,56.9,66.4,54.9,999.3,14.6,4.2,6.6,19.6,29.6166666,119.0166666,172.0,57.22655024091857,12.068868240615517,33.29008634427477,0.989932495087353,0.9955168540074409,29.6166666,877.1469404955554,0.9797320231497504,5.153291594497779,-2686.5932928292873,4843.41940281919,3148.514882816864,0.0,180.0,44.2
2020-03-24,60.4,67.5,54.0,996.7,14.3,2.7,4.3,10.7,29.6166666,119.0166666,172.0,60.90042697130627,12.099422577080716,33.47440202101971,0.9922222094179323,0.9955168540074409,29.6166666,877.1469404955554,0.9797320231497504,5.153291594497779,-2686.5932928292873,4843.41940281919,3148.514882816864,0.0,180.0,47.5
2020-03-25,67.2,79.2,53.4,992.2,10.9,2.5,4.7,-64.85666179548286,29.6166666,119.0166666,172.0,67.92776961301523,12.129958859467004,33.65712515866978,0.994217906893952,0.9955168540074409,29.6166666,877.1469404955554,0.9797320231497504,5.153291594497779,-2686.5932928292873,4843.41940281919,3148.514882816864,0.0,180.0,57.7
2020-03-26,66.5,82.9,56.7,992.6,4.4,1.9,2.9,-11.178850719413473,29.6166666,119.0166666,172.0,67.38927959337914,12.160471505572177,33.83819737774878,0.995918996147179,0.9955168540074409,29.6166666,877.1469404955554,0.9797320231497504,5.153291594497779,-2686.5932928292873,4843.41940281919,3148.514882816864,0.0,180.0,63.1
2020-03-27,51.1,63.9,40.1,999.8,7.7,8.6,11.5,25.8,29.6166666,119.0166666,172.0,51.913149649337235,12.190954907867843,34.017562228022356,0.9973249731081555,0.9955168540074409,29.6166666,877.1469404955554,0.9797320231497504,5.153291594497779,-2686.5932928292873,4843.41940281919,3148.514882816864,0.0,180.0,48.3
2020-03-28,43.2,64.0,39.9,4.0,16.3,4.9,6.4,25.8,29.6166666,119.0166666,172.0,43.997052339494466,12.221403427637352,34.195165217545146,0.9984354211555643,0.9955168540074409,29.6166666,877.1469404955554,0.9797320231497504,5.153291594497779,-2686.5932928292873,4843.41940281919,3148.514882816864,0.0,180.0,36.6
2020-03-29,42.2,48.7,39.9,999.2,7.4,3.2,6.0,13.6,29.6166666,119.0166666,172.0,43.08553671859145,12.251811389172921,34.37095383855057,0.9992500112396835,0.9955168540074409,29.6166666,877.1469404955554,0.9797320231497504,5.153291594497779,-2686.5932928292873,4843.41940281919,3148.514882816864,0.0,180.0,40.6
2020-03-30,49.2,52.9,41.4,998.7,15.3,2.9,4.1,73.66657931718319,29.6166666,119.0166666,172.0,50.356909603578515,12.28217307404354,34.5448775901469,0.9997685019798909,0.9955168540074409,29.6166666,877.1469404955554,0.9797320231497504,5.153291594497779,-2686.5932928292873,4843.41940281919,3148.514882816864,0.0,180.0,44.6
2020-03-31,50.2,52.9,44.1,997.0,9.8,3.1,4.3,11.1,29.6166666,119.0166666,172.0,51.507219359613195,12.312482715445384,34.71688799779062,0.9999907397361901,0.9955168540074409,29.6166666,877.1469404955554,0.9797320231497504,5.153291594497779,-2686.5932928292873,4843.41940281919,3148.514882816864,0.0,180.0,49.1
2020-04-01,54.0,59.9,48.7,1.6,14.4,3.9,6.4,12.0,29.6166666,119.0166666,172.0,55.54230521691034,12.342734492646743,34.886938629515555,0.9999166586547379,0.9955168540074409,29.6166666,877.1469404955554,0.9797320231497504,5.153291594497779,-2686.5932928292873,4843.41940281919,3148.514882816864,0.0,180.0,47.9
2020-04-02,54.3,59.9,48.7,1.8,2.9,4.2,9.1,17.7,29.6166666,119.0166666,172.0,55.98747442806653,12.372922525539565,35.05498510890375,0.9995462806873573,0.9955168540074409,29.6166666,877.1469404955554,0.9797320231497504,5.153291594497779,-2686.5932928292873,4843.41940281919,3148.514882816864,0.0,180.0,47.5
2020-04-03,52.3,57.2,49.8,2.8,4.8,1.9,2.7,-123.25884532768741,29.6166666,119.0166666,172.0,54.05658645540953,12.403040869310027,35.220985124791945,0.9988797155850336,0.9955168540074409,29.6166666,877.1469404955554,0.9797320231497504,5.153291594497779,-2686.5932928292873,4843.41940281919,3148.514882816864,0.0,180.0,48.1
2020-04-04,54.8,64.8,48.0,4.5,4.1,3.6,6.0,12.6,29.6166666,119.0166666,172.0,56.777748025532865,12.433083509240774,35.38489843771437,0.9979171608653922,0.9955168540074409,29.6166666,877.1469404955554,0.9797320231497504,5.153291594497779,-2686.5932928292873,4843.41940281919,3148.514882816864,0.0,180.0,47.7
2020-04-05,57.1,64.8,48.0,3.7,8.7,4.3,8.0,13.0,29.6166666,119.0166666,172.0,59.30331939233781,12.463044355657685,35.546686883090686,0.9966589017541702,0.9955168540074409,29.6166666,877.1469404955554,0.9797320231497504,5.153291594497779,-2686.5932928292873,4843.41940281919,3148.514882816864,0.0,180.0,39.8
2020-04-06,53.2,63.9,44.4,0.1,10.8,2.1,3.1,11.1,29.6166666,119.0166666,172.0,55.38526642638564,12.492917239034353,35.70631437117516,0.9951053111006976,0.9955168540074409,29.6166666,877.1469404955554,0.9797320231497504,5.153291594497779,-2686.5932928292873,4843.41940281919,3148.514882816864,0.0,180.0,42.8
2020-04-07,57.7,73.6,43.9,998.7,13.9,3.2,5.2,-50.701554976501335,29.6166666,119.0166666,172.0,60.21329614449556,12.522695905267705,35.86374688379029,0.9932568492674143,0.9955168540074409,29.6166666,877.1469404955554,0.9797320231497504,5.153291594497779,-2686.5932928292873,4843.41940281919,3148.514882816864,0.0,180.0,40.7
2020-04-08,62.3,77.9,46.4,998.3,15.0,2.9,4.5,-167.54355146867303,29.6166666,119.0166666,172.0,65.16774174116057,12.552374011138474,36.01895246787578,0.9911140639934547,0.9955168540074409,29.6166666,877.1469404955554,0.9797320231497504,5.153291594497779,-2686.5932928292873,4843.41940281919,3148.514882816864,0.0,180.0,38.3
2020-04-09,64.8,81.5,51.4,999.2,14.0,3.0,4.3,11.3,29.6166666,119.0166666,172.0,67.94250364784104,12.581945119970563,36.17190122589068,0.9886775902323405,0.9955168540074409,29.6166666,877.1469404955554,0.9797320231497504,5.153291594497779,-2686.5932928292873,4843.41940281919,3148.514882816864,0.0,180.0,45.5
2020-04-10,69.5,81.5,54.5,997.7,9.3,5.6,12.4,23.1,29.6166666,119.0166666,172.0,73.04104062304143,12.611402697503555,36.32256530311353,0.9859481499638304,0.9955168540074409,29.6166666,877.1469404955554,0.9797320231497504,5.153291594497779,-2686.5932928292873,4843.41940281919,3148.514882816864,0.0,180.0,47.2
2020-04-11,52.2,81.1,45.7,999.8,12.7,4.9,8.2,23.1,29.6166666,119.0166666,172.0,54.98721946976945,12.640740107992976,36.47091887189238,0.9829265519799822,0.9955168540074409,29.6166666,877.1469404955554,0.9797320231497504,5.153291594497779,-2686.5932928292873,4843.41940281919,3148.514882816864,0.0,180.0,48.9
2020-04-12,57.2,66.9,45.7,999.6,10.1,7.7,10.7,23.7,29.6166666,119.0166666,172.0,60.39343124363645,12.669950610553101,36.616938112902965,0.9796136916454901,0.9955168540074409,29.6166666,877.1469404955554,0.9797320231497504,5.153291594497779,-2686.5932928292873,4843.41940281919,3148.514882816864,0.0,180.0,39.8
2020-04-13,58.3,71.6,47.5,0.1,12.1,2.9,5.1,22.3,29.6166666,119.0166666,172.0,61.69610790338821,12.699027355757437,36.76060119348015,0.9760105506323683,0.9955168540074409,29.6166666,877.1469404955554,0.9797320231497504,5.153291594497779,-2686.5932928292873,4843.41940281919,3148.514882816864,0.0,180.0,38.0
2020-04-14,56.2,71.6,46.9,996.5,10.1,2.6,4.1,-4.008316222325012,29.6166666,119.0166666,172.0,59.609295174765336,12.727963382512172,36.90188824309372,0.9721181966290613,0.9955168540074409,29.6166666,877.1469404955554,0.9797320231497504,5.153291594497779,-2686.5932928292873,4843.41940281919,3148.514882816864,0.0,180.0,46.9
2020-04-15,64.6,79.9,51.8,993.8,14.6,2.7,5.2,13.0,29.6166666,119.0166666,172.0,68.67384619525755,12.756751615218121,37.04078132604573,0.9679377830240642,0.9955168540074409,29.6166666,877.1469404955554,0.9797320231497504,5.153291594497779,-2686.5932928292873,4843.41940281919,3148.514882816864,0.0,180.0,47.8
2020-04-16,69.0,84.9,53.4,991.3,11.4,2.5,6.2,11.7,29.6166666,119.0166666,172.0,73.51596295211208,12.785384861236883,37.177264411472436,0.9634705485641488,0.9955168540074409,29.6166666,877.1469404955554,0.9797320231497504,5.153291594497779,-2686.5932928292873,4843.41940281919,3148.514882816864,0.0,180.0,53.6
2020-04-17,71.8,87.4,58.5,994.3,8.6,5.2,8.9,18.5,29.6166666,119.0166666,172.0,76.66957058858415,12.813855808677019,37.31132334073924,0.9587178169872964,0.9955168540074409,29.6166666,877.1469404955554,0.9797320231497504,5.153291594497779,-2686.5932928292873,4843.41940281919,3148.514882816864,0.0,180.0,56.0
2020-04-18,59.0,87.4,55.8,994.2,1.8,5.9,7.8,21.8,29.6166666,119.0166666,172.0,63.14060537053818,12.84215702451624,37.44294579232245,0.9536809966304457,0.9955168540074409,29.6166666,877.1469404955554,0.9797320231497504,5.153291594497779,-2686.5932928292873,4843.41940281919,3148.514882816864,0.0,180.0,55.6
2020-04-19,57.6,63.7,52.5,994.4,9.5,4.5,9.7,22.5,29.6166666,119.0166666,172.0,61.77734857476262,12.870280953075547,37.57212124427621,0.9483615800121715,0.9955168540074409,29.6166666,877.1469404955554,0.9797320231497504,5.153291594497779,-2686.5932928292873,4843.41940281919,3148.514882816864,0.0,180.0,55.4
2020-04-20,60.3,73.6,52.5,996.2,9.4,3.8,6.0,16.9,29.6166666,119.0166666,172.0,64.81355507217829,12.898219914861352,37.69884093438801,0.9427611433904207,0.9955168540074409,29.6166666,877.1469404955554,0.9797320231497504,5.153291594497779,-2686.5932928292873,4843.41940281919,3148.514882816864,0.0,180.0,54.5
2020-04-21,52.3,73.6,49.8,0.5,4.6,5.2,11.3,20.6,29.6166666,119.0166666,172.0,56.33566894440792,12.925966105791494,37.82309781813002,0.9368813462954315,0.9955168540074409,29.6166666,877.1469404955554,0.9797320231497504,5.153291594497779,-2686.5932928292873,4843.41940281919,3148.514882816864,0.0,180.0,50.1
2020-04-22,59.8,66.9,49.8,1.5,15.2,3.3,5.2,13.2,29.6166666,119.0166666,172.0,64.55166612415768,12.953511596820938,37.944886524517685,0.9307239310379795,0.9955168540074409,29.6166666,877.1469404955554,0.9797320231497504,5.153291594497779,-2686.5932928292873,4843.41940281919,3148.514882816864,0.0,180.0,47.3
2020-04-23,60.6,70.5,53.2,1.9,9.9,2.2,5.8,13.6,29.6166666,119.0166666,172.0,65.5532840866132,12.980848333982813,38.06420330999034,0.9242907221930933,0.9955168540074409,29.6166666,877.1469404955554,0.9797320231497504,5.153291594497779,-2686.5932928292873,4843.41940281919,3148.514882816864,0.0,180.0,48.2
2020-04-24,62.7,75.7,51.8,0.1,14.7,3.0,6.0,9.9,29.6166666,119.0166666,172.0,67.96663352554381,13.007968138860058,38.18104601043199,0.9175836260593937,0.9955168540074409,29.6166666,877.1469404955554,0.9797320231497504,5.153291594497779,-2686.5932928292873,4843.41940281919,3148.514882816864,0.0,180.0,45.4
2020-04-25,65.7,78.6,51.3,997.7,12.7,3.3,8.0,18.1,29.6166666,119.0166666,172.0,71.36587333452725,13.034862709502693,38.295413991453195,0.9106046300942162,0.9955168540074409,29.6166666,877.1469404955554,0.9797320231497504,5.153291594497779,-2686.5932928292873,4843.41940281919,3148.514882816864,0.0,180.0,49.2
2020-04-26,68.7,84.6,55.9,997.3,13.3,2.5,3.7,116.02946953842955,29.6166666,119.0166666,172.0,74.77722273483491,13.061523621805224,38.40730809705714,0.9033558023246845,0.9955168540074409,29.6166666,877.1469404955554,0.9797320231497504,5.153291594497779,-2686.5932928292873,4843.41940281919,3148.514882816864,0.0,180.0,51.8
2020-04-27,65.7,87.1,54.9,1.2,13.6,6.4,15.5,37.9,29.6166666,119.0166666,172.0,71.65648426418583,13.087942331358144,38.51673059681556,0.895839290734909,0.9955168540074409,29.6166666,877.1469404955554,0.9797320231497504,5.153291594497779,-2686.5932928292873,4843.41940281919,3148.514882816864,0.0,180.0,48.3
2020-04-28,66.9,87.1,54.9,998.8,12.4,3.2,7.6,15.3,29.6166666,119.0166666,172.0,73.11116423001204,13.114110175786912,38.62368513168135,0.8880573226294932,0.9955168540074409,29.6166666,877.1469404955554,0.9797320231497504,5.153291594497779,-2686.5932928292873,4843.41940281919,3148.514882816864,0.0,180.0,51.2
2020-04-29,71.8,87.8,56.8,995.6,9.7,2.5,3.9,9.9,29.6166666,119.0166666,172.0,78.6211099592523,13.140018377590913,38.728176658566206,0.8800122039735357,0.9955168540074409,29.6166666,877.1469404955554,0.9797320231497504,5.153291594497779,-2686.5932928292873,4843.41940281919,3148.514882816864,0.0,180.0,58.8
2020-04-30,74.7,87.8,61.9,993.4,9.5,2.3,3.5,-200.25157884912312,29.6166666,119.0166666,172.0,81.95622134565144,13.165658047494208,38.83021139381254,0.8717063187093218,0.9955168540074409,29.6166666,877.1469404955554,0.9797320231497504,5.153291594497779,-2686.5932928292873,4843.41940281919,3148.514882816864,0.0,180.0,62.5
2020-05-01,71.1,87.4,65.7,990.6,5.8,2.3,3.3,63.50786761072602,29.6166666,119.0166666,172.0,78.15679461578863,13.191020188318756,38.92979675568928,0.8631421280499114,0.9955168540074409,29.6166666,877.1469404955554,0.9797320231497504,5.153291594497779,-2686.5932928292873,4843.41940281919,3148.514882816864,0.0,180.0,66.3
2020-05-02,74.5,84.2,67.1,987.1,6.8,2.3,3.5,11.7,29.6166666,119.0166666,172.0,82.04992746704482,13.216095699389768,39.026941306041294,0.854322169749827,0.9955168540074409,29.6166666,877.1469404955554,0.9797320231497504,5.153291594497779,-2686.5932928292873,4843.41940281919,3148.514882816864,0.0,180.0,68.1
2020-05-03,79.4,93.2,67.6,987.4,7.6,2.7,3.9,11.8,29.6166666,119.0166666,172.0,87.61045877413693,13.24087538148165,39.121654691222,0.8452490573530633,0.9955168540074409,29.6166666,877.1469404955554,0.9797320231497504,5.153291594497779,-2686.5932928292873,4843.41940281919,3148.514882816864,0.0,180.0,69.4
2020-05-04,81.8,96.1,69.1,988.1,9.5,3.2,4.7,11.8,29.6166666,119.0166666,172.0,90.42546877342386,13.265349942311568,39.21394758243784,0.8359254794186372,0.9955168540074409,29.6166666,877.1469404955554,0.9797320231497504,5.153291594497779,-2686.5932928292873,4843.41940281919,3148.514882816864,0.0,180.0,66.1
2020-05-05,69.8,96.1,68.2,987.6,6.4,2.6,7.2,23.9,29.6166666,119.0166666,172.0,77.30064984837702,13.289510002586306,39.303831615632475,0.8263541987239096,0.9955168540074409,29.6166666,877.1469404955554,0.9797320231497504,5.153291594497779,-2686.5932928292873,4843.41940281919,3148.514882816864,0.0,180.0,68.9
2020-05-06,71.8,77.7,67.5,990.5,8.6,5.1,7.2,18.1,29.6166666,119.0166666,172.0,79.65818751392835,13.31334610260641,39.39131933103677,0.8165380514459161,0.9955168540074409,29.6166666,877.1469404955554,0.9797320231497504,5.153291594497779,-2686.5932928292873,4843.41940281919,3148.514882816864,0.0,180.0,65.2
2020-05-07,71.7,77.7,67.5,988.3,3.3,3.6,6.2,18.1,29.6166666,119.0166666,172.0,79.68767103884377,13.33684870942992,39.476424112509484,0.8064799463209448,0.9955168540074409,29.6166666,877.1469404955554,0.9797320231497504,5.153291594497779,-2686.5932928292873,4843.41940281919,3148.514882816864,0.0,180.0,68.2
2020-05-08,76.6,83.3,68.4,985.3,4.1,2.9,8.2,33.4,29.6166666,119.0166666,172.0,85.28138583367218,13.360008224596164,39.55916012679056,0.7961828637826158,0.9955168540074409,29.6166666,877.1469404955554,0.9797320231497504,5.153291594497779,-2686.5932928292873,4843.41940281919,3148.514882816864,0.0,180.0,72.7
2020-05-09,74.5,85.1,66.0,988.4,8.0,3.9,6.6,15.7,29.6166666,119.0166666,172.0,83.08497641120003,13.382814992408058,39.63954226278737,0.7856498550787147,0.9955168540074409,29.6166666,877.1469404955554,0.9797320231497504,5.153291594497779,-2686.5932928292873,4843.41940281919,3148.514882816864,0.0,180.0,71.0
2020-05-10,69.9,85.1,64.6,992.9,10.5,2.5,4.5,15.7,29.6166666,119.0166666,172.0,78.0856354735816,13.405259308769374,39.71758607101079,0.7748840413670407,0.9955168540074409,29.6166666,877.1469404955554,0.9797320231497504,5.153291594497779,-2686.5932928292873,4843.41940281919,3148.514882816864,0.0,180.0,65.5
2020-05-11,73.8,85.6,64.6,992.2,11.3,3.6,6.4,15.5,29.6166666,119.0166666,172.0,82.57808829801235,13.427331430571115,39.79330770327516,0.7638886127905428,0.9955168540074409,29.6166666,877.1469404955554,0.9797320231497504,5.153291594497779,-2686.5932928292873,4843.41940281919,3148.514882816864,0.0,180.0,62.8
2020-05-12,73.4,86.9,61.7,993.9,16.6,3.2,4.9,13.6,29.6166666,119.0166666,172.0,82.2631820320358,13.449021585618931,39.86672385277277,0.7526668275320085,0.9955168540074409,29.6166666,877.1469404955554,0.9797320231497504,5.153291594497779,-2686.5932928292873,4843.41940281919,3148.514882816864,0.0,180.0,53.7
2020-05-13,77.2,86.9,61.3,993.7,13.9,4.9,7.8,15.2,29.6166666,119.0166666,172.0,86.6590585578856,13.470319983091024,39.93785169462992,0.7412220108485958,0.9955168540074409,29.6166666,877.1469404955554,0.9797320231497504,5.153291594497779,-2686.5932928292873,4843.41940281919,3148.514882816864,0.0,180.0,52.3
2020-05-14,73.5,86.7,68.4,988.4,10.0,2.7,4.3,13.8,29.6166666,119.0166666,172.0,82.63370305014557,13.491216824513563,40.00670882704752,0.7295575540864875,0.9955168540074409,29.6166666,877.1469404955554,0.9797320231497504,5.153291594497779,-2686.5932928292873,4843.41940281919,3148.514882816864,0.0,180.0,58.6
2020-05-15,73.3,83.1,68.4,987.3,9.4,2.5,3.9,15.0,29.6166666,119.0166666,172.0,82.53398164224546,13.511702315238002,40.07331321312518,0.717676913675962,0.9955168540074409,29.6166666,877.1469404955554,0.9797320231497504,5.153291594497779,-2686.5932928292873,4843.41940281919,3148.514882816864,0.0,180.0,71.3
2020-05-16,76.9,85.1,70.3,987.0,12.6,3.4,6.4,16.9,29.6166666,119.0166666,172.0,86.71607145127659,13.53176667640207,40.1376831234634,0.705583610107178,0.9955168540074409,29.6166666,877.1469404955554,0.9797320231497504,5.153291594497779,-2686.5932928292873,4843.41940281919,3148.514882816864,0.0,180.0,72.0
2020-05-17,76.1,86.4,68.5,983.6,11.5,3.4,5.1,11.1,29.6166666,119.0166666,172.0,85.9384626645502,13.551400157353514,40.19983707963393,0.6932812268869777,0.9955168540074409,29.6166666,877.1469404955554,0.9797320231497504,5.153291594497779,-2686.5932928292873,4843.41940281919,3148.514882816864,0.0,180.0,72.5
2020-05-18,75.7,87.6,62.1,985.5,11.8,5.3,12.8,22.1,29.6166666,119.0166666,172.0,85.6078244810358,13.570593048512942,40.25979379860361,0.6807734094770161,0.9955168540074409,29.6166666,877.1469404955554,0.9797320231497504,5.153291594497779,-2686.5932928292873,4843.41940281919,3148.514882816864,0.0,180.0,61.5
2020-05-19,74.0,87.6,61.0,988.6,18.0,3.4,4.7,14.4,29.6166666,119.0166666,172.0,83.80090345033746,13.589335694649318,40.317572138192425,0.6680638642135335,0.9955168540074409,29.6166666,877.1469404955554,0.9797320231497504,5.153291594497779,-2686.5932928292873,4843.41940281919,3148.514882816864,0.0,180.0,52.9
2020-05-20,77.8,88.2,63.7,989.1,12.6,3.6,5.2,17.1,29.6166666,119.0166666,172.0,88.22272666369429,13.607618508538964,40.37319104364105,0.6551563572090853,0.9955168540074409,29.6166666,877.1469404955554,0.9797320231497504,5.153291594497779,-2686.5932928292873,4843.41940281919,3148.514882816864,0.0,180.0,57.8
2020-05-21,66.6,88.2,63.3,989.4,7.4,3.1,3.9,17.1,29.6166666,119.0166666,172.0,75.62114751661767,13.625431984976156,40.42666949535914,0.6420547132365637,0.9955168540074409,29.6166666,877.1469404955554,0.9797320231497504,5.153291594497779,-2686.5932928292873,4843.41940281919,3148.514882816864,0.0,180.0,65.1
2020-05-22,70.3,73.8,63.7,988.6,16.5,2.6,6.0,10.9,29.6166666,119.0166666,172.0,79.92387500596453,13.642766715100633,40.47802645791945,0.6287628145958344,0.9955168540074409,29.6166666,877.1469404955554,0.9797320231497504,5.153291594497779,-2686.5932928292873,4843.41940281919,3148.514882816864,0.0,180.0,66.2
2020-05-23,76.4,87.3,66.6,988.8,14.8,2.7,4.3,175.70955630728764,29.6166666,119.0166666,172.0,86.96620531973062,13.659613401004808,40.5272808303585,0.6152845999633276,0.9955168540074409,29.6166666,877.1469404955554,0.9797320231497504,5.153291594497779,-2686.5932928292873,4843.41940281919,3148.514882816864,0.0,180.0,67.2
2020-05-24,78.3,91.9,68.0,990.9,12.0,4.0,9.7,24.3,29.6166666,119.0166666,172.0,89.23565773053963,13.675962870580786,40.57445139783963,0.6016240632249226,0.9955168540074409,29.6166666,877.1469404955554,0.9797320231497504,5.153291594497779,-2686.5932928292873,4843.41940281919,3148.514882816864,0.0,180.0,68.3
2020-05-25,71.3,91.9,63.7,990.4,4.0,4.9,8.2,24.3,29.6166666,119.0166666,172.0,81.35214786665615,13.691806092564851,40.619556784728346,0.5877852522924732,0.9955168540074409,29.6166666,877.1469404955554,0.9797320231497504,5.153291594497779,-2686.5932928292873,4843.41940281919,3148.514882816864,0.0,180.0,67.1
2020-05-26,69.2,81.9,63.7,991.2,14.3,3.0,5.8,19.2,29.6166666,119.0166666,172.0,79.044473839004,13.707134191734795,40.6626154091261,0.5737722679043246,0.9955168540074409,29.6166666,877.1469404955554,0.9797320231497504,5.153291594497779,-2686.5932928292873,4843.41940281919,3148.514882816864,0.0,180.0,66.2
2020-05-27,72.9,81.5,65.8,992.1,12.2,2.4,3.7,-64.90111639453285,29.6166666,119.0166666,172.0,83.3607761700951,13.721938464213185,40.70364543890281,0.5595892624101765,0.9955168540074409,29.6166666,877.1469404955554,0.9797320231497504,5.153291594497779,-2686.5932928292873,4843.41940281919,3148.514882816864,0.0,180.0,66.1
2020-05-28,73.0,81.5,68.0,992.6,8.4,2.1,3.5,67.3919377900019,29.6166666,119.0166666,172.0,83.56194655636827,13.736210392827662,40.74266474926426,0.545240438540651,0.9955168540074409,29.6166666,877.1469404955554,0.9797320231497504,5.153291594497779,-2686.5932928292873,4843.41940281919,3148.514882816864,0.0,180.0,68.4
2020-05-29,66.6,78.3,62.6,991.9,6.0,3.6,5.4,15.0,29.6166666,119.0166666,172.0,76.31217622675037,13.749941662477543,40.77969088188579,0.5307300481619334,0.9955168540074409,29.6166666,877.1469404955554,0.9797320231497504,5.153291594497779,-2686.5932928292873,4843.41940281919,3148.514882816864,0.0,180.0,64.0
2020-05-30,67.3,75.7,62.6,991.3,14.8,2.2,2.9,12.8,29.6166666,119.0166666,172.0,77.18818808400673,13.763124175454395,40.81474100563907,0.5160623910158528,0.9955168540074409,29.6166666,877.1469404955554,0.9797320231497504,5.153291594497779,-2686.5932928292873,4843.41940281919,3148.514882816864,0.0,180.0,66.3
2020-05-31,76.1,86.9,64.0,991.8,14.7,2.7,4.1,225.69951015266165,29.6166666,119.0166666,172.0,87.36121500608652,13.775750066662791,40.84783187893495,0.5012418134457758,0.9955168540074409,29.6166666,877.1469404955554,0.9797320231497504,5.153291594497779,-2686.5932928292873,4843.41940281919,3148.514882816864,0.0,180.0,68.4
2020-06-01,75.2,86.9,69.4,990.6,14.9,4.0,7.4,17.7,29.6166666,119.0166666,172.0,86.4036201037683,13.78781171868643,40.878979813700795,0.48627270710868997,0.9955168540074409,29.6166666,877.1469404955554,0.9797320231497504,5.153291594497779,-2686.5932928292873,4843.41940281919,3148.514882816864,0.0,180.0,67.9
2020-06-02,75.9,84.7,70.0,987.2,9.2,2.6,6.8,11.5,29.6166666,119.0166666,172.0,87.28058373727279,13.799301776643919,40.90820064100771,0.4711595076738638,0.9955168540074409,29.6166666,877.1469404955554,0.9797320231497504,5.153291594497779,-2686.5932928292873,4843.41940281919,3148.514882816864,0.0,180.0,72.8
2020-06-03,74.1,84.7,70.0,985.3,5.7,2.2,3.5,11.5,29.6166666,119.0166666,172.0,85.27806628015358,13.81021316277791,40.935509678358635,0.4559066935084588,0.9955168540074409,29.6166666,877.1469404955554,0.9797320231497504,5.153291594497779,-2686.5932928292873,4843.41940281919,3148.514882816864,0.0,180.0,73.6
2020-06-04,73.8,77.5,70.5,986.4,5.9,2.7,8.0,13.2,29.6166666,119.0166666,172.0,84.99631540793528,13.820539090721185,40.96092169864582,0.440518784350495,0.9955168540074409,29.6166666,877.1469404955554,0.9797320231497504,5.153291594497779,-2686.5932928292873,4843.41940281919,3148.514882816864,0.0,180.0,72.8
2020-06-05,74.5,78.3,71.8,985.4,8.3,2.4,3.5,10.1,29.6166666,119.0166666,172.0,85.86294536783723,13.830273079383176,40.98445090078289,0.42500033996955416,0.9955168540074409,29.6166666,877.1469404955554,0.9797320231497504,5.153291594497779,-2686.5932928292873,4843.41940281919,3148.514882816864,0.0,180.0,73.7
2020-06-06,72.2,78.3,68.5,988.5,8.8,3.8,8.0,19.0,29.6166666,119.0166666,172.0,83.2671106145127,13.839408966401002,41.00611088201389,0.4093559588156213,0.9955168540074409,29.6166666,877.1469404955554,0.9797320231497504,5.153291594497779,-2686.5932928292873,4843.41940281919,3148.514882816864,0.0,180.0,69.7
2020-06-07,77.1,82.9,68.5,988.5,15.1,3.5,5.2,15.7,29.6166666,119.0166666,172.0,88.97302041806596,13.84794092109976,41.02591461189973,0.39359027665646673,0.9955168540074409,29.6166666,877.1469404955554,0.9797320231497504,5.153291594497779,-2686.5932928292873,4843.41940281919,3148.514882816864,0.0,180.0,67.8
2020-06-08,77.6,82.9,71.6,988.6,8.2,4.9,7.4,17.7,29.6166666,119.0166666,172.0,89.60125035467111,13.855863456907905,41.04387440798006,0.3777079652039649,0.9955168540074409,29.6166666,877.1469404955554,0.9797320231497504,5.153291594497779,-2686.5932928292873,4843.41940281919,3148.514882816864,0.0,180.0,71.1
2020-06-09,82.1,90.5,74.3,987.1,9.3,2.7,5.1,12.0,29.6166666,119.0166666,172.0,94.84719795705631,13.863171443175101,41.06000191310689,0.36171373072976765,0.9955168540074409,29.6166666,877.1469404955554,0.9797320231497504,5.153291594497779,-2686.5932928292873,4843.41940281919,3148.514882816864,0.0,180.0,74.5
2020-06-10,77.6,90.5,75.9,986.1,5.7,2.5,5.6,10.5,29.6166666,119.0166666,172.0,89.69176208567585,13.869860116341629,41.074308074445014,0.3456123126707335,0.9955168540074409,29.6166666,877.1469404955554,0.9797320231497504,5.153291594497779,-2686.5932928292873,4843.41940281919,3148.514882816864,0.0,180.0,76.9
2020-06-11,78.6,83.3,75.9,985.5,4.3,1.9,3.1,203.91899159762778,29.6166666,119.0166666,172.0,90.88730934218943,13.8759250904106,41.08680312413291,0.3294084822245304,0.9955168540074409,29.6166666,877.1469404955554,0.9797320231497504,5.153291594497779,-2686.5932928292873,4843.41940281919,3148.514882816864,0.0,180.0,77.7
2020-06-12,84.4,95.2,77.0,984.1,10.9,2.5,4.5,10.3,29.6166666,119.0166666,172.0,97.63224864562666,13.881362366676777,41.097496561597154,0.3131070409358269,0.9955168540074409,29.6166666,877.1469404955554,0.9797320231497504,5.153291594497779,-2686.5932928292873,4843.41940281919,3148.514882816864,0.0,180.0,78.4
2020-06-13,85.0,95.5,77.9,986.8,12.6,2.3,3.5,12.4,29.6166666,119.0166666,172.0,98.36035909390179,13.886168342668487,41.10639713751254,0.29671281927349075,0.9955168540074409,29.6166666,877.1469404955554,0.9797320231497504,5.153291594497779,-2686.5932928292873,4843.41940281919,3148.514882816864,0.0,180.0,78.1
2020-06-14,85.6,95.5,78.6,989.7,15.3,2.4,3.3,-65.54186393741551,29.6166666,119.0166666,172.0,99.08442405120465,13.890339820262335,41.113512839400144,0.28023067519921585,0.9955168540074409,29.6166666,877.1469404955554,0.9797320231497504,5.153291594497779,-2686.5932928292873,4843.41940281919,3148.514882816864,0.0,180.0,78.2
2020-06-15,85.3,94.6,79.2,987.9,17.1,2.9,5.4,17.1,29.6166666,119.0166666,172.0,98.76228777527061,13.89387401293373,41.11885087885527,0.26366549272800704,0.9955168540074409,29.6166666,877.1469404955554,0.9797320231497504,5.153291594497779,-2686.5932928292873,4843.41940281919,3148.514882816864,0.0,180.0,78.8
2020-06-16,86.7,95.4,79.2,985.1,17.0,3.2,6.0,17.1,29.6166666,119.0166666,172.0,100.4041527889946,13.896768552109979,41.12241768039742,0.24702218048093552,0.9955168540074409,29.6166666,877.1469404955554,0.9797320231497504,5.153291594497779,-2686.5932928292873,4843.41940281919,3148.514882816864,0.0,180.0,77.6
2020-06-17,88.5,95.4,79.2,983.3,18.4,4.3,6.0,16.1,29.6166666,119.0166666,172.0,102.50528350789986,13.89902149259659,41.12421887193506,0.23030567023061221,0.9955168540074409,29.6166666,877.1469404955554,0.9797320231497504,5.153291594497779,-2686.5932928292873,4843.41940281919,3148.514882816864,0.0,180.0,74.7
2020-06-18,81.1,94.8,70.2,984.7,13.4,6.8,11.1,35.7,29.6166666,119.0166666,172.0,93.9450999844067,13.900631317051547,41.12425927683839,0.21352091543979612,0.9955168540074409,29.6166666,877.1469404955554,0.9797320231497504,5.153291594497779,-2686.5932928292873,4843.41940281919,3148.514882816864,0.0,180.0,73.2
2020-06-19,69.5,92.8,68.2,989.5,5.8,3.4,4.5,15.5,29.6166666,119.0166666,172.0,80.5134156078602,13.901596939486652,41.122542907613884,0.19667288979357647,0.9955168540074409,29.6166666,877.1469404955554,0.9797320231497504,5.153291594497779,-2686.5932928292873,4843.41940281919,3148.514882816864,0.0,180.0,68.8
2020-06-20,69.7,71.2,68.2,987.2,12.1,2.7,4.3,10.7,29.6166666,119.0166666,172.0,80.74697201935281,13.901917707779537,41.11907296117594,0.1797665857255624,0.9955168540074409,29.6166666,877.1469404955554,0.9797320231497504,5.153291594497779,-2686.5932928292873,4843.41940281919,3148.514882816864,0.0,180.0,68.8
2020-06-21,70.1,71.2,68.5,984.5,11.5,2.6,5.1,10.9,29.6166666,119.0166666,172.0,81.20847480861946,13.901593405184503,41.11385181571118,0.16280701293851715,0.9955168540074409,29.6166666,877.1469404955554,0.9797320231497504,5.153291594497779,-2686.5932928292873,4843.41940281919,3148.514882816864,0.0,180.0,69.3
2020-06-22,76.8,81.0,69.1,985.3,11.1,1.8,2.7,-128.54514604093592,29.6166666,119.0166666,172.0,88.96399520534449,13.900624250835076,41.106881029132616,0.1457991969198751,0.9955168540074409,29.6166666,877.1469404955554,0.9797320231497504,5.153291594497779,-2686.5932928292873,4843.41940281919,3148.514882816864,0.0,180.0,73.8
2020-06-23,79.7,86.4,71.8,984.3,9.8,3.4,10.7,21.4,29.6166666,119.0166666,172.0,92.31259738909186,13.899010899235915,41.09816133912183,0.12874817745258132,0.9955168540074409,29.6166666,877.1469404955554,0.9797320231497504,5.153291594497779,-2686.5932928292873,4843.41940281919,3148.514882816864,0.0,180.0,76.7
2020-06-24,78.4,86.4,74.8,984.1,15.2,2.6,4.3,19.0,29.6166666,119.0166666,172.0,90.79212899981026,13.896754438746466,41.08769266475866,0.11165900712169512,0.9955168540074409,29.6166666,877.1469404955554,0.9797320231497504,5.153291594497779,-2686.5932928292873,4843.41940281919,3148.514882816864,0.0,180.0,75.8
2020-06-25,77.0,85.5,74.1,985.9,9.8,2.4,3.9,15.0,29.6166666,119.0166666,172.0,89.1522451631574,13.893856389063492,41.07547410973857,0.09453674981719912,0.9955168540074409,29.6166666,877.1469404955554,0.9797320231497504,5.153291594497779,-2686.5932928292873,4843.41940281919,3148.514882816864,0.0,180.0,75.8
2020-06-26,80.6,90.0,74.1,986.1,10.3,2.4,3.7,24.7,29.6166666,119.0166666,172.0,93.29664058631468,13.890318697714346,41.061503967179824,0.07738647923346301,0.9955168540074409,29.6166666,877.1469404955554,0.9797320231497504,5.153291594497779,-2686.5932928292873,4843.41940281919,3148.514882816864,0.0,180.0,76.2
2020-06-27,78.7,90.0,75.6,985.8,7.7,2.5,4.1,-98.63483321711715,29.6166666,119.0166666,172.0,91.06995933249526,13.886143735577422,41.045779726022644,0.06021327736579302,0.9955168540074409,29.6166666,877.1469404955554,0.9797320231497504,5.153291594497779,-2686.5932928292873,4843.41940281919,3148.514882816864,0.0,180.0,77.2
2020-06-28,83.7,93.4,75.6,983.7,10.5,1.9,2.9,69.21925158167474,29.6166666,119.0166666,172.0,96.8223066828687,13.88133429145071,41.028298079024445,0.04302223300453059,0.9955168540074409,29.6166666,877.1469404955554,0.9797320231497504,5.153291594497779,-2686.5932928292873,4843.41940281919,3148.514882816864,0.0,180.0,79.5
2020-06-29,80.2,93.4,76.5,981.7,12.1,5.0,8.9,20.0,29.6166666,119.0166666,172.0,92.73722199738614,13.875893565693685,41.00905493235515,0.02581844022713308,0.9955168540074409,29.6166666,877.1469404955554,0.9797320231497504,5.153291594497779,-2686.5932928292873,4843.41940281919,3148.514882816864,0.0,180.0,76.1
2020-06-30,83.3,92.3,76.5,983.5,15.5,3.5,5.4,14.8,29.6166666,119.0166666,172.0,96.27970300629705,13.869825162971965,40.988045416798016,0.008606996888688698,0.9955168540074409,29.6166666,877.1469404955554,0.9797320231497504,5.153291594497779,-2686.5932928292873,4843.41940281919,3148.514882816864,0.0,180.0,77.3
2020-07-01,83.6,93.9,77.5,985.6,9.2,3.6,5.6,14.4,29.6166666,119.0166666,172.0,96.57982715282773,13.863133084137955,40.96526390056136,-0.008606996888688009,0.9955168540074409,29.6166666,877.1469404955554,0.9797320231497504,5.153291594497779,-2686.5932928292873,4843.41940281919,3148.514882816864,0.0,180.0,75.2
2020-07-02,78.6,93.9,73.9,986.0,8.6,3.2,5.6,19.8,29.6166666,119.0166666,172.0,90.75563224821349,13.855821717284503,40.94070400370693,-0.02581844022713239,0.9955168540074409,29.6166666,877.1469404955554,0.9797320231497504,5.153291594497779,-2686.5932928292873,4843.41940281919,3148.514882816864,0.0,180.0,76.1
2020-07-03,77.2,83.7,73.9,987.6,8.6,2.1,3.7,19.8,29.6166666,119.0166666,172.0,89.0881298268766,13.847895828011904,40.91435861420089,-0.04302223300453034,0.9955168540074409,29.6166666,877.1469404955554,0.9797320231497504,5.153291594497779,-2686.5932928292873,4843.41940281919,3148.514882816864,0.0,180.0,76.4
2020-07-04,76.5,81.1,75.4,987.1,5.9,2.6,5.8,10.3,29.6166666,119.0166666,172.0,88.2259234995672,13.839360548951717,40.886219905593144,-0.060213277365792774,0.9955168540074409,29.6166666,877.1469404955554,0.9797320231497504,5.153291594497779,-2686.5932928292873,4843.41940281919,3148.514882816864,0.0,180.0,76.1
2020-07-05,78.2,79.7,75.4,982.9,4.7,1.9,3.5,75.98025730482365,29.6166666,119.0166666,172.0,90.12694258533551,13.830221368593683,40.85627935632976,-0.07738647923346322,0.9955168540074409,29.6166666,877.1469404955554,0.9797320231497504,5.153291594497779,-2686.5932928292873,4843.41940281919,3148.514882816864,0.0,180.0,77.4
2020-07-06,79.5,81.9,76.3,983.6,4.5,1.8,3.3,59.815720387039136,29.6166666,119.0166666,172.0,91.56070729145199,13.820484119464453,40.82452777070335,-0.09453674981719933,0.9955168540074409,29.6166666,877.1469404955554,0.9797320231497504,5.153291594497779,-2686.5932928292873,4843.41940281919,3148.514882816864,0.0,180.0,78.7
2020-07-07,72.3,81.9,69.4,987.6,6.1,2.5,3.9,11.8,29.6166666,119.0166666,172.0,83.20618366839723,13.810154965709083,40.790955301444654,-0.11165900712169444,0.9955168540074409,29.6166666,877.1469404955554,0.9797320231497504,5.153291594497779,-2686.5932928292873,4843.41940281919,3148.514882816864,0.0,180.0,72.0
2020-07-08,75.1,76.6,69.4,982.4,4.6,1.4,1.9,11.7,29.6166666,119.0166666,172.0,86.36024610821707,13.799240390127894,40.7555514739571,-0.12874817745258066,0.9955168540074409,29.6166666,877.1469404955554,0.9797320231497504,5.153291594497779,-2686.5932928292873,4843.41940281919,3148.514882816864,0.0,180.0,74.8
2020-07-09,78.9,85.3,73.0,980.3,8.8,3.5,8.0,18.8,29.6166666,119.0166666,172.0,90.65443771325316,13.787747180722913,40.71830521219528,-0.14579919691987442,0.9955168540074409,29.6166666,877.1469404955554,0.9797320231497504,5.153291594497779,-2686.5932928292873,4843.41940281919,3148.514882816864,0.0,180.0,76.4
2020-07-10,77.9,85.3,75.9,984.4,8.9,2.6,5.2,14.0,29.6166666,119.0166666,172.0,89.42713835578579,13.775682416809106,40.67920486618539,-0.16280701293851646,0.9955168540074409,29.6166666,877.1469404955554,0.9797320231497504,5.153291594497779,-2686.5932928292873,4843.41940281919,3148.514882816864,0.0,180.0,77.1
2020-07-11,83.0,90.0,76.3,985.5,9.4,1.7,3.5,-33.925308796822684,29.6166666,119.0166666,172.0,95.1944530619958,13.76305345474638,40.63823824118428,-0.17976658572556214,0.9955168540074409,29.6166666,877.1469404955554,0.9797320231497504,5.153291594497779,-2686.5932928292873,4843.41940281919,3148.514882816864,0.0,180.0,78.7
2020-07-12,85.5,96.1,78.3,985.3,14.2,3.4,8.9,18.3,29.6166666,119.0166666,172.0,97.96780888261036,13.749867913348822,40.59539262847085,-0.19667288979357622,0.9955168540074409,29.6166666,877.1469404955554,0.9797320231497504,5.153291594497779,-2686.5932928292873,4843.41940281919,3148.514882816864,0.0,180.0,76.7
2020-07-13,84.7,96.1,78.3,986.6,11.3,3.2,9.7,18.6,29.6166666,119.0166666,172.0,96.95421007663661,13.736133659027619,40.55065483776068,-0.2135209154397959,0.9955168540074409,29.6166666,877.1469404955554,0.9797320231497504,5.153291594497779,-2686.5932928292873,4843.41940281919,3148.514882816864,0.0,180.0,78.4
2020-07-14,81.0,95.7,76.1,986.8,8.9,4.6,9.3,23.9,29.6166666,119.0166666,172.0,92.62254683738658,13.721858790723939,40.50401123123225,-0.23030567023061196,0.9955168540074409,29.6166666,877.1469404955554,0.9797320231497504,5.153291594497779,-2686.5932928292873,4843.41940281919,3148.514882816864,0.0,180.0,75.8
2020-07-15,78.6,92.7,73.6,984.9,10.5,3.4,6.4,17.5,29.6166666,119.0166666,172.0,89.78118814170293,13.707051624687471,40.455447759149095,-0.24702218048093527,0.9955168540074409,29.6166666,877.1469404955554,0.9797320231497504,5.153291594497779,-2686.5932928292873,4843.41940281919,3148.514882816864,0.0,180.0,74.3
2020-07-16,75.0,88.0,72.3,986.1,15.5,3.8,8.7,18.8,29.6166666,119.0166666,172.0,85.57325424472162,13.69172067915546,40.40494999705923,-0.2636654927280072,0.9955168540074409,29.6166666,877.1469404955554,0.9797320231497504,5.153291594497779,-2686.5932928292873,4843.41940281919,3148.514882816864,0.0,180.0,71.8
2020-07-17,82.4,91.0,72.3,985.4,8.5,2.0,3.3,11.7,29.6166666,119.0166666,172.0,93.90767265837061,13.67587465898601,40.352503184549306,-0.2802306751992161,0.9955168540074409,29.6166666,877.1469404955554,0.9797320231497504,5.153291594497779,-2686.5932928292873,4843.41940281919,3148.514882816864,0.0,180.0,77.8
2020-07-18,83.7,91.0,76.1,983.7,6.8,2.3,4.1,-90.74130864934463,29.6166666,119.0166666,172.0,95.27516902107804,13.659522440297927,40.298092265526755,-0.2967128192734901,0.9955168540074409,29.6166666,877.1469404955554,0.9797320231497504,5.153291594497779,-2686.5932928292873,4843.41940281919,3148.514882816864,0.0,180.0,80.2
2020-07-19,86.5,94.3,79.7,984.3,14.4,2.8,4.5,15.9,29.6166666,119.0166666,172.0,98.34093493933557,13.64267305516794,40.24170192999929,-0.3131070409358267,0.9955168540074409,29.6166666,877.1469404955554,0.9797320231497504,5.153291594497779,-2686.5932928292873,4843.41940281919,3148.514882816864,0.0,180.0,77.5
2020-07-20,80.2,94.3,76.5,989.5,9.5,3.7,7.8,22.5,29.6166666,119.0166666,172.0,91.06266010416766,13.625335676434064,40.18331665731662,-0.3294084822245302,0.9955168540074409,29.6166666,877.1469404955554,0.9797320231497504,5.153291594497779,-2686.5932928292873,4843.41940281919,3148.514882816864,0.0,180.0,77.1
2020-07-21,81.5,91.6,76.6,990.7,10.1,3.1,5.4,16.1,29.6166666,119.0166666,172.0,92.41773730134534,13.607519602652076,40.122920760834965,-0.3456123126707333,0.9955168540074409,29.6166666,877.1469404955554,0.9797320231497504,5.153291594497779,-2686.5932928292873,4843.41940281919,3148.514882816864,0.0,180.0,77.5
2020-07-22,82.2,92.8,77.0,987.9,12.0,2.3,5.6,23.5,29.6166666,119.0166666,172.0,93.0862545662604,13.589234243249692,40.060498433960284,-0.3617137307297674,0.9955168540074409,29.6166666,877.1469404955554,0.9797320231497504,5.153291594497779,-2686.5932928292873,4843.41940281919,3148.514882816864,0.0,180.0,77.7
2020-07-23,85.9,95.5,77.7,987.4,13.3,3.4,6.4,20.6,29.6166666,119.0166666,172.0,97.14208450223308,13.570489103920803,39.996033797521285,-0.37770796520396466,0.9955168540074409,29.6166666,877.1469404955554,0.9797320231497504,5.153291594497779,-2686.5932928292873,4843.41940281919,3148.514882816864,0.0,180.0,78.0
2020-07-24,76.9,95.5,73.4,988.7,15.1,5.2,10.1,33.6,29.6166666,119.0166666,172.0,86.8412075908198,13.551293772299578,39.92951094841907,-0.39359027665646645,0.9955168540074409,29.6166666,877.1469404955554,0.9797320231497504,5.153291594497779,-2686.5932928292873,4843.41940281919,3148.514882816864,0.0,180.0,69.9
2020-07-25,74.3,93.0,70.7,987.6,16.3,2.6,4.3,11.8,29.6166666,119.0166666,172.0,83.78351518863441,13.531657903951723,39.86091400949506,-0.4093559588156211,0.9955168540074409,29.6166666,877.1469404955554,0.9797320231497504,5.153291594497779,-2686.5932928292873,4843.41940281919,3148.514882816864,0.0,180.0,71.1
2020-07-26,76.4,83.5,70.7,985.8,11.1,2.4,4.9,15.0,29.6166666,119.0166666,172.0,86.023797362168,13.511591208717487,39.790227180554076,-0.42500033996955394,0.9955168540074409,29.6166666,877.1469404955554,0.9797320231497504,5.153291594497779,-2686.5932928292873,4843.41940281919,3148.514882816864,0.0,180.0,74.2
2020-07-27,81.5,89.1,74.1,986.7,10.2,2.4,4.9,15.3,29.6166666,119.0166666,172.0,91.62707751260211,13.491103437438348,39.717434790475366,-0.4405187843504952,0.9955168540074409,29.6166666,877.1469404955554,0.9797320231497504,5.153291594497779,-2686.5932928292873,4843.41940281919,3148.514882816864,0.0,180.0,76.9
2020-07-28,81.8,93.6,76.3,988.6,11.7,2.3,3.3,18.6,29.6166666,119.0166666,172.0,91.82189311600786,13.470204369096509,39.64252135033871,-0.455906693508459,0.9955168540074409,29.6166666,877.1469404955554,0.9797320231497504,5.153291594497779,-2686.5932928292873,4843.41940281919,3148.514882816864,0.0,180.0,77.0
2020-07-29,81.9,93.9,77.2,990.1,13.5,3.2,5.4,19.2,29.6166666,119.0166666,172.0,91.78876842403653,13.44890379839363,39.56547160748898,-0.47115950767386394,0.9955168540074409,29.6166666,877.1469404955554,0.9797320231497504,5.153291594497779,-2686.5932928292873,4843.41940281919,3148.514882816864,0.0,180.0,76.2
2020-07-30,84.2,94.1,77.2,990.7,15.9,4.8,15.7,39.6,29.6166666,119.0166666,172.0,94.21426752527698,13.427211523792444,39.48627060045749,-0.4862727071086902,0.9955168540074409,29.6166666,877.1469404955554,0.9797320231497504,5.153291594497779,-2686.5932928292873,4843.41940281919,3148.514882816864,0.0,180.0,75.0
2020-07-31,85.7,94.1,77.2,990.2,18.2,3.2,5.2,13.8,29.6166666,119.0166666,172.0,95.73502247490077,13.405137336042115,39.40490371465437,-0.5012418134457756,0.9955168540074409,29.6166666,877.1469404955554,0.9797320231497504,5.153291594497779,-2686.5932928292873,4843.41940281919,3148.514882816864,0.0,180.0,77.1
2020-08-01,87.8,95.4,79.9,988.9,16.7,3.4,4.9,13.0,29.6166666,119.0166666,172.0,97.9166892027213,13.382691007205645,39.321356738741954,-0.5160623910158526,0.9955168540074409,29.6166666,877.1469404955554,0.9797320231497504,5.153291594497779,-2686.5932928292873,4843.41940281919,3148.514882816864,0.0,180.0,75.2
2020-08-02,88.1,95.9,80.4,987.7,17.7,3.3,5.2,13.0,29.6166666,119.0166666,172.0,98.08380240717047,13.35988228020483,39.23561592159482,-0.5307300481619331,0.9955168540074409,29.6166666,877.1469404955554,0.9797320231497504,5.153291594497779,-2686.5932928292873,4843.41940281919,3148.514882816864,0.0,180.0,75.1
2020-08-03,87.9,95.9,79.3,984.9,18.4,5.1,6.6,16.1,29.6166666,119.0166666,172.0,97.6914802914116,13.33672085889578,39.14766802974865,-0.5452404385406507,0.9955168540074409,29.6166666,877.1469404955554,0.9797320231497504,5.153291594497779,-2686.5932928292873,4843.41940281919,3148.514882816864,0.0,180.0,73.6
2020-08-04,84.1,95.9,80.2,983.2,17.7,4.1,5.2,23.7,29.6166666,119.0166666,172.0,93.30345826078783,13.313216398685542,39.0575004052363,-0.5595892624101763,0.9955168540074409,29.6166666,877.1469404955554,0.9797320231497504,5.153291594497779,-2686.5932928292873,4843.41940281919,3148.514882816864,0.0,180.0,78.1
2020-08-05,86.4,93.2,80.2,989.1,17.6,2.6,4.1,9.9,29.6166666,119.0166666,172.0,95.68352518342454,13.28937849769785,38.96510102370576,-0.5737722679043243,0.9955168540074409,29.6166666,877.1469404955554,0.9797320231497504,5.153291594497779,-2686.5932928292873,4843.41940281919,3148.514882816864,0.0,180.0,77.9
2020-08-06,86.6,94.5,81.3,988.8,18.6,2.8,4.7,15.9,29.6166666,119.0166666,172.0,95.73064710196424,13.26521668849389,38.87045855271231,-0.5877852522924734,0.9955168540074409,29.6166666,877.1469404955554,0.9797320231497504,5.153291594497779,-2686.5932928292873,4843.41940281919,3148.514882816864,0.0,180.0,77.4
2020-08-07,85.9,94.6,79.5,986.4,18.5,4.8,8.9,20.2,29.6166666,119.0166666,172.0,94.78163358059987,13.240740430351552,38.77356241007301,-0.6016240632249227,0.9955168540074409,29.6166666,877.1469404955554,0.9797320231497504,5.153291594497779,-2686.5932928292873,4843.41940281919,3148.514882816864,0.0,180.0,76.3
2020-08-08,84.6,94.6,78.4,983.4,12.8,4.8,8.4,20.2,29.6166666,119.0166666,172.0,93.17251166983874,13.215959102104787,38.67440282217078,-0.6152845999633277,0.9955168540074409,29.6166666,877.1469404955554,0.9797320231497504,5.153291594497779,-2686.5932928292873,4843.41940281919,3148.514882816864,0.0,180.0,77.6
2020-08-09,85.8,92.3,80.8,982.0,12.9,2.8,4.5,14.8,29.6166666,119.0166666,172.0,94.31480626812892,13.190881995542508,38.57297088209127,-0.6287628145958345,0.9955168540074409,29.6166666,877.1469404955554,0.9797320231497504,5.153291594497779,-2686.5932928292873,4843.41940281919,3148.514882816864,0.0,180.0,79.0
2020-08-10,83.1,93.7,78.6,984.3,11.0,3.2,7.8,16.1,29.6166666,119.0166666,172.0,91.17121429235121,13.165518309364797,38.469258607475126,-0.6420547132365636,0.9955168540074409,29.6166666,877.1469404955554,0.9797320231497504,5.153291594497779,-2686.5932928292873,4843.41940281919,3148.514882816864,0.0,180.0,79.2
2020-08-11,85.4,95.7,78.6,988.3,14.7,5.8,9.3,31.1,29.6166666,119.0166666,172.0,93.51212567261045,13.139877143692335,38.36325899796582,-0.655156357209085,0.9955168540074409,29.6166666,877.1469404955554,0.9797320231497504,5.153291594497779,-2686.5932928292873,4843.41940281919,3148.514882816864,0.0,180.0,74.8
2020-08-12,86.4,95.7,78.6,991.0,18.6,2.9,4.9,14.8,29.6166666,119.0166666,172.0,94.42056596488887,13.113967495123452,38.25496609213227,-0.6680638642135333,0.9955168540074409,29.6166666,877.1469404955554,0.9797320231497504,5.153291594497779,-2686.5932928292873,4843.41940281919,3148.514882816864,0.0,180.0,75.3
2020-08-13,87.3,96.3,79.3,989.9,18.6,3.9,8.0,17.7,29.6166666,119.0166666,172.0,95.21373228571323,13.087798252331718,38.14437502374422,-0.6807734094770159,0.9955168540074409,29.6166666,877.1469404955554,0.9797320231497504,5.153291594497779,-2686.5932928292873,4843.41940281919,3148.514882816864,0.0,180.0,76.3
2020-08-14,88.1,98.6,79.5,988.8,18.6,3.3,4.9,10.5,29.6166666,119.0166666,172.0,95.89228489436931,13.061378192195594,38.03148207727816,-0.6932812268869771,0.9955168540074409,29.6166666,877.1469404955554,0.9797320231497504,5.153291594497779,-2686.5932928292873,4843.41940281919,3148.514882816864,0.0,180.0,77.0
2020-08-15,89.2,99.7,80.4,988.0,18.0,2.5,3.3,34.84869217292062,29.6166666,119.0166666,172.0,96.89138875828237,13.034715976450544,37.91628474253082,-0.7055836101071774,0.9955168540074409,29.6166666,877.1469404955554,0.9797320231497504,5.153291594497779,-2686.5932928292873,4843.41940281919,3148.514882816864,0.0,180.0,76.9
2020-08-16,88.8,99.7,80.8,989.4,18.3,3.0,4.3,10.7,29.6166666,119.0166666,172.0,96.25786910151083,13.007820148852815,37.798781768217815,-0.7176769136759615,0.9955168540074409,29.6166666,877.1469404955554,0.9797320231497504,5.153291594497779,-2686.5932928292873,4843.41940281919,3148.514882816864,0.0,180.0,74.6
2020-08-17,89.8,98.2,80.2,990.6,15.4,4.6,7.8,13.2,29.6166666,119.0166666,172.0,97.13889851077651,12.980699132843188,37.678973214435054,-0.7295575540864876,0.9955168540074409,29.6166666,877.1469404955554,0.9797320231497504,5.153291594497779,-2686.5932928292873,4843.41940281919,3148.514882816864,0.0,180.0,72.3
2020-08-18,88.5,97.9,81.1,990.4,13.1,4.3,6.4,15.9,29.6166666,119.0166666,172.0,95.5310390690235,12.953361229698103,37.5568605038618,-0.7412220108485957,0.9955168540074409,29.6166666,877.1469404955554,0.9797320231497504,5.153291594497779,-2686.5932928292873,4843.41940281919,3148.514882816864,0.0,180.0,72.9
2020-08-19,89.2,99.0,80.6,989.8,13.4,3.6,6.2,12.2,29.6166666,119.0166666,172.0,96.08188865418411,12.925814617154813,37.4324464715852,-0.7526668275320083,0.9955168540074409,29.6166666,877.1469404955554,0.9797320231497504,5.153291594497779,-2686.5932928292873,4843.41940281919,3148.514882816864,0.0,180.0,72.9
2020-08-20,89.7,99.1,80.4,990.1,10.2,2.5,4.1,8.781869140538294,29.6166666,119.0166666,172.0,96.4130534300121,12.8980673484966,37.30573541342755,-0.7638886127905429,0.9955168540074409,29.6166666,877.1469404955554,0.9797320231497504,5.153291594497779,-2686.5932928292873,4843.41940281919,3148.514882816864,0.0,180.0,73.8
2020-08-21,88.2,99.1,80.6,990.6,11.8,4.0,5.6,11.8,29.6166666,119.0166666,172.0,94.59543603781383,12.870127352083513,37.17673313265984,-0.7748840413670406,0.9955168540074409,29.6166666,877.1469404955554,0.9797320231497504,5.153291594497779,-2686.5932928292873,4843.41940281919,3148.514882816864,0.0,180.0,72.3
2020-08-22,88.1,97.5,80.2,988.8,14.6,3.7,7.0,12.0,29.6166666,119.0166666,172.0,94.28170118322794,12.84200243131368,37.04544698498721,-0.7856498550787144,0.9955168540074409,29.6166666,877.1469404955554,0.9797320231497504,5.153291594497779,-2686.5932928292873,4843.41940281919,3148.514882816864,0.0,180.0,73.4
2020-08-23,89.2,98.8,80.2,985.4,16.3,3.0,4.1,10.5,29.6166666,119.0166666,172.0,95.24850530316526,12.81370026499981,36.91188592169424,-0.7961828637826154,0.9955168540074409,29.6166666,877.1469404955554,0.9797320231497504,5.153291594497779,-2686.5932928292873,4843.41940281919,3148.514882816864,0.0,180.0,74.3
2020-08-24,89.3,99.7,80.6,982.8,14.2,3.4,4.9,12.4,29.6166666,119.0166666,172.0,95.14340807061484,12.785228408145331,36.776060530841754,-0.8064799463209447,0.9955168540074409,29.6166666,877.1469404955554,0.9797320231497504,5.153291594497779,-2686.5932928292873,4843.41940281919,3148.514882816864,0.0,180.0,75.6
2020-08-25,84.2,99.7,78.4,981.9,12.5,4.5,8.7,21.6,29.6166666,119.0166666,172.0,89.50876995661551,12.75659429310435,36.63798307640921,-0.8165380514459157,0.9955168540074409,29.6166666,877.1469404955554,0.9797320231497504,5.153291594497779,-2686.5932928292873,4843.41940281919,3148.514882816864,0.0,180.0,75.6
2020-08-26,80.6,98.1,76.5,980.8,12.5,3.5,5.8,22.5,29.6166666,119.0166666,172.0,85.48842513561847,12.72780523110945,36.49766753528109,-0.8263541987239094,0.9955168540074409,29.6166666,877.1469404955554,0.9797320231497504,5.153291594497779,-2686.5932928292873,4843.41940281919,3148.514882816864,0.0,180.0,75.5
2020-08-27,82.1,91.6,76.5,982.4,9.4,3.4,7.0,12.0,29.6166666,119.0166666,172.0,86.88142473348597,12.698868414151422,36.355129631979175,-0.8359254794186365,0.9955168540074409,29.6166666,877.1469404955554,0.9797320231497504,5.153291594497779,-2686.5932928292873,4843.41940281919,3148.514882816864,0.0,180.0,75.3
2020-08-28,76.1,87.3,73.8,985.3,6.1,2.7,4.5,12.0,29.6166666,119.0166666,172.0,80.34759073321068,12.669790917194852,36.210386871047184,-0.8452490573530634,0.9955168540074409,29.6166666,877.1469404955554,0.9797320231497504,5.153291594497779,-2686.5932928292873,4843.41940281919,3148.514882816864,0.0,180.0,73.4
2020-08-29,79.5,84.9,73.8,988.0,13.1,3.1,4.7,79.57801156765677,29.6166666,119.0166666,172.0,83.74384051722826,12.640579700713701,36.06345856699846,-0.8543221697498269,0.9955168540074409,29.6166666,877.1469404955554,0.9797320231497504,5.153291594497779,-2686.5932928292873,4843.41940281919,3148.514882816864,0.0,180.0,73.5
2020-08-30,86.5,95.7,76.3,988.6,16.6,3.0,4.7,9.7,29.6166666,119.0166666,172.0,90.90603329753571,12.611241613530966,35.91436587174267,-0.8631421280499115,0.9955168540074409,29.6166666,877.1469404955554,0.9797320231497504,5.153291594497779,-2686.5932928292873,4843.41940281919,3148.514882816864,0.0,180.0,75.2
2020-08-31,87.1,95.7,79.5,987.7,15.4,3.2,6.0,14.4,29.6166666,119.0166666,172.0,91.32277781558028,12.581783395946768,35.763131799411795,-0.8717063187093217,0.9955168540074409,29.6166666,877.1469404955554,0.9797320231497504,5.153291594497779,-2686.5932928292873,4843.41940281919,3148.514882816864,0.0,180.0,74.3
2020-09-01,83.2,95.7,75.7,986.0,12.3,4.0,6.2,26.6,29.6166666,119.0166666,172.0,87.02866766976608,12.552211683139339,35.60978124851216,-0.8800122039735356,0.9955168540074409,29.6166666,877.1469404955554,0.9797320231497504,5.153291594497779,-2686.5932928292873,4843.41940281919,3148.514882816864,0.0,180.0,74.1
2020-09-02,81.5,95.7,74.7,987.0,10.6,7.3,8.9,22.1,29.6166666,119.0166666,172.0,85.04887001826005,12.522533008823563,35.454341021333505,-0.888057322629493,0.9955168540074409,29.6166666,877.1469404955554,0.9797320231497504,5.153291594497779,-2686.5932928292873,4843.41940281919,3148.514882816864,0.0,180.0,70.5
2020-09-03,80.6,92.3,71.1,991.5,15.4,2.7,4.7,14.4,29.6166666,119.0166666,172.0,83.90966308480438,12.492753809152019,35.29683984055325,-0.8958392907349089,0.9955168540074409,29.6166666,877.1469404955554,0.9797320231497504,5.153291594497779,-2686.5932928292873,4843.41940281919,3148.514882816864,0.0,180.0,63.2
2020-09-04,78.0,92.3,71.2,991.6,11.7,2.4,3.9,-1.4928779233996217,29.6166666,119.0166666,172.0,81.00872277448384,12.462880426843668,35.137308362978814,-0.9033558023246842,0.9955168540074409,29.6166666,877.1469404955554,0.9797320231497504,5.153291594497779,-2686.5932928292873,4843.41940281919,3148.514882816864,0.0,180.0,65.4
2020-09-05,81.2,90.3,71.6,989.4,14.1,3.6,4.9,12.4,29.6166666,119.0166666,172.0,84.12941934839006,12.432919115525625,34.97577919037804,-0.9106046300942162,0.9955168540074409,29.6166666,877.1469404955554,0.9797320231497504,5.153291594497779,-2686.5932928292873,4843.41940281919,3148.514882816864,0.0,180.0,61.9
2020-09-06,79.2,91.0,68.9,987.6,18.4,2.8,4.5,12.4,29.6166666,119.0166666,172.0,81.85898189220666,12.402876044273736,34.81228687735362,-0.9175836260593934,0.9955168540074409,29.6166666,877.1469404955554,0.9797320231497504,5.153291594497779,-2686.5932928292873,4843.41940281919,3148.514882816864,0.0,180.0,57.8
2020-09-07,80.6,93.4,68.0,989.5,18.5,2.2,4.1,-31.480956410035382,29.6166666,119.0166666,172.0,83.10368654736968,12.372757302337918,34.64686793622405,-0.9242907221930934,0.9955168540074409,29.6166666,877.1469404955554,0.9797320231497504,5.153291594497779,-2686.5932928292873,4843.41940281919,3148.514882816864,0.0,180.0,62.2
2020-09-08,82.2,93.9,70.0,991.7,16.1,2.8,4.1,11.8,29.6166666,119.0166666,172.0,84.54659699266448,12.34256890403861,34.47956083888009,-0.9307239310379793,0.9955168540074409,29.6166666,877.1469404955554,0.9797320231497504,5.153291594497779,-2686.5932928292873,4843.41940281919,3148.514882816864,0.0,180.0,65.5
2020-09-09,81.5,93.9,73.8,989.6,13.1,2.6,3.5,-45.34553478685912,29.6166666,119.0166666,172.0,83.62115155803293,12.3123167938208,34.31040601559302,-0.9368813462954315,0.9955168540074409,29.6166666,877.1469404955554,0.9797320231497504,5.153291594497779,-2686.5932928292873,4843.41940281919,3148.514882816864,0.0,180.0,66.6
2020-09-10,75.1,92.3,68.7,987.2,5.3,3.7,5.4,13.4,29.6166666,119.0166666,172.0,76.86489287867403,12.282006851452573,34.13944585075684,-0.9427611433904206,0.9955168540074409,29.6166666,877.1469404955554,0.9797320231497504,5.153291594497779,-2686.5932928292873,4843.41940281919,3148.514882816864,0.0,180.0,69.5
2020-09-11,73.1,83.5,68.5,991.7,11.0,2.1,3.9,14.2,29.6166666,119.0166666,172.0,74.63293683305547,12.25164489735521,33.966724675554616,-0.9483615800121716,0.9955168540074409,29.6166666,877.1469404955554,0.9797320231497504,5.153291594497779,-2686.5932928292873,4843.41940281919,3148.514882816864,0.0,180.0,69.3
2020-09-12,73.5,80.4,69.1,996.0,7.4,2.9,4.3,-73.38267623138367,29.6166666,119.0166666,172.0,74.85507477557005,12.221236698052252,33.792288757545,-0.9536809966304455,0.9955168540074409,29.6166666,877.1469404955554,0.9797320231497504,5.153291594497779,-2686.5932928292873,4843.41940281919,3148.514882816864,0.0,180.0,68.0
2020-09-13,74.6,80.4,68.7,995.8,12.0,2.2,2.7,-56.90075383789786,29.6166666,119.0166666,172.0,75.7860652242247,12.190787971725156,33.61618628717298,-0.9587178169872964,0.9955168540074409,29.6166666,877.1469404955554,0.9797320231497504,5.153291594497779,-2686.5932928292873,4843.41940281919,3148.514882816864,0.0,180.0,67.5
2020-09-14,70.4,80.2,69.6,993.8,6.2,2.6,3.5,12.8,29.6166666,119.0166666,172.0,71.34045244399819,12.160304393863326,33.438467361214975,-0.9634705485641486,0.9955168540074409,29.6166666,877.1469404955554,0.9797320231497504,5.153291594497779,-2686.5932928292873,4843.41940281919,3148.514882816864,0.0,180.0,67.8
2020-09-15,75.5,80.4,70.0,990.6,9.5,1.9,3.7,-130.30146606797877,29.6166666,119.0166666,172.0,76.3166055021873,12.129791602996656,33.25918396317608,-0.9679377830240642,0.9955168540074409,29.6166666,877.1469404955554,0.9797320231497504,5.153291594497779,-2686.5932928292873,4843.41940281919,3148.514882816864,0.0,180.0,71.0
2020-09-16,75.8,80.4,72.0,990.4,4.1,2.3,3.7,-30.701629621304487,29.6166666,119.0166666,172.0,76.4269620543838,12.099255206498754,33.07838994066385,-0.9721181966290612,0.9955168540074409,29.6166666,877.1469404955554,0.9797320231497504,5.153291594497779,-2686.5932928292873,4843.41940281919,3148.514882816864,0.0,180.0,74.1
2020-09-17,69.3,78.8,63.9,993.0,9.2,3.7,6.2,18.3,29.6166666,119.0166666,172.0,69.69674704174463,12.068700786449288,32.89614097976993,-0.9760105506323682,0.9955168540074409,29.6166666,877.1469404955554,0.9797320231497504,5.153291594497779,-2686.5932928292873,4843.41940281919,3148.514882816864,0.0,180.0,67.2
2020-09-18,61.6,75.7,59.9,998.5,8.8,4.2,5.8,14.2,29.6166666,119.0166666,172.0,61.7957540484593,12.03813390554402,32.71249457649789,-0.9796136916454901,0.9955168540074409,29.6166666,877.1469404955554,0.9797320231497504,5.153291594497779,-2686.5932928292873,4843.41940281919,3148.514882816864,0.0,180.0,59.7
2020-09-19,66.9,70.2,59.9,997.5,17.3,2.8,3.7,10.9,29.6166666,119.0166666,172.0,66.9421476302044,12.00756011304115,32.52751000528201,-0.9829265519799822,0.9955168540074409,29.6166666,877.1469404955554,0.9797320231497504,5.153291594497779,-2686.5932928292873,4843.41940281919,3148.514882816864,0.0,180.0,63.4
2020-09-20,66.5,70.9,64.0,997.3,7.5,2.9,5.2,12.6,29.6166666,119.0166666,172.0,66.3724582686439,11.976984950732733,32.34124828464867,-0.9859481499638303,0.9955168540074409,29.6166666,877.1469404955554,0.9797320231497504,5.153291594497779,-2686.5932928292873,4843.41940281919,3148.514882816864,0.0,180.0,63.4
2020-09-21,64.7,70.9,61.5,996.1,12.7,4.8,10.1,22.1,29.6166666,119.0166666,172.0,64.41108192856454,11.946413958930053,32.1537721400785,-0.9886775902323404,0.9955168540074409,29.6166666,877.1469404955554,0.9797320231497504,5.153291594497779,-2686.5932928292873,4843.41940281919,3148.514882816864,0.0,180.0,58.4
2020-09-22,63.7,70.9,61.3,994.8,8.6,4.7,7.2,17.5,29.6166666,119.0166666,172.0,63.25331798934763,11.915852682451671,31.965145964133324,-0.9911140639934546,0.9955168540074409,29.6166666,877.1469404955554,0.9797320231497504,5.153291594497779,-2686.5932928292873,4843.41940281919,3148.514882816864,0.0,180.0,60.6
2020-09-23,64.9,67.3,61.3,995.3,14.0,2.5,4.1,11.3,29.6166666,119.0166666,172.0,64.27970027596216,11.88530667660317,31.77543577391891,-0.9932568492674143,0.9955168540074409,29.6166666,877.1469404955554,0.9797320231497504,5.153291594497779,-2686.5932928292873,4843.41940281919,3148.514882816864,0.0,180.0,60.9
2020-09-24,69.8,77.7,62.4,994.5,13.0,2.6,4.3,12.0,29.6166666,119.0166666,172.0,68.95531246808187,11.854781513137286,31.58470916595969,-0.9951053111006974,0.9955168540074409,29.6166666,877.1469404955554,0.9797320231497504,5.153291594497779,-2686.5932928292873,4843.41940281919,3148.514882816864,0.0,180.0,63.8
2020-09-25,70.8,77.7,64.8,994.6,12.4,2.3,3.5,9.9,29.6166666,119.0166666,172.0,69.7632684384815,11.824282786183305,31.393035268567917,-0.99665890175417,0.9955168540074409,29.6166666,877.1469404955554,0.9797320231497504,5.153291594497779,-2686.5932928292873,4843.41940281919,3148.514882816864,0.0,180.0,63.9
2020-09-26,69.4,76.8,63.7,995.7,11.4,1.9,2.7,10.9,29.6166666,119.0166666,172.0,68.20756988321077,11.793816118134426,31.200484691795243,-0.9979171608653922,0.9955168540074409,29.6166666,877.1469404955554,0.9797320231497504,5.153291594497779,-2686.5932928292873,4843.41940281919,3148.514882816864,0.0,180.0,61.4
2020-09-27,72.6,82.2,63.3,995.6,15.3,2.8,3.9,12.0,29.6166666,119.0166666,172.0,71.16849235116396,11.763387165481648,31.00712947505962,-0.9988797155850335,0.9955168540074409,29.6166666,877.1469404955554,0.9797320231497504,5.153291594497779,-2686.5932928292873,4843.41940281919,3148.514882816864,0.0,180.0,62.5
2020-09-28,71.1,82.2,67.3,993.9,16.8,2.4,3.7,-180.22378167701066,29.6166666,119.0166666,172.0,69.51803462565272,11.733001624582739,30.813043032546226,-0.9995462806873573,0.9955168540074409,29.6166666,877.1469404955554,0.9797320231497504,5.153291594497779,-2686.5932928292873,4843.41940281919,3148.514882816864,0.0,180.0,63.5
2020-09-29,68.3,74.7,64.6,991.7,9.8,2.0,3.5,-84.38673674485635,29.6166666,119.0166666,172.0,66.60766964260961,11.702665237354545,30.61830009648499,-0.9999166586547379,0.9955168540074409,29.6166666,877.1469404955554,0.9797320231497504,5.153291594497779,-2686.5932928292873,4843.41940281919,3148.514882816864,0.0,180.0,65.1
2020-09-30,70.7,81.0,63.9,993.3,13.7,2.6,4.1,85.69735137123182,29.6166666,119.0166666,172.0,68.76979453659928,11.67238379687682,30.422976658412793,-0.9999907397361901,0.9955168540074409,29.6166666,877.1469404955554,0.9797320231497504,5.153291594497779,-2686.5932928292873,4843.41940281919,3148.514882816864,0.0,180.0,61.7
2020-10-01,72.9,82.2,63.0,993.1,15.7,2.8,5.1,12.8,29.6166666,119.0166666,172.0,70.72614115384042,11.642163152895542,30.22714990853188,-0.9997685019798909,0.9955168540074409,29.6166666,877.1469404955554,0.9797320231497504,5.153291594497779,-2686.5932928292873,4843.41940281919,3148.514882816864,0.0,180.0,60.3
2020-10-02,76.6,84.6,65.3,992.8,14.3,2.8,3.7,-36.89539076424836,29.6166666,119.0166666,172.0,74.12332550321216,11.612009217213393,30.03089817328029,-0.9992500112396835,0.9955168540074409,29.6166666,877.1469404955554,0.9797320231497504,5.153291594497779,-2686.5932928292873,4843.41940281919,3148.514882816864,0.0,180.0,65.8
2020-10-03,78.1,85.5,70.2,991.5,7.9,2.6,4.1,12.2,29.6166666,119.0166666,172.0,75.37904786461527,11.581927968954973,29.834300851233866,-0.9984354211555643,0.9955168540074409,29.6166666,877.1469404955554,0.9797320231497504,5.153291594497779,-2686.5932928292873,4843.41940281919,3148.514882816864,0.0,180.0,70.2
2020-10-04,66.1,85.5,59.4,996.5,11.7,4.9,8.7,22.0,29.6166666,119.0166666,172.0,63.631856073813964,11.551925459693912,29.637438347462222,-0.9973249731081555,0.9955168540074409,29.6166666,877.1469404955554,0.9797320231497504,5.153291594497779,-2686.5932928292873,4843.41940281919,3148.514882816864,0.0,180.0,62.2
2020-10-05,64.6,73.4,59.4,1.0,17.8,5.4,7.0,21.0,29.6166666,119.0166666,172.0,62.02680875587562,11.522007818428909,29.440392006464478,-0.9959189961471792,0.9955168540074409,29.6166666,877.1469404955554,0.9797320231497504,5.153291594497779,-2686.5932928292873,4843.41940281919,3148.514882816864,0.0,180.0,52.2
2020-10-06,66.4,71.1,60.8,1.7,18.6,5.7,8.0,17.5,29.6166666,119.0166666,172.0,63.59006961872115,11.492181256395387,29.243244043812965,-0.994217906893952,0.9955168540074409,29.6166666,877.1469404955554,0.9797320231497504,5.153291594497779,-2686.5932928292873,4843.41940281919,3148.514882816864,0.0,180.0,52.0
2020-10-07,66.4,71.1,62.1,2.4,18.6,4.9,6.2,13.4,29.6166666,119.0166666,172.0,63.425568130068754,11.462452071699172,29.046077476635237,-0.9922222094179324,0.9955168540074409,29.6166666,877.1469404955554,0.9797320231497504,5.153291594497779,-2686.5932928292873,4843.41940281919,3148.514882816864,0.0,180.0,54.0
2020-10-08,67.5,76.3,62.1,2.2,18.6,5.5,9.1,17.1,29.6166666,119.0166666,172.0,64.30964992739072,11.432826653758351,28.848976053066956,-0.989932495087353,0.9955168540074409,29.6166666,877.1469404955554,0.9797320231497504,5.153291594497779,-2686.5932928292873,4843.41940281919,3148.514882816864,0.0,180.0,52.5
2020-10-09,68.3,77.0,60.6,0.1,18.2,3.6,4.9,11.3,29.6166666,119.0166666,172.0,64.90384788324359,11.403311487539137,28.652024180809466,-0.9873494423939864,0.9955168540074409,29.6166666,877.1469404955554,0.9797320231497504,5.153291594497779,-2686.5932928292873,4843.41940281919,3148.514882816864,0.0,180.0,55.6
2020-10-10,67.7,77.0,59.7,997.5,15.4,2.9,6.2,12.4,29.6166666,119.0166666,172.0,64.16782673063148,11.37391315757131,28.455306854927,-0.9844738167520923,0.9955168540074409,29.6166666,877.1469404955554,0.9797320231497504,5.153291594497779,-2686.5932928292873,4843.41940281919,3148.514882816864,0.0,180.0,56.3
2020-10-11,70.4,79.7,59.7,995.2,11.7,2.8,4.9,61.00875136937978,29.6166666,119.0166666,172.0,66.55521166347434,11.344638351728578,28.258909585019826,-0.9813064702716093,0.9955168540074409,29.6166666,877.1469404955554,0.9797320231497504,5.153291594497779,-2686.5932928292873,4843.41940281919,3148.514882816864,0.0,180.0,59.0
2020-10-12,69.8,79.7,62.8,997.7,12.6,4.1,7.2,18.1,29.6166666,119.0166666,172.0,65.8184559800137,11.315493864758801,28.06291832190907,-0.9778483415056567,0.9955168540074409,29.6166666,877.1469404955554,0.9797320231497504,5.153291594497779,-2686.5932928292873,4843.41940281919,3148.514882816864,0.0,180.0,56.0
2020-10-13,70.4,78.4,62.2,0.0,14.8,5.4,6.8,18.1,29.6166666,119.0166666,172.0,66.21405472908737,11.286486601548983,27.867419383970226,-0.9741004551724206,0.9955168540074409,29.6166666,877.1469404955554,0.9797320231497504,5.153291594497779,-2686.5932928292873,4843.41940281919,3148.514882816864,0.0,180.0,57.1
2020-10-14,68.9,77.9,64.8,2.2,17.6,5.8,7.4,18.5,29.6166666,119.0166666,172.0,64.63752205579543,11.257623580109508,27.67249938325082,-0.970063921851507,0.9955168540074409,29.6166666,877.1469404955554,0.9797320231497504,5.153291594497779,-2686.5932928292873,4843.41940281919,3148.514882816864,0.0,180.0,56.3
2020-10-15,64.1,74.7,58.5,1.8,14.5,5.9,9.1,18.6,29.6166666,119.0166666,172.0,59.98110458218317,11.228911934262062,27.478245151508055,-0.965739937654855,0.9955168540074409,29.6166666,877.1469404955554,0.9797320231497504,5.153291594497779,-2686.5932928292873,4843.41940281919,3148.514882816864,0.0,180.0,57.6
2020-10-16,59.1,69.4,57.9,2.7,15.3,4.6,5.4,18.6,29.6166666,119.0166666,172.0,55.1617676613762,11.200358916015473,27.284743666300557,-0.9611297838723007,0.9955168540074409,29.6166666,877.1469404955554,0.9797320231497504,5.153291594497779,-2686.5932928292873,4843.41940281919,3148.514882816864,0.0,180.0,56.4
2020-10-17,60.5,64.8,57.6,3.7,11.4,3.2,5.6,14.6,29.6166666,119.0166666,172.0,56.32535831713468,11.17197189761349,27.092081977267075,-0.9562348265919058,0.9955168540074409,29.6166666,877.1469404955554,0.9797320231497504,5.153291594497779,-2686.5932928292873,4843.41940281919,3148.514882816864,0.0,180.0,55.1
2020-10-18,60.3,66.4,57.4,3.7,3.4,3.1,4.5,13.2,29.6166666,119.0166666,172.0,55.99738582552425,11.143758373238656,26.900347132723425,-0.9510565162951536,0.9955168540074409,29.6166666,877.1469404955554,0.9797320231497504,5.153291594497779,-2686.5932928292873,4843.41940281919,3148.514882816864,0.0,180.0,56.4
2020-10-19,60.9,66.4,56.3,4.0,6.9,3.6,6.0,10.3,29.6166666,119.0166666,172.0,56.41230924880746,11.11572596035615,26.709626106706423,-0.9455963874271428,0.9955168540074409,29.6166666,877.1469404955554,0.9797320231497504,5.153291594497779,-2686.5932928292873,4843.41940281919,3148.514882816864,0.0,180.0,54.4
2020-10-20,65.4,72.5,55.9,1.4,16.1,3.7,4.5,13.4,29.6166666,119.0166666,172.0,60.4289590837153,11.087882400681705,26.520005726591375,-0.9398560579418953,0.9955168540074409,29.6166666,877.1469404955554,0.9797320231497504,5.153291594497779,-2686.5932928292873,4843.41940281919,3148.514882816864,0.0,180.0,53.7
2020-10-21,63.6,72.5,61.0,998.2,17.7,3.1,5.1,11.1,29.6166666,119.0166666,172.0,58.61924847201601,11.060235560757738,26.331572601406766,-0.9338372288229252,0.9955168540074409,29.6166666,877.1469404955554,0.9797320231497504,5.153291594497779,-2686.5932928292873,4843.41940281919,3148.514882816864,0.0,180.0,57.0
2020-10-22,62.7,70.9,54.3,998.9,10.7,2.5,6.0,13.0,29.6166666,119.0166666,172.0,57.6463456828368,11.032793432121876,26.14441305096635,-0.9275416835791965,0.9955168540074409,29.6166666,877.1469404955554,0.9797320231497504,5.153291594497779,-2686.5932928292873,4843.41940281919,3148.514882816864,0.0,180.0,51.0
2020-10-23,60.5,71.2,53.1,1.8,12.1,3.5,6.6,14.8,29.6166666,119.0166666,172.0,55.48638582738997,11.005564131052555,25.95861303593573,-0.9209712877166347,0.9955168540074409,29.6166666,877.1469404955554,0.9797320231497504,5.153291594497779,-2686.5932928292873,4843.41940281919,3148.514882816864,0.0,180.0,38.2
2020-10-24,58.5,71.2,52.3,2.7,14.4,3.5,5.4,77.57660573419929,29.6166666,119.0166666,172.0,53.52046000214733,10.978555897876376,25.774258088946425,-0.9141279881853337,0.9955168540074409,29.6166666,877.1469404955554,0.9797320231497504,5.153291594497779,-2686.5932928292873,4843.41940281919,3148.514882816864,0.0,180.0,43.7
2020-10-25,63.2,71.6,53.6,999.4,11.0,2.2,2.7,33.076644940246766,29.6166666,119.0166666,172.0,57.67935937133216,10.951777095822562,25.591433246866053,-0.9070138128026362,0.9955168540074409,29.6166666,877.1469404955554,0.9797320231497504,5.153291594497779,-2686.5932928292873,4843.41940281919,3148.514882816864,0.0,180.0,51.4
2020-10-26,65.8,71.6,56.7,998.0,8.3,2.1,3.3,198.979831275668,29.6166666,119.0166666,172.0,59.906711881599335,10.925236209410214,25.41022298432932,-0.8996308696522434,0.9955168540074409,29.6166666,877.1469404955554,0.9797320231497504,5.153291594497779,-2686.5932928292873,4843.41940281919,3148.514882816864,0.0,180.0,58.4
2020-10-27,69.5,77.5,61.9,999.1,8.9,4.3,6.2,15.9,29.6166666,119.0166666,172.0,63.123038170304255,10.898941842354692,25.230711148629293,-0.8919813464595487,0.9955168540074409,29.6166666,877.1469404955554,0.9797320231497504,5.153291594497779,-2686.5932928292873,4843.41940281919,3148.514882816864,0.0,180.0,57.5
2020-10-28,65.1,77.5,63.0,3.1,9.6,4.9,7.2,13.6,29.6166666,119.0166666,172.0,58.98549722876739,10.872902714980166,25.052980896063527,-0.8840675099433637,0.9955168540074409,29.6166666,877.1469404955554,0.9797320231497504,5.153291594497779,-2686.5932928292873,4843.41940281919,3148.514882816864,0.0,180.0,56.3
2020-10-29,63.5,69.4,59.9,4.3,5.5,3.4,5.1,13.6,29.6166666,119.0166666,172.0,57.399383873459335,10.847127661126173,24.877114629824415,-0.8758917051442433,0.9955168540074409,29.6166666,877.1469404955554,0.9797320231497504,5.153291594497779,-2686.5932928292873,4843.41940281919,3148.514882816864,0.0,180.0,55.4
2020-10-30,63.9,72.1,58.5,4.6,10.9,4.4,5.8,13.0,29.6166666,119.0166666,172.0,57.62515645065901,10.821625624536903,24.70319393951734,-0.8674563547295971,0.9955168540074409,29.6166666,877.1469404955554,0.9797320231497504,5.153291594497779,-2686.5932928292873,4843.41940281919,3148.514882816864,0.0,180.0,49.2
2020-10-31,64.8,73.6,58.1,1.1,15.2,2.3,3.1,10.9,29.6166666,119.0166666,172.0,58.30059053550443,10.796405654723044,24.531299542384822,-0.858763958275803,0.9955168540074409,29.6166666,877.1469404955554,0.9797320231497504,5.153291594497779,-2686.5932928292873,4843.41940281919,3148.514882816864,0.0,180.0,51.7
2020-11-01,63.2,73.6,59.5,0.7,11.8,2.3,3.5,-206.8210791936065,29.6166666,119.0166666,172.0,56.72977835204541,10.771476902287102,24.361511226308206,-0.8498170915275277,0.9955168540074409,29.6166666,877.1469404955554,0.9797320231497504,5.153291594497779,-2686.5932928292873,4843.41940281919,3148.514882816864,0.0,180.0,56.6
2020-11-02,61.2,69.3,54.7,2.9,5.1,2.5,5.8,83.4598082028067,29.6166666,119.0166666,172.0,54.808927929892754,10.746848613704461,24.193907794652965,-0.8406184056344783,0.9955168540074409,29.6166666,877.1469404955554,0.9797320231497504,5.153291594497779,-2686.5932928292873,4843.41940281919,3148.514882816864,0.0,180.0,57.0
2020-11-03,60.1,69.3,54.0,5.1,13.5,4.8,6.6,20.8,29.6166666,119.0166666,172.0,53.70200504548174,10.722530125553758,24.028567013016737,-0.8311706263658079,0.9955168540074409,29.6166666,877.1469404955554,0.9797320231497504,5.153291594497779,-2686.5932928292873,4843.41940281919,3148.514882816864,0.0,180.0,37.2
2020-11-04,60.1,68.9,52.9,3.4,17.5,4.2,5.1,15.5,29.6166666,119.0166666,172.0,53.581808714777175,10.698530858191782,23.865565557932623,-0.8214765533024145,0.9955168540074409,29.6166666,877.1469404955554,0.9797320231497504,5.153291594497779,-2686.5932928292873,4843.41940281919,3148.514882816864,0.0,180.0,40.7
2020-11-05,64.6,74.3,54.7,1.4,15.9,2.7,3.9,11.7,29.6166666,119.0166666,172.0,57.466331329415354,10.674860308869725,23.704978967574323,-0.8115390590073611,0.9955168540074409,29.6166666,877.1469404955554,0.9797320231497504,5.153291594497779,-2686.5932928292873,4843.41940281919,3148.514882816864,0.0,180.0,50.6
2020-11-06,66.3,77.9,55.6,0.8,13.5,2.3,3.9,200.52353521091737,29.6166666,119.0166666,172.0,58.84969244469864,10.651528044289346,23.54688159450162,-0.801361088174677,0.9955168540074409,29.6166666,877.1469404955554,0.9797320231497504,5.153291594497779,-2686.5932928292873,4843.41940281919,3148.514882816864,0.0,180.0,55.9
2020-11-07,66.2,78.1,57.6,2.7,13.4,2.4,4.3,131.4181912967804,29.6166666,119.0166666,172.0,58.63413270417448,10.628543692599603,23.391346560478905,-0.7909456567567774,0.9955168540074409,29.6166666,877.1469404955554,0.9797320231497504,5.153291594497779,-2686.5932928292873,4843.41940281919,3148.514882816864,0.0,180.0,52.0
2020-11-08,62.2,78.1,53.4,6.1,8.2,3.1,4.9,14.0,29.6166666,119.0166666,172.0,54.974002778901465,10.605916934836294,23.238445713391805,-0.780295851070776,0.9955168540074409,29.6166666,877.1469404955554,0.9797320231497504,5.153291594497779,-2686.5932928292873,4843.41940281919,3148.514882816864,0.0,180.0,40.3
2020-11-09,59.0,73.8,51.1,6.1,9.6,3.6,5.8,11.5,29.6166666,119.0166666,172.0,52.03631602106268,10.583657495809359,23.088249586279904,-0.7694148268839381,0.9955168540074409,29.6166666,877.1469404955554,0.9797320231497504,5.153291594497779,-2686.5932928292873,4843.41940281919,3148.514882816864,0.0,180.0,41.8
2020-11-10,58.9,69.3,49.6,7.7,10.3,3.1,4.1,12.4,29.6166666,119.0166666,172.0,51.8407129515667,10.56177513444483,22.940827358496836,-0.7583058084785625,0.9955168540074409,29.6166666,877.1469404955554,0.9797320231497504,5.153291594497779,-2686.5932928292873,4843.41940281919,3148.514882816864,0.0,180.0,43.4
2020-11-11,60.1,70.2,50.5,8.4,12.4,3.6,5.1,12.6,29.6166666,119.0166666,172.0,52.78923383156673,10.540279633590696,22.796246819001244,-0.7469720876965551,0.9955168540074409,29.6166666,877.1469404955554,0.9797320231497504,5.153291594497779,-2686.5932928292873,4843.41940281919,3148.514882816864,0.0,180.0,45.5
2020-11-12,60.8,72.7,51.6,6.0,13.1,3.2,4.5,12.6,29.6166666,119.0166666,172.0,53.2971826657789,10.519180789298467,22.654574331775915,-0.7354170229639858,0.9955168540074409,29.6166666,877.1469404955554,0.9797320231497504,5.153291594497779,-2686.5932928292873,4843.41940281919,3148.514882816864,0.0,180.0,48.3
2020-11-13,60.9,72.7,52.9,6.3,12.2,5.4,8.5,17.1,29.6166666,119.0166666,172.0,53.27982862794303,10.498488399594686,22.515874803364202,-0.7236440382959124,0.9955168540074409,29.6166666,877.1469404955554,0.9797320231497504,5.153291594497779,-2686.5932928292873,4843.41940281919,3148.514882816864,0.0,180.0,48.3
2020-11-14,61.1,71.1,54.5,5.0,12.8,3.9,4.9,15.3,29.6166666,119.0166666,172.0,53.3515640536329,10.478212252759326,22.380211652506862,-0.711656622281775,0.9955168540074409,29.6166666,877.1469404955554,0.9797320231497504,5.153291594497779,-2686.5932928292873,4843.41940281919,3148.514882816864,0.0,180.0,49.4
2020-11-15,63.7,74.7,53.8,3.1,11.5,2.7,4.1,10.3,29.6166666,119.0166666,172.0,55.51647222781852,10.458362115130647,22.24764678185513,-0.6994583270516471,0.9955168540074409,29.6166666,877.1469404955554,0.9797320231497504,5.153291594497779,-2686.5932928292873,4843.41940281919,3148.514882816864,0.0,180.0,52.3
2020-11-16,66.7,77.0,55.8,0.5,5.9,3.0,5.1,14.8,29.6166666,119.0166666,172.0,58.02315106843334,10.438947718458772,22.118240551728967,-0.6870527672236675,0.9955168540074409,29.6166666,877.1469404955554,0.9797320231497504,5.153291594497779,-2686.5932928292873,4843.41940281919,3148.514882816864,0.0,180.0,57.4
2020-11-17,64.6,77.0,58.1,996.2,1.6,2.0,2.7,14.8,29.6166666,119.0166666,172.0,56.09421892045116,10.419978746833035,21.99205175588305,-0.6744436188329457,0.9955168540074409,29.6166666,877.1469404955554,0.9797320231497504,5.153291594497779,-2686.5932928292873,4843.41940281919,3148.514882816864,0.0,180.0,62.3
2020-11-18,69.0,80.8,63.3,991.0,8.2,2.3,4.5,-89.74024928211249,29.6166666,119.0166666,172.0,59.80842273346282,10.401464823210924,21.869137599236776,-0.661634618242279,0.9955168540074409,29.6166666,877.1469404955554,0.9797320231497504,5.153291594497779,-2686.5932928292873,4843.41940281919,3148.514882816864,0.0,180.0,63.7
2020-11-19,68.8,84.6,58.3,993.3,8.3,4.8,7.8,25.3,29.6166666,119.0166666,172.0,59.53158217465358,10.383415495579113,21.749553677517923,-0.6486295610349818,0.9955168540074409,29.6166666,877.1469404955554,0.9797320231497504,5.153291594497779,-2686.5932928292873,4843.41940281919,3148.514882816864,0.0,180.0,60.9
2020-11-20,58.6,84.6,55.6,999.8,8.0,5.7,8.4,25.3,29.6166666,119.0166666,172.0,50.619853087908616,10.365840222779921,21.633353958764292,-0.6354323008901775,0.9955168540074409,29.6166666,877.1469404955554,0.9797320231497504,5.153291594497779,-2686.5932928292873,4843.41940281919,3148.514882816864,0.0,180.0,52.4
2020-11-21,58.6,61.3,55.6,998.5,9.4,3.5,7.6,17.1,29.6166666,119.0166666,172.0,50.53638782485772,10.348748360039123,21.520590766621503,-0.622046748440868,0.9955168540074409,29.6166666,877.1469404955554,0.9797320231497504,5.153291594497779,-2686.5932928292873,4843.41940281919,3148.514882816864,0.0,180.0,56.5
2020-11-22,51.9,61.3,49.6,7.3,16.8,4.5,6.4,15.9,29.6166666,119.0166666,172.0,44.68654504881075,10.3321491442337,21.411314765370015,-0.6084768701151264,0.9955168540074409,29.6166666,877.1469404955554,0.9797320231497504,5.153291594497779,-2686.5932928292873,4843.41940281919,3148.514882816864,0.0,180.0,47.6
2020-11-23,47.9,55.4,46.6,7.6,9.2,4.7,9.9,19.2,29.6166666,119.0166666,172.0,41.178239618438084,10.316051678940648,21.305574946609585,-0.594726686960764,0.9955168540074409,29.6166666,877.1469404955554,0.9797320231497504,5.153291594497779,-2686.5932928292873,4843.41940281919,3148.514882816864,0.0,180.0,44.8
2020-11-24,49.3,50.9,46.6,6.1,16.1,4.3,5.6,13.8,29.6166666,119.0166666,172.0,42.31774337683328,10.300464919310333,21.203418617524363,-0.5808002734538013,0.9955168540074409,29.6166666,877.1469404955554,0.9797320231497504,5.153291594497779,-2686.5932928292873,4843.41940281919,3148.514882816864,0.0,180.0,46.7
2020-11-25,53.7,55.9,48.0,3.9,14.4,3.1,5.4,13.4,29.6166666,119.0166666,172.0,46.02715451422573,10.285397656810218,21.10489139064812,-0.5667017562911184,0.9955168540074409,29.6166666,877.1469404955554,0.9797320231497504,5.153291594497779,-2686.5932928292873,4843.41940281919,3148.514882816864,0.0,180.0,50.5
2020-11-26,55.0,59.2,50.4,6.5,18.3,3.9,7.6,16.1,29.6166666,119.0166666,172.0,47.07476814281471,10.270858503886847,21.010037175044836,-0.5524353131676203,0.9955168540074409,29.6166666,877.1469404955554,0.9797320231497504,5.153291594497779,-2686.5932928292873,4843.41940281919,3148.514882816864,0.0,180.0,49.5
2020-11-27,49.9,59.2,47.7,10.5,14.1,4.4,6.8,14.2,29.6166666,119.0166666,172.0,42.6514256951614,10.256855878595928,20.918898168816856,-0.5380051715382992,0.9955168540074409,29.6166666,877.1469404955554,0.9797320231497504,5.153291594497779,-2686.5932928292873,4843.41940281919,3148.514882816864,0.0,180.0,45.5
2020-11-28,45.8,51.6,44.2,10.6,5.4,4.7,6.4,15.0,29.6166666,119.0166666,172.0,39.09563565897894,10.243397989252125,20.831514852849793,-0.5234156073655503,0.9955168540074409,29.6166666,877.1469404955554,0.9797320231497504,5.153291594497779,-2686.5932928292873,4843.41940281919,3148.514882816864,0.0,180.0,39.9
2020-11-29,46.8,51.1,44.2,11.3,7.8,5.0,6.8,17.7,29.6166666,119.0166666,172.0,39.89892199469123,10.230492819151598,20.747925985701126,-0.5086709438521042,0.9955168540074409,29.6166666,877.1469404955554,0.9797320231497504,5.153291594497779,-2686.5932928292873,4843.41940281919,3148.514882816864,0.0,180.0,38.2
2020-11-30,48.9,51.4,44.4,12.8,5.3,5.3,7.2,15.5,29.6166666,119.0166666,172.0,41.638953554043184,10.21814811142164,20.66816859953738,-0.49377555015997737,0.9955168540074409,29.6166666,877.1469404955554,0.9797320231497504,5.153291594497779,-2686.5932928292873,4843.41940281919,3148.514882816864,0.0,180.0,36.6
2020-12-01,50.6,54.0,44.4,9.7,4.9,4.1,6.2,15.5,29.6166666,119.0166666,172.0,43.03686587625569,10.206371354052733,20.592277997023643,-0.4787338401157883,0.9955168540074409,29.6166666,877.1469404955554,0.9797320231497504,5.153291594497779,-2686.5932928292873,4843.41940281919,3148.514882816864,0.0,180.0,41.5
2020-12-02,50.3,54.5,46.8,9.1,9.6,4.5,6.4,14.8,29.6166666,119.0166666,172.0,42.7347532656668,10.195169765169018,20.520287749068306,-0.4635502709028512,0.9955168540074409,29.6166666,877.1469404955554,0.9797320231497504,5.153291594497779,-2686.5932928292873,4843.41940281919,3148.514882816864,0.0,180.0,43.7
2020-12-03,44.7,54.5,41.4,11.6,11.1,4.6,6.4,15.9,29.6166666,119.0166666,172.0,37.93744978776131,10.18455027859364,20.452229693325762,-0.4482293417404106,0.9955168540074409,29.6166666,877.1469404955554,0.9797320231497504,5.153291594497779,-2686.5932928292873,4843.41940281919,3148.514882816864,0.0,180.0,34.7
2020-12-04,43.4,48.6,40.3,10.8,5.3,4.6,6.6,15.9,29.6166666,119.0166666,172.0,36.7978456326515,10.174519529765393,20.388133933359942,-0.4327755925504317,0.9955168540074409,29.6166666,877.1469404955554,0.9797320231497504,5.153291594497779,-2686.5932928292873,4843.41940281919,3148.514882816864,0.0,180.0,30.7
2020-12-05,45.7,49.8,39.9,8.7,6.2,3.9,5.6,12.0,29.6166666,119.0166666,172.0,38.71202763185655,10.165083842062987,20.328028838372955,-0.41719360261231697,0.9955168540074409,29.6166666,877.1469404955554,0.9797320231497504,5.153291594497779,-2686.5932928292873,4843.41940281919,3148.514882816864,0.0,180.0,35.0
2020-12-06,52.2,60.8,42.1,5.9,6.5,3.2,4.1,11.8,29.6166666,119.0166666,172.0,44.17968407912761,10.156249213592554,20.271941043403853,-0.4014879892059737,0.9955168540074409,29.6166666,877.1469404955554,0.9797320231497504,5.153291594497779,-2686.5932928292873,4843.41940281919,3148.514882816864,0.0,180.0,42.1
2020-12-07,51.4,60.8,45.0,8.0,5.2,5.2,8.4,16.5,29.6166666,119.0166666,172.0,43.46735792091217,10.148021304493113,20.21989544990547,-0.38566340624360745,0.9955168540074409,29.6166666,877.1469404955554,0.9797320231497504,5.153291594497779,-2686.5932928292873,4843.41940281919,3148.514882816864,0.0,180.0,44.6
2020-12-08,47.3,56.7,46.6,6.9,5.3,5.6,7.0,16.3,29.6166666,119.0166666,172.0,39.97009804947308,10.140405424813467,20.171915226609133,-0.3697245428906732,0.9955168540074409,29.6166666,877.1469404955554,0.9797320231497504,5.153291594497779,-2686.5932928292873,4843.41940281919,3148.514882816864,0.0,180.0,42.1
2020-12-09,52.0,55.8,46.6,2.6,3.5,3.1,5.6,13.6,29.6166666,119.0166666,172.0,43.91142826638692,10.133406523012367,20.128021810590838,-0.3536761221763721,0.9955168540074409,29.6166666,877.1469404955554,0.9797320231497504,5.153291594497779,-2686.5932928292873,4843.41940281919,3148.514882816864,0.0,180.0,45.1
2020-12-10,53.1,59.0,47.5,1.5,4.5,3.2,5.1,13.0,29.6166666,119.0166666,172.0,44.812104099957914,10.127029175131732,20.088234908455693,-0.33752289959411347,0.9955168540074409,29.6166666,877.1469404955554,0.9797320231497504,5.153291594497779,-2686.5932928292873,4843.41940281919,3148.514882816864,0.0,180.0,47.3
2020-12-11,50.2,59.0,49.1,0.8,8.7,2.5,5.1,12.0,29.6166666,119.0166666,172.0,42.340677854122056,10.12127757469053,20.052572497562192,-0.32126966169236515,0.9955168540074409,29.6166666,877.1469404955554,0.9797320231497504,5.153291594497779,-2686.5932928292873,4843.41940281919,3148.514882816864,0.0,180.0,46.6
2020-12-12,51.4,58.8,47.7,999.0,4.7,3.3,7.0,11.7,29.6166666,119.0166666,172.0,43.33086615832417,10.116155523344164,20.0210508272121,-0.3049212246562894,0.9955168540074409,29.6166666,877.1469404955554,0.9797320231497504,5.153291594497779,-2686.5932928292873,4843.41940281919,3148.514882816864,0.0,180.0,42.3
2020-12-13,48.5,62.8,36.1,3.3,5.0,5.1,12.4,31.1,29.6166666,119.0166666,172.0,40.8679851236699,10.111666422351314,19.993684419737438,-0.2884824328806098,0.9955168540074409,29.6166666,877.1469404955554,0.9797320231497504,5.153291594497779,-2686.5932928292873,4843.41940281919,3148.514882816864,0.0,180.0,37.8
2020-12-14,34.2,62.8,32.0,11.5,7.8,4.3,7.0,31.1,29.6166666,119.0166666,172.0,28.80726780492778,10.10781326488694,19.970486071421455,-0.27195815753410524,0.9955168540074409,29.6166666,877.1469404955554,0.9797320231497504,5.153291594497779,-2686.5932928292873,4843.41940281919,3148.514882816864,0.0,180.0,29.4
2020-12-15,37.2,41.2,31.6,12.2,11.6,3.8,4.5,11.7,29.6166666,119.0166666,172.0,31.324255750633256,10.104598629236532,19.951466853196543,-0.2553532951161881,0.9955168540074409,29.6166666,877.1469404955554,0.9797320231497504,5.153291594497779,-2686.5932928292873,4843.41940281919,3148.514882816864,0.0,180.0,25.0
2020-12-16,40.7,47.3,33.3,12.2,12.3,4.6,5.8,12.8,29.6166666,119.0166666,172.0,34.26270034892939,10.102024672903015,19.93663611106876,-0.23867276600594997,0.9955168540074409,29.6166666,877.1469404955554,0.9797320231497504,5.153291594497779,-2686.5932928292873,4843.41940281919,3148.514882816864,0.0,180.0,19.2
2020-12-17,41.0,47.3,36.0,9.0,3.9,3.7,5.4,12.4,29.6166666,119.0166666,172.0,34.50865151948299,10.100093127653556,19.92600146622512,-0.22192151300416674,0.9955168540074409,29.6166666,877.1469404955554,0.9797320231497504,5.153291594497779,-2686.5932928292873,4843.41940281919,3148.514882816864,0.0,180.0,30.0
2020-12-18,38.3,46.0,36.9,11.1,3.5,4.1,5.4,12.0,29.6166666,119.0166666,172.0,32.23202023489807,10.098805295529424,19.91956881478719,-0.20510449986861926,0.9955168540074409,29.6166666,877.1469404955554,0.9797320231497504,5.153291594497779,-2686.5932928292873,4843.41940281919,3148.514882816864,0.0,180.0,35.8
2020-12-19,41.1,45.9,37.2,13.5,4.7,3.6,5.2,12.6,29.6166666,119.0166666,172.0,34.58620500699364,10.098162045837558,19.9173423271817,-0.1882267098432439,0.9955168540074409,29.6166666,877.1469404955554,0.9797320231497504,5.153291594497779,-2686.5932928292873,4843.41940281919,3148.514882816864,0.0,180.0,30.0
2020-12-20,41.5,51.3,34.2,12.6,5.0,2.8,3.9,10.3,29.6166666,119.0166666,172.0,34.92281652043537,10.098163813137937,19.919324447106575,-0.1712931441814778,0.9955168540074409,29.6166666,877.1469404955554,0.9797320231497504,5.153291594497779,-2686.5932928292873,4843.41940281919,3148.514882816864,0.0,180.0,29.8
2020-12-21,41.3,51.8,34.0,8.9,6.9,2.6,4.9,-35.11469864162446,29.6166666,119.0166666,172.0,34.7567398020466,10.098810596236302,19.925515890078376,-0.154308820664281,0.9955168540074409,29.6166666,877.1469404955554,0.9797320231497504,5.153291594497779,-2686.5932928292873,4843.41940281919,3148.514882816864,0.0,180.0,28.8
2020-12-22,45.3,56.7,34.5,4.5,8.3,2.7,4.1,11.1,29.6166666,119.0166666,172.0,38.12788489215562,10.10010195818692,19.935915641555162,-0.13727877211326517,0.9955168540074409,29.6166666,877.1469404955554,0.9797320231497504,5.153291594497779,-2686.5932928292873,4843.41940281919,3148.514882816864,0.0,180.0,34.9
2020-12-23,50.2,56.7,36.0,0.8,8.0,2.0,2.9,11.1,29.6166666,119.0166666,172.0,42.260188230894265,10.102037027305402,19.950520954636442,-0.12020804489935275,0.9955168540074409,29.6166666,877.1469404955554,0.9797320231497504,5.153291594497779,-2686.5932928292873,4843.41940281919,3148.514882816864,0.0,180.0,41.5
2020-12-24,50.7,61.9,40.5,3.0,8.0,2.9,4.9,12.6,29.6166666,119.0166666,172.0,42.69199625906425,10.104614499186804,19.969327347349996,-0.10310169744743544,0.9955168540074409,29.6166666,877.1469404955554,0.9797320231497504,5.153291594497779,-2686.5932928292873,4843.41940281919,3148.514882816864,0.0,180.0,36.7
2020-12-25,49.6,61.9,39.2,3.5,3.1,3.1,4.5,12.6,29.6166666,119.0166666,172.0,41.779041577507186,10.10783263971948,19.99232859954314,-0.0859647987374467,0.9955168540074409,29.6166666,877.1469404955554,0.9797320231497504,5.153291594497779,-2686.5932928292873,4843.41940281919,3148.514882816864,0.0,180.0,32.9
2020-12-26,50.4,57.2,40.5,999.8,5.5,1.8,3.5,9.7,29.6166666,119.0166666,172.0,42.46909501413843,10.11168928908058,20.019516749403568,-0.06880242680232064,0.9955168540074409,29.6166666,877.1469404955554,0.9797320231497504,5.153291594497779,-2686.5932928292873,4843.41940281919,3148.514882816864,0.0,180.0,40.7
2020-12-27,50.8,59.0,45.9,0.1,3.3,2.8,4.1,-89.96432805670385,29.6166666,119.0166666,172.0,42.825169902339724,10.116181866694424,20.050882089642915,-0.05161966722325418,0.9955168540074409,29.6166666,877.1469404955554,0.9797320231497504,5.153291594497779,-2686.5932928292873,4843.41940281919,3148.514882816864,0.0,180.0,46.6
2020-12-28,53.7,63.9,45.9,998.5,2.6,2.1,3.3,39.83378337398477,29.6166666,119.0166666,172.0,45.29285051265992,10.121307377130707,20.086413163383188,-0.034421611622745804,0.9955168540074409,29.6166666,877.1469404955554,0.9797320231497504,5.153291594497779,-2686.5932928292873,4843.41940281919,3148.514882816864,0.0,180.0,48.1
2020-12-29,41.7,63.9,30.4,6.0,4.7,5.8,11.5,26.0,29.6166666,119.0166666,172.0,35.19154189878008,10.12706241691513,20.12609675979373,-0.01721335615583528,0.9955168540074409,29.6166666,877.1469404955554,0.9797320231497504,5.153291594497779,-2686.5932928292873,4843.41940281919,3148.514882816864,0.0,180.0,37.6
2020-12-30,29.8,53.4,23.2,15.6,15.9,9.1,12.6,24.9,29.6166666,119.0166666,172.0,25.164717235849267,10.13344318222118,20.16991790953291,6.432490598706546e-16,0.9955168540074409,29.6166666,877.1469404955554,0.9797320231497504,5.153291594497779,-2686.5932928292873,4843.41940281919,3148.514882816864,0.0,180.0,14.4
2020-12-31,30.6,38.8,22.3,13.4,16.5,2.4,4.1,20.0,29.6166666,119.0166666,172.0,25.85813596738984,10.140445477407779,20.217859880055833,0.017213356155833904,0.9955168540074409,29.6166666,877.1469404955554,0.9797320231497504,5.153291594497779,-2686.5932928292873,4843.41940281919,3148.514882816864,0.0,180.0,15.6
2021-01-01,35.6,46.2,24.1,8.9,17.7,2.7,4.9,10.9,29.6166666,119.0166666,172.0,30.083321582976414,10.140445477407779,20.217859880055833,0.017213356155834685,0.9955168540074409,29.6166666,877.1469404955554,0.9797320231497504,5.153291594497779,-2686.5932928292873,4843.41940281919,3148.514882816864,0.0,180.0,23.2
2021-01-02,40.9,51.4,27.9,8.3,14.1,4.7,6.0,15.2,29.6166666,119.0166666,172.0,34.587987268874755,10.14806472436423,20.269904170854744,0.03442161162274574,0.9955168540074409,29.6166666,877.1469404955554,0.9797320231497504,5.153291594497779,-2686.5932928292873,4843.41940281919,3148.514882816864,0.0,180.0,22.1
2021-01-03,44.2,51.4,31.3,8.1,7.2,3.6,5.2,15.2,29.6166666,119.0166666,172.0,37.40902349915186,10.156295972620413,20.326030508705657,0.051619667223253764,0.9955168540074409,29.6166666,877.1469404955554,0.9797320231497504,5.153291594497779,-2686.5932928292873,4843.41940281919,3148.514882816864,0.0,180.0,29.7
2021-01-04,50.2,58.3,36.9,5.8,5.9,3.4,4.1,10.9,29.6166666,119.0166666,172.0,42.52414352424196,10.16513391017736,20.38621684299881,0.06880242680231986,0.9955168540074409,29.6166666,877.1469404955554,0.9797320231497504,5.153291594497779,-2686.5932928292873,4843.41940281919,3148.514882816864,0.0,180.0,40.9
2021-01-05,44.4,58.3,40.5,8.1,6.4,5.2,6.6,17.7,29.6166666,119.0166666,172.0,37.64591963753951,10.174572875010677,20.450439341236745,0.08596479873744647,0.9955168540074409,29.6166666,877.1469404955554,0.9797320231497504,5.153291594497779,-2686.5932928292873,4843.41940281919,3148.514882816864,0.0,180.0,38.2
2021-01-06,39.5,48.0,36.5,7.8,4.3,5.9,8.0,16.3,29.6166666,119.0166666,172.0,33.524330937856455,10.184606867196898,20.518672384786978,0.10310169744743485,0.9955168540074409,29.6166666,877.1469404955554,0.9797320231497504,5.153291594497779,-2686.5932928292873,4843.41940281919,3148.514882816864,0.0,180.0,30.6
2021-01-07,30.1,42.6,22.5,12.7,9.5,6.4,9.1,20.0,29.6166666,119.0166666,172.0,25.573034150374298,10.195229561611015,20.590888564980954,0.1202080448993527,0.9955168540074409,29.6166666,877.1469404955554,0.9797320231497504,5.153291594497779,-2686.5932928292873,4843.41940281919,3148.514882816864,0.0,180.0,13.4
2021-01-08,29.8,37.4,21.6,11.8,18.3,6.0,11.7,17.5,29.6166666,119.0166666,172.0,25.345978564168433,10.20643432114165,20.66705867965373,0.13727877211326478,0.9955168540074409,29.6166666,877.1469404955554,0.9797320231497504,5.153291594497779,-2686.5932928292873,4843.41940281919,3148.514882816864,0.0,180.0,7.0
2021-01-09,34.1,43.5,23.4,10.0,18.2,2.9,4.1,15.0,29.6166666,119.0166666,172.0,29.036758714465776,10.218214210369187,20.74715173022201,0.15430882066428117,0.9955168540074409,29.6166666,877.1469404955554,0.9797320231497504,5.153291594497779,-2686.5932928292873,4843.41940281919,3148.514882816864,0.0,180.0,12.5
2021-01-10,39.2,48.9,28.2,9.4,13.7,3.1,6.0,14.0,29.6166666,119.0166666,172.0,33.41983589819391,10.230562009651196,20.83113491939981,0.1712931441814776,0.9955168540074409,29.6166666,877.1469404955554,0.9797320231497504,5.153291594497779,-2686.5932928292873,4843.41940281919,3148.514882816864,0.0,180.0,14.6
2021-01-11,39.1,48.9,30.4,8.5,13.8,4.8,8.9,24.5,29.6166666,119.0166666,172.0,33.37664049797931,10.243470229558866,20.91897364965319,0.1882267098432442,0.9955168540074409,29.6166666,877.1469404955554,0.9797320231497504,5.153291594497779,-2686.5932928292873,4843.41940281919,3148.514882816864,0.0,180.0,14.0
2021-01-12,41.1,51.1,31.1,2.8,13.5,3.8,6.6,16.5,29.6166666,119.0166666,172.0,35.12998910520734,10.256931125607984,21.01063152249608,0.2051044998686192,0.9955168540074409,29.6166666,877.1469404955554,0.9797320231497504,5.153291594497779,-2686.5932928292873,4843.41940281919,3148.514882816864,0.0,180.0,19.4
2021-01-13,45.0,61.5,32.7,999.9,13.5,3.0,5.6,10.5,29.6166666,119.0166666,172.0,38.516012674605136,10.270936713228037,21.106070338729907,0.2219215130041655,0.9955168540074409,29.6166666,877.1469404955554,0.9797320231497504,5.153291594497779,-2686.5932928292873,4843.41940281919,3148.514882816864,0.0,180.0,31.0
2021-01-14,47.9,62.4,35.4,997.7,13.7,2.3,3.5,73.56770469573343,29.6166666,119.0166666,172.0,41.05620280846276,10.285478782913426,21.205250099729373,0.2386727660059501,0.9955168540074409,29.6166666,877.1469404955554,0.9797320231497504,5.153291594497779,-2686.5932928292873,4843.41940281919,3148.514882816864,0.0,180.0,35.6
2021-01-15,52.7,67.8,37.0,999.4,8.7,3.8,7.4,20.4,29.6166666,119.0166666,172.0,45.23657732057723,10.300548915501457,21.308129009876353,0.255353295116187,0.9955168540074409,29.6166666,877.1469404955554,0.9797320231497504,5.153291594497779,-2686.5932928292873,4843.41940281919,3148.514882816864,0.0,180.0,35.8
2021-01-16,42.8,67.8,36.0,9.6,8.2,6.2,8.5,22.9,29.6166666,119.0166666,172.0,36.79422730783139,10.31613849752282,21.414663480242197,0.2719581575341055,0.9955168540074409,29.6166666,877.1469404955554,0.9797320231497504,5.153291594497779,-2686.5932928292873,4843.41940281919,3148.514882816864,0.0,180.0,23.2
2021-01-17,39.8,51.8,33.3,10.3,8.3,2.7,4.1,16.5,29.6166666,119.0166666,172.0,34.26859180962867,10.332238736571458,21.524808133617135,0.288482432880609,0.9955168540074409,29.6166666,877.1469404955554,0.9797320231497504,5.153291594497779,-2686.5932928292873,4843.41940281919,3148.514882816864,0.0,180.0,22.8
2021-01-18,42.9,56.1,32.5,5.8,11.7,3.6,5.6,12.2,29.6166666,119.0166666,172.0,36.997105418996085,10.348840676642261,21.63851581098327,0.30492122465628907,0.9955168540074409,29.6166666,877.1469404955554,0.9797320231497504,5.153291594497779,-2686.5932928292873,4843.41940281919,3148.514882816864,0.0,180.0,24.4
2021-01-19,47.2,58.8,33.8,4.2,9.3,3.8,6.8,15.0,29.6166666,119.0166666,172.0,40.77267850598802,10.365935213386784,21.75573757952425,0.3212696616923644,0.9955168540074409,29.6166666,877.1469404955554,0.9797320231497504,5.153291594497779,-2686.5932928292873,4843.41940281919,3148.514882816864,0.0,180.0,24.4
2021-01-20,51.9,63.5,37.2,1.1,7.7,2.2,3.9,-40.07300699599429,29.6166666,119.0166666,172.0,44.90869419745876,10.38351310923902,21.876422742261934,0.3375228995941133,0.9955168540074409,29.6166666,877.1469404955554,0.9797320231497504,5.153291594497779,-2686.5932928292873,4843.41940281919,3148.514882816864,0.0,180.0,41.4
2021-01-21,59.4,69.6,40.8,997.9,8.1,2.4,3.9,22.175942466762752,29.6166666,119.0166666,172.0,51.48774679140942,10.401565008365539,22.0005188494063,0.3536761221763716,0.9955168540074409,29.6166666,877.1469404955554,0.9797320231497504,5.153291594497779,-2686.5932928292873,4843.41940281919,3148.514882816864,0.0,180.0,50.2
2021-01-22,52.9,69.6,48.4,996.6,5.1,4.6,5.6,13.2,29.6166666,119.0166666,172.0,45.93519239823913,10.4200814513964,22.127971711500223,0.3697245428906731,0.9955168540074409,29.6166666,877.1469404955554,0.9797320231497504,5.153291594497779,-2686.5932928292873,4843.41940281919,3148.514882816864,0.0,180.0,49.9
2021-01-23,48.6,55.6,46.6,0.1,10.9,3.1,6.4,13.2,29.6166666,119.0166666,172.0,42.27816420407807,10.43905288989582,22.25872541443665,0.38566340624360707,0.9955168540074409,29.6166666,877.1469404955554,0.9797320231497504,5.153291594497779,-2686.5932928292873,4843.41940281919,3148.514882816864,0.0,180.0,45.5
2021-01-24,47.2,52.3,43.7,2.1,5.9,4.3,5.8,13.2,29.6166666,119.0166666,172.0,41.13664748876695,10.45846970053397,22.39272233642021,0.401487989205973,0.9955168540074409,29.6166666,877.1469404955554,0.9797320231497504,5.153291594497779,-2686.5932928292873,4843.41940281919,3148.514882816864,0.0,180.0,41.0
2021-01-25,49.7,52.9,43.7,0.3,4.8,3.3,6.0,11.5,29.6166666,119.0166666,172.0,43.39771777387697,10.478322198924015,22.52990316693979,0.4171936026123168,0.9955168540074409,29.6166666,877.1469404955554,0.9797320231497504,5.153291594497779,-2686.5932928292873,4843.41940281919,3148.514882816864,0.0,180.0,46.0
2021-01-26,48.4,52.9,45.9,2.9,17.7,4.1,7.4,13.2,29.6166666,119.0166666,172.0,42.34435596746734,10.498600653091076,22.670206927813073,0.4327755925504312,0.9955168540074409,29.6166666,877.1469404955554,0.9797320231497504,5.153291594497779,-2686.5932928292873,4843.41940281919,3148.514882816864,0.0,180.0,41.8
2021-01-27,46.4,51.1,44.8,2.3,8.6,3.5,6.2,12.0,29.6166666,119.0166666,172.0,40.67460847996478,10.519295296542616,22.813570996357708,0.4482293417404106,0.9955168540074409,29.6166666,877.1469404955554,0.9797320231497504,5.153291594497779,-2686.5932928292873,4843.41940281919,3148.514882816864,0.0,180.0,42.9
2021-01-28,47.7,57.7,37.8,7.5,8.8,7.3,11.8,24.1,29.6166666,119.0166666,172.0,41.898075455126985,10.54039634091245,22.959931130737463,0.4635502709028509,0.9955168540074409,29.6166666,877.1469404955554,0.9797320231497504,5.153291594497779,-2686.5932928292873,4843.41940281919,3148.514882816864,0.0,180.0,32.2
2021-01-29,44.3,57.7,36.0,6.8,5.6,2.6,4.7,15.9,29.6166666,119.0166666,172.0,38.990991972932825,10.561893988153361,23.109221497525116,0.47873384011578846,0.9955168540074409,29.6166666,877.1469404955554,0.9797320231497504,5.153291594497779,-2686.5932928292873,4843.41940281919,3148.514882816864,0.0,180.0,29.4
2021-01-30,50.4,58.5,37.8,4.3,6.7,1.7,3.9,64.70025912532742,29.6166666,119.0166666,172.0,44.451869457475425,10.583778442256055,23.26137470151687,0.49377555015997715,0.9955168540074409,29.6166666,877.1469404955554,0.9797320231497504,5.153291594497779,-2686.5932928292873,4843.41940281919,3148.514882816864,0.0,180.0,39.8
2021-01-31,53.9,59.5,39.6,1.4,7.8,1.8,3.5,-12.091395173333073,29.6166666,119.0166666,172.0,47.63879597613302,10.606039920474883,23.41632181782623,0.5086709438521044,0.9955168540074409,29.6166666,877.1469404955554,0.9797320231497504,5.153291594497779,-2686.5932928292873,4843.41940281919,3148.514882816864,0.0,180.0,44.8
2021-02-01,51.2,59.5,47.1,1.9,6.8,2.0,3.5,125.77567868344468,29.6166666,119.0166666,172.0,45.34898629991874,10.628668664043454,23.573992426277915,0.5234156073655503,0.9955168540074409,29.6166666,877.1469404955554,0.9797320231497504,5.153291594497779,-2686.5932928292873,4843.41940281919,3148.514882816864,0.0,180.0,49.7
2021-02-02,51.3,62.2,45.3,6.0,8.4,3.6,6.0,12.6,29.6166666,119.0166666,172.0,45.53582490426403,10.651654948365856,23.73431464811522,0.5380051715382996,0.9955168540074409,29.6166666,877.1469404955554,0.9797320231497504,5.153291594497779,-2686.5932928292873,4843.41940281919,3148.514882816864,0.0,180.0,40.5
2021-02-03,52.5,62.2,44.6,4.2,3.4,2.1,2.7,9.9,29.6166666,119.0166666,172.0,46.70307728043888,10.674989092671744,23.89721518502666,0.5524353131676196,0.9955168540074409,29.6166666,877.1469404955554,0.9797320231497504,5.153291594497779,-2686.5932928292873,4843.41940281919,3148.514882816864,0.0,180.0,44.1
2021-02-04,52.6,61.2,45.7,4.3,2.9,5.9,9.7,18.6,29.6166666,119.0166666,172.0,46.8957994396691,10.69866146912603,24.062619360490462,0.5667017562911176,0.9955168540074409,29.6166666,877.1469404955554,0.9797320231497504,5.153291594497779,-2686.5932928292873,4843.41940281919,3148.514882816864,0.0,180.0,39.4
2021-02-05,50.9,57.2,49.5,0.0,1.2,2.3,3.3,18.1,29.6166666,119.0166666,172.0,45.481960152463095,10.722662511386192,24.230451163427766,0.5808002734538009,0.9955168540074409,29.6166666,877.1469404955554,0.9797320231497504,5.153291594497779,-2686.5932928292873,4843.41940281919,3148.514882816864,0.0,180.0,45.8
2021-02-06,55.4,67.6,47.1,0.0,12.1,2.8,5.1,11.1,29.6166666,119.0166666,172.0,49.61523690268197,10.746982722602594,24.400633294148022,0.5947266869607634,0.9955168540074409,29.6166666,877.1469404955554,0.9797320231497504,5.153291594497779,-2686.5932928292873,4843.41940281919,3148.514882816864,0.0,180.0,48.3
2021-02-07,55.7,67.6,46.8,1.7,8.9,3.6,5.4,15.9,29.6166666,119.0166666,172.0,49.99823553627165,10.771612682859242,24.573087212562513,0.6084768701151261,0.9955168540074409,29.6166666,877.1469404955554,0.9797320231497504,5.153291594497779,-2686.5932928292873,4843.41940281919,3148.514882816864,0.0,180.0,47.9
2021-02-08,44.8,64.0,41.5,8.6,5.2,6.0,9.9,20.4,29.6166666,119.0166666,172.0,40.30709407593668,10.79654305605447,24.747733188634406,0.6220467484408675,0.9955168540074409,29.6166666,877.1469404955554,0.9797320231497504,5.153291594497779,-2686.5932928292873,4843.41940281919,3148.514882816864,0.0,180.0,41.1
2021-02-09,46.6,52.3,41.4,5.1,13.9,3.7,8.5,15.3,29.6166666,119.0166666,172.0,42.02451918199932,10.821764596223,24.924490355026467,0.6354323008901774,0.9955168540074409,29.6166666,877.1469404955554,0.9797320231497504,5.153291594497779,-2686.5932928292873,4843.41940281919,3148.514882816864,0.0,180.0,38.9
2021-02-10,48.5,52.3,41.5,2.5,8.4,2.7,4.5,92.04908968803227,29.6166666,119.0166666,172.0,43.84104211959762,10.847268153302503,25.103276761900183,0.6486295610349814,0.9955168540074409,29.6166666,877.1469404955554,0.9797320231497504,5.153291594497779,-2686.5932928292873,4843.41940281919,3148.514882816864,0.0,180.0,44.2
2021-02-13,56.4,68.5,51.8,997.9,10.3,2.4,3.1,-151.2847005089762,29.6166666,119.0166666,172.0,51.34929055740733,10.925380969661134,25.65097689854123,0.6870527672236669,0.9955168540074409,29.6166666,877.1469404955554,0.9797320231497504,5.153291594497779,-2686.5932928292873,4843.41940281919,3148.514882816864,0.0,180.0,50.7
2021-02-14,57.8,68.5,49.3,995.9,9.1,2.2,4.5,16.5,29.6166666,119.0166666,172.0,52.75176333147654,10.95192318300551,25.83704115263909,0.699458327051647,0.9955168540074409,29.6166666,877.1469404955554,0.9797320231497504,5.153291594497779,-2686.5932928292873,4843.41940281919,3148.514882816864,0.0,180.0,51.8
2021-02-15,56.1,70.3,48.7,998.4,5.2,3.8,5.8,15.9,29.6166666,119.0166666,172.0,51.32543776469636,10.978703265175692,26.024710721757476,0.7116566222817746,0.9955168540074409,29.6166666,877.1469404955554,0.9797320231497504,5.153291594497779,-2686.5932928292873,4843.41940281919,3148.514882816864,0.0,180.0,47.3
2021-02-16,50.6,70.3,47.1,0.8,1.6,2.0,2.9,15.3,29.6166666,119.0166666,172.0,46.40742202124855,11.005712732311908,26.213898424705807,0.7236440382959124,0.9955168540074409,29.6166666,877.1469404955554,0.9797320231497504,5.153291594497779,-2686.5932928292873,4843.41940281919,3148.514882816864,0.0,180.0,47.9
2021-02-17,48.5,61.9,39.4,7.3,4.9,4.2,7.4,14.8,29.6166666,119.0166666,172.0,44.59147885499479,11.032943221854381,26.404516436272043,0.7354170229639855,0.9955168540074409,29.6166666,877.1469404955554,0.9797320231497504,5.153291594497779,-2686.5932928292873,4843.41940281919,3148.514882816864,0.0,180.0,37.3
2021-02-18,48.1,61.9,38.3,8.2,12.9,2.6,3.7,46.140111281977624,29.6166666,119.0166666,172.0,44.333715864065276,11.0603864941535,26.59647635674062,0.7469720876965552,0.9955168540074409,29.6166666,877.1469404955554,0.9797320231497504,5.153291594497779,-2686.5932928292873,4843.41940281919,3148.514882816864,0.0,180.0,34.4
2021-02-19,55.7,67.6,38.8,3.1,15.4,3.7,5.8,12.8,29.6166666,119.0166666,172.0,51.46695982935293,11.088034433612838,26.789689282843238,0.7583058084785624,0.9955168540074409,29.6166666,877.1469404955554,0.9797320231497504,5.153291594497779,-2686.5932928292873,4843.41940281919,3148.514882816864,0.0,180.0,36.6
2021-02-21,59.0,76.6,45.3,994.9,16.4,2.7,6.8,-60.31377896640741,29.6166666,119.0166666,172.0,54.79090300501067,11.14391247559539,27.179516455966827,0.7802958510707755,0.9955168540074409,29.6166666,877.1469404955554,0.9797320231497504,5.153291594497779,-2686.5932928292873,4843.41940281919,3148.514882816864,0.0,180.0,44.7
2021-02-22,61.2,76.6,47.1,998.5,11.9,4.4,12.8,25.6,29.6166666,119.0166666,172.0,56.977847553262734,11.172126971227987,27.375951035079623,0.7909456567567772,0.9955168540074409,29.6166666,877.1469404955554,0.9797320231497504,5.153291594497779,-2686.5932928292873,4843.41940281919,3148.514882816864,0.0,180.0,46.5
2021-02-23,54.3,73.2,46.8,0.7,10.4,6.0,8.4,25.6,29.6166666,119.0166666,172.0,50.6823300106942,11.200514919490432,27.573279434122437,0.8013610881746766,0.9955168540074409,29.6166666,877.1469404955554,0.9797320231497504,5.153291594497779,-2686.5932928292873,4843.41940281919,3148.514882816864,0.0,180.0,39.6
2021-02-24,58.5,69.1,45.9,995.8,12.9,4.0,5.8,17.1,29.6166666,119.0166666,172.0,54.74171053100256,11.22906882687232,27.771411338541775,0.8115390590073611,0.9955168540074409,29.6166666,877.1469404955554,0.9797320231497504,5.153291594497779,-2686.5932928292873,4843.41940281919,3148.514882816864,0.0,180.0,42.5
2021-02-25,53.8,69.1,48.4,993.2,7.1,3.5,5.8,13.4,29.6166666,119.0166666,172.0,50.47238625937487,11.257781321793653,27.970256379566486,0.8214765533024142,0.9955168540074409,29.6166666,877.1469404955554,0.9797320231497504,5.153291594497779,-2686.5932928292873,4843.41940281919,3148.514882816864,0.0,180.0,50.3
2021-02-26,48.1,60.3,46.9,998.5,13.4,4.7,6.8,14.6,29.6166666,119.0166666,172.0,45.240635987870455,11.286645152899073,28.16972421186889,0.8311706263658079,0.9955168540074409,29.6166666,877.1469404955554,0.9797320231497504,5.153291594497779,-2686.5932928292873,4843.41940281919,3148.514882816864,0.0,180.0,45.2
2021-02-27,50.2,51.8,46.9,1.0,12.7,4.2,8.5,15.2,29.6166666,119.0166666,172.0,47.33714916565103,11.315653187008213,28.369724591663115,0.8406184056344782,0.9955168540074409,29.6166666,877.1469404955554,0.9797320231497504,5.153291594497779,-2686.5932928292873,4843.41940281919,3148.514882816864,0.0,180.0,45.6
2021-02-28,54.7,60.1,48.4,997.5,11.0,2.8,4.3,11.3,29.6166666,119.0166666,172.0,51.71337273738126,11.34479840673812,28.570167455100897,0.8498170915275278,0.9955168540074409,29.6166666,877.1469404955554,0.9797320231497504,5.153291594497779,-2686.5932928292873,4843.41940281919,3148.514882816864,0.0,180.0,49.6
2021-03-01,50.6,60.1,45.3,0.7,7.9,3.0,5.2,14.0,29.6166666,119.0166666,172.0,47.96067831128098,11.37407390781367,28.770962996823265,0.8587639582758029,0.9955168540074409,29.6166666,877.1469404955554,0.9797320231497504,5.153291594497779,-2686.5932928292873,4843.41940281919,3148.514882816864,0.0,180.0,48.6
2021-03-02,49.1,58.6,43.7,7.5,15.6,4.5,6.0,14.4,29.6166666,119.0166666,172.0,46.65920993313441,11.40347289608173,28.97202174852466,0.8674563547295969,0.9955168540074409,29.6166666,877.1469404955554,0.9797320231497504,5.153291594497779,-2686.5932928292873,4843.41940281919,3148.514882816864,0.0,180.0,31.8
2021-03-03,45.7,58.6,43.5,3.3,5.7,2.1,3.3,14.4,29.6166666,119.0166666,172.0,43.54063190583191,11.432988684244702,29.17325465738484,0.8758917051442429,0.9955168540074409,29.6166666,877.1469404955554,0.9797320231497504,5.153291594497779,-2686.5932928292873,4843.41940281919,3148.514882816864,0.0,180.0,36.5
2021-03-04,52.5,62.4,43.5,0.7,13.1,2.5,4.7,13.6,29.6166666,119.0166666,172.0,50.14893926143873,11.462614688328852,29.37457316422261,0.8840675099433636,0.9955168540074409,29.6166666,877.1469404955554,0.9797320231497504,5.153291594497779,-2686.5932928292873,4843.41940281919,3148.514882816864,0.0,180.0,45.6
2021-03-05,50.2,62.4,45.7,998.4,3.9,4.2,6.2,16.1,29.6166666,119.0166666,172.0,48.07630750665942,11.492344423902649,29.575889281225326,0.8919813464595485,0.9955168540074409,29.6166666,877.1469404955554,0.9797320231497504,5.153291594497779,-2686.5932928292873,4843.41940281919,3148.514882816864,0.0,180.0,48.3
2021-03-06,48.1,53.2,45.3,4.2,9.3,5.7,7.2,19.4,29.6166666,119.0166666,172.0,46.18470410409077,11.522171502060067,29.777115669107808,0.8996308696522433,0.9955168540074409,29.6166666,877.1469404955554,0.9797320231497504,5.153291594497779,-2686.5932928292873,4843.41940281919,3148.514882816864,0.0,180.0,44.6
2021-03-07,45.9,51.4,44.4,6.7,17.9,4.4,5.2,14.2,29.6166666,119.0166666,172.0,44.18674281632706,11.552089625183546,29.97816571355429,0.9070138128026359,0.9955168540074409,29.6166666,877.1469404955554,0.9797320231497504,5.153291594497779,-2686.5932928292873,4843.41940281919,3148.514882816864,0.0,180.0,40.9
2021-03-08,48.3,51.1,44.6,4.0,6.5,3.6,5.2,14.8,29.6166666,119.0166666,172.0,46.61792264456673,11.582092582501051,30.178953600798266,0.9141279881853337,0.9955168540074409,29.6166666,877.1469404955554,0.9797320231497504,5.153291594497779,-2686.5932928292873,4843.41940281919,3148.514882816864,0.0,180.0,45.7
2021-03-09,52.8,58.5,46.6,5.5,11.9,3.8,6.0,14.6,29.6166666,119.0166666,172.0,51.09356667998607,11.61217424545138,30.379394392195525,0.9209712877166346,0.9955168540074409,29.6166666,877.1469404955554,0.9797320231497504,5.153291594497779,-2686.5932928292873,4843.41940281919,3148.514882816864,0.0,180.0,47.7
2021-03-10,53.8,61.7,49.3,4.2,5.3,4.5,5.8,14.6,29.6166666,119.0166666,172.0,52.19643972354088,11.642328562871572,30.57940409764763,0.9275416835791966,0.9955168540074409,29.6166666,877.1469404955554,0.9797320231497504,5.153291594497779,-2686.5932928292873,4843.41940281919,3148.514882816864,0.0,180.0,47.2
2021-03-11,53.5,61.7,50.2,1.5,7.1,2.3,5.2,13.2,29.6166666,119.0166666,172.0,52.04011677058917,11.672549556020002,30.778899747734673,0.9338372288229252,0.9955168540074409,29.6166666,877.1469404955554,0.9797320231497504,5.153291594497779,-2686.5932928292873,4843.41940281919,3148.514882816864,0.0,180.0,52.1
2021-03-12,58.0,69.1,50.0,3.5,13.6,3.4,4.3,14.0,29.6166666,119.0166666,172.0,56.56368468166764,11.702831313448476,30.977799464418574,0.9398560579418954,0.9955168540074409,29.6166666,877.1469404955554,0.9797320231497504,5.153291594497779,-2686.5932928292873,4843.41940281919,3148.514882816864,0.0,180.0,47.3
2021-03-13,54.4,69.1,50.0,1.4,4.7,2.4,3.5,14.0,29.6166666,119.0166666,172.0,53.19036153533791,11.733167985736303,31.176022530180543,0.9455963874271426,0.9955168540074409,29.6166666,877.1469404955554,0.9797320231497504,5.153291594497779,-2686.5932928292873,4843.41940281919,3148.514882816864,0.0,180.0,47.9
2021-03-14,59.8,72.1,50.4,996.8,5.5,2.2,2.9,27.67282486503646,29.6166666,119.0166666,172.0,58.62170967082743,11.76355378009915,31.373489455459705,0.9510565162951535,0.9955168540074409,29.6166666,877.1469404955554,0.9797320231497504,5.153291594497779,-2686.5932928292873,4843.41940281919,3148.514882816864,0.0,180.0,51.2
2021-03-15,66.0,77.9,51.8,992.9,5.0,2.4,3.7,198.13211529509326,29.6166666,119.0166666,172.0,64.86690625186837,11.793982954885157,31.570122044263044,0.9562348265919056,0.9955168540074409,29.6166666,877.1469404955554,0.9797320231497504,5.153291594497779,-2686.5932928292873,4843.41940281919,3148.514882816864,0.0,180.0,58.3
2021-03-16,57.8,77.9,53.1,996.0,7.4,5.7,8.4,20.2,29.6166666,119.0166666,172.0,56.95443327062498,11.824449813970585,31.765843457820456,0.9611297838723007,0.9955168540074409,29.6166666,877.1469404955554,0.9797320231497504,5.153291594497779,-2686.5932928292873,4843.41940281919,3148.514882816864,0.0,180.0,55.9
2021-03-17,52.2,63.7,49.5,997.0,11.5,4.3,5.2,16.5,29.6166666,119.0166666,172.0,51.569026849641624,11.85494870106704,31.9605782761631,0.9657399376548549,0.9955168540074409,29.6166666,877.1469404955554,0.9797320231497504,5.153291594497779,-2686.5932928292873,4843.41940281919,3148.514882816864,0.0,180.0,48.7
2021-03-18,53.1,55.9,49.3,995.5,6.0,3.5,5.6,15.2,29.6166666,119.0166666,172.0,52.59322242323824,11.885473993952143,32.15425255750737,0.9700639218515071,0.9955168540074409,29.6166666,877.1469404955554,0.9797320231497504,5.153291594497779,-2686.5932928292873,4843.41940281919,3148.514882816864,0.0,180.0,50.1
2021-03-19,55.2,59.9,50.0,993.6,9.0,3.0,4.9,15.3,29.6166666,119.0166666,172.0,54.81369245372237,11.916020098635297,32.346793895331814,0.9741004551724205,0.9955168540074409,29.6166666,877.1469404955554,0.9797320231497504,5.153291594497779,-2686.5932928292873,4843.41940281919,3148.514882816864,0.0,180.0,52.0
2021-03-20,50.5,59.9,46.6,998.4,4.4,2.4,4.1,15.0,29.6166666,119.0166666,172.0,50.27519690793653,11.946581443470068,32.538131473039,0.9778483415056568,0.9955168540074409,29.6166666,877.1469404955554,0.9797320231497504,5.153291594497779,-2686.5932928292873,4843.41940281919,3148.514882816864,0.0,180.0,49.0
2021-03-21,49.8,54.5,46.6,6.3,3.2,2.1,3.5,15.0,29.6166666,119.0166666,172.0,49.705182763882114,11.977152473224606,32.72819611610023,0.9813064702716093,0.9955168540074409,29.6166666,877.1469404955554,0.9797320231497504,5.153291594497779,-2686.5932928292873,4843.41940281919,3148.514882816864,0.0,180.0,45.8
2021-03-22,52.4,63.7,42.1,7.0,16.1,2.4,4.3,139.56878117721732,29.6166666,119.0166666,172.0,52.43374404162986,12.00772764312134,32.91692034158607,0.9844738167520922,0.9955168540074409,29.6166666,877.1469404955554,0.9797320231497504,5.153291594497779,-2686.5932928292873,4843.41940281919,3148.514882816864,0.0,180.0,36.1
2021-03-23,57.0,69.3,41.5,999.8,12.8,3.2,5.1,10.5,29.6166666,119.0166666,172.0,57.18193171107171,12.038301412857201,33.10423840499208,0.9873494423939864,0.9955168540074409,29.6166666,877.1469404955554,0.9797320231497504,5.153291594497779,-2686.5932928292873,4843.41940281919,3148.514882816864,0.0,180.0,44.6
2021-03-24,57.5,69.3,46.4,999.2,11.6,3.0,4.5,10.5,29.6166666,119.0166666,172.0,57.82999365294935,12.068868240615517,33.29008634427477,0.989932495087353,0.9955168540074409,29.6166666,877.1469404955554,0.9797320231497504,5.153291594497779,-2686.5932928292873,4843.41940281919,3148.514882816864,0.0,180.0,47.3
2021-03-25,61.8,76.1,47.8,999.9,11.2,3.3,5.2,-11.077395701281489,29.6166666,119.0166666,172.0,62.31202627196568,12.099422577080716,33.47440202101971,0.9922222094179323,0.9955168540074409,29.6166666,877.1469404955554,0.9797320231497504,5.153291594497779,-2686.5932928292873,4843.41940281919,3148.514882816864,0.0,180.0,46.5
2021-03-26,67.1,77.9,50.9,993.0,15.1,2.7,4.9,11.1,29.6166666,119.0166666,172.0,67.82668662251966,12.129958859467004,33.65712515866978,0.994217906893952,0.9955168540074409,29.6166666,877.1469404955554,0.9797320231497504,5.153291594497779,-2686.5932928292873,4843.41940281919,3148.514882816864,0.0,180.0,48.5
2021-03-27,64.1,77.9,58.5,989.6,6.9,3.2,6.0,12.2,29.6166666,119.0166666,172.0,64.9571852922647,12.160471505572177,33.83819737774878,0.995918996147179,0.9955168540074409,29.6166666,877.1469404955554,0.9797320231497504,5.153291594497779,-2686.5932928292873,4843.41940281919,3148.514882816864,0.0,180.0,58.9
2021-03-28,67.1,80.2,58.5,989.4,12.6,2.5,4.9,9.7,29.6166666,119.0166666,172.0,68.16775619316101,12.190954907867843,34.017562228022356,0.9973249731081555,0.9955168540074409,29.6166666,877.1469404955554,0.9797320231497504,5.153291594497779,-2686.5932928292873,4843.41940281919,3148.514882816864,0.0,180.0,58.0
2021-03-29,65.3,80.2,57.6,986.0,3.8,2.5,3.3,-45.96308827079713,29.6166666,119.0166666,172.0,66.50480365205992,12.221403427637352,34.195165217545146,0.9984354211555643,0.9955168540074409,29.6166666,877.1469404955554,0.9797320231497504,5.153291594497779,-2686.5932928292873,4843.41940281919,3148.514882816864,0.0,180.0,62.3
2021-03-30,61.4,72.9,56.5,988.4,6.2,6.6,10.7,21.2,29.6166666,119.0166666,172.0,62.68843494126812,12.251811389172921,34.37095383855057,0.9992500112396835,0.9955168540074409,29.6166666,877.1469404955554,0.9797320231497504,5.153291594497779,-2686.5932928292873,4843.41940281919,3148.514882816864,0.0,180.0,57.0
2021-03-31,61.4,66.4,56.5,986.8,5.9,3.1,4.9,21.2,29.6166666,119.0166666,172.0,62.843785562189446,12.28217307404354,34.5448775901469,0.9997685019798909,0.9955168540074409,29.6166666,877.1469404955554,0.9797320231497504,5.153291594497779,-2686.5932928292873,4843.41940281919,3148.514882816864,0.0,180.0,60.1
2021-04-01,67.8,77.0,56.8,988.7,8.8,3.0,3.9,14.8,29.6166666,119.0166666,172.0,69.56552734226642,12.312482715445384,34.71688799779062,0.9999907397361901,0.9955168540074409,29.6166666,877.1469404955554,0.9797320231497504,5.153291594497779,-2686.5932928292873,4843.41940281919,3148.514882816864,0.0,180.0,64.5
2021-04-02,66.7,77.0,63.5,992.1,6.1,3.3,5.8,11.7,29.6166666,119.0166666,172.0,68.60503255496148,12.342734492646743,34.886938629515555,0.9999166586547379,0.9955168540074409,29.6166666,877.1469404955554,0.9797320231497504,5.153291594497779,-2686.5932928292873,4843.41940281919,3148.514882816864,0.0,180.0,62.8
2021-04-03,59.9,74.8,54.5,997.1,4.4,2.5,3.7,10.1,29.6166666,119.0166666,172.0,61.76150493998499,12.372922525539565,35.05498510890375,0.9995462806873573,0.9955168540074409,29.6166666,877.1469404955554,0.9797320231497504,5.153291594497779,-2686.5932928292873,4843.41940281919,3148.514882816864,0.0,180.0,58.3
2021-04-04,54.9,67.3,50.4,2.9,15.0,2.9,4.7,16.3,29.6166666,119.0166666,172.0,56.74391197709337,12.403040869310027,35.220985124791945,0.9988797155850336,0.9955168540074409,29.6166666,877.1469404955554,0.9797320231497504,5.153291594497779,-2686.5932928292873,4843.41940281919,3148.514882816864,0.0,180.0,47.3
2021-04-05,54.5,60.1,50.4,2.0,18.6,1.9,2.7,16.3,29.6166666,119.0166666,172.0,56.46692093780185,12.433083509240774,35.38489843771437,0.9979171608653922,0.9955168540074409,29.6166666,877.1469404955554,0.9797320231497504,5.153291594497779,-2686.5932928292873,4843.41940281919,3148.514882816864,0.0,180.0,39.2
2021-04-06,64.2,73.4,51.8,0.9,14.2,3.1,3.9,13.4,29.6166666,119.0166666,172.0,66.6772873027686,12.463044355657685,35.546686883090686,0.9966589017541702,0.9955168540074409,29.6166666,877.1469404955554,0.9797320231497504,5.153291594497779,-2686.5932928292873,4843.41940281919,3148.514882816864,0.0,180.0,46.2
2021-04-07,54.3,73.4,48.4,998.9,8.0,6.9,10.7,22.0,29.6166666,119.0166666,172.0,56.53045050663045,12.492917239034353,35.70631437117516,0.9951053111006976,0.9955168540074409,29.6166666,877.1469404955554,0.9797320231497504,5.153291594497779,-2686.5932928292873,4843.41940281919,3148.514882816864,0.0,180.0,44.9
2021-04-08,51.2,62.8,48.4,1.9,4.2,3.4,6.6,17.9,29.6166666,119.0166666,172.0,53.43016919580888,12.522695905267705,35.86374688379029,0.9932568492674143,0.9955168540074409,29.6166666,877.1469404955554,0.9797320231497504,5.153291594497779,-2686.5932928292873,4843.41940281919,3148.514882816864,0.0,180.0,47.0
2021-04-09,59.1,71.8,49.5,3.4,14.9,4.5,10.5,21.0,29.6166666,119.0166666,172.0,61.820442004856986,12.552374011138474,36.01895246787578,0.9911140639934547,0.9955168540074409,29.6166666,877.1469404955554,0.9797320231497504,5.153291594497779,-2686.5932928292873,4843.41940281919,3148.514882816864,0.0,180.0,35.8
2021-04-10,63.0,74.7,49.1,3.3,14.9,5.1,7.6,17.1,29.6166666,119.0166666,172.0,66.05521187984544,12.581945119970563,36.17190122589068,0.9886775902323405,0.9955168540074409,29.6166666,877.1469404955554,0.9797320231497504,5.153291594497779,-2686.5932928292873,4843.41940281919,3148.514882816864,0.0,180.0,41.5
2021-04-11,59.2,74.7,54.3,999.8,3.7,2.4,4.5,17.1,29.6166666,119.0166666,172.0,62.216253307684205,12.611402697503555,36.32256530311353,0.9859481499638304,0.9955168540074409,29.6166666,877.1469404955554,0.9797320231497504,5.153291594497779,-2686.5932928292873,4843.41940281919,3148.514882816864,0.0,180.0,55.6
2021-04-12,61.1,63.9,57.4,996.2,4.3,1.9,3.9,-66.98605252242056,29.6166666,119.0166666,172.0,64.36243504986423,12.640740107992976,36.47091887189238,0.9829265519799822,0.9955168540074409,29.6166666,877.1469404955554,0.9797320231497504,5.153291594497779,-2686.5932928292873,4843.41940281919,3148.514882816864,0.0,180.0,60.2
2021-04-13,61.0,65.3,55.8,998.3,4.2,4.5,8.7,13.8,29.6166666,119.0166666,172.0,64.4055822703116,12.669950610553101,36.616938112902965,0.9796136916454901,0.9955168540074409,29.6166666,877.1469404955554,0.9797320231497504,5.153291594497779,-2686.5932928292873,4843.41940281919,3148.514882816864,0.0,180.0,56.7
2021-04-14,54.5,65.3,52.0,998.5,5.7,5.6,10.1,21.2,29.6166666,119.0166666,172.0,57.67474924073169,12.699027355757437,36.76060119348015,0.9760105506323683,0.9955168540074409,29.6166666,877.1469404955554,0.9797320231497504,5.153291594497779,-2686.5932928292873,4843.41940281919,3148.514882816864,0.0,180.0,49.6
2021-04-15,58.1,64.6,51.4,995.9,6.6,2.6,3.5,14.6,29.6166666,119.0166666,172.0,61.6245560436631,12.727963382512172,36.90188824309372,0.9721181966290613,0.9955168540074409,29.6166666,877.1469404955554,0.9797320231497504,5.153291594497779,-2686.5932928292873,4843.41940281919,3148.514882816864,0.0,180.0,52.9
2021-04-16,62.7,72.3,53.2,997.3,7.5,2.9,3.9,11.1,29.6166666,119.0166666,172.0,66.6540271895147,12.756751615218121,37.04078132604573,0.9679377830240642,0.9955168540074409,29.6166666,877.1469404955554,0.9797320231497504,5.153291594497779,-2686.5932928292873,4843.41940281919,3148.514882816864,0.0,180.0,58.6
2021-04-17,66.1,79.2,54.9,0.6,7.0,4.1,8.5,16.5,29.6166666,119.0166666,172.0,70.42616161064649,12.785384861236883,37.177264411472436,0.9634705485641488,0.9955168540074409,29.6166666,877.1469404955554,0.9797320231497504,5.153291594497779,-2686.5932928292873,4843.41940281919,3148.514882816864,0.0,180.0,50.9
2021-04-18,62.4,79.2,53.6,998.9,9.1,2.9,5.1,16.5,29.6166666,119.0166666,172.0,66.63205020512049,12.813855808677019,37.31132334073924,0.9587178169872964,0.9955168540074409,29.6166666,877.1469404955554,0.9797320231497504,5.153291594497779,-2686.5932928292873,4843.41940281919,3148.514882816864,0.0,180.0,47.3
2021-04-19,68.4,78.6,55.4,995.2,11.7,2.7,4.1,11.5,29.6166666,119.0166666,172.0,73.20029503974258,12.84215702451624,37.44294579232245,0.9536809966304457,0.9955168540074409,29.6166666,877.1469404955554,0.9797320231497504,5.153291594497779,-2686.5932928292873,4843.41940281919,3148.514882816864,0.0,180.0,50.3
2021-04-20,71.6,83.5,61.5,994.0,16.3,3.3,5.2,12.2,29.6166666,119.0166666,172.0,76.79267635335076,12.870280953075547,37.57212124427621,0.9483615800121715,0.9955168540074409,29.6166666,877.1469404955554,0.9797320231497504,5.153291594497779,-2686.5932928292873,4843.41940281919,3148.514882816864,0.0,180.0,48.4
2021-04-21,72.2,83.5,61.0,992.5,15.9,3.2,4.3,12.8,29.6166666,119.0166666,172.0,77.60428982108247,12.898219914861352,37.69884093438801,0.9427611433904207,0.9955168540074409,29.6166666,877.1469404955554,0.9797320231497504,5.153291594497779,-2686.5932928292873,4843.41940281919,3148.514882816864,0.0,180.0,57.2
2021-04-22,66.8,81.7,64.6,991.3,5.8,2.3,4.7,24.852832416542128,29.6166666,119.0166666,172.0,71.95454465557263,12.925966105791494,37.82309781813002,0.9368813462954315,0.9955168540074409,29.6166666,877.1469404955554,0.9797320231497504,5.153291594497779,-2686.5932928292873,4843.41940281919,3148.514882816864,0.0,180.0,63.4
2021-04-23,69.9,78.1,62.8,992.4,10.3,4.9,8.4,16.3,29.6166666,119.0166666,172.0,75.45420505148198,12.953511596820938,37.944886524517685,0.9307239310379795,0.9955168540074409,29.6166666,877.1469404955554,0.9797320231497504,5.153291594497779,-2686.5932928292873,4843.41940281919,3148.514882816864,0.0,180.0,62.5
2021-04-24,69.5,78.1,62.6,994.3,4.9,5.0,8.7,15.5,29.6166666,119.0166666,172.0,75.18074660098378,12.980848333982813,38.06420330999034,0.9242907221930933,0.9955168540074409,29.6166666,877.1469404955554,0.9797320231497504,5.153291594497779,-2686.5932928292873,4843.41940281919,3148.514882816864,0.0,180.0,60.3
2021-04-25,65.8,77.5,62.8,997.3,6.7,4.0,8.0,13.8,29.6166666,119.0166666,172.0,71.32702529474932,13.007968138860058,38.18104601043199,0.9175836260593937,0.9955168540074409,29.6166666,877.1469404955554,0.9797320231497504,5.153291594497779,-2686.5932928292873,4843.41940281919,3148.514882816864,0.0,180.0,62.1
2021-04-26,69.2,76.8,63.3,996.1,12.1,2.6,5.1,10.1,29.6166666,119.0166666,172.0,75.16770829146553,13.034862709502693,38.295413991453195,0.9106046300942162,0.9955168540074409,29.6166666,877.1469404955554,0.9797320231497504,5.153291594497779,-2686.5932928292873,4843.41940281919,3148.514882816864,0.0,180.0,59.8
2021-04-27,64.5,76.8,62.4,996.8,6.5,2.4,4.1,-115.80094827844815,29.6166666,119.0166666,172.0,70.20568946720307,13.061523621805224,38.40730809705714,0.9033558023246845,0.9955168540074409,29.6166666,877.1469404955554,0.9797320231497504,5.153291594497779,-2686.5932928292873,4843.41940281919,3148.514882816864,0.0,180.0,62.8
2021-04-28,66.3,73.0,61.7,996.6,7.6,2.9,4.1,11.3,29.6166666,119.0166666,172.0,72.31088138075374,13.087942331358144,38.51673059681556,0.895839290734909,0.9955168540074409,29.6166666,877.1469404955554,0.9797320231497504,5.153291594497779,-2686.5932928292873,4843.41940281919,3148.514882816864,0.0,180.0,60.6
2021-04-29,69.2,80.8,59.4,991.0,12.6,5.1,12.0,26.2,29.6166666,119.0166666,172.0,75.62470201370454,13.114110175786912,38.62368513168135,0.8880573226294932,0.9955168540074409,29.6166666,877.1469404955554,0.9797320231497504,5.153291594497779,-2686.5932928292873,4843.41940281919,3148.514882816864,0.0,180.0,54.3
2021-04-30,75.7,87.6,59.0,987.9,15.5,4.9,9.9,22.7,29.6166666,119.0166666,172.0,82.89161593196934,13.140018377590913,38.728176658566206,0.8800122039735357,0.9955168540074409,29.6166666,877.1469404955554,0.9797320231497504,5.153291594497779,-2686.5932928292873,4843.41940281919,3148.514882816864,0.0,180.0,58.8
2021-05-01,77.2,88.9,64.6,991.8,15.6,3.5,5.4,12.6,29.6166666,119.0166666,172.0,84.69906677221275,13.165658047494208,38.83021139381254,0.8717063187093218,0.9955168540074409,29.6166666,877.1469404955554,0.9797320231497504,5.153291594497779,-2686.5932928292873,4843.41940281919,3148.514882816864,0.0,180.0,57.9
2021-05-02,70.4,88.9,60.8,996.3,15.6,6.8,14.2,25.4,29.6166666,119.0166666,172.0,77.3873184381367,13.191020188318756,38.92979675568928,0.8631421280499114,0.9955168540074409,29.6166666,877.1469404955554,0.9797320231497504,5.153291594497779,-2686.5932928292873,4843.41940281919,3148.514882816864,0.0,180.0,50.5
2021-05-03,74.6,86.0,60.3,990.3,12.6,3.0,6.6,17.3,29.6166666,119.0166666,172.0,82.16006159787305,13.216095699389768,39.026941306041294,0.854322169749827,0.9955168540074409,29.6166666,877.1469404955554,0.9797320231497504,5.153291594497779,-2686.5932928292873,4843.41940281919,3148.514882816864,0.0,180.0,60.8
2021-05-04,67.0,86.0,60.3,992.3,9.4,3.2,7.0,15.9,29.6166666,119.0166666,172.0,73.92822087993922,13.24087538148165,39.121654691222,0.8452490573530633,0.9955168540074409,29.6166666,877.1469404955554,0.9797320231497504,5.153291594497779,-2686.5932928292873,4843.41940281919,3148.514882816864,0.0,180.0,64.8
2021-05-05,69.3,79.5,59.9,997.2,11.0,2.9,5.1,13.0,29.6166666,119.0166666,172.0,76.60739591684931,13.265349942311568,39.21394758243784,0.8359254794186372,0.9955168540074409,29.6166666,877.1469404955554,0.9797320231497504,5.153291594497779,-2686.5932928292873,4843.41940281919,3148.514882816864,0.0,180.0,55.7
2021-05-06,69.8,80.6,61.9,994.0,7.9,3.2,5.1,28.365087909667754,29.6166666,119.0166666,172.0,77.30064984837702,13.289510002586306,39.303831615632475,0.8263541987239096,0.9955168540074409,29.6166666,877.1469404955554,0.9797320231497504,5.153291594497779,-2686.5932928292873,4843.41940281919,3148.514882816864,0.0,180.0,62.6
2021-05-07,76.3,87.3,65.7,990.8,13.9,3.3,5.8,11.1,29.6166666,119.0166666,172.0,84.65069230240576,13.31334610260641,39.39131933103677,0.8165380514459161,0.9955168540074409,29.6166666,877.1469404955554,0.9797320231497504,5.153291594497779,-2686.5932928292873,4843.41940281919,3148.514882816864,0.0,180.0,67.3
2021-05-08,75.9,87.3,67.6,988.6,8.7,3.4,6.2,12.6,29.6166666,119.0166666,172.0,84.35556808714425,13.33684870942992,39.476424112509484,0.8064799463209448,0.9955168540074409,29.6166666,877.1469404955554,0.9797320231497504,5.153291594497779,-2686.5932928292873,4843.41940281919,3148.514882816864,0.0,180.0,67.3
2021-05-09,77.6,91.9,67.6,987.8,12.8,2.5,4.3,-310.8453176585928,29.6166666,119.0166666,172.0,86.39471985238852,13.360008224596164,39.55916012679056,0.7961828637826158,0.9955168540074409,29.6166666,877.1469404955554,0.9797320231497504,5.153291594497779,-2686.5932928292873,4843.41940281919,3148.514882816864,0.0,180.0,64.0
2021-05-10,78.0,93.9,68.2,986.0,12.6,4.0,12.6,38.7,29.6166666,119.0166666,172.0,86.98829745065238,13.382814992408058,39.63954226278737,0.7856498550787147,0.9955168540074409,29.6166666,877.1469404955554,0.9797320231497504,5.153291594497779,-2686.5932928292873,4843.41940281919,3148.514882816864,0.0,180.0,68.5
2021-05-11,71.8,93.9,68.7,986.9,13.1,3.6,5.4,38.7,29.6166666,119.0166666,172.0,80.20813486413674,13.405259308769374,39.71758607101079,0.7748840413670407,0.9955168540074409,29.6166666,877.1469404955554,0.9797320231497504,5.153291594497779,-2686.5932928292873,4843.41940281919,3148.514882816864,0.0,180.0,69.6
2021-05-12,76.0,84.2,69.3,987.7,13.2,2.5,5.2,10.7,29.6166666,119.0166666,172.0,85.03976572695039,13.427331430571115,39.79330770327516,0.7638886127905428,0.9955168540074409,29.6166666,877.1469404955554,0.9797320231497504,5.153291594497779,-2686.5932928292873,4843.41940281919,3148.514882816864,0.0,180.0,71.3
2021-05-13,77.0,87.1,71.6,988.4,9.8,2.8,4.5,15.2,29.6166666,119.0166666,172.0,86.29788850772148,13.449021585618931,39.86672385277277,0.7526668275320085,0.9955168540074409,29.6166666,877.1469404955554,0.9797320231497504,5.153291594497779,-2686.5932928292873,4843.41940281919,3148.514882816864,0.0,180.0,73.0
2021-05-14,79.5,91.6,71.6,986.3,13.1,2.5,4.7,13.8,29.6166666,119.0166666,172.0,89.24086988797804,13.470319983091024,39.93785169462992,0.7412220108485958,0.9955168540074409,29.6166666,877.1469404955554,0.9797320231497504,5.153291594497779,-2686.5932928292873,4843.41940281919,3148.514882816864,0.0,180.0,74.2
2021-05-15,82.6,92.8,73.9,983.9,14.7,3.2,4.3,20.8,29.6166666,119.0166666,172.0,92.86454247540168,13.491216824513563,40.00670882704752,0.7295575540864875,0.9955168540074409,29.6166666,877.1469404955554,0.9797320231497504,5.153291594497779,-2686.5932928292873,4843.41940281919,3148.514882816864,0.0,180.0,74.6
2021-05-16,72.4,92.8,64.6,988.1,13.9,4.9,9.1,24.7,29.6166666,119.0166666,172.0,81.52060396860263,13.511702315238002,40.07331321312518,0.717676913675962,0.9955168540074409,29.6166666,877.1469404955554,0.9797320231497504,5.153291594497779,-2686.5932928292873,4843.41940281919,3148.514882816864,0.0,180.0,69.7
2021-05-17,65.9,78.4,63.7,992.6,11.0,3.3,4.3,11.1,29.6166666,119.0166666,172.0,74.31195199790804,13.53176667640207,40.1376831234634,0.705583610107178,0.9955168540074409,29.6166666,877.1469404955554,0.9797320231497504,5.153291594497779,-2686.5932928292873,4843.41940281919,3148.514882816864,0.0,180.0,63.0
2021-05-18,66.6,70.0,63.7,991.3,5.0,2.8,4.7,10.9,29.6166666,119.0166666,172.0,75.210270873312,13.551400157353514,40.19983707963393,0.6932812268869777,0.9955168540074409,29.6166666,877.1469404955554,0.9797320231497504,5.153291594497779,-2686.5932928292873,4843.41940281919,3148.514882816864,0.0,180.0,63.3
2021-05-19,66.7,69.3,65.3,987.2,2.9,3.9,5.8,11.7,29.6166666,119.0166666,172.0,75.4298796946511,13.570593048512942,40.25979379860361,0.6807734094770161,0.9955168540074409,29.6166666,877.1469404955554,0.9797320231497504,5.153291594497779,-2686.5932928292873,4843.41940281919,3148.514882816864,0.0,180.0,66.1
2021-05-20,71.5,78.1,65.8,988.9,13.8,4.2,6.4,12.0,29.6166666,119.0166666,172.0,80.96979184728552,13.589335694649318,40.317572138192425,0.6680638642135335,0.9955168540074409,29.6166666,877.1469404955554,0.9797320231497504,5.153291594497779,-2686.5932928292873,4843.41940281919,3148.514882816864,0.0,180.0,66.8
2021-05-21,71.8,78.1,65.7,989.5,11.9,4.0,8.0,12.0,29.6166666,119.0166666,172.0,81.4189174094248,13.607618508538964,40.37319104364105,0.6551563572090853,0.9955168540074409,29.6166666,877.1469404955554,0.9797320231497504,5.153291594497779,-2686.5932928292873,4843.41940281919,3148.514882816864,0.0,180.0,65.9
2021-05-22,68.7,77.7,64.2,988.7,16.5,3.5,4.7,14.4,29.6166666,119.0166666,172.0,78.0055981139885,13.625431984976156,40.42666949535914,0.6420547132365637,0.9955168540074409,29.6166666,877.1469404955554,0.9797320231497504,5.153291594497779,-2686.5932928292873,4843.41940281919,3148.514882816864,0.0,180.0,65.4
2021-05-23,67.5,72.5,65.3,989.6,7.1,2.1,2.9,-38.25329100747053,29.6166666,119.0166666,172.0,76.74056277244107,13.642766715100633,40.47802645791945,0.6287628145958344,0.9955168540074409,29.6166666,877.1469404955554,0.9797320231497504,5.153291594497779,-2686.5932928292873,4843.41940281919,3148.514882816864,0.0,180.0,67.3
2021-05-24,74.8,82.9,65.8,992.9,9.4,2.7,4.3,9.7,29.6166666,119.0166666,172.0,85.14492353292997,13.659613401004808,40.5272808303585,0.6152845999633276,0.9955168540074409,29.6166666,877.1469404955554,0.9797320231497504,5.153291594497779,-2686.5932928292873,4843.41940281919,3148.514882816864,0.0,180.0,67.3
2021-05-25,78.1,87.8,69.1,990.3,7.5,3.3,5.1,14.0,29.6166666,119.0166666,172.0,89.00772501602994,13.675962870580786,40.57445139783963,0.6016240632249226,0.9955168540074409,29.6166666,877.1469404955554,0.9797320231497504,5.153291594497779,-2686.5932928292873,4843.41940281919,3148.514882816864,0.0,180.0,68.7
2021-05-26,72.2,87.8,69.6,985.5,6.3,3.6,5.6,30.5,29.6166666,119.0166666,172.0,82.37903332359852,13.691806092564851,40.619556784728346,0.5877852522924732,0.9955168540074409,29.6166666,877.1469404955554,0.9797320231497504,5.153291594497779,-2686.5932928292873,4843.41940281919,3148.514882816864,0.0,180.0,70.7
2021-05-27,76.1,83.1,69.6,988.1,17.9,2.6,3.9,11.5,29.6166666,119.0166666,172.0,86.9260759992515,13.707134191734795,40.6626154091261,0.5737722679043246,0.9955168540074409,29.6166666,877.1469404955554,0.9797320231497504,5.153291594497779,-2686.5932928292873,4843.41940281919,3148.514882816864,0.0,180.0,69.5
2021-05-28,73.8,83.1,69.8,989.3,17.2,3.4,5.1,17.3,29.6166666,119.0166666,172.0,84.38992155491108,13.721938464213185,40.70364543890281,0.5595892624101765,0.9955168540074409,29.6166666,877.1469404955554,0.9797320231497504,5.153291594497779,-2686.5932928292873,4843.41940281919,3148.514882816864,0.0,180.0,68.2
2021-05-29,75.6,84.0,69.4,987.2,17.2,3.3,5.4,10.9,29.6166666,119.0166666,172.0,86.53812547481427,13.736210392827662,40.74266474926426,0.545240438540651,0.9955168540074409,29.6166666,877.1469404955554,0.9797320231497504,5.153291594497779,-2686.5932928292873,4843.41940281919,3148.514882816864,0.0,180.0,67.5
2021-05-30,78.3,85.6,69.8,986.4,15.9,3.8,6.0,11.8,29.6166666,119.0166666,172.0,89.71836934766597,13.749941662477543,40.77969088188579,0.5307300481619334,0.9955168540074409,29.6166666,877.1469404955554,0.9797320231497504,5.153291594497779,-2686.5932928292873,4843.41940281919,3148.514882816864,0.0,180.0,68.5
2021-05-31,80.9,90.0,69.8,986.5,16.6,3.9,5.4,12.2,29.6166666,119.0166666,172.0,92.78639548285506,13.763124175454395,40.81474100563907,0.5160623910158528,0.9955168540074409,29.6166666,877.1469404955554,0.9797320231497504,5.153291594497779,-2686.5932928292873,4843.41940281919,3148.514882816864,0.0,180.0,63.7
2021-06-01,74.6,90.0,73.4,987.6,15.5,3.2,7.8,12.6,29.6166666,119.0166666,172.0,85.63924624775368,13.775750066662791,40.84783187893495,0.5012418134457758,0.9955168540074409,29.6166666,877.1469404955554,0.9797320231497504,5.153291594497779,-2686.5932928292873,4843.41940281919,3148.514882816864,0.0,180.0,67.5
2021-06-02,78.8,84.2,73.4,985.8,11.0,2.4,3.9,-71.29377010909568,29.6166666,119.0166666,172.0,90.53996361937422,13.78781171868643,40.878979813700795,0.48627270710868997,0.9955168540074409,29.6166666,877.1469404955554,0.9797320231497504,5.153291594497779,-2686.5932928292873,4843.41940281919,3148.514882816864,0.0,180.0,74.8
2021-06-03,72.0,84.2,64.4,986.2,9.8,2.8,3.9,17.9,29.6166666,119.0166666,172.0,82.79581065986352,13.799301776643919,40.90820064100771,0.4711595076738638,0.9955168540074409,29.6166666,877.1469404955554,0.9797320231497504,5.153291594497779,-2686.5932928292873,4843.41940281919,3148.514882816864,0.0,180.0,69.7
2021-06-04,70.1,78.1,64.4,987.6,11.2,3.0,5.6,11.3,29.6166666,119.0166666,172.0,80.67466189256095,13.81021316277791,40.935509678358635,0.4559066935084588,0.9955168540074409,29.6166666,877.1469404955554,0.9797320231497504,5.153291594497779,-2686.5932928292873,4843.41940281919,3148.514882816864,0.0,180.0,65.0
2021-06-05,74.8,87.3,65.3,985.5,15.7,2.6,4.5,10.7,29.6166666,119.0166666,172.0,86.14802699882871,13.820539090721185,40.96092169864582,0.440518784350495,0.9955168540074409,29.6166666,877.1469404955554,0.9797320231497504,5.153291594497779,-2686.5932928292873,4843.41940281919,3148.514882816864,0.0,180.0,61.0
2021-06-06,78.3,91.2,65.3,988.3,14.2,3.3,4.7,220.2351347390838,29.6166666,119.0166666,172.0,90.24253184297523,13.830273079383176,40.98445090078289,0.42500033996955416,0.9955168540074409,29.6166666,877.1469404955554,0.9797320231497504,5.153291594497779,-2686.5932928292873,4843.41940281919,3148.514882816864,0.0,180.0,65.6
2021-06-07,78.1,91.2,67.8,990.2,15.4,2.7,3.3,78.59400956906295,29.6166666,119.0166666,172.0,90.07148668965985,13.839408966401002,41.00611088201389,0.4093559588156213,0.9955168540074409,29.6166666,877.1469404955554,0.9797320231497504,5.153291594497779,-2686.5932928292873,4843.41940281919,3148.514882816864,0.0,180.0,65.6
2021-06-08,80.6,90.9,68.4,989.4,16.4,2.8,4.5,-28.207947247437367,29.6166666,119.0166666,172.0,93.01200318672005,13.84794092109976,41.02591461189973,0.39359027665646673,0.9955168540074409,29.6166666,877.1469404955554,0.9797320231497504,5.153291594497779,-2686.5932928292873,4843.41940281919,3148.514882816864,0.0,180.0,71.6
2021-06-09,81.9,92.3,72.7,987.9,15.2,3.7,8.9,15.9,29.6166666,119.0166666,172.0,94.56626809339645,13.855863456907905,41.04387440798006,0.3777079652039649,0.9955168540074409,29.6166666,877.1469404955554,0.9797320231497504,5.153291594497779,-2686.5932928292873,4843.41940281919,3148.514882816864,0.0,180.0,74.4
2021-06-10,74.8,92.3,74.1,988.0,7.2,2.0,3.9,10.3,29.6166666,119.0166666,172.0,86.41376866245812,13.863171443175101,41.06000191310689,0.36171373072976765,0.9955168540074409,29.6166666,877.1469404955554,0.9797320231497504,5.153291594497779,-2686.5932928292873,4843.41940281919,3148.514882816864,0.0,180.0,74.3
2021-06-11,80.1,87.4,73.9,990.1,11.8,2.9,4.1,9.7,29.6166666,119.0166666,172.0,92.58131627658037,13.869860116341629,41.074308074445014,0.3456123126707335,0.9955168540074409,29.6166666,877.1469404955554,0.9797320231497504,5.153291594497779,-2686.5932928292873,4843.41940281919,3148.514882816864,0.0,180.0,75.2
2021-06-12,79.7,88.9,75.2,990.5,6.4,2.4,3.7,9.7,29.6166666,119.0166666,172.0,92.15926914214374,13.8759250904106,41.08680312413291,0.3294084822245304,0.9955168540074409,29.6166666,877.1469404955554,0.9797320231497504,5.153291594497779,-2686.5932928292873,4843.41940281919,3148.514882816864,0.0,180.0,76.4
2021-06-13,78.3,88.9,76.1,987.5,6.8,1.6,2.5,-131.20422114538076,29.6166666,119.0166666,172.0,90.57588944256597,13.881362366676777,41.097496561597154,0.3131070409358269,0.9955168540074409,29.6166666,877.1469404955554,0.9797320231497504,5.153291594497779,-2686.5932928292873,4843.41940281919,3148.514882816864,0.0,180.0,77.1
2021-06-14,85.0,95.0,77.2,982.3,16.1,2.8,5.1,15.7,29.6166666,119.0166666,172.0,98.36035909390179,13.886168342668487,41.10639713751254,0.29671281927349075,0.9955168540074409,29.6166666,877.1469404955554,0.9797320231497504,5.153291594497779,-2686.5932928292873,4843.41940281919,3148.514882816864,0.0,180.0,78.1
2021-06-15,84.9,95.0,78.4,980.8,17.6,3.5,10.1,19.6,29.6166666,119.0166666,172.0,98.27415422835602,13.890339820262335,41.113512839400144,0.28023067519921585,0.9955168540074409,29.6166666,877.1469404955554,0.9797320231497504,5.153291594497779,-2686.5932928292873,4843.41940281919,3148.514882816864,0.0,180.0,77.8
2021-06-16,85.8,95.5,79.7,983.5,13.9,3.6,6.4,16.7,29.6166666,119.0166666,172.0,99.34119919247618,13.89387401293373,41.11885087885527,0.26366549272800704,0.9955168540074409,29.6166666,877.1469404955554,0.9797320231497504,5.153291594497779,-2686.5932928292873,4843.41940281919,3148.514882816864,0.0,180.0,78.4
2021-06-17,85.6,95.5,79.5,983.9,11.5,4.1,8.5,15.7,29.6166666,119.0166666,172.0,99.1302823383845,13.896768552109979,41.12241768039742,0.24702218048093552,0.9955168540074409,29.6166666,877.1469404955554,0.9797320231497504,5.153291594497779,-2686.5932928292873,4843.41940281919,3148.514882816864,0.0,180.0,79.5
2021-06-18,81.8,94.5,78.3,983.1,13.5,2.6,5.2,18.8,29.6166666,119.0166666,172.0,94.74499650786676,13.89902149259659,41.12421887193506,0.23030567023061221,0.9955168540074409,29.6166666,877.1469404955554,0.9797320231497504,5.153291594497779,-2686.5932928292873,4843.41940281919,3148.514882816864,0.0,180.0,79.1
2021-06-19,71.5,88.7,69.4,982.8,13.4,4.2,7.0,23.3,29.6166666,119.0166666,172.0,82.82459493076547,13.900631317051547,41.12425927683839,0.21352091543979612,0.9955168540074409,29.6166666,877.1469404955554,0.9797320231497504,5.153291594497779,-2686.5932928292873,4843.41940281919,3148.514882816864,0.0,180.0,69.6
2021-06-20,71.7,76.8,68.9,983.4,9.5,3.7,5.2,10.5,29.6166666,119.0166666,172.0,83.06204171343275,13.901596939486652,41.122542907613884,0.19667288979357647,0.9955168540074409,29.6166666,877.1469404955554,0.9797320231497504,5.153291594497779,-2686.5932928292873,4843.41940281919,3148.514882816864,0.0,180.0,70.2
2021-06-21,72.9,77.2,68.9,985.2,10.2,2.6,3.5,16.364548890623553,29.6166666,119.0166666,172.0,84.45415007476069,13.901917707779537,41.11907296117594,0.1797665857255624,0.9955168540074409,29.6166666,877.1469404955554,0.9797320231497504,5.153291594497779,-2686.5932928292873,4843.41940281919,3148.514882816864,0.0,180.0,70.3
2021-06-22,76.1,83.5,68.2,988.3,11.1,4.1,6.2,14.4,29.6166666,119.0166666,172.0,88.15927151121171,13.901593405184503,41.11385181571118,0.16280701293851715,0.9955168540074409,29.6166666,877.1469404955554,0.9797320231497504,5.153291594497779,-2686.5932928292873,4843.41940281919,3148.514882816864,0.0,180.0,67.4
2021-06-23,80.5,90.0,67.8,989.5,17.2,3.6,6.6,13.2,29.6166666,119.0166666,172.0,93.25002101601864,13.900624250835076,41.106881029132616,0.1457991969198751,0.9955168540074409,29.6166666,877.1469404955554,0.9797320231497504,5.153291594497779,-2686.5932928292873,4843.41940281919,3148.514882816864,0.0,180.0,62.4
2021-06-24,82.2,90.3,72.5,988.0,17.3,3.0,6.6,11.5,29.6166666,119.0166666,172.0,95.20822465976602,13.899010899235915,41.09816133912183,0.12874817745258132,0.9955168540074409,29.6166666,877.1469404955554,0.9797320231497504,5.153291594497779,-2686.5932928292873,4843.41940281919,3148.514882816864,0.0,180.0,65.6
2021-06-25,81.7,90.3,75.4,985.9,15.3,2.6,4.3,-72.32537856292194,29.6166666,119.0166666,172.0,94.61373647046553,13.896754438746466,41.08769266475866,0.11165900712169512,0.9955168540074409,29.6166666,877.1469404955554,0.9797320231497504,5.153291594497779,-2686.5932928292873,4843.41940281919,3148.514882816864,0.0,180.0,69.4
2021-06-26,78.3,88.9,76.5,985.2,3.3,2.0,3.1,22.89951613021896,29.6166666,119.0166666,172.0,90.65741293863928,13.893856389063492,41.07547410973857,0.09453674981719912,0.9955168540074409,29.6166666,877.1469404955554,0.9797320231497504,5.153291594497779,-2686.5932928292873,4843.41940281919,3148.514882816864,0.0,180.0,75.8
2021-06-27,76.2,81.7,75.0,983.2,6.0,2.1,3.9,118.48354377828005,29.6166666,119.0166666,172.0,88.2035237304861,13.890318697714346,41.061503967179824,0.07738647923346301,0.9955168540074409,29.6166666,877.1469404955554,0.9797320231497504,5.153291594497779,-2686.5932928292873,4843.41940281919,3148.514882816864,0.0,180.0,76.0
2021-06-28,78.1,81.5,75.0,983.0,7.9,2.7,4.3,9.9,29.6166666,119.0166666,172.0,90.37565214571639,13.886143735577422,41.045779726022644,0.06021327736579302,0.9955168540074409,29.6166666,877.1469404955554,0.9797320231497504,5.153291594497779,-2686.5932928292873,4843.41940281919,3148.514882816864,0.0,180.0,76.8
2021-06-29,83.5,91.9,75.7,983.2,9.5,3.2,4.9,11.3,29.6166666,119.0166666,172.0,96.59095111134452,13.88133429145071,41.028298079024445,0.04302223300453059,0.9955168540074409,29.6166666,877.1469404955554,0.9797320231497504,5.153291594497779,-2686.5932928292873,4843.41940281919,3148.514882816864,0.0,180.0,75.8
2021-06-30,76.8,91.9,75.6,983.9,12.4,2.4,3.5,46.92819703542176,29.6166666,119.0166666,172.0,88.8057188204396,13.875893565693685,41.00905493235515,0.02581844022713308,0.9955168540074409,29.6166666,877.1469404955554,0.9797320231497504,5.153291594497779,-2686.5932928292873,4843.41940281919,3148.514882816864,0.0,180.0,76.0
2021-07-01,76.7,79.3,75.0,984.3,8.5,2.6,4.7,50.193721152515494,29.6166666,119.0166666,172.0,88.65129916666248,13.869825162971965,40.988045416798016,0.008606996888688698,0.9955168540074409,29.6166666,877.1469404955554,0.9797320231497504,5.153291594497779,-2686.5932928292873,4843.41940281919,3148.514882816864,0.0,180.0,76.1
2021-07-02,77.4,79.3,75.0,984.0,3.4,1.7,2.9,21.478388052340318,29.6166666,119.0166666,172.0,89.41720839268982,13.863133084137955,40.96526390056136,-0.008606996888688009,0.9955168540074409,29.6166666,877.1469404955554,0.9797320231497504,5.153291594497779,-2686.5932928292873,4843.41940281919,3148.514882816864,0.0,180.0,77.2
2021-07-03,81.1,91.4,75.9,984.5,8.5,2.6,5.8,19.2,29.6166666,119.0166666,172.0,93.64226177264776,13.855821717284503,40.94070400370693,-0.02581844022713239,0.9955168540074409,29.6166666,877.1469404955554,0.9797320231497504,5.153291594497779,-2686.5932928292873,4843.41940281919,3148.514882816864,0.0,180.0,78.8
2021-07-04,83.4,94.6,78.4,987.0,14.9,2.2,4.7,21.2,29.6166666,119.0166666,172.0,96.24287600468274,13.847895828011904,40.91435861420089,-0.04302223300453034,0.9955168540074409,29.6166666,877.1469404955554,0.9797320231497504,5.153291594497779,-2686.5932928292873,4843.41940281919,3148.514882816864,0.0,180.0,78.5
2021-07-05,83.8,95.9,78.6,987.3,13.7,2.8,3.9,23.9,29.6166666,119.0166666,172.0,96.64486783351282,13.839360548951717,40.886219905593144,-0.060213277365792774,0.9955168540074409,29.6166666,877.1469404955554,0.9797320231497504,5.153291594497779,-2686.5932928292873,4843.41940281919,3148.514882816864,0.0,180.0,79.2
2021-07-06,87.2,95.9,78.4,986.7,18.2,3.4,6.2,13.0,29.6166666,119.0166666,172.0,100.49960861178077,13.830221368593683,40.85627935632976,-0.07738647923346322,0.9955168540074409,29.6166666,877.1469404955554,0.9797320231497504,5.153291594497779,-2686.5932928292873,4843.41940281919,3148.514882816864,0.0,180.0,76.6
2021-07-07,83.3,95.0,79.9,988.8,15.9,3.2,5.4,28.4,29.6166666,119.0166666,172.0,95.9371939292824,13.820484119464453,40.82452777070335,-0.09453674981719933,0.9955168540074409,29.6166666,877.1469404955554,0.9797320231497504,5.153291594497779,-2686.5932928292873,4843.41940281919,3148.514882816864,0.0,180.0,79.1
2021-07-08,84.4,95.0,75.2,988.8,17.6,6.6,14.2,22.9,29.6166666,119.0166666,172.0,97.13142325882056,13.810154965709083,40.790955301444654,-0.11165900712169444,0.9955168540074409,29.6166666,877.1469404955554,0.9797320231497504,5.153291594497779,-2686.5932928292873,4843.41940281919,3148.514882816864,0.0,180.0,75.9
2021-07-09,78.1,95.0,75.2,989.4,12.2,3.8,12.6,23.1,29.6166666,119.0166666,172.0,89.81005620574904,13.799240390127894,40.7555514739571,-0.12874817745258066,0.9955168540074409,29.6166666,877.1469404955554,0.9797320231497504,5.153291594497779,-2686.5932928292873,4843.41940281919,3148.514882816864,0.0,180.0,77.0
2021-07-10,81.9,88.9,73.6,989.6,12.8,1.6,2.7,24.7,29.6166666,119.0166666,172.0,94.10137450843389,13.787747180722913,40.71830521219528,-0.14579919691987442,0.9955168540074409,29.6166666,877.1469404955554,0.9797320231497504,5.153291594497779,-2686.5932928292873,4843.41940281919,3148.514882816864,0.0,180.0,78.9
2021-07-11,86.6,95.5,76.1,989.1,7.9,2.7,4.1,170.58920715660102,29.6166666,119.0166666,172.0,99.41450810797238,13.775682416809106,40.67920486618539,-0.16280701293851646,0.9955168540074409,29.6166666,877.1469404955554,0.9797320231497504,5.153291594497779,-2686.5932928292873,4843.41940281919,3148.514882816864,0.0,180.0,80.9
2021-07-12,87.9,98.6,80.2,986.6,13.8,2.6,4.5,10.3,29.6166666,119.0166666,172.0,100.81436655601725,13.76305345474638,40.63823824118428,-0.17976658572556214,0.9955168540074409,29.6166666,877.1469404955554,0.9797320231497504,5.153291594497779,-2686.5932928292873,4843.41940281919,3148.514882816864,0.0,180.0,78.2
2021-07-13,88.2,98.6,80.4,986.0,15.7,2.8,4.3,12.8,29.6166666,119.0166666,172.0,101.06152916311385,13.749867913348822,40.59539262847085,-0.19667288979357622,0.9955168540074409,29.6166666,877.1469404955554,0.9797320231497504,5.153291594497779,-2686.5932928292873,4843.41940281919,3148.514882816864,0.0,180.0,78.6
2021-07-14,89.6,97.7,80.6,987.5,14.3,2.7,3.9,174.25441766578092,29.6166666,119.0166666,172.0,102.56313132073956,13.736133659027619,40.55065483776068,-0.2135209154397959,0.9955168540074409,29.6166666,877.1469404955554,0.9797320231497504,5.153291594497779,-2686.5932928292873,4843.41940281919,3148.514882816864,0.0,180.0,78.5
2021-07-15,87.7,97.7,81.7,989.2,17.5,3.6,5.8,13.2,29.6166666,119.0166666,172.0,100.28391799554079,13.721858790723939,40.50401123123225,-0.23030567023061196,0.9955168540074409,29.6166666,877.1469404955554,0.9797320231497504,5.153291594497779,-2686.5932928292873,4843.41940281919,3148.514882816864,0.0,180.0,76.0
2021-07-16,87.9,96.6,81.5,988.3,18.1,3.8,4.7,13.6,29.6166666,119.0166666,172.0,100.40415315083574,13.707051624687471,40.455447759149095,-0.24702218048093527,0.9955168540074409,29.6166666,877.1469404955554,0.9797320231497504,5.153291594497779,-2686.5932928292873,4843.41940281919,3148.514882816864,0.0,180.0,74.5
2021-07-17,83.5,96.6,74.7,986.2,18.6,3.4,4.5,34.4,29.6166666,119.0166666,172.0,95.27155639245674,13.69172067915546,40.40494999705923,-0.2636654927280072,0.9955168540074409,29.6166666,877.1469404955554,0.9797320231497504,5.153291594497779,-2686.5932928292873,4843.41940281919,3148.514882816864,0.0,180.0,73.7
2021-07-18,82.4,91.6,74.7,986.2,16.9,2.4,3.1,34.4,29.6166666,119.0166666,172.0,93.90767265837061,13.67587465898601,40.352503184549306,-0.2802306751992161,0.9955168540074409,29.6166666,877.1469404955554,0.9797320231497504,5.153291594497779,-2686.5932928292873,4843.41940281919,3148.514882816864,0.0,180.0,74.9
2021-07-19,83.5,90.0,79.2,987.5,16.4,3.1,5.1,11.3,29.6166666,119.0166666,172.0,95.04751031373974,13.659522440297927,40.298092265526755,-0.2967128192734901,0.9955168540074409,29.6166666,877.1469404955554,0.9797320231497504,5.153291594497779,-2686.5932928292873,4843.41940281919,3148.514882816864,0.0,180.0,72.5
2021-07-20,84.4,94.1,79.0,988.1,18.1,3.7,5.2,15.2,29.6166666,119.0166666,172.0,95.95346715468119,13.64267305516794,40.24170192999929,-0.3131070409358267,0.9955168540074409,29.6166666,877.1469404955554,0.9797320231497504,5.153291594497779,-2686.5932928292873,4843.41940281919,3148.514882816864,0.0,180.0,74.0
2021-07-21,84.3,94.1,77.0,987.2,18.2,4.6,5.4,15.5,29.6166666,119.0166666,172.0,95.71798312694929,13.625335676434064,40.18331665731662,-0.3294084822245302,0.9955168540074409,29.6166666,877.1469404955554,0.9797320231497504,5.153291594497779,-2686.5932928292873,4843.41940281919,3148.514882816864,0.0,180.0,69.7
2021-07-22,81.8,92.5,76.8,984.5,18.1,6.2,9.5,16.3,29.6166666,119.0166666,172.0,92.75792529141165,13.607519602652076,40.122920760834965,-0.3456123126707333,0.9955168540074409,29.6166666,877.1469404955554,0.9797320231497504,5.153291594497779,-2686.5932928292873,4843.41940281919,3148.514882816864,0.0,180.0,73.2
2021-07-23,79.6,88.2,75.6,983.0,10.6,5.7,9.5,28.0,29.6166666,119.0166666,172.0,90.14192048022295,13.589234243249692,40.060498433960284,-0.3617137307297674,0.9955168540074409,29.6166666,877.1469404955554,0.9797320231497504,5.153291594497779,-2686.5932928292873,4843.41940281919,3148.514882816864,0.0,180.0,73.2
2021-07-24,76.7,86.7,75.2,980.5,14.2,3.5,5.6,17.1,29.6166666,119.0166666,172.0,86.7380428558938,13.570489103920803,39.996033797521285,-0.37770796520396466,0.9955168540074409,29.6166666,877.1469404955554,0.9797320231497504,5.153291594497779,-2686.5932928292873,4843.41940281919,3148.514882816864,0.0,180.0,74.1
2021-07-25,79.6,81.7,75.9,975.2,18.5,11.3,14.8,27.6,29.6166666,119.0166666,172.0,89.8902486895872,13.551293772299578,39.92951094841907,-0.39359027665646645,0.9955168540074409,29.6166666,877.1469404955554,0.9797320231497504,5.153291594497779,-2686.5932928292873,4843.41940281919,3148.514882816864,0.0,180.0,73.5
2021-07-26,78.8,81.7,76.5,972.1,16.2,9.9,12.4,27.0,29.6166666,119.0166666,172.0,88.85788690261631,13.531657903951723,39.86091400949506,-0.4093559588156211,0.9955168540074409,29.6166666,877.1469404955554,0.9797320231497504,5.153291594497779,-2686.5932928292873,4843.41940281919,3148.514882816864,0.0,180.0,75.4
2021-07-27,79.2,81.1,76.5,973.1,9.6,4.3,8.4,23.3,29.6166666,119.0166666,172.0,89.17650197753541,13.511591208717487,39.790227180554076,-0.42500033996955394,0.9955168540074409,29.6166666,877.1469404955554,0.9797320231497504,5.153291594497779,-2686.5932928292873,4843.41940281919,3148.514882816864,0.0,180.0,77.0
2021-07-28,83.2,91.6,77.5,976.4,12.6,3.6,5.8,17.3,29.6166666,119.0166666,172.0,93.53831716623921,13.491103437438348,39.717434790475366,-0.4405187843504952,0.9955168540074409,29.6166666,877.1469404955554,0.9797320231497504,5.153291594497779,-2686.5932928292873,4843.41940281919,3148.514882816864,0.0,180.0,76.9
2021-07-29,85.7,94.1,79.0,979.6,17.3,3.6,7.4,17.7,29.6166666,119.0166666,172.0,96.19970953596423,13.470204369096509,39.64252135033871,-0.455906693508459,0.9955168540074409,29.6166666,877.1469404955554,0.9797320231497504,5.153291594497779,-2686.5932928292873,4843.41940281919,3148.514882816864,0.0,180.0,76.9
2021-07-30,81.7,94.1,77.7,980.5,13.6,4.4,9.9,18.3,29.6166666,119.0166666,172.0,91.56462002739663,13.44890379839363,39.56547160748898,-0.47115950767386394,0.9955168540074409,29.6166666,877.1469404955554,0.9797320231497504,5.153291594497779,-2686.5932928292873,4843.41940281919,3148.514882816864,0.0,180.0,76.4
2021-07-31,82.4,91.9,77.7,979.5,12.4,3.5,5.4,14.8,29.6166666,119.0166666,172.0,92.20018579670811,13.427211523792444,39.48627060045749,-0.4862727071086902,0.9955168540074409,29.6166666,877.1469404955554,0.9797320231497504,5.153291594497779,-2686.5932928292873,4843.41940281919,3148.514882816864,0.0,180.0,76.3
2021-08-01,83.2,91.8,77.4,979.2,9.6,3.4,7.2,17.9,29.6166666,119.0166666,172.0,92.942285529892,13.405137336042115,39.40490371465437,-0.5012418134457756,0.9955168540074409,29.6166666,877.1469404955554,0.9797320231497504,5.153291594497779,-2686.5932928292873,4843.41940281919,3148.514882816864,0.0,180.0,76.3
2021-08-02,86.5,95.0,77.0,981.0,16.8,5.0,7.4,15.0,29.6166666,119.0166666,172.0,96.46689767694069,13.382691007205645,39.321356738741954,-0.5160623910158526,0.9955168540074409,29.6166666,877.1469404955554,0.9797320231497504,5.153291594497779,-2686.5932928292873,4843.41940281919,3148.514882816864,0.0,180.0,74.3
2021-08-03,83.1,95.0,80.6,982.6,16.3,5.2,7.6,17.5,29.6166666,119.0166666,172.0,92.51718479041845,13.35988228020483,39.23561592159482,-0.5307300481619331,0.9955168540074409,29.6166666,877.1469404955554,0.9797320231497504,5.153291594497779,-2686.5932928292873,4843.41940281919,3148.514882816864,0.0,180.0,76.2
2021-08-04,82.3,88.7,79.0,982.4,16.3,5.8,8.5,20.2,29.6166666,119.0166666,172.0,91.46767722392688,13.33672085889578,39.14766802974865,-0.5452404385406507,0.9955168540074409,29.6166666,877.1469404955554,0.9797320231497504,5.153291594497779,-2686.5932928292873,4843.41940281919,3148.514882816864,0.0,180.0,76.6
2021-08-05,84.3,90.7,78.3,981.1,17.6,4.5,6.0,14.2,29.6166666,119.0166666,172.0,93.52534520076593,13.313216398685542,39.0575004052363,-0.5595892624101763,0.9955168540074409,29.6166666,877.1469404955554,0.9797320231497504,5.153291594497779,-2686.5932928292873,4843.41940281919,3148.514882816864,0.0,180.0,75.6
2021-08-06,83.9,94.1,79.5,980.7,16.2,4.8,8.2,20.6,29.6166666,119.0166666,172.0,92.91490466307081,13.28937849769785,38.96510102370576,-0.5737722679043243,0.9955168540074409,29.6166666,877.1469404955554,0.9797320231497504,5.153291594497779,-2686.5932928292873,4843.41940281919,3148.514882816864,0.0,180.0,76.1
2021-08-07,84.2,94.1,76.8,983.3,15.4,4.1,7.0,17.1,29.6166666,119.0166666,172.0,93.07760376426546,13.26521668849389,38.87045855271231,-0.5877852522924734,0.9955168540074409,29.6166666,877.1469404955554,0.9797320231497504,5.153291594497779,-2686.5932928292873,4843.41940281919,3148.514882816864,0.0,180.0,72.9
2021-08-08,85.4,94.5,76.6,985.6,15.6,2.7,3.3,10.3,29.6166666,119.0166666,172.0,94.22993606266856,13.240740430351552,38.77356241007301,-0.6016240632249227,0.9955168540074409,29.6166666,877.1469404955554,0.9797320231497504,5.153291594497779,-2686.5932928292873,4843.41940281919,3148.514882816864,0.0,180.0,73.0
2021-08-09,86.4,96.3,77.7,984.8,12.3,2.6,4.1,16.925141436671407,29.6166666,119.0166666,172.0,95.15490553515447,13.215959102104787,38.67440282217078,-0.6152845999633277,0.9955168540074409,29.6166666,877.1469404955554,0.9797320231497504,5.153291594497779,-2686.5932928292873,4843.41940281919,3148.514882816864,0.0,180.0,75.4
2021-08-10,81.5,96.3,77.7,986.3,12.0,2.4,3.3,20.2,29.6166666,119.0166666,172.0,89.58807355305953,13.190881995542508,38.57297088209127,-0.6287628145958345,0.9955168540074409,29.6166666,877.1469404955554,0.9797320231497504,5.153291594497779,-2686.5932928292873,4843.41940281919,3148.514882816864,0.0,180.0,77.8
2021-08-11,81.1,87.1,77.5,988.2,11.5,2.6,3.9,-42.12349675575274,29.6166666,119.0166666,172.0,88.97696124079042,13.165518309364797,38.469258607475126,-0.6420547132365636,0.9955168540074409,29.6166666,877.1469404955554,0.9797320231497504,5.153291594497779,-2686.5932928292873,4843.41940281919,3148.514882816864,0.0,180.0,77.9
2021-08-12,79.0,87.3,77.2,986.7,11.1,3.8,5.6,19.0,29.6166666,119.0166666,172.0,86.50419119597453,13.139877143692335,38.36325899796582,-0.655156357209085,0.9955168540074409,29.6166666,877.1469404955554,0.9797320231497504,5.153291594497779,-2686.5932928292873,4843.41940281919,3148.514882816864,0.0,180.0,77.1
2021-08-13,79.4,87.3,77.2,983.9,11.7,1.8,3.1,1.3771561234195655,29.6166666,119.0166666,172.0,86.77075159273352,13.113967495123452,38.25496609213227,-0.6680638642135333,0.9955168540074409,29.6166666,877.1469404955554,0.9797320231497504,5.153291594497779,-2686.5932928292873,4843.41940281919,3148.514882816864,0.0,180.0,77.0
2021-08-14,74.7,82.4,73.2,987.6,12.5,4.1,7.0,23.1,29.6166666,119.0166666,172.0,81.47154412076495,13.087798252331718,38.14437502374422,-0.6807734094770159,0.9955168540074409,29.6166666,877.1469404955554,0.9797320231497504,5.153291594497779,-2686.5932928292873,4843.41940281919,3148.514882816864,0.0,180.0,72.5
2021-08-15,80.3,85.6,73.2,990.6,12.7,2.2,3.9,10.1,29.6166666,119.0166666,172.0,87.40238906944218,13.061378192195594,38.03148207727816,-0.6932812268869771,0.9955168540074409,29.6166666,877.1469404955554,0.9797320231497504,5.153291594497779,-2686.5932928292873,4843.41940281919,3148.514882816864,0.0,180.0,76.0
2021-08-16,79.4,85.6,75.4,991.4,9.9,2.0,3.5,11.1,29.6166666,119.0166666,172.0,86.24637071084777,13.034715976450544,37.91628474253082,-0.7055836101071774,0.9955168540074409,29.6166666,877.1469404955554,0.9797320231497504,5.153291594497779,-2686.5932928292873,4843.41940281919,3148.514882816864,0.0,180.0,76.9
2021-08-17,79.2,86.9,74.7,990.3,12.2,2.9,4.7,11.1,29.6166666,119.0166666,172.0,85.85161298242858,13.007820148852815,37.798781768217815,-0.7176769136759615,0.9955168540074409,29.6166666,877.1469404955554,0.9797320231497504,5.153291594497779,-2686.5932928292873,4843.41940281919,3148.514882816864,0.0,180.0,75.5
2021-08-18,82.5,90.7,74.5,989.2,13.9,3.2,5.1,11.1,29.6166666,119.0166666,172.0,89.24230653829692,12.980699132843188,37.678973214435054,-0.7295575540864876,0.9955168540074409,29.6166666,877.1469404955554,0.9797320231497504,5.153291594497779,-2686.5932928292873,4843.41940281919,3148.514882816864,0.0,180.0,71.4
2021-08-19,84.5,93.9,74.7,988.1,12.0,2.5,4.3,-83.11891803989775,29.6166666,119.0166666,172.0,91.21325199245747,12.953361229698103,37.5568605038618,-0.7412220108485957,0.9955168540074409,29.6166666,877.1469404955554,0.9797320231497504,5.153291594497779,-2686.5932928292873,4843.41940281919,3148.514882816864,0.0,180.0,73.8
2021-08-20,83.1,93.9,77.7,987.3,15.5,3.7,8.9,14.6,29.6166666,119.0166666,172.0,89.51126622379707,12.925814617154813,37.4324464715852,-0.7526668275320083,0.9955168540074409,29.6166666,877.1469404955554,0.9797320231497504,5.153291594497779,-2686.5932928292873,4843.41940281919,3148.514882816864,0.0,180.0,75.9
2021-08-21,82.4,91.9,76.5,987.1,13.2,2.1,4.7,14.2,29.6166666,119.0166666,172.0,88.56672912634333,12.8980673484966,37.30573541342755,-0.7638886127905429,0.9955168540074409,29.6166666,877.1469404955554,0.9797320231497504,5.153291594497779,-2686.5932928292873,4843.41940281919,3148.514882816864,0.0,180.0,77.2
2021-08-22,85.8,94.6,76.6,985.9,10.9,2.5,4.1,50.822068275407226,29.6166666,119.0166666,172.0,92.02141056739711,12.870127352083513,37.17673313265984,-0.7748840413670406,0.9955168540074409,29.6166666,877.1469404955554,0.9797320231497504,5.153291594497779,-2686.5932928292873,4843.41940281919,3148.514882816864,0.0,180.0,77.7
2021-08-23,84.5,94.8,79.7,984.1,13.2,3.3,4.9,18.6,29.6166666,119.0166666,172.0,90.42910045383384,12.84200243131368,37.04544698498721,-0.7856498550787144,0.9955168540074409,29.6166666,877.1469404955554,0.9797320231497504,5.153291594497779,-2686.5932928292873,4843.41940281919,3148.514882816864,0.0,180.0,77.6
2021-08-24,83.8,94.8,77.0,985.3,12.4,3.4,5.4,24.1,29.6166666,119.0166666,172.0,89.48234018391534,12.81370026499981,36.91188592169424,-0.7961828637826154,0.9955168540074409,29.6166666,877.1469404955554,0.9797320231497504,5.153291594497779,-2686.5932928292873,4843.41940281919,3148.514882816864,0.0,180.0,76.6
2021-08-25,82.6,93.4,77.0,989.7,16.0,3.1,5.4,24.1,29.6166666,119.0166666,172.0,88.00498887606702,12.785228408145331,36.776060530841754,-0.8064799463209447,0.9955168540074409,29.6166666,877.1469404955554,0.9797320231497504,5.153291594497779,-2686.5932928292873,4843.41940281919,3148.514882816864,0.0,180.0,76.1
2021-08-26,81.7,93.9,77.5,992.0,12.6,3.2,6.8,13.6,29.6166666,119.0166666,172.0,86.85114614555211,12.75659429310435,36.63798307640921,-0.8165380514459157,0.9955168540074409,29.6166666,877.1469404955554,0.9797320231497504,5.153291594497779,-2686.5932928292873,4843.41940281919,3148.514882816864,0.0,180.0,76.6
2021-08-27,82.6,95.5,77.0,992.5,15.2,3.6,7.2,22.5,29.6166666,119.0166666,172.0,87.60972600747004,12.72780523110945,36.49766753528109,-0.8263541987239094,0.9955168540074409,29.6166666,877.1469404955554,0.9797320231497504,5.153291594497779,-2686.5932928292873,4843.41940281919,3148.514882816864,0.0,180.0,76.2
2021-08-28,85.2,95.5,77.0,992.3,15.7,2.5,3.7,13.223961795523325,29.6166666,119.0166666,172.0,90.1619657404751,12.698868414151422,36.355129631979175,-0.8359254794186365,0.9955168540074409,29.6166666,877.1469404955554,0.9797320231497504,5.153291594497779,-2686.5932928292873,4843.41940281919,3148.514882816864,0.0,180.0,76.0
2021-08-29,85.9,95.0,78.6,992.3,16.1,2.9,4.9,-122.20955550883006,29.6166666,119.0166666,172.0,90.69458664891982,12.669790917194852,36.210386871047184,-0.8452490573530634,0.9955168540074409,29.6166666,877.1469404955554,0.9797320231497504,5.153291594497779,-2686.5932928292873,4843.41940281919,3148.514882816864,0.0,180.0,76.3
2021-08-30,86.4,95.9,77.7,992.6,16.0,3.1,5.1,9.9,29.6166666,119.0166666,172.0,91.01217384513865,12.640579700713701,36.06345856699846,-0.8543221697498269,0.9955168540074409,29.6166666,877.1469404955554,0.9797320231497504,5.153291594497779,-2686.5932928292873,4843.41940281919,3148.514882816864,0.0,180.0,75.7
2021-08-31,86.8,96.6,77.5,991.8,18.1,2.5,3.7,-79.1116960937068,29.6166666,119.0166666,172.0,91.22131433787399,12.611241613530966,35.91436587174267,-0.8631421280499115,0.9955168540074409,29.6166666,877.1469404955554,0.9797320231497504,5.153291594497779,-2686.5932928292873,4843.41940281919,3148.514882816864,0.0,180.0,76.2
2021-09-01,87.6,97.3,79.5,990.7,17.4,2.6,3.9,7.85804433828791,29.6166666,119.0166666,172.0,91.8470187904114,12.581783395946768,35.763131799411795,-0.8717063187093217,0.9955168540074409,29.6166666,877.1469404955554,0.9797320231497504,5.153291594497779,-2686.5932928292873,4843.41940281919,3148.514882816864,0.0,180.0,77.2
2021-09-02,83.8,97.3,77.5,988.8,17.4,3.9,8.2,18.8,29.6166666,119.0166666,172.0,87.65627825392303,12.552211683139339,35.60978124851216,-0.8800122039735356,0.9955168540074409,29.6166666,877.1469404955554,0.9797320231497504,5.153291594497779,-2686.5932928292873,4843.41940281919,3148.514882816864,0.0,180.0,75.2
2021-09-03,83.4,97.2,77.5,988.3,14.0,3.3,7.0,15.9,29.6166666,119.0166666,172.0,87.03160441132378,12.522533008823563,35.454341021333505,-0.888057322629493,0.9955168540074409,29.6166666,877.1469404955554,0.9797320231497504,5.153291594497779,-2686.5932928292873,4843.41940281919,3148.514882816864,0.0,180.0,75.1
2021-09-04,85.1,95.7,77.5,989.6,11.5,3.1,4.3,145.6713469041337,29.6166666,119.0166666,172.0,88.5944457632364,12.492753809152019,35.29683984055325,-0.8958392907349089,0.9955168540074409,29.6166666,877.1469404955554,0.9797320231497504,5.153291594497779,-2686.5932928292873,4843.41940281919,3148.514882816864,0.0,180.0,76.8
2021-09-05,85.2,94.5,78.8,991.7,15.6,2.9,3.9,15.2,29.6166666,119.0166666,172.0,88.48645103059005,12.462880426843668,35.137308362978814,-0.9033558023246842,0.9955168540074409,29.6166666,877.1469404955554,0.9797320231497504,5.153291594497779,-2686.5932928292873,4843.41940281919,3148.514882816864,0.0,180.0,75.5
2021-09-06,84.3,96.8,77.9,992.8,11.5,4.2,7.0,20.0,29.6166666,119.0166666,172.0,87.34125678656751,12.432919115525625,34.97577919037804,-0.9106046300942162,0.9955168540074409,29.6166666,877.1469404955554,0.9797320231497504,5.153291594497779,-2686.5932928292873,4843.41940281919,3148.514882816864,0.0,180.0,75.0
2021-09-07,79.8,96.8,76.5,993.1,15.7,4.1,6.2,13.8,29.6166666,119.0166666,172.0,82.47912569442033,12.402876044273736,34.81228687735362,-0.9175836260593934,0.9955168540074409,29.6166666,877.1469404955554,0.9797320231497504,5.153291594497779,-2686.5932928292873,4843.41940281919,3148.514882816864,0.0,180.0,70.7
2021-09-08,79.5,86.9,76.3,992.1,7.8,3.5,4.7,10.1,29.6166666,119.0166666,172.0,81.96951712798871,12.372757302337918,34.64686793622405,-0.9242907221930934,0.9955168540074409,29.6166666,877.1469404955554,0.9797320231497504,5.153291594497779,-2686.5932928292873,4843.41940281919,3148.514882816864,0.0,180.0,71.4
2021-09-09,83.3,91.2,76.6,991.2,8.9,2.5,3.7,30.743066404288562,29.6166666,119.0166666,172.0,85.67799914220134,12.34256890403861,34.47956083888009,-0.9307239310379793,0.9955168540074409,29.6166666,877.1469404955554,0.9797320231497504,5.153291594497779,-2686.5932928292873,4843.41940281919,3148.514882816864,0.0,180.0,75.3
2021-09-10,83.2,95.4,75.6,990.5,13.7,3.3,5.8,25.3,29.6166666,119.0166666,172.0,85.36539643715756,12.3123167938208,34.31040601559302,-0.9368813462954315,0.9955168540074409,29.6166666,877.1469404955554,0.9797320231497504,5.153291594497779,-2686.5932928292873,4843.41940281919,3148.514882816864,0.0,180.0,74.4
2021-09-11,84.3,95.4,75.4,987.5,18.2,5.4,9.3,21.6,29.6166666,119.0166666,172.0,86.28109813145433,12.282006851452573,34.13944585075684,-0.9427611433904206,0.9955168540074409,29.6166666,877.1469404955554,0.9797320231497504,5.153291594497779,-2686.5932928292873,4843.41940281919,3148.514882816864,0.0,180.0,74.3
2021-09-12,77.4,94.3,74.3,986.2,15.0,5.0,9.1,21.0,29.6166666,119.0166666,172.0,79.02310958794111,12.25164489735521,33.966724675554616,-0.9483615800121716,0.9955168540074409,29.6166666,877.1469404955554,0.9797320231497504,5.153291594497779,-2686.5932928292873,4843.41940281919,3148.514882816864,0.0,180.0,72.6
2021-09-13,78.1,84.4,74.3,989.1,18.6,5.7,8.0,17.7,29.6166666,119.0166666,172.0,79.53988217649007,12.221236698052252,33.792288757545,-0.9536809966304455,0.9955168540074409,29.6166666,877.1469404955554,0.9797320231497504,5.153291594497779,-2686.5932928292873,4843.41940281919,3148.514882816864,0.0,180.0,72.7
2021-09-14,77.3,84.4,72.0,993.7,15.5,4.4,8.0,17.7,29.6166666,119.0166666,172.0,78.52899251786287,12.190787971725156,33.61618628717298,-0.9587178169872964,0.9955168540074409,29.6166666,877.1469404955554,0.9797320231497504,5.153291594497779,-2686.5932928292873,4843.41940281919,3148.514882816864,0.0,180.0,71.9
2021-09-15,78.3,88.5,70.9,993.2,16.4,2.7,4.5,10.1,29.6166666,119.0166666,172.0,79.34598616995821,12.160304393863326,33.438467361214975,-0.9634705485641486,0.9955168540074409,29.6166666,877.1469404955554,0.9797320231497504,5.153291594497779,-2686.5932928292873,4843.41940281919,3148.514882816864,0.0,180.0,67.7
2021-09-16,79.9,90.0,70.7,991.1,14.7,3.0,4.1,12.6,29.6166666,119.0166666,172.0,80.76419575661942,12.129791602996656,33.25918396317608,-0.9679377830240642,0.9955168540074409,29.6166666,877.1469404955554,0.9797320231497504,5.153291594497779,-2686.5932928292873,4843.41940281919,3148.514882816864,0.0,180.0,68.6
2021-09-17,80.7,90.9,71.8,992.8,15.5,3.4,4.3,15.2,29.6166666,119.0166666,172.0,81.36749126370412,12.099255206498754,33.07838994066385,-0.9721181966290612,0.9955168540074409,29.6166666,877.1469404955554,0.9797320231497504,5.153291594497779,-2686.5932928292873,4843.41940281919,3148.514882816864,0.0,180.0,65.8
2021-09-18,81.2,90.9,71.2,993.1,10.9,3.8,5.2,15.2,29.6166666,119.0166666,172.0,81.66487532164018,12.068700786449288,32.89614097976993,-0.9760105506323682,0.9955168540074409,29.6166666,877.1469404955554,0.9797320231497504,5.153291594497779,-2686.5932928292873,4843.41940281919,3148.514882816864,0.0,180.0,67.8
2021-09-19,84.5,93.7,73.9,989.7,8.8,2.7,5.4,10.5,29.6166666,119.0166666,172.0,84.76852625153914,12.03813390554402,32.71249457649789,-0.9796136916454901,0.9955168540074409,29.6166666,877.1469404955554,0.9797320231497504,5.153291594497779,-2686.5932928292873,4843.41940281919,3148.514882816864,0.0,180.0,74.5
2021-09-20,82.5,93.7,73.6,988.9,16.2,6.6,9.5,25.3,29.6166666,119.0166666,172.0,82.55197577715789,12.00756011304115,32.52751000528201,-0.9829265519799822,0.9955168540074409,29.6166666,877.1469404955554,0.9797320231497504,5.153291594497779,-2686.5932928292873,4843.41940281919,3148.514882816864,0.0,180.0,70.9
2021-09-21,80.3,93.0,70.2,990.8,18.4,3.2,5.1,15.5,29.6166666,119.0166666,172.0,80.14599096198654,11.976984950732733,32.34124828464867,-0.9859481499638303,0.9955168540074409,29.6166666,877.1469404955554,0.9797320231497504,5.153291594497779,-2686.5932928292873,4843.41940281919,3148.514882816864,0.0,180.0,66.0
2021-09-22,79.7,94.1,69.6,993.7,18.5,2.4,3.5,64.8443159176849,29.6166666,119.0166666,172.0,79.34409937722711,11.946413958930053,32.1537721400785,-0.9886775902323404,0.9955168540074409,29.6166666,877.1469404955554,0.9797320231497504,5.153291594497779,-2686.5932928292873,4843.41940281919,3148.514882816864,0.0,180.0,61.8
2021-09-23,82.8,94.6,69.1,996.2,16.5,2.7,4.5,-31.167210266112512,29.6166666,119.0166666,172.0,82.21938350891654,11.915852682451671,31.965145964133324,-0.9911140639934546,0.9955168540074409,29.6166666,877.1469404955554,0.9797320231497504,5.153291594497779,-2686.5932928292873,4843.41940281919,3148.514882816864,0.0,180.0,66.1
2021-09-24,82.2,94.6,72.9,996.3,17.7,4.8,7.6,15.0,29.6166666,119.0166666,172.0,81.41435073473171,11.88530667660317,31.77543577391891,-0.9932568492674143,0.9955168540074409,29.6166666,877.1469404955554,0.9797320231497504,5.153291594497779,-2686.5932928292873,4843.41940281919,3148.514882816864,0.0,180.0,63.9
2021-09-25,82.7,93.0,72.3,994.9,16.5,3.4,4.5,10.5,29.6166666,119.0166666,172.0,81.69920259470446,11.854781513137286,31.58470916595969,-0.9951053111006974,0.9955168540074409,29.6166666,877.1469404955554,0.9797320231497504,5.153291594497779,-2686.5932928292873,4843.41940281919,3148.514882816864,0.0,180.0,65.5
2021-09-26,83.7,93.6,73.8,993.4,12.5,2.8,4.3,10.5,29.6166666,119.0166666,172.0,82.47437243362856,11.824282786183305,31.393035268567917,-0.99665890175417,0.9955168540074409,29.6166666,877.1469404955554,0.9797320231497504,5.153291594497779,-2686.5932928292873,4843.41940281919,3148.514882816864,0.0,180.0,68.7
2021-09-27,84.2,93.6,74.1,992.0,12.0,3.6,5.1,10.3,29.6166666,119.0166666,172.0,82.75327642890988,11.793816118134426,31.200484691795243,-0.9979171608653922,0.9955168540074409,29.6166666,877.1469404955554,0.9797320231497504,5.153291594497779,-2686.5932928292873,4843.41940281919,3148.514882816864,0.0,180.0,68.0
2021-09-28,83.5,95.4,74.1,989.6,11.4,2.5,3.9,33.06173115329332,29.6166666,119.0166666,172.0,81.85356902647646,11.763387165481648,31.00712947505962,-0.9988797155850335,0.9955168540074409,29.6166666,877.1469404955554,0.9797320231497504,5.153291594497779,-2686.5932928292873,4843.41940281919,3148.514882816864,0.0,180.0,67.5
2021-09-29,81.5,95.4,73.8,989.3,15.2,4.0,8.5,18.1,29.6166666,119.0166666,172.0,79.68663603362444,11.733001624582739,30.813043032546226,-0.9995462806873573,0.9955168540074409,29.6166666,877.1469404955554,0.9797320231497504,5.153291594497779,-2686.5932928292873,4843.41940281919,3148.514882816864,0.0,180.0,69.8
2021-09-30,80.2,93.6,71.1,990.2,18.6,3.5,5.8,12.2,29.6166666,119.0166666,172.0,78.21281266965288,11.702665237354545,30.61830009648499,-0.9999166586547379,0.9955168540074409,29.6166666,877.1469404955554,0.9797320231497504,5.153291594497779,-2686.5932928292873,4843.41940281919,3148.514882816864,0.0,180.0,67.5
2021-10-01,81.2,93.2,70.7,991.0,14.2,3.1,6.0,11.3,29.6166666,119.0166666,172.0,78.98313035886649,11.67238379687682,30.422976658412793,-0.9999907397361901,0.9955168540074409,29.6166666,877.1469404955554,0.9797320231497504,5.153291594497779,-2686.5932928292873,4843.41940281919,3148.514882816864,0.0,180.0,68.5
2021-10-02,82.8,93.4,72.7,992.5,12.1,2.5,3.3,-1.9206514705483873,29.6166666,119.0166666,172.0,80.33092575497923,11.642163152895542,30.22714990853188,-0.9997685019798909,0.9955168540074409,29.6166666,877.1469404955554,0.9797320231497504,5.153291594497779,-2686.5932928292873,4843.41940281919,3148.514882816864,0.0,180.0,68.8
2021-10-03,84.1,94.6,75.6,994.4,16.2,4.1,8.0,17.9,29.6166666,119.0166666,172.0,81.38083126397052,11.612009217213393,30.03089817328029,-0.9992500112396835,0.9955168540074409,29.6166666,877.1469404955554,0.9797320231497504,5.153291594497779,-2686.5932928292873,4843.41940281919,3148.514882816864,0.0,180.0,66.2
2021-10-04,82.7,94.6,74.3,996.6,18.3,3.7,7.0,17.9,29.6166666,119.0166666,172.0,79.81878691938137,11.581927968954973,29.834300851233866,-0.9984354211555643,0.9955168540074409,29.6166666,877.1469404955554,0.9797320231497504,5.153291594497779,-2686.5932928292873,4843.41940281919,3148.514882816864,0.0,180.0,66.6
2021-10-05,82.1,92.5,72.9,996.3,17.5,2.9,4.5,12.6,29.6166666,119.0166666,172.0,79.03442335340584,11.551925459693912,29.637438347462222,-0.9973249731081555,0.9955168540074409,29.6166666,877.1469404955554,0.9797320231497504,5.153291594497779,-2686.5932928292873,4843.41940281919,3148.514882816864,0.0,180.0,60.8
2021-10-06,76.4,92.3,72.5,994.4,14.1,3.8,5.6,14.0,29.6166666,119.0166666,172.0,73.35678311066405,11.522007818428909,29.440392006464478,-0.9959189961471792,0.9955168540074409,29.6166666,877.1469404955554,0.9797320231497504,5.153291594497779,-2686.5932928292873,4843.41940281919,3148.514882816864,0.0,180.0,68.8
2021-10-07,80.3,92.5,73.2,993.5,13.8,3.5,4.9,21.4,29.6166666,119.0166666,172.0,76.90184624071246,11.492181256395387,29.243244043812965,-0.994217906893952,0.9955168540074409,29.6166666,877.1469404955554,0.9797320231497504,5.153291594497779,-2686.5932928292873,4843.41940281919,3148.514882816864,0.0,180.0,69.4
2021-10-08,78.9,92.5,73.4,994.9,8.8,4.7,6.2,21.4,29.6166666,119.0166666,172.0,75.36562237142206,11.462452071699172,29.046077476635237,-0.9922222094179324,0.9955168540074409,29.6166666,877.1469404955554,0.9797320231497504,5.153291594497779,-2686.5932928292873,4843.41940281919,3148.514882816864,0.0,180.0,69.5
2021-10-09,82.8,90.9,75.0,995.2,15.8,3.6,5.4,11.8,29.6166666,119.0166666,172.0,78.88650391093262,11.432826653758351,28.848976053066956,-0.989932495087353,0.9955168540074409,29.6166666,877.1469404955554,0.9797320231497504,5.153291594497779,-2686.5932928292873,4843.41940281919,3148.514882816864,0.0,180.0,69.8
2021-10-10,77.7,90.9,69.4,996.2,15.0,4.8,7.6,22.0,29.6166666,119.0166666,172.0,73.83644188181592,11.403311487539137,28.652024180809466,-0.9873494423939864,0.9955168540074409,29.6166666,877.1469404955554,0.9797320231497504,5.153291594497779,-2686.5932928292873,4843.41940281919,3148.514882816864,0.0,180.0,68.3
2021-10-11,67.4,88.9,64.6,999.2,18.6,7.5,9.7,20.0,29.6166666,119.0166666,172.0,63.8834789016922,11.37391315757131,28.455306854927,-0.9844738167520923,0.9955168540074409,29.6166666,877.1469404955554,0.9797320231497504,5.153291594497779,-2686.5932928292873,4843.41940281919,3148.514882816864,0.0,180.0,59.5
2021-10-12,67.3,72.1,64.2,998.8,18.6,7.3,9.1,22.0,29.6166666,119.0166666,172.0,63.62451342261111,11.344638351728578,28.258909585019826,-0.9813064702716093,0.9955168540074409,29.6166666,877.1469404955554,0.9797320231497504,5.153291594497779,-2686.5932928292873,4843.41940281919,3148.514882816864,0.0,180.0,58.8
2021-10-13,72.1,73.4,64.8,996.8,17.6,5.8,7.0,18.1,29.6166666,119.0166666,172.0,67.98725897075913,11.315493864758801,28.06291832190907,-0.9778483415056567,0.9955168540074409,29.6166666,877.1469404955554,0.9797320231497504,5.153291594497779,-2686.5932928292873,4843.41940281919,3148.514882816864,0.0,180.0,68.0
2021-10-14,77.4,83.7,69.4,995.9,10.3,3.7,7.8,14.4,29.6166666,119.0166666,172.0,72.79783857999094,11.286486601548983,27.867419383970226,-0.9741004551724206,0.9955168540074409,29.6166666,877.1469404955554,0.9797320231497504,5.153291594497779,-2686.5932928292873,4843.41940281919,3148.514882816864,0.0,180.0,72.4
2021-10-15,75.7,88.0,68.2,996.9,15.9,3.9,7.8,14.2,29.6166666,119.0166666,172.0,71.01684208452414,11.257623580109508,27.67249938325082,-0.970063921851507,0.9955168540074409,29.6166666,877.1469404955554,0.9797320231497504,5.153291594497779,-2686.5932928292873,4843.41940281919,3148.514882816864,0.0,180.0,67.6
2021-10-16,58.9,88.0,53.8,7.2,14.0,4.8,6.4,20.4,29.6166666,119.0166666,172.0,55.11524274400295,11.228911934262062,27.478245151508055,-0.965739937654855,0.9955168540074409,29.6166666,877.1469404955554,0.9797320231497504,5.153291594497779,-2686.5932928292873,4843.41940281919,3148.514882816864,0.0,180.0,54.6
2021-10-17,57.1,65.5,53.8,7.4,18.6,4.8,6.0,15.9,29.6166666,119.0166666,172.0,53.295041175373626,11.200358916015473,27.284743666300557,-0.9611297838723007,0.9955168540074409,29.6166666,877.1469404955554,0.9797320231497504,5.153291594497779,-2686.5932928292873,4843.41940281919,3148.514882816864,0.0,180.0,42.9
2021-10-18,60.3,65.3,53.1,2.4,18.5,3.4,5.1,12.2,29.6166666,119.0166666,172.0,56.13915878550779,11.17197189761349,27.092081977267075,-0.9562348265919058,0.9955168540074409,29.6166666,877.1469404955554,0.9797320231497504,5.153291594497779,-2686.5932928292873,4843.41940281919,3148.514882816864,0.0,180.0,50.2
2021-10-19,61.9,68.9,53.2,3.0,14.3,4.1,5.2,12.2,29.6166666,119.0166666,172.0,57.483220275289405,11.143758373238656,26.900347132723425,-0.9510565162951536,0.9955168540074409,29.6166666,877.1469404955554,0.9797320231497504,5.153291594497779,-2686.5932928292873,4843.41940281919,3148.514882816864,0.0,180.0,49.3
2021-10-20,52.1,68.9,50.4,1.5,4.9,4.4,6.8,18.3,29.6166666,119.0166666,172.0,48.260776877879614,11.11572596035615,26.709626106706423,-0.9455963874271428,0.9955168540074409,29.6166666,877.1469404955554,0.9797320231497504,5.153291594497779,-2686.5932928292873,4843.41940281919,3148.514882816864,0.0,180.0,50.5
2021-10-21,53.9,55.9,50.4,4.0,16.2,2.6,3.3,54.67230731808313,29.6166666,119.0166666,172.0,49.80307178306199,11.087882400681705,26.520005726591375,-0.9398560579418953,0.9955168540074409,29.6166666,877.1469404955554,0.9797320231497504,5.153291594497779,-2686.5932928292873,4843.41940281919,3148.514882816864,0.0,180.0,49.5
2021-10-22,57.5,61.7,51.6,7.1,6.1,3.7,4.7,11.5,29.6166666,119.0166666,172.0,52.99696206196416,11.060235560757738,26.331572601406766,-0.9338372288229252,0.9955168540074409,29.6166666,877.1469404955554,0.9797320231497504,5.153291594497779,-2686.5932928292873,4843.41940281919,3148.514882816864,0.0,180.0,45.7
2021-10-23,62.4,68.7,54.1,6.1,11.3,2.8,3.5,11.1,29.6166666,119.0166666,172.0,57.370525847033754,11.032793432121876,26.14441305096635,-0.9275416835791965,0.9955168540074409,29.6166666,877.1469404955554,0.9797320231497504,5.153291594497779,-2686.5932928292873,4843.41940281919,3148.514882816864,0.0,180.0,47.7
2021-10-24,62.5,71.8,56.1,4.2,17.5,2.7,3.9,11.1,29.6166666,119.0166666,172.0,57.32064651589872,11.005564131052555,25.95861303593573,-0.9209712877166347,0.9955168540074409,29.6166666,877.1469404955554,0.9797320231497504,5.153291594497779,-2686.5932928292873,4843.41940281919,3148.514882816864,0.0,180.0,51.0
2021-10-25,62.5,72.3,54.9,1.6,14.4,2.7,3.3,-165.85055255277445,29.6166666,119.0166666,172.0,57.17997863477279,10.978555897876376,25.774258088946425,-0.9141279881853337,0.9955168540074409,29.6166666,877.1469404955554,0.9797320231497504,5.153291594497779,-2686.5932928292873,4843.41940281919,3148.514882816864,0.0,180.0,50.0
2021-10-26,65.4,74.8,55.0,0.1,11.8,2.5,3.5,9.558882187656195,29.6166666,119.0166666,172.0,59.68718517223297,10.951777095822562,25.591433246866053,-0.9070138128026362,0.9955168540074409,29.6166666,877.1469404955554,0.9797320231497504,5.153291594497779,-2686.5932928292873,4843.41940281919,3148.514882816864,0.0,180.0,56.5
2021-10-27,65.4,74.8,58.6,2.1,6.9,3.1,4.3,10.5,29.6166666,119.0166666,172.0,59.54253734128567,10.925236209410214,25.41022298432932,-0.8996308696522434,0.9955168540074409,29.6166666,877.1469404955554,0.9797320231497504,5.153291594497779,-2686.5932928292873,4843.41940281919,3148.514882816864,0.0,180.0,55.1
2021-10-28,63.6,70.3,57.0,3.2,6.0,4.2,5.8,12.4,29.6166666,119.0166666,172.0,57.76439176447987,10.898941842354692,25.230711148629293,-0.8919813464595487,0.9955168540074409,29.6166666,877.1469404955554,0.9797320231497504,5.153291594497779,-2686.5932928292873,4843.41940281919,3148.514882816864,0.0,180.0,52.6
2021-10-29,64.6,73.0,55.6,2.1,8.4,2.2,3.9,-46.422622963651364,29.6166666,119.0166666,172.0,58.53245961564322,10.872902714980166,25.052980896063527,-0.8840675099433637,0.9955168540074409,29.6166666,877.1469404955554,0.9797320231497504,5.153291594497779,-2686.5932928292873,4843.41940281919,3148.514882816864,0.0,180.0,52.2
2021-10-30,65.8,77.0,56.7,3.1,11.6,3.0,5.1,-34.676497516576795,29.6166666,119.0166666,172.0,59.47841667517518,10.847127661126173,24.877114629824415,-0.8758917051442433,0.9955168540074409,29.6166666,877.1469404955554,0.9797320231497504,5.153291594497779,-2686.5932928292873,4843.41940281919,3148.514882816864,0.0,180.0,51.3
2021-10-31,65.2,77.0,55.6,3.6,9.4,2.7,3.9,203.42952664247585,29.6166666,119.0166666,172.0,58.797499226650515,10.821625624536903,24.70319393951734,-0.8674563547295971,0.9955168540074409,29.6166666,877.1469404955554,0.9797320231497504,5.153291594497779,-2686.5932928292873,4843.41940281919,3148.514882816864,0.0,180.0,50.3
2021-11-01,67.1,75.0,60.1,3.5,11.6,4.0,5.2,15.0,29.6166666,119.0166666,172.0,60.36990161932635,10.796405654723044,24.531299542384822,-0.858763958275803,0.9955168540074409,29.6166666,877.1469404955554,0.9797320231497504,5.153291594497779,-2686.5932928292873,4843.41940281919,3148.514882816864,0.0,180.0,50.2
2021-11-02,61.7,75.0,59.7,2.4,2.7,4.9,7.4,15.2,29.6166666,119.0166666,172.0,55.383343739259516,10.771476902287102,24.361511226308206,-0.8498170915275277,0.9955168540074409,29.6166666,877.1469404955554,0.9797320231497504,5.153291594497779,-2686.5932928292873,4843.41940281919,3148.514882816864,0.0,180.0,56.2
2021-11-03,62.6,65.8,58.8,999.7,12.3,3.4,5.2,12.0,29.6166666,119.0166666,172.0,56.062726934824944,10.746848613704461,24.193907794652965,-0.8406184056344783,0.9955168540074409,29.6166666,877.1469404955554,0.9797320231497504,5.153291594497779,-2686.5932928292873,4843.41940281919,3148.514882816864,0.0,180.0,57.0
2021-11-04,62.8,65.8,58.8,996.4,7.1,2.5,3.3,10.3,29.6166666,119.0166666,172.0,56.11457432373133,10.722530125553758,24.028567013016737,-0.8311706263658079,0.9955168540074409,29.6166666,877.1469404955554,0.9797320231497504,5.153291594497779,-2686.5932928292873,4843.41940281919,3148.514882816864,0.0,180.0,59.6
2021-11-05,65.7,67.3,62.1,991.9,2.5,2.1,3.3,-87.52185604534648,29.6166666,119.0166666,172.0,58.57445644860001,10.698530858191782,23.865565557932623,-0.8214765533024145,0.9955168540074409,29.6166666,877.1469404955554,0.9797320231497504,5.153291594497779,-2686.5932928292873,4843.41940281919,3148.514882816864,0.0,180.0,64.4
2021-11-06,68.4,74.5,64.6,994.5,15.4,3.5,5.1,13.2,29.6166666,119.0166666,172.0,60.84670376055744,10.674860308869725,23.704978967574323,-0.8115390590073611,0.9955168540074409,29.6166666,877.1469404955554,0.9797320231497504,5.153291594497779,-2686.5932928292873,4843.41940281919,3148.514882816864,0.0,180.0,63.0
2021-11-07,52.8,74.5,43.0,0.4,10.3,7.8,11.5,25.8,29.6166666,119.0166666,172.0,46.86672339487313,10.651528044289346,23.54688159450162,-0.801361088174677,0.9955168540074409,29.6166666,877.1469404955554,0.9797320231497504,5.153291594497779,-2686.5932928292873,4843.41940281919,3148.514882816864,0.0,180.0,49.3
2021-11-08,47.3,69.1,42.4,5.6,17.7,7.6,10.1,25.8,29.6166666,119.0166666,172.0,41.8941763883301,10.628543692599603,23.391346560478905,-0.7909456567567774,0.9955168540074409,29.6166666,877.1469404955554,0.9797320231497504,5.153291594497779,-2686.5932928292873,4843.41940281919,3148.514882816864,0.0,180.0,33.3
2021-11-09,52.5,60.3,43.2,2.3,18.6,7.2,13.4,23.9,29.6166666,119.0166666,172.0,46.40088658990879,10.605916934836294,23.238445713391805,-0.780295851070776,0.9955168540074409,29.6166666,877.1469404955554,0.9797320231497504,5.153291594497779,-2686.5932928292873,4843.41940281919,3148.514882816864,0.0,180.0,34.2
2021-11-10,55.4,65.3,46.9,0.4,18.4,4.4,8.4,22.3,29.6166666,119.0166666,172.0,48.86121877231987,10.583657495809359,23.088249586279904,-0.7694148268839381,0.9955168540074409,29.6166666,877.1469404955554,0.9797320231497504,5.153291594497779,-2686.5932928292873,4843.41940281919,3148.514882816864,0.0,180.0,38.8
2021-11-11,57.6,67.3,47.3,1.8,18.4,3.2,5.4,14.2,29.6166666,119.0166666,172.0,50.69652064533518,10.56177513444483,22.940827358496836,-0.7583058084785625,0.9955168540074409,29.6166666,877.1469404955554,0.9797320231497504,5.153291594497779,-2686.5932928292873,4843.41940281919,3148.514882816864,0.0,180.0,41.0
2021-11-12,58.6,68.5,50.5,2.6,17.4,2.1,3.3,-41.798026402785915,29.6166666,119.0166666,172.0,51.4716988773679,10.540279633590696,22.796246819001244,-0.7469720876965551,0.9955168540074409,29.6166666,877.1469404955554,0.9797320231497504,5.153291594497779,-2686.5932928292873,4843.41940281919,3148.514882816864,0.0,180.0,41.4
2021-11-13,56.3,68.5,50.5,1.4,13.4,3.4,5.6,10.9,29.6166666,119.0166666,172.0,49.352489869791974,10.519180789298467,22.654574331775915,-0.7354170229639858,0.9955168540074409,29.6166666,877.1469404955554,0.9797320231497504,5.153291594497779,-2686.5932928292873,4843.41940281919,3148.514882816864,0.0,180.0,47.4
2021-11-14,56.7,69.6,47.7,1.9,15.4,2.9,4.9,16.980263212748213,29.6166666,119.0166666,172.0,49.605357688084894,10.498488399594686,22.515874803364202,-0.7236440382959124,0.9955168540074409,29.6166666,877.1469404955554,0.9797320231497504,5.153291594497779,-2686.5932928292873,4843.41940281919,3148.514882816864,0.0,180.0,45.3
2021-11-15,59.4,71.1,47.7,0.4,16.1,2.9,3.5,130.45109961516275,29.6166666,119.0166666,172.0,51.86715065115866,10.478212252759326,22.380211652506862,-0.711656622281775,0.9955168540074409,29.6166666,877.1469404955554,0.9797320231497504,5.153291594497779,-2686.5932928292873,4843.41940281919,3148.514882816864,0.0,180.0,43.0
2021-11-16,60.5,71.1,51.8,2.0,9.7,2.8,4.3,-9.893099709341662,29.6166666,119.0166666,172.0,52.727575663783675,10.458362115130647,22.24764678185513,-0.6994583270516471,0.9955168540074409,29.6166666,877.1469404955554,0.9797320231497504,5.153291594497779,-2686.5932928292873,4843.41940281919,3148.514882816864,0.0,180.0,46.7
2021-11-17,55.8,68.4,53.1,1.5,2.1,2.6,3.3,13.6,29.6166666,119.0166666,172.0,48.541106890833284,10.438947718458772,22.118240551728967,-0.6870527672236675,0.9955168540074409,29.6166666,877.1469404955554,0.9797320231497504,5.153291594497779,-2686.5932928292873,4843.41940281919,3148.514882816864,0.0,180.0,52.8
2021-11-18,58.2,63.3,52.3,997.9,10.8,2.7,3.9,83.10353898089241,29.6166666,119.0166666,172.0,50.53689692214022,10.419978746833035,21.99205175588305,-0.6744436188329457,0.9955168540074409,29.6166666,877.1469404955554,0.9797320231497504,5.153291594497779,-2686.5932928292873,4843.41940281919,3148.514882816864,0.0,180.0,51.4
2021-11-19,61.7,69.1,53.4,996.5,14.6,3.1,5.2,12.8,29.6166666,119.0166666,172.0,53.480864966009506,10.401464823210924,21.869137599236776,-0.661634618242279,0.9955168540074409,29.6166666,877.1469404955554,0.9797320231497504,5.153291594497779,-2686.5932928292873,4843.41940281919,3148.514882816864,0.0,180.0,54.3
2021-11-20,63.9,70.2,57.4,996.5,9.9,3.1,5.6,11.3,29.6166666,119.0166666,172.0,55.29168751395878,10.383415495579113,21.749553677517923,-0.6486295610349818,0.9955168540074409,29.6166666,877.1469404955554,0.9797320231497504,5.153291594497779,-2686.5932928292873,4843.41940281919,3148.514882816864,0.0,180.0,56.0
2021-11-21,56.3,70.2,48.2,999.3,4.7,3.0,5.1,16.9,29.6166666,119.0166666,172.0,48.63306704520913,10.365840222779921,21.633353958764292,-0.6354323008901775,0.9955168540074409,29.6166666,877.1469404955554,0.9797320231497504,5.153291594497779,-2686.5932928292873,4843.41940281919,3148.514882816864,0.0,180.0,54.7
2021-11-22,45.7,62.6,38.3,6.1,13.0,4.3,9.5,18.3,29.6166666,119.0166666,172.0,39.41148333781566,10.348748360039123,21.520590766621503,-0.622046748440868,0.9955168540074409,29.6166666,877.1469404955554,0.9797320231497504,5.153291594497779,-2686.5932928292873,4843.41940281919,3148.514882816864,0.0,180.0,33.0
2021-11-23,46.9,57.4,37.6,5.6,18.2,2.6,4.5,12.8,29.6166666,119.0166666,172.0,40.38148290538005,10.3321491442337,21.411314765370015,-0.6084768701151264,0.9955168540074409,29.6166666,877.1469404955554,0.9797320231497504,5.153291594497779,-2686.5932928292873,4843.41940281919,3148.514882816864,0.0,180.0,32.8
2021-11-24,49.9,61.3,41.0,2.8,17.9,2.8,4.7,128.91637000465875,29.6166666,119.0166666,172.0,42.89758156492819,10.316051678940648,21.305574946609585,-0.594726686960764,0.9955168540074409,29.6166666,877.1469404955554,0.9797320231497504,5.153291594497779,-2686.5932928292873,4843.41940281919,3148.514882816864,0.0,180.0,39.1
2021-11-25,52.1,65.5,42.4,2.7,18.2,2.6,3.9,-40.67862320073057,29.6166666,119.0166666,172.0,44.721185191339025,10.300464919310333,21.203418617524363,-0.5808002734538013,0.9955168540074409,29.6166666,877.1469404955554,0.9797320231497504,5.153291594497779,-2686.5932928292873,4843.41940281919,3148.514882816864,0.0,180.0,42.0
2021-11-26,55.4,68.4,44.6,6.7,12.1,3.8,6.2,12.0,29.6166666,119.0166666,172.0,47.484252515607174,10.285397656810218,21.10489139064812,-0.5667017562911184,0.9955168540074409,29.6166666,877.1469404955554,0.9797320231497504,5.153291594497779,-2686.5932928292873,4843.41940281919,3148.514882816864,0.0,180.0,41.7
2021-11-27,55.8,68.4,45.7,9.3,11.0,5.2,8.5,15.5,29.6166666,119.0166666,172.0,47.759492043073834,10.270858503886847,21.010037175044836,-0.5524353131676203,0.9955168540074409,29.6166666,877.1469404955554,0.9797320231497504,5.153291594497779,-2686.5932928292873,4843.41940281919,3148.514882816864,0.0,180.0,42.8
2021-11-28,58.8,64.2,50.4,6.0,14.8,4.3,6.2,15.2,29.6166666,119.0166666,172.0,50.25859380512004,10.256855878595928,20.918898168816856,-0.5380051715382992,0.9955168540074409,29.6166666,877.1469404955554,0.9797320231497504,5.153291594497779,-2686.5932928292873,4843.41940281919,3148.514882816864,0.0,180.0,48.7
2021-11-29,60.5,67.1,54.3,1.9,12.6,3.7,6.4,14.2,29.6166666,119.0166666,172.0,51.6437981958128,10.243397989252125,20.831514852849793,-0.5234156073655503,0.9955168540074409,29.6166666,877.1469404955554,0.9797320231497504,5.153291594497779,-2686.5932928292873,4843.41940281919,3148.514882816864,0.0,180.0,54.3
2021-11-30,50.0,67.1,40.5,6.3,13.0,7.2,12.2,27.6,29.6166666,119.0166666,172.0,42.62705341313166,10.230492819151598,20.747925985701126,-0.5086709438521042,0.9955168540074409,29.6166666,877.1469404955554,0.9797320231497504,5.153291594497779,-2686.5932928292873,4843.41940281919,3148.514882816864,0.0,180.0,33.2
2021-12-01,45.7,58.3,37.2,8.0,16.2,3.2,4.7,17.3,29.6166666,119.0166666,172.0,38.91411405766408,10.21814811142164,20.66816859953738,-0.49377555015997737,0.9955168540074409,29.6166666,877.1469404955554,0.9797320231497504,5.153291594497779,-2686.5932928292873,4843.41940281919,3148.514882816864,0.0,180.0,25.2
2021-12-02,47.7,57.7,36.5,4.5,17.7,3.7,5.6,13.6,29.6166666,119.0166666,172.0,40.57032613235962,10.206371354052733,20.592277997023643,-0.4787338401157883,0.9955168540074409,29.6166666,877.1469404955554,0.9797320231497504,5.153291594497779,-2686.5932928292873,4843.41940281919,3148.514882816864,0.0,180.0,32.1
2021-12-03,49.5,60.8,39.9,5.8,16.5,3.4,5.8,18.5,29.6166666,119.0166666,172.0,42.055075281322196,10.195169765169018,20.520287749068306,-0.4635502709028512,0.9955168540074409,29.6166666,877.1469404955554,0.9797320231497504,5.153291594497779,-2686.5932928292873,4843.41940281919,3148.514882816864,0.0,180.0,33.5
2021-12-04,50.6,61.5,40.5,7.1,13.8,2.8,3.7,10.1,29.6166666,119.0166666,172.0,42.944853674736514,10.18455027859364,20.452229693325762,-0.4482293417404106,0.9955168540074409,29.6166666,877.1469404955554,0.9797320231497504,5.153291594497779,-2686.5932928292873,4843.41940281919,3148.514882816864,0.0,180.0,32.7
2021-12-05,51.0,63.5,42.4,5.2,11.4,2.3,3.1,-17.73794421477854,29.6166666,119.0166666,172.0,43.241708001502914,10.174519529765393,20.388133933359942,-0.4327755925504317,0.9955168540074409,29.6166666,877.1469404955554,0.9797320231497504,5.153291594497779,-2686.5932928292873,4843.41940281919,3148.514882816864,0.0,180.0,36.9
2021-12-06,51.8,64.9,41.9,6.2,13.1,2.6,3.1,-27.985900082995556,29.6166666,119.0166666,172.0,43.87927858490523,10.165083842062987,20.328028838372955,-0.41719360261231697,0.9955168540074409,29.6166666,877.1469404955554,0.9797320231497504,5.153291594497779,-2686.5932928292873,4843.41940281919,3148.514882816864,0.0,180.0,40.6
2021-12-07,53.4,64.9,43.9,8.6,5.5,4.6,7.0,15.7,29.6166666,119.0166666,172.0,45.195309000486866,10.156249213592554,20.271941043403853,-0.4014879892059737,0.9955168540074409,29.6166666,877.1469404955554,0.9797320231497504,5.153291594497779,-2686.5932928292873,4843.41940281919,3148.514882816864,0.0,180.0,37.4
2021-12-08,55.1,63.3,46.2,7.4,10.1,4.0,5.8,14.4,29.6166666,119.0166666,172.0,46.59633115646422,10.148021304493113,20.21989544990547,-0.38566340624360745,0.9955168540074409,29.6166666,877.1469404955554,0.9797320231497504,5.153291594497779,-2686.5932928292873,4843.41940281919,3148.514882816864,0.0,180.0,41.7
2021-12-09,55.4,64.8,47.7,6.0,9.1,1.9,3.9,11.5,29.6166666,119.0166666,172.0,46.814871711222175,10.140405424813467,20.171915226609133,-0.3697245428906732,0.9955168540074409,29.6166666,877.1469404955554,0.9797320231497504,5.153291594497779,-2686.5932928292873,4843.41940281919,3148.514882816864,0.0,180.0,46.8
2021-12-10,56.1,68.0,46.8,5.3,4.6,3.5,5.1,14.0,29.6166666,119.0166666,172.0,47.373675495082814,10.133406523012367,20.128021810590838,-0.3536761221763721,0.9955168540074409,29.6166666,877.1469404955554,0.9797320231497504,5.153291594497779,-2686.5932928292873,4843.41940281919,3148.514882816864,0.0,180.0,46.1
2021-12-11,57.6,68.0,47.5,4.8,1.9,3.8,5.1,15.0,29.6166666,119.0166666,172.0,48.60974004063231,10.127029175131732,20.088234908455693,-0.33752289959411347,0.9955168540074409,29.6166666,877.1469404955554,0.9797320231497504,5.153291594497779,-2686.5932928292873,4843.41940281919,3148.514882816864,0.0,180.0,47.4
2021-12-12,48.0,64.4,45.9,9.9,7.3,5.0,10.1,20.8,29.6166666,119.0166666,172.0,40.48511029876212,10.12127757469053,20.052572497562192,-0.32126966169236515,0.9955168540074409,29.6166666,877.1469404955554,0.9797320231497504,5.153291594497779,-2686.5932928292873,4843.41940281919,3148.514882816864,0.0,180.0,43.7
2021-12-13,48.8,53.2,45.0,6.5,6.4,2.6,4.5,11.8,29.6166666,119.0166666,172.0,41.1390324615996,10.116155523344164,20.0210508272121,-0.3049212246562894,0.9955168540074409,29.6166666,877.1469404955554,0.9797320231497504,5.153291594497779,-2686.5932928292873,4843.41940281919,3148.514882816864,0.0,180.0,37.4
2021-12-14,49.8,53.2,45.1,1.6,3.6,2.3,3.3,114.6193283783437,29.6166666,119.0166666,172.0,41.96341565275795,10.111666422351314,19.993684419737438,-0.2884824328806098,0.9955168540074409,29.6166666,877.1469404955554,0.9797320231497504,5.153291594497779,-2686.5932928292873,4843.41940281919,3148.514882816864,0.0,180.0,45.2
2021-12-15,57.3,65.3,48.7,998.7,3.4,2.0,3.1,-173.29633452794855,29.6166666,119.0166666,172.0,48.26480833983513,10.10781326488694,19.970486071421455,-0.27195815753410524,0.9955168540074409,29.6166666,877.1469404955554,0.9797320231497504,5.153291594497779,-2686.5932928292873,4843.41940281919,3148.514882816864,0.0,180.0,52.8
2021-12-16,55.6,65.3,50.0,1.7,4.5,2.7,3.5,14.0,29.6166666,119.0166666,172.0,46.817973648795935,10.104598629236532,19.951466853196543,-0.2553532951161881,0.9955168540074409,29.6166666,877.1469404955554,0.9797320231497504,5.153291594497779,-2686.5932928292873,4843.41940281919,3148.514882816864,0.0,180.0,53.3
2021-12-17,45.7,61.9,35.8,10.5,8.0,5.0,9.1,19.2,29.6166666,119.0166666,172.0,38.47187729597232,10.102024672903015,19.93663611106876,-0.23867276600594997,0.9955168540074409,29.6166666,877.1469404955554,0.9797320231497504,5.153291594497779,-2686.5932928292873,4843.41940281919,3148.514882816864,0.0,180.0,30.2
2021-12-18,42.7,52.7,34.2,9.8,11.6,3.0,5.2,16.5,29.6166666,119.0166666,172.0,35.93949804590058,10.100093127653556,19.92600146622512,-0.22192151300416674,0.9955168540074409,29.6166666,877.1469404955554,0.9797320231497504,5.153291594497779,-2686.5932928292873,4843.41940281919,3148.514882816864,0.0,180.0,29.3
2021-12-19,46.1,56.8,35.8,5.5,16.2,2.2,4.5,-41.45108398191379,29.6166666,119.0166666,172.0,38.796243676992205,10.098805295529424,19.91956881478719,-0.20510449986861926,0.9955168540074409,29.6166666,877.1469404955554,0.9797320231497504,5.153291594497779,-2686.5932928292873,4843.41940281919,3148.514882816864,0.0,180.0,33.7
2021-12-20,53.8,60.8,38.7,0.5,17.5,2.5,3.7,9.9,29.6166666,119.0166666,172.0,45.27342650550505,10.098162045837558,19.9173423271817,-0.1882267098432439,0.9955168540074409,29.6166666,877.1469404955554,0.9797320231497504,5.153291594497779,-2686.5932928292873,4843.41940281919,3148.514882816864,0.0,180.0,39.3
2021-12-21,54.2,64.0,42.6,999.8,11.3,2.9,6.2,12.6,29.6166666,119.0166666,172.0,45.61003988933969,10.098163813137937,19.919324447106575,-0.1712931441814778,0.9955168540074409,29.6166666,877.1469404955554,0.9797320231497504,5.153291594497779,-2686.5932928292873,4843.41940281919,3148.514882816864,0.0,180.0,44.7
2021-12-22,52.0,64.0,46.4,1.5,7.0,3.0,3.9,9.9,29.6166666,119.0166666,172.0,43.76151258369064,10.098810596236302,19.925515890078376,-0.154308820664281,0.9955168540074409,29.6166666,877.1469404955554,0.9797320231497504,5.153291594497779,-2686.5932928292873,4843.41940281919,3148.514882816864,0.0,180.0,43.3
2021-12-23,55.9,63.9,44.8,998.6,5.3,3.4,5.1,15.3,29.6166666,119.0166666,172.0,47.0496416218874,10.10010195818692,19.935915641555162,-0.13727877211326517,0.9955168540074409,29.6166666,877.1469404955554,0.9797320231497504,5.153291594497779,-2686.5932928292873,4843.41940281919,3148.514882816864,0.0,180.0,39.2
2021-12-24,52.3,66.0,42.3,4.3,10.6,6.4,9.7,21.0,29.6166666,119.0166666,172.0,44.02804471067271,10.102037027305402,19.950520954636442,-0.12020804489935275,0.9955168540074409,29.6166666,877.1469404955554,0.9797320231497504,5.153291594497779,-2686.5932928292873,4843.41940281919,3148.514882816864,0.0,180.0,41.9
2021-12-25,36.3,66.0,33.1,15.8,10.3,6.6,8.2,20.8,29.6166666,119.0166666,172.0,30.56645886004008,10.104614499186804,19.969327347349996,-0.10310169744743544,0.9955168540074409,29.6166666,877.1469404955554,0.9797320231497504,5.153291594497779,-2686.5932928292873,4843.41940281919,3148.514882816864,0.0,180.0,28.4
2021-12-26,35.2,40.6,30.4,17.4,15.7,5.5,7.0,16.9,29.6166666,119.0166666,172.0,29.64964240984381,10.10783263971948,19.99232859954314,-0.0859647987374467,0.9955168540074409,29.6166666,877.1469404955554,0.9797320231497504,5.153291594497779,-2686.5932928292873,4843.41940281919,3148.514882816864,0.0,180.0,13.5
2021-12-27,39.5,46.6,30.9,13.0,15.3,3.4,5.4,11.5,29.6166666,119.0166666,172.0,33.28431057655691,10.11168928908058,20.019516749403568,-0.06880242680232064,0.9955168540074409,29.6166666,877.1469404955554,0.9797320231497504,5.153291594497779,-2686.5932928292873,4843.41940281919,3148.514882816864,0.0,180.0,14.6
2021-12-28,40.2,46.6,32.5,7.5,8.9,3.4,5.4,10.7,29.6166666,119.0166666,172.0,33.88920925342632,10.116181866694424,20.050882089642915,-0.05161966722325418,0.9955168540074409,29.6166666,877.1469404955554,0.9797320231497504,5.153291594497779,-2686.5932928292873,4843.41940281919,3148.514882816864,0.0,180.0,29.7
2021-12-29,45.5,55.0,37.2,8.2,10.0,4.2,7.0,17.3,29.6166666,119.0166666,172.0,38.37662380495393,10.121307377130707,20.086413163383188,-0.034421611622745804,0.9955168540074409,29.6166666,877.1469404955554,0.9797320231497504,5.153291594497779,-2686.5932928292873,4843.41940281919,3148.514882816864,0.0,180.0,32.2
2021-12-30,44.6,55.9,36.0,10.6,9.1,3.0,3.9,62.989318892575646,29.6166666,119.0166666,172.0,37.638915316201235,10.12706241691513,20.12609675979373,-0.01721335615583528,0.9955168540074409,29.6166666,877.1469404955554,0.9797320231497504,5.153291594497779,-2686.5932928292873,4843.41940281919,3148.514882816864,0.0,180.0,27.6
2021-12-31,46.4,55.9,35.6,10.0,8.8,3.5,4.1,11.7,29.6166666,119.0166666,172.0,39.18264697125523,10.13344318222118,20.16991790953291,6.432490598706546e-16,0.9955168540074409,29.6166666,877.1469404955554,0.9797320231497504,5.153291594497779,-2686.5932928292873,4843.41940281919,3148.514882816864,0.0,180.0,19.0
2022-01-01,45.6,54.9,38.1,7.5,5.0,2.2,2.9,11.7,29.6166666,119.0166666,172.0,38.53369281414956,10.140445477407779,20.217859880055833,0.017213356155834685,0.9955168540074409,29.6166666,877.1469404955554,0.9797320231497504,5.153291594497779,-2686.5932928292873,4843.41940281919,3148.514882816864,0.0,180.0,33.1
2022-01-02,46.6,58.6,37.8,6.6,4.7,2.9,4.7,10.1,29.6166666,119.0166666,172.0,39.40831801294777,10.14806472436423,20.269904170854744,0.03442161162274574,0.9955168540074409,29.6166666,877.1469404955554,0.9797320231497504,5.153291594497779,-2686.5932928292873,4843.41940281919,3148.514882816864,0.0,180.0,33.6
2022-01-03,48.3,59.0,38.7,4.2,4.7,2.9,4.3,30.44406474283899,29.6166666,119.0166666,172.0,40.87909128979716,10.156295972620413,20.326030508705657,0.051619667223253764,0.9955168540074409,29.6166666,877.1469404955554,0.9797320231497504,5.153291594497779,-2686.5932928292873,4843.41940281919,3148.514882816864,0.0,180.0,36.8
2022-01-04,49.8,59.0,39.7,1.5,2.8,2.9,5.6,13.0,29.6166666,119.0166666,172.0,42.18530572723604,10.16513391017736,20.38621684299881,0.06880242680231986,0.9955168540074409,29.6166666,877.1469404955554,0.9797320231497504,5.153291594497779,-2686.5932928292873,4843.41940281919,3148.514882816864,0.0,180.0,39.2
2022-01-05,48.0,57.4,44.4,2.6,8.6,2.9,5.4,14.6,29.6166666,119.0166666,172.0,40.69829150004271,10.174572875010677,20.450439341236745,0.08596479873744647,0.9955168540074409,29.6166666,877.1469404955554,0.9797320231497504,5.153291594497779,-2686.5932928292873,4843.41940281919,3148.514882816864,0.0,180.0,43.7
2022-01-06,44.0,50.7,42.1,9.7,11.6,5.0,7.8,18.8,29.6166666,119.0166666,172.0,37.34355851305529,10.184606867196898,20.518672384786978,0.10310169744743485,0.9955168540074409,29.6166666,877.1469404955554,0.9797320231497504,5.153291594497779,-2686.5932928292873,4843.41940281919,3148.514882816864,0.0,180.0,36.6
2022-01-07,44.5,47.5,41.9,7.9,6.8,3.7,5.8,16.1,29.6166666,119.0166666,172.0,37.807309624307514,10.195229561611015,20.590888564980954,0.1202080448993527,0.9955168540074409,29.6166666,877.1469404955554,0.9797320231497504,5.153291594497779,-2686.5932928292873,4843.41940281919,3148.514882816864,0.0,180.0,33.6
2022-01-08,45.8,50.5,40.8,4.3,3.8,2.8,4.5,11.5,29.6166666,119.0166666,172.0,38.95455765902396,10.20643432114165,20.66705867965373,0.13727877211326478,0.9955168540074409,29.6166666,877.1469404955554,0.9797320231497504,5.153291594497779,-2686.5932928292873,4843.41940281919,3148.514882816864,0.0,180.0,36.8
2022-01-09,43.1,50.5,40.1,2.4,4.9,2.9,4.5,11.5,29.6166666,119.0166666,172.0,36.70041937224266,10.218214210369187,20.74715173022201,0.15430882066428117,0.9955168540074409,29.6166666,877.1469404955554,0.9797320231497504,5.153291594497779,-2686.5932928292873,4843.41940281919,3148.514882816864,0.0,180.0,39.4
2022-01-10,45.0,50.0,40.1,2.7,7.8,3.6,6.6,14.8,29.6166666,119.0166666,172.0,38.36460753619198,10.230562009651196,20.83113491939981,0.1712931441814776,0.9955168540074409,29.6166666,877.1469404955554,0.9797320231497504,5.153291594497779,-2686.5932928292873,4843.41940281919,3148.514882816864,0.0,180.0,40.5
2022-01-11,42.4,50.0,34.0,5.9,3.0,2.9,3.5,15.2,29.6166666,119.0166666,172.0,36.19359481110799,10.243470229558866,20.91897364965319,0.1882267098432442,0.9955168540074409,29.6166666,877.1469404955554,0.9797320231497504,5.153291594497779,-2686.5932928292873,4843.41940281919,3148.514882816864,0.0,180.0,29.8
2022-01-12,42.8,51.4,33.1,3.7,2.8,2.7,5.1,11.8,29.6166666,119.0166666,172.0,36.58305434800181,10.256931125607984,21.01063152249608,0.2051044998686192,0.9955168540074409,29.6166666,877.1469404955554,0.9797320231497504,5.153291594497779,-2686.5932928292873,4843.41940281919,3148.514882816864,0.0,180.0,33.6
2022-01-13,39.9,51.4,32.9,7.3,2.6,4.2,5.4,12.0,29.6166666,119.0166666,172.0,34.15086457148322,10.270936713228037,21.106070338729907,0.2219215130041655,0.9955168540074409,29.6166666,877.1469404955554,0.9797320231497504,5.153291594497779,-2686.5932928292873,4843.41940281919,3148.514882816864,0.0,180.0,26.8
2022-01-14,37.8,49.6,32.4,4.2,3.1,3.3,5.2,14.0,29.6166666,119.0166666,172.0,32.39925816617729,10.285478782913426,21.205250099729373,0.2386727660059501,0.9955168540074409,29.6166666,877.1469404955554,0.9797320231497504,5.153291594497779,-2686.5932928292873,4843.41940281919,3148.514882816864,0.0,180.0,28.4
2022-01-15,47.1,55.8,33.8,3.7,4.2,2.9,4.7,-5.38129012232921,29.6166666,119.0166666,172.0,40.42965449334322,10.300548915501457,21.308129009876353,0.255353295116187,0.9955168540074409,29.6166666,877.1469404955554,0.9797320231497504,5.153291594497779,-2686.5932928292873,4843.41940281919,3148.514882816864,0.0,180.0,38.4
2022-01-16,47.5,55.8,37.9,6.3,1.9,4.7,6.4,17.5,29.6166666,119.0166666,172.0,40.834714886027825,10.31613849752282,21.414663480242197,0.2719581575341055,0.9955168540074409,29.6166666,877.1469404955554,0.9797320231497504,5.153291594497779,-2686.5932928292873,4843.41940281919,3148.514882816864,0.0,180.0,39.9
2022-01-17,46.5,53.8,42.8,7.1,2.9,2.9,4.5,11.3,29.6166666,119.0166666,172.0,40.0374251042144,10.332238736571458,21.524808133617135,0.288482432880609,0.9955168540074409,29.6166666,877.1469404955554,0.9797320231497504,5.153291594497779,-2686.5932928292873,4843.41940281919,3148.514882816864,0.0,180.0,43.0
2022-01-18,48.9,55.8,43.5,4.4,5.7,2.4,4.1,22.7293147855801,29.6166666,119.0166666,172.0,42.17152575731721,10.348840676642261,21.63851581098327,0.30492122465628907,0.9955168540074409,29.6166666,877.1469404955554,0.9797320231497504,5.153291594497779,-2686.5932928292873,4843.41940281919,3148.514882816864,0.0,180.0,42.8
2022-01-19,51.1,60.8,44.1,3.5,6.8,3.9,6.6,13.4,29.6166666,119.0166666,172.0,44.141607450338725,10.365935213386784,21.75573757952425,0.3212696616923644,0.9955168540074409,29.6166666,877.1469404955554,0.9797320231497504,5.153291594497779,-2686.5932928292873,4843.41940281919,3148.514882816864,0.0,180.0,42.9
2022-01-20,45.9,60.8,43.2,5.5,2.6,5.3,6.4,18.6,29.6166666,119.0166666,172.0,39.71693764283925,10.38351310923902,21.876422742261934,0.3375228995941133,0.9955168540074409,29.6166666,877.1469404955554,0.9797320231497504,5.153291594497779,-2686.5932928292873,4843.41940281919,3148.514882816864,0.0,180.0,38.0
2022-01-21,44.6,49.3,42.3,3.0,5.4,5.6,8.4,17.5,29.6166666,119.0166666,172.0,38.65914994775859,10.401565008365539,22.0005188494063,0.3536761221763716,0.9955168540074409,29.6166666,877.1469404955554,0.9797320231497504,5.153291594497779,-2686.5932928292873,4843.41940281919,3148.514882816864,0.0,180.0,36.7
2022-01-22,46.5,47.8,42.3,997.5,1.9,2.0,2.9,14.6,29.6166666,119.0166666,172.0,40.37781562416105,10.4200814513964,22.127971711500223,0.3697245428906731,0.9955168540074409,29.6166666,877.1469404955554,0.9797320231497504,5.153291594497779,-2686.5932928292873,4843.41940281919,3148.514882816864,0.0,180.0,44.6
2022-01-23,49.5,52.0,43.9,997.1,9.3,4.2,6.0,16.5,29.6166666,119.0166666,172.0,43.06109317082025,10.43905288989582,22.25872541443665,0.38566340624360707,0.9955168540074409,29.6166666,877.1469404955554,0.9797320231497504,5.153291594497779,-2686.5932928292873,4843.41940281919,3148.514882816864,0.0,180.0,47.7
2022-01-24,46.4,52.0,44.6,1.1,11.4,4.6,7.2,16.5,29.6166666,119.0166666,172.0,40.439416175398016,10.45846970053397,22.39272233642021,0.401487989205973,0.9955168540074409,29.6166666,877.1469404955554,0.9797320231497504,5.153291594497779,-2686.5932928292873,4843.41940281919,3148.514882816864,0.0,180.0,42.4
2022-01-25,45.0,48.2,42.3,2.2,3.7,3.7,4.9,13.6,29.6166666,119.0166666,172.0,39.29370824596506,10.478322198924015,22.52990316693979,0.4171936026123168,0.9955168540074409,29.6166666,877.1469404955554,0.9797320231497504,5.153291594497779,-2686.5932928292873,4843.41940281919,3148.514882816864,0.0,180.0,41.4
2022-01-26,42.6,48.2,41.9,1.5,5.5,3.8,5.4,16.9,29.6166666,119.0166666,172.0,37.27003231847332,10.498600653091076,22.670206927813073,0.4327755925504312,0.9955168540074409,29.6166666,877.1469404955554,0.9797320231497504,5.153291594497779,-2686.5932928292873,4843.41940281919,3148.514882816864,0.0,180.0,41.2
2022-01-27,42.6,45.0,39.9,4.4,11.4,5.3,6.4,15.9,29.6166666,119.0166666,172.0,37.34349830272629,10.519295296542616,22.813570996357708,0.4482293417404106,0.9955168540074409,29.6166666,877.1469404955554,0.9797320231497504,5.153291594497779,-2686.5932928292873,4843.41940281919,3148.514882816864,0.0,180.0,40.4
2022-01-28,36.7,45.0,34.2,4.4,7.8,5.6,8.5,21.0,29.6166666,119.0166666,172.0,32.23604547595724,10.54039634091245,22.959931130737463,0.4635502709028509,0.9955168540074409,29.6166666,877.1469404955554,0.9797320231497504,5.153291594497779,-2686.5932928292873,4843.41940281919,3148.514882816864,0.0,180.0,35.1
2022-01-29,34.6,38.5,33.6,2.5,7.7,3.8,5.1,16.9,29.6166666,119.0166666,172.0,30.453460999175526,10.561893988153361,23.109221497525116,0.47873384011578846,0.9955168540074409,29.6166666,877.1469404955554,0.9797320231497504,5.153291594497779,-2686.5932928292873,4843.41940281919,3148.514882816864,0.0,180.0,32.7
2022-01-30,37.0,43.5,32.9,6.4,8.7,3.2,4.3,11.1,29.6166666,119.0166666,172.0,32.63331686362283,10.583778442256055,23.26137470151687,0.49377555015997715,0.9955168540074409,29.6166666,877.1469404955554,0.9797320231497504,5.153291594497779,-2686.5932928292873,4843.41940281919,3148.514882816864,0.0,180.0,31.2
2022-01-31,41.1,48.6,32.4,6.4,7.2,2.9,4.1,11.3,29.6166666,119.0166666,172.0,36.325686727626476,10.606039920474883,23.41632181782623,0.5086709438521044,0.9955168540074409,29.6166666,877.1469404955554,0.9797320231497504,5.153291594497779,-2686.5932928292873,4843.41940281919,3148.514882816864,0.0,180.0,32.8
2022-02-01,37.7,48.6,33.8,7.9,1.5,4.9,6.8,13.0,29.6166666,119.0166666,172.0,33.39173405286986,10.628668664043454,23.573992426277915,0.5234156073655503,0.9955168540074409,29.6166666,877.1469404955554,0.9797320231497504,5.153291594497779,-2686.5932928292873,4843.41940281919,3148.514882816864,0.0,180.0,34.7
2022-02-02,35.1,39.7,33.4,6.7,8.5,5.2,7.8,16.5,29.6166666,119.0166666,172.0,31.156090723970127,10.651654948365856,23.73431464811522,0.5380051715382996,0.9955168540074409,29.6166666,877.1469404955554,0.9797320231497504,5.153291594497779,-2686.5932928292873,4843.41940281919,3148.514882816864,0.0,180.0,33.0
2022-02-03,36.3,37.0,33.4,6.0,14.0,3.7,5.4,12.2,29.6166666,119.0166666,172.0,32.29184200533202,10.674989092671744,23.89721518502666,0.5524353131676196,0.9955168540074409,29.6166666,877.1469404955554,0.9797320231497504,5.153291594497779,-2686.5932928292873,4843.41940281919,3148.514882816864,0.0,180.0,33.9
2022-02-04,39.5,45.5,35.4,8.7,13.3,2.9,4.9,-79.09938824315365,29.6166666,119.0166666,172.0,35.216427335873185,10.69866146912603,24.062619360490462,0.5667017562911176,0.9955168540074409,29.6166666,877.1469404955554,0.9797320231497504,5.153291594497779,-2686.5932928292873,4843.41940281919,3148.514882816864,0.0,180.0,35.0
2022-02-05,41.0,48.6,33.8,10.5,8.5,4.2,7.6,16.9,29.6166666,119.0166666,172.0,36.63576358056949,10.722662511386192,24.230451163427766,0.5808002734538009,0.9955168540074409,29.6166666,877.1469404955554,0.9797320231497504,5.153291594497779,-2686.5932928292873,4843.41940281919,3148.514882816864,0.0,180.0,29.5
2022-02-06,35.7,48.6,32.9,7.7,5.9,5.5,7.2,16.7,29.6166666,119.0166666,172.0,31.972273599742717,10.746982722602594,24.400633294148022,0.5947266869607634,0.9955168540074409,29.6166666,877.1469404955554,0.9797320231497504,5.153291594497779,-2686.5932928292873,4843.41940281919,3148.514882816864,0.0,180.0,28.3
2022-02-07,35.9,40.1,32.9,3.9,10.7,3.7,9.7,20.6,29.6166666,119.0166666,172.0,32.2250746095539,10.771612682859242,24.573087212562513,0.6084768701151261,0.9955168540074409,29.6166666,877.1469404955554,0.9797320231497504,5.153291594497779,-2686.5932928292873,4843.41940281919,3148.514882816864,0.0,180.0,34.3
2022-02-08,38.7,40.6,32.9,6.6,14.8,4.6,7.2,15.0,29.6166666,119.0166666,172.0,34.81885135577567,10.79654305605447,24.747733188634406,0.6220467484408675,0.9955168540074409,29.6166666,877.1469404955554,0.9797320231497504,5.153291594497779,-2686.5932928292873,4843.41940281919,3148.514882816864,0.0,180.0,34.5
2022-02-09,38.9,40.6,36.1,3.8,11.4,2.3,3.5,12.8,29.6166666,119.0166666,172.0,35.080553566089556,10.821764596223,24.924490355026467,0.6354323008901774,0.9955168540074409,29.6166666,877.1469404955554,0.9797320231497504,5.153291594497779,-2686.5932928292873,4843.41940281919,3148.514882816864,0.0,180.0,37.2
2022-02-10,41.4,45.0,36.1,2.7,11.2,3.7,5.8,15.2,29.6166666,119.0166666,172.0,37.423075128893636,10.847268153302503,25.103276761900183,0.6486295610349814,0.9955168540074409,29.6166666,877.1469404955554,0.9797320231497504,5.153291594497779,-2686.5932928292873,4843.41940281919,3148.514882816864,0.0,180.0,37.6
2022-02-11,41.0,45.0,38.8,1.6,4.2,2.8,4.5,14.6,29.6166666,119.0166666,172.0,37.149569317694365,10.87304467834957,25.28400943381284,0.6616346182422783,0.9955168540074409,29.6166666,877.1469404955554,0.9797320231497504,5.153291594497779,-2686.5932928292873,4843.41940281919,3148.514882816864,0.0,180.0,39.8
2022-02-12,44.6,48.2,39.4,1.0,14.5,3.6,5.1,11.8,29.6166666,119.0166666,172.0,40.50826676485244,10.899085228211419,25.466604428652197,0.6744436188329455,0.9955168540074409,29.6166666,877.1469404955554,0.9797320231497504,5.153291594497779,-2686.5932928292873,4843.41940281919,3148.514882816864,0.0,180.0,40.9
2022-02-13,43.7,48.2,42.3,1.3,7.2,2.6,3.3,11.8,29.6166666,119.0166666,172.0,39.7865956978493,10.925380969661134,25.65097689854123,0.6870527672236669,0.9955168540074409,29.6166666,877.1469404955554,0.9797320231497504,5.153291594497779,-2686.5932928292873,4843.41940281919,3148.514882816864,0.0,180.0,41.3
2022-02-14,45.4,49.5,42.6,3.9,8.7,3.3,5.1,13.0,29.6166666,119.0166666,172.0,41.43477604237084,10.95192318300551,25.83704115263909,0.699458327051647,0.9955168540074409,29.6166666,877.1469404955554,0.9797320231497504,5.153291594497779,-2686.5932928292873,4843.41940281919,3148.514882816864,0.0,180.0,37.3
2022-02-15,45.4,49.5,41.5,2.7,3.3,4.1,5.1,10.9,29.6166666,119.0166666,172.0,41.5360940199147,10.978703265175692,26.024710721757476,0.7116566222817746,0.9955168540074409,29.6166666,877.1469404955554,0.9797320231497504,5.153291594497779,-2686.5932928292873,4843.41940281919,3148.514882816864,0.0,180.0,35.8
2022-02-16,42.1,49.3,37.8,2.5,2.7,6.3,8.7,19.6,29.6166666,119.0166666,172.0,38.611708835860945,11.005712732311908,26.213898424705807,0.7236440382959124,0.9955168540074409,29.6166666,877.1469404955554,0.9797320231497504,5.153291594497779,-2686.5932928292873,4843.41940281919,3148.514882816864,0.0,180.0,37.1
2022-02-17,34.0,44.6,33.1,4.2,4.5,5.5,7.0,19.6,29.6166666,119.0166666,172.0,31.26000579525408,11.032943221854381,26.404516436272043,0.7354170229639855,0.9955168540074409,29.6166666,877.1469404955554,0.9797320231497504,5.153291594497779,-2686.5932928292873,4843.41940281919,3148.514882816864,0.0,180.0,32.7
2022-02-18,36.7,37.9,33.1,4.2,8.3,4.2,6.4,17.9,29.6166666,119.0166666,172.0,33.826348694619455,11.0603864941535,26.59647635674062,0.7469720876965552,0.9955168540074409,29.6166666,877.1469404955554,0.9797320231497504,5.153291594497779,-2686.5932928292873,4843.41940281919,3148.514882816864,0.0,180.0,35.1
2022-02-19,37.7,40.1,35.1,9.4,12.2,6.1,10.1,18.5,29.6166666,119.0166666,172.0,34.834908178933674,11.088034433612838,26.789689282843238,0.7583058084785624,0.9955168540074409,29.6166666,877.1469404955554,0.9797320231497504,5.153291594497779,-2686.5932928292873,4843.41940281919,3148.514882816864,0.0,180.0,28.9
2022-02-20,37.3,42.4,34.2,11.4,15.9,3.2,4.5,15.5,29.6166666,119.0166666,172.0,34.55185737848745,11.11587904937934,26.98406588003287,0.7694148268839378,0.9955168540074409,29.6166666,877.1469404955554,0.9797320231497504,5.153291594497779,-2686.5932928292873,4843.41940281919,3148.514882816864,0.0,180.0,18.2
2022-02-21,40.1,46.9,32.4,10.8,14.3,3.1,6.0,11.1,29.6166666,119.0166666,172.0,37.23924085594793,11.14391247559539,27.179516455966827,0.7802958510707755,0.9955168540074409,29.6166666,877.1469404955554,0.9797320231497504,5.153291594497779,-2686.5932928292873,4843.41940281919,3148.514882816864,0.0,180.0,25.2
2022-02-22,35.4,46.9,32.4,12.5,2.9,2.8,5.8,15.5,29.6166666,119.0166666,172.0,32.95777456512256,11.172126971227987,27.375951035079623,0.7909456567567772,0.9955168540074409,29.6166666,877.1469404955554,0.9797320231497504,5.153291594497779,-2686.5932928292873,4843.41940281919,3148.514882816864,0.0,180.0,32.6
2022-02-23,36.0,43.3,31.5,12.9,4.4,3.4,7.4,15.9,29.6166666,119.0166666,172.0,33.6015447584713,11.200514919490432,27.573279434122437,0.8013610881746766,0.9955168540074409,29.6166666,877.1469404955554,0.9797320231497504,5.153291594497779,-2686.5932928292873,4843.41940281919,3148.514882816864,0.0,180.0,31.4
2022-02-24,40.9,51.3,30.6,10.8,6.0,4.1,6.0,14.6,29.6166666,119.0166666,172.0,38.27240958492315,11.22906882687232,27.771411338541775,0.8115390590073611,0.9955168540074409,29.6166666,877.1469404955554,0.9797320231497504,5.153291594497779,-2686.5932928292873,4843.41940281919,3148.514882816864,0.0,180.0,30.4
2022-02-25,47.7,58.8,32.5,5.5,7.9,1.8,2.9,-8.997058444478078,29.6166666,119.0166666,172.0,44.74968075412977,11.257781321793653,27.970256379566486,0.8214765533024142,0.9955168540074409,29.6166666,877.1469404955554,0.9797320231497504,5.153291594497779,-2686.5932928292873,4843.41940281919,3148.514882816864,0.0,180.0,36.5
2022-02-26,50.0,62.4,37.4,3.4,11.2,2.9,5.4,13.0,29.6166666,119.0166666,172.0,47.02768813707947,11.286645152899073,28.16972421186889,0.8311706263658079,0.9955168540074409,29.6166666,877.1469404955554,0.9797320231497504,5.153291594497779,-2686.5932928292873,4843.41940281919,3148.514882816864,0.0,180.0,40.6
2022-02-27,56.0,66.4,41.4,0.2,8.7,2.7,4.1,10.7,29.6166666,119.0166666,172.0,52.806381539371664,11.315653187008213,28.369724591663115,0.8406184056344782,0.9955168540074409,29.6166666,877.1469404955554,0.9797320231497504,5.153291594497779,-2686.5932928292873,4843.41940281919,3148.514882816864,0.0,180.0,42.7
2022-02-28,61.1,73.0,43.2,996.4,6.5,2.4,5.2,13.991299327431074,29.6166666,119.0166666,172.0,57.76393188764159,11.34479840673812,28.570167455100897,0.8498170915275278,0.9955168540074409,29.6166666,877.1469404955554,0.9797320231497504,5.153291594497779,-2686.5932928292873,4843.41940281919,3148.514882816864,0.0,180.0,50.5
2022-03-01,57.7,73.0,50.5,0.6,5.3,2.9,5.4,14.0,29.6166666,119.0166666,172.0,54.6903387067374,11.37407390781367,28.770962996823265,0.8587639582758029,0.9955168540074409,29.6166666,877.1469404955554,0.9797320231497504,5.153291594497779,-2686.5932928292873,4843.41940281919,3148.514882816864,0.0,180.0,49.2
2022-03-02,55.4,70.3,49.1,0.3,4.1,2.8,4.3,153.76036730096396,29.6166666,119.0166666,172.0,52.64603320357732,11.40347289608173,28.97202174852466,0.8674563547295969,0.9955168540074409,29.6166666,877.1469404955554,0.9797320231497504,5.153291594497779,-2686.5932928292873,4843.41940281919,3148.514882816864,0.0,180.0,47.1
2022-03-03,62.0,70.9,49.1,994.9,8.3,2.8,4.1,20.6,29.6166666,119.0166666,172.0,59.070441535264294,11.432988684244702,29.17325465738484,0.8758917051442429,0.9955168540074409,29.6166666,877.1469404955554,0.9797320231497504,5.153291594497779,-2686.5932928292873,4843.41940281919,3148.514882816864,0.0,180.0,49.3
2022-03-04,60.9,71.4,50.5,995.4,7.8,2.2,5.2,20.6,29.6166666,119.0166666,172.0,58.17276954326893,11.462614688328852,29.37457316422261,0.8840675099433636,0.9955168540074409,29.6166666,877.1469404955554,0.9797320231497504,5.153291594497779,-2686.5932928292873,4843.41940281919,3148.514882816864,0.0,180.0,54.8
2022-03-05,59.9,73.0,48.9,998.7,12.2,5.3,11.1,23.5,29.6166666,119.0166666,172.0,57.36595258264739,11.492344423902649,29.575889281225326,0.8919813464595485,0.9955168540074409,29.6166666,877.1469404955554,0.9797320231497504,5.153291594497779,-2686.5932928292873,4843.41940281919,3148.514882816864,0.0,180.0,42.6
2022-03-06,43.4,73.0,38.5,1.3,8.2,6.6,9.5,23.5,29.6166666,119.0166666,172.0,41.671853599117235,11.522171502060067,29.777115669107808,0.8996308696522433,0.9955168540074409,29.6166666,877.1469404955554,0.9797320231497504,5.153291594497779,-2686.5932928292873,4843.41940281919,3148.514882816864,0.0,180.0,37.6
2022-03-07,45.7,56.1,38.5,2.5,15.0,2.9,4.1,19.4,29.6166666,119.0166666,172.0,43.99420798924068,11.552089625183546,29.97816571355429,0.9070138128026359,0.9955168540074409,29.6166666,877.1469404955554,0.9797320231497504,5.153291594497779,-2686.5932928292873,4843.41940281919,3148.514882816864,0.0,180.0,41.5
2022-03-08,52.6,65.8,39.7,998.9,13.9,2.2,3.3,-57.10315634927065,29.6166666,119.0166666,172.0,50.76817248662961,11.582092582501051,30.178953600798266,0.9141279881853337,0.9955168540074409,29.6166666,877.1469404955554,0.9797320231497504,5.153291594497779,-2686.5932928292873,4843.41940281919,3148.514882816864,0.0,180.0,43.5
2022-03-09,57.1,72.5,44.2,997.9,13.6,2.6,3.3,133.9577334042779,29.6166666,119.0166666,172.0,55.25459578460615,11.61217424545138,30.379394392195525,0.9209712877166346,0.9955168540074409,29.6166666,877.1469404955554,0.9797320231497504,5.153291594497779,-2686.5932928292873,4843.41940281919,3148.514882816864,0.0,180.0,43.9
2022-03-10,59.0,72.5,46.0,995.4,13.3,1.7,2.7,51.611851553533896,29.6166666,119.0166666,172.0,57.24144876745189,11.642328562871572,30.57940409764763,0.9275416835791966,0.9955168540074409,29.6166666,877.1469404955554,0.9797320231497504,5.153291594497779,-2686.5932928292873,4843.41940281919,3148.514882816864,0.0,180.0,49.0
2022-03-11,64.3,79.9,50.9,994.5,15.2,2.5,3.7,-208.14922641289732,29.6166666,119.0166666,172.0,62.54541137100717,11.672549556020002,30.778899747734673,0.9338372288229252,0.9955168540074409,29.6166666,877.1469404955554,0.9797320231497504,5.153291594497779,-2686.5932928292873,4843.41940281919,3148.514882816864,0.0,180.0,51.4
2022-03-12,69.6,82.9,53.4,991.8,14.3,3.1,5.1,79.12006387615807,29.6166666,119.0166666,172.0,67.87642161800116,11.702831313448476,30.977799464418574,0.9398560579418954,0.9955168540074409,29.6166666,877.1469404955554,0.9797320231497504,5.153291594497779,-2686.5932928292873,4843.41940281919,3148.514882816864,0.0,180.0,55.8
2022-03-13,71.1,84.9,56.3,991.4,10.5,2.1,3.3,12.8,29.6166666,119.0166666,172.0,69.5190203154876,11.733167985736303,31.176022530180543,0.9455963874271426,0.9955168540074409,29.6166666,877.1469404955554,0.9797320231497504,5.153291594497779,-2686.5932928292873,4843.41940281919,3148.514882816864,0.0,180.0,60.0
2022-03-14,68.0,85.8,60.8,993.4,4.7,5.1,18.3,40.8,29.6166666,119.0166666,172.0,66.66013808722852,11.76355378009915,31.373489455459705,0.9510565162951535,0.9955168540074409,29.6166666,877.1469404955554,0.9797320231497504,5.153291594497779,-2686.5932928292873,4843.41940281919,3148.514882816864,0.0,180.0,61.0
2022-03-15,67.0,85.8,59.7,992.2,4.7,2.8,4.1,18.6,29.6166666,119.0166666,172.0,65.84973816477546,11.793982954885157,31.570122044263044,0.9562348265919056,0.9955168540074409,29.6166666,877.1469404955554,0.9797320231497504,5.153291594497779,-2686.5932928292873,4843.41940281919,3148.514882816864,0.0,180.0,59.1
2022-03-16,69.1,77.4,59.5,989.5,5.6,2.1,3.7,11.8,29.6166666,119.0166666,172.0,68.08912351211394,11.824449813970585,31.765843457820456,0.9611297838723007,0.9955168540074409,29.6166666,877.1469404955554,0.9797320231497504,5.153291594497779,-2686.5932928292873,4843.41940281919,3148.514882816864,0.0,180.0,62.5
2022-03-17,58.2,77.4,50.4,989.7,10.7,6.2,7.2,17.5,29.6166666,119.0166666,172.0,57.496501200175146,11.85494870106704,31.9605782761631,0.9657399376548549,0.9955168540074409,29.6166666,877.1469404955554,0.9797320231497504,5.153291594497779,-2686.5932928292873,4843.41940281919,3148.514882816864,0.0,180.0,54.7
2022-03-18,55.9,67.5,50.0,992.7,18.6,3.4,5.2,17.5,29.6166666,119.0166666,172.0,55.36649968849373,11.885473993952143,32.15425255750737,0.9700639218515071,0.9955168540074409,29.6166666,877.1469404955554,0.9797320231497504,5.153291594497779,-2686.5932928292873,4843.41940281919,3148.514882816864,0.0,180.0,47.5
2022-03-19,56.2,61.7,50.9,994.2,11.6,4.4,8.9,20.2,29.6166666,119.0166666,172.0,55.80669412860865,11.916020098635297,32.346793895331814,0.9741004551724205,0.9955168540074409,29.6166666,877.1469404955554,0.9797320231497504,5.153291594497779,-2686.5932928292873,4843.41940281919,3148.514882816864,0.0,180.0,49.8
2022-03-20,47.2,61.7,45.5,997.0,12.3,6.9,9.5,21.4,29.6166666,119.0166666,172.0,46.98988701098227,11.946581443470068,32.538131473039,0.9778483415056568,0.9955168540074409,29.6166666,877.1469404955554,0.9797320231497504,5.153291594497779,-2686.5932928292873,4843.41940281919,3148.514882816864,0.0,180.0,43.8
2022-03-21,47.0,49.8,44.6,997.4,9.8,5.9,8.9,21.6,29.6166666,119.0166666,172.0,46.91051385346304,11.977152473224606,32.72819611610023,0.9813064702716093,0.9955168540074409,29.6166666,877.1469404955554,0.9797320231497504,5.153291594497779,-2686.5932928292873,4843.41940281919,3148.514882816864,0.0,180.0,45.1
2022-03-22,44.2,49.3,42.8,1.4,8.6,5.0,7.4,19.0,29.6166666,119.0166666,172.0,44.228463485496945,12.00772764312134,32.91692034158607,0.9844738167520922,0.9955168540074409,29.6166666,877.1469404955554,0.9797320231497504,5.153291594497779,-2686.5932928292873,4843.41940281919,3148.514882816864,0.0,180.0,42.1
2022-03-23,49.8,54.7,42.8,999.8,17.5,2.6,3.9,13.2,29.6166666,119.0166666,172.0,49.95895086335739,12.038301412857201,33.10423840499208,0.9873494423939864,0.9955168540074409,29.6166666,877.1469404955554,0.9797320231497504,5.153291594497779,-2686.5932928292873,4843.41940281919,3148.514882816864,0.0,180.0,42.6
2022-03-24,58.0,64.4,44.4,993.7,13.6,2.3,3.9,-184.26259930789905,29.6166666,119.0166666,172.0,58.332863162974995,12.068868240615517,33.29008634427477,0.989932495087353,0.9955168540074409,29.6166666,877.1469404955554,0.9797320231497504,5.153291594497779,-2686.5932928292873,4843.41940281919,3148.514882816864,0.0,180.0,49.9
2022-03-25,59.1,64.4,50.2,987.4,4.8,4.3,10.3,16.5,29.6166666,119.0166666,172.0,59.589656192122526,12.099422577080716,33.47440202101971,0.9922222094179323,0.9955168540074409,29.6166666,877.1469404955554,0.9797320231497504,5.153291594497779,-2686.5932928292873,4843.41940281919,3148.514882816864,0.0,180.0,57.6
2022-03-26,56.2,61.9,53.6,997.2,8.6,2.6,4.5,17.3,29.6166666,119.0166666,172.0,56.80864065850381,12.129958859467004,33.65712515866978,0.994217906893952,0.9955168540074409,29.6166666,877.1469404955554,0.9797320231497504,5.153291594497779,-2686.5932928292873,4843.41940281919,3148.514882816864,0.0,180.0,52.9
2022-03-27,53.1,61.5,49.5,1.4,4.9,2.6,6.6,12.8,29.6166666,119.0166666,172.0,53.810086412156885,12.160471505572177,33.83819737774878,0.995918996147179,0.9955168540074409,29.6166666,877.1469404955554,0.9797320231497504,5.153291594497779,-2686.5932928292873,4843.41940281919,3148.514882816864,0.0,180.0,50.4
2022-03-28,55.4,63.5,48.2,2.8,11.3,3.0,4.3,11.3,29.6166666,119.0166666,172.0,56.28157515798987,12.190954907867843,34.017562228022356,0.9973249731081555,0.9955168540074409,29.6166666,877.1469404955554,0.9797320231497504,5.153291594497779,-2686.5932928292873,4843.41940281919,3148.514882816864,0.0,180.0,47.9
2022-03-29,61.2,71.4,47.3,998.6,11.9,2.4,3.3,313.96036534668593,29.6166666,119.0166666,172.0,62.32915748095049,12.221403427637352,34.195165217545146,0.9984354211555643,0.9955168540074409,29.6166666,877.1469404955554,0.9797320231497504,5.153291594497779,-2686.5932928292873,4843.41940281919,3148.514882816864,0.0,180.0,51.6
2022-03-30,63.2,72.5,52.5,999.2,9.7,3.9,8.4,21.4,29.6166666,119.0166666,172.0,64.52620664964407,12.251811389172921,34.37095383855057,0.9992500112396835,0.9955168540074409,29.6166666,877.1469404955554,0.9797320231497504,5.153291594497779,-2686.5932928292873,4843.41940281919,3148.514882816864,0.0,180.0,58.3
2022-03-31,52.7,72.5,49.5,7.2,3.7,5.2,7.2,21.4,29.6166666,119.0166666,172.0,53.93921008350789,12.28217307404354,34.5448775901469,0.9997685019798909,0.9955168540074409,29.6166666,877.1469404955554,0.9797320231497504,5.153291594497779,-2686.5932928292873,4843.41940281919,3148.514882816864,0.0,180.0,49.2
2022-04-01,48.9,56.7,43.2,10.3,15.0,2.6,4.5,21.0,29.6166666,119.0166666,172.0,50.17336706543994,12.312482715445384,34.71688799779062,0.9999907397361901,0.9955168540074409,29.6166666,877.1469404955554,0.9797320231497504,5.153291594497779,-2686.5932928292873,4843.41940281919,3148.514882816864,0.0,180.0,35.7
2022-04-02,53.1,63.3,43.3,7.6,12.5,3.0,3.9,11.1,29.6166666,119.0166666,172.0,54.61660012996184,12.342734492646743,34.886938629515555,0.9999166586547379,0.9955168540074409,29.6166666,877.1469404955554,0.9797320231497504,5.153291594497779,-2686.5932928292873,4843.41940281919,3148.514882816864,0.0,180.0,41.4
2022-04-03,56.7,69.6,44.6,6.8,10.8,3.5,4.3,10.5,29.6166666,119.0166666,172.0,58.46205893317444,12.372922525539565,35.05498510890375,0.9995462806873573,0.9955168540074409,29.6166666,877.1469404955554,0.9797320231497504,5.153291594497779,-2686.5932928292873,4843.41940281919,3148.514882816864,0.0,180.0,37.9
2022-04-04,60.0,70.0,46.2,4.3,16.0,2.3,3.3,10.5,29.6166666,119.0166666,172.0,62.015204346550135,12.403040869310027,35.220985124791945,0.9988797155850336,0.9955168540074409,29.6166666,877.1469404955554,0.9797320231497504,5.153291594497779,-2686.5932928292873,4843.41940281919,3148.514882816864,0.0,180.0,40.9
2022-04-05,57.3,70.0,50.2,1.0,13.8,1.9,2.3,134.426200004556,29.6166666,119.0166666,172.0,59.3679737566247,12.433083509240774,35.38489843771437,0.9979171608653922,0.9955168540074409,29.6166666,877.1469404955554,0.9797320231497504,5.153291594497779,-2686.5932928292873,4843.41940281919,3148.514882816864,0.0,180.0,48.6
2022-04-06,62.8,76.6,49.6,999.8,14.7,2.5,3.7,-44.517019028039584,29.6166666,119.0166666,172.0,65.2232654612752,12.463044355657685,35.546686883090686,0.9966589017541702,0.9955168540074409,29.6166666,877.1469404955554,0.9797320231497504,5.153291594497779,-2686.5932928292873,4843.41940281919,3148.514882816864,0.0,180.0,50.0
2022-04-07,66.3,81.7,52.9,998.7,15.3,3.1,4.3,-56.101136043311925,29.6166666,119.0166666,172.0,69.0233677456648,12.492917239034353,35.70631437117516,0.9951053111006976,0.9955168540074409,29.6166666,877.1469404955554,0.9797320231497504,5.153291594497779,-2686.5932928292873,4843.41940281919,3148.514882816864,0.0,180.0,50.6
2022-04-08,66.9,84.9,54.3,996.2,15.6,3.1,5.1,11.7,29.6166666,119.0166666,172.0,69.81402967186746,12.522695905267705,35.86374688379029,0.9932568492674143,0.9955168540074409,29.6166666,877.1469404955554,0.9797320231497504,5.153291594497779,-2686.5932928292873,4843.41940281919,3148.514882816864,0.0,180.0,46.4
2022-04-09,68.0,84.9,54.5,992.6,16.3,2.7,5.2,-16.84511077097589,29.6166666,119.0166666,172.0,71.13011939645135,12.552374011138474,36.01895246787578,0.9911140639934547,0.9955168540074409,29.6166666,877.1469404955554,0.9797320231497504,5.153291594497779,-2686.5932928292873,4843.41940281919,3148.514882816864,0.0,180.0,48.8
2022-04-10,68.5,84.2,57.6,991.8,13.9,2.0,3.1,-26.83545425884058,29.6166666,119.0166666,172.0,71.82193672649862,12.581945119970563,36.17190122589068,0.9886775902323405,0.9955168540074409,29.6166666,877.1469404955554,0.9797320231497504,5.153291594497779,-2686.5932928292873,4843.41940281919,3148.514882816864,0.0,180.0,55.1
2022-04-11,73.0,90.0,58.8,990.0,11.9,2.6,4.5,-20.442653421082625,29.6166666,119.0166666,172.0,76.71936640981329,12.611402697503555,36.32256530311353,0.9859481499638304,0.9955168540074409,29.6166666,877.1469404955554,0.9797320231497504,5.153291594497779,-2686.5932928292873,4843.41940281919,3148.514882816864,0.0,180.0,58.9
2022-04-12,76.2,90.0,61.9,987.3,12.8,3.4,4.7,16.3,29.6166666,119.0166666,172.0,80.2686996857554,12.640740107992976,36.47091887189238,0.9829265519799822,0.9955168540074409,29.6166666,877.1469404955554,0.9797320231497504,5.153291594497779,-2686.5932928292873,4843.41940281919,3148.514882816864,0.0,180.0,59.2
2022-04-13,59.5,65.7,55.6,989.1,10.6,4.6,13.8,30.9,29.6166666,119.0166666,172.0,62.821838443992455,12.669950610553101,36.616938112902965,0.9796136916454901,0.9955168540074409,29.6166666,877.1469404955554,0.9797320231497504,5.153291594497779,-2686.5932928292873,4843.41940281919,3148.514882816864,0.0,180.0,58.1
2022-04-14,61.3,68.5,55.6,996.4,14.8,4.3,6.4,15.5,29.6166666,119.0166666,172.0,64.87086474232757,12.699027355757437,36.76060119348015,0.9760105506323683,0.9955168540074409,29.6166666,877.1469404955554,0.9797320231497504,5.153291594497779,-2686.5932928292873,4843.41940281919,3148.514882816864,0.0,180.0,54.0
2022-04-15,58.6,68.5,53.8,0.4,15.9,4.9,7.2,17.3,29.6166666,119.0166666,172.0,62.15488785126777,12.727963382512172,36.90188824309372,0.9721181966290613,0.9955168540074409,29.6166666,877.1469404955554,0.9797320231497504,5.153291594497779,-2686.5932928292873,4843.41940281919,3148.514882816864,0.0,180.0,45.7
2022-04-16,53.8,64.2,51.4,0.4,8.7,3.8,6.0,14.2,29.6166666,119.0166666,172.0,57.19276974156124,12.756751615218121,37.04078132604573,0.9679377830240642,0.9955168540074409,29.6166666,877.1469404955554,0.9797320231497504,5.153291594497779,-2686.5932928292873,4843.41940281919,3148.514882816864,0.0,180.0,42.2
2022-04-17,59.7,65.1,51.3,998.8,15.5,2.9,5.8,-36.884840146171186,29.6166666,119.0166666,172.0,63.607289684653495,12.785384861236883,37.177264411472436,0.9634705485641488,0.9955168540074409,29.6166666,877.1469404955554,0.9797320231497504,5.153291594497779,-2686.5932928292873,4843.41940281919,3148.514882816864,0.0,180.0,45.0
2022-04-18,59.5,67.1,54.3,999.7,10.2,2.2,3.9,46.129764395330824,29.6166666,119.0166666,172.0,63.535368384690216,12.813855808677019,37.31132334073924,0.9587178169872964,0.9955168540074409,29.6166666,877.1469404955554,0.9797320231497504,5.153291594497779,-2686.5932928292873,4843.41940281919,3148.514882816864,0.0,180.0,51.5
2022-04-19,63.1,76.1,54.7,998.7,10.3,2.9,5.8,-89.65876659949015,29.6166666,119.0166666,172.0,67.52834235391457,12.84215702451624,37.44294579232245,0.9536809966304457,0.9955168540074409,29.6166666,877.1469404955554,0.9797320231497504,5.153291594497779,-2686.5932928292873,4843.41940281919,3148.514882816864,0.0,180.0,52.0
2022-04-20,66.8,77.5,54.3,993.6,9.4,2.8,3.9,123.10452202497633,29.6166666,119.0166666,172.0,71.64456397212054,12.870280953075547,37.57212124427621,0.9483615800121715,0.9955168540074409,29.6166666,877.1469404955554,0.9797320231497504,5.153291594497779,-2686.5932928292873,4843.41940281919,3148.514882816864,0.0,180.0,53.2
2022-04-21,67.3,80.8,58.3,992.0,10.6,2.9,5.8,112.34237456361474,29.6166666,119.0166666,172.0,72.33751668918075,12.898219914861352,37.69884093438801,0.9427611433904207,0.9955168540074409,29.6166666,877.1469404955554,0.9797320231497504,5.153291594497779,-2686.5932928292873,4843.41940281919,3148.514882816864,0.0,180.0,58.2
2022-04-22,68.2,80.8,59.7,991.2,5.8,2.7,5.8,9.571533080016723,29.6166666,119.0166666,172.0,73.46257403458165,12.925966105791494,37.82309781813002,0.9368813462954315,0.9955168540074409,29.6166666,877.1469404955554,0.9797320231497504,5.153291594497779,-2686.5932928292873,4843.41940281919,3148.514882816864,0.0,180.0,64.7
2022-04-23,68.8,78.3,62.1,990.1,15.9,4.4,7.8,132.13646174337376,29.6166666,119.0166666,172.0,74.26679982177338,12.953511596820938,37.944886524517685,0.9307239310379795,0.9955168540074409,29.6166666,877.1469404955554,0.9797320231497504,5.153291594497779,-2686.5932928292873,4843.41940281919,3148.514882816864,0.0,180.0,64.3
2022-04-24,74.8,85.3,65.1,988.1,14.4,3.4,3.9,-60.64138677402211,29.6166666,119.0166666,172.0,80.91395461515953,12.980848333982813,38.06420330999034,0.9242907221930933,0.9955168540074409,29.6166666,877.1469404955554,0.9797320231497504,5.153291594497779,-2686.5932928292873,4843.41940281919,3148.514882816864,0.0,180.0,66.5
2022-04-25,73.0,85.3,66.9,984.4,7.9,3.2,7.8,-209.33960210272338,29.6166666,119.0166666,172.0,79.13180617806536,13.007968138860058,38.18104601043199,0.9175836260593937,0.9955168540074409,29.6166666,877.1469404955554,0.9797320231497504,5.153291594497779,-2686.5932928292873,4843.41940281919,3148.514882816864,0.0,180.0,69.8
2022-04-26,71.0,84.9,67.5,989.1,9.6,3.6,5.8,50.27906254129842,29.6166666,119.0166666,172.0,77.12293769789093,13.034862709502693,38.295413991453195,0.9106046300942162,0.9955168540074409,29.6166666,877.1469404955554,0.9797320231497504,5.153291594497779,-2686.5932928292873,4843.41940281919,3148.514882816864,0.0,180.0,68.1
2022-04-27,66.3,74.5,61.9,994.0,12.9,7.3,13.6,14.93973641851551,29.6166666,119.0166666,172.0,72.16491801047385,13.061523621805224,38.40730809705714,0.9033558023246845,0.9955168540074409,29.6166666,877.1469404955554,0.9797320231497504,5.153291594497779,-2686.5932928292873,4843.41940281919,3148.514882816864,0.0,180.0,53.4
2022-04-28,64.4,71.8,59.4,991.7,11.9,3.6,5.8,33.82027311087985,29.6166666,119.0166666,172.0,70.23862384495537,13.087942331358144,38.51673059681556,0.895839290734909,0.9955168540074409,29.6166666,877.1469404955554,0.9797320231497504,5.153291594497779,-2686.5932928292873,4843.41940281919,3148.514882816864,0.0,180.0,57.6
2022-04-29,58.2,71.8,55.2,998.5,12.9,5.3,7.8,158.71135188303333,29.6166666,119.0166666,172.0,63.60343435256653,13.114110175786912,38.62368513168135,0.8880573226294932,0.9955168540074409,29.6166666,877.1469404955554,0.9797320231497504,5.153291594497779,-2686.5932928292873,4843.41940281919,3148.514882816864,0.0,180.0,52.2
2022-04-30,56.1,63.9,54.7,999.1,5.4,3.6,5.8,219.53448352244277,29.6166666,119.0166666,172.0,61.42958591523752,13.140018377590913,38.728176658566206,0.8800122039735357,0.9955168540074409,29.6166666,877.1469404955554,0.9797320231497504,5.153291594497779,-2686.5932928292873,4843.41940281919,3148.514882816864,0.0,180.0,52.5
2022-05-01,58.6,62.8,54.3,999.4,3.9,2.9,3.9,49.26150351431089,29.6166666,119.0166666,172.0,64.29229679859672,13.165658047494208,38.83021139381254,0.8717063187093218,0.9955168540074409,29.6166666,877.1469404955554,0.9797320231497504,5.153291594497779,-2686.5932928292873,4843.41940281919,3148.514882816864,0.0,180.0,54.1
2022-05-02,62.5,73.4,55.0,999.0,8.1,3.4,5.8,93.80982711166526,29.6166666,119.0166666,172.0,68.70323014749353,13.191020188318756,38.92979675568928,0.8631421280499114,0.9955168540074409,29.6166666,877.1469404955554,0.9797320231497504,5.153291594497779,-2686.5932928292873,4843.41940281919,3148.514882816864,0.0,180.0,52.3
2022-05-03,66.3,79.5,55.8,999.0,12.8,3.2,7.8,-130.95357830409088,29.6166666,119.0166666,172.0,73.01892873912847,13.216095699389768,39.026941306041294,0.854322169749827,0.9955168540074409,29.6166666,877.1469404955554,0.9797320231497504,5.153291594497779,-2686.5932928292873,4843.41940281919,3148.514882816864,0.0,180.0,49.1
2022-05-04,67.1,80.8,55.9,996.2,16.5,3.4,3.9,-93.43097669082863,29.6166666,119.0166666,172.0,74.03856150811822,13.24087538148165,39.121654691222,0.8452490573530633,0.9955168540074409,29.6166666,877.1469404955554,0.9797320231497504,5.153291594497779,-2686.5932928292873,4843.41940281919,3148.514882816864,0.0,180.0,48.1
2022-05-05,70.0,85.5,56.3,993.2,17.6,2.9,3.9,81.42236894847412,29.6166666,119.0166666,172.0,77.38120799681748,13.265349942311568,39.21394758243784,0.8359254794186372,0.9955168540074409,29.6166666,877.1469404955554,0.9797320231497504,5.153291594497779,-2686.5932928292873,4843.41940281919,3148.514882816864,0.0,180.0,49.9
2022-05-06,72.3,88.2,59.4,992.9,16.2,3.2,3.9,-4.4446595337195465,29.6166666,119.0166666,172.0,80.06929776558249,13.289510002586306,39.303831615632475,0.8263541987239096,0.9955168540074409,29.6166666,877.1469404955554,0.9797320231497504,5.153291594497779,-2686.5932928292873,4843.41940281919,3148.514882816864,0.0,180.0,56.7
2022-05-07,73.1,88.2,63.0,995.6,16.3,4.4,7.8,4.86851837580002,29.6166666,119.0166666,172.0,81.10046667504405,13.31334610260641,39.39131933103677,0.8165380514459161,0.9955168540074409,29.6166666,877.1469404955554,0.9797320231497504,5.153291594497779,-2686.5932928292873,4843.41940281919,3148.514882816864,0.0,180.0,60.6
2022-05-08,73.4,82.6,65.5,994.6,11.8,4.1,5.8,-38.3671010641952,29.6166666,119.0166666,172.0,81.57705793934636,13.33684870942992,39.476424112509484,0.8064799463209448,0.9955168540074409,29.6166666,877.1469404955554,0.9797320231497504,5.153291594497779,-2686.5932928292873,4843.41940281919,3148.514882816864,0.0,180.0,63.9
2022-05-09,61.5,79.7,59.5,994.3,6.1,5.3,5.8,48.59538887720423,29.6166666,119.0166666,172.0,68.47004215105534,13.360008224596164,39.55916012679056,0.7961828637826158,0.9955168540074409,29.6166666,877.1469404955554,0.9797320231497504,5.153291594497779,-2686.5932928292873,4843.41940281919,3148.514882816864,0.0,180.0,58.1
2022-05-10,62.4,65.8,59.5,991.7,5.7,3.9,3.9,-84.64619300420311,29.6166666,119.0166666,172.0,69.5906379605219,13.382814992408058,39.63954226278737,0.7856498550787147,0.9955168540074409,29.6166666,877.1469404955554,0.9797320231497504,5.153291594497779,-2686.5932928292873,4843.41940281919,3148.514882816864,0.0,180.0,60.1
2022-05-11,68.3,72.9,60.3,991.9,13.3,5.3,7.8,52.40108055507778,29.6166666,119.0166666,172.0,76.29826756574568,13.405259308769374,39.71758607101079,0.7748840413670407,0.9955168540074409,29.6166666,877.1469404955554,0.9797320231497504,5.153291594497779,-2686.5932928292873,4843.41940281919,3148.514882816864,0.0,180.0,63.1
2022-05-12,65.3,72.9,63.3,989.3,10.6,3.6,5.8,-85.78428393239312,29.6166666,119.0166666,172.0,73.06706186802448,13.427331430571115,39.79330770327516,0.7638886127905428,0.9955168540074409,29.6166666,877.1469404955554,0.9797320231497504,5.153291594497779,-2686.5932928292873,4843.41940281919,3148.514882816864,0.0,180.0,62.7
2022-05-13,64.0,69.1,58.1,991.9,13.4,3.2,5.8,-150.3567440989115,29.6166666,119.0166666,172.0,71.72811512330097,13.449021585618931,39.86672385277277,0.7526668275320085,0.9955168540074409,29.6166666,877.1469404955554,0.9797320231497504,5.153291594497779,-2686.5932928292873,4843.41940281919,3148.514882816864,0.0,180.0,60.7
2022-05-14,62.6,71.6,55.6,996.6,7.9,4.4,5.8,-31.796697560376224,29.6166666,119.0166666,172.0,70.27016924512485,13.470319983091024,39.93785169462992,0.7412220108485958,0.9955168540074409,29.6166666,877.1469404955554,0.9797320231497504,5.153291594497779,-2686.5932928292873,4843.41940281919,3148.514882816864,0.0,180.0,53.8
2022-05-15,58.2,71.6,55.2,998.4,15.4,3.4,5.8,-62.33760288934576,29.6166666,119.0166666,172.0,65.43240159889078,13.491216824513563,40.00670882704752,0.7295575540864875,0.9955168540074409,29.6166666,877.1469404955554,0.9797320231497504,5.153291594497779,-2686.5932928292873,4843.41940281919,3148.514882816864,0.0,180.0,50.6
2022-05-16,64.4,76.8,55.4,995.9,15.8,3.2,7.8,150.8825798887498,29.6166666,119.0166666,172.0,72.51280242511062,13.511702315238002,40.07331321312518,0.717676913675962,0.9955168540074409,29.6166666,877.1469404955554,0.9797320231497504,5.153291594497779,-2686.5932928292873,4843.41940281919,3148.514882816864,0.0,180.0,49.9
2022-05-17,63.9,79.3,56.1,996.8,13.5,2.3,3.9,-158.68617664573304,29.6166666,119.0166666,172.0,72.05665755184101,13.53176667640207,40.1376831234634,0.705583610107178,0.9955168540074409,29.6166666,877.1469404955554,0.9797320231497504,5.153291594497779,-2686.5932928292873,4843.41940281919,3148.514882816864,0.0,180.0,54.9
2022-05-18,69.7,79.9,58.8,996.9,17.2,3.9,5.8,-84.95356017370109,29.6166666,119.0166666,172.0,78.71104924729501,13.551400157353514,40.19983707963393,0.6932812268869777,0.9955168540074409,29.6166666,877.1469404955554,0.9797320231497504,5.153291594497779,-2686.5932928292873,4843.41940281919,3148.514882816864,0.0,180.0,51.2
2022-05-19,65.8,79.9,62.2,994.2,13.4,2.8,3.9,28.202000806487796,29.6166666,119.0166666,172.0,74.41208521601263,13.570593048512942,40.25979379860361,0.6807734094770161,0.9955168540074409,29.6166666,877.1469404955554,0.9797320231497504,5.153291594497779,-2686.5932928292873,4843.41940281919,3148.514882816864,0.0,180.0,58.0
2022-05-20,63.9,70.2,61.7,991.7,12.1,2.8,3.9,7.936706354277358,29.6166666,119.0166666,172.0,72.36321257400762,13.589335694649318,40.317572138192425,0.6680638642135335,0.9955168540074409,29.6166666,877.1469404955554,0.9797320231497504,5.153291594497779,-2686.5932928292873,4843.41940281919,3148.514882816864,0.0,180.0,61.0
2022-05-21,69.6,79.0,61.5,990.8,15.5,2.7,5.8,-167.27993009425967,29.6166666,119.0166666,172.0,78.92418734952598,13.607618508538964,40.37319104364105,0.6551563572090853,0.9955168540074409,29.6166666,877.1469404955554,0.9797320231497504,5.153291594497779,-2686.5932928292873,4843.41940281919,3148.514882816864,0.0,180.0,60.1
2022-05-22,73.4,82.4,63.3,988.9,8.8,2.7,5.8,-249.90473898883184,29.6166666,119.0166666,172.0,83.3422256414375,13.625431984976156,40.42666949535914,0.6420547132365637,0.9955168540074409,29.6166666,877.1469404955554,0.9797320231497504,5.153291594497779,-2686.5932928292873,4843.41940281919,3148.514882816864,0.0,180.0,64.0
2022-05-23,69.3,82.4,66.2,991.3,15.6,4.4,7.8,264.7949465631684,29.6166666,119.0166666,172.0,78.78697777970615,13.642766715100633,40.47802645791945,0.6287628145958344,0.9955168540074409,29.6166666,877.1469404955554,0.9797320231497504,5.153291594497779,-2686.5932928292873,4843.41940281919,3148.514882816864,0.0,180.0,62.9
2022-05-24,73.0,81.1,66.0,991.4,15.2,3.1,5.8,59.73106700248337,29.6166666,119.0166666,172.0,83.09598152277925,13.659613401004808,40.5272808303585,0.6152845999633276,0.9955168540074409,29.6166666,877.1469404955554,0.9797320231497504,5.153291594497779,-2686.5932928292873,4843.41940281919,3148.514882816864,0.0,180.0,64.4
2022-05-25,76.2,87.3,66.2,989.2,11.7,3.6,3.9,-23.740030625185014,29.6166666,119.0166666,172.0,86.84236422818799,13.675962870580786,40.57445139783963,0.6016240632249226,0.9955168540074409,29.6166666,877.1469404955554,0.9797320231497504,5.153291594497779,-2686.5932928292873,4843.41940281919,3148.514882816864,0.0,180.0,64.8
2022-05-26,71.4,87.3,66.6,987.6,9.5,4.2,7.8,12.30401759173477,29.6166666,119.0166666,172.0,81.46624625076088,13.691806092564851,40.619556784728346,0.5877852522924732,0.9955168540074409,29.6166666,877.1469404955554,0.9797320231497504,5.153291594497779,-2686.5932928292873,4843.41940281919,3148.514882816864,0.0,180.0,63.6
2022-05-27,71.7,85.3,66.2,986.5,6.8,4.5,11.7,-43.12063058321455,29.6166666,119.0166666,172.0,81.9001267956154,13.707134191734795,40.6626154091261,0.5737722679043246,0.9955168540074409,29.6166666,877.1469404955554,0.9797320231497504,5.153291594497779,-2686.5932928292873,4843.41940281919,3148.514882816864,0.0,180.0,66.2
2022-05-28,67.6,85.3,65.8,984.7,4.8,4.4,5.8,-24.506092983184153,29.6166666,119.0166666,172.0,77.30025334840093,13.721938464213185,40.70364543890281,0.5595892624101765,0.9955168540074409,29.6166666,877.1469404955554,0.9797320231497504,5.153291594497779,-2686.5932928292873,4843.41940281919,3148.514882816864,0.0,180.0,66.3
2022-05-29,71.4,73.0,65.8,983.2,1.0,2.4,3.9,52.53914751896599,29.6166666,119.0166666,172.0,81.7304518373246,13.736210392827662,40.74266474926426,0.545240438540651,0.9955168540074409,29.6166666,877.1469404955554,0.9797320231497504,5.153291594497779,-2686.5932928292873,4843.41940281919,3148.514882816864,0.0,180.0,71.4
2022-05-30,75.2,81.7,68.0,987.2,10.0,3.6,3.9,141.52895302323773,29.6166666,119.0166666,172.0,86.16630108485927,13.749941662477543,40.77969088188579,0.5307300481619334,0.9955168540074409,29.6166666,877.1469404955554,0.9797320231497504,5.153291594497779,-2686.5932928292873,4843.41940281919,3148.514882816864,0.0,180.0,72.1
2022-05-31,73.8,81.7,71.4,987.7,2.5,2.2,3.9,-84.29529920118472,29.6166666,119.0166666,172.0,84.64321367904452,13.763124175454395,40.81474100563907,0.5160623910158528,0.9955168540074409,29.6166666,877.1469404955554,0.9797320231497504,5.153291594497779,-2686.5932928292873,4843.41940281919,3148.514882816864,0.0,180.0,71.4
2022-06-01,71.9,79.3,70.2,986.4,5.2,2.7,3.9,121.22815908129571,29.6166666,119.0166666,172.0,82.53970248275456,13.775750066662791,40.84783187893495,0.5012418134457758,0.9955168540074409,29.6166666,877.1469404955554,0.9797320231497504,5.153291594497779,-2686.5932928292873,4843.41940281919,3148.514882816864,0.0,180.0,71.4
2022-06-02,73.9,79.7,70.2,985.6,10.4,3.6,7.8,-108.6928166814873,29.6166666,119.0166666,172.0,84.90994050091061,13.78781171868643,40.878979813700795,0.48627270710868997,0.9955168540074409,29.6166666,877.1469404955554,0.9797320231497504,5.153291594497779,-2686.5932928292873,4843.41940281919,3148.514882816864,0.0,180.0,71.3
2022-06-03,74.1,79.7,71.8,985.2,3.1,1.9,3.9,-72.97778541525666,29.6166666,119.0166666,172.0,85.21068847077619,13.799301776643919,40.90820064100771,0.4711595076738638,0.9955168540074409,29.6166666,877.1469404955554,0.9797320231497504,5.153291594497779,-2686.5932928292873,4843.41940281919,3148.514882816864,0.0,180.0,73.8
2022-06-04,78.2,83.3,73.2,983.1,9.5,2.2,3.9,-181.04845819929997,29.6166666,119.0166666,172.0,89.99655577743604,13.81021316277791,40.935509678358635,0.4559066935084588,0.9955168540074409,29.6166666,877.1469404955554,0.9797320231497504,5.153291594497779,-2686.5932928292873,4843.41940281919,3148.514882816864,0.0,180.0,76.1
2022-06-05,73.0,83.3,68.4,981.3,3.2,3.3,5.8,-100.53336991218495,29.6166666,119.0166666,172.0,84.07494613522054,13.820539090721185,40.96092169864582,0.440518784350495,0.9955168540074409,29.6166666,877.1469404955554,0.9797320231497504,5.153291594497779,-2686.5932928292873,4843.41940281919,3148.514882816864,0.0,180.0,72.7
2022-06-06,76.2,89.6,68.2,984.7,9.9,1.9,3.9,164.1398402056172,29.6166666,119.0166666,172.0,87.82223405408317,13.830273079383176,40.98445090078289,0.42500033996955416,0.9955168540074409,29.6166666,877.1469404955554,0.9797320231497504,5.153291594497779,-2686.5932928292873,4843.41940281919,3148.514882816864,0.0,180.0,69.4
2022-06-07,79.0,89.6,69.8,987.6,11.0,4.1,5.8,4.949994259528099,29.6166666,119.0166666,172.0,91.10944236213993,13.839408966401002,41.00611088201389,0.4093559588156213,0.9955168540074409,29.6166666,877.1469404955554,0.9797320231497504,5.153291594497779,-2686.5932928292873,4843.41940281919,3148.514882816864,0.0,180.0,67.7
2022-06-08,79.4,88.7,70.2,988.0,10.6,3.6,5.8,-138.4411955763404,29.6166666,119.0166666,172.0,91.6272090946101,13.84794092109976,41.02591461189973,0.39359027665646673,0.9955168540074409,29.6166666,877.1469404955554,0.9797320231497504,5.153291594497779,-2686.5932928292873,4843.41940281919,3148.514882816864,0.0,180.0,66.6
2022-06-09,78.0,88.2,68.5,988.0,14.8,5.1,9.7,210.24670808859057,29.6166666,119.0166666,172.0,90.06311246990137,13.855863456907905,41.04387440798006,0.3777079652039649,0.9955168540074409,29.6166666,877.1469404955554,0.9797320231497504,5.153291594497779,-2686.5932928292873,4843.41940281919,3148.514882816864,0.0,180.0,66.4
2022-06-10,67.6,86.0,66.2,989.2,17.7,4.5,7.8,148.46045316071348,29.6166666,119.0166666,172.0,78.09586579655306,13.863171443175101,41.06000191310689,0.36171373072976765,0.9955168540074409,29.6166666,877.1469404955554,0.9797320231497504,5.153291594497779,-2686.5932928292873,4843.41940281919,3148.514882816864,0.0,180.0,64.2
2022-06-11,69.9,73.9,65.8,990.8,17.8,4.2,5.8,89.78580010487165,29.6166666,119.0166666,172.0,80.79193517769,13.869860116341629,41.074308074445014,0.3456123126707335,0.9955168540074409,29.6166666,877.1469404955554,0.9797320231497504,5.153291594497779,-2686.5932928292873,4843.41940281919,3148.514882816864,0.0,180.0,64.9
2022-06-12,68.0,73.9,66.6,987.2,8.7,2.6,3.9,175.72978359705843,29.6166666,119.0166666,172.0,78.6302421789934,13.8759250904106,41.08680312413291,0.3294084822245304,0.9955168540074409,29.6166666,877.1469404955554,0.9797320231497504,5.153291594497779,-2686.5932928292873,4843.41940281919,3148.514882816864,0.0,180.0,67.2
2022-06-13,73.0,80.6,67.3,985.7,16.7,1.9,3.9,-70.78371235302608,29.6166666,119.0166666,172.0,84.44495439728372,13.881362366676777,41.097496561597154,0.3131070409358269,0.9955168540074409,29.6166666,877.1469404955554,0.9797320231497504,5.153291594497779,-2686.5932928292873,4843.41940281919,3148.514882816864,0.0,180.0,69.5
2022-06-14,78.2,88.7,68.2,987.5,13.0,3.6,7.8,124.27503492843526,29.6166666,119.0166666,172.0,90.49153036638965,13.886168342668487,41.10639713751254,0.29671281927349075,0.9955168540074409,29.6166666,877.1469404955554,0.9797320231497504,5.153291594497779,-2686.5932928292873,4843.41940281919,3148.514882816864,0.0,180.0,69.4
2022-06-15,78.9,88.7,71.4,988.8,9.8,2.5,3.9,66.93241879532843,29.6166666,119.0166666,172.0,91.32898431822485,13.890339820262335,41.113512839400144,0.28023067519921585,0.9955168540074409,29.6166666,877.1469404955554,0.9797320231497504,5.153291594497779,-2686.5932928292873,4843.41940281919,3148.514882816864,0.0,180.0,71.0
2022-06-16,76.3,87.8,72.0,987.9,6.4,2.6,3.9,135.95712135826048,29.6166666,119.0166666,172.0,88.3418822655703,13.89387401293373,41.11885087885527,0.26366549272800704,0.9955168540074409,29.6166666,877.1469404955554,0.9797320231497504,5.153291594497779,-2686.5932928292873,4843.41940281919,3148.514882816864,0.0,180.0,72.7
2022-06-17,81.3,90.9,73.0,985.9,11.7,3.1,5.8,105.58002060096416,29.6166666,119.0166666,172.0,94.1506069405451,13.896768552109979,41.12241768039742,0.24702218048093552,0.9955168540074409,29.6166666,877.1469404955554,0.9797320231497504,5.153291594497779,-2686.5932928292873,4843.41940281919,3148.514882816864,0.0,180.0,72.2
2022-06-18,78.3,90.9,73.2,985.3,17.2,4.2,7.8,-23.088897504825223,29.6166666,119.0166666,172.0,90.69111523919275,13.89902149259659,41.12421887193506,0.23030567023061221,0.9955168540074409,29.6166666,877.1469404955554,0.9797320231497504,5.153291594497779,-2686.5932928292873,4843.41940281919,3148.514882816864,0.0,180.0,72.3
2022-06-19,73.0,88.7,71.6,984.8,8.0,2.7,5.8,99.5157229030336,29.6166666,119.0166666,172.0,84.56217384539691,13.900631317051547,41.12425927683839,0.21352091543979612,0.9955168540074409,29.6166666,877.1469404955554,0.9797320231497504,5.153291594497779,-2686.5932928292873,4843.41940281919,3148.514882816864,0.0,180.0,72.5
2022-06-20,75.2,80.1,71.4,983.0,12.0,3.1,3.9,-56.19490759073972,29.6166666,119.0166666,172.0,87.11667415411635,13.901596939486652,41.122542907613884,0.19667288979357647,0.9955168540074409,29.6166666,877.1469404955554,0.9797320231497504,5.153291594497779,-2686.5932928292873,4843.41940281919,3148.514882816864,0.0,180.0,73.4
2022-06-21,79.0,83.8,72.1,985.0,13.3,2.8,3.9,-35.89879429892757,29.6166666,119.0166666,172.0,91.52095824288195,13.901917707779537,41.11907296117594,0.1797665857255624,0.9955168540074409,29.6166666,877.1469404955554,0.9797320231497504,5.153291594497779,-2686.5932928292873,4843.41940281919,3148.514882816864,0.0,180.0,76.0
2022-06-22,80.0,87.4,75.9,987.5,17.6,3.4,5.8,-118.23763187978324,29.6166666,119.0166666,172.0,92.67728936789668,13.901593405184503,41.11385181571118,0.16280701293851715,0.9955168540074409,29.6166666,877.1469404955554,0.9797320231497504,5.153291594497779,-2686.5932928292873,4843.41940281919,3148.514882816864,0.0,180.0,75.4
2022-06-23,84.2,93.7,75.7,986.1,18.5,4.2,7.8,182.56237278611954,29.6166666,119.0166666,172.0,97.53604682669278,13.900624250835076,41.106881029132616,0.1457991969198751,0.9955168540074409,29.6166666,877.1469404955554,0.9797320231497504,5.153291594497779,-2686.5932928292873,4843.41940281919,3148.514882816864,0.0,180.0,75.0
2022-06-24,80.3,93.7,74.3,985.6,16.0,2.9,5.8,-42.69436802574782,29.6166666,119.0166666,172.0,93.00754793405365,13.899010899235915,41.09816133912183,0.12874817745258132,0.9955168540074409,29.6166666,877.1469404955554,0.9797320231497504,5.153291594497779,-2686.5932928292873,4843.41940281919,3148.514882816864,0.0,180.0,75.0
2022-06-25,81.5,90.1,74.3,986.1,13.4,1.7,3.9,18.41847031009479,29.6166666,119.0166666,172.0,94.38212389648642,13.896754438746466,41.08769266475866,0.11165900712169512,0.9955168540074409,29.6166666,877.1469404955554,0.9797320231497504,5.153291594497779,-2686.5932928292873,4843.41940281919,3148.514882816864,0.0,180.0,77.4
2022-06-26,85.2,93.7,75.4,986.5,10.6,2.9,5.8,-14.835768231015194,29.6166666,119.0166666,172.0,98.6463803623508,13.893856389063492,41.07547410973857,0.09453674981719912,0.9955168540074409,29.6166666,877.1469404955554,0.9797320231497504,5.153291594497779,-2686.5932928292873,4843.41940281919,3148.514882816864,0.0,180.0,78.2
2022-06-27,86.2,96.8,79.2,984.3,17.4,2.5,3.9,203.30155184061755,29.6166666,119.0166666,172.0,99.77878931191472,13.890318697714346,41.061503967179824,0.07738647923346301,0.9955168540074409,29.6166666,877.1469404955554,0.9797320231497504,5.153291594497779,-2686.5932928292873,4843.41940281919,3148.514882816864,0.0,180.0,77.5
2022-06-28,86.5,96.8,79.9,982.6,17.0,3.2,5.8,-29.928949663052528,29.6166666,119.0166666,172.0,100.09595276062058,13.886143735577422,41.045779726022644,0.06021327736579302,0.9955168540074409,29.6166666,877.1469404955554,0.9797320231497504,5.153291594497779,-2686.5932928292873,4843.41940281919,3148.514882816864,0.0,180.0,77.9
2022-06-29,82.8,94.1,75.4,984.9,16.4,4.4,5.8,99.79587586158043,29.6166666,119.0166666,172.0,95.78120661100989,13.88133429145071,41.028298079024445,0.04302223300453059,0.9955168540074409,29.6166666,877.1469404955554,0.9797320231497504,5.153291594497779,-2686.5932928292873,4843.41940281919,3148.514882816864,0.0,180.0,76.3
2022-06-30,79.0,90.3,74.7,988.0,17.6,4.1,9.7,136.57857398439987,29.6166666,119.0166666,172.0,91.34963264081676,13.875893565693685,41.00905493235515,0.02581844022713308,0.9955168540074409,29.6166666,877.1469404955554,0.9797320231497504,5.153291594497779,-2686.5932928292873,4843.41940281919,3148.514882816864,0.0,180.0,75.2
2022-07-01,83.4,91.0,74.5,988.7,18.6,3.6,5.8,-2.2487640748651323,29.6166666,119.0166666,172.0,96.39528488265516,13.869825162971965,40.988045416798016,0.008606996888688698,0.9955168540074409,29.6166666,877.1469404955554,0.9797320231497504,5.153291594497779,-2686.5932928292873,4843.41940281919,3148.514882816864,0.0,180.0,73.6
2022-07-02,84.9,91.9,75.9,986.5,18.6,4.4,7.8,-15.793572236521868,29.6166666,119.0166666,172.0,98.08166657027603,13.863133084137955,40.96526390056136,-0.008606996888688009,0.9955168540074409,29.6166666,877.1469404955554,0.9797320231497504,5.153291594497779,-2686.5932928292873,4843.41940281919,3148.514882816864,0.0,180.0,72.9
2022-07-03,86.5,93.7,78.6,984.0,18.0,3.4,3.9,85.31388477968116,29.6166666,119.0166666,172.0,99.87738154542579,13.855821717284503,40.94070400370693,-0.02581844022713239,0.9955168540074409,29.6166666,877.1469404955554,0.9797320231497504,5.153291594497779,-2686.5932928292873,4843.41940281919,3148.514882816864,0.0,180.0,75.4
2022-07-04,85.9,95.5,80.8,982.6,15.8,2.8,5.8,163.3115962667025,29.6166666,119.0166666,172.0,99.12785430218523,13.847895828011904,40.91435861420089,-0.04302223300453034,0.9955168540074409,29.6166666,877.1469404955554,0.9797320231497504,5.153291594497779,-2686.5932928292873,4843.41940281919,3148.514882816864,0.0,180.0,78.1
2022-07-05,87.3,95.5,81.3,981.6,16.9,3.6,5.8,90.65216243582175,29.6166666,119.0166666,172.0,100.68134799362373,13.839360548951717,40.886219905593144,-0.060213277365792774,0.9955168540074409,29.6166666,877.1469404955554,0.9797320231497504,5.153291594497779,-2686.5932928292873,4843.41940281919,3148.514882816864,0.0,180.0,77.2
2022-07-06,86.7,95.2,81.0,984.2,18.6,4.6,5.8,-64.72326306239925,29.6166666,119.0166666,172.0,99.92334938808936,13.830221368593683,40.85627935632976,-0.07738647923346322,0.9955168540074409,29.6166666,877.1469404955554,0.9797320231497504,5.153291594497779,-2686.5932928292873,4843.41940281919,3148.514882816864,0.0,180.0,78.1
2022-07-07,87.5,95.5,80.6,986.8,18.6,3.9,9.7,152.46982762608815,29.6166666,119.0166666,172.0,100.77436337109496,13.820484119464453,40.82452777070335,-0.09453674981719933,0.9955168540074409,29.6166666,877.1469404955554,0.9797320231497504,5.153291594497779,-2686.5932928292873,4843.41940281919,3148.514882816864,0.0,180.0,76.9
2022-07-08,89.2,98.2,80.6,985.9,18.6,4.1,7.8,-12.592792186507666,29.6166666,119.0166666,172.0,102.65548524510419,13.810154965709083,40.790955301444654,-0.11165900712169444,0.9955168540074409,29.6166666,877.1469404955554,0.9797320231497504,5.153291594497779,-2686.5932928292873,4843.41940281919,3148.514882816864,0.0,180.0,76.6
2022-07-09,88.9,99.7,81.5,984.7,18.6,3.6,7.8,39.66519502652238,29.6166666,119.0166666,172.0,102.22937255686416,13.799240390127894,40.7555514739571,-0.12874817745258066,0.9955168540074409,29.6166666,877.1469404955554,0.9797320231497504,5.153291594497779,-2686.5932928292873,4843.41940281919,3148.514882816864,0.0,180.0,77.8
2022-07-10,90.9,100.4,81.3,984.9,17.6,3.6,5.8,119.73879461733276,29.6166666,119.0166666,172.0,104.44218489397608,13.787747180722913,40.71830521219528,-0.14579919691987442,0.9955168540074409,29.6166666,877.1469404955554,0.9797320231497504,5.153291594497779,-2686.5932928292873,4843.41940281919,3148.514882816864,0.0,180.0,78.6
2022-07-11,92.1,100.6,82.8,985.8,17.7,3.1,3.9,-82.64311795501476,29.6166666,119.0166666,172.0,105.72836254900989,13.775682416809106,40.67920486618539,-0.16280701293851646,0.9955168540074409,29.6166666,877.1469404955554,0.9797320231497504,5.153291594497779,-2686.5932928292873,4843.41940281919,3148.514882816864,0.0,180.0,79.6
2022-07-12,92.6,102.4,83.8,985.3,17.0,3.3,5.8,101.17880436649664,29.6166666,119.0166666,172.0,106.20489582579289,13.76305345474638,40.63823824118428,-0.17976658572556214,0.9955168540074409,29.6166666,877.1469404955554,0.9797320231497504,5.153291594497779,-2686.5932928292873,4843.41940281919,3148.514882816864,0.0,180.0,79.0
2022-07-13,92.4,102.4,82.4,984.7,16.8,4.2,7.8,44.797275758436726,29.6166666,119.0166666,172.0,105.87398293278594,13.749867913348822,40.59539262847085,-0.19667288979357622,0.9955168540074409,29.6166666,877.1469404955554,0.9797320231497504,5.153291594497779,-2686.5932928292873,4843.41940281919,3148.514882816864,0.0,180.0,76.7
2022-07-14,90.9,102.0,82.4,984.0,17.4,2.9,3.9,148.6332786377016,29.6166666,119.0166666,172.0,104.05121246713422,13.736133659027619,40.55065483776068,-0.2135209154397959,0.9955168540074409,29.6166666,877.1469404955554,0.9797320231497504,5.153291594497779,-2686.5932928292873,4843.41940281919,3148.514882816864,0.0,180.0,76.3
2022-07-15,91.3,102.0,81.9,982.7,14.6,4.1,7.8,-83.9231734149014,29.6166666,119.0166666,172.0,104.40047563275796,13.721858790723939,40.50401123123225,-0.23030567023061196,0.9955168540074409,29.6166666,877.1469404955554,0.9797320231497504,5.153291594497779,-2686.5932928292873,4843.41940281919,3148.514882816864,0.0,180.0,76.1
2022-07-16,89.7,102.0,82.8,982.4,14.3,2.7,5.8,-5.163532169111786,29.6166666,119.0166666,172.0,102.46021089453885,13.707051624687471,40.455447759149095,-0.24702218048093527,0.9955168540074409,29.6166666,877.1469404955554,0.9797320231497504,5.153291594497779,-2686.5932928292873,4843.41940281919,3148.514882816864,0.0,180.0,77.1
2022-07-17,86.1,98.2,76.5,981.0,12.7,4.4,9.7,125.82342960973676,29.6166666,119.0166666,172.0,98.23809587294042,13.69172067915546,40.40494999705923,-0.2636654927280072,0.9955168540074409,29.6166666,877.1469404955554,0.9797320231497504,5.153291594497779,-2686.5932928292873,4843.41940281919,3148.514882816864,0.0,180.0,76.4
2022-07-18,81.5,98.2,76.5,983.2,14.3,3.9,5.8,-206.02480701544403,29.6166666,119.0166666,172.0,92.88198205894665,13.67587465898601,40.352503184549306,-0.2802306751992161,0.9955168540074409,29.6166666,877.1469404955554,0.9797320231497504,5.153291594497779,-2686.5932928292873,4843.41940281919,3148.514882816864,0.0,180.0,77.3
2022-07-19,82.3,91.2,78.1,986.4,13.7,3.4,9.7,-110.7291988321572,29.6166666,119.0166666,172.0,93.68155806970995,13.659522440297927,40.298092265526755,-0.2967128192734901,0.9955168540074409,29.6166666,877.1469404955554,0.9797320231497504,5.153291594497779,-2686.5932928292873,4843.41940281919,3148.514882816864,0.0,180.0,77.6
2022-07-20,88.3,96.4,79.0,988.0,17.3,3.6,9.7,274.5072259036774,29.6166666,119.0166666,172.0,100.38733589761075,13.64267305516794,40.24170192999929,-0.3131070409358267,0.9955168540074409,29.6166666,877.1469404955554,0.9797320231497504,5.153291594497779,-2686.5932928292873,4843.41940281919,3148.514882816864,0.0,180.0,77.1
2022-07-21,87.6,96.4,81.5,990.2,17.4,3.9,9.7,-42.14654773807152,29.6166666,119.0166666,172.0,99.46495043796865,13.625335676434064,40.18331665731662,-0.3294084822245302,0.9955168540074409,29.6166666,877.1469404955554,0.9797320231497504,5.153291594497779,-2686.5932928292873,4843.41940281919,3148.514882816864,0.0,180.0,78.5
2022-07-22,89.7,99.7,81.5,987.8,15.8,3.6,7.8,231.80778269361898,29.6166666,119.0166666,172.0,101.71620902982427,13.607519602652076,40.122920760834965,-0.3456123126707333,0.9955168540074409,29.6166666,877.1469404955554,0.9797320231497504,5.153291594497779,-2686.5932928292873,4843.41940281919,3148.514882816864,0.0,180.0,77.8
2022-07-23,91.0,100.6,81.9,986.0,17.7,4.4,9.7,-77.30180226867543,29.6166666,119.0166666,172.0,103.05169301131016,13.589234243249692,40.060498433960284,-0.3617137307297674,0.9955168540074409,29.6166666,877.1469404955554,0.9797320231497504,5.153291594497779,-2686.5932928292873,4843.41940281919,3148.514882816864,0.0,180.0,75.2
2022-07-24,82.5,100.6,78.4,987.1,18.3,2.7,3.9,-22.3725739598016,29.6166666,119.0166666,172.0,93.29711258945551,13.570489103920803,39.996033797521285,-0.37770796520396466,0.9955168540074409,29.6166666,877.1469404955554,0.9797320231497504,5.153291594497779,-2686.5932928292873,4843.41940281919,3148.514882816864,0.0,180.0,76.2
2022-07-25,83.7,96.6,77.7,987.8,17.9,3.2,5.8,91.02662627423989,29.6166666,119.0166666,172.0,94.52027406178956,13.551293772299578,39.92951094841907,-0.39359027665646645,0.9955168540074409,29.6166666,877.1469404955554,0.9797320231497504,5.153291594497779,-2686.5932928292873,4843.41940281919,3148.514882816864,0.0,180.0,74.8
2022-07-26,82.3,96.6,76.8,986.8,17.6,2.4,3.9,58.87540455609205,29.6166666,119.0166666,172.0,92.80462045793557,13.531657903951723,39.86091400949506,-0.4093559588156211,0.9955168540074409,29.6166666,877.1469404955554,0.9797320231497504,5.153291594497779,-2686.5932928292873,4843.41940281919,3148.514882816864,0.0,180.0,74.6
2022-07-27,88.3,99.7,76.8,986.3,14.3,3.3,5.8,37.96224903317401,29.6166666,119.0166666,172.0,99.4227919774795,13.511591208717487,39.790227180554076,-0.42500033996955394,0.9955168540074409,29.6166666,877.1469404955554,0.9797320231497504,5.153291594497779,-2686.5932928292873,4843.41940281919,3148.514882816864,0.0,180.0,75.9
2022-07-28,88.4,99.7,80.2,985.9,13.0,3.4,7.8,26.789974393347165,29.6166666,119.0166666,172.0,99.38446198912916,13.491103437438348,39.717434790475366,-0.4405187843504952,0.9955168540074409,29.6166666,877.1469404955554,0.9797320231497504,5.153291594497779,-2686.5932928292873,4843.41940281919,3148.514882816864,0.0,180.0,74.3
2022-07-29,85.2,99.9,79.0,986.0,15.5,4.1,11.7,134.066779726888,29.6166666,119.0166666,172.0,95.63845102058521,13.470204369096509,39.64252135033871,-0.455906693508459,0.9955168540074409,29.6166666,877.1469404955554,0.9797320231497504,5.153291594497779,-2686.5932928292873,4843.41940281919,3148.514882816864,0.0,180.0,72.9
2022-07-30,86.1,99.9,78.6,984.3,15.3,4.4,7.8,-58.54950156397918,29.6166666,119.0166666,172.0,96.49588475347429,13.44890379839363,39.56547160748898,-0.47115950767386394,0.9955168540074409,29.6166666,877.1469404955554,0.9797320231497504,5.153291594497779,-2686.5932928292873,4843.41940281919,3148.514882816864,0.0,180.0,75.8
2022-07-31,85.2,98.1,79.3,984.3,14.5,3.9,7.8,3.8861350782256707,29.6166666,119.0166666,172.0,95.33320181892636,13.427211523792444,39.48627060045749,-0.4862727071086902,0.9955168540074409,29.6166666,877.1469404955554,0.9797320231497504,5.153291594497779,-2686.5932928292873,4843.41940281919,3148.514882816864,0.0,180.0,76.3
2022-08-01,89.6,99.7,79.5,986.5,15.9,3.1,3.9,-96.44049473813209,29.6166666,119.0166666,172.0,100.09169210911446,13.405137336042115,39.40490371465437,-0.5012418134457756,0.9955168540074409,29.6166666,877.1469404955554,0.9797320231497504,5.153291594497779,-2686.5932928292873,4843.41940281919,3148.514882816864,0.0,180.0,73.0
2022-08-02,85.5,101.5,79.2,988.3,11.2,3.4,3.9,41.674497862907515,29.6166666,119.0166666,172.0,95.35167342634021,13.382691007205645,39.321356738741954,-0.5160623910158526,0.9955168540074409,29.6166666,877.1469404955554,0.9797320231497504,5.153291594497779,-2686.5932928292873,4843.41940281919,3148.514882816864,0.0,180.0,76.6
2022-08-03,90.5,101.5,79.0,988.0,17.0,4.5,7.8,-54.34314419381393,29.6166666,119.0166666,172.0,100.75577886321143,13.35988228020483,39.23561592159482,-0.5307300481619331,0.9955168540074409,29.6166666,877.1469404955554,0.9797320231497504,5.153291594497779,-2686.5932928292873,4843.41940281919,3148.514882816864,0.0,180.0,74.7
2022-08-04,91.1,100.0,83.1,988.0,18.6,3.2,5.8,-30.769302544207267,29.6166666,119.0166666,172.0,101.24793918711713,13.33672085889578,39.14766802974865,-0.5452404385406507,0.9955168540074409,29.6166666,877.1469404955554,0.9797320231497504,5.153291594497779,-2686.5932928292873,4843.41940281919,3148.514882816864,0.0,180.0,74.7
2022-08-05,92.4,101.7,82.8,987.3,18.4,4.1,5.8,8.074233790242708,29.6166666,119.0166666,172.0,102.51176626987868,13.313216398685542,39.0575004052363,-0.5595892624101763,0.9955168540074409,29.6166666,877.1469404955554,0.9797320231497504,5.153291594497779,-2686.5932928292873,4843.41940281919,3148.514882816864,0.0,180.0,76.5
2022-08-06,86.3,101.7,75.6,987.5,17.1,4.6,7.8,-189.356710956565,29.6166666,119.0166666,172.0,95.57278036261037,13.28937849769785,38.96510102370576,-0.5737722679043243,0.9955168540074409,29.6166666,877.1469404955554,0.9797320231497504,5.153291594497779,-2686.5932928292873,4843.41940281919,3148.514882816864,0.0,180.0,74.8
2022-08-07,87.2,101.7,75.6,987.3,18.6,3.2,3.9,-129.64829125123276,29.6166666,119.0166666,172.0,96.39390793638894,13.26521668849389,38.87045855271231,-0.5877852522924734,0.9955168540074409,29.6166666,877.1469404955554,0.9797320231497504,5.153291594497779,-2686.5932928292873,4843.41940281919,3148.514882816864,0.0,180.0,75.9
2022-08-08,88.9,98.2,81.0,987.4,18.6,2.9,5.8,68.2161509850304,29.6166666,119.0166666,172.0,98.09181868818776,13.240740430351552,38.77356241007301,-0.6016240632249227,0.9955168540074409,29.6166666,877.1469404955554,0.9797320231497504,5.153291594497779,-2686.5932928292873,4843.41940281919,3148.514882816864,0.0,180.0,74.5
2022-08-09,88.5,98.6,80.8,987.2,18.6,3.1,5.8,-3.353507940112415,29.6166666,119.0166666,172.0,97.4676983780228,13.215959102104787,38.67440282217078,-0.6152845999633277,0.9955168540074409,29.6166666,877.1469404955554,0.9797320231497504,5.153291594497779,-2686.5932928292873,4843.41940281919,3148.514882816864,0.0,180.0,76.3
2022-08-10,89.1,99.3,80.6,987.4,18.3,3.6,3.9,133.18766382304798,29.6166666,119.0166666,172.0,97.9422988169031,13.190881995542508,38.57297088209127,-0.6287628145958345,0.9955168540074409,29.6166666,877.1469404955554,0.9797320231497504,5.153291594497779,-2686.5932928292873,4843.41940281919,3148.514882816864,0.0,180.0,76.3
2022-08-11,90.3,101.1,80.1,987.6,15.6,2.7,3.9,68.53995120220353,29.6166666,119.0166666,172.0,99.07052527797009,13.165518309364797,38.469258607475126,-0.6420547132365636,0.9955168540074409,29.6166666,877.1469404955554,0.9797320231497504,5.153291594497779,-2686.5932928292873,4843.41940281919,3148.514882816864,0.0,180.0,77.7
2022-08-12,90.7,101.1,82.8,986.7,17.0,2.8,3.9,-246.78605076055675,29.6166666,119.0166666,172.0,99.31557141107456,13.139877143692335,38.36325899796582,-0.655156357209085,0.9955168540074409,29.6166666,877.1469404955554,0.9797320231497504,5.153291594497779,-2686.5932928292873,4843.41940281919,3148.514882816864,0.0,180.0,78.1
2022-08-13,92.1,101.5,83.7,986.0,17.0,2.7,3.9,45.493508394370274,29.6166666,119.0166666,172.0,100.64970052507249,13.113967495123452,38.25496609213227,-0.6680638642135333,0.9955168540074409,29.6166666,877.1469404955554,0.9797320231497504,5.153291594497779,-2686.5932928292873,4843.41940281919,3148.514882816864,0.0,180.0,78.5
2022-08-14,91.8,101.7,84.4,985.3,16.4,2.8,3.9,-129.17644034742702,29.6166666,119.0166666,172.0,100.12165663033763,13.087798252331718,38.14437502374422,-0.6807734094770159,0.9955168540074409,29.6166666,877.1469404955554,0.9797320231497504,5.153291594497779,-2686.5932928292873,4843.41940281919,3148.514882816864,0.0,180.0,76.7
2022-08-15,92.8,102.9,84.0,984.7,17.6,2.9,5.8,99.8328270522133,29.6166666,119.0166666,172.0,101.00799135297926,13.061378192195594,38.03148207727816,-0.6932812268869771,0.9955168540074409,29.6166666,877.1469404955554,0.9797320231497504,5.153291594497779,-2686.5932928292873,4843.41940281919,3148.514882816864,0.0,180.0,78.0
2022-08-16,89.9,102.9,84.0,985.5,17.6,3.6,5.8,275.7876101002648,29.6166666,119.0166666,172.0,97.65174719024199,13.034715976450544,37.91628474253082,-0.7055836101071774,0.9955168540074409,29.6166666,877.1469404955554,0.9797320231497504,5.153291594497779,-2686.5932928292873,4843.41940281919,3148.514882816864,0.0,180.0,75.9
2022-08-17,88.0,100.4,81.5,986.7,18.4,2.9,3.9,22.91751353827528,29.6166666,119.0166666,172.0,95.39068109158731,13.007820148852815,37.798781768217815,-0.7176769136759615,0.9955168540074409,29.6166666,877.1469404955554,0.9797320231497504,5.153291594497779,-2686.5932928292873,4843.41940281919,3148.514882816864,0.0,180.0,75.0
2022-08-18,91.5,102.6,81.3,985.0,17.8,3.2,5.8,67.48172007606317,29.6166666,119.0166666,172.0,98.9778308879293,12.980699132843188,37.678973214435054,-0.7295575540864876,0.9955168540074409,29.6166666,877.1469404955554,0.9797320231497504,5.153291594497779,-2686.5932928292873,4843.41940281919,3148.514882816864,0.0,180.0,73.7
2022-08-19,93.0,104.0,83.1,985.2,16.9,3.6,5.8,-61.34964448680752,29.6166666,119.0166666,172.0,100.3885495301603,12.953361229698103,37.5568605038618,-0.7412220108485957,0.9955168540074409,29.6166666,877.1469404955554,0.9797320231497504,5.153291594497779,-2686.5932928292873,4843.41940281919,3148.514882816864,0.0,180.0,77.2
2022-08-20,92.3,104.0,84.9,986.7,17.2,3.1,5.8,-0.5113861289197423,29.6166666,119.0166666,172.0,99.42105743028243,12.925814617154813,37.4324464715852,-0.7526668275320083,0.9955168540074409,29.6166666,877.1469404955554,0.9797320231497504,5.153291594497779,-2686.5932928292873,4843.41940281919,3148.514882816864,0.0,180.0,77.3
2022-08-21,92.3,102.9,83.5,985.6,18.6,3.9,5.8,131.43498622203526,29.6166666,119.0166666,172.0,99.20763468885302,12.8980673484966,37.30573541342755,-0.7638886127905429,0.9955168540074409,29.6166666,877.1469404955554,0.9797320231497504,5.153291594497779,-2686.5932928292873,4843.41940281919,3148.514882816864,0.0,180.0,74.9
2022-08-22,91.8,103.5,83.1,985.5,18.6,3.9,7.8,-85.47677782453243,29.6166666,119.0166666,172.0,98.45647424343888,12.870127352083513,37.17673313265984,-0.7748840413670406,0.9955168540074409,29.6166666,877.1469404955554,0.9797320231497504,5.153291594497779,-2686.5932928292873,4843.41940281919,3148.514882816864,0.0,180.0,74.8
2022-08-23,92.3,104.7,81.7,986.9,16.5,3.6,5.8,-51.5073748874468,29.6166666,119.0166666,172.0,98.77640203418773,12.84200243131368,37.04544698498721,-0.7856498550787144,0.9955168540074409,29.6166666,877.1469404955554,0.9797320231497504,5.153291594497779,-2686.5932928292873,4843.41940281919,3148.514882816864,0.0,180.0,75.8
2022-08-24,88.7,104.7,81.7,987.6,11.3,5.8,11.7,10.600933312943882,29.6166666,119.0166666,172.0,94.71460112545694,12.81370026499981,36.91188592169424,-0.7961828637826154,0.9955168540074409,29.6166666,877.1469404955554,0.9797320231497504,5.153291594497779,-2686.5932928292873,4843.41940281919,3148.514882816864,0.0,180.0,76.8
2022-08-25,87.6,101.1,79.0,988.3,16.1,4.1,7.8,80.10661084387102,29.6166666,119.0166666,172.0,93.33216737946091,12.785228408145331,36.776060530841754,-0.8064799463209447,0.9955168540074409,29.6166666,877.1469404955554,0.9797320231497504,5.153291594497779,-2686.5932928292873,4843.41940281919,3148.514882816864,0.0,180.0,76.0
2022-08-26,83.2,101.1,78.6,989.4,18.0,4.4,9.7,-10.710617448037308,29.6166666,119.0166666,172.0,88.44572043219016,12.75659429310435,36.63798307640921,-0.8165380514459157,0.9955168540074409,29.6166666,877.1469404955554,0.9797320231497504,5.153291594497779,-2686.5932928292873,4843.41940281919,3148.514882816864,0.0,180.0,75.9
2022-08-27,79.9,96.3,75.0,990.4,17.7,5.5,7.8,179.18247285069583,29.6166666,119.0166666,172.0,84.74596983047043,12.72780523110945,36.49766753528109,-0.8263541987239094,0.9955168540074409,29.6166666,877.1469404955554,0.9797320231497504,5.153291594497779,-2686.5932928292873,4843.41940281919,3148.514882816864,0.0,180.0,72.7
2022-08-28,79.7,96.3,74.7,990.8,12.0,5.3,9.7,-119.06187417590584,29.6166666,119.0166666,172.0,84.3416510506557,12.698868414151422,36.355129631979175,-0.8359254794186365,0.9955168540074409,29.6166666,877.1469404955554,0.9797320231497504,5.153291594497779,-2686.5932928292873,4843.41940281919,3148.514882816864,0.0,180.0,72.9
2022-08-29,86.8,95.4,77.0,990.6,16.5,2.6,3.9,-22.89018556397267,29.6166666,119.0166666,172.0,91.64482096770942,12.669790917194852,36.210386871047184,-0.8452490573530634,0.9955168540074409,29.6166666,877.1469404955554,0.9797320231497504,5.153291594497779,-2686.5932928292873,4843.41940281919,3148.514882816864,0.0,180.0,76.9
2022-08-30,82.5,95.9,76.6,990.1,15.8,3.9,5.8,76.89262704069236,29.6166666,119.0166666,172.0,86.9039854424067,12.640579700713701,36.06345856699846,-0.8543221697498269,0.9955168540074409,29.6166666,877.1469404955554,0.9797320231497504,5.153291594497779,-2686.5932928292873,4843.41940281919,3148.514882816864,0.0,180.0,74.2
2022-08-31,77.0,95.9,71.4,991.7,18.6,4.1,5.8,-62.67577475724488,29.6166666,119.0166666,172.0,80.9221336868237,12.611241613530966,35.91436587174267,-0.8631421280499115,0.9955168540074409,29.6166666,877.1469404955554,0.9797320231497504,5.153291594497779,-2686.5932928292873,4843.41940281919,3148.514882816864,0.0,180.0,68.9
2022-09-01,77.1,84.6,71.4,993.1,15.6,4.4,7.8,61.9179448083179,29.6166666,119.0166666,172.0,80.83795831895797,12.581783395946768,35.763131799411795,-0.8717063187093217,0.9955168540074409,29.6166666,877.1469404955554,0.9797320231497504,5.153291594497779,-2686.5932928292873,4843.41940281919,3148.514882816864,0.0,180.0,62.2
2022-09-02,76.2,85.1,71.4,990.3,16.9,3.9,5.8,-89.63812386817196,29.6166666,119.0166666,172.0,79.7065441879348,12.552211683139339,35.60978124851216,-0.8800122039735356,0.9955168540074409,29.6166666,877.1469404955554,0.9797320231497504,5.153291594497779,-2686.5932928292873,4843.41940281919,3148.514882816864,0.0,180.0,64.6
2022-09-03,77.6,85.1,72.7,986.2,15.8,2.9,3.9,-158.94536198049468,29.6166666,119.0166666,172.0,80.97904679039237,12.522533008823563,35.454341021333505,-0.888057322629493,0.9955168540074409,29.6166666,877.1469404955554,0.9797320231497504,5.153291594497779,-2686.5932928292873,4843.41940281919,3148.514882816864,0.0,180.0,70.0
2022-09-04,79.1,85.3,74.1,983.8,18.6,6.1,9.7,-105.79074612781527,29.6166666,119.0166666,172.0,82.34806885866038,12.492753809152019,35.29683984055325,-0.8958392907349089,0.9955168540074409,29.6166666,877.1469404955554,0.9797320231497504,5.153291594497779,-2686.5932928292873,4843.41940281919,3148.514882816864,0.0,180.0,69.4
2022-09-05,80.9,91.9,71.6,986.8,18.5,6.8,13.6,186.37822086030923,29.6166666,119.0166666,172.0,84.0205855443044,12.462880426843668,35.137308362978814,-0.9033558023246842,0.9955168540074409,29.6166666,877.1469404955554,0.9797320231497504,5.153291594497779,-2686.5932928292873,4843.41940281919,3148.514882816864,0.0,180.0,62.5
2022-09-06,82.7,94.6,70.9,994.0,16.6,3.2,3.9,27.623398629780972,29.6166666,119.0166666,172.0,85.68353423783077,12.432919115525625,34.97577919037804,-0.9106046300942162,0.9955168540074409,29.6166666,877.1469404955554,0.9797320231497504,5.153291594497779,-2686.5932928292873,4843.41940281919,3148.514882816864,0.0,180.0,62.7
2022-09-07,86.0,96.3,75.9,996.4,17.6,3.3,5.8,105.52474666353774,29.6166666,119.0166666,172.0,88.8872783172951,12.402876044273736,34.81228687735362,-0.9175836260593934,0.9955168540074409,29.6166666,877.1469404955554,0.9797320231497504,5.153291594497779,-2686.5932928292873,4843.41940281919,3148.514882816864,0.0,180.0,61.7
2022-09-08,83.9,96.3,75.6,996.2,9.4,3.9,7.8,-27.898676770053594,29.6166666,119.0166666,172.0,86.50619480551262,12.372757302337918,34.64686793622405,-0.9242907221930934,0.9955168540074409,29.6166666,877.1469404955554,0.9797320231497504,5.153291594497779,-2686.5932928292873,4843.41940281919,3148.514882816864,0.0,180.0,65.4
2022-09-09,80.6,95.7,72.5,995.0,10.4,4.4,7.8,45.22130334292541,29.6166666,119.0166666,172.0,82.90092113879265,12.34256890403861,34.47956083888009,-0.9307239310379793,0.9955168540074409,29.6166666,877.1469404955554,0.9797320231497504,5.153291594497779,-2686.5932928292873,4843.41940281919,3148.514882816864,0.0,180.0,64.4
2022-09-11,82.4,92.3,72.0,991.4,18.2,4.2,5.8,14.479984616143616,29.6166666,119.0166666,172.0,84.33644704664101,12.282006851452573,34.13944585075684,-0.9427611433904206,0.9955168540074409,29.6166666,877.1469404955554,0.9797320231497504,5.153291594497779,-2686.5932928292873,4843.41940281919,3148.514882816864,0.0,180.0,61.7
2022-09-12,81.8,92.3,72.3,990.5,16.0,3.6,5.8,189.76174598733127,29.6166666,119.0166666,172.0,83.515379383638,12.25164489735521,33.966724675554616,-0.9483615800121716,0.9955168540074409,29.6166666,877.1469404955554,0.9797320231497504,5.153291594497779,-2686.5932928292873,4843.41940281919,3148.514882816864,0.0,180.0,62.4
2022-09-13,74.6,92.1,71.8,990.4,14.2,2.9,3.9,88.31489761461313,29.6166666,119.0166666,172.0,75.97535480622483,12.221236698052252,33.792288757545,-0.9536809966304455,0.9955168540074409,29.6166666,877.1469404955554,0.9797320231497504,5.153291594497779,-2686.5932928292873,4843.41940281919,3148.514882816864,0.0,180.0,68.6
2022-09-14,76.3,80.2,71.8,986.3,18.6,7.5,11.7,89.81112436618741,29.6166666,119.0166666,172.0,77.5130935202191,12.190787971725156,33.61618628717298,-0.9587178169872964,0.9955168540074409,29.6166666,877.1469404955554,0.9797320231497504,5.153291594497779,-2686.5932928292873,4843.41940281919,3148.514882816864,0.0,180.0,68.9
2022-09-15,76.1,80.4,73.2,987.1,17.4,2.5,5.8,-167.2268422998579,29.6166666,119.0166666,172.0,77.11659703108326,12.160304393863326,33.438467361214975,-0.9634705485641486,0.9955168540074409,29.6166666,877.1469404955554,0.9797320231497504,5.153291594497779,-2686.5932928292873,4843.41940281919,3148.514882816864,0.0,180.0,67.7
2022-09-16,78.5,87.8,71.2,987.6,15.5,2.7,5.8,29.122012097787888,29.6166666,119.0166666,172.0,79.34905340293646,12.129791602996656,33.25918396317608,-0.9679377830240642,0.9955168540074409,29.6166666,877.1469404955554,0.9797320231497504,5.153291594497779,-2686.5932928292873,4843.41940281919,3148.514882816864,0.0,180.0,67.3
2022-09-17,81.0,90.9,71.1,987.4,16.2,3.2,3.9,4.2882355074479825,29.6166666,119.0166666,172.0,81.66997264386659,12.099255206498754,33.07838994066385,-0.9721181966290612,0.9955168540074409,29.6166666,877.1469404955554,0.9797320231497504,5.153291594497779,-2686.5932928292873,4843.41940281919,3148.514882816864,0.0,180.0,66.5
2022-09-18,80.4,91.4,71.6,987.9,17.9,3.6,5.8,174.31516717233222,29.6166666,119.0166666,172.0,80.86029526921023,12.068700786449288,32.89614097976993,-0.9760105506323682,0.9955168540074409,29.6166666,877.1469404955554,0.9797320231497504,5.153291594497779,-2686.5932928292873,4843.41940281919,3148.514882816864,0.0,180.0,64.5
2022-09-19,79.8,93.0,68.5,991.5,17.0,6.1,9.7,-48.77362894196166,29.6166666,119.0166666,172.0,80.05359047186772,12.03813390554402,32.71249457649789,-0.9796136916454901,0.9955168540074409,29.6166666,877.1469404955554,0.9797320231497504,5.153291594497779,-2686.5932928292873,4843.41940281919,3148.514882816864,0.0,180.0,56.1
2022-09-20,76.3,93.0,67.8,994.9,17.6,6.1,7.8,-45.63689182577153,29.6166666,119.0166666,172.0,76.3480697187533,12.00756011304115,32.52751000528201,-0.9829265519799822,0.9955168540074409,29.6166666,877.1469404955554,0.9797320231497504,5.153291594497779,-2686.5932928292873,4843.41940281919,3148.514882816864,0.0,180.0,55.0
2022-09-21,74.9,87.6,68.5,994.2,15.4,5.5,7.8,-4.43770944564665,29.6166666,119.0166666,172.0,74.75634773415682,11.976984950732733,32.34124828464867,-0.9859481499638303,0.9955168540074409,29.6166666,877.1469404955554,0.9797320231497504,5.153291594497779,-2686.5932928292873,4843.41940281919,3148.514882816864,0.0,180.0,59.4
2022-09-22,76.1,84.4,70.0,993.3,15.5,2.9,3.9,-62.08994924092588,29.6166666,119.0166666,172.0,75.76017518954808,11.946413958930053,32.1537721400785,-0.9886775902323404,0.9955168540074409,29.6166666,877.1469404955554,0.9797320231497504,5.153291594497779,-2686.5932928292873,4843.41940281919,3148.514882816864,0.0,180.0,63.3
2022-09-23,77.0,86.5,69.1,996.5,14.8,4.6,7.8,-103.91211042847614,29.6166666,119.0166666,172.0,76.46005471239823,11.915852682451671,31.965145964133324,-0.9911140639934546,0.9955168540074409,29.6166666,877.1469404955554,0.9797320231497504,5.153291594497779,-2686.5932928292873,4843.41940281919,3148.514882816864,0.0,180.0,57.2
2022-09-24,73.0,86.5,65.8,996.2,18.6,4.6,5.8,133.06877173953686,29.6166666,119.0166666,172.0,72.30228228266928,11.88530667660317,31.77543577391891,-0.9932568492674143,0.9955168540074409,29.6166666,877.1469404955554,0.9797320231497504,5.153291594497779,-2686.5932928292873,4843.41940281919,3148.514882816864,0.0,180.0,51.4
2022-09-25,76.7,86.7,65.7,994.8,17.9,4.1,5.8,31.577201603810593,29.6166666,119.0166666,172.0,75.77181183813582,11.854781513137286,31.58470916595969,-0.9951053111006974,0.9955168540074409,29.6166666,877.1469404955554,0.9797320231497504,5.153291594497779,-2686.5932928292873,4843.41940281919,3148.514882816864,0.0,180.0,55.4
2022-09-26,77.8,88.9,69.1,994.1,14.1,4.6,9.7,138.81908742676825,29.6166666,119.0166666,172.0,76.66076673042176,11.824282786183305,31.393035268567917,-0.99665890175417,0.9955168540074409,29.6166666,877.1469404955554,0.9797320231497504,5.153291594497779,-2686.5932928292873,4843.41940281919,3148.514882816864,0.0,180.0,60.2
2022-09-27,78.6,88.9,70.2,992.8,15.1,5.3,7.8,122.74880677149261,29.6166666,119.0166666,172.0,77.24949557378048,11.793816118134426,31.200484691795243,-0.9979171608653922,0.9955168540074409,29.6166666,877.1469404955554,0.9797320231497504,5.153291594497779,-2686.5932928292873,4843.41940281919,3148.514882816864,0.0,180.0,64.2
2022-09-28,77.5,88.9,72.0,992.1,15.8,4.9,9.7,-40.69488301428093,29.6166666,119.0166666,172.0,75.97187544373564,11.763387165481648,31.00712947505962,-0.9988797155850335,0.9955168540074409,29.6166666,877.1469404955554,0.9797320231497504,5.153291594497779,-2686.5932928292873,4843.41940281919,3148.514882816864,0.0,180.0,65.9
2022-09-29,76.6,87.8,72.0,993.7,11.2,4.1,7.8,32.21470224468458,29.6166666,119.0166666,172.0,74.89566037025314,11.733001624582739,30.813043032546226,-0.9995462806873573,0.9955168540074409,29.6166666,877.1469404955554,0.9797320231497504,5.153291594497779,-2686.5932928292873,4843.41940281919,3148.514882816864,0.0,180.0,67.0
2022-09-30,82.4,95.9,72.9,993.2,8.5,3.9,5.8,-133.2917878320765,29.6166666,119.0166666,172.0,80.35830129650121,11.702665237354545,30.61830009648499,-0.9999166586547379,0.9955168540074409,29.6166666,877.1469404955554,0.9797320231497504,5.153291594497779,-2686.5932928292873,4843.41940281919,3148.514882816864,0.0,180.0,70.2
2022-10-01,87.2,97.7,76.6,992.2,11.7,2.5,3.9,161.90398341339562,29.6166666,119.0166666,172.0,84.8193222573049,11.67238379687682,30.422976658412793,-0.9999907397361901,0.9955168540074409,29.6166666,877.1469404955554,0.9797320231497504,5.153291594497779,-2686.5932928292873,4843.41940281919,3148.514882816864,0.0,180.0,69.7
2022-10-02,86.6,99.3,76.6,992.4,13.9,2.9,5.8,-10.058256073566863,29.6166666,119.0166666,172.0,84.01761075339616,11.642163152895542,30.22714990853188,-0.9997685019798909,0.9955168540074409,29.6166666,877.1469404955554,0.9797320231497504,5.153291594497779,-2686.5932928292873,4843.41940281919,3148.514882816864,0.0,180.0,70.0
2022-10-03,87.6,102.0,76.8,992.4,13.0,2.9,5.8,-12.716405655121271,29.6166666,119.0166666,172.0,84.76766728565777,11.612009217213393,30.03089817328029,-0.9992500112396835,0.9955168540074409,29.6166666,877.1469404955554,0.9797320231497504,5.153291594497779,-2686.5932928292873,4843.41940281919,3148.514882816864,0.0,180.0,72.3
2022-10-04,74.7,102.0,63.5,998.8,16.0,9.0,15.5,-22.65815743232519,29.6166666,119.0166666,172.0,72.09750160674471,11.581927968954973,29.834300851233866,-0.9984354211555643,0.9955168540074409,29.6166666,877.1469404955554,0.9797320231497504,5.153291594497779,-2686.5932928292873,4843.41940281919,3148.514882816864,0.0,180.0,64.6
2022-10-05,63.2,92.5,61.0,1.2,15.3,7.0,9.7,15.938729400910159,29.6166666,119.0166666,172.0,60.84014075438794,11.551925459693912,29.637438347462222,-0.9973249731081555,0.9955168540074409,29.6166666,877.1469404955554,0.9797320231497504,5.153291594497779,-2686.5932928292873,4843.41940281919,3148.514882816864,0.0,180.0,56.0
2022-10-06,60.1,66.2,59.4,1.3,12.7,4.1,5.8,-57.28875810479559,29.6166666,119.0166666,172.0,57.70605582396479,11.522007818428909,29.440392006464478,-0.9959189961471792,0.9955168540074409,29.6166666,877.1469404955554,0.9797320231497504,5.153291594497779,-2686.5932928292873,4843.41940281919,3148.514882816864,0.0,180.0,57.1
2022-10-07,57.2,61.5,56.7,3.2,6.8,4.2,5.8,-19.942146947864636,29.6166666,119.0166666,172.0,54.77939732215135,11.492181256395387,29.243244043812965,-0.994217906893952,0.9955168540074409,29.6166666,877.1469404955554,0.9797320231497504,5.153291594497779,-2686.5932928292873,4843.41940281919,3148.514882816864,0.0,180.0,55.6
2022-10-08,58.5,59.5,56.7,1.4,9.9,4.4,5.8,104.86894117665679,29.6166666,119.0166666,172.0,55.87945384953346,11.462452071699172,29.046077476635237,-0.9922222094179324,0.9955168540074409,29.6166666,877.1469404955554,0.9797320231497504,5.153291594497779,-2686.5932928292873,4843.41940281919,3148.514882816864,0.0,180.0,56.5
2022-10-09,61.2,67.3,54.3,4.0,14.6,4.9,9.7,124.49384397353914,29.6166666,119.0166666,172.0,58.307415934167594,11.432826653758351,28.848976053066956,-0.989932495087353,0.9955168540074409,29.6166666,877.1469404955554,0.9797320231497504,5.153291594497779,-2686.5932928292873,4843.41940281919,3148.514882816864,0.0,180.0,52.5
2022-10-10,58.2,68.2,51.4,5.8,18.6,3.3,5.8,-40.34480637156327,29.6166666,119.0166666,172.0,55.306060714564815,11.403311487539137,28.652024180809466,-0.9873494423939864,0.9955168540074409,29.6166666,877.1469404955554,0.9797320231497504,5.153291594497779,-2686.5932928292873,4843.41940281919,3148.514882816864,0.0,180.0,37.2
2022-10-11,59.8,69.8,51.4,4.4,17.3,4.4,5.8,6.825057780758346,29.6166666,119.0166666,172.0,56.68000056856369,11.37391315757131,28.455306854927,-0.9844738167520923,0.9955168540074409,29.6166666,877.1469404955554,0.9797320231497504,5.153291594497779,-2686.5932928292873,4843.41940281919,3148.514882816864,0.0,180.0,36.4
2022-10-12,63.1,72.5,52.5,3.5,17.3,4.1,7.8,141.13725395233735,29.6166666,119.0166666,172.0,59.65388999950611,11.344638351728578,28.258909585019826,-0.9813064702716093,0.9955168540074409,29.6166666,877.1469404955554,0.9797320231497504,5.153291594497779,-2686.5932928292873,4843.41940281919,3148.514882816864,0.0,180.0,46.5
2022-10-13,66.1,75.6,55.4,0.4,17.2,4.1,7.8,-158.26863369602523,29.6166666,119.0166666,172.0,62.329512038379725,11.315493864758801,28.06291832190907,-0.9778483415056567,0.9955168540074409,29.6166666,877.1469404955554,0.9797320231497504,5.153291594497779,-2686.5932928292873,4843.41940281919,3148.514882816864,0.0,180.0,51.3
2022-10-14,66.3,75.6,58.8,998.0,16.9,3.3,5.8,148.0417940907643,29.6166666,119.0166666,172.0,62.357838473558125,11.286486601548983,27.867419383970226,-0.9741004551724206,0.9955168540074409,29.6166666,877.1469404955554,0.9797320231497504,5.153291594497779,-2686.5932928292873,4843.41940281919,3148.514882816864,0.0,180.0,54.0
2022-10-15,68.1,76.3,59.2,998.1,13.8,3.6,5.8,-68.73812517649797,29.6166666,119.0166666,172.0,63.887013817121456,11.257623580109508,27.67249938325082,-0.970063921851507,0.9955168540074409,29.6166666,877.1469404955554,0.9797320231497504,5.153291594497779,-2686.5932928292873,4843.41940281919,3148.514882816864,0.0,180.0,55.2
2022-10-16,70.9,79.7,62.1,999.1,13.0,4.9,5.8,66.00991918904786,29.6166666,119.0166666,172.0,66.34415467826501,11.228911934262062,27.478245151508055,-0.965739937654855,0.9955168540074409,29.6166666,877.1469404955554,0.9797320231497504,5.153291594497779,-2686.5932928292873,4843.41940281919,3148.514882816864,0.0,180.0,53.6
2022-10-17,64.0,79.7,55.0,3.9,14.1,5.2,7.8,41.84787205049369,29.6166666,119.0166666,172.0,59.73524755208252,11.200358916015473,27.284743666300557,-0.9611297838723007,0.9955168540074409,29.6166666,877.1469404955554,0.9797320231497504,5.153291594497779,-2686.5932928292873,4843.41940281919,3148.514882816864,0.0,180.0,45.9
2022-10-18,59.9,73.8,50.7,5.1,18.6,4.9,7.8,33.15881588959192,29.6166666,119.0166666,172.0,55.76675972225401,11.17197189761349,27.092081977267075,-0.9562348265919058,0.9955168540074409,29.6166666,877.1469404955554,0.9797320231497504,5.153291594497779,-2686.5932928292873,4843.41940281919,3148.514882816864,0.0,180.0,34.8
2022-10-19,61.2,70.7,50.2,5.4,16.2,4.9,9.7,136.3255358254068,29.6166666,119.0166666,172.0,56.83316770351715,11.143758373238656,26.900347132723425,-0.9510565162951536,0.9955168540074409,29.6166666,877.1469404955554,0.9797320231497504,5.153291594497779,-2686.5932928292873,4843.41940281919,3148.514882816864,0.0,180.0,40.5
2022-10-20,63.9,73.2,53.8,3.1,18.3,4.6,7.8,-120.50651754293582,29.6166666,119.0166666,172.0,59.1912407388965,11.11572596035615,26.709626106706423,-0.9455963874271428,0.9955168540074409,29.6166666,877.1469404955554,0.9797320231497504,5.153291594497779,-2686.5932928292873,4843.41940281919,3148.514882816864,0.0,180.0,47.1
2022-10-21,69.0,79.5,56.5,0.6,17.8,2.5,3.9,-30.606840094195476,29.6166666,119.0166666,172.0,63.75532380391981,11.087882400681705,26.520005726591375,-0.9398560579418953,0.9955168540074409,29.6166666,877.1469404955554,0.9797320231497504,5.153291594497779,-2686.5932928292873,4843.41940281919,3148.514882816864,0.0,180.0,53.5
2022-10-22,71.9,85.1,60.3,0.5,14.5,3.3,3.9,23.438148260251694,29.6166666,119.0166666,172.0,66.26924473487345,11.060235560757738,26.331572601406766,-0.9338372288229252,0.9955168540074409,29.6166666,877.1469404955554,0.9797320231497504,5.153291594497779,-2686.5932928292873,4843.41940281919,3148.514882816864,0.0,180.0,52.3
2022-10-23,68.5,85.1,58.8,2.3,10.2,5.3,5.8,112.58803783463031,29.6166666,119.0166666,172.0,62.978862508362376,11.032793432121876,26.14441305096635,-0.9275416835791965,0.9955168540074409,29.6166666,877.1469404955554,0.9797320231497504,5.153291594497779,-2686.5932928292873,4843.41940281919,3148.514882816864,0.0,180.0,49.4
2022-10-24,63.3,79.2,57.4,4.8,16.0,4.7,5.8,-67.72416310030707,29.6166666,119.0166666,172.0,58.05435079130223,11.005564131052555,25.95861303593573,-0.9209712877166347,0.9955168540074409,29.6166666,877.1469404955554,0.9797320231497504,5.153291594497779,-2686.5932928292873,4843.41940281919,3148.514882816864,0.0,180.0,42.6
2022-10-25,64.3,74.1,60.1,3.1,17.8,4.9,7.8,110.7557554655159,29.6166666,119.0166666,172.0,58.82676201945424,10.978555897876376,25.774258088946425,-0.9141279881853337,0.9955168540074409,29.6166666,877.1469404955554,0.9797320231497504,5.153291594497779,-2686.5932928292873,4843.41940281919,3148.514882816864,0.0,180.0,45.8
2022-10-26,62.4,70.9,59.5,0.9,14.4,4.6,7.8,-9.435568251856981,29.6166666,119.0166666,172.0,56.949240898277324,10.951777095822562,25.591433246866053,-0.9070138128026362,0.9955168540074409,29.6166666,877.1469404955554,0.9797320231497504,5.153291594497779,-2686.5932928292873,4843.41940281919,3148.514882816864,0.0,180.0,51.5
2022-10-27,62.5,66.0,59.5,2.6,9.8,3.4,5.8,-81.61401377257647,29.6166666,119.0166666,172.0,56.90227192401153,10.925236209410214,25.41022298432932,-0.8996308696522434,0.9955168540074409,29.6166666,877.1469404955554,0.9797320231497504,5.153291594497779,-2686.5932928292873,4843.41940281919,3148.514882816864,0.0,180.0,57.9
2022-10-28,60.4,65.3,58.5,4.4,9.2,5.1,7.8,93.50983064889527,29.6166666,119.0166666,172.0,54.85800727318528,10.898941842354692,25.230711148629293,-0.8919813464595487,0.9955168540074409,29.6166666,877.1469404955554,0.9797320231497504,5.153291594497779,-2686.5932928292873,4843.41940281919,3148.514882816864,0.0,180.0,55.4
2022-10-29,61.4,65.7,58.5,2.9,9.9,5.1,7.8,-127.58056236191936,29.6166666,119.0166666,172.0,55.63301889164851,10.872902714980166,25.052980896063527,-0.8840675099433637,0.9955168540074409,29.6166666,877.1469404955554,0.9797320231497504,5.153291594497779,-2686.5932928292873,4843.41940281919,3148.514882816864,0.0,180.0,52.2
2022-10-30,64.4,70.9,57.4,1.0,12.0,4.1,7.8,20.822361955426036,29.6166666,119.0166666,172.0,58.2129184480438,10.847127661126173,24.877114629824415,-0.8758917051442433,0.9955168540074409,29.6166666,877.1469404955554,0.9797320231497504,5.153291594497779,-2686.5932928292873,4843.41940281919,3148.514882816864,0.0,180.0,53.6
2022-10-31,65.4,73.9,59.7,1.1,16.7,4.1,5.8,-149.78476733852185,29.6166666,119.0166666,172.0,58.97785965372613,10.821625624536903,24.70319393951734,-0.8674563547295971,0.9955168540074409,29.6166666,877.1469404955554,0.9797320231497504,5.153291594497779,-2686.5932928292873,4843.41940281919,3148.514882816864,0.0,180.0,53.6
2022-11-01,65.3,73.9,59.4,1.1,14.8,5.3,7.8,-21.92644352532318,29.6166666,119.0166666,172.0,58.750440771117894,10.796405654723044,24.531299542384822,-0.858763958275803,0.9955168540074409,29.6166666,877.1469404955554,0.9797320231497504,5.153291594497779,-2686.5932928292873,4843.41940281919,3148.514882816864,0.0,180.0,50.7
2022-11-02,63.8,72.5,58.8,998.7,8.8,3.6,5.8,43.50990716620829,29.6166666,119.0166666,172.0,57.26835219715976,10.771476902287102,24.361511226308206,-0.8498170915275277,0.9955168540074409,29.6166666,877.1469404955554,0.9797320231497504,5.153291594497779,-2686.5932928292873,4843.41940281919,3148.514882816864,0.0,180.0,53.2
2022-11-03,63.6,70.7,57.6,0.3,4.6,3.4,5.8,29.59982633031553,29.6166666,119.0166666,172.0,56.95829765263365,10.746848613704461,24.193907794652965,-0.8406184056344783,0.9955168540074409,29.6166666,877.1469404955554,0.9797320231497504,5.153291594497779,-2686.5932928292873,4843.41940281919,3148.514882816864,0.0,180.0,55.6
2022-11-04,58.2,70.7,54.9,5.6,10.6,4.6,5.8,-9.601046489788505,29.6166666,119.0166666,172.0,52.00427110893573,10.722530125553758,24.028567013016737,-0.8311706263658079,0.9955168540074409,29.6166666,877.1469404955554,0.9797320231497504,5.153291594497779,-2686.5932928292873,4843.41940281919,3148.514882816864,0.0,180.0,49.8
2022-11-05,58.5,66.7,52.7,5.5,16.5,3.4,5.8,-4.535132577848396,29.6166666,119.0166666,172.0,52.15533793368494,10.698530858191782,23.865565557932623,-0.8214765533024145,0.9955168540074409,29.6166666,877.1469404955554,0.9797320231497504,5.153291594497779,-2686.5932928292873,4843.41940281919,3148.514882816864,0.0,180.0,39.9
2022-11-06,60.2,67.1,53.6,2.2,14.4,2.9,5.8,-66.99719038775251,29.6166666,119.0166666,172.0,53.55221588282979,10.674860308869725,23.704978967574323,-0.8115390590073611,0.9955168540074409,29.6166666,877.1469404955554,0.9797320231497504,5.153291594497779,-2686.5932928292873,4843.41940281919,3148.514882816864,0.0,180.0,46.2
2022-11-07,64.0,75.9,53.8,1.3,14.4,2.9,3.9,0.6964592317073812,29.6166666,119.0166666,172.0,56.80814956954318,10.651528044289346,23.54688159450162,-0.801361088174677,0.9955168540074409,29.6166666,877.1469404955554,0.9797320231497504,5.153291594497779,-2686.5932928292873,4843.41940281919,3148.514882816864,0.0,180.0,52.6
2022-11-08,68.8,78.1,56.8,0.9,11.1,3.3,3.9,193.5663724858966,29.6166666,119.0166666,172.0,60.936983837571056,10.628543692599603,23.391346560478905,-0.7909456567567774,0.9955168540074409,29.6166666,877.1469404955554,0.9797320231497504,5.153291594497779,-2686.5932928292873,4843.41940281919,3148.514882816864,0.0,180.0,52.5
2022-11-09,65.9,78.1,59.9,0.1,10.6,2.2,3.9,125.61152825550343,29.6166666,119.0166666,172.0,58.244160500475985,10.605916934836294,23.238445713391805,-0.780295851070776,0.9955168540074409,29.6166666,877.1469404955554,0.9797320231497504,5.153291594497779,-2686.5932928292873,4843.41940281919,3148.514882816864,0.0,180.0,57.8
2022-11-10,71.7,80.8,59.4,998.8,12.0,3.4,7.8,-97.20991602723606,29.6166666,119.0166666,172.0,63.23735353746092,10.583657495809359,23.088249586279904,-0.7694148268839381,0.9955168540074409,29.6166666,877.1469404955554,0.9797320231497504,5.153291594497779,-2686.5932928292873,4843.41940281919,3148.514882816864,0.0,180.0,61.3
2022-11-11,74.1,82.9,60.8,997.4,10.6,3.6,3.9,-191.68836239150335,29.6166666,119.0166666,172.0,65.21896145519682,10.56177513444483,22.940827358496836,-0.7583058084785625,0.9955168540074409,29.6166666,877.1469404955554,0.9797320231497504,5.153291594497779,-2686.5932928292873,4843.41940281919,3148.514882816864,0.0,180.0,63.1
2022-11-12,73.4,88.0,64.9,995.7,10.2,2.9,5.8,179.46600163046364,29.6166666,119.0166666,172.0,64.47137709212976,10.540279633590696,22.796246819001244,-0.7469720876965551,0.9955168540074409,29.6166666,877.1469404955554,0.9797320231497504,5.153291594497779,-2686.5932928292873,4843.41940281919,3148.514882816864,0.0,180.0,63.0
2022-11-13,59.8,88.0,53.2,2.2,16.5,5.8,7.8,30.30759579130479,29.6166666,119.0166666,172.0,52.420584266670694,10.519180789298467,22.654574331775915,-0.7354170229639858,0.9955168540074409,29.6166666,877.1469404955554,0.9797320231497504,5.153291594497779,-2686.5932928292873,4843.41940281919,3148.514882816864,0.0,180.0,51.9
2022-11-14,53.7,64.8,52.3,0.8,6.4,3.6,5.8,26.307454368082837,29.6166666,119.0166666,172.0,46.98073558818622,10.498488399594686,22.515874803364202,-0.7236440382959124,0.9955168540074409,29.6166666,877.1469404955554,0.9797320231497504,5.153291594497779,-2686.5932928292873,4843.41940281919,3148.514882816864,0.0,180.0,50.2
2022-11-15,55.9,58.1,52.3,0.4,11.6,2.7,3.9,94.87425611884696,29.6166666,119.0166666,172.0,48.81100541077053,10.478212252759326,22.380211652506862,-0.711656622281775,0.9955168540074409,29.6166666,877.1469404955554,0.9797320231497504,5.153291594497779,-2686.5932928292873,4843.41940281919,3148.514882816864,0.0,180.0,51.5
2022-11-18,62.4,68.2,55.4,999.7,10.2,2.9,3.9,-40.055896843979326,29.6166666,119.0166666,172.0,54.18388948353178,10.419978746833035,21.99205175588305,-0.6744436188329457,0.9955168540074409,29.6166666,877.1469404955554,0.9797320231497504,5.153291594497779,-2686.5932928292873,4843.41940281919,3148.514882816864,0.0,180.0,58.1
2022-11-19,62.6,68.2,60.3,998.4,7.1,2.2,3.9,7.672507811250182,29.6166666,119.0166666,172.0,54.260974827750324,10.401464823210924,21.869137599236776,-0.661634618242279,0.9955168540074409,29.6166666,877.1469404955554,0.9797320231497504,5.153291594497779,-2686.5932928292873,4843.41940281919,3148.514882816864,0.0,180.0,61.2
2022-11-20,64.9,72.5,61.0,998.4,14.1,3.6,3.9,215.12240613025352,29.6166666,119.0166666,172.0,56.156972138590376,10.383415495579113,21.749553677517923,-0.6486295610349818,0.9955168540074409,29.6166666,877.1469404955554,0.9797320231497504,5.153291594497779,-2686.5932928292873,4843.41940281919,3148.514882816864,0.0,180.0,57.7
2022-11-21,64.6,72.5,61.3,997.1,7.8,2.4,3.9,61.42909406865586,29.6166666,119.0166666,172.0,55.80277319929857,10.365840222779921,21.633353958764292,-0.6354323008901775,0.9955168540074409,29.6166666,877.1469404955554,0.9797320231497504,5.153291594497779,-2686.5932928292873,4843.41940281919,3148.514882816864,0.0,180.0,58.3
2022-11-22,63.8,68.0,60.4,997.1,13.1,3.4,7.8,-93.2623711756727,29.6166666,119.0166666,172.0,55.02084544754133,10.348748360039123,21.520590766621503,-0.622046748440868,0.9955168540074409,29.6166666,877.1469404955554,0.9797320231497504,5.153291594497779,-2686.5932928292873,4843.41940281919,3148.514882816864,0.0,180.0,58.1
2022-11-23,61.3,66.9,57.6,0.1,16.9,4.1,5.8,-105.67146866045685,29.6166666,119.0166666,172.0,52.78006187846049,10.3321491442337,21.411314765370015,-0.6084768701151264,0.9955168540074409,29.6166666,877.1469404955554,0.9797320231497504,5.153291594497779,-2686.5932928292873,4843.41940281919,3148.514882816864,0.0,180.0,52.1
2022-11-24,62.2,68.5,57.2,999.3,8.5,2.7,3.9,-76.98511891655839,29.6166666,119.0166666,172.0,53.47153453584236,10.316051678940648,21.305574946609585,-0.594726686960764,0.9955168540074409,29.6166666,877.1469404955554,0.9797320231497504,5.153291594497779,-2686.5932928292873,4843.41940281919,3148.514882816864,0.0,180.0,53.2
2022-11-25,62.7,68.5,58.3,996.7,6.1,2.4,3.9,91.23960482077415,29.6166666,119.0166666,172.0,53.81992920339649,10.300464919310333,21.203418617524363,-0.5808002734538013,0.9955168540074409,29.6166666,877.1469404955554,0.9797320231497504,5.153291594497779,-2686.5932928292873,4843.41940281919,3148.514882816864,0.0,180.0,58.1
2022-11-26,63.9,73.9,57.6,996.6,8.4,3.2,5.8,-42.475909051899734,29.6166666,119.0166666,172.0,54.76974252251441,10.285397656810218,21.10489139064812,-0.5667017562911184,0.9955168540074409,29.6166666,877.1469404955554,0.9797320231497504,5.153291594497779,-2686.5932928292873,4843.41940281919,3148.514882816864,0.0,180.0,56.4
2022-11-27,59.8,73.9,57.4,992.8,3.7,2.2,3.9,-204.8027044016726,29.6166666,119.0166666,172.0,51.18311154436945,10.270858503886847,21.010037175044836,-0.5524353131676203,0.9955168540074409,29.6166666,877.1469404955554,0.9797320231497504,5.153291594497779,-2686.5932928292873,4843.41940281919,3148.514882816864,0.0,180.0,57.2
2022-11-28,62.6,64.6,58.1,991.3,1.7,2.7,5.8,185.9972931252963,29.6166666,119.0166666,172.0,53.506598166675424,10.256855878595928,20.918898168816856,-0.5380051715382992,0.9955168540074409,29.6166666,877.1469404955554,0.9797320231497504,5.153291594497779,-2686.5932928292873,4843.41940281919,3148.514882816864,0.0,180.0,61.7
2022-11-29,51.0,64.6,40.6,3.4,12.2,6.7,9.7,-82.39512585504745,29.6166666,119.0166666,172.0,43.53444145432153,10.243397989252125,20.831514852849793,-0.5234156073655503,0.9955168540074409,29.6166666,877.1469404955554,0.9797320231497504,5.153291594497779,-2686.5932928292873,4843.41940281919,3148.514882816864,0.0,180.0,47.4
2022-11-30,36.0,57.7,33.8,13.1,9.5,5.3,7.8,-232.3847311208698,29.6166666,119.0166666,172.0,30.691478457454796,10.230492819151598,20.747925985701126,-0.5086709438521042,0.9955168540074409,29.6166666,877.1469404955554,0.9797320231497504,5.153291594497779,-2686.5932928292873,4843.41940281919,3148.514882816864,0.0,180.0,32.9
2022-12-01,33.8,39.6,32.5,12.0,7.3,4.1,5.8,-62.88237603585014,29.6166666,119.0166666,172.0,28.781117180504282,10.21814811142164,20.66816859953738,-0.49377555015997737,0.9955168540074409,29.6166666,877.1469404955554,0.9797320231497504,5.153291594497779,-2686.5932928292873,4843.41940281919,3148.514882816864,0.0,180.0,31.1
2022-12-02,37.2,40.1,32.5,6.5,6.3,4.1,5.8,-64.86126654908053,29.6166666,119.0166666,172.0,31.639751197563474,10.206371354052733,20.592277997023643,-0.4787338401157883,0.9955168540074409,29.6166666,877.1469404955554,0.9797320231497504,5.153291594497779,-2686.5932928292873,4843.41940281919,3148.514882816864,0.0,180.0,34.8
2022-12-03,45.2,47.3,33.4,4.0,6.6,3.4,5.8,-9.29258531318745,29.6166666,119.0166666,172.0,38.40180611546997,10.195169765169018,20.520287749068306,-0.4635502709028512,0.9955168540074409,29.6166666,877.1469404955554,0.9797320231497504,5.153291594497779,-2686.5932928292873,4843.41940281919,3148.514882816864,0.0,180.0,43.5
2022-12-04,45.0,47.5,41.4,7.7,12.0,6.6,7.8,169.33037821563687,29.6166666,119.0166666,172.0,38.19206354472615,10.18455027859364,20.452229693325762,-0.4482293417404106,0.9955168540074409,29.6166666,877.1469404955554,0.9797320231497504,5.153291594497779,-2686.5932928292873,4843.41940281919,3148.514882816864,0.0,180.0,42.4
2022-12-05,42.5,47.5,40.1,8.9,14.9,4.4,5.8,141.45628145122677,29.6166666,119.0166666,172.0,36.0347566679191,10.174519529765393,20.388133933359942,-0.4327755925504317,0.9955168540074409,29.6166666,877.1469404955554,0.9797320231497504,5.153291594497779,-2686.5932928292873,4843.41940281919,3148.514882816864,0.0,180.0,38.2
2022-12-06,45.6,48.0,38.5,5.7,9.3,4.9,7.8,3.9996011836233922,29.6166666,119.0166666,172.0,38.627318599839356,10.165083842062987,20.328028838372955,-0.41719360261231697,0.9955168540074409,29.6166666,877.1469404955554,0.9797320231497504,5.153291594497779,-2686.5932928292873,4843.41940281919,3148.514882816864,0.0,180.0,38.1
2022-12-07,49.1,51.6,39.7,4.1,4.3,3.6,5.8,-11.870081776250846,29.6166666,119.0166666,172.0,41.5559863656162,10.156249213592554,20.271941043403853,-0.4014879892059737,0.9955168540074409,29.6166666,877.1469404955554,0.9797320231497504,5.153291594497779,-2686.5932928292873,4843.41940281919,3148.514882816864,0.0,180.0,43.6
2022-12-08,51.5,53.4,45.0,2.2,6.2,2.2,3.9,25.12890642976484,29.6166666,119.0166666,172.0,43.55192476511628,10.148021304493113,20.21989544990547,-0.38566340624360745,0.9955168540074409,29.6166666,877.1469404955554,0.9797320231497504,5.153291594497779,-2686.5932928292873,4843.41940281919,3148.514882816864,0.0,180.0,48.0
2022-12-09,52.7,55.6,48.6,0.1,8.2,1.9,1.9,-67.0192256545208,29.6166666,119.0166666,172.0,44.53328049063915,10.140405424813467,20.171915226609133,-0.3697245428906732,0.9955168540074409,29.6166666,877.1469404955554,0.9797320231497504,5.153291594497779,-2686.5932928292873,4843.41940281919,3148.514882816864,0.0,180.0,49.1
2022-12-10,51.6,55.6,49.1,1.9,9.0,3.9,7.8,-159.36409455217947,29.6166666,119.0166666,172.0,43.573648048953174,10.133406523012367,20.128021810590838,-0.3536761221763721,0.9955168540074409,29.6166666,877.1469404955554,0.9797320231497504,5.153291594497779,-2686.5932928292873,4843.41940281919,3148.514882816864,0.0,180.0,45.8
2022-12-11,44.2,55.6,41.5,5.3,6.9,5.3,7.8,186.4814923389401,29.6166666,119.0166666,172.0,37.30122412840188,10.127029175131732,20.088234908455693,-0.33752289959411347,0.9955168540074409,29.6166666,877.1469404955554,0.9797320231497504,5.153291594497779,-2686.5932928292873,4843.41940281919,3148.514882816864,0.0,180.0,34.2
2022-12-12,44.5,52.9,37.4,5.0,8.4,4.4,7.8,-79.33209009964588,29.6166666,119.0166666,172.0,37.53307100614405,10.12127757469053,20.052572497562192,-0.32126966169236515,0.9955168540074409,29.6166666,877.1469404955554,0.9797320231497504,5.153291594497779,-2686.5932928292873,4843.41940281919,3148.514882816864,0.0,180.0,34.5
2022-12-13,46.5,52.9,36.5,7.7,9.5,3.2,5.8,-78.37619701823901,29.6166666,119.0166666,172.0,39.200102652958634,10.116155523344164,20.0210508272121,-0.3049212246562894,0.9955168540074409,29.6166666,877.1469404955554,0.9797320231497504,5.153291594497779,-2686.5932928292873,4843.41940281919,3148.514882816864,0.0,180.0,29.1
2022-12-14,43.6,50.9,35.8,7.7,6.7,4.6,7.8,9.241021197131037,29.6166666,119.0166666,172.0,36.739054667876445,10.111666422351314,19.993684419737438,-0.2884824328806098,0.9955168540074409,29.6166666,877.1469404955554,0.9797320231497504,5.153291594497779,-2686.5932928292873,4843.41940281919,3148.514882816864,0.0,180.0,25.9
2022-12-15,49.0,57.2,34.5,2.3,8.0,3.9,5.8,11.143968268093923,29.6166666,119.0166666,172.0,41.27357083162167,10.10781326488694,19.970486071421455,-0.27195815753410524,0.9955168540074409,29.6166666,877.1469404955554,0.9797320231497504,5.153291594497779,-2686.5932928292873,4843.41940281919,3148.514882816864,0.0,180.0,29.0
2022-12-16,41.7,57.2,37.4,9.4,8.4,4.2,5.8,-209.2771633524364,29.6166666,119.0166666,172.0,35.113480236596956,10.104598629236532,19.951466853196543,-0.2553532951161881,0.9955168540074409,29.6166666,877.1469404955554,0.9797320231497504,5.153291594497779,-2686.5932928292873,4843.41940281919,3148.514882816864,0.0,180.0,38.4
2022-12-17,36.5,46.4,31.1,15.2,15.1,10.4,15.5,-84.30539602513804,29.6166666,119.0166666,172.0,30.726991713413337,10.102024672903015,19.93663611106876,-0.23867276600594997,0.9955168540074409,29.6166666,877.1469404955554,0.9797320231497504,5.153291594497779,-2686.5932928292873,4843.41940281919,3148.514882816864,0.0,180.0,14.9
2022-12-18,36.0,44.2,30.9,9.0,18.3,4.6,7.8,-16.08961497076063,29.6166666,119.0166666,172.0,30.30027938296067,10.100093127653556,19.92600146622512,-0.22192151300416674,0.9955168540074409,29.6166666,877.1469404955554,0.9797320231497504,5.153291594497779,-2686.5932928292873,4843.41940281919,3148.514882816864,0.0,180.0,14.6
2022-12-19,40.0,51.4,30.6,5.0,16.4,2.9,3.9,64.2866568279407,29.6166666,119.0166666,172.0,33.66268431843141,10.098805295529424,19.91956881478719,-0.20510449986861926,0.9955168540074409,29.6166666,877.1469404955554,0.9797320231497504,5.153291594497779,-2686.5932928292873,4843.41940281919,3148.514882816864,0.0,180.0,26.3
2022-12-20,45.9,53.1,33.6,1.1,15.7,3.6,5.8,-67.07513685152149,29.6166666,119.0166666,172.0,38.62546982532866,10.098162045837558,19.9173423271817,-0.1882267098432439,0.9955168540074409,29.6166666,877.1469404955554,0.9797320231497504,5.153291594497779,-2686.5932928292873,4843.41940281919,3148.514882816864,0.0,180.0,37.4
2022-12-21,47.7,56.7,35.8,998.4,12.3,3.9,5.8,-6.210328208402039,29.6166666,119.0166666,172.0,40.1402011572233,10.098163813137937,19.919324447106575,-0.1712931441814778,0.9955168540074409,29.6166666,877.1469404955554,0.9797320231497504,5.153291594497779,-2686.5932928292873,4843.41940281919,3148.514882816864,0.0,180.0,34.2
2022-12-22,42.8,56.7,32.0,2.1,13.7,6.6,11.7,39.07984192480288,29.6166666,119.0166666,172.0,36.01909112657614,10.098810596236302,19.925515890078376,-0.154308820664281,0.9955168540074409,29.6166666,877.1469404955554,0.9797320231497504,5.153291594497779,-2686.5932928292873,4843.41940281919,3148.514882816864,0.0,180.0,19.4
2022-12-23,39.0,53.8,30.9,5.2,17.7,2.4,3.9,145.488958618287,29.6166666,119.0166666,172.0,32.82533136410749,10.10010195818692,19.935915641555162,-0.13727877211326517,0.9955168540074409,29.6166666,877.1469404955554,0.9797320231497504,5.153291594497779,-2686.5932928292873,4843.41940281919,3148.514882816864,0.0,180.0,17.7
2022-12-24,41.7,54.3,31.8,6.9,16.8,3.6,7.8,-31.148953496244705,29.6166666,119.0166666,172.0,35.10457866988627,10.102037027305402,19.950520954636442,-0.12020804489935275,0.9955168540074409,29.6166666,877.1469404955554,0.9797320231497504,5.153291594497779,-2686.5932928292873,4843.41940281919,3148.514882816864,0.0,180.0,21.2
2022-12-25,41.1,54.3,32.2,7.5,12.8,3.6,5.8,-104.74573928134446,29.6166666,119.0166666,172.0,34.608304659714804,10.104614499186804,19.969327347349996,-0.10310169744743544,0.9955168540074409,29.6166666,877.1469404955554,0.9797320231497504,5.153291594497779,-2686.5932928292873,4843.41940281919,3148.514882816864,0.0,180.0,18.5
2022-12-26,42.4,52.0,35.2,8.0,8.6,3.6,5.8,11.80085971796617,29.6166666,119.0166666,172.0,35.7143419936755,10.10783263971948,19.99232859954314,-0.0859647987374467,0.9955168540074409,29.6166666,877.1469404955554,0.9797320231497504,5.153291594497779,-2686.5932928292873,4843.41940281919,3148.514882816864,0.0,180.0,23.8
2022-12-27,42.4,46.9,37.9,9.5,3.7,3.6,5.8,85.64193742372652,29.6166666,119.0166666,172.0,35.727968821418045,10.11168928908058,20.019516749403568,-0.06880242680232064,0.9955168540074409,29.6166666,877.1469404955554,0.9797320231497504,5.153291594497779,-2686.5932928292873,4843.41940281919,3148.514882816864,0.0,180.0,26.8
2022-12-28,38.7,46.2,36.1,12.3,1.7,4.4,5.8,-118.04997920199034,29.6166666,119.0166666,172.0,32.62468652008952,10.116181866694424,20.050882089642915,-0.05161966722325418,0.9955168540074409,29.6166666,877.1469404955554,0.9797320231497504,5.153291594497779,-2686.5932928292873,4843.41940281919,3148.514882816864,0.0,180.0,33.6
2022-12-29,36.4,41.2,35.8,13.2,1.2,3.4,3.9,-8.712133544008095,29.6166666,119.0166666,172.0,30.701299043963143,10.121307377130707,20.086413163383188,-0.034421611622745804,0.9955168540074409,29.6166666,877.1469404955554,0.9797320231497504,5.153291594497779,-2686.5932928292873,4843.41940281919,3148.514882816864,0.0,180.0,34.4
2022-12-30,39.5,41.0,35.8,12.8,4.9,2.9,3.9,-217.17260631517746,29.6166666,119.0166666,172.0,33.334913789012305,10.12706241691513,20.12609675979373,-0.01721335615583528,0.9955168540074409,29.6166666,877.1469404955554,0.9797320231497504,5.153291594497779,-2686.5932928292873,4843.41940281919,3148.514882816864,0.0,180.0,34.1
2022-12-31,44.3,50.0,36.7,11.2,9.2,3.2,7.8,-182.35595049282415,29.6166666,119.0166666,172.0,37.40929441436652,10.13344318222118,20.16991790953291,6.432490598706546e-16,0.9955168540074409,29.6166666,877.1469404955554,0.9797320231497504,5.153291594497779,-2686.5932928292873,4843.41940281919,3148.514882816864,0.0,180.0,34.8
2023-01-01,47.8,55.2,38.7,9.9,7.2,4.1,7.8,11.835815672086172,29.6166666,119.0166666,172.0,40.39277448500765,10.140445477407779,20.217859880055833,0.017213356155834685,0.9955168540074409,29.6166666,877.1469404955554,0.9797320231497504,5.153291594497779,-2686.5932928292873,4843.41940281919,3148.514882816864,0.0,180.0,32.4
2023-01-02,40.5,55.2,39.2,12.2,3.7,3.9,7.8,-38.083446876749164,29.6166666,119.0166666,172.0,34.24971844472928,10.14806472436423,20.269904170854744,0.03442161162274574,0.9955168540074409,29.6166666,877.1469404955554,0.9797320231497504,5.153291594497779,-2686.5932928292873,4843.41940281919,3148.514882816864,0.0,180.0,35.5
2023-01-03,39.6,43.9,34.3,11.3,3.6,3.2,5.8,123.39721652065653,29.6166666,119.0166666,172.0,33.51577670964736,10.156295972620413,20.326030508705657,0.051619667223253764,0.9955168540074409,29.6166666,877.1469404955554,0.9797320231497504,5.153291594497779,-2686.5932928292873,4843.41940281919,3148.514882816864,0.0,180.0,34.6
2023-01-04,44.7,48.4,34.2,8.7,8.3,2.4,3.9,38.111468237384734,29.6166666,119.0166666,172.0,37.86512381541067,10.16513391017736,20.38621684299881,0.06880242680231986,0.9955168540074409,29.6166666,877.1469404955554,0.9797320231497504,5.153291594497779,-2686.5932928292873,4843.41940281919,3148.514882816864,0.0,180.0,36.0
2023-01-05,48.2,52.5,35.2,8.0,6.6,2.4,3.9,-2.6890450798681993,29.6166666,119.0166666,172.0,40.86786771462622,10.174572875010677,20.450439341236745,0.08596479873744647,0.9955168540074409,29.6166666,877.1469404955554,0.9797320231497504,5.153291594497779,-2686.5932928292873,4843.41940281919,3148.514882816864,0.0,180.0,42.2
2023-01-06,52.1,63.7,42.4,6.1,12.0,3.9,7.8,-7.67677793631816,29.6166666,119.0166666,172.0,44.2181681484132,10.184606867196898,20.518672384786978,0.10310169744743485,0.9955168540074409,29.6166666,877.1469404955554,0.9797320231497504,5.153291594497779,-2686.5932928292873,4843.41940281919,3148.514882816864,0.0,180.0,40.9
2023-01-07,47.8,63.7,40.6,3.8,6.3,2.2,3.9,12.875555808907908,29.6166666,119.0166666,172.0,40.61099775375054,10.195229561611015,20.590888564980954,0.1202080448993527,0.9955168540074409,29.6166666,877.1469404955554,0.9797320231497504,5.153291594497779,-2686.5932928292873,4843.41940281919,3148.514882816864,0.0,180.0,40.8
2023-01-08,49.1,63.5,40.6,2.5,8.0,2.7,3.9,-175.86084103991695,29.6166666,119.0166666,172.0,41.76132709733792,10.20643432114165,20.66705867965373,0.13727877211326478,0.9955168540074409,29.6166666,877.1469404955554,0.9797320231497504,5.153291594497779,-2686.5932928292873,4843.41940281919,3148.514882816864,0.0,180.0,41.9
2023-01-09,51.8,63.5,41.4,4.6,6.9,4.4,9.7,154.3059812631121,29.6166666,119.0166666,172.0,44.10862467476032,10.218214210369187,20.74715173022201,0.15430882066428117,0.9955168540074409,29.6166666,877.1469404955554,0.9797320231497504,5.153291594497779,-2686.5932928292873,4843.41940281919,3148.514882816864,0.0,180.0,42.8
2023-01-10,49.9,59.9,44.6,4.8,3.6,4.1,7.8,335.0078278541293,29.6166666,119.0166666,172.0,42.54208702346622,10.230562009651196,20.83113491939981,0.1712931441814776,0.9955168540074409,29.6166666,877.1469404955554,0.9797320231497504,5.153291594497779,-2686.5932928292873,4843.41940281919,3148.514882816864,0.0,180.0,39.1
2023-01-11,53.1,63.1,45.9,0.0,5.4,2.8,3.9,-86.23926479769905,29.6166666,119.0166666,172.0,45.32735576579798,10.243470229558866,20.91897364965319,0.1882267098432442,0.9955168540074409,29.6166666,877.1469404955554,0.9797320231497504,5.153291594497779,-2686.5932928292873,4843.41940281919,3148.514882816864,0.0,180.0,44.2
2023-01-12,55.1,63.1,46.8,993.7,2.1,2.4,3.9,-114.88355738662551,29.6166666,119.0166666,172.0,47.09640875174999,10.256931125607984,21.01063152249608,0.2051044998686192,0.9955168540074409,29.6166666,877.1469404955554,0.9797320231497504,5.153291594497779,-2686.5932928292873,4843.41940281919,3148.514882816864,0.0,180.0,52.6
2023-01-13,58.4,61.5,48.2,990.3,0.3,2.7,3.9,-104.57245297927129,29.6166666,119.0166666,172.0,49.98522533770978,10.270936713228037,21.106070338729907,0.2219215130041655,0.9955168540074409,29.6166666,877.1469404955554,0.9797320231497504,5.153291594497779,-2686.5932928292873,4843.41940281919,3148.514882816864,0.0,180.0,58.0
2023-01-14,48.1,61.5,37.2,997.9,13.1,6.8,9.7,66.71185070028238,29.6166666,119.0166666,172.0,41.22762745484465,10.285478782913426,21.205250099729373,0.2386727660059501,0.9955168540074409,29.6166666,877.1469404955554,0.9797320231497504,5.153291594497779,-2686.5932928292873,4843.41940281919,3148.514882816864,0.0,180.0,43.7
2023-01-15,32.9,60.8,30.7,8.1,12.3,5.3,7.8,68.20140232110425,29.6166666,119.0166666,172.0,28.24067160999983,10.300548915501457,21.308129009876353,0.255353295116187,0.9955168540074409,29.6166666,877.1469404955554,0.9797320231497504,5.153291594497779,-2686.5932928292873,4843.41940281919,3148.514882816864,0.0,180.0,27.3
2023-01-16,36.0,41.7,29.1,9.0,10.3,3.9,5.8,125.12954794466764,29.6166666,119.0166666,172.0,30.948415492568458,10.31613849752282,21.414663480242197,0.2719581575341055,0.9955168540074409,29.6166666,877.1469404955554,0.9797320231497504,5.153291594497779,-2686.5932928292873,4843.41940281919,3148.514882816864,0.0,180.0,22.3
2023-01-17,37.6,41.7,30.4,9.3,11.0,4.6,7.8,89.71117329509383,29.6166666,119.0166666,172.0,32.374348041257235,10.332238736571458,21.524808133617135,0.288482432880609,0.9955168540074409,29.6166666,877.1469404955554,0.9797320231497504,5.153291594497779,-2686.5932928292873,4843.41940281919,3148.514882816864,0.0,180.0,25.8
2023-01-18,40.4,50.2,32.7,8.2,11.2,2.2,3.9,-1.690703979290836,29.6166666,119.0166666,172.0,34.841096944695614,10.348840676642261,21.63851581098327,0.30492122465628907,0.9955168540074409,29.6166666,877.1469404955554,0.9797320231497504,5.153291594497779,-2686.5932928292873,4843.41940281919,3148.514882816864,0.0,180.0,27.0
2023-01-19,44.7,51.4,33.8,6.5,13.7,2.4,3.9,41.959768244177894,29.6166666,119.0166666,172.0,38.613108669865774,10.365935213386784,21.75573757952425,0.3212696616923644,0.9955168540074409,29.6166666,877.1469404955554,0.9797320231497504,5.153291594497779,-2686.5932928292873,4843.41940281919,3148.514882816864,0.0,180.0,32.7
2023-01-20,47.3,57.2,37.0,8.1,9.9,4.1,7.8,70.17840552844117,29.6166666,119.0166666,172.0,40.9283475055838,10.38351310923902,21.876422742261934,0.3375228995941133,0.9955168540074409,29.6166666,877.1469404955554,0.9797320231497504,5.153291594497779,-2686.5932928292873,4843.41940281919,3148.514882816864,0.0,180.0,26.8
2023-01-21,48.0,57.2,38.8,1.9,5.4,3.2,5.8,17.640257345907052,29.6166666,119.0166666,172.0,41.606260033462156,10.401565008365539,22.0005188494063,0.3536761221763716,0.9955168540074409,29.6166666,877.1469404955554,0.9797320231497504,5.153291594497779,-2686.5932928292873,4843.41940281919,3148.514882816864,0.0,180.0,36.1
2023-01-22,45.8,52.0,43.2,0.5,3.7,2.9,5.8,7.608444827997713,29.6166666,119.0166666,172.0,39.76997753949626,10.4200814513964,22.127971711500223,0.3697245428906731,0.9955168540074409,29.6166666,877.1469404955554,0.9797320231497504,5.153291594497779,-2686.5932928292873,4843.41940281919,3148.514882816864,0.0,180.0,43.1
2023-01-23,42.6,47.5,38.1,6.3,10.7,4.9,7.8,57.06725696372858,29.6166666,119.0166666,172.0,37.05863775913016,10.43905288989582,22.25872541443665,0.38566340624360707,0.9955168540074409,29.6166666,877.1469404955554,0.9797320231497504,5.153291594497779,-2686.5932928292873,4843.41940281919,3148.514882816864,0.0,180.0,37.8
2023-01-24,32.0,44.2,24.1,15.5,8.9,5.8,11.7,38.655825255834586,29.6166666,119.0166666,172.0,27.88925253475725,10.45846970053397,22.39272233642021,0.401487989205973,0.9955168540074409,29.6166666,877.1469404955554,0.9797320231497504,5.153291594497779,-2686.5932928292873,4843.41940281919,3148.514882816864,0.0,180.0,15.2
2023-01-25,33.0,41.2,23.0,6.2,11.0,2.7,5.8,53.60092179618797,29.6166666,119.0166666,172.0,28.81538604704104,10.478322198924015,22.52990316693979,0.4171936026123168,0.9955168540074409,29.6166666,877.1469404955554,0.9797320231497504,5.153291594497779,-2686.5932928292873,4843.41940281919,3148.514882816864,0.0,180.0,17.3
2023-01-26,41.3,46.8,24.4,4.8,11.0,4.4,7.8,45.997680686961935,29.6166666,119.0166666,172.0,36.13268391438845,10.498600653091076,22.670206927813073,0.4327755925504312,0.9955168540074409,29.6166666,877.1469404955554,0.9797320231497504,5.153291594497779,-2686.5932928292873,4843.41940281919,3148.514882816864,0.0,180.0,26.9
2023-01-27,37.5,46.9,29.1,10.9,10.4,3.9,5.8,77.44834079422682,29.6166666,119.0166666,172.0,32.872797801695675,10.519295296542616,22.813570996357708,0.4482293417404106,0.9955168540074409,29.6166666,877.1469404955554,0.9797320231497504,5.153291594497779,-2686.5932928292873,4843.41940281919,3148.514882816864,0.0,180.0,14.0
2023-01-28,36.6,46.9,27.7,8.1,12.0,2.4,3.9,51.64312271088435,29.6166666,119.0166666,172.0,32.148208839782974,10.54039634091245,22.959931130737463,0.4635502709028509,0.9955168540074409,29.6166666,877.1469404955554,0.9797320231497504,5.153291594497779,-2686.5932928292873,4843.41940281919,3148.514882816864,0.0,180.0,17.7
2023-01-29,41.8,54.5,29.1,6.0,16.5,2.9,3.9,17.723478548212782,29.6166666,119.0166666,172.0,36.79059739206754,10.561893988153361,23.109221497525116,0.47873384011578846,0.9955168540074409,29.6166666,877.1469404955554,0.9797320231497504,5.153291594497779,-2686.5932928292873,4843.41940281919,3148.514882816864,0.0,180.0,23.8
2023-01-30,44.1,57.2,31.6,2.2,14.7,2.2,3.9,63.47632955706516,29.6166666,119.0166666,172.0,38.895385775291,10.583778442256055,23.26137470151687,0.49377555015997715,0.9955168540074409,29.6166666,877.1469404955554,0.9797320231497504,5.153291594497779,-2686.5932928292873,4843.41940281919,3148.514882816864,0.0,180.0,31.1
2023-01-31,50.0,67.5,34.3,996.0,14.7,2.4,3.9,0.03250559896643779,29.6166666,119.0166666,172.0,44.19183300197868,10.606039920474883,23.41632181782623,0.5086709438521044,0.9955168540074409,29.6166666,877.1469404955554,0.9797320231497504,5.153291594497779,-2686.5932928292873,4843.41940281919,3148.514882816864,0.0,180.0,36.2
2023-02-01,49.0,67.5,37.2,1.3,11.4,5.6,9.7,-54.14809193074089,29.6166666,119.0166666,172.0,43.400397044844105,10.628668664043454,23.573992426277915,0.5234156073655503,0.9955168540074409,29.6166666,877.1469404955554,0.9797320231497504,5.153291594497779,-2686.5932928292873,4843.41940281919,3148.514882816864,0.0,180.0,34.5
2023-02-02,39.9,55.0,37.2,5.8,6.3,5.6,7.8,-303.621533422085,29.6166666,119.0166666,172.0,35.41675270331647,10.651654948365856,23.73431464811522,0.5380051715382996,0.9955168540074409,29.6166666,877.1469404955554,0.9797320231497504,5.153291594497779,-2686.5932928292873,4843.41940281919,3148.514882816864,0.0,180.0,33.4
2023-02-03,41.3,43.7,37.2,4.0,7.4,3.6,3.9,27.31194675660172,29.6166666,119.0166666,172.0,36.73975412727858,10.674989092671744,23.89721518502666,0.5524353131676196,0.9955168540074409,29.6166666,877.1469404955554,0.9797320231497504,5.153291594497779,-2686.5932928292873,4843.41940281919,3148.514882816864,0.0,180.0,36.3
2023-02-04,42.8,45.3,38.3,3.2,5.3,4.9,5.8,38.427812721329076,29.6166666,119.0166666,172.0,38.15855923988284,10.69866146912603,24.062619360490462,0.5667017562911176,0.9955168540074409,29.6166666,877.1469404955554,0.9797320231497504,5.153291594497779,-2686.5932928292873,4843.41940281919,3148.514882816864,0.0,180.0,35.6
2023-02-05,44.8,47.8,39.7,999.7,3.4,2.4,3.9,218.40567864966258,29.6166666,119.0166666,172.0,40.031273375841785,10.722662511386192,24.230451163427766,0.5808002734538009,0.9955168540074409,29.6166666,877.1469404955554,0.9797320231497504,5.153291594497779,-2686.5932928292873,4843.41940281919,3148.514882816864,0.0,180.0,41.9
2023-02-06,48.8,51.1,40.8,997.1,8.2,2.4,3.9,-27.566472157277005,29.6166666,119.0166666,172.0,43.70439640525054,10.746982722602594,24.400633294148022,0.5947266869607634,0.9955168540074409,29.6166666,877.1469404955554,0.9797320231497504,5.153291594497779,-2686.5932928292873,4843.41940281919,3148.514882816864,0.0,180.0,47.3
2023-02-07,50.4,53.1,45.7,1.4,11.2,4.6,7.8,-12.93846207618811,29.6166666,119.0166666,172.0,45.240773268008816,10.771612682859242,24.573087212562513,0.6084768701151261,0.9955168540074409,29.6166666,877.1469404955554,0.9797320231497504,5.153291594497779,-2686.5932928292873,4843.41940281919,3148.514882816864,0.0,180.0,46.0
2023-02-08,44.9,53.1,43.2,2.9,2.7,6.1,7.8,-72.25393055899823,29.6166666,119.0166666,172.0,40.39706526807047,10.79654305605447,24.747733188634406,0.6220467484408675,0.9955168540074409,29.6166666,877.1469404955554,0.9797320231497504,5.153291594497779,-2686.5932928292873,4843.41940281919,3148.514882816864,0.0,180.0,41.8
2023-02-09,46.4,48.4,43.2,999.0,10.4,3.9,5.8,-145.20227396006769,29.6166666,119.0166666,172.0,41.84415643872893,10.821764596223,24.924490355026467,0.6354323008901774,0.9955168540074409,29.6166666,877.1469404955554,0.9797320231497504,5.153291594497779,-2686.5932928292873,4843.41940281919,3148.514882816864,0.0,180.0,44.8
2023-02-10,46.7,49.1,43.5,999.6,11.0,3.9,5.8,95.40412548889064,29.6166666,119.0166666,172.0,42.21395189660225,10.847268153302503,25.103276761900183,0.6486295610349814,0.9955168540074409,29.6166666,877.1469404955554,0.9797320231497504,5.153291594497779,-2686.5932928292873,4843.41940281919,3148.514882816864,0.0,180.0,43.3
2023-02-11,49.5,52.7,44.4,997.0,8.4,2.5,3.9,-61.638675238551826,29.6166666,119.0166666,172.0,44.85130929819198,10.87304467834957,25.28400943381284,0.6616346182422783,0.9955168540074409,29.6166666,877.1469404955554,0.9797320231497504,5.153291594497779,-2686.5932928292873,4843.41940281919,3148.514882816864,0.0,180.0,47.2
2023-02-12,51.7,54.1,45.7,993.8,4.1,2.2,3.9,40.98523730141814,29.6166666,119.0166666,172.0,46.9568921915442,10.899085228211419,25.466604428652197,0.6744436188329455,0.9955168540074409,29.6166666,877.1469404955554,0.9797320231497504,5.153291594497779,-2686.5932928292873,4843.41940281919,3148.514882816864,0.0,180.0,50.8
2023-02-13,43.5,54.1,39.0,3.8,15.7,4.1,5.8,68.7150025014141,29.6166666,119.0166666,172.0,39.60450601502161,10.925380969661134,25.65097689854123,0.6870527672236669,0.9955168540074409,29.6166666,877.1469404955554,0.9797320231497504,5.153291594497779,-2686.5932928292873,4843.41940281919,3148.514882816864,0.0,180.0,40.0
2023-02-14,42.6,49.5,38.3,7.7,10.6,3.6,3.9,4.368979839462479,29.6166666,119.0166666,172.0,38.87932729966956,10.95192318300551,25.83704115263909,0.699458327051647,0.9955168540074409,29.6166666,877.1469404955554,0.9797320231497504,5.153291594497779,-2686.5932928292873,4843.41940281919,3148.514882816864,0.0,180.0,31.8
2023-02-15,44.1,53.8,36.3,11.0,11.0,4.1,5.8,140.2069985430814,29.6166666,119.0166666,172.0,40.34673449952067,10.978703265175692,26.024710721757476,0.7116566222817746,0.9955168540074409,29.6166666,877.1469404955554,0.9797320231497504,5.153291594497779,-2686.5932928292873,4843.41940281919,3148.514882816864,0.0,180.0,28.7
2023-02-16,47.7,56.8,34.7,7.0,9.6,2.9,3.9,-4.0154248564973685,29.6166666,119.0166666,172.0,43.74770811093984,11.005712732311908,26.213898424705807,0.7236440382959124,0.9955168540074409,29.6166666,877.1469404955554,0.9797320231497504,5.153291594497779,-2686.5932928292873,4843.41940281919,3148.514882816864,0.0,180.0,31.3
2023-02-17,51.3,63.5,37.9,1.6,9.4,2.4,3.9,-49.64827733840609,29.6166666,119.0166666,172.0,47.165832273427476,11.032943221854381,26.404516436272043,0.7354170229639855,0.9955168540074409,29.6166666,877.1469404955554,0.9797320231497504,5.153291594497779,-2686.5932928292873,4843.41940281919,3148.514882816864,0.0,180.0,40.5
2023-02-18,56.6,65.7,44.1,0.7,8.7,2.4,3.9,147.69756928931784,29.6166666,119.0166666,172.0,52.168156297424005,11.0603864941535,26.59647635674062,0.7469720876965552,0.9955168540074409,29.6166666,877.1469404955554,0.9797320231497504,5.153291594497779,-2686.5932928292873,4843.41940281919,3148.514882816864,0.0,180.0,46.4
2023-02-19,52.1,65.7,45.1,5.8,2.4,3.6,5.8,133.5387234462181,29.6166666,119.0166666,172.0,48.14054949926908,11.088034433612838,26.789689282843238,0.7583058084785624,0.9955168540074409,29.6166666,877.1469404955554,0.9797320231497504,5.153291594497779,-2686.5932928292873,4843.41940281919,3148.514882816864,0.0,180.0,40.9
2023-02-20,48.8,59.4,40.8,9.3,7.0,4.6,5.8,-90.76003113941887,29.6166666,119.0166666,172.0,45.20457480080931,11.11587904937934,26.98406588003287,0.7694148268839378,0.9955168540074409,29.6166666,877.1469404955554,0.9797320231497504,5.153291594497779,-2686.5932928292873,4843.41940281919,3148.514882816864,0.0,180.0,26.6
2023-02-21,44.9,59.4,37.6,11.4,12.7,6.1,9.7,-189.01713824342582,29.6166666,119.0166666,172.0,41.69680584618609,11.14391247559539,27.179516455966827,0.7802958510707755,0.9955168540074409,29.6166666,877.1469404955554,0.9797320231497504,5.153291594497779,-2686.5932928292873,4843.41940281919,3148.514882816864,0.0,180.0,25.8
2023-02-22,47.8,54.9,37.0,5.1,13.6,3.9,5.8,-131.46380051323496,29.6166666,119.0166666,172.0,44.50230576872481,11.172126971227987,27.375951035079623,0.7909456567567772,0.9955168540074409,29.6166666,877.1469404955554,0.9797320231497504,5.153291594497779,-2686.5932928292873,4843.41940281919,3148.514882816864,0.0,180.0,32.6
2023-02-23,45.8,53.6,38.5,2.5,3.9,4.1,5.8,-46.73143778575145,29.6166666,119.0166666,172.0,42.748631942721815,11.200514919490432,27.573279434122437,0.8013610881746766,0.9955168540074409,29.6166666,877.1469404955554,0.9797320231497504,5.153291594497779,-2686.5932928292873,4843.41940281919,3148.514882816864,0.0,180.0,38.9
2023-02-24,43.4,50.4,39.9,9.4,7.0,3.2,3.9,219.6046363459251,29.6166666,119.0166666,172.0,40.61179892385489,11.22906882687232,27.771411338541775,0.8115390590073611,0.9955168540074409,29.6166666,877.1469404955554,0.9797320231497504,5.153291594497779,-2686.5932928292873,4843.41940281919,3148.514882816864,0.0,180.0,38.8
2023-02-25,42.9,53.1,36.0,17.2,4.8,4.7,5.8,31.119921054788165,29.6166666,119.0166666,172.0,40.246568225412304,11.257781321793653,27.970256379566486,0.8214765533024142,0.9955168540074409,29.6166666,877.1469404955554,0.9797320231497504,5.153291594497779,-2686.5932928292873,4843.41940281919,3148.514882816864,0.0,180.0,32.7
2023-02-26,43.8,54.5,34.9,15.7,15.3,3.9,5.8,-20.01094961098107,29.6166666,119.0166666,172.0,41.19625480808161,11.286645152899073,28.16972421186889,0.8311706263658079,0.9955168540074409,29.6166666,877.1469404955554,0.9797320231497504,5.153291594497779,-2686.5932928292873,4843.41940281919,3148.514882816864,0.0,180.0,21.9
2023-02-27,47.4,59.5,35.1,9.5,14.8,3.9,5.8,147.0243767867575,29.6166666,119.0166666,172.0,44.69683008868244,11.315653187008213,28.369724591663115,0.8406184056344782,0.9955168540074409,29.6166666,877.1469404955554,0.9797320231497504,5.153291594497779,-2686.5932928292873,4843.41940281919,3148.514882816864,0.0,180.0,28.6
2023-02-28,47.7,59.5,38.5,5.2,6.9,1.5,1.9,-3.104097240373095,29.6166666,119.0166666,172.0,45.09557366678403,11.34479840673812,28.570167455100897,0.8498170915275278,0.9955168540074409,29.6166666,877.1469404955554,0.9797320231497504,5.153291594497779,-2686.5932928292873,4843.41940281919,3148.514882816864,0.0,180.0,44.2
2023-03-01,52.4,59.5,41.7,6.8,8.1,3.4,7.8,-36.105073735678374,29.6166666,119.0166666,172.0,49.66678939745302,11.37407390781367,28.770962996823265,0.8587639582758029,0.9955168540074409,29.6166666,877.1469404955554,0.9797320231497504,5.153291594497779,-2686.5932928292873,4843.41940281919,3148.514882816864,0.0,180.0,44.0
2023-03-02,52.0,61.9,41.5,9.3,6.2,3.6,3.9,181.60372113475407,29.6166666,119.0166666,172.0,49.41504921635416,11.40347289608173,28.97202174852466,0.8674563547295969,0.9955168540074409,29.6166666,877.1469404955554,0.9797320231497504,5.153291594497779,-2686.5932928292873,4843.41940281919,3148.514882816864,0.0,180.0,29.7
2023-03-03,49.1,60.8,40.1,6.3,4.7,1.9,1.9,121.79634135991624,29.6166666,119.0166666,172.0,46.77997869970124,11.432988684244702,29.17325465738484,0.8758917051442429,0.9955168540074409,29.6166666,877.1469404955554,0.9797320231497504,5.153291594497779,-2686.5932928292873,4843.41940281919,3148.514882816864,0.0,180.0,38.0
2023-03-04,53.9,70.9,41.9,6.4,10.7,2.9,5.8,125.25262313593967,29.6166666,119.0166666,172.0,51.48624430841043,11.462614688328852,29.37457316422261,0.8840675099433636,0.9955168540074409,29.6166666,877.1469404955554,0.9797320231497504,5.153291594497779,-2686.5932928292873,4843.41940281919,3148.514882816864,0.0,180.0,37.3
2023-03-05,55.9,72.5,43.5,4.1,11.1,1.7,1.9,13.99297720927579,29.6166666,119.0166666,172.0,53.535171108013174,11.492344423902649,29.575889281225326,0.8919813464595485,0.9955168540074409,29.6166666,877.1469404955554,0.9797320231497504,5.153291594497779,-2686.5932928292873,4843.41940281919,3148.514882816864,0.0,180.0,38.8
2023-03-06,57.3,74.3,44.8,1.6,13.4,2.2,3.9,100.53101665673206,29.6166666,119.0166666,172.0,55.01836892233681,11.522171502060067,29.777115669107808,0.8996308696522433,0.9955168540074409,29.6166666,877.1469404955554,0.9797320231497504,5.153291594497779,-2686.5932928292873,4843.41940281919,3148.514882816864,0.0,180.0,38.6
2023-03-07,60.9,76.3,46.8,999.1,13.0,1.9,3.9,-86.02218933183674,29.6166666,119.0166666,172.0,58.6268548478065,11.552089625183546,29.97816571355429,0.9070138128026359,0.9955168540074409,29.6166666,877.1469404955554,0.9797320231497504,5.153291594497779,-2686.5932928292873,4843.41940281919,3148.514882816864,0.0,180.0,44.0
2023-03-08,60.4,76.3,48.9,999.8,7.7,2.4,5.8,36.24675968975477,29.6166666,119.0166666,172.0,58.29653266525529,11.582092582501051,30.178953600798266,0.9141279881853337,0.9955168540074409,29.6166666,877.1469404955554,0.9797320231497504,5.153291594497779,-2686.5932928292873,4843.41940281919,3148.514882816864,0.0,180.0,52.1
2023-03-09,60.5,76.5,52.0,999.6,6.2,2.2,3.9,246.21443127252294,29.6166666,119.0166666,172.0,58.54471182081737,11.61217424545138,30.379394392195525,0.9209712877166346,0.9955168540074409,29.6166666,877.1469404955554,0.9797320231497504,5.153291594497779,-2686.5932928292873,4843.41940281919,3148.514882816864,0.0,180.0,53.0
2023-03-10,65.3,81.3,50.4,997.5,12.6,2.7,3.9,-45.925267762976816,29.6166666,119.0166666,172.0,63.353671262959466,11.642328562871572,30.57940409764763,0.9275416835791966,0.9955168540074409,29.6166666,877.1469404955554,0.9797320231497504,5.153291594497779,-2686.5932928292873,4843.41940281919,3148.514882816864,0.0,180.0,45.7
2023-03-11,61.9,81.3,52.2,999.0,9.5,2.4,3.9,104.1784100124555,29.6166666,119.0166666,172.0,60.210901459803175,11.672549556020002,30.778899747734673,0.9338372288229252,0.9955168540074409,29.6166666,877.1469404955554,0.9797320231497504,5.153291594497779,-2686.5932928292873,4843.41940281919,3148.514882816864,0.0,180.0,52.3
2023-03-12,54.6,72.3,47.3,7.6,6.6,5.6,7.8,17.311462640659357,29.6166666,119.0166666,172.0,53.24788247619057,11.702831313448476,30.977799464418574,0.9398560579418954,0.9955168540074409,29.6166666,877.1469404955554,0.9797320231497504,5.153291594497779,-2686.5932928292873,4843.41940281919,3148.514882816864,0.0,180.0,41.2
2023-03-13,53.1,64.0,44.1,1.5,12.8,2.4,5.8,-175.2762946709267,29.6166666,119.0166666,172.0,51.91926833688314,11.733167985736303,31.176022530180543,0.9455963874271426,0.9955168540074409,29.6166666,877.1469404955554,0.9797320231497504,5.153291594497779,-2686.5932928292873,4843.41940281919,3148.514882816864,0.0,180.0,36.1
2023-03-14,57.3,72.7,43.3,994.8,13.7,2.4,3.9,91.11773764857895,29.6166666,119.0166666,172.0,56.170969299973436,11.76355378009915,31.373489455459705,0.9510565162951535,0.9955168540074409,29.6166666,877.1469404955554,0.9797320231497504,5.153291594497779,-2686.5932928292873,4843.41940281919,3148.514882816864,0.0,180.0,41.8
2023-03-15,60.8,72.7,46.0,999.9,10.8,4.9,9.7,-83.70359815709415,29.6166666,119.0166666,172.0,59.75618030475146,11.793982954885157,31.570122044263044,0.9562348265919056,0.9955168540074409,29.6166666,877.1469404955554,0.9797320231497504,5.153291594497779,-2686.5932928292873,4843.41940281919,3148.514882816864,0.0,180.0,46.1
2023-03-16,53.0,71.1,48.4,1.5,5.8,8.3,11.7,62.266779984316216,29.6166666,119.0166666,172.0,52.22465334503675,11.824449813970585,31.765843457820456,0.9611297838723007,0.9955168540074409,29.6166666,877.1469404955554,0.9797320231497504,5.153291594497779,-2686.5932928292873,4843.41940281919,3148.514882816864,0.0,180.0,42.3
2023-03-17,48.3,60.6,46.6,1.1,11.8,2.7,3.9,-134.4177492844871,29.6166666,119.0166666,172.0,47.716168521794835,11.85494870106704,31.9605782761631,0.9657399376548549,0.9955168540074409,29.6166666,877.1469404955554,0.9797320231497504,5.153291594497779,-2686.5932928292873,4843.41940281919,3148.514882816864,0.0,180.0,44.9
2023-03-18,48.5,52.2,45.7,1.6,9.3,4.4,5.8,189.12729711881312,29.6166666,119.0166666,172.0,48.037124058889916,11.885473993952143,32.15425255750737,0.9700639218515071,0.9955168540074409,29.6166666,877.1469404955554,0.9797320231497504,5.153291594497779,-2686.5932928292873,4843.41940281919,3148.514882816864,0.0,180.0,43.0
2023-03-19,47.0,52.2,45.7,996.9,2.6,3.9,5.8,-44.22188654315508,29.6166666,119.0166666,172.0,46.671078719654915,11.916020098635297,32.346793895331814,0.9741004551724205,0.9955168540074409,29.6166666,877.1469404955554,0.9797320231497504,5.153291594497779,-2686.5932928292873,4843.41940281919,3148.514882816864,0.0,180.0,45.4
2023-03-20,54.5,59.7,46.4,990.4,4.7,2.2,3.9,-69.81612490021479,29.6166666,119.0166666,172.0,54.25739072242656,11.946581443470068,32.538131473039,0.9778483415056568,0.9955168540074409,29.6166666,877.1469404955554,0.9797320231497504,5.153291594497779,-2686.5932928292873,4843.41940281919,3148.514882816864,0.0,180.0,52.0
2023-03-21,56.4,59.7,48.9,987.7,2.1,2.5,5.8,-109.0261624623122,29.6166666,119.0166666,172.0,56.29261662415565,11.977152473224606,32.72819611610023,0.9813064702716093,0.9955168540074409,29.6166666,877.1469404955554,0.9797320231497504,5.153291594497779,-2686.5932928292873,4843.41940281919,3148.514882816864,0.0,180.0,55.7
2023-03-22,59.4,61.2,54.7,986.8,10.7,2.4,3.9,185.46519397832134,29.6166666,119.0166666,172.0,59.438251833450636,12.00772764312134,32.91692034158607,0.9844738167520922,0.9955168540074409,29.6166666,877.1469404955554,0.9797320231497504,5.153291594497779,-2686.5932928292873,4843.41940281919,3148.514882816864,0.0,180.0,58.4
2023-03-23,56.9,63.5,48.7,993.1,14.2,5.6,9.7,80.66830761721273,29.6166666,119.0166666,172.0,57.08161253263123,12.038301412857201,33.10423840499208,0.9873494423939864,0.9955168540074409,29.6166666,877.1469404955554,0.9797320231497504,5.153291594497779,-2686.5932928292873,4843.41940281919,3148.514882816864,0.0,180.0,53.2
2023-03-24,44.2,63.5,43.3,0.4,10.0,5.8,7.8,91.5223872090261,29.6166666,119.0166666,172.0,44.45366468626715,12.068868240615517,33.29008634427477,0.989932495087353,0.9955168540074409,29.6166666,877.1469404955554,0.9797320231497504,5.153291594497779,-2686.5932928292873,4843.41940281919,3148.514882816864,0.0,180.0,40.1
2023-03-25,45.2,46.2,43.0,0.1,7.3,2.7,5.8,12.789615808251153,29.6166666,119.0166666,172.0,45.57449170700403,12.099422577080716,33.47440202101971,0.9922222094179323,0.9955168540074409,29.6166666,877.1469404955554,0.9797320231497504,5.153291594497779,-2686.5932928292873,4843.41940281919,3148.514882816864,0.0,180.0,41.7
2023-03-26,55.0,65.5,43.0,1.0,13.0,3.6,5.8,7.595478376589181,29.6166666,119.0166666,172.0,55.59564477255711,12.129958859467004,33.65712515866978,0.994217906893952,0.9955168540074409,29.6166666,877.1469404955554,0.9797320231497504,5.153291594497779,-2686.5932928292873,4843.41940281919,3148.514882816864,0.0,180.0,38.0
2023-03-27,53.1,65.5,48.0,2.2,7.3,3.2,7.8,-114.73304203337693,29.6166666,119.0166666,172.0,53.810086412156885,12.160471505572177,33.83819737774878,0.995918996147179,0.9955168540074409,29.6166666,877.1469404955554,0.9797320231497504,5.153291594497779,-2686.5932928292873,4843.41940281919,3148.514882816864,0.0,180.0,38.8
2023-03-28,57.4,65.3,48.0,1.6,12.7,2.9,5.8,30.292638971237984,29.6166666,119.0166666,172.0,58.313400975967845,12.190954907867843,34.017562228022356,0.9973249731081555,0.9955168540074409,29.6166666,877.1469404955554,0.9797320231497504,5.153291594497779,-2686.5932928292873,4843.41940281919,3148.514882816864,0.0,180.0,35.8
2023-03-29,52.6,65.3,49.3,998.5,6.9,4.1,7.8,-54.661574492565634,29.6166666,119.0166666,172.0,53.57048502447706,12.221403427637352,34.195165217545146,0.9984354211555643,0.9955168540074409,29.6166666,877.1469404955554,0.9797320231497504,5.153291594497779,-2686.5932928292873,4843.41940281919,3148.514882816864,0.0,180.0,44.5
2023-03-30,53.8,58.1,49.3,997.0,12.1,3.6,5.8,231.11762062954293,29.6166666,119.0166666,172.0,54.92895439479193,12.251811389172921,34.37095383855057,0.9992500112396835,0.9955168540074409,29.6166666,877.1469404955554,0.9797320231497504,5.153291594497779,-2686.5932928292873,4843.41940281919,3148.514882816864,0.0,180.0,49.5
2023-03-31,55.6,58.6,50.7,996.6,5.6,2.9,3.9,101.49402678381584,29.6166666,119.0166666,172.0,56.90740190973507,12.28217307404354,34.5448775901469,0.9997685019798909,0.9955168540074409,29.6166666,877.1469404955554,0.9797320231497504,5.153291594497779,-2686.5932928292873,4843.41940281919,3148.514882816864,0.0,180.0,50.7
2023-04-01,61.8,73.9,53.1,994.1,10.1,3.2,5.8,-7.835142575650249,29.6166666,119.0166666,172.0,63.40928598454372,12.312482715445384,34.71688799779062,0.9999907397361901,0.9955168540074409,29.6166666,877.1469404955554,0.9797320231497504,5.153291594497779,-2686.5932928292873,4843.41940281919,3148.514882816864,0.0,180.0,51.3
2023-04-02,67.8,79.7,52.7,993.5,11.5,4.6,7.8,-93.73319979831784,29.6166666,119.0166666,172.0,69.7364498834541,12.342734492646743,34.886938629515555,0.9999166586547379,0.9955168540074409,29.6166666,877.1469404955554,0.9797320231497504,5.153291594497779,-2686.5932928292873,4843.41940281919,3148.514882816864,0.0,180.0,50.5
2023-04-03,62.2,79.7,55.0,991.6,12.7,3.9,3.9,101.18224457342663,29.6166666,119.0166666,172.0,64.13298175738008,12.372922525539565,35.05498510890375,0.9995462806873573,0.9955168540074409,29.6166666,877.1469404955554,0.9797320231497504,5.153291594497779,-2686.5932928292873,4843.41940281919,3148.514882816864,0.0,180.0,51.9
2023-04-05,59.6,68.0,53.6,994.3,10.8,5.1,7.8,-107.7749001928219,29.6166666,119.0166666,172.0,61.750981429229185,12.433083509240774,35.38489843771437,0.9979171608653922,0.9955168540074409,29.6166666,877.1469404955554,0.9797320231497504,5.153291594497779,-2686.5932928292873,4843.41940281919,3148.514882816864,0.0,180.0,54.0
2023-04-06,51.4,68.0,49.5,997.5,4.4,3.6,5.8,-77.33517598332452,29.6166666,119.0166666,172.0,53.38337332340041,12.463044355657685,35.546686883090686,0.9966589017541702,0.9955168540074409,29.6166666,877.1469404955554,0.9797320231497504,5.153291594497779,-2686.5932928292873,4843.41940281919,3148.514882816864,0.0,180.0,49.3
2023-04-07,57.7,68.4,49.5,2.7,12.2,3.2,3.9,-74.12817142040747,29.6166666,119.0166666,172.0,60.070110391023526,12.492917239034353,35.70631437117516,0.9951053111006976,0.9955168540074409,29.6166666,877.1469404955554,0.9797320231497504,5.153291594497779,-2686.5932928292873,4843.41940281919,3148.514882816864,0.0,180.0,45.1
2023-04-08,59.4,72.0,48.6,3.1,15.9,2.9,5.8,30.583017065478614,29.6166666,119.0166666,172.0,61.98734473107514,12.522695905267705,35.86374688379029,0.9932568492674143,0.9955168540074409,29.6166666,877.1469404955554,0.9797320231497504,5.153291594497779,-2686.5932928292873,4843.41940281919,3148.514882816864,0.0,180.0,39.9
2023-04-09,61.4,74.8,48.6,997.1,13.7,2.9,3.9,99.65955781251067,29.6166666,119.0166666,172.0,64.22631369032518,12.552374011138474,36.01895246787578,0.9911140639934547,0.9955168540074409,29.6166666,877.1469404955554,0.9797320231497504,5.153291594497779,-2686.5932928292873,4843.41940281919,3148.514882816864,0.0,180.0,46.4
2023-04-10,68.9,82.0,52.0,991.7,12.8,1.7,1.9,-42.40288741829876,29.6166666,119.0166666,172.0,72.24133489716431,12.581945119970563,36.17190122589068,0.9886775902323405,0.9955168540074409,29.6166666,877.1469404955554,0.9797320231497504,5.153291594497779,-2686.5932928292873,4843.41940281919,3148.514882816864,0.0,180.0,53.8
2023-04-11,69.0,82.0,55.6,993.3,9.5,2.8,5.8,-133.41837582722178,29.6166666,119.0166666,172.0,72.51556551064544,12.611402697503555,36.32256530311353,0.9859481499638304,0.9955168540074409,29.6166666,877.1469404955554,0.9797320231497504,5.153291594497779,-2686.5932928292873,4843.41940281919,3148.514882816864,0.0,180.0,60.3
2023-04-12,68.7,79.2,60.6,996.1,4.6,6.1,9.7,11.561376537071647,29.6166666,119.0166666,172.0,72.36823711825978,12.640740107992976,36.47091887189238,0.9829265519799822,0.9955168540074409,29.6166666,877.1469404955554,0.9797320231497504,5.153291594497779,-2686.5932928292873,4843.41940281919,3148.514882816864,0.0,180.0,42.8
2023-04-13,57.7,79.2,55.9,992.9,4.1,2.7,5.8,91.52592379635828,29.6166666,119.0166666,172.0,60.921345852409495,12.669950610553101,36.616938112902965,0.9796136916454901,0.9955168540074409,29.6166666,877.1469404955554,0.9797320231497504,5.153291594497779,-2686.5932928292873,4843.41940281919,3148.514882816864,0.0,180.0,52.8
2023-04-14,65.6,71.8,55.9,989.9,7.4,2.7,3.9,-71.20849865167482,29.6166666,119.0166666,172.0,69.42134954480731,12.699027355757437,36.76060119348015,0.9760105506323683,0.9955168540074409,29.6166666,877.1469404955554,0.9797320231497504,5.153291594497779,-2686.5932928292873,4843.41940281919,3148.514882816864,0.0,180.0,63.3
2023-04-15,68.5,79.5,58.3,989.5,6.2,3.6,7.8,-65.67963847751295,29.6166666,119.0166666,172.0,72.65545764184031,12.727963382512172,36.90188824309372,0.9721181966290613,0.9955168540074409,29.6166666,877.1469404955554,0.9797320231497504,5.153291594497779,-2686.5932928292873,4843.41940281919,3148.514882816864,0.0,180.0,57.8
2023-04-16,71.0,88.0,58.3,988.8,9.4,2.8,5.8,191.9567078210173,29.6166666,119.0166666,172.0,75.47744705670722,12.756751615218121,37.04078132604573,0.9679377830240642,0.9955168540074409,29.6166666,877.1469404955554,0.9797320231497504,5.153291594497779,-2686.5932928292873,4843.41940281919,3148.514882816864,0.0,180.0,59.3
2023-04-17,76.0,92.8,61.0,989.3,10.0,2.4,3.9,196.57776089639515,29.6166666,119.0166666,172.0,80.97410412116692,12.785384861236883,37.177264411472436,0.9634705485641488,0.9955168540074409,29.6166666,877.1469404955554,0.9797320231497504,5.153291594497779,-2686.5932928292873,4843.41940281919,3148.514882816864,0.0,180.0,61.9
2023-04-18,69.7,92.8,65.1,988.5,7.8,3.2,5.8,273.4049968782651,29.6166666,119.0166666,172.0,74.42714582206568,12.813855808677019,37.31132334073924,0.9587178169872964,0.9955168540074409,29.6166666,877.1469404955554,0.9797320231497504,5.153291594497779,-2686.5932928292873,4843.41940281919,3148.514882816864,0.0,180.0,65.3
2023-04-19,71.3,77.5,66.7,985.7,13.2,3.9,5.8,109.60172336371508,29.6166666,119.0166666,172.0,76.30381632066732,12.84215702451624,37.44294579232245,0.9536809966304457,0.9955168540074409,29.6166666,877.1469404955554,0.9797320231497504,5.153291594497779,-2686.5932928292873,4843.41940281919,3148.514882816864,0.0,180.0,65.5
2023-04-20,71.8,81.9,63.5,987.9,17.8,4.4,5.8,-79.68127685940395,29.6166666,119.0166666,172.0,77.00718103590201,12.870280953075547,37.57212124427621,0.9483615800121715,0.9955168540074409,29.6166666,877.1469404955554,0.9797320231497504,5.153291594497779,-2686.5932928292873,4843.41940281919,3148.514882816864,0.0,180.0,60.6
2023-04-21,67.7,81.9,58.3,993.5,13.4,6.3,7.8,-66.71281067487888,29.6166666,119.0166666,172.0,72.76745735300948,12.898219914861352,37.69884093438801,0.9427611433904207,0.9955168540074409,29.6166666,877.1469404955554,0.9797320231497504,5.153291594497779,-2686.5932928292873,4843.41940281919,3148.514882816864,0.0,180.0,52.8
2023-04-22,57.6,77.5,50.9,995.4,10.8,5.1,7.8,-23.360046327130313,29.6166666,119.0166666,172.0,62.044637307799164,12.925966105791494,37.82309781813002,0.9368813462954315,0.9955168540074409,29.6166666,877.1469404955554,0.9797320231497504,5.153291594497779,-2686.5932928292873,4843.41940281919,3148.514882816864,0.0,180.0,49.9
2023-04-23,56.2,63.0,50.9,997.5,9.2,4.1,5.8,-35.92585370558976,29.6166666,119.0166666,172.0,60.6656126451114,12.953511596820938,37.944886524517685,0.9307239310379795,0.9955168540074409,29.6166666,877.1469404955554,0.9797320231497504,5.153291594497779,-2686.5932928292873,4843.41940281919,3148.514882816864,0.0,180.0,54.7
2023-04-24,55.1,59.5,52.7,999.7,11.3,5.1,7.8,203.3053575659986,29.6166666,119.0166666,172.0,59.60372860020441,12.980848333982813,38.06420330999034,0.9242907221930933,0.9955168540074409,29.6166666,877.1469404955554,0.9797320231497504,5.153291594497779,-2686.5932928292873,4843.41940281919,3148.514882816864,0.0,180.0,50.8
2023-04-25,56.0,59.5,52.7,997.2,13.2,2.4,3.9,99.03317812613655,29.6166666,119.0166666,172.0,60.70385131468027,13.007968138860058,38.18104601043199,0.9175836260593937,0.9955168540074409,29.6166666,877.1469404955554,0.9797320231497504,5.153291594497779,-2686.5932928292873,4843.41940281919,3148.514882816864,0.0,180.0,52.5
2023-04-26,62.7,72.7,53.1,998.0,16.3,3.4,5.8,79.94861520290058,29.6166666,119.0166666,172.0,68.10715765715157,13.034862709502693,38.295413991453195,0.9106046300942162,0.9955168540074409,29.6166666,877.1469404955554,0.9797320231497504,5.153291594497779,-2686.5932928292873,4843.41940281919,3148.514882816864,0.0,180.0,51.7
2023-04-27,68.0,77.2,54.7,995.3,13.5,2.9,5.8,-82.12002304676578,29.6166666,119.0166666,172.0,74.01530052356293,13.061523621805224,38.40730809705714,0.9033558023246845,0.9955168540074409,29.6166666,877.1469404955554,0.9797320231497504,5.153291594497779,-2686.5932928292873,4843.41940281919,3148.514882816864,0.0,180.0,55.1
2023-04-28,65.5,77.2,61.5,993.1,5.8,1.7,3.9,158.6906344405821,29.6166666,119.0166666,172.0,71.43835189199653,13.087942331358144,38.51673059681556,0.895839290734909,0.9955168540074409,29.6166666,877.1469404955554,0.9797320231497504,5.153291594497779,-2686.5932928292873,4843.41940281919,3148.514882816864,0.0,180.0,61.5
2023-04-29,57.8,70.0,54.5,996.1,5.7,3.2,5.8,119.12260113003241,29.6166666,119.0166666,172.0,63.166297346706955,13.114110175786912,38.62368513168135,0.8880573226294932,0.9955168540074409,29.6166666,877.1469404955554,0.9797320231497504,5.153291594497779,-2686.5932928292873,4843.41940281919,3148.514882816864,0.0,180.0,55.1
2023-04-30,61.5,76.5,53.2,996.1,10.0,2.5,3.9,-91.84615737047841,29.6166666,119.0166666,172.0,67.34259418515343,13.140018377590913,38.728176658566206,0.8800122039735357,0.9955168540074409,29.6166666,877.1469404955554,0.9797320231497504,5.153291594497779,-2686.5932928292873,4843.41940281919,3148.514882816864,0.0,180.0,53.0
2023-05-01,67.8,81.5,52.9,996.8,16.4,3.4,5.8,138.37135430829065,29.6166666,119.0166666,172.0,74.38596796834227,13.165658047494208,38.83021139381254,0.8717063187093218,0.9955168540074409,29.6166666,877.1469404955554,0.9797320231497504,5.153291594497779,-2686.5932928292873,4843.41940281919,3148.514882816864,0.0,180.0,45.8
2023-05-02,73.0,82.8,57.4,995.0,18.3,2.9,5.8,-51.07334031929745,29.6166666,119.0166666,172.0,80.24537281227244,13.191020188318756,38.92979675568928,0.8631421280499114,0.9955168540074409,29.6166666,877.1469404955554,0.9797320231497504,5.153291594497779,-2686.5932928292873,4843.41940281919,3148.514882816864,0.0,180.0,49.5
2023-05-03,69.8,82.8,64.9,990.4,14.2,1.9,1.9,-139.75409782895866,29.6166666,119.0166666,172.0,76.87362331811715,13.216095699389768,39.026941306041294,0.854322169749827,0.9955168540074409,29.6166666,877.1469404955554,0.9797320231497504,5.153291594497779,-2686.5932928292873,4843.41940281919,3148.514882816864,0.0,180.0,64.4
2023-05-04,78.1,89.6,65.7,985.7,12.3,5.4,15.5,71.64945075609391,29.6166666,119.0166666,172.0,86.17603060780974,13.24087538148165,39.121654691222,0.8452490573530633,0.9955168540074409,29.6166666,877.1469404955554,0.9797320231497504,5.153291594497779,-2686.5932928292873,4843.41940281919,3148.514882816864,0.0,180.0,68.2
2023-05-07,65.1,70.3,61.0,993.8,18.2,4.4,5.8,58.30161084683776,29.6166666,119.0166666,172.0,72.22490260663977,13.31334610260641,39.39131933103677,0.8165380514459161,0.9955168540074409,29.6166666,877.1469404955554,0.9797320231497504,5.153291594497779,-2686.5932928292873,4843.41940281919,3148.514882816864,0.0,180.0,55.2
2023-05-08,65.9,74.8,56.3,997.4,15.8,4.6,5.8,-126.40940831997781,29.6166666,119.0166666,172.0,73.24152749595265,13.33684870942992,39.476424112509484,0.8064799463209448,0.9955168540074409,29.6166666,877.1469404955554,0.9797320231497504,5.153291594497779,-2686.5932928292873,4843.41940281919,3148.514882816864,0.0,180.0,51.4
2023-05-09,67.6,79.0,56.1,996.6,17.1,4.1,5.8,-35.140971849383575,29.6166666,119.0166666,172.0,75.26137966522505,13.360008224596164,39.55916012679056,0.7961828637826158,0.9955168540074409,29.6166666,877.1469404955554,0.9797320231497504,5.153291594497779,-2686.5932928292873,4843.41940281919,3148.514882816864,0.0,180.0,45.7
2023-05-10,68.3,79.0,60.4,996.2,15.4,3.9,5.8,281.3108658697235,29.6166666,119.0166666,172.0,76.17052199845587,13.382814992408058,39.63954226278737,0.7856498550787147,0.9955168540074409,29.6166666,877.1469404955554,0.9797320231497504,5.153291594497779,-2686.5932928292873,4843.41940281919,3148.514882816864,0.0,180.0,49.6
2023-05-11,59.8,75.9,55.8,998.2,9.1,3.6,5.8,67.9764529003499,29.6166666,119.0166666,172.0,66.80287555536736,13.405259308769374,39.71758607101079,0.7748840413670407,0.9955168540074409,29.6166666,877.1469404955554,0.9797320231497504,5.153291594497779,-2686.5932928292873,4843.41940281919,3148.514882816864,0.0,180.0,54.5
2023-05-12,65.0,74.5,55.9,996.1,12.7,2.9,5.8,81.66380792949765,29.6166666,119.0166666,172.0,72.7313785822602,13.427331430571115,39.79330770327516,0.7638886127905428,0.9955168540074409,29.6166666,877.1469404955554,0.9797320231497504,5.153291594497779,-2686.5932928292873,4843.41940281919,3148.514882816864,0.0,180.0,58.1
2023-05-13,69.7,80.4,59.2,993.3,9.0,2.4,3.9,-73.39692453689516,29.6166666,119.0166666,172.0,78.11640037646997,13.449021585618931,39.86672385277277,0.7526668275320085,0.9955168540074409,29.6166666,877.1469404955554,0.9797320231497504,5.153291594497779,-2686.5932928292873,4843.41940281919,3148.514882816864,0.0,180.0,61.7
2023-05-14,71.1,82.8,62.6,990.7,11.3,2.7,5.8,-137.22822062938792,29.6166666,119.0166666,172.0,79.81164589981431,13.470319983091024,39.93785169462992,0.7412220108485958,0.9955168540074409,29.6166666,877.1469404955554,0.9797320231497504,5.153291594497779,-2686.5932928292873,4843.41940281919,3148.514882816864,0.0,180.0,59.7
2023-05-15,75.7,90.3,62.6,989.2,13.5,1.9,3.9,-50.63567631970044,29.6166666,119.0166666,172.0,85.1070928013064,13.491216824513563,40.00670882704752,0.7295575540864875,0.9955168540074409,29.6166666,877.1469404955554,0.9797320231497504,5.153291594497779,-2686.5932928292873,4843.41940281919,3148.514882816864,0.0,180.0,60.5
2023-05-16,73.6,90.3,65.7,988.3,7.8,3.6,5.8,-55.96921434258775,29.6166666,119.0166666,172.0,82.87177420012641,13.511702315238002,40.07331321312518,0.717676913675962,0.9955168540074409,29.6166666,877.1469404955554,0.9797320231497504,5.153291594497779,-2686.5932928292873,4843.41940281919,3148.514882816864,0.0,180.0,63.1
2023-05-17,69.7,83.7,65.7,985.4,6.2,2.2,3.9,-63.87568848039963,29.6166666,119.0166666,172.0,78.59701144543536,13.53176667640207,40.1376831234634,0.705583610107178,0.9955168540074409,29.6166666,877.1469404955554,0.9797320231497504,5.153291594497779,-2686.5932928292873,4843.41940281919,3148.514882816864,0.0,180.0,69.2
2023-05-18,76.2,85.1,66.4,988.1,13.9,6.1,11.7,-70.77360735149723,29.6166666,119.0166666,172.0,86.05139099919482,13.551400157353514,40.19983707963393,0.6932812268869777,0.9955168540074409,29.6166666,877.1469404955554,0.9797320231497504,5.153291594497779,-2686.5932928292873,4843.41940281919,3148.514882816864,0.0,180.0,66.1
2023-05-19,76.3,85.3,66.7,990.0,15.2,3.3,3.9,33.45501574536103,29.6166666,119.0166666,172.0,86.28635413346144,13.570593048512942,40.25979379860361,0.6807734094770161,0.9955168540074409,29.6166666,877.1469404955554,0.9797320231497504,5.153291594497779,-2686.5932928292873,4843.41940281919,3148.514882816864,0.0,180.0,63.9
2023-05-20,75.2,85.3,69.3,989.2,7.7,1.9,1.9,-37.37928774575442,29.6166666,119.0166666,172.0,85.1598370198024,13.589335694649318,40.317572138192425,0.6680638642135335,0.9955168540074409,29.6166666,877.1469404955554,0.9797320231497504,5.153291594497779,-2686.5932928292873,4843.41940281919,3148.514882816864,0.0,180.0,68.2
2023-05-21,76.9,86.9,72.0,986.8,8.2,3.2,5.8,115.41238294551785,29.6166666,119.0166666,172.0,87.20215527555386,13.607618508538964,40.37319104364105,0.6551563572090853,0.9955168540074409,29.6166666,877.1469404955554,0.9797320231497504,5.153291594497779,-2686.5932928292873,4843.41940281919,3148.514882816864,0.0,180.0,73.1
2023-05-22,61.8,86.9,58.6,993.4,16.0,3.2,5.8,-77.26842447651522,29.6166666,119.0166666,172.0,70.17097472262721,13.625431984976156,40.42666949535914,0.6420547132365637,0.9955168540074409,29.6166666,877.1469404955554,0.9797320231497504,5.153291594497779,-2686.5932928292873,4843.41940281919,3148.514882816864,0.0,180.0,57.4
2023-05-23,70.3,77.9,58.6,992.9,12.7,4.1,5.8,5.173997162873416,29.6166666,119.0166666,172.0,79.92387500596453,13.642766715100633,40.47802645791945,0.6287628145958344,0.9955168540074409,29.6166666,877.1469404955554,0.9797320231497504,5.153291594497779,-2686.5932928292873,4843.41940281919,3148.514882816864,0.0,180.0,52.9
2023-05-24,62.4,77.9,59.5,993.0,12.0,2.4,3.9,-223.86622806517332,29.6166666,119.0166666,172.0,71.029989685225,13.659613401004808,40.5272808303585,0.6152845999633276,0.9955168540074409,29.6166666,877.1469404955554,0.9797320231497504,5.153291594497779,-2686.5932928292873,4843.41940281919,3148.514882816864,0.0,180.0,57.2
2023-05-25,72.4,80.6,59.5,993.2,15.9,2.2,3.9,7.015244025660045,29.6166666,119.0166666,172.0,82.51164265250408,13.675962870580786,40.57445139783963,0.6016240632249226,0.9955168540074409,29.6166666,877.1469404955554,0.9797320231497504,5.153291594497779,-2686.5932928292873,4843.41940281919,3148.514882816864,0.0,180.0,63.8
2023-05-26,78.0,86.7,62.8,991.7,7.8,1.9,1.9,-163.17427955193983,29.6166666,119.0166666,172.0,88.99673960167154,13.691806092564851,40.619556784728346,0.5877852522924732,0.9955168540074409,29.6166666,877.1469404955554,0.9797320231497504,5.153291594497779,-2686.5932928292873,4843.41940281919,3148.514882816864,0.0,180.0,72.0
2023-05-27,79.5,86.7,73.6,990.7,6.8,2.5,3.9,230.3467435645487,29.6166666,119.0166666,172.0,90.80976402024302,13.707134191734795,40.6626154091261,0.5737722679043246,0.9955168540074409,29.6166666,877.1469404955554,0.9797320231497504,5.153291594497779,-2686.5932928292873,4843.41940281919,3148.514882816864,0.0,180.0,75.0
2023-05-28,85.0,96.1,74.7,989.4,11.8,2.9,5.8,103.25636030736446,29.6166666,119.0166666,172.0,97.19706412151005,13.721938464213185,40.70364543890281,0.5595892624101765,0.9955168540074409,29.6166666,877.1469404955554,0.9797320231497504,5.153291594497779,-2686.5932928292873,4843.41940281919,3148.514882816864,0.0,180.0,75.8
2023-05-29,84.6,97.9,77.5,989.0,14.7,4.2,7.8,16.89590008578612,29.6166666,119.0166666,172.0,96.840283269435,13.736210392827662,40.74266474926426,0.545240438540651,0.9955168540074409,29.6166666,877.1469404955554,0.9797320231497504,5.153291594497779,-2686.5932928292873,4843.41940281919,3148.514882816864,0.0,180.0,74.4
2023-05-30,84.1,97.9,78.8,987.0,6.1,4.6,13.6,-120.63259594965388,29.6166666,119.0166666,172.0,96.36417448453011,13.749941662477543,40.77969088188579,0.5307300481619334,0.9955168540074409,29.6166666,877.1469404955554,0.9797320231497504,5.153291594497779,-2686.5932928292873,4843.41940281919,3148.514882816864,0.0,180.0,75.7
2023-05-31,78.8,92.8,76.1,986.4,9.4,5.8,7.8,46.04373058911017,29.6166666,119.0166666,172.0,90.37784875215053,13.763124175454395,40.81474100563907,0.5160623910158528,0.9955168540074409,29.6166666,877.1469404955554,0.9797320231497504,5.153291594497779,-2686.5932928292873,4843.41940281919,3148.514882816864,0.0,180.0,71.8
2023-06-01,81.7,90.9,74.1,984.1,8.9,4.1,5.8,91.9216753108627,29.6166666,119.0166666,172.0,93.78989837052917,13.775750066662791,40.84783187893495,0.5012418134457758,0.9955168540074409,29.6166666,877.1469404955554,0.9797320231497504,5.153291594497779,-2686.5932928292873,4843.41940281919,3148.514882816864,0.0,180.0,71.6
2023-06-02,82.4,93.0,73.9,987.6,9.8,2.4,3.9,-81.53435176028933,29.6166666,119.0166666,172.0,94.67630713498016,13.78781171868643,40.878979813700795,0.48627270710868997,0.9955168540074409,29.6166666,877.1469404955554,0.9797320231497504,5.153291594497779,-2686.5932928292873,4843.41940281919,3148.514882816864,0.0,180.0,68.2
2023-06-03,79.4,93.0,73.6,991.1,7.0,4.6,5.8,35.94072214621819,29.6166666,119.0166666,172.0,91.30538008879394,13.799301776643919,40.90820064100771,0.4711595076738638,0.9955168540074409,29.6166666,877.1469404955554,0.9797320231497504,5.153291594497779,-2686.5932928292873,4843.41940281919,3148.514882816864,0.0,180.0,66.3
2023-06-04,79.8,86.2,73.4,989.2,6.0,1.9,3.9,109.0455628520591,29.6166666,119.0166666,172.0,91.8379175324731,13.81021316277791,40.935509678358635,0.4559066935084588,0.9955168540074409,29.6166666,877.1469404955554,0.9797320231497504,5.153291594497779,-2686.5932928292873,4843.41940281919,3148.514882816864,0.0,180.0,71.3
2023-06-05,80.7,89.2,74.7,988.0,6.9,3.2,3.9,92.6851514075164,29.6166666,119.0166666,172.0,92.94312538509998,13.820539090721185,40.96092169864582,0.440518784350495,0.9955168540074409,29.6166666,877.1469404955554,0.9797320231497504,5.153291594497779,-2686.5932928292873,4843.41940281919,3148.514882816864,0.0,180.0,75.5
2023-06-06,74.0,89.2,71.8,989.8,12.3,3.4,7.8,112.72826814791833,29.6166666,119.0166666,172.0,85.28668398952959,13.830273079383176,40.98445090078289,0.42500033996955416,0.9955168540074409,29.6166666,877.1469404955554,0.9797320231497504,5.153291594497779,-2686.5932928292873,4843.41940281919,3148.514882816864,0.0,180.0,70.7
2023-06-07,77.5,82.4,71.8,988.1,10.7,2.2,3.9,139.05382857128419,29.6166666,119.0166666,172.0,89.3795162413398,13.839408966401002,41.00611088201389,0.4093559588156213,0.9955168540074409,29.6166666,877.1469404955554,0.9797320231497504,5.153291594497779,-2686.5932928292873,4843.41940281919,3148.514882816864,0.0,180.0,73.2
2023-06-08,76.7,86.2,73.2,986.5,9.4,3.1,3.9,180.22981483122268,29.6166666,119.0166666,172.0,88.51142238736264,13.84794092109976,41.02591461189973,0.39359027665646673,0.9955168540074409,29.6166666,877.1469404955554,0.9797320231497504,5.153291594497779,-2686.5932928292873,4843.41940281919,3148.514882816864,0.0,180.0,72.8
2023-06-09,82.1,92.5,73.2,984.2,12.8,3.2,5.8,-10.125682596989197,29.6166666,119.0166666,172.0,94.79719915101157,13.855863456907905,41.04387440798006,0.3777079652039649,0.9955168540074409,29.6166666,877.1469404955554,0.9797320231497504,5.153291594497779,-2686.5932928292873,4843.41940281919,3148.514882816864,0.0,180.0,72.9
2023-06-10,85.0,95.5,75.4,982.6,14.4,3.9,5.8,34.73878005623719,29.6166666,119.0166666,172.0,98.19746438915696,13.863171443175101,41.06000191310689,0.36171373072976765,0.9955168540074409,29.6166666,877.1469404955554,0.9797320231497504,5.153291594497779,-2686.5932928292873,4843.41940281919,3148.514882816864,0.0,180.0,72.2
2023-06-11,82.1,95.5,75.2,984.4,12.3,3.6,5.8,104.56227312459349,29.6166666,119.0166666,172.0,94.89295962930396,13.869860116341629,41.074308074445014,0.3456123126707335,0.9955168540074409,29.6166666,877.1469404955554,0.9797320231497504,5.153291594497779,-2686.5932928292873,4843.41940281919,3148.514882816864,0.0,180.0,70.1
2023-06-12,82.6,92.1,75.2,984.0,8.5,4.4,5.8,71.95421754364321,29.6166666,119.0166666,172.0,95.51261770565962,13.8759250904106,41.08680312413291,0.3294084822245304,0.9955168540074409,29.6166666,877.1469404955554,0.9797320231497504,5.153291594497779,-2686.5932928292873,4843.41940281919,3148.514882816864,0.0,180.0,67.7
2023-06-13,76.3,90.7,71.8,985.1,10.6,2.7,3.9,298.030706645306,29.6166666,119.0166666,172.0,88.26232904811984,13.881362366676777,41.097496561597154,0.3131070409358269,0.9955168540074409,29.6166666,877.1469404955554,0.9797320231497504,5.153291594497779,-2686.5932928292873,4843.41940281919,3148.514882816864,0.0,180.0,68.8
2023-06-14,81.7,90.0,71.8,987.5,14.8,3.2,3.9,-226.19991625907556,29.6166666,119.0166666,172.0,94.54166279966796,13.886168342668487,41.10639713751254,0.29671281927349075,0.9955168540074409,29.6166666,877.1469404955554,0.9797320231497504,5.153291594497779,-2686.5932928292873,4843.41940281919,3148.514882816864,0.0,180.0,67.2
2023-06-22,75.0,83.3,68.0,989.3,5.5,2.9,5.8,-25.052399445017947,29.6166666,119.0166666,172.0,86.88495878240313,13.901593405184503,41.11385181571118,0.16280701293851715,0.9955168540074409,29.6166666,877.1469404955554,0.9797320231497504,5.153291594497779,-2686.5932928292873,4843.41940281919,3148.514882816864,0.0,180.0,71.6
2023-06-23,68.3,81.3,67.5,988.5,5.8,3.6,5.8,-45.345438409899046,29.6166666,119.0166666,172.0,79.1177196943363,13.900624250835076,41.106881029132616,0.1457991969198751,0.9955168540074409,29.6166666,877.1469404955554,0.9797320231497504,5.153291594497779,-2686.5932928292873,4843.41940281919,3148.514882816864,0.0,180.0,67.5
2023-06-24,73.0,75.4,67.5,987.7,4.5,1.5,1.9,-60.221831540465345,29.6166666,119.0166666,172.0,84.55231630368515,13.899010899235915,41.09816133912183,0.12874817745258132,0.9955168540074409,29.6166666,877.1469404955554,0.9797320231497504,5.153291594497779,-2686.5932928292873,4843.41940281919,3148.514882816864,0.0,180.0,72.9
2023-06-25,76.1,79.9,69.8,988.4,12.6,3.2,5.8,-68.34263796669596,29.6166666,119.0166666,172.0,88.1285843990505,13.896754438746466,41.08769266475866,0.11165900712169512,0.9955168540074409,29.6166666,877.1469404955554,0.9797320231497504,5.153291594497779,-2686.5932928292873,4843.41940281919,3148.514882816864,0.0,180.0,75.3
2023-06-26,75.8,79.9,74.5,989.6,7.9,2.4,5.8,74.52700636702421,29.6166666,119.0166666,172.0,87.76285952425106,13.893856389063492,41.07547410973857,0.09453674981719912,0.9955168540074409,29.6166666,877.1469404955554,0.9797320231497504,5.153291594497779,-2686.5932928292873,4843.41940281919,3148.514882816864,0.0,180.0,75.5
2023-06-27,80.7,87.1,74.7,990.5,9.9,4.4,9.7,-128.64416533127937,29.6166666,119.0166666,172.0,93.41239324212899,13.890318697714346,41.061503967179824,0.07738647923346301,0.9955168540074409,29.6166666,877.1469404955554,0.9797320231497504,5.153291594497779,-2686.5932928292873,4843.41940281919,3148.514882816864,0.0,180.0,76.4
2023-06-28,85.3,94.1,75.9,987.9,16.4,3.2,5.8,85.63507861392017,29.6166666,119.0166666,172.0,98.70733838706283,13.886143735577422,41.045779726022644,0.06021327736579302,0.9955168540074409,29.6166666,877.1469404955554,0.9797320231497504,5.153291594497779,-2686.5932928292873,4843.41940281919,3148.514882816864,0.0,180.0,77.4
2023-06-29,85.6,94.1,78.4,984.0,17.6,2.7,5.8,70.29473334855226,29.6166666,119.0166666,172.0,99.02018461234839,13.88133429145071,41.028298079024445,0.04302223300453059,0.9955168540074409,29.6166666,877.1469404955554,0.9797320231497504,5.153291594497779,-2686.5932928292873,4843.41940281919,3148.514882816864,0.0,180.0,78.1
2023-06-30,82.4,93.0,77.7,983.8,10.6,2.2,3.9,-58.99821763291933,29.6166666,119.0166666,172.0,95.28113581776331,13.875893565693685,41.00905493235515,0.02581844022713308,0.9955168540074409,29.6166666,877.1469404955554,0.9797320231497504,5.153291594497779,-2686.5932928292873,4843.41940281919,3148.514882816864,0.0,180.0,78.5
2023-07-01,79.4,86.7,77.7,987.0,8.7,2.7,5.8,-56.33954091602882,29.6166666,119.0166666,172.0,91.77200982833118,13.869825162971965,40.988045416798016,0.008606996888688698,0.9955168540074409,29.6166666,877.1469404955554,0.9797320231497504,5.153291594497779,-2686.5932928292873,4843.41940281919,3148.514882816864,0.0,180.0,78.7
2023-07-02,83.0,93.7,77.7,987.2,10.3,2.9,5.8,51.87153214487179,29.6166666,119.0166666,172.0,95.88667049862084,13.863133084137955,40.96526390056136,-0.008606996888688009,0.9955168540074409,29.6166666,877.1469404955554,0.9797320231497504,5.153291594497779,-2686.5932928292873,4843.41940281919,3148.514882816864,0.0,180.0,80.0
2023-07-03,86.4,94.3,79.9,985.8,15.9,3.2,5.8,92.86783413214752,29.6166666,119.0166666,172.0,99.76191636444844,13.855821717284503,40.94070400370693,-0.02581844022713239,0.9955168540074409,29.6166666,877.1469404955554,0.9797320231497504,5.153291594497779,-2686.5932928292873,4843.41940281919,3148.514882816864,0.0,180.0,79.9
2023-07-04,85.6,94.3,80.2,983.6,17.1,4.4,7.8,144.16639451114162,29.6166666,119.0166666,172.0,98.78165690648491,13.847895828011904,40.91435861420089,-0.04302223300453034,0.9955168540074409,29.6166666,877.1469404955554,0.9797320231497504,5.153291594497779,-2686.5932928292873,4843.41940281919,3148.514882816864,0.0,180.0,77.6
2023-07-05,81.5,91.2,79.7,983.5,11.9,3.4,7.8,132.37054340288387,29.6166666,119.0166666,172.0,93.99232372829708,13.839360548951717,40.886219905593144,-0.060213277365792774,0.9955168540074409,29.6166666,877.1469404955554,0.9797320231497504,5.153291594497779,-2686.5932928292873,4843.41940281919,3148.514882816864,0.0,180.0,79.3
2023-07-06,86.4,95.7,79.9,983.3,16.4,3.9,7.8,214.7225316905276,29.6166666,119.0166666,172.0,99.57759385387453,13.830221368593683,40.85627935632976,-0.07738647923346322,0.9955168540074409,29.6166666,877.1469404955554,0.9797320231497504,5.153291594497779,-2686.5932928292873,4843.41940281919,3148.514882816864,0.0,180.0,78.8
2023-07-07,88.1,95.7,81.1,983.7,18.1,4.6,9.7,42.906585874270085,29.6166666,119.0166666,172.0,101.46538757706819,13.820484119464453,40.82452777070335,-0.09453674981719933,0.9955168540074409,29.6166666,877.1469404955554,0.9797320231497504,5.153291594497779,-2686.5932928292873,4843.41940281919,3148.514882816864,0.0,180.0,78.1
2023-07-08,88.5,95.0,82.4,985.4,17.2,3.6,7.8,162.23887401839636,29.6166666,119.0166666,172.0,101.84989287210449,13.810154965709083,40.790955301444654,-0.11165900712169444,0.9955168540074409,29.6166666,877.1469404955554,0.9797320231497504,5.153291594497779,-2686.5932928292873,4843.41940281919,3148.514882816864,0.0,180.0,78.6
2023-07-09,85.4,95.0,80.1,986.5,14.2,2.9,5.8,110.5850443648346,29.6166666,119.0166666,172.0,98.20459410974352,13.799240390127894,40.7555514739571,-0.12874817745258066,0.9955168540074409,29.6166666,877.1469404955554,0.9797320231497504,5.153291594497779,-2686.5932928292873,4843.41940281919,3148.514882816864,0.0,180.0,78.4
2023-07-10,88.2,99.1,79.7,985.8,15.1,3.2,3.9,149.37951235793304,29.6166666,119.0166666,172.0,101.33994177831342,13.787747180722913,40.71830521219528,-0.14579919691987442,0.9955168540074409,29.6166666,877.1469404955554,0.9797320231497504,5.153291594497779,-2686.5932928292873,4843.41940281919,3148.514882816864,0.0,180.0,78.4
2023-07-11,88.9,99.1,81.0,985.8,15.0,2.2,3.9,-232.44535659953954,29.6166666,119.0166666,172.0,102.05484723786081,13.775682416809106,40.67920486618539,-0.16280701293851646,0.9955168540074409,29.6166666,877.1469404955554,0.9797320231497504,5.153291594497779,-2686.5932928292873,4843.41940281919,3148.514882816864,0.0,180.0,78.2
2023-07-12,90.1,100.4,81.0,985.3,17.6,3.4,5.8,213.53616423881553,29.6166666,119.0166666,172.0,103.33759302272074,13.76305345474638,40.63823824118428,-0.17976658572556214,0.9955168540074409,29.6166666,877.1469404955554,0.9797320231497504,5.153291594497779,-2686.5932928292873,4843.41940281919,3148.514882816864,0.0,180.0,77.5
2023-07-13,88.5,100.4,81.5,984.8,16.5,2.5,3.9,6.883606118791451,29.6166666,119.0166666,172.0,101.40527586094757,13.749867913348822,40.59539262847085,-0.19667288979357622,0.9955168540074409,29.6166666,877.1469404955554,0.9797320231497504,5.153291594497779,-2686.5932928292873,4843.41940281919,3148.514882816864,0.0,180.0,78.1
2023-07-14,89.2,98.4,81.7,983.4,17.2,3.6,5.8,106.43235403357855,29.6166666,119.0166666,172.0,102.10526019877197,13.736133659027619,40.55065483776068,-0.2135209154397959,0.9955168540074409,29.6166666,877.1469404955554,0.9797320231497504,5.153291594497779,-2686.5932928292873,4843.41940281919,3148.514882816864,0.0,180.0,77.5
2023-07-15,88.4,100.2,81.3,982.9,16.9,3.6,5.8,-106.79371715539641,29.6166666,119.0166666,172.0,101.08435975833302,13.721858790723939,40.50401123123225,-0.23030567023061196,0.9955168540074409,29.6166666,877.1469404955554,0.9797320231497504,5.153291594497779,-2686.5932928292873,4843.41940281919,3148.514882816864,0.0,180.0,76.6
2023-07-16,82.5,100.2,78.8,985.4,13.6,6.3,7.8,-6.786683529879468,29.6166666,119.0166666,172.0,94.23597991972636,13.707051624687471,40.455447759149095,-0.24702218048093527,0.9955168540074409,29.6166666,877.1469404955554,0.9797320231497504,5.153291594497779,-2686.5932928292873,4843.41940281919,3148.514882816864,0.0,180.0,75.9
2023-07-17,87.1,94.6,78.8,986.9,18.5,3.9,5.8,-50.40890998476203,29.6166666,119.0166666,172.0,99.37907259620339,13.69172067915546,40.40494999705923,-0.2636654927280072,0.9955168540074409,29.6166666,877.1469404955554,0.9797320231497504,5.153291594497779,-2686.5932928292873,4843.41940281919,3148.514882816864,0.0,180.0,75.7
2023-07-18,84.4,95.4,78.4,989.5,18.6,3.4,5.8,-42.85598154161521,29.6166666,119.0166666,172.0,96.18698510153494,13.67587465898601,40.352503184549306,-0.2802306751992161,0.9955168540074409,29.6166666,877.1469404955554,0.9797320231497504,5.153291594497779,-2686.5932928292873,4843.41940281919,3148.514882816864,0.0,180.0,76.3
2023-07-19,83.7,95.4,75.9,989.0,14.8,4.1,7.8,-106.51476851274367,29.6166666,119.0166666,172.0,95.27516902107804,13.659522440297927,40.298092265526755,-0.2967128192734901,0.9955168540074409,29.6166666,877.1469404955554,0.9797320231497504,5.153291594497779,-2686.5932928292873,4843.41940281919,3148.514882816864,0.0,180.0,77.7
2023-07-20,81.1,95.4,75.7,988.1,16.9,3.2,3.9,108.50107855702896,29.6166666,119.0166666,172.0,92.20173206451,13.64267305516794,40.24170192999929,-0.3131070409358267,0.9955168540074409,29.6166666,877.1469404955554,0.9797320231497504,5.153291594497779,-2686.5932928292873,4843.41940281919,3148.514882816864,0.0,180.0,77.8
2023-07-21,84.6,95.2,75.9,988.7,15.5,3.4,5.8,-239.2021285670147,29.6166666,119.0166666,172.0,96.05861651886013,13.625335676434064,40.18331665731662,-0.3294084822245302,0.9955168540074409,29.6166666,877.1469404955554,0.9797320231497504,5.153291594497779,-2686.5932928292873,4843.41940281919,3148.514882816864,0.0,180.0,78.6
2023-07-22,81.6,95.2,77.9,989.3,16.6,3.9,5.8,-35.29249700290278,29.6166666,119.0166666,172.0,92.5311332980341,13.607519602652076,40.122920760834965,-0.3456123126707333,0.9955168540074409,29.6166666,877.1469404955554,0.9797320231497504,5.153291594497779,-2686.5932928292873,4843.41940281919,3148.514882816864,0.0,180.0,78.1
2023-07-23,82.3,93.0,77.9,988.8,18.6,3.2,7.8,-82.42712196763837,29.6166666,119.0166666,172.0,93.19949818495414,13.589234243249692,40.060498433960284,-0.3617137307297674,0.9955168540074409,29.6166666,877.1469404955554,0.9797320231497504,5.153291594497779,-2686.5932928292873,4843.41940281919,3148.514882816864,0.0,180.0,76.2
2023-07-24,86.9,95.2,79.0,987.8,18.3,3.4,3.9,37.69185198352707,29.6166666,119.0166666,172.0,98.27295859422648,13.570489103920803,39.996033797521285,-0.37770796520396466,0.9955168540074409,29.6166666,877.1469404955554,0.9797320231497504,5.153291594497779,-2686.5932928292873,4843.41940281919,3148.514882816864,0.0,180.0,76.8
2023-07-25,86.5,95.2,80.1,988.7,18.3,3.6,7.8,-53.21264191392285,29.6166666,119.0166666,172.0,97.68224260865946,13.551293772299578,39.92951094841907,-0.39359027665646645,0.9955168540074409,29.6166666,877.1469404955554,0.9797320231497504,5.153291594497779,-2686.5932928292873,4843.41940281919,3148.514882816864,0.0,180.0,75.6
2023-07-26,86.4,93.2,80.1,988.6,18.6,4.6,5.8,-54.21050868028787,29.6166666,119.0166666,172.0,97.42793690845241,13.531657903951723,39.86091400949506,-0.4093559588156211,0.9955168540074409,29.6166666,877.1469404955554,0.9797320231497504,5.153291594497779,-2686.5932928292873,4843.41940281919,3148.514882816864,0.0,180.0,74.3
2023-07-27,82.3,93.2,75.7,986.2,15.1,6.9,9.7,18.96145488478254,29.6166666,119.0166666,172.0,92.66699637312075,13.511591208717487,39.790227180554076,-0.42500033996955394,0.9955168540074409,29.6166666,877.1469404955554,0.9797320231497504,5.153291594497779,-2686.5932928292873,4843.41940281919,3148.514882816864,0.0,180.0,74.0
2023-07-28,79.7,89.6,75.7,982.5,14.2,6.1,11.7,66.9162430824481,29.6166666,119.0166666,172.0,89.60341199698637,13.491103437438348,39.717434790475366,-0.4405187843504952,0.9955168540074409,29.6166666,877.1469404955554,0.9797320231497504,5.153291594497779,-2686.5932928292873,4843.41940281919,3148.514882816864,0.0,180.0,76.0
2023-07-29,83.3,85.8,76.5,985.0,18.6,7.5,11.7,-103.97047010384564,29.6166666,119.0166666,172.0,93.50566866214493,13.470204369096509,39.64252135033871,-0.455906693508459,0.9955168540074409,29.6166666,877.1469404955554,0.9797320231497504,5.153291594497779,-2686.5932928292873,4843.41940281919,3148.514882816864,0.0,180.0,73.3
2023-07-30,79.5,85.8,77.2,988.1,7.2,2.2,3.9,-88.09356387615699,29.6166666,119.0166666,172.0,89.0989876643578,13.44890379839363,39.56547160748898,-0.47115950767386394,0.9955168540074409,29.6166666,877.1469404955554,0.9797320231497504,5.153291594497779,-2686.5932928292873,4843.41940281919,3148.514882816864,0.0,180.0,77.3
2023-07-31,81.4,87.1,77.2,988.1,17.7,3.4,5.8,-58.622384889636706,29.6166666,119.0166666,172.0,91.08125150305874,13.427211523792444,39.48627060045749,-0.4862727071086902,0.9955168540074409,29.6166666,877.1469404955554,0.9797320231497504,5.153291594497779,-2686.5932928292873,4843.41940281919,3148.514882816864,0.0,180.0,77.1
2023-08-01,82.6,89.8,78.1,987.0,15.9,5.3,11.7,233.50095374568616,29.6166666,119.0166666,172.0,92.27202866308988,13.405137336042115,39.40490371465437,-0.5012418134457756,0.9955168540074409,29.6166666,877.1469404955554,0.9797320231497504,5.153291594497779,-2686.5932928292873,4843.41940281919,3148.514882816864,0.0,180.0,75.9
2023-08-02,86.1,92.3,79.2,984.9,17.0,4.6,5.8,-12.70903192767532,29.6166666,119.0166666,172.0,96.0208079767005,13.382691007205645,39.321356738741954,-0.5160623910158526,0.9955168540074409,29.6166666,877.1469404955554,0.9797320231497504,5.153291594497779,-2686.5932928292873,4843.41940281919,3148.514882816864,0.0,180.0,75.2
2023-08-03,86.4,95.5,79.3,982.9,17.0,4.1,5.8,43.2703027921023,29.6166666,119.0166666,172.0,96.1911524174748,13.35988228020483,39.23561592159482,-0.5307300481619331,0.9955168540074409,29.6166666,877.1469404955554,0.9797320231497504,5.153291594497779,-2686.5932928292873,4843.41940281919,3148.514882816864,0.0,180.0,76.6
2023-08-04,87.3,95.5,79.0,982.3,16.0,3.2,5.8,-60.562685168718396,29.6166666,119.0166666,172.0,97.0246442484668,13.33672085889578,39.14766802974865,-0.5452404385406507,0.9955168540074409,29.6166666,877.1469404955554,0.9797320231497504,5.153291594497779,-2686.5932928292873,4843.41940281919,3148.514882816864,0.0,180.0,77.4
2023-08-05,88.3,97.0,80.4,981.3,14.4,3.2,5.8,12.987897431009593,29.6166666,119.0166666,172.0,97.96308400032778,13.313216398685542,39.0575004052363,-0.5595892624101763,0.9955168540074409,29.6166666,877.1469404955554,0.9797320231497504,5.153291594497779,-2686.5932928292873,4843.41940281919,3148.514882816864,0.0,180.0,79.4
2023-08-06,85.7,97.0,81.1,980.1,12.7,3.6,5.8,-139.8346104894555,29.6166666,119.0166666,172.0,94.90831143772549,13.28937849769785,38.96510102370576,-0.5737722679043243,0.9955168540074409,29.6166666,877.1469404955554,0.9797320231497504,5.153291594497779,-2686.5932928292873,4843.41940281919,3148.514882816864,0.0,180.0,80.2
2023-08-07,82.5,95.2,78.4,981.1,15.4,2.8,5.8,-179.63846620116297,29.6166666,119.0166666,172.0,91.1983647333955,13.26521668849389,38.87045855271231,-0.5877852522924734,0.9955168540074409,29.6166666,877.1469404955554,0.9797320231497504,5.153291594497779,-2686.5932928292873,4843.41940281919,3148.514882816864,0.0,180.0,78.2
2023-08-08,84.5,93.2,78.4,983.0,12.0,2.7,3.9,4.802475684320099,29.6166666,119.0166666,172.0,93.23688053039218,13.240740430351552,38.77356241007301,-0.6016240632249227,0.9955168540074409,29.6166666,877.1469404955554,0.9797320231497504,5.153291594497779,-2686.5932928292873,4843.41940281919,3148.514882816864,0.0,180.0,79.0
2023-08-09,85.5,93.2,78.1,984.6,11.0,2.9,5.8,-12.618270417279454,29.6166666,119.0166666,172.0,94.16370860249661,13.215959102104787,38.67440282217078,-0.6152845999633277,0.9955168540074409,29.6166666,877.1469404955554,0.9797320231497504,5.153291594497779,-2686.5932928292873,4843.41940281919,3148.514882816864,0.0,180.0,76.2
2023-08-10,86.5,95.4,77.7,985.3,15.4,3.2,3.9,-105.36080092183101,29.6166666,119.0166666,172.0,95.08427438453558,13.190881995542508,38.57297088209127,-0.6287628145958345,0.9955168540074409,29.6166666,877.1469404955554,0.9797320231497504,5.153291594497779,-2686.5932928292873,4843.41940281919,3148.514882816864,0.0,180.0,75.1
2023-08-11,86.3,96.1,78.6,984.1,12.4,3.2,7.8,71.234490398112,29.6166666,119.0166666,172.0,94.68201917484849,13.165518309364797,38.469258607475126,-0.6420547132365636,0.9955168540074409,29.6166666,877.1469404955554,0.9797320231497504,5.153291594497779,-2686.5932928292873,4843.41940281919,3148.514882816864,0.0,180.0,74.8
2023-08-12,87.4,99.0,79.0,982.5,14.8,2.9,3.9,279.53180485548074,29.6166666,119.0166666,172.0,95.70210519655917,13.139877143692335,38.36325899796582,-0.655156357209085,0.9955168540074409,29.6166666,877.1469404955554,0.9797320231497504,5.153291594497779,-2686.5932928292873,4843.41940281919,3148.514882816864,0.0,180.0,75.2
2023-08-13,83.9,99.0,79.9,982.9,16.2,3.3,5.8,-10.83806446062508,29.6166666,119.0166666,172.0,91.68848940340482,13.113967495123452,38.25496609213227,-0.6680638642135333,0.9955168540074409,29.6166666,877.1469404955554,0.9797320231497504,5.153291594497779,-2686.5932928292873,4843.41940281919,3148.514882816864,0.0,180.0,76.3
2023-08-14,82.6,94.6,79.2,985.0,12.9,3.2,3.9,49.09485553817606,29.6166666,119.0166666,172.0,90.08767797021665,13.087798252331718,38.14437502374422,-0.6807734094770159,0.9955168540074409,29.6166666,877.1469404955554,0.9797320231497504,5.153291594497779,-2686.5932928292873,4843.41940281919,3148.514882816864,0.0,180.0,76.2
2023-08-15,82.5,89.8,77.4,986.5,15.3,4.4,7.8,211.8900467728568,29.6166666,119.0166666,172.0,89.7969750713447,13.061378192195594,38.03148207727816,-0.6932812268869771,0.9955168540074409,29.6166666,877.1469404955554,0.9797320231497504,5.153291594497779,-2686.5932928292873,4843.41940281919,3148.514882816864,0.0,180.0,74.9
2023-08-16,84.5,95.7,77.2,985.7,15.1,3.6,7.8,122.86085133603581,29.6166666,119.0166666,172.0,91.78612500083925,13.034715976450544,37.91628474253082,-0.7055836101071774,0.9955168540074409,29.6166666,877.1469404955554,0.9797320231497504,5.153291594497779,-2686.5932928292873,4843.41940281919,3148.514882816864,0.0,180.0,75.0
2023-08-17,81.8,95.7,75.6,985.0,11.5,3.6,5.8,7.2534177970205,29.6166666,119.0166666,172.0,88.66997401468002,13.007820148852815,37.798781768217815,-0.7176769136759615,0.9955168540074409,29.6166666,877.1469404955554,0.9797320231497504,5.153291594497779,-2686.5932928292873,4843.41940281919,3148.514882816864,0.0,180.0,75.5
2023-08-18,80.6,95.0,74.3,986.3,12.5,3.6,5.8,86.14803274197202,29.6166666,119.0166666,172.0,87.18702917559673,12.980699132843188,37.678973214435054,-0.7295575540864876,0.9955168540074409,29.6166666,877.1469404955554,0.9797320231497504,5.153291594497779,-2686.5932928292873,4843.41940281919,3148.514882816864,0.0,180.0,73.9
2023-08-19,80.0,92.5,74.3,988.3,17.8,3.4,5.8,-106.04698378434047,29.6166666,119.0166666,172.0,86.35574153132069,12.953361229698103,37.5568605038618,-0.7412220108485957,0.9955168540074409,29.6166666,877.1469404955554,0.9797320231497504,5.153291594497779,-2686.5932928292873,4843.41940281919,3148.514882816864,0.0,180.0,74.0
2023-08-20,81.1,92.1,75.6,988.4,14.8,4.6,13.6,29.620525674997175,29.6166666,119.0166666,172.0,87.3569637876046,12.925814617154813,37.4324464715852,-0.7526668275320083,0.9955168540074409,29.6166666,877.1469404955554,0.9797320231497504,5.153291594497779,-2686.5932928292873,4843.41940281919,3148.514882816864,0.0,180.0,75.7
2023-08-21,82.2,92.1,76.8,985.6,14.2,3.6,7.8,-44.708798652197345,29.6166666,119.0166666,172.0,88.35176133720172,12.8980673484966,37.30573541342755,-0.7638886127905429,0.9955168540074409,29.6166666,877.1469404955554,0.9797320231497504,5.153291594497779,-2686.5932928292873,4843.41940281919,3148.514882816864,0.0,180.0,75.9
2023-08-22,79.4,91.2,76.6,984.9,15.1,2.9,5.8,-90.24981951077159,29.6166666,119.0166666,172.0,85.15734264628593,12.870127352083513,37.17673313265984,-0.7748840413670406,0.9955168540074409,29.6166666,877.1469404955554,0.9797320231497504,5.153291594497779,-2686.5932928292873,4843.41940281919,3148.514882816864,0.0,180.0,76.8
2023-08-23,83.7,92.3,76.6,986.6,14.8,4.4,5.8,-4.13828625581602,29.6166666,119.0166666,172.0,89.57296695841293,12.84200243131368,37.04544698498721,-0.7856498550787144,0.9955168540074409,29.6166666,877.1469404955554,0.9797320231497504,5.153291594497779,-2686.5932928292873,4843.41940281919,3148.514882816864,0.0,180.0,74.5
2023-08-26,83.4,93.6,77.4,985.7,12.7,3.9,7.8,-102.7129025641678,29.6166666,119.0166666,172.0,88.65833033707523,12.75659429310435,36.63798307640921,-0.8165380514459157,0.9955168540074409,29.6166666,877.1469404955554,0.9797320231497504,5.153291594497779,-2686.5932928292873,4843.41940281919,3148.514882816864,0.0,180.0,76.4
2023-08-27,82.7,93.6,77.2,983.2,17.8,2.8,3.9,70.58906854435581,29.6166666,119.0166666,172.0,87.71579105106264,12.72780523110945,36.49766753528109,-0.8263541987239094,0.9955168540074409,29.6166666,877.1469404955554,0.9797320231497504,5.153291594497779,-2686.5932928292873,4843.41940281919,3148.514882816864,0.0,180.0,76.8
2023-08-28,76.3,90.3,70.2,984.7,11.0,4.1,7.8,7.802853907726821,29.6166666,119.0166666,172.0,80.74363833331279,12.698868414151422,36.355129631979175,-0.8359254794186365,0.9955168540074409,29.6166666,877.1469404955554,0.9797320231497504,5.153291594497779,-2686.5932928292873,4843.41940281919,3148.514882816864,0.0,180.0,75.0
2023-08-29,73.0,83.3,69.4,989.5,15.2,3.6,3.9,22.773284955367018,29.6166666,119.0166666,172.0,77.07456141293535,12.669790917194852,36.210386871047184,-0.8452490573530634,0.9955168540074409,29.6166666,877.1469404955554,0.9797320231497504,5.153291594497779,-2686.5932928292873,4843.41940281919,3148.514882816864,0.0,180.0,70.3
2023-08-30,70.0,76.8,68.0,991.9,17.1,4.1,5.8,-97.87433354711601,29.6166666,119.0166666,172.0,73.73671492082991,12.640579700713701,36.06345856699846,-0.8543221697498269,0.9955168540074409,29.6166666,877.1469404955554,0.9797320231497504,5.153291594497779,-2686.5932928292873,4843.41940281919,3148.514882816864,0.0,180.0,67.8
2023-08-31,73.8,78.4,67.8,991.9,16.4,5.0,7.8,-99.48209315778762,29.6166666,119.0166666,172.0,77.55913592321545,12.611241613530966,35.91436587174267,-0.8631421280499115,0.9955168540074409,29.6166666,877.1469404955554,0.9797320231497504,5.153291594497779,-2686.5932928292873,4843.41940281919,3148.514882816864,0.0,180.0,66.8
2023-09-01,77.9,84.9,68.9,990.9,18.5,5.8,9.7,43.28970356951665,29.6166666,119.0166666,172.0,81.67674387868777,12.581783395946768,35.763131799411795,-0.8717063187093217,0.9955168540074409,29.6166666,877.1469404955554,0.9797320231497504,5.153291594497779,-2686.5932928292873,4843.41940281919,3148.514882816864,0.0,180.0,65.3
2023-09-02,81.7,86.9,71.8,989.7,17.4,5.0,5.8,250.0440234688906,29.6166666,119.0166666,172.0,85.45964120937366,12.552211683139339,35.60978124851216,-0.8800122039735356,0.9955168540074409,29.6166666,877.1469404955554,0.9797320231497504,5.153291594497779,-2686.5932928292873,4843.41940281919,3148.514882816864,0.0,180.0,66.0
2023-09-03,81.2,86.9,76.1,989.1,10.3,5.3,7.8,-123.0705571951444,29.6166666,119.0166666,172.0,84.73580669303945,12.522533008823563,35.454341021333505,-0.888057322629493,0.9955168540074409,29.6166666,877.1469404955554,0.9797320231497504,5.153291594497779,-2686.5932928292873,4843.41940281919,3148.514882816864,0.0,180.0,72.2
2023-09-04,83.4,89.6,77.4,989.2,15.9,5.6,7.8,-42.96346162347868,29.6166666,119.0166666,172.0,86.82463897360653,12.492753809152019,35.29683984055325,-0.8958392907349089,0.9955168540074409,29.6166666,877.1469404955554,0.9797320231497504,5.153291594497779,-2686.5932928292873,4843.41940281919,3148.514882816864,0.0,180.0,72.1
2023-09-05,81.4,89.6,78.8,990.9,13.5,4.9,7.8,140.8246849920139,29.6166666,119.0166666,172.0,84.53987222875621,12.462880426843668,35.137308362978814,-0.9033558023246842,0.9955168540074409,29.6166666,877.1469404955554,0.9797320231497504,5.153291594497779,-2686.5932928292873,4843.41940281919,3148.514882816864,0.0,180.0,73.8
2023-09-06,79.6,85.8,75.6,992.7,14.0,4.1,7.8,-139.95685254003538,29.6166666,119.0166666,172.0,82.4716967996533,12.432919115525625,34.97577919037804,-0.9106046300942162,0.9955168540074409,29.6166666,877.1469404955554,0.9797320231497504,5.153291594497779,-2686.5932928292873,4843.41940281919,3148.514882816864,0.0,180.0,73.1
2023-09-07,83.2,90.7,75.6,992.3,14.1,4.2,5.8,140.64908822991205,29.6166666,119.0166666,172.0,85.99327390696456,12.402876044273736,34.81228687735362,-0.9175836260593934,0.9955168540074409,29.6166666,877.1469404955554,0.9797320231497504,5.153291594497779,-2686.5932928292873,4843.41940281919,3148.514882816864,0.0,180.0,70.6
2023-09-08,81.7,91.6,74.8,991.4,14.8,4.2,5.8,22.88249119611499,29.6166666,119.0166666,172.0,84.23785596675066,12.372757302337918,34.64686793622405,-0.9242907221930934,0.9955168540074409,29.6166666,877.1469404955554,0.9797320231497504,5.153291594497779,-2686.5932928292873,4843.41940281919,3148.514882816864,0.0,180.0,68.4
2023-09-09,82.0,91.6,72.7,989.7,14.6,3.2,3.9,-11.88393898078493,29.6166666,119.0166666,172.0,84.34088751093049,12.34256890403861,34.47956083888009,-0.9307239310379793,0.9955168540074409,29.6166666,877.1469404955554,0.9797320231497504,5.153291594497779,-2686.5932928292873,4843.41940281919,3148.514882816864,0.0,180.0,68.3
2023-09-10,81.3,92.8,71.8,988.5,15.8,2.9,3.9,-40.17529033929344,29.6166666,119.0166666,172.0,83.41594627813592,12.3123167938208,34.31040601559302,-0.9368813462954315,0.9955168540074409,29.6166666,877.1469404955554,0.9797320231497504,5.153291594497779,-2686.5932928292873,4843.41940281919,3148.514882816864,0.0,180.0,67.0
2023-09-11,82.5,93.2,72.5,988.0,15.1,2.7,3.9,-44.41357261821072,29.6166666,119.0166666,172.0,84.43879710373645,12.282006851452573,34.13944585075684,-0.9427611433904206,0.9955168540074409,29.6166666,877.1469404955554,0.9797320231497504,5.153291594497779,-2686.5932928292873,4843.41940281919,3148.514882816864,0.0,180.0,69.8
2023-09-12,82.6,93.2,76.3,987.4,8.5,2.5,3.9,-41.39856037618263,29.6166666,119.0166666,172.0,84.33215571012835,12.25164489735521,33.966724675554616,-0.9483615800121716,0.9955168540074409,29.6166666,877.1469404955554,0.9797320231497504,5.153291594497779,-2686.5932928292873,4843.41940281919,3148.514882816864,0.0,180.0,74.5
2023-09-13,75.4,88.7,72.9,988.8,11.3,2.9,5.8,147.20220079070987,29.6166666,119.0166666,172.0,76.79010391942833,12.221236698052252,33.792288757545,-0.9536809966304455,0.9955168540074409,29.6166666,877.1469404955554,0.9797320231497504,5.153291594497779,-2686.5932928292873,4843.41940281919,3148.514882816864,0.0,180.0,74.2
2023-09-14,72.3,82.2,71.6,991.9,8.3,3.2,3.9,78.7200072372604,29.6166666,119.0166666,172.0,73.44949752964405,12.190787971725156,33.61618628717298,-0.9587178169872964,0.9955168540074409,29.6166666,877.1469404955554,0.9797320231497504,5.153291594497779,-2686.5932928292873,4843.41940281919,3148.514882816864,0.0,180.0,71.8
2023-09-15,74.2,77.7,71.6,992.3,9.4,1.7,1.9,57.16661009913962,29.6166666,119.0166666,172.0,75.1912155020549,12.160304393863326,33.438467361214975,-0.9634705485641486,0.9955168540074409,29.6166666,877.1469404955554,0.9797320231497504,5.153291594497779,-2686.5932928292873,4843.41940281919,3148.514882816864,0.0,180.0,73.4
2023-09-16,78.6,86.9,72.3,991.8,16.6,2.2,3.9,103.75529520449012,29.6166666,119.0166666,172.0,79.45013499962809,12.129791602996656,33.25918396317608,-0.9679377830240642,0.9955168540074409,29.6166666,877.1469404955554,0.9797320231497504,5.153291594497779,-2686.5932928292873,4843.41940281919,3148.514882816864,0.0,180.0,74.5
2023-09-17,80.9,90.7,72.9,991.9,18.6,2.7,3.9,-57.24164292706736,29.6166666,119.0166666,172.0,81.56914551714577,12.099255206498754,33.07838994066385,-0.9721181966290612,0.9955168540074409,29.6166666,877.1469404955554,0.9797320231497504,5.153291594497779,-2686.5932928292873,4843.41940281919,3148.514882816864,0.0,180.0,72.1
2023-09-18,82.6,93.0,73.6,992.3,17.1,2.8,3.9,45.97997627576056,29.6166666,119.0166666,172.0,83.07289041339259,12.068700786449288,32.89614097976993,-0.9760105506323682,0.9955168540074409,29.6166666,877.1469404955554,0.9797320231497504,5.153291594497779,-2686.5932928292873,4843.41940281919,3148.514882816864,0.0,180.0,73.7
2023-09-19,86.8,93.0,76.1,991.2,15.2,2.7,3.9,1.2173253095760792,29.6166666,119.0166666,172.0,87.07583525010173,12.03813390554402,32.71249457649789,-0.9796136916454901,0.9955168540074409,29.6166666,877.1469404955554,0.9797320231497504,5.153291594497779,-2686.5932928292873,4843.41940281919,3148.514882816864,0.0,180.0,77.3
2023-09-27,82.6,90.5,76.3,993.5,7.2,3.4,5.8,100.01037431656853,29.6166666,119.0166666,172.0,81.18076761315862,11.793816118134426,31.200484691795243,-0.9979171608653922,0.9955168540074409,29.6166666,877.1469404955554,0.9797320231497504,5.153291594497779,-2686.5932928292873,4843.41940281919,3148.514882816864,0.0,180.0,75.0
2023-09-28,79.5,90.3,76.1,995.1,4.9,4.4,7.8,-34.66782453780964,29.6166666,119.0166666,172.0,77.93243997131592,11.763387165481648,31.00712947505962,-0.9988797155850335,0.9955168540074409,29.6166666,877.1469404955554,0.9797320231497504,5.153291594497779,-2686.5932928292873,4843.41940281919,3148.514882816864,0.0,180.0,75.1
2023-09-29,82.5,91.0,73.9,993.5,9.9,3.2,5.8,55.030133668536486,29.6166666,119.0166666,172.0,80.66438616900633,11.733001624582739,30.813043032546226,-0.9995462806873573,0.9955168540074409,29.6166666,877.1469404955554,0.9797320231497504,5.153291594497779,-2686.5932928292873,4843.41940281919,3148.514882816864,0.0,180.0,73.9
2023-09-30,75.4,91.0,70.0,993.7,15.3,5.1,9.7,151.41343496292058,29.6166666,119.0166666,172.0,73.53174657471106,11.702665237354545,30.61830009648499,-0.9999166586547379,0.9955168540074409,29.6166666,877.1469404955554,0.9797320231497504,5.153291594497779,-2686.5932928292873,4843.41940281919,3148.514882816864,0.0,180.0,69.8
2023-10-01,72.5,82.2,68.4,996.1,13.7,5.6,9.7,-5.171585469233847,29.6166666,119.0166666,172.0,70.5206521061308,11.67238379687682,30.422976658412793,-0.9999907397361901,0.9955168540074409,29.6166666,877.1469404955554,0.9797320231497504,5.153291594497779,-2686.5932928292873,4843.41940281919,3148.514882816864,0.0,180.0,62.8
2023-10-02,73.6,81.5,67.8,995.3,18.6,4.9,7.8,-144.09037015006447,29.6166666,119.0166666,172.0,71.40526733775931,11.642163152895542,30.22714990853188,-0.9997685019798909,0.9955168540074409,29.6166666,877.1469404955554,0.9797320231497504,5.153291594497779,-2686.5932928292873,4843.41940281919,3148.514882816864,0.0,180.0,60.4
2023-10-03,73.5,81.5,67.5,994.2,16.1,4.1,5.8,20.200102532106477,29.6166666,119.0166666,172.0,71.12355645543202,11.612009217213393,30.03089817328029,-0.9992500112396835,0.9955168540074409,29.6166666,877.1469404955554,0.9797320231497504,5.153291594497779,-2686.5932928292873,4843.41940281919,3148.514882816864,0.0,180.0,64.6
2023-10-04,70.9,81.1,67.6,996.2,17.2,5.3,5.8,-25.759359826262983,29.6166666,119.0166666,172.0,68.42989108324231,11.581927968954973,29.834300851233866,-0.9984354211555643,0.9955168540074409,29.6166666,877.1469404955554,0.9797320231497504,5.153291594497779,-2686.5932928292873,4843.41940281919,3148.514882816864,0.0,180.0,62.1
2023-10-05,71.6,75.4,66.4,997.6,15.8,6.6,7.8,66.3449360866154,29.6166666,119.0166666,172.0,68.92648857617367,11.551925459693912,29.637438347462222,-0.9973249731081555,0.9955168540074409,29.6166666,877.1469404955554,0.9797320231497504,5.153291594497779,-2686.5932928292873,4843.41940281919,3148.514882816864,0.0,180.0,57.5
2023-10-06,64.0,75.4,61.2,999.0,14.7,5.1,9.7,201.371411745921,29.6166666,119.0166666,172.0,61.45070836495418,11.522007818428909,29.440392006464478,-0.9959189961471792,0.9955168540074409,29.6166666,877.1469404955554,0.9797320231497504,5.153291594497779,-2686.5932928292873,4843.41940281919,3148.514882816864,0.0,180.0,58.5
2023-10-07,62.5,67.5,60.8,999.2,12.9,4.6,5.8,11.758145938948303,29.6166666,119.0166666,172.0,59.855110710392644,11.492181256395387,29.243244043812965,-0.994217906893952,0.9955168540074409,29.6166666,877.1469404955554,0.9797320231497504,5.153291594497779,-2686.5932928292873,4843.41940281919,3148.514882816864,0.0,180.0,60.6
2023-10-08,65.5,68.5,60.8,0.6,17.6,3.2,3.9,2.191488737059366,29.6166666,119.0166666,172.0,62.56588422469131,11.462452071699172,29.046077476635237,-0.9922222094179324,0.9955168540074409,29.6166666,877.1469404955554,0.9797320231497504,5.153291594497779,-2686.5932928292873,4843.41940281919,3148.514882816864,0.0,180.0,59.9
2023-10-09,64.2,70.7,61.7,2.7,5.9,3.2,5.8,57.73313590117863,29.6166666,119.0166666,172.0,61.16562259760718,11.432826653758351,28.848976053066956,-0.989932495087353,0.9955168540074409,29.6166666,877.1469404955554,0.9797320231497504,5.153291594497779,-2686.5932928292873,4843.41940281919,3148.514882816864,0.0,180.0,60.4
2023-10-10,66.6,74.3,60.1,3.2,9.2,4.1,7.8,-119.54402293882094,29.6166666,119.0166666,172.0,63.2883787558422,11.403311487539137,28.652024180809466,-0.9873494423939864,0.9955168540074409,29.6166666,877.1469404955554,0.9797320231497504,5.153291594497779,-2686.5932928292873,4843.41940281919,3148.514882816864,0.0,180.0,56.0
2023-10-11,67.3,74.3,60.1,3.5,10.0,3.6,5.8,-57.55151539508939,29.6166666,119.0166666,172.0,63.78869629204576,11.37391315757131,28.455306854927,-0.9844738167520923,0.9955168540074409,29.6166666,877.1469404955554,0.9797320231497504,5.153291594497779,-2686.5932928292873,4843.41940281919,3148.514882816864,0.0,180.0,55.8
2023-10-12,69.4,74.7,62.1,1.8,16.0,3.9,5.8,165.58920513945623,29.6166666,119.0166666,172.0,65.60982513416361,11.344638351728578,28.258909585019826,-0.9813064702716093,0.9955168540074409,29.6166666,877.1469404955554,0.9797320231497504,5.153291594497779,-2686.5932928292873,4843.41940281919,3148.514882816864,0.0,180.0,56.5
2023-10-13,68.4,74.7,63.9,997.6,14.2,2.9,5.8,62.809039391149696,29.6166666,119.0166666,172.0,64.49831502912517,11.315493864758801,28.06291832190907,-0.9778483415056567,0.9955168540074409,29.6166666,877.1469404955554,0.9797320231497504,5.153291594497779,-2686.5932928292873,4843.41940281919,3148.514882816864,0.0,180.0,59.9
2023-10-14,66.9,75.0,61.3,996.2,11.7,2.2,3.9,-226.85953644285593,29.6166666,119.0166666,172.0,62.92216280363559,11.286486601548983,27.867419383970226,-0.9741004551724206,0.9955168540074409,29.6166666,877.1469404955554,0.9797320231497504,5.153291594497779,-2686.5932928292873,4843.41940281919,3148.514882816864,0.0,180.0,59.1
2023-10-15,67.4,79.7,59.2,997.8,9.8,2.2,3.9,-75.83632722831977,29.6166666,119.0166666,172.0,63.23031910828174,11.257623580109508,27.67249938325082,-0.970063921851507,0.9955168540074409,29.6166666,877.1469404955554,0.9797320231497504,5.153291594497779,-2686.5932928292873,4843.41940281919,3148.514882816864,0.0,180.0,58.9
2023-10-16,68.2,80.8,59.2,0.1,12.1,2.7,3.9,64.51895137858719,29.6166666,119.0166666,172.0,63.81764949305605,11.228911934262062,27.478245151508055,-0.965739937654855,0.9955168540074409,29.6166666,877.1469404955554,0.9797320231497504,5.153291594497779,-2686.5932928292873,4843.41940281919,3148.514882816864,0.0,180.0,57.1
2023-10-17,69.0,80.8,59.4,0.0,14.8,3.4,5.8,93.33090053643006,29.6166666,119.0166666,172.0,64.40206376708896,11.200358916015473,27.284743666300557,-0.9611297838723007,0.9955168540074409,29.6166666,877.1469404955554,0.9797320231497504,5.153291594497779,-2686.5932928292873,4843.41940281919,3148.514882816864,0.0,180.0,50.3
2023-10-18,69.2,80.8,59.5,998.0,10.4,2.4,3.9,120.91878248468649,29.6166666,119.0166666,172.0,64.42503794290447,11.17197189761349,27.092081977267075,-0.9562348265919058,0.9955168540074409,29.6166666,877.1469404955554,0.9797320231497504,5.153291594497779,-2686.5932928292873,4843.41940281919,3148.514882816864,0.0,180.0,59.5
2023-10-19,67.1,80.8,62.2,998.0,7.5,2.7,5.8,-42.4564914908592,29.6166666,119.0166666,172.0,62.31218223702615,11.143758373238656,26.900347132723425,-0.9510565162951536,0.9955168540074409,29.6166666,877.1469404955554,0.9797320231497504,5.153291594497779,-2686.5932928292873,4843.41940281919,3148.514882816864,0.0,180.0,63.1
2023-10-20,58.7,74.1,51.4,4.7,16.2,2.7,3.9,174.66844144419397,29.6166666,119.0166666,172.0,54.3744261560755,11.11572596035615,26.709626106706423,-0.9455963874271428,0.9955168540074409,29.6166666,877.1469404955554,0.9797320231497504,5.153291594497779,-2686.5932928292873,4843.41940281919,3148.514882816864,0.0,180.0,51.2
2023-10-21,61.1,71.1,50.4,4.7,18.3,2.9,3.9,26.614124059647583,29.6166666,119.0166666,172.0,56.45580122347101,11.087882400681705,26.520005726591375,-0.9398560579418953,0.9955168540074409,29.6166666,877.1469404955554,0.9797320231497504,5.153291594497779,-2686.5932928292873,4843.41940281919,3148.514882816864,0.0,180.0,47.1
2023-10-22,64.3,73.2,54.3,2.4,15.2,2.7,3.9,67.65055804551903,29.6166666,119.0166666,172.0,59.26442887972688,11.060235560757738,26.331572601406766,-0.9338372288229252,0.9955168540074409,29.6166666,877.1469404955554,0.9797320231497504,5.153291594497779,-2686.5932928292873,4843.41940281919,3148.514882816864,0.0,180.0,55.4
2023-10-23,67.5,77.5,58.1,0.2,16.2,2.8,3.9,38.9043739864757,29.6166666,119.0166666,172.0,62.059463055685555,11.032793432121876,26.14441305096635,-0.9275416835791965,0.9955168540074409,29.6166666,877.1469404955554,0.9797320231497504,5.153291594497779,-2686.5932928292873,4843.41940281919,3148.514882816864,0.0,180.0,58.8
2023-10-24,69.6,82.2,61.2,998.5,14.4,2.7,3.9,-111.93457980212908,29.6166666,119.0166666,172.0,63.83227196010481,11.005564131052555,25.95861303593573,-0.9209712877166347,0.9955168540074409,29.6166666,877.1469404955554,0.9797320231497504,5.153291594497779,-2686.5932928292873,4843.41940281919,3148.514882816864,0.0,180.0,62.1
2023-10-25,69.9,82.2,62.6,997.3,11.4,1.7,1.9,204.87911497349643,29.6166666,119.0166666,172.0,63.95008810512989,10.978555897876376,25.774258088946425,-0.9141279881853337,0.9955168540074409,29.6166666,877.1469404955554,0.9797320231497504,5.153291594497779,-2686.5932928292873,4843.41940281919,3148.514882816864,0.0,180.0,64.6
2023-10-26,70.8,78.6,65.1,997.3,6.3,1.7,1.9,-115.59295256673062,29.6166666,119.0166666,172.0,64.61548486535311,10.951777095822562,25.591433246866053,-0.9070138128026362,0.9955168540074409,29.6166666,877.1469404955554,0.9797320231497504,5.153291594497779,-2686.5932928292873,4843.41940281919,3148.514882816864,0.0,180.0,65.7
2023-10-27,71.2,78.6,65.5,998.0,5.2,2.7,3.9,-58.662434738479796,29.6166666,119.0166666,172.0,64.82306817583394,10.925236209410214,25.41022298432932,-0.8996308696522434,0.9955168540074409,29.6166666,877.1469404955554,0.9797320231497504,5.153291594497779,-2686.5932928292873,4843.41940281919,3148.514882816864,0.0,180.0,61.0
2023-10-28,70.4,80.8,63.3,998.3,7.0,3.2,3.9,110.06152817520743,29.6166666,119.0166666,172.0,63.94045880848086,10.898941842354692,25.230711148629293,-0.8919813464595487,0.9955168540074409,29.6166666,877.1469404955554,0.9797320231497504,5.153291594497779,-2686.5932928292873,4843.41940281919,3148.514882816864,0.0,180.0,57.7
2023-10-29,69.3,80.8,62.4,999.1,8.8,1.7,3.9,46.08696286968849,29.6166666,119.0166666,172.0,62.791013179010456,10.872902714980166,25.052980896063527,-0.8840675099433637,0.9955168540074409,29.6166666,877.1469404955554,0.9797320231497504,5.153291594497779,-2686.5932928292873,4843.41940281919,3148.514882816864,0.0,180.0,58.9
2023-10-30,68.6,79.5,60.3,1.3,9.8,2.2,3.9,119.37066099004595,29.6166666,119.0166666,172.0,62.00941312943795,10.847127661126173,24.877114629824415,-0.8758917051442433,0.9955168540074409,29.6166666,877.1469404955554,0.9797320231497504,5.153291594497779,-2686.5932928292873,4843.41940281919,3148.514882816864,0.0,180.0,58.8
2023-10-31,67.9,80.1,59.5,1.9,11.1,2.4,3.9,17.13623485544851,29.6166666,119.0166666,172.0,61.23236499217132,10.821625624536903,24.70319393951734,-0.8674563547295971,0.9955168540074409,29.6166666,877.1469404955554,0.9797320231497504,5.153291594497779,-2686.5932928292873,4843.41940281919,3148.514882816864,0.0,180.0,58.8
2023-11-01,66.9,80.8,58.8,999.3,15.3,2.9,3.9,-19.636330673216072,29.6166666,119.0166666,172.0,60.189961525080975,10.796405654723044,24.531299542384822,-0.858763958275803,0.9955168540074409,29.6166666,877.1469404955554,0.9797320231497504,5.153291594497779,-2686.5932928292873,4843.41940281919,3148.514882816864,0.0,180.0,56.1
2023-11-02,68.2,81.1,57.6,995.8,15.7,3.2,5.8,169.66900671706554,29.6166666,119.0166666,172.0,61.217893727998366,10.771476902287102,24.361511226308206,-0.8498170915275277,0.9955168540074409,29.6166666,877.1469404955554,0.9797320231497504,5.153291594497779,-2686.5932928292873,4843.41940281919,3148.514882816864,0.0,180.0,59.5
2023-11-03,69.7,81.1,62.2,994.9,15.1,1.9,3.9,-181.0786697224822,29.6166666,119.0166666,172.0,62.42127903126675,10.746848613704461,24.193907794652965,-0.8406184056344783,0.9955168540074409,29.6166666,877.1469404955554,0.9797320231497504,5.153291594497779,-2686.5932928292873,4843.41940281919,3148.514882816864,0.0,180.0,61.6
2023-11-04,71.6,81.9,64.2,994.9,11.4,1.9,3.9,128.31259865283556,29.6166666,119.0166666,172.0,63.97776308247075,10.722530125553758,24.028567013016737,-0.8311706263658079,0.9955168540074409,29.6166666,877.1469404955554,0.9797320231497504,5.153291594497779,-2686.5932928292873,4843.41940281919,3148.514882816864,0.0,180.0,63.7
2023-11-05,71.2,85.8,59.9,993.4,11.9,5.8,13.6,-53.14052863062358,29.6166666,119.0166666,172.0,63.477949758604574,10.698530858191782,23.865565557932623,-0.8214765533024145,0.9955168540074409,29.6166666,877.1469404955554,0.9797320231497504,5.153291594497779,-2686.5932928292873,4843.41940281919,3148.514882816864,0.0,180.0,63.6
2023-11-06,60.5,85.8,50.4,2.4,18.6,5.0,7.8,133.28357919284878,29.6166666,119.0166666,172.0,53.81908739055153,10.674860308869725,23.704978967574323,-0.8115390590073611,0.9955168540074409,29.6166666,877.1469404955554,0.9797320231497504,5.153291594497779,-2686.5932928292873,4843.41940281919,3148.514882816864,0.0,180.0,44.6
2023-11-07,59.7,70.5,49.5,1.0,18.6,3.4,5.8,-102.51047150579923,29.6166666,119.0166666,172.0,52.991352020339505,10.651528044289346,23.54688159450162,-0.801361088174677,0.9955168540074409,29.6166666,877.1469404955554,0.9797320231497504,5.153291594497779,-2686.5932928292873,4843.41940281919,3148.514882816864,0.0,180.0,45.3
2023-11-08,60.7,69.6,51.8,998.4,9.7,2.7,5.8,36.890889857921,29.6166666,119.0166666,172.0,53.76271684506633,10.628543692599603,23.391346560478905,-0.7909456567567774,0.9955168540074409,29.6166666,877.1469404955554,0.9797320231497504,5.153291594497779,-2686.5932928292873,4843.41940281919,3148.514882816864,0.0,180.0,57.9
2023-11-09,63.4,67.3,56.7,998.2,6.3,3.9,7.8,148.51440886646998,29.6166666,119.0166666,172.0,56.03459447238509,10.605916934836294,23.238445713391805,-0.780295851070776,0.9955168540074409,29.6166666,877.1469404955554,0.9797320231497504,5.153291594497779,-2686.5932928292873,4843.41940281919,3148.514882816864,0.0,180.0,61.7
2023-11-10,55.2,67.3,50.5,5.4,14.4,6.1,7.8,11.965580237423996,29.6166666,119.0166666,172.0,48.68482448072305,10.583657495809359,23.088249586279904,-0.7694148268839381,0.9955168540074409,29.6166666,877.1469404955554,0.9797320231497504,5.153291594497779,-2686.5932928292873,4843.41940281919,3148.514882816864,0.0,180.0,51.4
2023-11-11,52.7,60.8,50.5,7.4,14.1,5.1,7.8,90.0615364035955,29.6166666,119.0166666,172.0,46.38379579877021,10.56177513444483,22.940827358496836,-0.7583058084785625,0.9955168540074409,29.6166666,877.1469404955554,0.9797320231497504,5.153291594497779,-2686.5932928292873,4843.41940281919,3148.514882816864,0.0,180.0,49.8
2023-11-12,49.7,54.5,42.6,11.7,12.0,5.3,7.8,109.56832425560538,29.6166666,119.0166666,172.0,43.65432481578814,10.540279633590696,22.796246819001244,-0.7469720876965551,0.9955168540074409,29.6166666,877.1469404955554,0.9797320231497504,5.153291594497779,-2686.5932928292873,4843.41940281919,3148.514882816864,0.0,180.0,41.6
2023-11-13,48.8,54.5,42.3,10.9,10.6,3.9,5.8,82.53872808293335,29.6166666,119.0166666,172.0,42.77800187648043,10.519180789298467,22.654574331775915,-0.7354170229639858,0.9955168540074409,29.6166666,877.1469404955554,0.9797320231497504,5.153291594497779,-2686.5932928292873,4843.41940281919,3148.514882816864,0.0,180.0,30.0
2023-11-14,53.2,62.8,43.7,7.3,13.8,3.1,3.9,168.348881180446,29.6166666,119.0166666,172.0,46.54329857153644,10.498488399594686,22.515874803364202,-0.7236440382959124,0.9955168540074409,29.6166666,877.1469404955554,0.9797320231497504,5.153291594497779,-2686.5932928292873,4843.41940281919,3148.514882816864,0.0,180.0,39.1
2023-11-15,57.2,64.9,45.0,5.8,6.6,3.4,7.8,1.4795219759988925,29.6166666,119.0166666,172.0,49.94614507148612,10.478212252759326,22.380211652506862,-0.711656622281775,0.9955168540074409,29.6166666,877.1469404955554,0.9797320231497504,5.153291594497779,-2686.5932928292873,4843.41940281919,3148.514882816864,0.0,180.0,44.8
2023-11-16,52.4,64.9,46.6,8.6,11.4,7.8,11.7,-77.79782432170967,29.6166666,119.0166666,172.0,45.66818123607049,10.458362115130647,22.24764678185513,-0.6994583270516471,0.9955168540074409,29.6166666,877.1469404955554,0.9797320231497504,5.153291594497779,-2686.5932928292873,4843.41940281919,3148.514882816864,0.0,180.0,41.0
2023-11-17,52.5,62.2,45.0,6.5,12.6,4.9,9.7,-160.53094739727277,29.6166666,119.0166666,172.0,45.67039626825713,10.438947718458772,22.118240551728967,-0.6870527672236675,0.9955168540074409,29.6166666,877.1469404955554,0.9797320231497504,5.153291594497779,-2686.5932928292873,4843.41940281919,3148.514882816864,0.0,180.0,38.9
2023-11-18,52.8,63.5,43.3,5.9,16.2,2.2,3.9,-62.06932251868694,29.6166666,119.0166666,172.0,45.84790648606535,10.419978746833035,21.99205175588305,-0.6744436188329457,0.9955168540074409,29.6166666,877.1469404955554,0.9797320231497504,5.153291594497779,-2686.5932928292873,4843.41940281919,3148.514882816864,0.0,180.0,38.1
2023-11-19,55.9,70.0,47.1,2.4,17.4,2.2,3.9,-102.24122278298034,29.6166666,119.0166666,172.0,48.453490301457556,10.401464823210924,21.869137599236776,-0.661634618242279,0.9955168540074409,29.6166666,877.1469404955554,0.9797320231497504,5.153291594497779,-2686.5932928292873,4843.41940281919,3148.514882816864,0.0,180.0,44.3
2023-11-20,56.3,70.2,47.1,2.2,17.7,2.9,5.8,31.450600059644103,29.6166666,119.0166666,172.0,48.715524366758665,10.383415495579113,21.749553677517923,-0.6486295610349818,0.9955168540074409,29.6166666,877.1469404955554,0.9797320231497504,5.153291594497779,-2686.5932928292873,4843.41940281919,3148.514882816864,0.0,180.0,45.5
2023-11-21,57.4,71.1,48.0,998.5,12.7,2.7,3.9,-83.28244512725504,29.6166666,119.0166666,172.0,49.583269065630624,10.365840222779921,21.633353958764292,-0.6354323008901775,0.9955168540074409,29.6166666,877.1469404955554,0.9797320231497504,5.153291594497779,-2686.5932928292873,4843.41940281919,3148.514882816864,0.0,180.0,50.2
2023-11-22,60.4,75.2,50.9,996.7,14.7,2.2,3.9,-176.96044464890275,29.6166666,119.0166666,172.0,52.08870007886358,10.348748360039123,21.520590766621503,-0.622046748440868,0.9955168540074409,29.6166666,877.1469404955554,0.9797320231497504,5.153291594497779,-2686.5932928292873,4843.41940281919,3148.514882816864,0.0,180.0,53.3
2023-11-23,61.3,75.2,49.8,2.2,11.2,4.6,5.8,-179.17682564590226,29.6166666,119.0166666,172.0,52.78006187846049,10.3321491442337,21.411314765370015,-0.6084768701151264,0.9955168540074409,29.6166666,877.1469404955554,0.9797320231497504,5.153291594497779,-2686.5932928292873,4843.41940281919,3148.514882816864,0.0,180.0,43.6
2023-11-24,51.3,75.2,44.4,9.2,15.3,5.1,7.8,125.6059412798802,29.6166666,119.0166666,172.0,44.101120927471264,10.316051678940648,21.305574946609585,-0.594726686960764,0.9955168540074409,29.6166666,877.1469404955554,0.9797320231497504,5.153291594497779,-2686.5932928292873,4843.41940281919,3148.514882816864,0.0,180.0,30.2
2023-11-25,54.0,62.6,43.9,6.3,14.4,3.9,5.8,39.419361793906226,29.6166666,119.0166666,172.0,46.352092136896495,10.300464919310333,21.203418617524363,-0.5808002734538013,0.9955168540074409,29.6166666,877.1469404955554,0.9797320231497504,5.153291594497779,-2686.5932928292873,4843.41940281919,3148.514882816864,0.0,180.0,41.1
2023-11-27,55.4,68.5,49.1,2.7,13.4,1.9,5.8,-23.911615938200836,29.6166666,119.0166666,172.0,47.41713009294428,10.270858503886847,21.010037175044836,-0.5524353131676203,0.9955168540074409,29.6166666,877.1469404955554,0.9797320231497504,5.153291594497779,-2686.5932928292873,4843.41940281919,3148.514882816864,0.0,180.0,45.2
2023-11-28,56.3,68.9,48.4,2.1,13.6,2.9,3.9,148.46565125766236,29.6166666,119.0166666,172.0,48.12174883041256,10.256855878595928,20.918898168816856,-0.5380051715382992,0.9955168540074409,29.6166666,877.1469404955554,0.9797320231497504,5.153291594497779,-2686.5932928292873,4843.41940281919,3148.514882816864,0.0,180.0,42.4
2023-11-29,58.7,69.8,47.8,4.2,9.6,3.9,5.8,-144.88185290972805,29.6166666,119.0166666,172.0,50.10728849742498,10.243397989252125,20.831514852849793,-0.5234156073655503,0.9955168540074409,29.6166666,877.1469404955554,0.9797320231497504,5.153291594497779,-2686.5932928292873,4843.41940281919,3148.514882816864,0.0,180.0,46.3
2023-11-30,49.1,69.8,44.6,10.0,10.2,5.1,7.8,244.17035818353082,29.6166666,119.0166666,172.0,41.85976645169529,10.230492819151598,20.747925985701126,-0.5086709438521042,0.9955168540074409,29.6166666,877.1469404955554,0.9797320231497504,5.153291594497779,-2686.5932928292873,4843.41940281919,3148.514882816864,0.0,180.0,36.4
2023-12-01,47.2,55.9,41.7,9.4,18.6,4.6,7.8,49.761645277838625,29.6166666,119.0166666,172.0,40.19138257159179,10.21814811142164,20.66816859953738,-0.49377555015997737,0.9955168540074409,29.6166666,877.1469404955554,0.9797320231497504,5.153291594497779,-2686.5932928292873,4843.41940281919,3148.514882816864,0.0,180.0,23.4
2023-12-02,49.6,56.1,40.8,6.8,15.1,3.2,3.9,-86.2693662894674,29.6166666,119.0166666,172.0,42.18633493008463,10.206371354052733,20.592277997023643,-0.4787338401157883,0.9955168540074409,29.6166666,877.1469404955554,0.9797320231497504,5.153291594497779,-2686.5932928292873,4843.41940281919,3148.514882816864,0.0,180.0,30.5
2023-12-03,50.1,56.1,43.3,5.0,8.4,2.7,5.8,64.03051894025022,29.6166666,119.0166666,172.0,42.56483376958065,10.195169765169018,20.520287749068306,-0.4635502709028512,0.9955168540074409,29.6166666,877.1469404955554,0.9797320231497504,5.153291594497779,-2686.5932928292873,4843.41940281919,3148.514882816864,0.0,180.0,34.1
2023-12-04,47.8,53.8,45.7,0.0,4.4,3.4,5.8,92.12907908040091,29.6166666,119.0166666,172.0,40.56845860973133,10.18455027859364,20.452229693325762,-0.4482293417404106,0.9955168540074409,29.6166666,877.1469404955554,0.9797320231497504,5.153291594497779,-2686.5932928292873,4843.41940281919,3148.514882816864,0.0,180.0,45.2
2023-12-05,50.7,57.7,46.0,999.0,7.9,2.7,3.9,-6.646748011028736,29.6166666,119.0166666,172.0,42.98734501325878,10.174519529765393,20.388133933359942,-0.4327755925504317,0.9955168540074409,29.6166666,877.1469404955554,0.9797320231497504,5.153291594497779,-2686.5932928292873,4843.41940281919,3148.514882816864,0.0,180.0,45.4
2023-12-06,53.9,65.5,46.4,999.9,11.3,3.4,7.8,136.2899181816338,29.6166666,119.0166666,172.0,45.658168257266254,10.165083842062987,20.328028838372955,-0.41719360261231697,0.9955168540074409,29.6166666,877.1469404955554,0.9797320231497504,5.153291594497779,-2686.5932928292873,4843.41940281919,3148.514882816864,0.0,180.0,42.6
2023-12-07,54.1,66.4,45.9,998.3,8.4,2.7,5.8,-96.09401110803485,29.6166666,119.0166666,172.0,45.78775687127976,10.156249213592554,20.271941043403853,-0.4014879892059737,0.9955168540074409,29.6166666,877.1469404955554,0.9797320231497504,5.153291594497779,-2686.5932928292873,4843.41940281919,3148.514882816864,0.0,180.0,46.6
2023-12-08,57.7,70.2,46.9,995.7,11.7,2.7,5.8,-47.89361764658078,29.6166666,119.0166666,172.0,48.795069105771056,10.148021304493113,20.21989544990547,-0.38566340624360745,0.9955168540074409,29.6166666,877.1469404955554,0.9797320231497504,5.153291594497779,-2686.5932928292873,4843.41940281919,3148.514882816864,0.0,180.0,49.1
2023-12-09,62.2,72.0,47.8,995.5,13.7,2.7,3.9,-130.76628717288958,29.6166666,119.0166666,172.0,52.56110145194981,10.140405424813467,20.171915226609133,-0.3697245428906732,0.9955168540074409,29.6166666,877.1469404955554,0.9797320231497504,5.153291594497779,-2686.5932928292873,4843.41940281919,3148.514882816864,0.0,180.0,50.9
2023-12-10,61.9,72.0,56.5,995.3,12.0,3.1,3.9,-73.36916367518387,29.6166666,119.0166666,172.0,52.271488647872125,10.133406523012367,20.128021810590838,-0.3536761221763721,0.9955168540074409,29.6166666,877.1469404955554,0.9797320231497504,5.153291594497779,-2686.5932928292873,4843.41940281919,3148.514882816864,0.0,180.0,55.9
2023-12-11,52.0,66.9,44.6,999.9,5.6,3.6,3.9,-62.43814467900049,29.6166666,119.0166666,172.0,43.883793092237504,10.127029175131732,20.088234908455693,-0.33752289959411347,0.9955168540074409,29.6166666,877.1469404955554,0.9797320231497504,5.153291594497779,-2686.5932928292873,4843.41940281919,3148.514882816864,0.0,180.0,49.6
2023-12-12,45.7,60.3,43.9,5.5,15.9,5.5,7.8,170.4911152269817,29.6166666,119.0166666,172.0,38.54519876361311,10.12127757469053,20.052572497562192,-0.32126966169236515,0.9955168540074409,29.6166666,877.1469404955554,0.9797320231497504,5.153291594497779,-2686.5932928292873,4843.41940281919,3148.514882816864,0.0,180.0,40.8
2023-12-13,51.5,55.0,43.9,1.9,7.4,2.4,3.9,-143.12159478180638,29.6166666,119.0166666,172.0,43.41516745435204,10.116155523344164,20.0210508272121,-0.3049212246562894,0.9955168540074409,29.6166666,877.1469404955554,0.9797320231497504,5.153291594497779,-2686.5932928292873,4843.41940281919,3148.514882816864,0.0,180.0,45.9
2023-12-14,60.6,68.9,44.6,996.7,6.2,1.9,3.9,-8.678703900675263,29.6166666,119.0166666,172.0,51.06391543287414,10.111666422351314,19.993684419737438,-0.2884824328806098,0.9955168540074409,29.6166666,877.1469404955554,0.9797320231497504,5.153291594497779,-2686.5932928292873,4843.41940281919,3148.514882816864,0.0,180.0,55.9
2023-12-15,44.1,68.9,34.2,5.1,5.8,5.0,7.8,29.849962034158594,29.6166666,119.0166666,172.0,37.1462137484595,10.10781326488694,19.970486071421455,-0.27195815753410524,0.9955168540074409,29.6166666,877.1469404955554,0.9797320231497504,5.153291594497779,-2686.5932928292873,4843.41940281919,3148.514882816864,0.0,180.0,42.3
2023-12-16,33.8,57.7,32.2,16.2,8.2,5.5,9.7,162.46444936130598,29.6166666,119.0166666,172.0,28.46128613901623,10.104598629236532,19.951466853196543,-0.2553532951161881,0.9955168540074409,29.6166666,877.1469404955554,0.9797320231497504,5.153291594497779,-2686.5932928292873,4843.41940281919,3148.514882816864,0.0,180.0,23.4
2023-12-17,34.4,39.4,31.6,13.9,13.4,5.0,7.8,323.9699411355996,29.6166666,119.0166666,172.0,28.959137395655308,10.102024672903015,19.93663611106876,-0.23867276600594997,0.9955168540074409,29.6166666,877.1469404955554,0.9797320231497504,5.153291594497779,-2686.5932928292873,4843.41940281919,3148.514882816864,0.0,180.0,17.5
2023-12-18,34.7,37.8,30.9,9.1,7.4,3.9,9.7,92.47060365225401,29.6166666,119.0166666,172.0,29.206102627464873,10.100093127653556,19.92600146622512,-0.22192151300416674,0.9955168540074409,29.6166666,877.1469404955554,0.9797320231497504,5.153291594497779,-2686.5932928292873,4843.41940281919,3148.514882816864,0.0,180.0,32.3
2023-12-19,37.7,40.3,30.9,11.4,16.3,4.2,5.8,218.28701590608034,29.6166666,119.0166666,172.0,31.727079970121608,10.098805295529424,19.91956881478719,-0.20510449986861926,0.9955168540074409,29.6166666,877.1469404955554,0.9797320231497504,5.153291594497779,-2686.5932928292873,4843.41940281919,3148.514882816864,0.0,180.0,32.9
2023-12-20,36.5,43.9,31.1,13.7,6.5,4.9,7.8,103.39539766949362,29.6166666,119.0166666,172.0,30.715242889422573,10.098162045837558,19.9173423271817,-0.1882267098432439,0.9955168540074409,29.6166666,877.1469404955554,0.9797320231497504,5.153291594497779,-2686.5932928292873,4843.41940281919,3148.514882816864,0.0,180.0,25.7
2023-12-21,29.8,43.9,22.8,19.1,11.5,4.6,9.7,214.6894013373674,29.6166666,119.0166666,172.0,25.077106802625877,10.098163813137937,19.919324447106575,-0.1712931441814778,0.9955168540074409,29.6166666,877.1469404955554,0.9797320231497504,5.153291594497779,-2686.5932928292873,4843.41940281919,3148.514882816864,0.0,180.0,13.7
2023-12-22,30.2,39.0,22.1,19.7,14.3,4.4,5.8,73.7085103454371,29.6166666,119.0166666,172.0,25.415340000528026,10.098810596236302,19.925515890078376,-0.154308820664281,0.9955168540074409,29.6166666,877.1469404955554,0.9797320231497504,5.153291594497779,-2686.5932928292873,4843.41940281919,3148.514882816864,0.0,180.0,10.7
2023-12-23,35.6,45.1,23.7,16.1,16.5,2.4,3.9,-140.94087095705538,29.6166666,119.0166666,172.0,29.963635809287865,10.10010195818692,19.935915641555162,-0.13727877211326517,0.9955168540074409,29.6166666,877.1469404955554,0.9797320231497504,5.153291594497779,-2686.5932928292873,4843.41940281919,3148.514882816864,0.0,180.0,18.1
2023-12-24,39.9,52.0,27.9,14.3,15.6,2.9,9.7,-7.606915449904598,29.6166666,119.0166666,172.0,33.58927311579046,10.102037027305402,19.950520954636442,-0.12020804489935275,0.9955168540074409,29.6166666,877.1469404955554,0.9797320231497504,5.153291594497779,-2686.5932928292873,4843.41940281919,3148.514882816864,0.0,180.0,25.7
2023-12-25,41.1,52.7,32.0,11.0,12.8,2.9,3.9,53.269403647290915,29.6166666,119.0166666,172.0,34.608304659714804,10.104614499186804,19.969327347349996,-0.10310169744743544,0.9955168540074409,29.6166666,877.1469404955554,0.9797320231497504,5.153291594497779,-2686.5932928292873,4843.41940281919,3148.514882816864,0.0,180.0,29.5
2023-12-26,44.4,54.9,33.6,7.7,8.8,2.2,3.9,-29.810438135124375,29.6166666,119.0166666,172.0,37.398980766962076,10.10783263971948,19.99232859954314,-0.0859647987374467,0.9955168540074409,29.6166666,877.1469404955554,0.9797320231497504,5.153291594497779,-2686.5932928292873,4843.41940281919,3148.514882816864,0.0,180.0,36.5
2023-12-27,48.6,60.4,36.1,7.1,9.8,2.9,5.8,-50.89776859705227,29.6166666,119.0166666,172.0,40.95234162077635,10.11168928908058,20.019516749403568,-0.06880242680232064,0.9955168540074409,29.6166666,877.1469404955554,0.9797320231497504,5.153291594497779,-2686.5932928292873,4843.41940281919,3148.514882816864,0.0,180.0,38.4
2023-12-28,50.5,60.4,40.3,7.0,4.1,3.4,5.8,35.42771571582389,29.6166666,119.0166666,172.0,42.572265355672364,10.116181866694424,20.050882089642915,-0.05161966722325418,0.9955168540074409,29.6166666,877.1469404955554,0.9797320231497504,5.153291594497779,-2686.5932928292873,4843.41940281919,3148.514882816864,0.0,180.0,39.4
2023-12-29,51.2,61.3,42.4,2.7,2.0,2.2,3.9,174.58734667569382,29.6166666,119.0166666,172.0,43.18424480909102,10.121307377130707,20.086413163383188,-0.034421611622745804,0.9955168540074409,29.6166666,877.1469404955554,0.9797320231497504,5.153291594497779,-2686.5932928292873,4843.41940281919,3148.514882816864,0.0,180.0,42.9
2023-12-30,54.5,64.6,43.7,998.9,4.3,2.7,3.9,-183.80405007167136,29.6166666,119.0166666,172.0,45.993741810156216,10.12706241691513,20.12609675979373,-0.01721335615583528,0.9955168540074409,29.6166666,877.1469404955554,0.9797320231497504,5.153291594497779,-2686.5932928292873,4843.41940281919,3148.514882816864,0.0,180.0,48.5
2023-12-31,49.6,64.6,37.9,6.1,3.3,4.4,7.8,97.83644282479467,29.6166666,119.0166666,172.0,41.88489848651422,10.13344318222118,20.16991790953291,6.432490598706546e-16,0.9955168540074409,29.6166666,877.1469404955554,0.9797320231497504,5.153291594497779,-2686.5932928292873,4843.41940281919,3148.514882816864,0.0,180.0,35.7
2024-01-01,42.9,62.4,36.9,5.8,2.0,2.9,5.8,81.11875212751869,29.6166666,119.0166666,172.0,36.25209258173281,10.140445477407779,20.217859880055833,0.017213356155834685,0.9955168540074409,29.6166666,877.1469404955554,0.9797320231497504,5.153291594497779,-2686.5932928292873,4843.41940281919,3148.514882816864,0.0,180.0,32.9
2024-01-02,46.0,52.5,36.9,2.1,2.0,3.6,7.8,210.78438684753468,29.6166666,119.0166666,172.0,38.90091477672955,10.14806472436423,20.269904170854744,0.03442161162274574,0.9955168540074409,29.6166666,877.1469404955554,0.9797320231497504,5.153291594497779,-2686.5932928292873,4843.41940281919,3148.514882816864,0.0,180.0,39.2
2024-01-03,45.3,55.6,37.2,5.9,6.5,4.4,9.7,180.16120231789242,29.6166666,119.0166666,172.0,38.34001729664205,10.156295972620413,20.326030508705657,0.051619667223253764,0.9955168540074409,29.6166666,877.1469404955554,0.9797320231497504,5.153291594497779,-2686.5932928292873,4843.41940281919,3148.514882816864,0.0,180.0,35.1
2024-01-04,45.9,55.6,37.2,2.3,5.9,2.2,3.9,89.06628678520387,29.6166666,119.0166666,172.0,38.8816372064284,10.16513391017736,20.38621684299881,0.06880242680231986,0.9955168540074409,29.6166666,877.1469404955554,0.9797320231497504,5.153291594497779,-2686.5932928292873,4843.41940281919,3148.514882816864,0.0,180.0,39.0
2024-01-05,49.4,57.0,39.2,2.2,8.9,1.7,1.9,14.082006748856926,29.6166666,119.0166666,172.0,41.88532500212729,10.174572875010677,20.450439341236745,0.08596479873744647,0.9955168540074409,29.6166666,877.1469404955554,0.9797320231497504,5.153291594497779,-2686.5932928292873,4843.41940281919,3148.514882816864,0.0,180.0,43.9
2024-01-06,50.7,60.3,42.6,4.7,8.4,3.2,3.9,-77.29352837883293,29.6166666,119.0166666,172.0,43.0299640139069,10.184606867196898,20.518672384786978,0.10310169744743485,0.9955168540074409,29.6166666,877.1469404955554,0.9797320231497504,5.153291594497779,-2686.5932928292873,4843.41940281919,3148.514882816864,0.0,180.0,41.6
2024-01-07,46.6,60.3,41.0,7.2,1.9,4.6,5.8,28.515841054865714,29.6166666,119.0166666,172.0,39.59147479758944,10.195229561611015,20.590888564980954,0.1202080448993527,0.9955168540074409,29.6166666,877.1469404955554,0.9797320231497504,5.153291594497779,-2686.5932928292873,4843.41940281919,3148.514882816864,0.0,180.0,34.7
2024-01-08,44.7,54.0,40.1,2.4,2.0,2.2,3.9,90.56437643259538,29.6166666,119.0166666,172.0,38.01896784625265,10.20643432114165,20.66705867965373,0.13727877211326478,0.9955168540074409,29.6166666,877.1469404955554,0.9797320231497504,5.153291594497779,-2686.5932928292873,4843.41940281919,3148.514882816864,0.0,180.0,36.5
2024-01-09,51.6,63.0,40.1,1.1,5.4,4.1,7.8,153.34246715509929,29.6166666,119.0166666,172.0,43.93832110458751,10.218214210369187,20.74715173022201,0.15430882066428117,0.9955168540074409,29.6166666,877.1469404955554,0.9797320231497504,5.153291594497779,-2686.5932928292873,4843.41940281919,3148.514882816864,0.0,180.0,43.9
2024-01-10,45.0,63.0,36.5,5.0,3.1,4.1,9.7,108.72646155943599,29.6166666,119.0166666,172.0,38.36460753619198,10.230562009651196,20.83113491939981,0.1712931441814776,0.9955168540074409,29.6166666,877.1469404955554,0.9797320231497504,5.153291594497779,-2686.5932928292873,4843.41940281919,3148.514882816864,0.0,180.0,32.5
2024-01-11,44.2,57.2,36.5,1.9,3.7,2.5,5.8,-77.92149349931839,29.6166666,119.0166666,172.0,37.730115345541826,10.243470229558866,20.91897364965319,0.1882267098432442,0.9955168540074409,29.6166666,877.1469404955554,0.9797320231497504,5.153291594497779,-2686.5932928292873,4843.41940281919,3148.514882816864,0.0,180.0,37.2
2024-01-12,50.0,64.4,40.3,1.0,9.9,2.5,3.9,40.41527564288174,29.6166666,119.0166666,172.0,42.7372130233666,10.256931125607984,21.01063152249608,0.2051044998686192,0.9955168540074409,29.6166666,877.1469404955554,0.9797320231497504,5.153291594497779,-2686.5932928292873,4843.41940281919,3148.514882816864,0.0,180.0,39.3
2024-01-13,52.1,67.1,40.8,2.3,12.0,2.5,3.9,-33.96116714686461,29.6166666,119.0166666,172.0,44.59298356326506,10.270936713228037,21.106070338729907,0.2219215130041655,0.9955168540074409,29.6166666,877.1469404955554,0.9797320231497504,5.153291594497779,-2686.5932928292873,4843.41940281919,3148.514882816864,0.0,180.0,41.9
2024-01-14,52.4,67.1,42.1,4.9,6.2,3.1,5.8,-239.88896544555288,29.6166666,119.0166666,172.0,44.91325735205529,10.285478782913426,21.205250099729373,0.2386727660059501,0.9955168540074409,29.6166666,877.1469404955554,0.9797320231497504,5.153291594497779,-2686.5932928292873,4843.41940281919,3148.514882816864,0.0,180.0,44.7
2024-01-15,43.9,61.0,39.4,9.3,4.3,6.6,7.8,-70.79588494609646,29.6166666,119.0166666,172.0,37.6828414492095,10.300548915501457,21.308129009876353,0.255353295116187,0.9955168540074409,29.6166666,877.1469404955554,0.9797320231497504,5.153291594497779,-2686.5932928292873,4843.41940281919,3148.514882816864,0.0,180.0,35.0
2024-01-16,44.8,51.3,39.4,6.5,4.0,3.4,7.8,-114.57110730543494,29.6166666,119.0166666,172.0,38.513583724085194,10.31613849752282,21.414663480242197,0.2719581575341055,0.9955168540074409,29.6166666,877.1469404955554,0.9797320231497504,5.153291594497779,-2686.5932928292873,4843.41940281919,3148.514882816864,0.0,180.0,37.8
2024-01-17,52.1,62.8,39.9,1.3,4.4,2.2,3.9,120.49604880996479,29.6166666,119.0166666,172.0,44.85913651461441,10.332238736571458,21.524808133617135,0.288482432880609,0.9955168540074409,29.6166666,877.1469404955554,0.9797320231497504,5.153291594497779,-2686.5932928292873,4843.41940281919,3148.514882816864,0.0,180.0,46.0
2024-01-18,49.9,62.8,43.5,1.2,5.8,3.9,5.8,-54.40833715718314,29.6166666,119.0166666,172.0,43.033929147037405,10.348840676642261,21.63851581098327,0.30492122465628907,0.9955168540074409,29.6166666,877.1469404955554,0.9797320231497504,5.153291594497779,-2686.5932928292873,4843.41940281919,3148.514882816864,0.0,180.0,45.5
2024-01-19,47.0,57.4,45.0,1.1,6.2,4.4,5.8,-45.719504518641,29.6166666,119.0166666,172.0,40.59991291909824,10.365935213386784,21.75573757952425,0.3212696616923644,0.9955168540074409,29.6166666,877.1469404955554,0.9797320231497504,5.153291594497779,-2686.5932928292873,4843.41940281919,3148.514882816864,0.0,180.0,44.7
2024-01-20,43.0,48.7,40.8,5.0,12.5,3.6,5.8,204.1030501205361,29.6166666,119.0166666,172.0,37.20758864143982,10.38351310923902,21.876422742261934,0.3375228995941133,0.9955168540074409,29.6166666,877.1469404955554,0.9797320231497504,5.153291594497779,-2686.5932928292873,4843.41940281919,3148.514882816864,0.0,180.0,40.3
2024-01-21,40.5,45.7,32.9,11.0,6.3,5.1,7.8,-17.029472475254835,29.6166666,119.0166666,172.0,35.105281903233696,10.401565008365539,22.0005188494063,0.3536761221763716,0.9955168540074409,29.6166666,877.1469404955554,0.9797320231497504,5.153291594497779,-2686.5932928292873,4843.41940281919,3148.514882816864,0.0,180.0,34.1
2024-01-22,31.0,45.7,27.1,16.4,8.0,5.3,7.8,-234.40699450243366,29.6166666,119.0166666,172.0,26.9185437494407,10.4200814513964,22.127971711500223,0.3697245428906731,0.9955168540074409,29.6166666,877.1469404955554,0.9797320231497504,5.153291594497779,-2686.5932928292873,4843.41940281919,3148.514882816864,0.0,180.0,18.9
2024-01-23,29.5,37.6,23.5,16.4,17.7,4.4,7.8,-44.66995221889113,29.6166666,119.0166666,172.0,25.662671687660556,10.43905288989582,22.25872541443665,0.38566340624360707,0.9955168540074409,29.6166666,877.1469404955554,0.9797320231497504,5.153291594497779,-2686.5932928292873,4843.41940281919,3148.514882816864,0.0,180.0,14.7
2024-01-24,33.4,42.8,24.1,14.1,18.2,2.9,5.8,-113.40294800492516,29.6166666,119.0166666,172.0,29.10940733315288,10.45846970053397,22.39272233642021,0.401487989205973,0.9955168540074409,29.6166666,877.1469404955554,0.9797320231497504,5.153291594497779,-2686.5932928292873,4843.41940281919,3148.514882816864,0.0,180.0,19.6
2024-01-25,38.6,48.4,26.6,12.3,14.1,2.4,3.9,-125.63225599480279,29.6166666,119.0166666,172.0,33.70526973987225,10.478322198924015,22.52990316693979,0.4171936026123168,0.9955168540074409,29.6166666,877.1469404955554,0.9797320231497504,5.153291594497779,-2686.5932928292873,4843.41940281919,3148.514882816864,0.0,180.0,23.9
2024-01-26,39.7,48.4,32.2,11.0,8.9,2.7,3.9,-142.21826120576708,29.6166666,119.0166666,172.0,34.732870493976314,10.498600653091076,22.670206927813073,0.4327755925504312,0.9955168540074409,29.6166666,877.1469404955554,0.9797320231497504,5.153291594497779,-2686.5932928292873,4843.41940281919,3148.514882816864,0.0,180.0,30.0
2024-01-27,41.9,51.3,33.4,10.4,11.3,2.7,3.9,37.51492585142236,29.6166666,119.0166666,172.0,36.7298727437613,10.519295296542616,22.813570996357708,0.4482293417404106,0.9955168540074409,29.6166666,877.1469404955554,0.9797320231497504,5.153291594497779,-2686.5932928292873,4843.41940281919,3148.514882816864,0.0,180.0,26.7
2024-01-28,45.2,54.0,32.2,9.6,9.6,2.6,3.9,-84.25802851006117,29.6166666,119.0166666,172.0,39.702159550770226,10.54039634091245,22.959931130737463,0.4635502709028509,0.9955168540074409,29.6166666,877.1469404955554,0.9797320231497504,5.153291594497779,-2686.5932928292873,4843.41940281919,3148.514882816864,0.0,180.0,26.7
2024-01-29,44.7,54.0,33.1,5.8,2.8,2.7,3.9,-27.157403143280945,29.6166666,119.0166666,172.0,39.34305510587127,10.561893988153361,23.109221497525116,0.47873384011578846,0.9955168540074409,29.6166666,877.1469404955554,0.9797320231497504,5.153291594497779,-2686.5932928292873,4843.41940281919,3148.514882816864,0.0,180.0,36.9
2024-01-30,50.7,56.5,42.3,2.2,3.0,2.5,3.9,128.90419409912377,29.6166666,119.0166666,172.0,44.71646391853183,10.583778442256055,23.26137470151687,0.49377555015997715,0.9955168540074409,29.6166666,877.1469404955554,0.9797320231497504,5.153291594497779,-2686.5932928292873,4843.41940281919,3148.514882816864,0.0,180.0,47.2
2024-01-31,55.6,63.7,43.5,998.9,3.7,1.7,3.9,-9.172196677337423,29.6166666,119.0166666,172.0,49.1413182982003,10.606039920474883,23.41632181782623,0.5086709438521044,0.9955168540074409,29.6166666,877.1469404955554,0.9797320231497504,5.153291594497779,-2686.5932928292873,4843.41940281919,3148.514882816864,0.0,180.0,53.8
2024-02-01,47.3,63.7,39.7,2.9,6.8,6.8,7.8,168.9408597916392,29.6166666,119.0166666,172.0,41.89466898410461,10.628668664043454,23.573992426277915,0.5234156073655503,0.9955168540074409,29.6166666,877.1469404955554,0.9797320231497504,5.153291594497779,-2686.5932928292873,4843.41940281919,3148.514882816864,0.0,180.0,45.2
2024-02-02,40.0,55.6,38.8,5.3,12.6,6.1,8.0,18.8,29.6166666,119.0166666,172.0,35.50551649455285,10.651654948365856,23.73431464811522,0.5380051715382996,0.9955168540074409,29.6166666,877.1469404955554,0.9797320231497504,5.153291594497779,-2686.5932928292873,4843.41940281919,3148.514882816864,0.0,180.0,36.9
2024-02-03,40.5,42.6,38.8,4.9,11.1,4.9,7.8,15.86896739268092,29.6166666,119.0166666,172.0,36.02808818776714,10.674989092671744,23.89721518502666,0.5524353131676196,0.9955168540074409,29.6166666,877.1469404955554,0.9797320231497504,5.153291594497779,-2686.5932928292873,4843.41940281919,3148.514882816864,0.0,180.0,38.1
2024-02-04,39.7,42.6,37.9,3.1,12.0,6.6,9.7,-8.329727563910204,29.6166666,119.0166666,172.0,35.394738360358616,10.69866146912603,24.062619360490462,0.5667017562911176,0.9955168540074409,29.6166666,877.1469404955554,0.9797320231497504,5.153291594497779,-2686.5932928292873,4843.41940281919,3148.514882816864,0.0,180.0,37.6
2024-02-05,39.9,44.2,36.1,6.8,13.5,4.4,5.8,87.3644900348732,29.6166666,119.0166666,172.0,35.65285285035909,10.722662511386192,24.230451163427766,0.5808002734538009,0.9955168540074409,29.6166666,877.1469404955554,0.9797320231497504,5.153291594497779,-2686.5932928292873,4843.41940281919,3148.514882816864,0.0,180.0,33.9
2024-02-06,35.1,44.2,34.0,7.0,7.8,5.6,7.8,-138.94621300791556,29.6166666,119.0166666,172.0,31.434924463612585,10.746982722602594,24.400633294148022,0.5947266869607634,0.9955168540074409,29.6166666,877.1469404955554,0.9797320231497504,5.153291594497779,-2686.5932928292873,4843.41940281919,3148.514882816864,0.0,180.0,32.3
2024-02-07,35.9,37.4,34.0,6.3,6.0,4.1,5.8,16.3,29.6166666,119.0166666,172.0,32.2250746095539,10.771612682859242,24.573087212562513,0.6084768701151261,0.9955168540074409,29.6166666,877.1469404955554,0.9797320231497504,5.153291594497779,-2686.5932928292873,4843.41940281919,3148.514882816864,0.0,180.0,30.4
2024-02-08,39.1,45.5,34.0,5.8,3.6,2.4,5.8,-131.90197822229197,29.6166666,119.0166666,172.0,35.17873612431082,10.79654305605447,24.747733188634406,0.6220467484408675,0.9955168540074409,29.6166666,877.1469404955554,0.9797320231497504,5.153291594497779,-2686.5932928292873,4843.41940281919,3148.514882816864,0.0,180.0,31.0
2024-02-09,43.3,53.8,35.8,7.5,3.6,2.7,3.9,54.55167502447905,29.6166666,119.0166666,172.0,39.04853391803799,10.821764596223,24.924490355026467,0.6354323008901774,0.9955168540074409,29.6166666,877.1469404955554,0.9797320231497504,5.153291594497779,-2686.5932928292873,4843.41940281919,3148.514882816864,0.0,180.0,34.7
2024-02-10,47.4,60.8,37.0,8.4,4.4,2.7,3.9,9.068727209820112,29.6166666,119.0166666,172.0,42.84670920554489,10.847268153302503,25.103276761900183,0.6486295610349814,0.9955168540074409,29.6166666,877.1469404955554,0.9797320231497504,5.153291594497779,-2686.5932928292873,4843.41940281919,3148.514882816864,0.0,180.0,37.8
2024-02-11,48.6,64.0,38.8,9.2,8.3,2.7,3.9,100.83533899923188,29.6166666,119.0166666,172.0,44.035830947315766,10.87304467834957,25.28400943381284,0.6616346182422783,0.9955168540074409,29.6166666,877.1469404955554,0.9797320231497504,5.153291594497779,-2686.5932928292873,4843.41940281919,3148.514882816864,0.0,180.0,35.6
2024-02-12,50.5,65.1,38.7,5.8,9.1,2.4,3.9,162.3054164626854,29.6166666,119.0166666,172.0,45.86698366872305,10.899085228211419,25.466604428652197,0.6744436188329455,0.9955168540074409,29.6166666,877.1469404955554,0.9797320231497504,5.153291594497779,-2686.5932928292873,4843.41940281919,3148.514882816864,0.0,180.0,39.6
2024-02-13,50.8,65.1,40.1,2.9,7.1,1.9,1.9,-20.489197844370338,29.6166666,119.0166666,172.0,46.25077943823213,10.925380969661134,25.65097689854123,0.6870527672236669,0.9955168540074409,29.6166666,877.1469404955554,0.9797320231497504,5.153291594497779,-2686.5932928292873,4843.41940281919,3148.514882816864,0.0,180.0,45.7
2024-02-14,55.5,68.5,48.7,998.2,2.9,1.9,1.9,37.600758814180175,29.6166666,119.0166666,172.0,50.652644721400485,10.95192318300551,25.83704115263909,0.699458327051647,0.9955168540074409,29.6166666,877.1469404955554,0.9797320231497504,5.153291594497779,-2686.5932928292873,4843.41940281919,3148.514882816864,0.0,180.0,53.5
2024-02-15,47.5,68.5,37.8,5.1,8.7,5.2,7.8,20.43719384970947,29.6166666,119.0166666,172.0,43.45736709132045,10.978703265175692,26.024710721757476,0.7116566222817746,0.9955168540074409,29.6166666,877.1469404955554,0.9797320231497504,5.153291594497779,-2686.5932928292873,4843.41940281919,3148.514882816864,0.0,180.0,45.2
2024-02-16,47.4,56.7,37.8,1.4,17.3,2.8,7.8,242.92259438007142,29.6166666,119.0166666,172.0,43.472565292632034,11.005712732311908,26.213898424705807,0.7236440382959124,0.9955168540074409,29.6166666,877.1469404955554,0.9797320231497504,5.153291594497779,-2686.5932928292873,4843.41940281919,3148.514882816864,0.0,180.0,39.3
2024-02-17,52.1,58.5,39.2,995.0,11.0,1.5,1.9,112.40888376864872,29.6166666,119.0166666,172.0,47.901361821551106,11.032943221854381,26.404516436272043,0.7354170229639855,0.9955168540074409,29.6166666,877.1469404955554,0.9797320231497504,5.153291594497779,-2686.5932928292873,4843.41940281919,3148.514882816864,0.0,180.0,46.6
2024-02-18,59.5,69.8,47.3,991.6,10.6,1.9,1.9,156.2871111730916,29.6166666,119.0166666,172.0,54.841083033511104,11.0603864941535,26.59647635674062,0.7469720876965552,0.9955168540074409,29.6166666,877.1469404955554,0.9797320231497504,5.153291594497779,-2686.5932928292873,4843.41940281919,3148.514882816864,0.0,180.0,53.8
2024-02-19,63.5,77.0,50.2,994.1,9.8,4.4,9.7,-50.8328912785759,29.6166666,119.0166666,172.0,58.67418221120127,11.088034433612838,26.789689282843238,0.7583058084785624,0.9955168540074409,29.6166666,877.1469404955554,0.9797320231497504,5.153291594497779,-2686.5932928292873,4843.41940281919,3148.514882816864,0.0,180.0,56.0
2024-02-20,50.5,77.0,48.9,996.1,15.6,6.9,9.7,107.52907111877434,29.6166666,119.0166666,172.0,46.77932433280472,11.11587904937934,26.98406588003287,0.7694148268839378,0.9955168540074409,29.6166666,877.1469404955554,0.9797320231497504,5.153291594497779,-2686.5932928292873,4843.41940281919,3148.514882816864,0.0,180.0,46.1
2024-02-21,42.9,54.9,36.0,0.0,6.7,5.8,7.8,-49.45795978396768,29.6166666,119.0166666,172.0,39.83948710025352,11.14391247559539,27.179516455966827,0.7802958510707755,0.9955168540074409,29.6166666,877.1469404955554,0.9797320231497504,5.153291594497779,-2686.5932928292873,4843.41940281919,3148.514882816864,0.0,180.0,40.7
2024-02-22,35.6,50.7,34.2,8.2,12.8,4.7,7.8,13.6,29.6166666,119.0166666,172.0,33.143976681309695,11.172126971227987,27.375951035079623,0.7909456567567772,0.9955168540074409,29.6166666,877.1469404955554,0.9797320231497504,5.153291594497779,-2686.5932928292873,4843.41940281919,3148.514882816864,0.0,180.0,33.1
2024-02-23,34.7,37.4,33.4,9.7,14.1,4.1,7.8,-71.42211470540386,29.6166666,119.0166666,172.0,32.38815564219317,11.200514919490432,27.573279434122437,0.8013610881746766,0.9955168540074409,29.6166666,877.1469404955554,0.9797320231497504,5.153291594497779,-2686.5932928292873,4843.41940281919,3148.514882816864,0.0,180.0,31.1
2024-02-24,36.4,38.5,33.4,8.1,17.0,5.1,7.8,188.80935994116965,29.6166666,119.0166666,172.0,34.06150877484603,11.22906882687232,27.771411338541775,0.8115390590073611,0.9955168540074409,29.6166666,877.1469404955554,0.9797320231497504,5.153291594497779,-2686.5932928292873,4843.41940281919,3148.514882816864,0.0,180.0,32.1
2024-02-25,37.4,44.8,34.2,8.8,9.1,5.3,7.8,-206.4392841559623,29.6166666,119.0166666,172.0,35.08675178625688,11.257781321793653,27.970256379566486,0.8214765533024142,0.9955168540074409,29.6166666,877.1469404955554,0.9797320231497504,5.153291594497779,-2686.5932928292873,4843.41940281919,3148.514882816864,0.0,180.0,28.6
2024-02-26,36.0,44.8,33.6,9.0,3.2,3.2,5.8,211.74232828084482,29.6166666,119.0166666,172.0,33.85993545869722,11.286645152899073,28.16972421186889,0.8311706263658079,0.9955168540074409,29.6166666,877.1469404955554,0.9797320231497504,5.153291594497779,-2686.5932928292873,4843.41940281919,3148.514882816864,0.0,180.0,31.9
2024-02-27,41.7,44.8,33.8,6.3,4.1,2.9,3.9,-102.30705217351516,29.6166666,119.0166666,172.0,39.321894824853544,11.315653187008213,28.369724591663115,0.8406184056344782,0.9955168540074409,29.6166666,877.1469404955554,0.9797320231497504,5.153291594497779,-2686.5932928292873,4843.41940281919,3148.514882816864,0.0,180.0,33.7
2024-02-28,40.9,44.8,38.1,2.3,1.8,2.2,3.9,109.92892861202517,29.6166666,119.0166666,172.0,38.66685456963242,11.34479840673812,28.570167455100897,0.8498170915275278,0.9955168540074409,29.6166666,877.1469404955554,0.9797320231497504,5.153291594497779,-2686.5932928292873,4843.41940281919,3148.514882816864,0.0,180.0,39.6
2024-02-29,41.5,43.9,39.0,5.3,14.4,6.1,9.7,-45.32447828411691,29.6166666,119.0166666,172.0,39.33533893118894,11.37407390781367,28.770962996823265,0.8587639582758029,0.9955168540074409,29.6166666,877.1469404955554,0.9797320231497504,5.153291594497779,-2686.5932928292873,4843.41940281919,3148.514882816864,0.0,180.0,36.3
2024-03-01,38.1,43.9,34.0,9.0,9.3,4.7,9.7,13.6,29.6166666,119.0166666,172.0,36.20602644505949,11.40347289608173,28.97202174852466,0.8674563547295969,0.9955168540074409,29.6166666,877.1469404955554,0.9797320231497504,5.153291594497779,-2686.5932928292873,4843.41940281919,3148.514882816864,0.0,180.0,32.1
2024-03-02,42.4,53.1,32.4,3.5,7.0,3.2,5.8,-27.107593012129968,29.6166666,119.0166666,172.0,40.39656001766461,11.432988684244702,29.17325465738484,0.8758917051442429,0.9955168540074409,29.6166666,877.1469404955554,0.9797320231497504,5.153291594497779,-2686.5932928292873,4843.41940281919,3148.514882816864,0.0,180.0,33.7
2024-03-03,51.5,61.7,34.5,997.4,13.4,3.4,5.8,-70.54440716438489,29.6166666,119.0166666,172.0,49.19372137074466,11.462614688328852,29.37457316422261,0.8840675099433636,0.9955168540074409,29.6166666,877.1469404955554,0.9797320231497504,5.153291594497779,-2686.5932928292873,4843.41940281919,3148.514882816864,0.0,180.0,40.1
2024-03-04,51.3,61.7,39.7,990.5,4.5,2.2,3.9,35.6842005824035,29.6166666,119.0166666,172.0,49.12977241218382,11.492344423902649,29.575889281225326,0.8919813464595485,0.9955168540074409,29.6166666,877.1469404955554,0.9797320231497504,5.153291594497779,-2686.5932928292873,4843.41940281919,3148.514882816864,0.0,180.0,49.1
2024-03-05,50.0,54.5,46.2,991.7,2.8,3.2,3.9,-30.145664861064894,29.6166666,119.0166666,172.0,48.00904792525028,11.522171502060067,29.777115669107808,0.8996308696522433,0.9955168540074409,29.6166666,877.1469404955554,0.9797320231497504,5.153291594497779,-2686.5932928292873,4843.41940281919,3148.514882816864,0.0,180.0,49.3
2024-03-06,46.6,54.5,40.5,0.8,10.4,2.7,3.9,55.85523705862754,29.6166666,119.0166666,172.0,44.86061471112944,11.552089625183546,29.97816571355429,0.9070138128026359,0.9955168540074409,29.6166666,877.1469404955554,0.9797320231497504,5.153291594497779,-2686.5932928292873,4843.41940281919,3148.514882816864,0.0,180.0,42.2
2024-03-07,49.4,57.4,39.7,2.2,4.9,2.8,5.8,-219.58960214772534,29.6166666,119.0166666,172.0,47.67961446462933,11.582092582501051,30.178953600798266,0.9141279881853337,0.9955168540074409,29.6166666,877.1469404955554,0.9797320231497504,5.153291594497779,-2686.5932928292873,4843.41940281919,3148.514882816864,0.0,180.0,40.0
2024-03-08,49.7,61.5,41.4,4.3,7.5,3.6,5.8,-149.39125368932568,29.6166666,119.0166666,172.0,48.093754999911134,11.61217424545138,30.379394392195525,0.9209712877166346,0.9955168540074409,29.6166666,877.1469404955554,0.9797320231497504,5.153291594497779,-2686.5932928292873,4843.41940281919,3148.514882816864,0.0,180.0,34.0
2024-03-09,52.0,61.5,40.5,4.6,6.8,3.6,5.8,-124.9279955406441,29.6166666,119.0166666,172.0,50.45009043911015,11.642328562871572,30.57940409764763,0.9275416835791966,0.9955168540074409,29.6166666,877.1469404955554,0.9797320231497504,5.153291594497779,-2686.5932928292873,4843.41940281919,3148.514882816864,0.0,180.0,31.4
2024-03-10,56.3,66.6,43.2,3.0,7.8,3.6,5.8,-7.999221308940978,29.6166666,119.0166666,172.0,54.763711666993835,11.672549556020002,30.778899747734673,0.9338372288229252,0.9955168540074409,29.6166666,877.1469404955554,0.9797320231497504,5.153291594497779,-2686.5932928292873,4843.41940281919,3148.514882816864,0.0,180.0,36.4
2024-03-11,56.6,66.6,47.3,999.4,9.0,2.9,3.9,109.91897095904893,29.6166666,119.0166666,172.0,55.19835436176531,11.702831313448476,30.977799464418574,0.9398560579418954,0.9955168540074409,29.6166666,877.1469404955554,0.9797320231497504,5.153291594497779,-2686.5932928292873,4843.41940281919,3148.514882816864,0.0,180.0,47.5
2024-03-15,59.8,65.3,50.4,0.1,7.9,4.9,9.7,150.43471799081505,29.6166666,119.0166666,172.0,58.92517490628675,11.824449813970585,31.765843457820456,0.9611297838723007,0.9955168540074409,29.6166666,877.1469404955554,0.9797320231497504,5.153291594497779,-2686.5932928292873,4843.41940281919,3148.514882816864,0.0,180.0,49.8
2024-03-16,60.5,65.3,53.8,998.0,9.5,1.9,1.9,-65.59484371489613,29.6166666,119.0166666,172.0,59.768699701212995,11.85494870106704,31.9605782761631,0.9657399376548549,0.9955168540074409,29.6166666,877.1469404955554,0.9797320231497504,5.153291594497779,-2686.5932928292873,4843.41940281919,3148.514882816864,0.0,180.0,54.3
2024-03-17,53.9,64.2,45.1,1.3,4.4,5.6,7.8,38.018810368263125,29.6166666,119.0166666,172.0,53.38558735616838,11.885473993952143,32.15425255750737,0.9700639218515071,0.9955168540074409,29.6166666,877.1469404955554,0.9797320231497504,5.153291594497779,-2686.5932928292873,4843.41940281919,3148.514882816864,0.0,180.0,47.6
2024-03-18,45.9,60.8,43.5,2.4,8.5,3.9,7.8,18.1,29.6166666,119.0166666,172.0,45.57877687728001,11.916020098635297,32.346793895331814,0.9741004551724205,0.9955168540074409,29.6166666,877.1469404955554,0.9797320231497504,5.153291594497779,-2686.5932928292873,4843.41940281919,3148.514882816864,0.0,180.0,40.3
2024-03-19,52.4,66.9,43.5,6.1,14.1,3.1,3.9,92.95931677226886,29.6166666,119.0166666,172.0,52.16673896981929,11.946581443470068,32.538131473039,0.9778483415056568,0.9955168540074409,29.6166666,877.1469404955554,0.9797320231497504,5.153291594497779,-2686.5932928292873,4843.41940281919,3148.514882816864,0.0,180.0,42.6
2024-03-20,55.7,70.5,43.5,4.4,16.6,2.8,3.9,-47.22922303184359,29.6166666,119.0166666,172.0,55.59394939655088,11.977152473224606,32.72819611610023,0.9813064702716093,0.9955168540074409,29.6166666,877.1469404955554,0.9797320231497504,5.153291594497779,-2686.5932928292873,4843.41940281919,3148.514882816864,0.0,180.0,39.3
2024-03-21,60.5,73.0,44.2,994.2,17.2,3.0,5.8,-9.876646829483734,29.6166666,119.0166666,172.0,60.53896020073676,12.00772764312134,32.91692034158607,0.9844738167520922,0.9955168540074409,29.6166666,877.1469404955554,0.9797320231497504,5.153291594497779,-2686.5932928292873,4843.41940281919,3148.514882816864,0.0,180.0,42.8
2024-03-22,67.2,78.1,47.8,989.6,14.0,2.7,5.8,20.602106618784244,29.6166666,119.0166666,172.0,67.41448791200034,12.038301412857201,33.10423840499208,0.9873494423939864,0.9955168540074409,29.6166666,877.1469404955554,0.9797320231497504,5.153291594497779,-2686.5932928292873,4843.41940281919,3148.514882816864,0.0,180.0,52.5
2024-03-23,65.1,78.1,57.7,990.9,5.8,2.7,3.9,-105.66629376134912,29.6166666,119.0166666,172.0,65.47361020533917,12.068868240615517,33.29008634427477,0.989932495087353,0.9955168540074409,29.6166666,877.1469404955554,0.9797320231497504,5.153291594497779,-2686.5932928292873,4843.41940281919,3148.514882816864,0.0,180.0,60.2
2024-03-24,72.9,83.7,61.7,991.8,9.3,2.3,3.9,-197.7313715660929,29.6166666,119.0166666,172.0,73.50399215576535,12.099422577080716,33.47440202101971,0.9922222094179323,0.9955168540074409,29.6166666,877.1469404955554,0.9797320231497504,5.153291594497779,-2686.5932928292873,4843.41940281919,3148.514882816864,0.0,180.0,65.6
2024-03-25,63.2,86.9,51.6,994.9,14.6,6.3,11.7,-84.2419763934694,29.6166666,119.0166666,172.0,63.884449993192895,12.129958859467004,33.65712515866978,0.994217906893952,0.9955168540074409,29.6166666,877.1469404955554,0.9797320231497504,5.153291594497779,-2686.5932928292873,4843.41940281919,3148.514882816864,0.0,180.0,55.3
2024-03-26,59.7,86.9,51.3,3.3,16.2,4.5,5.8,54.74569635190198,29.6166666,119.0166666,172.0,60.49834574022158,12.160471505572177,33.83819737774878,0.995918996147179,0.9955168540074409,29.6166666,877.1469404955554,0.9797320231497504,5.153291594497779,-2686.5932928292873,4843.41940281919,3148.514882816864,0.0,180.0,45.5
2024-03-27,63.5,68.2,51.4,994.7,10.9,2.7,3.9,-145.85656316158216,29.6166666,119.0166666,172.0,64.51046972080067,12.190954907867843,34.017562228022356,0.9973249731081555,0.9955168540074409,29.6166666,877.1469404955554,0.9797320231497504,5.153291594497779,-2686.5932928292873,4843.41940281919,3148.514882816864,0.0,180.0,52.1
2024-04-03,65.3,71.8,58.1,991.2,13.8,4.4,7.8,17.7,29.6166666,119.0166666,172.0,67.49321406382873,12.403040869310027,35.220985124791945,0.9988797155850336,0.9955168540074409,29.6166666,877.1469404955554,0.9797320231497504,5.153291594497779,-2686.5932928292873,4843.41940281919,3148.514882816864,0.0,180.0,60.8
2024-04-04,53.2,71.8,49.3,997.6,6.5,6.2,7.8,25.3,29.6166666,119.0166666,172.0,55.12000355763411,12.433083509240774,35.38489843771437,0.9979171608653922,0.9955168540074409,29.6166666,877.1469404955554,0.9797320231497504,5.153291594497779,-2686.5932928292873,4843.41940281919,3148.514882816864,0.0,180.0,48.6
2024-04-05,56.1,61.0,49.3,997.7,5.4,4.3,7.8,13.4,29.6166666,119.0166666,172.0,58.264732362699675,12.463044355657685,35.546686883090686,0.9966589017541702,0.9955168540074409,29.6166666,877.1469404955554,0.9797320231497504,5.153291594497779,-2686.5932928292873,4843.41940281919,3148.514882816864,0.0,180.0,49.8
2024-04-06,55.8,61.0,51.6,997.0,9.8,3.9,3.9,-82.52255513397239,29.6166666,119.0166666,172.0,58.092065161509744,12.492917239034353,35.70631437117516,0.9951053111006976,0.9955168540074409,29.6166666,877.1469404955554,0.9797320231497504,5.153291594497779,-2686.5932928292873,4843.41940281919,3148.514882816864,0.0,180.0,51.7
2024-04-07,56.7,58.8,51.8,994.6,6.5,3.4,4.9,11.7,29.6166666,119.0166666,172.0,59.16973815238991,12.522695905267705,35.86374688379029,0.9932568492674143,0.9955168540074409,29.6166666,877.1469404955554,0.9797320231497504,5.153291594497779,-2686.5932928292873,4843.41940281919,3148.514882816864,0.0,180.0,55.1
2024-04-08,57.3,60.1,52.2,998.3,15.9,2.7,3.9,-33.57878226643395,29.6166666,119.0166666,172.0,59.93758590318621,12.552374011138474,36.01895246787578,0.9911140639934547,0.9955168540074409,29.6166666,877.1469404955554,0.9797320231497504,5.153291594497779,-2686.5932928292873,4843.41940281919,3148.514882816864,0.0,180.0,54.7
2024-04-09,64.4,73.4,51.4,1.6,15.0,3.9,5.8,-139.624370672812,29.6166666,119.0166666,172.0,67.52310547717535,12.581945119970563,36.17190122589068,0.9886775902323405,0.9955168540074409,29.6166666,877.1469404955554,0.9797320231497504,5.153291594497779,-2686.5932928292873,4843.41940281919,3148.514882816864,0.0,180.0,48.2
2024-04-10,69.0,78.6,58.5,998.0,14.1,3.4,5.8,-79.13138164329887,29.6166666,119.0166666,172.0,72.51556551064544,12.611402697503555,36.32256530311353,0.9859481499638304,0.9955168540074409,29.6166666,877.1469404955554,0.9797320231497504,5.153291594497779,-2686.5932928292873,4843.41940281919,3148.514882816864,0.0,180.0,46.6
2024-04-11,64.2,78.6,61.5,996.0,5.8,1.7,2.5,159.03958254827802,29.6166666,119.0166666,172.0,67.62795957776243,12.640740107992976,36.47091887189238,0.9829265519799822,0.9955168540074409,29.6166666,877.1469404955554,0.9797320231497504,5.153291594497779,-2686.5932928292873,4843.41940281919,3148.514882816864,0.0,180.0,58.6
2024-04-12,66.4,73.2,61.5,993.5,7.5,2.6,3.9,-211.39659453746103,29.6166666,119.0166666,172.0,70.10706004506049,12.669950610553101,36.616938112902965,0.9796136916454901,0.9955168540074409,29.6166666,877.1469404955554,0.9797320231497504,5.153291594497779,-2686.5932928292873,4843.41940281919,3148.514882816864,0.0,180.0,63.1
2024-04-13,70.4,78.1,62.6,991.8,6.1,3.6,5.8,57.845388869551904,29.6166666,119.0166666,172.0,74.5009604871103,12.699027355757437,36.76060119348015,0.9760105506323683,0.9955168540074409,29.6166666,877.1469404955554,0.9797320231497504,5.153291594497779,-2686.5932928292873,4843.41940281919,3148.514882816864,0.0,180.0,63.9
2024-04-14,68.0,78.1,65.7,990.9,7.2,2.8,5.8,-15.557103369160089,29.6166666,119.0166666,172.0,72.12512583423563,12.727963382512172,36.90188824309372,0.9721181966290613,0.9955168540074409,29.6166666,877.1469404955554,0.9797320231497504,5.153291594497779,-2686.5932928292873,4843.41940281919,3148.514882816864,0.0,180.0,66.5
2024-04-15,75.2,88.9,66.0,991.9,6.2,2.2,3.9,62.222939772708706,29.6166666,119.0166666,172.0,79.94231012203358,12.756751615218121,37.04078132604573,0.9679377830240642,0.9955168540074409,29.6166666,877.1469404955554,0.9797320231497504,5.153291594497779,-2686.5932928292873,4843.41940281919,3148.514882816864,0.0,180.0,69.3
2024-04-16,69.9,88.9,66.9,991.2,4.2,3.4,5.8,19.4,29.6166666,119.0166666,172.0,74.47486681670485,12.785384861236883,37.177264411472436,0.9634705485641488,0.9955168540074409,29.6166666,877.1469404955554,0.9797320231497504,5.153291594497779,-2686.5932928292873,4843.41940281919,3148.514882816864,0.0,180.0,68.0
2024-04-17,65.5,73.2,61.3,990.6,8.8,3.5,5.8,39.88894643786023,29.6166666,119.0166666,172.0,69.94229628902872,12.813855808677019,37.31132334073924,0.9587178169872964,0.9955168540074409,29.6166666,877.1469404955554,0.9797320231497504,5.153291594497779,-2686.5932928292873,4843.41940281919,3148.514882816864,0.0,180.0,63.6
2024-04-18,66.4,73.2,61.3,992.0,14.4,2.9,3.9,-69.48888727933249,29.6166666,119.0166666,172.0,71.05993553565654,12.84215702451624,37.44294579232245,0.9536809966304457,0.9955168540074409,29.6166666,877.1469404955554,0.9797320231497504,5.153291594497779,-2686.5932928292873,4843.41940281919,3148.514882816864,0.0,180.0,58.7
2024-04-19,64.6,73.2,61.3,986.3,5.6,2.2,3.9,124.1834856548634,29.6166666,119.0166666,172.0,69.28501246405668,12.870280953075547,37.57212124427621,0.9483615800121715,0.9955168540074409,29.6166666,877.1469404955554,0.9797320231497504,5.153291594497779,-2686.5932928292873,4843.41940281919,3148.514882816864,0.0,180.0,61.7
2024-04-20,68.2,79.7,60.6,988.2,8.8,3.6,5.8,13.953243462107274,29.6166666,119.0166666,172.0,73.30488318279536,12.898219914861352,37.69884093438801,0.9427611433904207,0.9955168540074409,29.6166666,877.1469404955554,0.9797320231497504,5.153291594497779,-2686.5932928292873,4843.41940281919,3148.514882816864,0.0,180.0,64.2
2024-04-21,63.8,79.7,60.6,990.9,10.9,2.7,3.9,115.56984385778657,29.6166666,119.0166666,172.0,68.72305312912476,12.925966105791494,37.82309781813002,0.9368813462954315,0.9955168540074409,29.6166666,877.1469404955554,0.9797320231497504,5.153291594497779,-2686.5932928292873,4843.41940281919,3148.514882816864,0.0,180.0,60.0
2024-04-22,65.2,71.4,61.2,990.0,13.3,3.6,5.8,-10.393393872273968,29.6166666,119.0166666,172.0,70.38074634272711,12.953511596820938,37.944886524517685,0.9307239310379795,0.9955168540074409,29.6166666,877.1469404955554,0.9797320231497504,5.153291594497779,-2686.5932928292873,4843.41940281919,3148.514882816864,0.0,180.0,61.0
2024-04-23,67.7,78.8,62.2,990.8,12.2,2.5,3.9,247.9826061143383,29.6166666,119.0166666,172.0,73.23361935088637,12.980848333982813,38.06420330999034,0.9242907221930933,0.9955168540074409,29.6166666,877.1469404955554,0.9797320231497504,5.153291594497779,-2686.5932928292873,4843.41940281919,3148.514882816864,0.0,180.0,62.7
2024-04-24,71.1,80.4,62.2,991.6,12.5,2.9,3.9,93.19906464330003,29.6166666,119.0166666,172.0,77.07221122274584,13.007968138860058,38.18104601043199,0.9175836260593937,0.9955168540074409,29.6166666,877.1469404955554,0.9797320231497504,5.153291594497779,-2686.5932928292873,4843.41940281919,3148.514882816864,0.0,180.0,54.4
2024-04-25,64.6,80.4,61.5,987.9,6.3,3.6,5.8,215.45611011039097,29.6166666,119.0166666,172.0,70.17101091948949,13.034862709502693,38.295413991453195,0.9106046300942162,0.9955168540074409,29.6166666,877.1469404955554,0.9797320231497504,5.153291594497779,-2686.5932928292873,4843.41940281919,3148.514882816864,0.0,180.0,59.6
2024-04-26,70.3,79.0,61.5,986.6,7.9,2.4,3.9,16.472993891448105,29.6166666,119.0166666,172.0,76.51875921774227,13.061523621805224,38.40730809705714,0.9033558023246845,0.9955168540074409,29.6166666,877.1469404955554,0.9797320231497504,5.153291594497779,-2686.5932928292873,4843.41940281919,3148.514882816864,0.0,180.0,66.0
2024-04-27,73.5,84.9,63.1,987.9,6.9,4.9,7.8,11.38134064235583,29.6166666,119.0166666,172.0,80.16364677956862,13.087942331358144,38.51673059681556,0.895839290734909,0.9955168540074409,29.6166666,877.1469404955554,0.9797320231497504,5.153291594497779,-2686.5932928292873,4843.41940281919,3148.514882816864,0.0,180.0,65.9
2024-04-28,71.0,84.9,66.9,987.8,3.8,2.4,3.9,89.47331402449092,29.6166666,119.0166666,172.0,77.59181854007257,13.114110175786912,38.62368513168135,0.8880573226294932,0.9955168540074409,29.6166666,877.1469404955554,0.9797320231497504,5.153291594497779,-2686.5932928292873,4843.41940281919,3148.514882816864,0.0,180.0,67.6
2024-04-29,75.2,86.4,64.8,987.9,13.8,4.6,5.8,143.5810298309645,29.6166666,119.0166666,172.0,82.34411516623639,13.140018377590913,38.728176658566206,0.8800122039735357,0.9955168540074409,29.6166666,877.1469404955554,0.9797320231497504,5.153291594497779,-2686.5932928292873,4843.41940281919,3148.514882816864,0.0,180.0,66.2
2024-04-30,60.1,86.4,55.8,988.8,8.3,5.8,9.7,220.84424816920387,29.6166666,119.0166666,172.0,65.9380040545335,13.165658047494208,38.83021139381254,0.8717063187093218,0.9955168540074409,29.6166666,877.1469404955554,0.9797320231497504,5.153291594497779,-2686.5932928292873,4843.41940281919,3148.514882816864,0.0,180.0,58.3
2024-05-02,64.4,70.9,57.6,997.0,17.7,3.4,5.8,-34.22324579674635,29.6166666,119.0166666,172.0,70.92638025339177,13.216095699389768,39.026941306041294,0.854322169749827,0.9955168540074409,29.6166666,877.1469404955554,0.9797320231497504,5.153291594497779,-2686.5932928292873,4843.41940281919,3148.514882816864,0.0,180.0,46.2
2024-05-03,66.5,74.1,60.1,994.4,11.0,4.1,7.8,108.59150805697207,29.6166666,119.0166666,172.0,73.37651773904415,13.24087538148165,39.121654691222,0.8452490573530633,0.9955168540074409,29.6166666,877.1469404955554,0.9797320231497504,5.153291594497779,-2686.5932928292873,4843.41940281919,3148.514882816864,0.0,180.0,56.6
2024-05-04,65.3,74.1,60.6,989.5,6.7,2.0,2.1,12.2,29.6166666,119.0166666,172.0,72.18561260274545,13.265349942311568,39.21394758243784,0.8359254794186372,0.9955168540074409,29.6166666,877.1469404955554,0.9797320231497504,5.153291594497779,-2686.5932928292873,4843.41940281919,3148.514882816864,0.0,180.0,64.2
2024-05-05,69.3,77.2,62.6,991.0,16.2,4.2,7.8,-68.99763061956241,29.6166666,119.0166666,172.0,76.74692026493592,13.289510002586306,39.303831615632475,0.8263541987239096,0.9955168540074409,29.6166666,877.1469404955554,0.9797320231497504,5.153291594497779,-2686.5932928292873,4843.41940281919,3148.514882816864,0.0,180.0,64.6
2024-05-06,70.7,79.9,63.7,994.8,14.9,3.4,5.8,11.7,29.6166666,119.0166666,172.0,78.43779745452277,13.31334610260641,39.39131933103677,0.8165380514459161,0.9955168540074409,29.6166666,877.1469404955554,0.9797320231497504,5.153291594497779,-2686.5932928292873,4843.41940281919,3148.514882816864,0.0,180.0,61.8
2024-05-07,72.1,82.2,63.5,996.7,11.5,3.3,3.9,25.74980510595497,29.6166666,119.0166666,172.0,80.13223266249143,13.33684870942992,39.476424112509484,0.8064799463209448,0.9955168540074409,29.6166666,877.1469404955554,0.9797320231497504,5.153291594497779,-2686.5932928292873,4843.41940281919,3148.514882816864,0.0,180.0,63.8
2024-05-08,70.5,82.2,61.0,999.0,11.5,4.4,5.8,-82.98106824146052,29.6166666,119.0166666,172.0,78.49004831950246,13.360008224596164,39.55916012679056,0.7961828637826158,0.9955168540074409,29.6166666,877.1469404955554,0.9797320231497504,5.153291594497779,-2686.5932928292873,4843.41940281919,3148.514882816864,0.0,180.0,53.3
2024-05-09,70.5,82.2,60.6,997.4,14.4,3.9,5.8,-26.406523714045505,29.6166666,119.0166666,172.0,78.62403808039734,13.382814992408058,39.63954226278737,0.7856498550787147,0.9955168540074409,29.6166666,877.1469404955554,0.9797320231497504,5.153291594497779,-2686.5932928292873,4843.41940281919,3148.514882816864,0.0,180.0,53.4
2024-05-10,74.0,81.1,62.2,994.0,8.9,2.9,5.8,175.2243437887042,29.6166666,119.0166666,172.0,82.66576573741114,13.405259308769374,39.71758607101079,0.7748840413670407,0.9955168540074409,29.6166666,877.1469404955554,0.9797320231497504,5.153291594497779,-2686.5932928292873,4843.41940281919,3148.514882816864,0.0,180.0,63.7
2024-05-11,72.1,81.1,67.3,991.8,3.5,2.2,3.9,-100.99707947456088,29.6166666,119.0166666,172.0,80.67588301201478,13.427331430571115,39.79330770327516,0.7638886127905428,0.9955168540074409,29.6166666,877.1469404955554,0.9797320231497504,5.153291594497779,-2686.5932928292873,4843.41940281919,3148.514882816864,0.0,180.0,69.8
2024-05-12,63.7,76.3,57.7,995.7,9.7,3.9,5.8,53.369353654713834,29.6166666,119.0166666,172.0,71.3918895836605,13.449021585618931,39.86672385277277,0.7526668275320085,0.9955168540074409,29.6166666,877.1469404955554,0.9797320231497504,5.153291594497779,-2686.5932928292873,4843.41940281919,3148.514882816864,0.0,180.0,57.0
2024-05-13,67.4,80.4,57.0,996.5,17.6,2.9,3.9,39.27036159249627,29.6166666,119.0166666,172.0,75.65829723836126,13.470319983091024,39.93785169462992,0.7412220108485958,0.9955168540074409,29.6166666,877.1469404955554,0.9797320231497504,5.153291594497779,-2686.5932928292873,4843.41940281919,3148.514882816864,0.0,180.0,52.2
2024-05-14,70.7,84.9,56.5,995.3,18.6,2.7,3.9,-113.34650939786516,29.6166666,119.0166666,172.0,79.48575245775908,13.491216824513563,40.00670882704752,0.7295575540864875,0.9955168540074409,29.6166666,877.1469404955554,0.9797320231497504,5.153291594497779,-2686.5932928292873,4843.41940281919,3148.514882816864,0.0,180.0,53.3
2024-05-15,71.3,87.1,59.5,999.0,16.2,4.4,9.7,-27.06148045147699,29.6166666,119.0166666,172.0,80.28203125637246,13.511702315238002,40.07331321312518,0.717676913675962,0.9955168540074409,29.6166666,877.1469404955554,0.9797320231497504,5.153291594497779,-2686.5932928292873,4843.41940281919,3148.514882816864,0.0,180.0,55.9
2024-05-16,70.0,87.1,58.8,995.3,18.1,3.4,5.8,34.40049803493818,29.6166666,119.0166666,172.0,78.9353056123454,13.53176667640207,40.1376831234634,0.705583610107178,0.9955168540074409,29.6166666,877.1469404955554,0.9797320231497504,5.153291594497779,-2686.5932928292873,4843.41940281919,3148.514882816864,0.0,180.0,50.6
2024-05-17,75.3,90.0,60.8,991.2,15.6,2.7,5.8,-80.32689985592775,29.6166666,119.0166666,172.0,85.0350359873933,13.551400157353514,40.19983707963393,0.6932812268869777,0.9955168540074409,29.6166666,877.1469404955554,0.9797320231497504,5.153291594497779,-2686.5932928292873,4843.41940281919,3148.514882816864,0.0,180.0,62.4
2024-05-18,78.8,91.0,66.2,990.3,15.0,3.9,5.8,107.34099719606883,29.6166666,119.0166666,172.0,89.1135610185683,13.570593048512942,40.25979379860361,0.6807734094770161,0.9955168540074409,29.6166666,877.1469404955554,0.9797320231497504,5.153291594497779,-2686.5932928292873,4843.41940281919,3148.514882816864,0.0,180.0,63.4
2024-05-19,79.7,91.0,69.6,990.0,12.7,2.9,3.9,220.70769350960802,29.6166666,119.0166666,172.0,90.25583790529589,13.589335694649318,40.317572138192425,0.6680638642135335,0.9955168540074409,29.6166666,877.1469404955554,0.9797320231497504,5.153291594497779,-2686.5932928292873,4843.41940281919,3148.514882816864,0.0,180.0,64.7
2024-05-20,76.8,88.5,72.9,992.8,12.6,3.5,5.8,-68.70186023914147,29.6166666,119.0166666,172.0,87.08875845464937,13.607618508538964,40.37319104364105,0.6551563572090853,0.9955168540074409,29.6166666,877.1469404955554,0.9797320231497504,5.153291594497779,-2686.5932928292873,4843.41940281919,3148.514882816864,0.0,180.0,67.2
2024-05-21,73.1,82.9,69.6,994.0,10.6,2.8,3.9,10.1,29.6166666,119.0166666,172.0,83.00158984181309,13.625431984976156,40.42666949535914,0.6420547132365637,0.9955168540074409,29.6166666,877.1469404955554,0.9797320231497504,5.153291594497779,-2686.5932928292873,4843.41940281919,3148.514882816864,0.0,180.0,68.4
2024-05-22,74.0,80.8,69.3,992.0,12.2,2.9,5.8,-81.06249711323187,29.6166666,119.0166666,172.0,84.13039474312058,13.642766715100633,40.47802645791945,0.6287628145958344,0.9955168540074409,29.6166666,877.1469404955554,0.9797320231497504,5.153291594497779,-2686.5932928292873,4843.41940281919,3148.514882816864,0.0,180.0,65.1
2024-05-23,79.3,88.3,69.1,989.6,13.2,2.7,3.9,0.4907845632984742,29.6166666,119.0166666,172.0,90.26727855830677,13.659613401004808,40.5272808303585,0.6152845999633276,0.9955168540074409,29.6166666,877.1469404955554,0.9797320231497504,5.153291594497779,-2686.5932928292873,4843.41940281919,3148.514882816864,0.0,180.0,69.1
2024-05-24,79.5,93.2,72.3,990.6,12.1,3.6,9.7,93.99279614105231,29.6166666,119.0166666,172.0,90.6032540175977,13.675962870580786,40.57445139783963,0.6016240632249226,0.9955168540074409,29.6166666,877.1469404955554,0.9797320231497504,5.153291594497779,-2686.5932928292873,4843.41940281919,3148.514882816864,0.0,180.0,72.1
2024-05-25,80.5,93.2,73.9,989.0,11.4,2.7,3.9,-48.41422048023909,29.6166666,119.0166666,172.0,91.8491992042892,13.691806092564851,40.619556784728346,0.5877852522924732,0.9955168540074409,29.6166666,877.1469404955554,0.9797320231497504,5.153291594497779,-2686.5932928292873,4843.41940281919,3148.514882816864,0.0,180.0,73.3
2024-05-26,84.0,93.7,74.1,985.0,18.4,2.9,3.9,-209.55932695097556,29.6166666,119.0166666,172.0,95.94993934214357,13.707134191734795,40.6626154091261,0.5737722679043246,0.9955168540074409,29.6166666,877.1469404955554,0.9797320231497504,5.153291594497779,-2686.5932928292873,4843.41940281919,3148.514882816864,0.0,180.0,74.4
2024-05-27,69.6,93.7,63.7,985.1,15.3,5.1,9.5,23.9,29.6166666,119.0166666,172.0,79.58724309243647,13.721938464213185,40.70364543890281,0.5595892624101765,0.9955168540074409,29.6166666,877.1469404955554,0.9797320231497504,5.153291594497779,-2686.5932928292873,4843.41940281919,3148.514882816864,0.0,180.0,64.9
2024-05-28,72.5,81.7,63.1,990.6,18.6,4.4,8.7,23.9,29.6166666,119.0166666,172.0,82.98960445666712,13.736210392827662,40.74266474926426,0.545240438540651,0.9955168540074409,29.6166666,877.1469404955554,0.9797320231497504,5.153291594497779,-2686.5932928292873,4843.41940281919,3148.514882816864,0.0,180.0,51.2
2024-05-29,75.4,84.6,62.6,989.1,17.8,3.7,5.1,13.2,29.6166666,119.0166666,172.0,86.3954667792339,13.749941662477543,40.77969088188579,0.5307300481619334,0.9955168540074409,29.6166666,877.1469404955554,0.9797320231497504,5.153291594497779,-2686.5932928292873,4843.41940281919,3148.514882816864,0.0,180.0,50.7
2024-05-30,71.3,84.6,68.2,989.1,13.5,2.3,3.7,25.682399354263417,29.6166666,119.0166666,172.0,81.77589614249153,13.763124175454395,40.81474100563907,0.5160623910158528,0.9955168540074409,29.6166666,877.1469404955554,0.9797320231497504,5.153291594497779,-2686.5932928292873,4843.41940281919,3148.514882816864,0.0,180.0,64.7
2024-05-31,66.3,76.1,61.7,993.5,4.6,4.2,8.0,15.5,29.6166666,119.0166666,172.0,76.11101911831192,13.775750066662791,40.84783187893495,0.5012418134457758,0.9955168540074409,29.6166666,877.1469404955554,0.9797320231497504,5.153291594497779,-2686.5932928292873,4843.41940281919,3148.514882816864,0.0,180.0,65.4
2024-06-01,67.8,73.0,61.7,994.3,13.1,3.3,5.4,15.5,29.6166666,119.0166666,172.0,77.90113621057833,13.78781171868643,40.878979813700795,0.48627270710868997,0.9955168540074409,29.6166666,877.1469404955554,0.9797320231497504,5.153291594497779,-2686.5932928292873,4843.41940281919,3148.514882816864,0.0,180.0,61.7
2024-06-02,69.8,75.7,61.9,992.1,16.5,4.1,9.1,16.9,29.6166666,119.0166666,172.0,80.26593866747879,13.799301776643919,40.90820064100771,0.4711595076738638,0.9955168540074409,29.6166666,877.1469404955554,0.9797320231497504,5.153291594497779,-2686.5932928292873,4843.41940281919,3148.514882816864,0.0,180.0,59.6
2024-06-03,75.0,86.0,66.4,992.6,18.5,2.5,5.2,200.61475009861002,29.6166666,119.0166666,172.0,86.31383226736193,13.81021316277791,40.935509678358635,0.4559066935084588,0.9955168540074409,29.6166666,877.1469404955554,0.9797320231497504,5.153291594497779,-2686.5932928292873,4843.41940281919,3148.514882816864,0.0,180.0,59.9
2024-06-04,73.6,86.0,65.3,994.0,14.9,3.4,5.8,-13.494303127575598,29.6166666,119.0166666,172.0,84.7659730897566,13.820539090721185,40.96092169864582,0.440518784350495,0.9955168540074409,29.6166666,877.1469404955554,0.9797320231497504,5.153291594497779,-2686.5932928292873,4843.41940281919,3148.514882816864,0.0,180.0,64.4
2024-06-05,63.2,81.7,62.2,994.9,7.1,2.4,4.5,13.2,29.6166666,119.0166666,172.0,72.83943821808474,13.830273079383176,40.98445090078289,0.42500033996955416,0.9955168540074409,29.6166666,877.1469404955554,0.9797320231497504,5.153291594497779,-2686.5932928292873,4843.41940281919,3148.514882816864,0.0,180.0,62.4
2024-06-06,67.9,71.6,62.2,993.5,17.8,2.8,3.3,10.3,29.6166666,119.0166666,172.0,78.307989068219,13.839408966401002,41.00611088201389,0.4093559588156213,0.9955168540074409,29.6166666,877.1469404955554,0.9797320231497504,5.153291594497779,-2686.5932928292873,4843.41940281919,3148.514882816864,0.0,180.0,64.0
2024-06-07,73.1,81.7,64.9,989.8,17.9,2.1,3.5,-9.515773741987312,29.6166666,119.0166666,172.0,84.3570401110327,13.84794092109976,41.02591461189973,0.39359027665646673,0.9955168540074409,29.6166666,877.1469404955554,0.9797320231497504,5.153291594497779,-2686.5932928292873,4843.41940281919,3148.514882816864,0.0,180.0,66.4
2024-06-08,76.9,85.5,68.5,988.7,16.4,2.3,3.7,214.6234744633369,29.6166666,119.0166666,172.0,88.79299165301816,13.855863456907905,41.04387440798006,0.3777079652039649,0.9955168540074409,29.6166666,877.1469404955554,0.9797320231497504,5.153291594497779,-2686.5932928292873,4843.41940281919,3148.514882816864,0.0,180.0,70.2
2024-06-09,74.8,85.5,70.9,989.8,7.1,2.5,3.9,10.3,29.6166666,119.0166666,172.0,86.41376866245812,13.863171443175101,41.06000191310689,0.36171373072976765,0.9955168540074409,29.6166666,877.1469404955554,0.9797320231497504,5.153291594497779,-2686.5932928292873,4843.41940281919,3148.514882816864,0.0,180.0,71.8
2024-06-10,71.5,80.6,70.5,987.4,9.2,2.1,3.9,10.1,29.6166666,119.0166666,172.0,82.64124985986886,13.869860116341629,41.074308074445014,0.3456123126707335,0.9955168540074409,29.6166666,877.1469404955554,0.9797320231497504,5.153291594497779,-2686.5932928292873,4843.41940281919,3148.514882816864,0.0,180.0,70.6
2024-06-11,74.7,77.9,70.5,985.1,13.3,1.4,2.3,64.89533881571069,29.6166666,119.0166666,172.0,86.377633687806,13.8759250904106,41.08680312413291,0.3294084822245304,0.9955168540074409,29.6166666,877.1469404955554,0.9797320231497504,5.153291594497779,-2686.5932928292873,4843.41940281919,3148.514882816864,0.0,180.0,74.0
2024-06-12,77.4,87.4,72.0,984.8,12.2,3.4,6.4,12.0,29.6166666,119.0166666,172.0,89.53478726506522,13.881362366676777,41.097496561597154,0.3131070409358269,0.9955168540074409,29.6166666,877.1469404955554,0.9797320231497504,5.153291594497779,-2686.5932928292873,4843.41940281919,3148.514882816864,0.0,180.0,72.9
2024-06-13,80.9,92.3,72.5,983.2,11.5,2.6,4.1,12.0,29.6166666,119.0166666,172.0,93.61591824349006,13.886168342668487,41.10639713751254,0.29671281927349075,0.9955168540074409,29.6166666,877.1469404955554,0.9797320231497504,5.153291594497779,-2686.5932928292873,4843.41940281919,3148.514882816864,0.0,180.0,72.5
2024-06-14,79.6,92.3,73.4,982.6,14.0,2.5,3.5,10.9,29.6166666,119.0166666,172.0,92.13925414107348,13.890339820262335,41.113512839400144,0.28023067519921585,0.9955168540074409,29.6166666,877.1469404955554,0.9797320231497504,5.153291594497779,-2686.5932928292873,4843.41940281919,3148.514882816864,0.0,180.0,73.7
2024-06-15,83.2,93.2,73.8,985.0,14.1,3.6,5.4,9.7,29.6166666,119.0166666,172.0,96.33085982300722,13.89387401293373,41.11885087885527,0.26366549272800704,0.9955168540074409,29.6166666,877.1469404955554,0.9797320231497504,5.153291594497779,-2686.5932928292873,4843.41940281919,3148.514882816864,0.0,180.0,72.8
2024-06-16,79.7,93.2,69.3,986.5,14.2,5.9,13.4,25.3,29.6166666,119.0166666,172.0,92.29770446693044,13.896768552109979,41.12241768039742,0.24702218048093552,0.9955168540074409,29.6166666,877.1469404955554,0.9797320231497504,5.153291594497779,-2686.5932928292873,4843.41940281919,3148.514882816864,0.0,180.0,71.1
2024-06-17,75.3,90.7,69.3,987.6,17.7,4.7,8.0,21.0,29.6166666,119.0166666,172.0,87.2163598660436,13.89902149259659,41.12421887193506,0.23030567023061221,0.9955168540074409,29.6166666,877.1469404955554,0.9797320231497504,5.153291594497779,-2686.5932928292873,4843.41940281919,3148.514882816864,0.0,180.0,67.3
2024-06-18,74.5,82.4,72.0,986.4,9.5,4.1,7.0,14.6,29.6166666,119.0166666,172.0,86.29975276002835,13.900631317051547,41.12425927683839,0.21352091543979612,0.9955168540074409,29.6166666,877.1469404955554,0.9797320231497504,5.153291594497779,-2686.5932928292873,4843.41940281919,3148.514882816864,0.0,180.0,71.5
2024-06-19,75.3,82.4,72.1,983.8,3.6,1.8,3.7,13.2,29.6166666,119.0166666,172.0,87.23252079527873,13.901596939486652,41.122542907613884,0.19667288979357647,0.9955168540074409,29.6166666,877.1469404955554,0.9797320231497504,5.153291594497779,-2686.5932928292873,4843.41940281919,3148.514882816864,0.0,180.0,75.1
2024-06-20,76.1,77.0,73.4,983.7,1.4,2.0,3.9,10.5,29.6166666,119.0166666,172.0,88.16132813016856,13.901917707779537,41.11907296117594,0.1797665857255624,0.9955168540074409,29.6166666,877.1469404955554,0.9797320231497504,5.153291594497779,-2686.5932928292873,4843.41940281919,3148.514882816864,0.0,180.0,76.1
2024-06-21,81.7,92.7,75.6,982.8,8.5,2.7,5.1,10.7,29.6166666,119.0166666,172.0,94.64668176696449,13.901593405184503,41.11385181571118,0.16280701293851715,0.9955168540074409,29.6166666,877.1469404955554,0.9797320231497504,5.153291594497779,-2686.5932928292873,4843.41940281919,3148.514882816864,0.0,180.0,78.8
2024-06-22,82.6,92.7,77.0,983.2,11.3,3.4,6.4,19.4,29.6166666,119.0166666,172.0,95.68263025991476,13.900624250835076,41.106881029132616,0.1457991969198751,0.9955168540074409,29.6166666,877.1469404955554,0.9797320231497504,5.153291594497779,-2686.5932928292873,4843.41940281919,3148.514882816864,0.0,180.0,77.8
2024-06-23,73.4,91.4,70.5,986.1,10.6,3.7,9.1,25.1,29.6166666,119.0166666,172.0,85.01561666699301,13.899010899235915,41.09816133912183,0.12874817745258132,0.9955168540074409,29.6166666,877.1469404955554,0.9797320231497504,5.153291594497779,-2686.5932928292873,4843.41940281919,3148.514882816864,0.0,180.0,71.9
2024-06-24,69.4,83.3,66.9,990.8,6.9,2.9,5.1,13.0,29.6166666,119.0166666,172.0,80.36956317075041,13.896754438746466,41.08769266475866,0.11165900712169512,0.9955168540074409,29.6166666,877.1469404955554,0.9797320231497504,5.153291594497779,-2686.5932928292873,4843.41940281919,3148.514882816864,0.0,180.0,69.0
2024-06-25,69.6,73.4,66.9,992.4,5.8,2.0,2.9,73.70504383195107,29.6166666,119.0166666,172.0,80.58436705656824,13.893856389063492,41.07547410973857,0.09453674981719912,0.9955168540074409,29.6166666,877.1469404955554,0.9797320231497504,5.153291594497779,-2686.5932928292873,4843.41940281919,3148.514882816864,0.0,180.0,69.4
2024-06-26,72.4,74.3,68.0,992.6,3.0,2.4,4.1,28.730044523466454,29.6166666,119.0166666,172.0,83.80492280954323,13.890318697714346,41.061503967179824,0.07738647923346301,0.9955168540074409,29.6166666,877.1469404955554,0.9797320231497504,5.153291594497779,-2686.5932928292873,4843.41940281919,3148.514882816864,0.0,180.0,55.991081194783334
2024-06-27,73.8,75.4,70.7,991.1,2.9,2.0,2.7,221.54760611488436,29.6166666,119.0166666,172.0,85.39978397380114,13.886143735577422,41.045779726022644,0.06021327736579302,0.9955168540074409,29.6166666,877.1469404955554,0.9797320231497504,5.153291594497779,-2686.5932928292873,4843.41940281919,3148.514882816864,0.0,180.0,73.7
2024-06-28,75.1,76.5,72.7,986.8,3.7,1.7,2.9,20.6,29.6166666,119.0166666,172.0,86.87401710732902,13.88133429145071,41.028298079024445,0.04302223300453059,0.9955168540074409,29.6166666,877.1469404955554,0.9797320231497504,5.153291594497779,-2686.5932928292873,4843.41940281919,3148.514882816864,0.0,180.0,55.991081194783334
2024-06-29,82.0,90.1,74.5,982.9,9.7,1.8,2.9,64.75236280734231,29.6166666,119.0166666,172.0,94.81860603224018,13.875893565693685,41.00905493235515,0.02581844022713308,0.9955168540074409,29.6166666,877.1469404955554,0.9797320231497504,5.153291594497779,-2686.5932928292873,4843.41940281919,3148.514882816864,0.0,180.0,78.1
2024-06-30,79.0,90.1,76.1,983.2,4.8,1.6,3.3,148.9421121712641,29.6166666,119.0166666,172.0,91.30968232289877,13.869825162971965,40.988045416798016,0.008606996888688698,0.9955168540074409,29.6166666,877.1469404955554,0.9797320231497504,5.153291594497779,-2686.5932928292873,4843.41940281919,3148.514882816864,0.0,180.0,78.5
2024-07-01,77.7,81.0,76.3,982.0,3.6,1.6,2.5,66.93272836634264,29.6166666,119.0166666,172.0,89.76378671979326,13.863133084137955,40.96526390056136,-0.008606996888688009,0.9955168540074409,29.6166666,877.1469404955554,0.9797320231497504,5.153291594497779,-2686.5932928292873,4843.41940281919,3148.514882816864,0.0,180.0,77.7
2024-07-02,80.2,90.0,76.1,985.7,14.7,2.7,6.8,28.0,29.6166666,119.0166666,172.0,92.60307514385144,13.855821717284503,40.94070400370693,-0.02581844022713239,0.9955168540074409,29.6166666,877.1469404955554,0.9797320231497504,5.153291594497779,-2686.5932928292873,4843.41940281919,3148.514882816864,0.0,180.0,76.7
2024-07-03,85.8,96.8,75.9,991.2,15.5,2.5,4.1,81.68733860657082,29.6166666,119.0166666,172.0,99.01245517028512,13.847895828011904,40.91435861420089,-0.04302223300453034,0.9955168540074409,29.6166666,877.1469404955554,0.9797320231497504,5.153291594497779,-2686.5932928292873,4843.41940281919,3148.514882816864,0.0,180.0,79.5
2024-07-04,86.6,97.2,77.9,989.3,17.7,3.7,7.8,21.8,29.6166666,119.0166666,172.0,99.87405196160155,13.839360548951717,40.886219905593144,-0.060213277365792774,0.9955168540074409,29.6166666,877.1469404955554,0.9797320231497504,5.153291594497779,-2686.5932928292873,4843.41940281919,3148.514882816864,0.0,180.0,75.9
2024-07-05,88.4,99.9,77.7,986.2,18.4,2.4,3.7,-46.6204527654093,29.6166666,119.0166666,172.0,101.88263074864014,13.830221368593683,40.85627935632976,-0.07738647923346322,0.9955168540074409,29.6166666,877.1469404955554,0.9797320231497504,5.153291594497779,-2686.5932928292873,4843.41940281919,3148.514882816864,0.0,180.0,78.6
2024-07-06,87.3,99.9,78.3,987.0,18.3,3.6,9.1,18.1,29.6166666,119.0166666,172.0,100.54402196910388,13.820484119464453,40.82452777070335,-0.09453674981719933,0.9955168540074409,29.6166666,877.1469404955554,0.9797320231497504,5.153291594497779,-2686.5932928292873,4843.41940281919,3148.514882816864,0.0,180.0,77.2
2024-07-07,89.2,99.9,78.4,986.6,15.5,2.8,5.1,11.1,29.6166666,119.0166666,172.0,102.65548524510419,13.810154965709083,40.790955301444654,-0.11165900712169444,0.9955168540074409,29.6166666,877.1469404955554,0.9797320231497504,5.153291594497779,-2686.5932928292873,4843.41940281919,3148.514882816864,0.0,180.0,79.9
2024-07-08,89.7,99.9,81.9,985.2,17.3,2.8,5.8,19.4,29.6166666,119.0166666,172.0,103.14932191620602,13.799240390127894,40.7555514739571,-0.12874817745258066,0.9955168540074409,29.6166666,877.1469404955554,0.9797320231497504,5.153291594497779,-2686.5932928292873,4843.41940281919,3148.514882816864,0.0,180.0,78.8
2024-07-09,87.8,99.0,81.3,985.9,17.3,2.8,4.7,17.5,29.6166666,119.0166666,172.0,100.88035020562265,13.787747180722913,40.71830521219528,-0.14579919691987442,0.9955168540074409,29.6166666,877.1469404955554,0.9797320231497504,5.153291594497779,-2686.5932928292873,4843.41940281919,3148.514882816864,0.0,180.0,77.7
2024-07-10,88.5,96.4,81.1,985.4,14.0,3.3,8.0,16.1,29.6166666,119.0166666,172.0,101.59565782396716,13.775682416809106,40.67920486618539,-0.16280701293851646,0.9955168540074409,29.6166666,877.1469404955554,0.9797320231497504,5.153291594497779,-2686.5932928292873,4843.41940281919,3148.514882816864,0.0,180.0,78.3
2024-07-11,84.9,96.4,78.3,983.6,17.4,3.7,6.6,30.5,29.6166666,119.0166666,172.0,97.37360319233065,13.76305345474638,40.63823824118428,-0.17976658572556214,0.9955168540074409,29.6166666,877.1469404955554,0.9797320231497504,5.153291594497779,-2686.5932928292873,4843.41940281919,3148.514882816864,0.0,180.0,77.0
2024-07-12,87.7,94.5,78.3,982.0,18.6,2.2,3.5,-43.86107379355552,29.6166666,119.0166666,172.0,100.48861800005764,13.749867913348822,40.59539262847085,-0.19667288979357622,0.9955168540074409,29.6166666,877.1469404955554,0.9797320231497504,5.153291594497779,-2686.5932928292873,4843.41940281919,3148.514882816864,0.0,180.0,79.0
2024-07-13,80.4,94.5,77.4,985.1,15.1,2.1,3.3,25.8,29.6166666,119.0166666,172.0,92.03209551548505,13.736133659027619,40.55065483776068,-0.2135209154397959,0.9955168540074409,29.6166666,877.1469404955554,0.9797320231497504,5.153291594497779,-2686.5932928292873,4843.41940281919,3148.514882816864,0.0,180.0,77.8
2024-07-14,84.6,88.0,77.4,989.2,17.7,1.9,3.5,10.1,29.6166666,119.0166666,172.0,96.73910447460375,13.721858790723939,40.50401123123225,-0.23030567023061196,0.9955168540074409,29.6166666,877.1469404955554,0.9797320231497504,5.153291594497779,-2686.5932928292873,4843.41940281919,3148.514882816864,0.0,180.0,80.1
2024-07-15,85.9,93.0,80.2,989.9,13.2,2.4,3.7,97.40979106091027,29.6166666,119.0166666,172.0,98.11964454672116,13.707051624687471,40.455447759149095,-0.24702218048093527,0.9955168540074409,29.6166666,877.1469404955554,0.9797320231497504,5.153291594497779,-2686.5932928292873,4843.41940281919,3148.514882816864,0.0,180.0,81.3
2024-07-16,88.4,97.9,81.0,988.7,18.6,2.9,4.5,14.8,29.6166666,119.0166666,172.0,100.86234233644524,13.69172067915546,40.40494999705923,-0.2636654927280072,0.9955168540074409,29.6166666,877.1469404955554,0.9797320231497504,5.153291594497779,-2686.5932928292873,4843.41940281919,3148.514882816864,0.0,180.0,76.9
2024-07-17,88.0,97.9,81.7,988.1,18.0,2.8,5.2,12.6,29.6166666,119.0166666,172.0,100.28974749923074,13.67587465898601,40.352503184549306,-0.2802306751992161,0.9955168540074409,29.6166666,877.1469404955554,0.9797320231497504,5.153291594497779,-2686.5932928292873,4843.41940281919,3148.514882816864,0.0,180.0,79.2
2024-07-18,90.3,99.7,81.7,987.5,18.6,4.5,8.7,23.9,29.6166666,119.0166666,172.0,102.7879063632419,13.659522440297927,40.298092265526755,-0.2967128192734901,0.9955168540074409,29.6166666,877.1469404955554,0.9797320231497504,5.153291594497779,-2686.5932928292873,4843.41940281919,3148.514882816864,0.0,180.0,76.8
2024-07-19,89.8,100.4,82.9,986.9,18.6,3.4,6.0,15.7,29.6166666,119.0166666,172.0,102.09267002950675,13.64267305516794,40.24170192999929,-0.3131070409358267,0.9955168540074409,29.6166666,877.1469404955554,0.9797320231497504,5.153291594497779,-2686.5932928292873,4843.41940281919,3148.514882816864,0.0,180.0,78.1
2024-07-20,90.1,100.6,82.8,987.8,18.6,3.1,6.2,15.3,29.6166666,119.0166666,172.0,102.30356203722575,13.625335676434064,40.18331665731662,-0.3294084822245302,0.9955168540074409,29.6166666,877.1469404955554,0.9797320231497504,5.153291594497779,-2686.5932928292873,4843.41940281919,3148.514882816864,0.0,180.0,78.6
2024-07-21,90.8,100.6,83.7,987.4,18.6,2.5,3.5,10.5,29.6166666,119.0166666,172.0,102.96356499340071,13.607519602652076,40.122920760834965,-0.3456123126707333,0.9955168540074409,29.6166666,877.1469404955554,0.9797320231497504,5.153291594497779,-2686.5932928292873,4843.41940281919,3148.514882816864,0.0,180.0,80.3
2024-07-22,92.1,102.4,83.7,984.5,18.2,2.7,4.7,-43.27783858902647,29.6166666,119.0166666,172.0,104.29737281694139,13.589234243249692,40.060498433960284,-0.3617137307297674,0.9955168540074409,29.6166666,877.1469404955554,0.9797320231497504,5.153291594497779,-2686.5932928292873,4843.41940281919,3148.514882816864,0.0,180.0,79.0
2024-07-23,92.5,102.7,84.4,981.2,18.6,2.7,4.9,31.947735188365993,29.6166666,119.0166666,172.0,104.60585350938952,13.570489103920803,39.996033797521285,-0.37770796520396466,0.9955168540074409,29.6166666,877.1469404955554,0.9797320231497504,5.153291594497779,-2686.5932928292873,4843.41940281919,3148.514882816864,0.0,180.0,77.5
2024-07-24,92.2,102.7,83.7,977.8,18.6,5.2,8.2,17.3,29.6166666,119.0166666,172.0,104.11910715050176,13.551293772299578,39.92951094841907,-0.39359027665646645,0.9955168540074409,29.6166666,877.1469404955554,0.9797320231497504,5.153291594497779,-2686.5932928292873,4843.41940281919,3148.514882816864,0.0,180.0,73.8
2024-07-25,85.6,100.2,80.8,974.7,18.1,10.5,13.6,25.1,29.6166666,119.0166666,172.0,96.5258263815223,13.531657903951723,39.86091400949506,-0.4093559588156211,0.9955168540074409,29.6166666,877.1469404955554,0.9797320231497504,5.153291594497779,-2686.5932928292873,4843.41940281919,3148.514882816864,0.0,180.0,75.9
2024-07-26,82.4,94.1,79.2,975.5,15.5,6.5,8.0,24.3,29.6166666,119.0166666,172.0,92.77959296652675,13.511591208717487,39.790227180554076,-0.42500033996955394,0.9955168540074409,29.6166666,877.1469404955554,0.9797320231497504,5.153291594497779,-2686.5932928292873,4843.41940281919,3148.514882816864,0.0,180.0,76.0
2024-07-27,87.7,95.5,79.2,984.2,18.6,7.0,12.4,28.7,29.6166666,119.0166666,172.0,98.5974809552786,13.491103437438348,39.717434790475366,-0.4405187843504952,0.9955168540074409,29.6166666,877.1469404955554,0.9797320231497504,5.153291594497779,-2686.5932928292873,4843.41940281919,3148.514882816864,0.0,180.0,74.4
2024-07-28,90.4,98.4,82.8,988.4,18.6,5.3,7.8,19.2,29.6166666,119.0166666,172.0,101.47553958052703,13.470204369096509,39.64252135033871,-0.455906693508459,0.9955168540074409,29.6166666,877.1469404955554,0.9797320231497504,5.153291594497779,-2686.5932928292873,4843.41940281919,3148.514882816864,0.0,180.0,73.2
2024-07-29,90.8,98.4,82.4,988.2,18.6,4.9,7.6,15.0,29.6166666,119.0166666,172.0,101.76337207451179,13.44890379839363,39.56547160748898,-0.47115950767386394,0.9955168540074409,29.6166666,877.1469404955554,0.9797320231497504,5.153291594497779,-2686.5932928292873,4843.41940281919,3148.514882816864,0.0,180.0,71.8
2024-07-30,91.9,100.8,83.3,986.4,18.6,4.3,6.4,15.2,29.6166666,119.0166666,172.0,102.83006158637713,13.427211523792444,39.48627060045749,-0.4862727071086902,0.9955168540074409,29.6166666,877.1469404955554,0.9797320231497504,5.153291594497779,-2686.5932928292873,4843.41940281919,3148.514882816864,0.0,180.0,74.0
2024-07-31,90.3,100.9,84.2,985.5,17.6,3.7,5.8,18.5,29.6166666,119.0166666,172.0,100.87365845371691,13.405137336042115,39.40490371465437,-0.5012418134457756,0.9955168540074409,29.6166666,877.1469404955554,0.9797320231497504,5.153291594497779,-2686.5932928292873,4843.41940281919,3148.514882816864,0.0,180.0,77.8
2024-08-01,90.7,100.9,82.8,985.6,18.5,4.3,8.2,15.3,29.6166666,119.0166666,172.0,101.15083952946267,13.382691007205645,39.321356738741954,-0.5160623910158526,0.9955168540074409,29.6166666,877.1469404955554,0.9797320231497504,5.153291594497779,-2686.5932928292873,4843.41940281919,3148.514882816864,0.0,180.0,77.4
2024-08-02,92.2,103.3,82.4,986.3,18.6,3.2,6.0,15.3,29.6166666,119.0166666,172.0,102.64842885290713,13.35988228020483,39.23561592159482,-0.5307300481619331,0.9955168540074409,29.6166666,877.1469404955554,0.9797320231497504,5.153291594497779,-2686.5932928292873,4843.41940281919,3148.514882816864,0.0,180.0,78.5
2024-08-03,94.1,104.5,84.0,987.4,17.9,3.0,5.4,9.9,29.6166666,119.0166666,172.0,104.58211940184107,13.33672085889578,39.14766802974865,-0.5452404385406507,0.9955168540074409,29.6166666,877.1469404955554,0.9797320231497504,5.153291594497779,-2686.5932928292873,4843.41940281919,3148.514882816864,0.0,180.0,79.5
2024-08-04,90.6,104.5,82.8,987.2,18.4,3.9,7.0,17.7,29.6166666,119.0166666,172.0,100.51478381007584,13.313216398685542,39.0575004052363,-0.5595892624101763,0.9955168540074409,29.6166666,877.1469404955554,0.9797320231497504,5.153291594497779,-2686.5932928292873,4843.41940281919,3148.514882816864,0.0,180.0,75.7
2024-08-05,86.4,104.4,78.8,986.2,18.6,3.7,6.4,23.7,29.6166666,119.0166666,172.0,95.68352518342454,13.28937849769785,38.96510102370576,-0.5737722679043243,0.9955168540074409,29.6166666,877.1469404955554,0.9797320231497504,5.153291594497779,-2686.5932928292873,4843.41940281919,3148.514882816864,0.0,180.0,75.8
2024-08-06,90.9,103.6,78.8,985.6,18.6,2.8,4.1,11.5,29.6166666,119.0166666,172.0,100.48401641534122,13.26521668849389,38.87045855271231,-0.5877852522924734,0.9955168540074409,29.6166666,877.1469404955554,0.9797320231497504,5.153291594497779,-2686.5932928292873,4843.41940281919,3148.514882816864,0.0,180.0,77.4
2024-08-07,88.1,105.8,79.2,985.8,17.6,3.4,6.2,30.3,29.6166666,119.0166666,172.0,97.20910265949765,13.240740430351552,38.77356241007301,-0.6016240632249227,0.9955168540074409,29.6166666,877.1469404955554,0.9797320231497504,5.153291594497779,-2686.5932928292873,4843.41940281919,3148.514882816864,0.0,180.0,74.9
2024-08-08,91.7,105.8,79.2,984.6,18.5,3.6,5.4,12.4,29.6166666,119.0166666,172.0,100.99195413858409,13.215959102104787,38.67440282217078,-0.6152845999633277,0.9955168540074409,29.6166666,877.1469404955554,0.9797320231497504,5.153291594497779,-2686.5932928292873,4843.41940281919,3148.514882816864,0.0,180.0,75.1
2024-08-09,91.3,105.3,82.2,983.2,17.0,2.8,4.1,15.9,29.6166666,119.0166666,172.0,100.36062718275257,13.190881995542508,38.57297088209127,-0.6287628145958345,0.9955168540074409,29.6166666,877.1469404955554,0.9797320231497504,5.153291594497779,-2686.5932928292873,4843.41940281919,3148.514882816864,0.0,180.0,76.9
2024-08-10,90.3,105.3,81.3,982.0,16.9,3.6,6.4,23.9,29.6166666,119.0166666,172.0,99.07052527797009,13.165518309364797,38.469258607475126,-0.6420547132365636,0.9955168540074409,29.6166666,877.1469404955554,0.9797320231497504,5.153291594497779,-2686.5932928292873,4843.41940281919,3148.514882816864,0.0,180.0,76.5
2024-08-11,90.0,105.4,76.6,981.6,13.6,4.5,8.9,29.1,29.6166666,119.0166666,172.0,98.5490785776925,13.139877143692335,38.36325899796582,-0.655156357209085,0.9955168540074409,29.6166666,877.1469404955554,0.9797320231497504,5.153291594497779,-2686.5932928292873,4843.41940281919,3148.514882816864,0.0,180.0,77.4
2024-08-12,86.8,105.4,76.6,984.2,18.2,3.9,5.2,29.1,29.6166666,119.0166666,172.0,94.8576982147263,13.113967495123452,38.25496609213227,-0.6680638642135333,0.9955168540074409,29.6166666,877.1469404955554,0.9797320231497504,5.153291594497779,-2686.5932928292873,4843.41940281919,3148.514882816864,0.0,180.0,76.2
2024-08-13,83.0,99.3,76.3,986.7,15.7,3.5,5.2,28.0,29.6166666,119.0166666,172.0,90.52393791196104,13.087798252331718,38.14437502374422,-0.6807734094770159,0.9955168540074409,29.6166666,877.1469404955554,0.9797320231497504,5.153291594497779,-2686.5932928292873,4843.41940281919,3148.514882816864,0.0,180.0,76.2
2024-08-14,80.1,97.2,75.9,987.5,16.0,3.2,9.7,25.1,29.6166666,119.0166666,172.0,87.18469943290559,13.061378192195594,38.03148207727816,-0.6932812268869771,0.9955168540074409,29.6166666,877.1469404955554,0.9797320231497504,5.153291594497779,-2686.5932928292873,4843.41940281919,3148.514882816864,0.0,180.0,75.5
2024-08-15,85.5,93.4,75.9,986.4,15.4,3.8,6.2,16.5,29.6166666,119.0166666,172.0,92.87235133221013,13.034715976450544,37.91628474253082,-0.7055836101071774,0.9955168540074409,29.6166666,877.1469404955554,0.9797320231497504,5.153291594497779,-2686.5932928292873,4843.41940281919,3148.514882816864,0.0,180.0,74.5
2024-08-16,86.7,95.0,80.1,987.3,8.9,3.4,4.7,18.6,29.6166666,119.0166666,172.0,93.9815005754616,13.007820148852815,37.798781768217815,-0.7176769136759615,0.9955168540074409,29.6166666,877.1469404955554,0.9797320231497504,5.153291594497779,-2686.5932928292873,4843.41940281919,3148.514882816864,0.0,180.0,74.2
2024-08-17,88.1,96.8,80.4,987.9,11.3,3.6,4.9,13.0,29.6166666,119.0166666,172.0,95.29996613362373,12.980699132843188,37.678973214435054,-0.7295575540864876,0.9955168540074409,29.6166666,877.1469404955554,0.9797320231497504,5.153291594497779,-2686.5932928292873,4843.41940281919,3148.514882816864,0.0,180.0,74.1
2024-08-18,85.8,96.8,79.0,986.0,13.5,2.5,4.5,17.5,29.6166666,119.0166666,172.0,92.61653279234143,12.953361229698103,37.5568605038618,-0.7412220108485957,0.9955168540074409,29.6166666,877.1469404955554,0.9797320231497504,5.153291594497779,-2686.5932928292873,4843.41940281919,3148.514882816864,0.0,180.0,75.3
2024-08-19,86.5,96.4,79.0,983.9,17.9,3.2,4.7,13.4,29.6166666,119.0166666,172.0,93.17358036532427,12.925814617154813,37.4324464715852,-0.7526668275320083,0.9955168540074409,29.6166666,877.1469404955554,0.9797320231497504,5.153291594497779,-2686.5932928292873,4843.41940281919,3148.514882816864,0.0,180.0,76.7
2024-08-20,83.0,96.1,79.3,985.3,16.1,3.4,4.3,11.7,29.6166666,119.0166666,172.0,89.21163249376815,12.8980673484966,37.30573541342755,-0.7638886127905429,0.9955168540074409,29.6166666,877.1469404955554,0.9797320231497504,5.153291594497779,-2686.5932928292873,4843.41940281919,3148.514882816864,0.0,180.0,78.3
2024-08-21,79.9,91.9,77.4,986.7,15.0,3.4,8.2,17.5,29.6166666,119.0166666,172.0,85.69359795262274,12.870127352083513,37.17673313265984,-0.7748840413670406,0.9955168540074409,29.6166666,877.1469404955554,0.9797320231497504,5.153291594497779,-2686.5932928292873,4843.41940281919,3148.514882816864,0.0,180.0,76.8
2024-08-22,85.5,93.9,77.4,988.9,12.9,3.3,5.6,11.7,29.6166666,119.0166666,172.0,91.49926732310998,12.84200243131368,37.04544698498721,-0.7856498550787144,0.9955168540074409,29.6166666,877.1469404955554,0.9797320231497504,5.153291594497779,-2686.5932928292873,4843.41940281919,3148.514882816864,0.0,180.0,77.5
2024-08-23,87.1,97.9,79.5,989.4,14.7,2.6,4.1,-59.363504730670954,29.6166666,119.0166666,172.0,93.00610775679029,12.81370026499981,36.91188592169424,-0.7961828637826154,0.9955168540074409,29.6166666,877.1469404955554,0.9797320231497504,5.153291594497779,-2686.5932928292873,4843.41940281919,3148.514882816864,0.0,180.0,75.5
2024-08-24,88.2,98.6,79.2,988.9,14.3,2.5,3.9,111.27237013886969,29.6166666,119.0166666,172.0,93.97142879986818,12.785228408145331,36.776060530841754,-0.8064799463209447,0.9955168540074409,29.6166666,877.1469404955554,0.9797320231497504,5.153291594497779,-2686.5932928292873,4843.41940281919,3148.514882816864,0.0,180.0,74.8
2024-08-25,88.9,98.6,79.2,987.3,13.4,2.5,4.3,-119.04960047460179,29.6166666,119.0166666,172.0,94.50510272141472,12.75659429310435,36.63798307640921,-0.8165380514459157,0.9955168540074409,29.6166666,877.1469404955554,0.9797320231497504,5.153291594497779,-2686.5932928292873,4843.41940281919,3148.514882816864,0.0,180.0,75.2
2024-08-26,89.2,99.3,80.4,984.9,12.0,2.8,4.3,116.96193749555164,29.6166666,119.0166666,172.0,94.61001888458026,12.72780523110945,36.49766753528109,-0.8263541987239094,0.9955168540074409,29.6166666,877.1469404955554,0.9797320231497504,5.153291594497779,-2686.5932928292873,4843.41940281919,3148.514882816864,0.0,180.0,78.2
2024-08-27,82.6,99.3,75.9,984.2,12.2,3.9,6.4,23.1,29.6166666,119.0166666,172.0,87.41054425074228,12.698868414151422,36.355129631979175,-0.8359254794186365,0.9955168540074409,29.6166666,877.1469404955554,0.9797320231497504,5.153291594497779,-2686.5932928292873,4843.41940281919,3148.514882816864,0.0,180.0,76.9
2024-08-28,83.1,97.2,75.9,985.8,17.2,2.7,4.5,13.0,29.6166666,119.0166666,172.0,87.73830210157433,12.669790917194852,36.210386871047184,-0.8452490573530634,0.9955168540074409,29.6166666,877.1469404955554,0.9797320231497504,5.153291594497779,-2686.5932928292873,4843.41940281919,3148.514882816864,0.0,180.0,73.5
2024-08-29,84.4,95.2,77.5,987.5,13.9,2.8,3.9,19.6,29.6166666,119.0166666,172.0,88.90541056168637,12.640579700713701,36.06345856699846,-0.8543221697498269,0.9955168540074409,29.6166666,877.1469404955554,0.9797320231497504,5.153291594497779,-2686.5932928292873,4843.41940281919,3148.514882816864,0.0,180.0,76.9
2024-08-30,87.7,97.3,78.3,988.7,17.3,2.5,3.5,9.9,29.6166666,119.0166666,172.0,92.16715745888882,12.611241613530966,35.91436587174267,-0.8631421280499115,0.9955168540074409,29.6166666,877.1469404955554,0.9797320231497504,5.153291594497779,-2686.5932928292873,4843.41940281919,3148.514882816864,0.0,180.0,78.4
2024-08-31,87.7,98.6,81.3,989.0,16.5,2.4,3.5,41.59858065761157,29.6166666,119.0166666,172.0,91.95186698537763,12.581783395946768,35.763131799411795,-0.8717063187093217,0.9955168540074409,29.6166666,877.1469404955554,0.9797320231497504,5.153291594497779,-2686.5932928292873,4843.41940281919,3148.514882816864,0.0,180.0,78.7
2024-09-01,88.1,99.5,81.1,988.1,16.2,2.7,3.7,19.4,29.6166666,119.0166666,172.0,92.15415410704797,12.552211683139339,35.60978124851216,-0.8800122039735356,0.9955168540074409,29.6166666,877.1469404955554,0.9797320231497504,5.153291594497779,-2686.5932928292873,4843.41940281919,3148.514882816864,0.0,180.0,79.5
2024-09-02,88.0,100.2,81.1,989.1,11.0,3.2,5.2,26.2,29.6166666,119.0166666,172.0,91.8319087313728,12.522533008823563,35.454341021333505,-0.888057322629493,0.9955168540074409,29.6166666,877.1469404955554,0.9797320231497504,5.153291594497779,-2686.5932928292873,4843.41940281919,3148.514882816864,0.0,180.0,78.5
2024-09-03,85.6,100.2,81.5,988.6,9.6,4.7,6.0,18.5,29.6166666,119.0166666,172.0,89.11497717195105,12.492753809152019,35.29683984055325,-0.8958392907349089,0.9955168540074409,29.6166666,877.1469404955554,0.9797320231497504,5.153291594497779,-2686.5932928292873,4843.41940281919,3148.514882816864,0.0,180.0,76.7
2024-09-04,87.5,95.5,81.3,986.0,12.8,3.8,5.8,12.6,29.6166666,119.0166666,172.0,90.8751697790684,12.462880426843668,35.137308362978814,-0.9033558023246842,0.9955168540074409,29.6166666,877.1469404955554,0.9797320231497504,5.153291594497779,-2686.5932928292873,4843.41940281919,3148.514882816864,0.0,180.0,75.8
2024-09-05,88.8,98.2,81.0,987.3,15.8,4.7,6.4,15.0,29.6166666,119.0166666,172.0,92.00360145488962,12.432919115525625,34.97577919037804,-0.9106046300942162,0.9955168540074409,29.6166666,877.1469404955554,0.9797320231497504,5.153291594497779,-2686.5932928292873,4843.41940281919,3148.514882816864,0.0,180.0,73.4
2024-09-06,87.6,98.2,80.8,990.6,13.3,5.1,6.4,15.3,29.6166666,119.0166666,172.0,90.54099512319826,12.402876044273736,34.81228687735362,-0.9175836260593934,0.9955168540074409,29.6166666,877.1469404955554,0.9797320231497504,5.153291594497779,-2686.5932928292873,4843.41940281919,3148.514882816864,0.0,180.0,72.1
2024-09-07,87.3,96.6,80.8,992.1,8.3,4.0,4.9,13.4,29.6166666,119.0166666,172.0,90.01180937450835,12.372757302337918,34.64686793622405,-0.9242907221930934,0.9955168540074409,29.6166666,877.1469404955554,0.9797320231497504,5.153291594497779,-2686.5932928292873,4843.41940281919,3148.514882816864,0.0,180.0,71.6
2024-09-08,87.5,95.5,80.2,990.9,11.1,4.1,5.1,13.8,29.6166666,119.0166666,172.0,89.99789825861485,12.34256890403861,34.47956083888009,-0.9307239310379793,0.9955168540074409,29.6166666,877.1469404955554,0.9797320231497504,5.153291594497779,-2686.5932928292873,4843.41940281919,3148.514882816864,0.0,180.0,72.4
2024-09-09,87.6,97.7,80.1,989.7,14.8,3.5,4.5,12.4,29.6166666,119.0166666,172.0,89.87991259489183,12.3123167938208,34.31040601559302,-0.9368813462954315,0.9955168540074409,29.6166666,877.1469404955554,0.9797320231497504,5.153291594497779,-2686.5932928292873,4843.41940281919,3148.514882816864,0.0,180.0,73.4
2024-09-10,83.0,97.7,74.3,989.4,8.9,4.9,7.8,17.3,29.6166666,119.0166666,172.0,84.95054738921364,12.282006851452573,34.13944585075684,-0.9427611433904206,0.9955168540074409,29.6166666,877.1469404955554,0.9797320231497504,5.153291594497779,-2686.5932928292873,4843.41940281919,3148.514882816864,0.0,180.0,71.4
2024-09-11,80.2,90.9,74.3,989.0,16.6,3.3,5.8,14.4,29.6166666,119.0166666,172.0,81.88182673065731,12.25164489735521,33.966724675554616,-0.9483615800121716,0.9955168540074409,29.6166666,877.1469404955554,0.9797320231497504,5.153291594497779,-2686.5932928292873,4843.41940281919,3148.514882816864,0.0,180.0,75.2
2024-09-12,86.6,95.9,75.2,988.9,12.1,2.8,5.1,10.5,29.6166666,119.0166666,172.0,88.19659150427708,12.221236698052252,33.792288757545,-0.9536809966304455,0.9955168540074409,29.6166666,877.1469404955554,0.9797320231497504,5.153291594497779,-2686.5932928292873,4843.41940281919,3148.514882816864,0.0,180.0,76.3
2024-09-13,90.6,98.1,80.1,986.7,17.3,3.5,3.9,-83.57893556764958,29.6166666,119.0166666,172.0,92.04044918652491,12.190787971725156,33.61618628717298,-0.9587178169872964,0.9955168540074409,29.6166666,877.1469404955554,0.9797320231497504,5.153291594497779,-2686.5932928292873,4843.41940281919,3148.514882816864,0.0,180.0,74.4
2024-09-14,86.0,98.1,80.6,985.2,18.0,5.0,7.8,31.280197816881685,29.6166666,119.0166666,172.0,87.1488481560205,12.160304393863326,33.438467361214975,-0.9634705485641486,0.9955168540074409,29.6166666,877.1469404955554,0.9797320231497504,5.153291594497779,-2686.5932928292873,4843.41940281919,3148.514882816864,0.0,180.0,71.8
2024-09-15,82.0,91.6,77.0,987.2,18.2,3.2,5.8,-46.07883284920324,29.6166666,119.0166666,172.0,82.88690928714382,12.129791602996656,33.25918396317608,-0.9679377830240642,0.9955168540074409,29.6166666,877.1469404955554,0.9797320231497504,5.153291594497779,-2686.5932928292873,4843.41940281919,3148.514882816864,0.0,180.0,74.0
2024-09-16,82.5,88.2,76.8,988.4,18.6,5.0,9.7,16.1,29.6166666,119.0166666,172.0,83.18237954467892,12.099255206498754,33.07838994066385,-0.9721181966290612,0.9955168540074409,29.6166666,877.1469404955554,0.9797320231497504,5.153291594497779,-2686.5932928292873,4843.41940281919,3148.514882816864,0.0,180.0,74.2
2024-09-17,84.8,97.2,78.3,990.0,18.6,4.1,7.8,-30.124482500049158,29.6166666,119.0166666,172.0,85.28548555757496,12.068700786449288,32.89614097976993,-0.9760105506323682,0.9955168540074409,29.6166666,877.1469404955554,0.9797320231497504,5.153291594497779,-2686.5932928292873,4843.41940281919,3148.514882816864,0.0,180.0,76.3
2024-09-18,85.6,97.2,78.4,988.8,18.4,4.9,7.8,-21.868360279032128,29.6166666,119.0166666,172.0,85.87202185954733,12.03813390554402,32.71249457649789,-0.9796136916454901,0.9955168540074409,29.6166666,877.1469404955554,0.9797320231497504,5.153291594497779,-2686.5932928292873,4843.41940281919,3148.514882816864,0.0,180.0,72.0
2024-09-19,80.2,93.9,78.4,985.7,10.9,3.2,3.9,-150.16799883518047,29.6166666,119.0166666,172.0,80.25052675549168,12.00756011304115,32.52751000528201,-0.9829265519799822,0.9955168540074409,29.6166666,877.1469404955554,0.9797320231497504,5.153291594497779,-2686.5932928292873,4843.41940281919,3148.514882816864,0.0,180.0,78.2
2024-09-20,85.2,95.9,78.4,986.1,17.0,3.2,5.8,254.20600963628195,29.6166666,119.0166666,172.0,85.0365931502024,11.976984950732733,32.34124828464867,-0.9859481499638303,0.9955168540074409,29.6166666,877.1469404955554,0.9797320231497504,5.153291594497779,-2686.5932928292873,4843.41940281919,3148.514882816864,0.0,180.0,78.3
2024-09-21,77.3,95.9,69.1,991.6,18.6,6.3,9.7,-177.62787423113411,29.6166666,119.0166666,172.0,76.9548165854411,11.946413958930053,32.1537721400785,-0.9886775902323404,0.9955168540074409,29.6166666,877.1469404955554,0.9797320231497504,5.153291594497779,-2686.5932928292873,4843.41940281919,3148.514882816864,0.0,180.0,68.7
2024-09-22,72.4,85.8,67.8,996.6,18.6,4.9,5.8,63.14820560263061,29.6166666,119.0166666,172.0,71.89231118412509,11.915852682451671,31.965145964133324,-0.9911140639934546,0.9955168540074409,29.6166666,877.1469404955554,0.9797320231497504,5.153291594497779,-2686.5932928292873,4843.41940281919,3148.514882816864,0.0,180.0,57.7
2024-09-23,68.0,78.1,64.6,996.6,18.6,4.4,11.7,-11.59762135530736,29.6166666,119.0166666,172.0,67.35007116741797,11.88530667660317,31.77543577391891,-0.9932568492674143,0.9955168540074409,29.6166666,877.1469404955554,0.9797320231497504,5.153291594497779,-2686.5932928292873,4843.41940281919,3148.514882816864,0.0,180.0,61.2
2024-09-24,71.0,74.3,64.6,993.9,14.1,3.2,5.8,54.80551376396322,29.6166666,119.0166666,172.0,70.1407906193956,11.854781513137286,31.58470916595969,-0.9951053111006974,0.9955168540074409,29.6166666,877.1469404955554,0.9797320231497504,5.153291594497779,-2686.5932928292873,4843.41940281919,3148.514882816864,0.0,180.0,66.5
2024-09-25,77.7,83.5,69.4,993.4,14.8,3.4,5.8,-25.182008490794328,29.6166666,119.0166666,172.0,76.5622310405369,11.824282786183305,31.393035268567917,-0.99665890175417,0.9955168540074409,29.6166666,877.1469404955554,0.9797320231497504,5.153291594497779,-2686.5932928292873,4843.41940281919,3148.514882816864,0.0,180.0,68.1
2024-09-26,76.1,83.5,71.1,993.1,7.6,2.7,5.8,64.0346680585118,29.6166666,119.0166666,172.0,74.79245054916915,11.793816118134426,31.200484691795243,-0.9979171608653922,0.9955168540074409,29.6166666,877.1469404955554,0.9797320231497504,5.153291594497779,-2686.5932928292873,4843.41940281919,3148.514882816864,0.0,180.0,70.3
2024-09-27,74.3,82.4,69.4,993.7,13.0,2.9,3.9,79.44342156830263,29.6166666,119.0166666,172.0,72.8349721996072,11.763387165481648,31.00712947505962,-0.9988797155850335,0.9955168540074409,29.6166666,877.1469404955554,0.9797320231497504,5.153291594497779,-2686.5932928292873,4843.41940281919,3148.514882816864,0.0,180.0,70.7
2024-09-28,77.6,86.7,69.4,994.5,13.8,4.9,7.8,72.34312062002647,29.6166666,119.0166666,172.0,75.87341050563504,11.733001624582739,30.813043032546226,-0.9995462806873573,0.9955168540074409,29.6166666,877.1469404955554,0.9797320231497504,5.153291594497779,-2686.5932928292873,4843.41940281919,3148.514882816864,0.0,180.0,65.1
2024-09-29,79.1,86.7,70.2,993.6,12.5,2.9,3.9,-117.98928776174512,29.6166666,119.0166666,172.0,77.1400683562287,11.702665237354545,30.61830009648499,-0.9999166586547379,0.9955168540074409,29.6166666,877.1469404955554,0.9797320231497504,5.153291594497779,-2686.5932928292873,4843.41940281919,3148.514882816864,0.0,180.0,69.8
2024-09-30,82.2,91.6,73.9,991.9,13.9,3.9,5.8,59.610963957407904,29.6166666,119.0166666,172.0,79.95582900860623,11.67238379687682,30.422976658412793,-0.9999907397361901,0.9955168540074409,29.6166666,877.1469404955554,0.9797320231497504,5.153291594497779,-2686.5932928292873,4843.41940281919,3148.514882816864,0.0,180.0,72.4
2024-10-01,71.3,91.6,64.2,996.9,18.6,6.8,9.7,-38.720787485875505,29.6166666,119.0166666,172.0,69.17385273345434,11.642163152895542,30.22714990853188,-0.9997685019798909,0.9955168540074409,29.6166666,877.1469404955554,0.9797320231497504,5.153291594497779,-2686.5932928292873,4843.41940281919,3148.514882816864,0.0,180.0,58.9
2024-10-02,67.0,80.1,58.8,0.8,18.6,5.6,7.8,-186.73368146245986,29.6166666,119.0166666,172.0,64.83371812944144,11.612009217213393,30.03089817328029,-0.9992500112396835,0.9955168540074409,29.6166666,877.1469404955554,0.9797320231497504,5.153291594497779,-2686.5932928292873,4843.41940281919,3148.514882816864,0.0,180.0,46.6
2024-10-03,65.2,75.2,58.8,2.1,18.6,6.4,11.7,0.06371494403114397,29.6166666,119.0166666,172.0,62.92847529798869,11.581927968954973,29.834300851233866,-0.9984354211555643,0.9955168540074409,29.6166666,877.1469404955554,0.9797320231497504,5.153291594497779,-2686.5932928292873,4843.41940281919,3148.514882816864,0.0,180.0,48.5
2024-10-04,69.1,76.3,59.7,1.1,18.6,4.6,7.8,-1.1488854983575827,29.6166666,119.0166666,172.0,66.51983743873744,11.551925459693912,29.637438347462222,-0.9973249731081555,0.9955168540074409,29.6166666,877.1469404955554,0.9797320231497504,5.153291594497779,-2686.5932928292873,4843.41940281919,3148.514882816864,0.0,180.0,52.1
2024-10-05,67.5,76.3,63.9,999.4,14.2,3.6,5.8,7.226283468471291,29.6166666,119.0166666,172.0,64.81129397866262,11.522007818428909,29.440392006464478,-0.9959189961471792,0.9955168540074409,29.6166666,877.1469404955554,0.9797320231497504,5.153291594497779,-2686.5932928292873,4843.41940281919,3148.514882816864,0.0,180.0,63.2
2024-10-06,69.8,73.0,66.4,998.9,16.8,3.4,3.9,70.76844339739259,29.6166666,119.0166666,172.0,66.8461876413665,11.492181256395387,29.243244043812965,-0.994217906893952,0.9955168540074409,29.6166666,877.1469404955554,0.9797320231497504,5.153291594497779,-2686.5932928292873,4843.41940281919,3148.514882816864,0.0,180.0,65.7
2024-10-07,67.3,73.0,61.2,0.4,15.5,4.9,7.8,-36.99001651549931,29.6166666,119.0166666,172.0,64.28525203544619,11.462452071699172,29.046077476635237,-0.9922222094179324,0.9955168540074409,29.6166666,877.1469404955554,0.9797320231497504,5.153291594497779,-2686.5932928292873,4843.41940281919,3148.514882816864,0.0,180.0,62.1
2024-10-08,63.8,72.9,60.1,0.4,13.2,3.2,5.8,-36.80635855487521,29.6166666,119.0166666,172.0,60.78452837581523,11.432826653758351,28.848976053066956,-0.989932495087353,0.9955168540074409,29.6166666,877.1469404955554,0.9797320231497504,5.153291594497779,-2686.5932928292873,4843.41940281919,3148.514882816864,0.0,180.0,59.2
2024-10-09,66.0,75.0,60.3,997.2,9.9,2.5,3.9,-154.77795686394614,29.6166666,119.0166666,172.0,62.71821318146525,11.403311487539137,28.652024180809466,-0.9873494423939864,0.9955168540074409,29.6166666,877.1469404955554,0.9797320231497504,5.153291594497779,-2686.5932928292873,4843.41940281919,3148.514882816864,0.0,180.0,57.0
2024-10-10,68.4,79.0,61.3,997.3,12.1,2.9,3.9,66.29401210040892,29.6166666,119.0166666,172.0,64.83130499815647,11.37391315757131,28.455306854927,-0.9844738167520923,0.9955168540074409,29.6166666,877.1469404955554,0.9797320231497504,5.153291594497779,-2686.5932928292873,4843.41940281919,3148.514882816864,0.0,180.0,58.0
2024-10-11,67.5,80.2,60.4,999.2,9.5,3.6,5.8,35.04912934888294,29.6166666,119.0166666,172.0,63.81359072847325,11.344638351728578,28.258909585019826,-0.9813064702716093,0.9955168540074409,29.6166666,877.1469404955554,0.9797320231497504,5.153291594497779,-2686.5932928292873,4843.41940281919,3148.514882816864,0.0,180.0,53.5
2024-10-12,72.2,80.2,60.1,999.3,10.2,3.9,5.8,-27.16404550125052,29.6166666,119.0166666,172.0,68.08155475296546,11.315493864758801,28.06291832190907,-0.9778483415056567,0.9955168540074409,29.6166666,877.1469404955554,0.9797320231497504,5.153291594497779,-2686.5932928292873,4843.41940281919,3148.514882816864,0.0,180.0,58.0
2024-10-13,73.9,81.9,66.0,997.2,14.4,3.4,5.8,12.4,29.6166666,119.0166666,172.0,69.50594665453916,11.286486601548983,27.867419383970226,-0.9741004551724206,0.9955168540074409,29.6166666,877.1469404955554,0.9797320231497504,5.153291594497779,-2686.5932928292873,4843.41940281919,3148.514882816864,0.0,180.0,65.2
2024-10-14,77.0,85.6,67.8,995.4,9.2,3.2,3.9,71.27373903327822,29.6166666,119.0166666,172.0,72.23641797236934,11.257623580109508,27.67249938325082,-0.970063921851507,0.9955168540074409,29.6166666,877.1469404955554,0.9797320231497504,5.153291594497779,-2686.5932928292873,4843.41940281919,3148.514882816864,0.0,180.0,67.7
2024-10-15,69.3,85.6,67.5,998.9,9.4,3.6,5.8,28.4254967568816,29.6166666,119.0166666,172.0,64.8469664203634,11.228911934262062,27.478245151508055,-0.965739937654855,0.9955168540074409,29.6166666,877.1469404955554,0.9797320231497504,5.153291594497779,-2686.5932928292873,4843.41940281919,3148.514882816864,0.0,180.0,66.9
2024-10-16,67.7,73.2,66.9,999.7,12.0,4.1,5.8,7.453269415009425,29.6166666,119.0166666,172.0,63.18869155118729,11.200358916015473,27.284743666300557,-0.9611297838723007,0.9955168540074409,29.6166666,877.1469404955554,0.9797320231497504,5.153291594497779,-2686.5932928292873,4843.41940281919,3148.514882816864,0.0,180.0,66.3
2024-10-17,75.1,82.8,66.9,995.5,13.4,2.9,3.9,15.81281145851073,29.6166666,119.0166666,172.0,69.91792412589776,11.17197189761349,27.092081977267075,-0.9562348265919058,0.9955168540074409,29.6166666,877.1469404955554,0.9797320231497504,5.153291594497779,-2686.5932928292873,4843.41940281919,3148.514882816864,0.0,180.0,69.3
2024-10-18,75.7,84.7,70.0,995.0,7.9,2.7,3.9,51.043341559463826,29.6166666,119.0166666,172.0,70.29854240451387,11.143758373238656,26.900347132723425,-0.9510565162951536,0.9955168540074409,29.6166666,877.1469404955554,0.9797320231497504,5.153291594497779,-2686.5932928292873,4843.41940281919,3148.514882816864,0.0,180.0,72.4
2024-10-19,63.6,84.7,58.8,3.8,12.7,5.8,9.7,68.41180136352168,29.6166666,119.0166666,172.0,58.91334758988759,11.11572596035615,26.709626106706423,-0.9455963874271428,0.9955168540074409,29.6166666,877.1469404955554,0.9797320231497504,5.153291594497779,-2686.5932928292873,4843.41940281919,3148.514882816864,0.0,180.0,59.5
2024-10-20,63.2,68.9,58.5,3.7,16.2,2.9,3.9,-48.34011130695176,29.6166666,119.0166666,172.0,58.39618064359032,11.087882400681705,26.520005726591375,-0.9398560579418953,0.9955168540074409,29.6166666,877.1469404955554,0.9797320231497504,5.153291594497779,-2686.5932928292873,4843.41940281919,3148.514882816864,0.0,180.0,54.1
2024-10-21,68.4,73.0,59.2,999.6,15.0,2.2,3.9,-105.12281898128464,29.6166666,119.0166666,172.0,63.043342696319115,11.060235560757738,26.331572601406766,-0.9338372288229252,0.9955168540074409,29.6166666,877.1469404955554,0.9797320231497504,5.153291594497779,-2686.5932928292873,4843.41940281919,3148.514882816864,0.0,180.0,61.4
2024-10-22,64.1,73.0,54.9,1.5,14.8,4.1,5.8,-94.49747557199179,29.6166666,119.0166666,172.0,58.93350491658435,11.032793432121876,26.14441305096635,-0.9275416835791965,0.9955168540074409,29.6166666,877.1469404955554,0.9797320231497504,5.153291594497779,-2686.5932928292873,4843.41940281919,3148.514882816864,0.0,180.0,57.9
2024-10-23,60.9,72.9,52.9,1.9,12.4,3.9,5.8,54.232642663806416,29.6166666,119.0166666,172.0,55.853237965091715,11.005564131052555,25.95861303593573,-0.9209712877166347,0.9955168540074409,29.6166666,877.1469404955554,0.9797320231497504,5.153291594497779,-2686.5932928292873,4843.41940281919,3148.514882816864,0.0,180.0,44.6
2024-10-24,61.7,71.4,52.3,999.8,13.2,4.6,5.8,139.25594945082076,29.6166666,119.0166666,172.0,56.4480749082477,10.978555897876376,25.774258088946425,-0.9141279881853337,0.9955168540074409,29.6166666,877.1469404955554,0.9797320231497504,5.153291594497779,-2686.5932928292873,4843.41940281919,3148.514882816864,0.0,180.0,48.6
2024-10-25,66.5,70.9,56.7,998.0,18.3,5.1,5.8,-10.160517992966495,29.6166666,119.0166666,172.0,60.69109807268337,10.951777095822562,25.591433246866053,-0.9070138128026362,0.9955168540074409,29.6166666,877.1469404955554,0.9797320231497504,5.153291594497779,-2686.5932928292873,4843.41940281919,3148.514882816864,0.0,180.0,57.2
2024-10-26,69.0,72.9,62.8,995.3,12.8,3.6,7.8,15.3,29.6166666,119.0166666,172.0,62.82010820410873,10.925236209410214,25.41022298432932,-0.8996308696522434,0.9955168540074409,29.6166666,877.1469404955554,0.9797320231497504,5.153291594497779,-2686.5932928292873,4843.41940281919,3148.514882816864,0.0,180.0,66.5
2024-10-27,63.1,72.9,59.4,996.7,10.7,3.4,7.8,-84.93836673602192,29.6166666,119.0166666,172.0,57.310269187715086,10.898941842354692,25.230711148629293,-0.8919813464595487,0.9955168540074409,29.6166666,877.1469404955554,0.9797320231497504,5.153291594497779,-2686.5932928292873,4843.41940281919,3148.514882816864,0.0,180.0,61.7
2024-10-28,62.9,69.1,57.0,997.5,8.5,2.9,3.9,87.79112920931267,29.6166666,119.0166666,172.0,56.99213173102103,10.872902714980166,25.052980896063527,-0.8840675099433637,0.9955168540074409,29.6166666,877.1469404955554,0.9797320231497504,5.153291594497779,-2686.5932928292873,4843.41940281919,3148.514882816864,0.0,180.0,56.4
2024-10-29,62.9,70.7,57.0,999.1,7.3,4.6,5.8,120.09300857913223,29.6166666,119.0166666,172.0,56.85702749040303,10.847127661126173,24.877114629824415,-0.8758917051442433,0.9955168540074409,29.6166666,877.1469404955554,0.9797320231497504,5.153291594497779,-2686.5932928292873,4843.41940281919,3148.514882816864,0.0,180.0,51.0
2024-10-30,63.3,70.7,57.6,999.8,14.2,6.1,7.8,146.2138495726205,29.6166666,119.0166666,172.0,57.08407516943216,10.821625624536903,24.70319393951734,-0.8674563547295971,0.9955168540074409,29.6166666,877.1469404955554,0.9797320231497504,5.153291594497779,-2686.5932928292873,4843.41940281919,3148.514882816864,0.0,180.0,54.4
2024-10-31,64.5,66.6,58.8,995.2,13.8,6.0,11.7,18.5,29.6166666,119.0166666,172.0,58.03068039413636,10.796405654723044,24.531299542384822,-0.858763958275803,0.9955168540074409,29.6166666,877.1469404955554,0.9797320231497504,5.153291594497779,-2686.5932928292873,4843.41940281919,3148.514882816864,0.0,180.0,60.4
2024-11-01,63.5,66.2,60.1,995.9,17.2,5.3,7.8,46.92241381150918,29.6166666,119.0166666,172.0,56.99906527460258,10.771476902287102,24.361511226308206,-0.8498170915275277,0.9955168540074409,29.6166666,877.1469404955554,0.9797320231497504,5.153291594497779,-2686.5932928292873,4843.41940281919,3148.514882816864,0.0,180.0,59.9
2024-11-02,64.0,74.5,56.5,2.8,13.4,2.4,3.9,129.95381162363844,29.6166666,119.0166666,172.0,57.31652593975713,10.746848613704461,24.193907794652965,-0.8406184056344783,0.9955168540074409,29.6166666,877.1469404955554,0.9797320231497504,5.153291594497779,-2686.5932928292873,4843.41940281919,3148.514882816864,0.0,180.0,55.0
2024-11-03,64.6,75.7,55.9,1.6,12.6,2.4,3.9,-221.3858876844814,29.6166666,119.0166666,172.0,57.722953842564394,10.722530125553758,24.028567013016737,-0.8311706263658079,0.9955168540074409,29.6166666,877.1469404955554,0.9797320231497504,5.153291594497779,-2686.5932928292873,4843.41940281919,3148.514882816864,0.0,180.0,56.5
2024-11-04,65.4,75.7,57.2,3.7,6.9,4.2,7.8,-116.93241799777267,29.6166666,119.0166666,172.0,58.306993177145216,10.698530858191782,23.865565557932623,-0.8214765533024145,0.9955168540074409,29.6166666,877.1469404955554,0.9797320231497504,5.153291594497779,-2686.5932928292873,4843.41940281919,3148.514882816864,0.0,180.0,55.9
2024-11-05,60.9,70.9,53.4,6.2,9.3,3.6,5.8,-128.56786384805213,29.6166666,119.0166666,172.0,54.174916067513855,10.674860308869725,23.704978967574323,-0.8115390590073611,0.9955168540074409,29.6166666,877.1469404955554,0.9797320231497504,5.153291594497779,-2686.5932928292873,4843.41940281919,3148.514882816864,0.0,180.0,51.3
2024-11-06,57.8,68.5,50.0,8.0,16.5,4.4,7.8,78.67941735394433,29.6166666,119.0166666,172.0,51.30486007999369,10.651528044289346,23.54688159450162,-0.801361088174677,0.9955168540074409,29.6166666,877.1469404955554,0.9797320231497504,5.153291594497779,-2686.5932928292873,4843.41940281919,3148.514882816864,0.0,180.0,42.5
2024-11-07,58.7,68.4,49.1,7.0,18.1,3.2,3.9,-147.87333859723785,29.6166666,119.0166666,172.0,51.99129289629973,10.628543692599603,23.391346560478905,-0.7909456567567774,0.9955168540074409,29.6166666,877.1469404955554,0.9797320231497504,5.153291594497779,-2686.5932928292873,4843.41940281919,3148.514882816864,0.0,180.0,43.8
2024-11-08,62.2,70.0,50.9,3.5,16.5,4.1,5.8,13.18286608889125,29.6166666,119.0166666,172.0,54.974002778901465,10.605916934836294,23.238445713391805,-0.780295851070776,0.9955168540074409,29.6166666,877.1469404955554,0.9797320231497504,5.153291594497779,-2686.5932928292873,4843.41940281919,3148.514882816864,0.0,180.0,50.3
2024-11-09,66.4,71.4,56.3,1.4,12.0,2.9,3.9,3.4883243707657368,29.6166666,119.0166666,172.0,58.56290481014513,10.583657495809359,23.088249586279904,-0.7694148268839381,0.9955168540074409,29.6166666,877.1469404955554,0.9797320231497504,5.153291594497779,-2686.5932928292873,4843.41940281919,3148.514882816864,0.0,180.0,58.0
2024-11-10,64.0,71.4,58.5,1.3,10.0,2.4,3.9,-41.51770859182736,29.6166666,119.0166666,172.0,56.329467383705754,10.56177513444483,22.940827358496836,-0.7583058084785625,0.9955168540074409,29.6166666,877.1469404955554,0.9797320231497504,5.153291594497779,-2686.5932928292873,4843.41940281919,3148.514882816864,0.0,180.0,60.2
2024-11-11,64.3,74.7,57.4,0.4,10.7,2.9,3.9,134.95240335568548,29.6166666,119.0166666,172.0,56.47833170332348,10.540279633590696,22.796246819001244,-0.7469720876965551,0.9955168540074409,29.6166666,877.1469404955554,0.9797320231497504,5.153291594497779,-2686.5932928292873,4843.41940281919,3148.514882816864,0.0,180.0,54.0
2024-11-12,65.8,74.7,58.6,999.6,7.2,5.1,5.8,-87.25388951520848,29.6166666,119.0166666,172.0,57.680174661319924,10.519180789298467,22.654574331775915,-0.7354170229639858,0.9955168540074409,29.6166666,877.1469404955554,0.9797320231497504,5.153291594497779,-2686.5932928292873,4843.41940281919,3148.514882816864,0.0,180.0,54.3
2024-11-23,56.3,61.7,50.9,5.9,11.5,3.6,3.9,-29.226028872325532,29.6166666,119.0166666,172.0,48.39947579369653,10.316051678940648,21.305574946609585,-0.594726686960764,0.9955168540074409,29.6166666,877.1469404955554,0.9797320231497504,5.153291594497779,-2686.5932928292873,4843.41940281919,3148.514882816864,0.0,180.0,42.9
2024-11-24,57.7,63.7,52.2,3.8,11.0,4.9,5.8,96.16775343154431,29.6166666,119.0166666,172.0,49.52806882035052,10.300464919310333,21.203418617524363,-0.5808002734538013,0.9955168540074409,29.6166666,877.1469404955554,0.9797320231497504,5.153291594497779,-2686.5932928292873,4843.41940281919,3148.514882816864,0.0,180.0,47.1
2024-11-25,53.1,63.7,46.6,3.1,9.7,5.5,9.7,-182.58233718851196,29.6166666,119.0166666,172.0,45.51288463138522,10.285397656810218,21.10489139064812,-0.5667017562911184,0.9955168540074409,29.6166666,877.1469404955554,0.9797320231497504,5.153291594497779,-2686.5932928292873,4843.41940281919,3148.514882816864,0.0,180.0,49.3
2024-11-26,50.6,58.5,45.5,5.5,18.4,7.2,9.7,69.22432415876847,29.6166666,119.0166666,172.0,43.30878669138954,10.270858503886847,21.010037175044836,-0.5524353131676203,0.9955168540074409,29.6166666,877.1469404955554,0.9797320231497504,5.153291594497779,-2686.5932928292873,4843.41940281919,3148.514882816864,0.0,180.0,31.7
2024-11-27,50.4,60.6,42.8,4.3,18.5,4.1,7.8,115.36355708817848,29.6166666,119.0166666,172.0,43.078794690102896,10.256855878595928,20.918898168816856,-0.5380051715382992,0.9955168540074409,29.6166666,877.1469404955554,0.9797320231497504,5.153291594497779,-2686.5932928292873,4843.41940281919,3148.514882816864,0.0,180.0,36.7
2024-11-28,51.4,60.6,41.5,4.3,18.3,6.3,9.7,181.77918320978264,29.6166666,119.0166666,172.0,43.87588805396327,10.243397989252125,20.831514852849793,-0.5234156073655503,0.9955168540074409,29.6166666,877.1469404955554,0.9797320231497504,5.153291594497779,-2686.5932928292873,4843.41940281919,3148.514882816864,0.0,180.0,31.5
2024-11-29,50.6,61.3,42.6,2.3,18.6,2.4,3.9,137.8214621223947,29.6166666,119.0166666,172.0,43.138578054089244,10.230492819151598,20.747925985701126,-0.5086709438521042,0.9955168540074409,29.6166666,877.1469404955554,0.9797320231497504,5.153291594497779,-2686.5932928292873,4843.41940281919,3148.514882816864,0.0,180.0,34.2
2024-11-30,52.0,63.3,42.1,997.8,17.3,2.2,3.9,-37.797147580842605,29.6166666,119.0166666,172.0,44.27864181616044,10.21814811142164,20.66816859953738,-0.49377555015997737,0.9955168540074409,29.6166666,877.1469404955554,0.9797320231497504,5.153291594497779,-2686.5932928292873,4843.41940281919,3148.514882816864,0.0,180.0,41.0
2024-12-02,56.1,69.3,46.4,999.2,14.7,2.7,3.9,37.35074983083568,29.6166666,119.0166666,172.0,47.66241865216516,10.195169765169018,20.520287749068306,-0.4635502709028512,0.9955168540074409,29.6166666,877.1469404955554,0.9797320231497504,5.153291594497779,-2686.5932928292873,4843.41940281919,3148.514882816864,0.0,180.0,46.4
2024-12-03,56.8,69.3,48.6,1.4,4.7,5.5,7.8,-135.84560738459433,29.6166666,119.0166666,172.0,48.20687131867656,10.18455027859364,20.452229693325762,-0.4482293417404106,0.9955168540074409,29.6166666,877.1469404955554,0.9797320231497504,5.153291594497779,-2686.5932928292873,4843.41940281919,3148.514882816864,0.0,180.0,45.7
2024-12-04,53.9,63.3,51.6,1.3,4.7,5.1,7.8,-52.12428396212833,29.6166666,119.0166666,172.0,45.70055022119622,10.174519529765393,20.388133933359942,-0.4327755925504317,0.9955168540074409,29.6166666,877.1469404955554,0.9797320231497504,5.153291594497779,-2686.5932928292873,4843.41940281919,3148.514882816864,0.0,180.0,48.5
2024-12-05,50.5,57.6,48.2,1.8,9.5,3.9,5.8,-127.50023192133096,29.6166666,119.0166666,172.0,42.77806116868174,10.165083842062987,20.328028838372955,-0.41719360261231697,0.9955168540074409,29.6166666,877.1469404955554,0.9797320231497504,5.153291594497779,-2686.5932928292873,4843.41940281919,3148.514882816864,0.0,180.0,47.1
2024-12-06,50.1,52.5,47.8,3.3,6.5,2.4,3.9,-41.186283576450194,29.6166666,119.0166666,172.0,42.40234046674891,10.156249213592554,20.271941043403853,-0.4014879892059737,0.9955168540074409,29.6166666,877.1469404955554,0.9797320231497504,5.153291594497779,-2686.5932928292873,4843.41940281919,3148.514882816864,0.0,180.0,44.0
2024-12-07,49.5,53.1,45.7,7.7,3.7,4.9,7.8,141.16057792596814,29.6166666,119.0166666,172.0,41.86058788103409,10.148021304493113,20.21989544990547,-0.38566340624360745,0.9955168540074409,29.6166666,877.1469404955554,0.9797320231497504,5.153291594497779,-2686.5932928292873,4843.41940281919,3148.514882816864,0.0,180.0,35.0
2024-12-08,45.6,53.1,41.9,8.6,11.7,4.4,5.8,-27.545663795682827,29.6166666,119.0166666,172.0,38.53354061429118,10.140405424813467,20.171915226609133,-0.3697245428906732,0.9955168540074409,29.6166666,877.1469404955554,0.9797320231497504,5.153291594497779,-2686.5932928292873,4843.41940281919,3148.514882816864,0.0,180.0,24.9
2024-12-09,48.0,52.7,41.5,3.7,11.4,2.9,3.9,28.03128315094223,29.6166666,119.0166666,172.0,40.53362609204947,10.133406523012367,20.128021810590838,-0.3536761221763721,0.9955168540074409,29.6166666,877.1469404955554,0.9797320231497504,5.153291594497779,-2686.5932928292873,4843.41940281919,3148.514882816864,0.0,180.0,33.4
2024-12-10,47.8,52.7,42.3,1.3,3.8,4.6,5.8,-4.179278276819112,29.6166666,119.0166666,172.0,40.3393328809414,10.127029175131732,20.088234908455693,-0.33752289959411347,0.9955168540074409,29.6166666,877.1469404955554,0.9797320231497504,5.153291594497779,-2686.5932928292873,4843.41940281919,3148.514882816864,0.0,180.0,44.3
2024-12-11,44.2,49.8,42.8,5.8,11.3,3.5,3.9,11.3,29.6166666,119.0166666,172.0,37.28003906677679,10.12127757469053,20.052572497562192,-0.32126966169236515,0.9955168540074409,29.6166666,877.1469404955554,0.9797320231497504,5.153291594497779,-2686.5932928292873,4843.41940281919,3148.514882816864,0.0,180.0,40.5
2024-12-12,44.9,48.9,40.5,5.9,4.9,3.6,5.8,2.4464979089042664,29.6166666,119.0166666,172.0,37.85128191651275,10.116155523344164,20.0210508272121,-0.3049212246562894,0.9955168540074409,29.6166666,877.1469404955554,0.9797320231497504,5.153291594497779,-2686.5932928292873,4843.41940281919,3148.514882816864,0.0,180.0,37.7
2024-12-13,43.5,50.7,36.7,9.4,4.0,4.9,5.8,217.5275406800186,29.6166666,119.0166666,172.0,36.654790781023515,10.111666422351314,19.993684419737438,-0.2884824328806098,0.9955168540074409,29.6166666,877.1469404955554,0.9797320231497504,5.153291594497779,-2686.5932928292873,4843.41940281919,3148.514882816864,0.0,180.0,34.3
2024-12-14,40.1,50.7,34.3,12.2,4.0,3.2,5.8,-43.07278449934611,29.6166666,119.0166666,172.0,33.776942660163854,10.10781326488694,19.970486071421455,-0.27195815753410524,0.9955168540074409,29.6166666,877.1469404955554,0.9797320231497504,5.153291594497779,-2686.5932928292873,4843.41940281919,3148.514882816864,0.0,180.0,28.3
2024-12-15,41.2,52.0,34.0,8.8,9.0,2.9,5.8,49.99451283198276,29.6166666,119.0166666,172.0,34.6924552937121,10.104598629236532,19.951466853196543,-0.2553532951161881,0.9955168540074409,29.6166666,877.1469404955554,0.9797320231497504,5.153291594497779,-2686.5932928292873,4843.41940281919,3148.514882816864,0.0,180.0,27.6
2024-12-16,43.7,57.0,34.3,5.6,12.8,2.7,3.9,-8.975141196395084,29.6166666,119.0166666,172.0,36.788206517155146,10.102024672903015,19.93663611106876,-0.23867276600594997,0.9955168540074409,29.6166666,877.1469404955554,0.9797320231497504,5.153291594497779,-2686.5932928292873,4843.41940281919,3148.514882816864,0.0,180.0,31.3
2024-12-17,44.5,57.0,36.1,6.4,12.0,2.2,3.9,-154.73498663766975,29.6166666,119.0166666,172.0,37.45451201504861,10.100093127653556,19.92600146622512,-0.22192151300416674,0.9955168540074409,29.6166666,877.1469404955554,0.9797320231497504,5.153291594497779,-2686.5932928292873,4843.41940281919,3148.514882816864,0.0,180.0,36.3
2024-12-18,42.3,54.5,35.8,11.1,8.2,5.2,9.7,17.78786837302606,29.6166666,119.0166666,172.0,35.59828866674121,10.098805295529424,19.91956881478719,-0.20510449986861926,0.9955168540074409,29.6166666,877.1469404955554,0.9797320231497504,5.153291594497779,-2686.5932928292873,4843.41940281919,3148.514882816864,0.0,180.0,28.5
2024-12-19,39.7,54.5,33.8,8.7,17.2,3.2,5.8,112.73396569459796,29.6166666,119.0166666,172.0,33.40808610164592,10.098162045837558,19.9173423271817,-0.1882267098432439,0.9955168540074409,29.6166666,877.1469404955554,0.9797320231497504,5.153291594497779,-2686.5932928292873,4843.41940281919,3148.514882816864,0.0,180.0,26.0
2024-12-20,43.1,54.9,33.4,4.2,12.2,2.9,3.9,-127.11829846077424,29.6166666,119.0166666,172.0,36.269238362187096,10.098163813137937,19.919324447106575,-0.1712931441814778,0.9955168540074409,29.6166666,877.1469404955554,0.9797320231497504,5.153291594497779,-2686.5932928292873,4843.41940281919,3148.514882816864,0.0,180.0,32.0
2024-12-21,42.1,54.9,34.9,9.3,6.7,3.9,5.8,-144.61670242792553,29.6166666,119.0166666,172.0,35.42999384179569,10.098810596236302,19.925515890078376,-0.154308820664281,0.9955168540074409,29.6166666,877.1469404955554,0.9797320231497504,5.153291594497779,-2686.5932928292873,4843.41940281919,3148.514882816864,0.0,180.0,21.8
2024-12-22,38.9,53.4,33.4,9.7,11.1,3.9,5.8,-94.26462955400564,29.6166666,119.0166666,172.0,32.74116384778927,10.10010195818692,19.935915641555162,-0.13727877211326517,0.9955168540074409,29.6166666,877.1469404955554,0.9797320231497504,5.153291594497779,-2686.5932928292873,4843.41940281919,3148.514882816864,0.0,180.0,19.7
2024-12-23,43.7,47.7,34.7,8.3,6.5,3.4,3.9,88.66524085709548,29.6166666,119.0166666,172.0,36.788251507770504,10.102037027305402,19.950520954636442,-0.12020804489935275,0.9955168540074409,29.6166666,877.1469404955554,0.9797320231497504,5.153291594497779,-2686.5932928292873,4843.41940281919,3148.514882816864,0.0,180.0,30.9
2024-12-24,47.2,50.7,39.4,7.6,5.0,3.1,3.9,74.99989664046399,29.6166666,119.0166666,172.0,39.74481703013476,10.104614499186804,19.969327347349996,-0.10310169744743544,0.9955168540074409,29.6166666,877.1469404955554,0.9797320231497504,5.153291594497779,-2686.5932928292873,4843.41940281919,3148.514882816864,0.0,180.0,36.4
2024-12-25,50.0,56.8,43.2,6.5,4.4,2.9,3.9,29.25852255803109,29.6166666,119.0166666,172.0,42.1159693321645,10.10783263971948,19.99232859954314,-0.0859647987374467,0.9955168540074409,29.6166666,877.1469404955554,0.9797320231497504,5.153291594497779,-2686.5932928292873,4843.41940281919,3148.514882816864,0.0,180.0,41.7
2024-12-26,49.6,56.8,44.4,9.1,3.2,3.6,5.8,5.70853890867355,29.6166666,119.0166666,172.0,41.7949823948664,10.11168928908058,20.019516749403568,-0.06880242680232064,0.9955168540074409,29.6166666,877.1469404955554,0.9797320231497504,5.153291594497779,-2686.5932928292873,4843.41940281919,3148.514882816864,0.0,180.0,32.8
2024-12-27,46.3,55.9,39.4,11.1,4.9,3.9,5.8,146.72277742241965,29.6166666,119.0166666,172.0,39.03160170232932,10.116181866694424,20.050882089642915,-0.05161966722325418,0.9955168540074409,29.6166666,877.1469404955554,0.9797320231497504,5.153291594497779,-2686.5932928292873,4843.41940281919,3148.514882816864,0.0,180.0,28.5
2024-12-28,40.9,52.0,32.4,10.9,10.0,2.4,3.9,91.13309893818918,29.6166666,119.0166666,172.0,34.49678931038716,10.121307377130707,20.086413163383188,-0.034421611622745804,0.9955168540074409,29.6166666,877.1469404955554,0.9797320231497504,5.153291594497779,-2686.5932928292873,4843.41940281919,3148.514882816864,0.0,180.0,19.7
2024-12-29,42.4,55.4,31.6,5.1,11.5,2.4,3.9,108.34499780132586,29.6166666,119.0166666,172.0,35.78228720643346,10.12706241691513,20.12609675979373,-0.01721335615583528,0.9955168540074409,29.6166666,877.1469404955554,0.9797320231497504,5.153291594497779,-2686.5932928292873,4843.41940281919,3148.514882816864,0.0,180.0,23.4
2024-12-30,45.5,55.4,33.8,4.0,9.2,2.4,3.9,107.92467721006155,29.6166666,119.0166666,172.0,38.422638732588645,10.13344318222118,20.16991790953291,6.432490598706546e-16,0.9955168540074409,29.6166666,877.1469404955554,0.9797320231497504,5.153291594497779,-2686.5932928292873,4843.41940281919,3148.514882816864,0.0,180.0,35.0
2024-12-31,45.7,57.9,37.2,4.1,6.7,3.2,3.9,52.38385499610947,29.6166666,119.0166666,172.0,38.6181965264613,10.140445477407779,20.217859880055833,0.017213356155833904,0.9955168540074409,29.6166666,877.1469404955554,0.9797320231497504,5.153291594497779,-2686.5932928292873,4843.41940281919,3148.514882816864,0.0,180.0,29.1
2025-01-01,46.8,58.3,35.4,1.9,7.6,2.4,3.5,0.03973413112065316,29.6166666,119.0166666,172.0,39.547737361890334,10.140445477407779,20.217859880055833,0.017213356155834685,0.9955168540074409,29.6166666,877.1469404955554,0.9797320231497504,5.153291594497779,-2686.5932928292873,4843.41940281919,3148.514882816864,0.0,180.0,28.9
2025-01-02,49.1,60.4,37.9,4.3,6.6,3.6,7.8,18.3,29.6166666,119.0166666,172.0,41.52249816385698,10.14806472436423,20.269904170854744,0.03442161162274574,0.9955168540074409,29.6166666,877.1469404955554,0.9797320231497504,5.153291594497779,-2686.5932928292873,4843.41940281919,3148.514882816864,0.0,180.0,35.9
2025-01-03,46.3,60.4,38.8,6.9,4.7,3.0,3.5,14.4,29.6166666,119.0166666,172.0,39.186375294360424,10.156295972620413,20.326030508705657,0.051619667223253764,0.9955168540074409,29.6166666,877.1469404955554,0.9797320231497504,5.153291594497779,-2686.5932928292873,4843.41940281919,3148.514882816864,0.0,180.0,34.9
2025-01-04,48.1,57.7,38.7,4.2,6.4,2.3,3.7,130.8014127854425,29.6166666,119.0166666,172.0,40.74524508996092,10.16513391017736,20.38621684299881,0.06880242680231986,0.9955168540074409,29.6166666,877.1469404955554,0.9797320231497504,5.153291594497779,-2686.5932928292873,4843.41940281919,3148.514882816864,0.0,180.0,36.5
2025-01-05,48.5,57.9,39.9,2.3,6.3,2.2,3.1,167.4966158798326,29.6166666,119.0166666,172.0,41.12223203650149,10.174572875010677,20.450439341236745,0.08596479873744647,0.9955168540074409,29.6166666,877.1469404955554,0.9797320231497504,5.153291594497779,-2686.5932928292873,4843.41940281919,3148.514882816864,0.0,180.0,40.5
2025-01-06,48.6,58.8,41.7,4.7,8.5,2.9,4.7,10.3,29.6166666,119.0166666,172.0,41.24765781214744,10.184606867196898,20.518672384786978,0.10310169744743485,0.9955168540074409,29.6166666,877.1469404955554,0.9797320231497504,5.153291594497779,-2686.5932928292873,4843.41940281919,3148.514882816864,0.0,180.0,31.9
2025-01-07,44.5,58.8,42.1,4.8,7.7,2.6,4.7,10.3,29.6166666,119.0166666,172.0,37.807309624307514,10.195229561611015,20.590888564980954,0.1202080448993527,0.9955168540074409,29.6166666,877.1469404955554,0.9797320231497504,5.153291594497779,-2686.5932928292873,4843.41940281919,3148.514882816864,0.0,180.0,26.0
2025-01-08,46.2,53.8,39.0,5.5,11.3,2.6,4.1,12.4,29.6166666,119.0166666,172.0,39.29477213639536,10.20643432114165,20.66705867965373,0.13727877211326478,0.9955168540074409,29.6166666,877.1469404955554,0.9797320231497504,5.153291594497779,-2686.5932928292873,4843.41940281919,3148.514882816864,0.0,180.0,27.3
2025-01-09,40.4,53.8,32.2,12.9,14.4,4.9,7.8,16.3,29.6166666,119.0166666,172.0,34.4013211749096,10.218214210369187,20.74715173022201,0.15430882066428117,0.9955168540074409,29.6166666,877.1469404955554,0.9797320231497504,5.153291594497779,-2686.5932928292873,4843.41940281919,3148.514882816864,0.0,180.0,14.2
2025-01-10,38.6,48.9,31.1,15.5,18.0,3.3,4.5,16.3,29.6166666,119.0166666,172.0,32.90830779771135,10.230562009651196,20.83113491939981,0.1712931441814776,0.9955168540074409,29.6166666,877.1469404955554,0.9797320231497504,5.153291594497779,-2686.5932928292873,4843.41940281919,3148.514882816864,0.0,180.0,10.7
2025-01-11,39.6,49.5,31.3,11.1,16.1,2.6,3.9,10.5,29.6166666,119.0166666,172.0,33.80345175754426,10.243470229558866,20.91897364965319,0.1882267098432442,0.9955168540074409,29.6166666,877.1469404955554,0.9797320231497504,5.153291594497779,-2686.5932928292873,4843.41940281919,3148.514882816864,0.0,180.0,21.3
2025-01-12,43.7,56.3,32.4,7.9,11.5,2.9,8.5,15.5,29.6166666,119.0166666,172.0,37.35232418242241,10.256931125607984,21.01063152249608,0.2051044998686192,0.9955168540074409,29.6166666,877.1469404955554,0.9797320231497504,5.153291594497779,-2686.5932928292873,4843.41940281919,3148.514882816864,0.0,180.0,26.5
2025-01-13,48.1,59.5,34.9,5.3,11.6,2.8,6.6,-199.43558870349602,29.6166666,119.0166666,172.0,41.16933799218905,10.270936713228037,21.106070338729907,0.2219215130041655,0.9955168540074409,29.6166666,877.1469404955554,0.9797320231497504,5.153291594497779,-2686.5932928292873,4843.41940281919,3148.514882816864,0.0,180.0,32.8
2025-01-14,53.8,62.2,36.7,6.9,10.9,4.3,9.7,18.5,29.6166666,119.0166666,172.0,46.113229876728525,10.285478782913426,21.205250099729373,0.2386727660059501,0.9955168540074409,29.6166666,877.1469404955554,0.9797320231497504,5.153291594497779,-2686.5932928292873,4843.41940281919,3148.514882816864,0.0,180.0,32.4
2025-01-15,42.2,62.2,32.4,12.2,13.0,4.3,10.7,18.8,29.6166666,119.0166666,172.0,36.22359701951346,10.300548915501457,21.308129009876353,0.255353295116187,0.9955168540074409,29.6166666,877.1469404955554,0.9797320231497504,5.153291594497779,-2686.5932928292873,4843.41940281919,3148.514882816864,0.0,180.0,14.4
2025-01-16,40.6,53.1,31.1,9.5,17.8,3.1,5.2,10.1,29.6166666,119.0166666,172.0,34.90293524995221,10.31613849752282,21.414663480242197,0.2719581575341055,0.9955168540074409,29.6166666,877.1469404955554,0.9797320231497504,5.153291594497779,-2686.5932928292873,4843.41940281919,3148.514882816864,0.0,180.0,20.4
2025-01-17,42.7,54.7,32.4,6.3,15.2,2.7,4.5,-163.3956197083874,29.6166666,119.0166666,172.0,36.76554950430011,10.332238736571458,21.524808133617135,0.288482432880609,0.9955168540074409,29.6166666,877.1469404955554,0.9797320231497504,5.153291594497779,-2686.5932928292873,4843.41940281919,3148.514882816864,0.0,180.0,24.2
2025-01-18,45.4,57.7,34.0,1.2,11.1,2.2,3.3,199.5213525114752,29.6166666,119.0166666,172.0,39.153113893296556,10.348840676642261,21.63851581098327,0.30492122465628907,0.9955168540074409,29.6166666,877.1469404955554,0.9797320231497504,5.153291594497779,-2686.5932928292873,4843.41940281919,3148.514882816864,0.0,180.0,31.5
2025-01-19,47.2,64.6,36.3,999.0,14.0,2.5,3.3,-50.32814397185888,29.6166666,119.0166666,172.0,40.77267850598802,10.365935213386784,21.75573757952425,0.3212696616923644,0.9955168540074409,29.6166666,877.1469404955554,0.9797320231497504,5.153291594497779,-2686.5932928292873,4843.41940281919,3148.514882816864,0.0,180.0,33.4
2025-01-20,49.8,64.6,38.8,999.9,11.4,2.6,4.9,138.74425007258446,29.6166666,119.0166666,172.0,43.09157940334193,10.38351310923902,21.876422742261934,0.3375228995941133,0.9955168540074409,29.6166666,877.1469404955554,0.9797320231497504,5.153291594497779,-2686.5932928292873,4843.41940281919,3148.514882816864,0.0,180.0,31.6
2025-01-21,51.4,65.8,39.4,0.2,6.3,3.7,6.6,9.9,29.6166666,119.0166666,172.0,44.55337011916573,10.401565008365539,22.0005188494063,0.3536761221763716,0.9955168540074409,29.6166666,877.1469404955554,0.9797320231497504,5.153291594497779,-2686.5932928292873,4843.41940281919,3148.514882816864,0.0,180.0,31.4
2025-01-22,50.5,65.8,41.7,0.1,6.7,1.8,3.1,-18.42099075436855,29.6166666,119.0166666,172.0,43.85117610795985,10.4200814513964,22.127971711500223,0.3697245428906731,0.9955168540074409,29.6166666,877.1469404955554,0.9797320231497504,5.153291594497779,-2686.5932928292873,4843.41940281919,3148.514882816864,0.0,180.0,38.1
2025-01-23,54.1,67.3,43.5,0.0,6.7,3.8,5.6,18.5,29.6166666,119.0166666,172.0,47.06273011194698,10.43905288989582,22.25872541443665,0.38566340624360707,0.9955168540074409,29.6166666,877.1469404955554,0.9797320231497504,5.153291594497779,-2686.5932928292873,4843.41940281919,3148.514882816864,0.0,180.0,40.6
2025-01-24,53.9,67.3,45.0,0.3,6.6,6.7,11.5,22.1,29.6166666,119.0166666,172.0,46.975959738231744,10.45846970053397,22.39272233642021,0.401487989205973,0.9955168540074409,29.6166666,877.1469404955554,0.9797320231497504,5.153291594497779,-2686.5932928292873,4843.41940281919,3148.514882816864,0.0,180.0,45.0
2025-01-25,48.5,60.6,43.9,3.2,5.2,6.3,9.1,20.8,29.6166666,119.0166666,172.0,42.349885553984564,10.478322198924015,22.52990316693979,0.4171936026123168,0.9955168540074409,29.6166666,877.1469404955554,0.9797320231497504,5.153291594497779,-2686.5932928292873,4843.41940281919,3148.514882816864,0.0,180.0,41.7
2025-01-26,40.8,53.1,35.1,6.9,9.3,6.8,11.1,25.1,29.6166666,119.0166666,172.0,35.695242220509655,10.498600653091076,22.670206927813073,0.4327755925504312,0.9955168540074409,29.6166666,877.1469404955554,0.9797320231497504,5.153291594497779,-2686.5932928292873,4843.41940281919,3148.514882816864,0.0,180.0,32.8
2025-01-27,39.7,48.6,32.7,7.2,18.2,4.8,8.9,25.1,29.6166666,119.0166666,172.0,34.801335272728494,10.519295296542616,22.813570996357708,0.4482293417404106,0.9955168540074409,29.6166666,877.1469404955554,0.9797320231497504,5.153291594497779,-2686.5932928292873,4843.41940281919,3148.514882816864,0.0,180.0,19.3
2025-01-28,41.1,51.4,30.4,9.0,16.2,3.6,7.6,19.4,29.6166666,119.0166666,172.0,36.10085746762514,10.54039634091245,22.959931130737463,0.4635502709028509,0.9955168540074409,29.6166666,877.1469404955554,0.9797320231497504,5.153291594497779,-2686.5932928292873,4843.41940281919,3148.514882816864,0.0,180.0,22.8
2025-01-29,44.7,55.4,31.6,6.3,12.6,2.7,4.1,11.1,29.6166666,119.0166666,172.0,39.34305510587127,10.561893988153361,23.109221497525116,0.47873384011578846,0.9955168540074409,29.6166666,877.1469404955554,0.9797320231497504,5.153291594497779,-2686.5932928292873,4843.41940281919,3148.514882816864,0.0,180.0,26.3
2025-01-30,47.6,55.4,34.5,0.9,12.8,2.2,6.4,10.5,29.6166666,119.0166666,172.0,41.982321154282346,10.583778442256055,23.26137470151687,0.49377555015997715,0.9955168540074409,29.6166666,877.1469404955554,0.9797320231497504,5.153291594497779,-2686.5932928292873,4843.41940281919,3148.514882816864,0.0,180.0,33.8
2025-01-31,47.0,54.5,42.8,998.3,5.3,2.0,4.9,10.5,29.6166666,119.0166666,172.0,41.54032302185996,10.606039920474883,23.41632181782623,0.5086709438521044,0.9955168540074409,29.6166666,877.1469404955554,0.9797320231497504,5.153291594497779,-2686.5932928292873,4843.41940281919,3148.514882816864,0.0,180.0,45.4
2025-02-01,45.6,49.6,43.0,0.0,11.3,4.2,5.8,14.0,29.6166666,119.0166666,172.0,40.388940923365126,10.628668664043454,23.573992426277915,0.5234156073655503,0.9955168540074409,29.6166666,877.1469404955554,0.9797320231497504,5.153291594497779,-2686.5932928292873,4843.41940281919,3148.514882816864,0.0,180.0,42.5
2025-02-02,43.5,49.6,41.7,2.0,11.2,3.8,5.6,12.8,29.6166666,119.0166666,172.0,38.61224918782622,10.651654948365856,23.73431464811522,0.5380051715382996,0.9955168540074409,29.6166666,877.1469404955554,0.9797320231497504,5.153291594497779,-2686.5932928292873,4843.41940281919,3148.514882816864,0.0,180.0,39.8
2025-02-03,42.1,48.6,35.8,7.1,3.4,3.2,4.5,11.5,29.6166666,119.0166666,172.0,37.451420066790035,10.674989092671744,23.89721518502666,0.5524353131676196,0.9955168540074409,29.6166666,877.1469404955554,0.9797320231497504,5.153291594497779,-2686.5932928292873,4843.41940281919,3148.514882816864,0.0,180.0,35.1
2025-02-04,42.5,53.2,35.1,4.6,9.9,3.5,7.4,21.4,29.6166666,119.0166666,172.0,37.89109270315469,10.69866146912603,24.062619360490462,0.5667017562911176,0.9955168540074409,29.6166666,877.1469404955554,0.9797320231497504,5.153291594497779,-2686.5932928292873,4843.41940281919,3148.514882816864,0.0,180.0,29.9
2025-02-05,46.5,54.0,35.4,2.9,13.5,3.6,5.8,17.7,29.6166666,119.0166666,172.0,41.55031723162149,10.722662511386192,24.230451163427766,0.5808002734538009,0.9955168540074409,29.6166666,877.1469404955554,0.9797320231497504,5.153291594497779,-2686.5932928292873,4843.41940281919,3148.514882816864,0.0,180.0,28.1
2025-02-06,43.9,54.0,36.7,4.5,11.8,2.9,5.4,13.4,29.6166666,119.0166666,172.0,39.31604512685448,10.746982722602594,24.400633294148022,0.5947266869607634,0.9955168540074409,29.6166666,877.1469404955554,0.9797320231497504,5.153291594497779,-2686.5932928292873,4843.41940281919,3148.514882816864,0.0,180.0,28.3
2025-02-07,38.8,51.3,26.1,11.7,15.3,8.4,13.2,26.8,29.6166666,119.0166666,172.0,34.82821434124488,10.771612682859242,24.573087212562513,0.6084768701151261,0.9955168540074409,29.6166666,877.1469404955554,0.9797320231497504,5.153291594497779,-2686.5932928292873,4843.41940281919,3148.514882816864,0.0,180.0,13.6
2025-02-08,34.5,51.3,24.6,12.9,18.6,3.8,5.6,17.1,29.6166666,119.0166666,172.0,31.0400612861566,10.79654305605447,24.747733188634406,0.6220467484408675,0.9955168540074409,29.6166666,877.1469404955554,0.9797320231497504,5.153291594497779,-2686.5932928292873,4843.41940281919,3148.514882816864,0.0,180.0,3.4
2025-02-09,38.7,48.6,26.8,8.4,18.6,3.4,4.5,15.0,29.6166666,119.0166666,172.0,34.90019082281918,10.821764596223,24.924490355026467,0.6354323008901774,0.9955168540074409,29.6166666,877.1469404955554,0.9797320231497504,5.153291594497779,-2686.5932928292873,4843.41940281919,3148.514882816864,0.0,180.0,12.1
2025-02-10,47.2,55.8,30.2,4.1,16.9,3.1,4.1,10.3,29.6166666,119.0166666,172.0,42.66592140298985,10.847268153302503,25.103276761900183,0.6486295610349814,0.9955168540074409,29.6166666,877.1469404955554,0.9797320231497504,5.153291594497779,-2686.5932928292873,4843.41940281919,3148.514882816864,0.0,180.0,21.2
2025-02-11,49.8,55.8,34.5,999.8,11.3,1.7,2.7,10.3,29.6166666,119.0166666,172.0,45.12313541515071,10.87304467834957,25.28400943381284,0.6616346182422783,0.9955168540074409,29.6166666,877.1469404955554,0.9797320231497504,5.153291594497779,-2686.5932928292873,4843.41940281919,3148.514882816864,0.0,180.0,34.0
2025-02-12,46.2,54.5,43.5,5.4,6.0,2.5,5.2,13.6,29.6166666,119.0166666,172.0,41.96147812861397,10.899085228211419,25.466604428652197,0.6744436188329455,0.9955168540074409,29.6166666,877.1469404955554,0.9797320231497504,5.153291594497779,-2686.5932928292873,4843.41940281919,3148.514882816864,0.0,180.0,40.0
2025-02-13,47.0,53.8,41.2,4.4,3.0,2.5,4.3,10.5,29.6166666,119.0166666,172.0,42.79107546450611,10.925380969661134,25.65097689854123,0.6870527672236669,0.9955168540074409,29.6166666,877.1469404955554,0.9797320231497504,5.153291594497779,-2686.5932928292873,4843.41940281919,3148.514882816864,0.0,180.0,34.2
2025-02-14,45.6,53.8,41.7,999.2,1.5,2.1,2.7,-116.53146789048472,29.6166666,119.0166666,172.0,41.61730809542094,10.95192318300551,25.83704115263909,0.699458327051647,0.9955168540074409,29.6166666,877.1469404955554,0.9797320231497504,5.153291594497779,-2686.5932928292873,4843.41940281919,3148.514882816864,0.0,180.0,40.8
2025-02-15,47.7,49.3,43.7,998.2,2.7,2.5,4.9,-139.53392091263706,29.6166666,119.0166666,172.0,43.64034547907338,10.978703265175692,26.024710721757476,0.7116566222817746,0.9955168540074409,29.6166666,877.1469404955554,0.9797320231497504,5.153291594497779,-2686.5932928292873,4843.41940281919,3148.514882816864,0.0,180.0,46.5
2025-02-16,51.3,60.4,44.8,3.9,13.1,3.3,6.6,17.1,29.6166666,119.0166666,172.0,47.04942193063341,11.005712732311908,26.213898424705807,0.7236440382959124,0.9955168540074409,29.6166666,877.1469404955554,0.9797320231497504,5.153291594497779,-2686.5932928292873,4843.41940281919,3148.514882816864,0.0,180.0,41.3
2025-02-17,41.2,60.4,36.0,8.3,5.0,5.0,8.4,20.6,29.6166666,119.0166666,172.0,37.87977172836671,11.032943221854381,26.404516436272043,0.7354170229639855,0.9955168540074409,29.6166666,877.1469404955554,0.9797320231497504,5.153291594497779,-2686.5932928292873,4843.41940281919,3148.514882816864,0.0,180.0,31.0
2025-02-18,43.2,52.2,36.0,7.8,11.2,2.4,3.3,13.8,29.6166666,119.0166666,172.0,39.8173913789526,11.0603864941535,26.59647635674062,0.7469720876965552,0.9955168540074409,29.6166666,877.1469404955554,0.9797320231497504,5.153291594497779,-2686.5932928292873,4843.41940281919,3148.514882816864,0.0,180.0,37.5
2025-02-19,43.4,52.2,37.9,7.3,6.0,3.1,4.5,12.2,29.6166666,119.0166666,172.0,40.101724534899766,11.088034433612838,26.789689282843238,0.7583058084785624,0.9955168540074409,29.6166666,877.1469404955554,0.9797320231497504,5.153291594497779,-2686.5932928292873,4843.41940281919,3148.514882816864,0.0,180.0,37.8
2025-02-20,38.9,47.1,36.7,8.4,6.9,4.6,6.4,13.0,29.6166666,119.0166666,172.0,36.033974585071356,11.11587904937934,26.98406588003287,0.7694148268839378,0.9955168540074409,29.6166666,877.1469404955554,0.9797320231497504,5.153291594497779,-2686.5932928292873,4843.41940281919,3148.514882816864,0.0,180.0,37.2
2025-02-21,40.7,42.6,36.7,10.8,11.8,5.2,7.6,14.0,29.6166666,119.0166666,172.0,37.7964364797277,11.14391247559539,27.179516455966827,0.7802958510707755,0.9955168540074409,29.6166666,877.1469404955554,0.9797320231497504,5.153291594497779,-2686.5932928292873,4843.41940281919,3148.514882816864,0.0,180.0,35.8
2025-02-22,36.4,42.6,34.0,11.7,4.2,4.3,7.0,15.7,29.6166666,119.0166666,172.0,33.888785146058225,11.172126971227987,27.375951035079623,0.7909456567567772,0.9955168540074409,29.6166666,877.1469404955554,0.9797320231497504,5.153291594497779,-2686.5932928292873,4843.41940281919,3148.514882816864,0.0,180.0,34.5
2025-02-23,39.9,43.0,34.0,15.7,4.1,2.1,3.9,11.7,29.6166666,119.0166666,172.0,37.24171210730569,11.200514919490432,27.573279434122437,0.8013610881746766,0.9955168540074409,29.6166666,877.1469404955554,0.9797320231497504,5.153291594497779,-2686.5932928292873,4843.41940281919,3148.514882816864,0.0,180.0,35.4
2025-02-24,43.4,49.6,37.4,12.8,4.0,3.1,4.9,10.1,29.6166666,119.0166666,172.0,40.61179892385489,11.22906882687232,27.771411338541775,0.8115390590073611,0.9955168540074409,29.6166666,877.1469404955554,0.9797320231497504,5.153291594497779,-2686.5932928292873,4843.41940281919,3148.514882816864,0.0,180.0,31.6
2025-02-25,43.3,49.6,39.4,8.5,3.2,2.2,3.3,-98.50595035535046,29.6166666,119.0166666,172.0,40.621827602805425,11.257781321793653,27.970256379566486,0.8214765533024142,0.9955168540074409,29.6166666,877.1469404955554,0.9797320231497504,5.153291594497779,-2686.5932928292873,4843.41940281919,3148.514882816864,0.0,180.0,38.9
2025-02-26,50.4,58.5,40.6,3.2,6.6,1.9,3.7,-62.17774371561832,29.6166666,119.0166666,172.0,47.4039096421761,11.286645152899073,28.16972421186889,0.8311706263658079,0.9955168540074409,29.6166666,877.1469404955554,0.9797320231497504,5.153291594497779,-2686.5932928292873,4843.41940281919,3148.514882816864,0.0,180.0,41.5
2025-02-27,52.5,58.5,41.7,998.2,3.9,1.8,3.3,7.303217314937139,29.6166666,119.0166666,172.0,49.50598269316093,11.315653187008213,28.369724591663115,0.8406184056344782,0.9955168540074409,29.6166666,877.1469404955554,0.9797320231497504,5.153291594497779,-2686.5932928292873,4843.41940281919,3148.514882816864,0.0,180.0,49.1
2025-02-28,58.9,71.1,47.8,996.1,6.9,2.6,4.3,70.83652127399036,29.6166666,119.0166666,172.0,55.6840521797396,11.34479840673812,28.570167455100897,0.8498170915275278,0.9955168540074409,29.6166666,877.1469404955554,0.9797320231497504,5.153291594497779,-2686.5932928292873,4843.41940281919,3148.514882816864,0.0,180.0,53.1
2025-03-01,64.6,78.6,50.5,992.2,9.5,1.8,2.7,250.77992322443686,29.6166666,119.0166666,172.0,61.230431203730255,11.37407390781367,28.770962996823265,0.8587639582758029,0.9955168540074409,29.6166666,877.1469404955554,0.9797320231497504,5.153291594497779,-2686.5932928292873,4843.41940281919,3148.514882816864,0.0,180.0,56.0
2025-03-02,68.9,81.0,53.2,988.2,12.5,3.5,8.5,19.6,29.6166666,119.0166666,172.0,65.47494021166928,11.40347289608173,28.97202174852466,0.8674563547295969,0.9955168540074409,29.6166666,877.1469404955554,0.9797320231497504,5.153291594497779,-2686.5932928292873,4843.41940281919,3148.514882816864,0.0,180.0,58.4
2025-03-03,49.4,55.8,45.9,995.0,13.8,5.6,10.7,25.8,29.6166666,119.0166666,172.0,47.065803416807356,11.432988684244702,29.17325465738484,0.8758917051442429,0.9955168540074409,29.6166666,877.1469404955554,0.9797320231497504,5.153291594497779,-2686.5932928292873,4843.41940281919,3148.514882816864,0.0,180.0,46.3
2025-03-04,46.4,56.1,42.8,999.4,16.4,4.3,5.6,17.3,29.6166666,119.0166666,172.0,44.3221101282049,11.462614688328852,29.37457316422261,0.8840675099433636,0.9955168540074409,29.6166666,877.1469404955554,0.9797320231497504,5.153291594497779,-2686.5932928292873,4843.41940281919,3148.514882816864,0.0,180.0,39.6
2025-03-05,42.8,52.0,39.2,4.7,8.5,4.9,7.0,14.8,29.6166666,119.0166666,172.0,40.989361778586115,11.492344423902649,29.575889281225326,0.8919813464595485,0.9955168540074409,29.6166666,877.1469404955554,0.9797320231497504,5.153291594497779,-2686.5932928292873,4843.41940281919,3148.514882816864,0.0,180.0,37.7
2025-03-06,45.3,54.1,39.2,9.3,7.3,3.4,6.0,14.2,29.6166666,119.0166666,172.0,43.496197420276744,11.522171502060067,29.777115669107808,0.8996308696522433,0.9955168540074409,29.6166666,877.1469404955554,0.9797320231497504,5.153291594497779,-2686.5932928292873,4843.41940281919,3148.514882816864,0.0,180.0,34.9
2025-03-07,43.1,54.1,37.8,6.0,5.8,2.7,4.3,-2.7278314479020995,29.6166666,119.0166666,172.0,41.49125523711757,11.552089625183546,29.97816571355429,0.9070138128026359,0.9955168540074409,29.6166666,877.1469404955554,0.9797320231497504,5.153291594497779,-2686.5932928292873,4843.41940281919,3148.514882816864,0.0,180.0,32.7
2025-03-08,50.2,59.7,37.8,5.3,7.5,3.2,4.7,12.6,29.6166666,119.0166666,172.0,48.4517539701294,11.582092582501051,30.178953600798266,0.9141279881853337,0.9955168540074409,29.6166666,877.1469404955554,0.9797320231497504,5.153291594497779,-2686.5932928292873,4843.41940281919,3148.514882816864,0.0,180.0,34.3
2025-03-09,47.4,59.7,39.9,5.3,3.0,3.2,5.8,15.2,29.6166666,119.0166666,172.0,45.86808826953295,11.61217424545138,30.379394392195525,0.9209712877166346,0.9955168540074409,29.6166666,877.1469404955554,0.9797320231497504,5.153291594497779,-2686.5932928292873,4843.41940281919,3148.514882816864,0.0,180.0,38.4
2025-03-10,48.9,51.4,45.0,1.1,1.2,1.2,2.3,13.245976123215302,29.6166666,119.0166666,172.0,47.44248889370166,11.642328562871572,30.57940409764763,0.9275416835791966,0.9955168540074409,29.6166666,877.1469404955554,0.9797320231497504,5.153291594497779,-2686.5932928292873,4843.41940281919,3148.514882816864,0.0,180.0,46.7
2025-03-11,55.3,60.8,45.5,996.3,3.1,1.7,3.9,17.072918106169823,29.6166666,119.0166666,172.0,53.79099920399217,11.672549556020002,30.778899747734673,0.9338372288229252,0.9955168540074409,29.6166666,877.1469404955554,0.9797320231497504,5.153291594497779,-2686.5932928292873,4843.41940281919,3148.514882816864,0.0,180.0,52.0
2025-03-12,55.4,60.6,50.9,995.5,5.6,4.2,7.8,20.0,29.6166666,119.0166666,172.0,54.028071230420466,11.702831313448476,30.977799464418574,0.9398560579418954,0.9955168540074409,29.6166666,877.1469404955554,0.9797320231497504,5.153291594497779,-2686.5932928292873,4843.41940281919,3148.514882816864,0.0,180.0,53.5
2025-03-13,51.2,59.7,47.7,998.8,10.2,5.0,7.0,20.0,29.6166666,119.0166666,172.0,50.06151673914156,11.733167985736303,31.176022530180543,0.9455963874271426,0.9955168540074409,29.6166666,877.1469404955554,0.9797320231497504,5.153291594497779,-2686.5932928292873,4843.41940281919,3148.514882816864,0.0,180.0,47.1
2025-03-14,49.3,54.7,46.6,998.2,6.1,2.9,5.1,17.7,29.6166666,119.0166666,172.0,48.328600113240675,11.76355378009915,31.373489455459705,0.9510565162951535,0.9955168540074409,29.6166666,877.1469404955554,0.9797320231497504,5.153291594497779,-2686.5932928292873,4843.41940281919,3148.514882816864,0.0,180.0,47.3
2025-03-15,48.7,51.6,46.4,2.4,15.4,2.5,4.5,12.6,29.6166666,119.0166666,172.0,47.863914158575604,11.793982954885157,31.570122044263044,0.9562348265919056,0.9955168540074409,29.6166666,877.1469404955554,0.9797320231497504,5.153291594497779,-2686.5932928292873,4843.41940281919,3148.514882816864,0.0,180.0,46.4
2025-03-16,45.6,55.2,36.7,6.2,10.8,5.4,12.4,22.0,29.6166666,119.0166666,172.0,44.93290929308822,11.824449813970585,31.765843457820456,0.9611297838723007,0.9955168540074409,29.6166666,877.1469404955554,0.9797320231497504,5.153291594497779,-2686.5932928292873,4843.41940281919,3148.514882816864,0.0,180.0,33.4
2025-03-17,48.9,59.9,36.5,3.6,17.4,2.6,3.7,13.4,29.6166666,119.0166666,172.0,48.30891595684819,11.85494870106704,31.9605782761631,0.9657399376548549,0.9955168540074409,29.6166666,877.1469404955554,0.9797320231497504,5.153291594497779,-2686.5932928292873,4843.41940281919,3148.514882816864,0.0,180.0,31.1
2025-03-18,52.6,65.1,40.1,5.8,15.8,4.7,8.7,21.0,29.6166666,119.0166666,172.0,52.097994340156895,11.885473993952143,32.15425255750737,0.9700639218515071,0.9955168540074409,29.6166666,877.1469404955554,0.9797320231497504,5.153291594497779,-2686.5932928292873,4843.41940281919,3148.514882816864,0.0,180.0,31.2
2025-03-19,52.4,65.1,41.0,6.8,16.8,2.9,4.7,16.3,29.6166666,119.0166666,172.0,52.0332877640408,11.916020098635297,32.346793895331814,0.9741004551724205,0.9955168540074409,29.6166666,877.1469404955554,0.9797320231497504,5.153291594497779,-2686.5932928292873,4843.41940281919,3148.514882816864,0.0,180.0,34.2
2025-03-20,55.9,72.5,41.2,4.3,17.2,2.8,5.8,13.6,29.6166666,119.0166666,172.0,55.651158557498064,11.946581443470068,32.538131473039,0.9778483415056568,0.9955168540074409,29.6166666,877.1469404955554,0.9797320231497504,5.153291594497779,-2686.5932928292873,4843.41940281919,3148.514882816864,0.0,180.0,35.9
2025-03-21,59.8,77.2,44.8,1.7,17.1,2.3,3.3,14.6,29.6166666,119.0166666,172.0,59.68614315823595,11.977152473224606,32.72819611610023,0.9813064702716093,0.9955168540074409,29.6166666,877.1469404955554,0.9797320231497504,5.153291594497779,-2686.5932928292873,4843.41940281919,3148.514882816864,0.0,180.0,38.2
2025-03-22,62.2,80.8,46.6,998.8,16.8,2.3,3.9,11.1,29.6166666,119.0166666,172.0,62.24005495017895,12.00772764312134,32.91692034158607,0.9844738167520922,0.9955168540074409,29.6166666,877.1469404955554,0.9797320231497504,5.153291594497779,-2686.5932928292873,4843.41940281919,3148.514882816864,0.0,180.0,40.4
2025-03-23,65.0,80.8,49.5,994.0,14.4,2.0,2.7,22.676814426183185,29.6166666,119.0166666,172.0,65.20746598630984,12.038301412857201,33.10423840499208,0.9873494423939864,0.9955168540074409,29.6166666,877.1469404955554,0.9797320231497504,5.153291594497779,-2686.5932928292873,4843.41940281919,3148.514882816864,0.0,180.0,46.9
2025-03-24,68.1,84.7,53.4,990.4,13.6,2.6,4.3,12.8,29.6166666,119.0166666,172.0,68.49082726549305,12.068868240615517,33.29008634427477,0.989932495087353,0.9955168540074409,29.6166666,877.1469404955554,0.9797320231497504,5.153291594497779,-2686.5932928292873,4843.41940281919,3148.514882816864,0.0,180.0,45.4
2025-03-25,69.3,88.3,52.9,985.4,14.1,3.0,4.9,14.0,29.6166666,119.0166666,172.0,69.87416538264112,12.099422577080716,33.47440202101971,0.9922222094179323,0.9955168540074409,29.6166666,877.1469404955554,0.9797320231497504,5.153291594497779,-2686.5932928292873,4843.41940281919,3148.514882816864,0.0,180.0,48.4
2025-03-26,74.3,89.8,57.0,980.7,10.3,3.2,6.4,16.1,29.6166666,119.0166666,172.0,75.10466193819987,12.129958859467004,33.65712515866978,0.994217906893952,0.9955168540074409,29.6166666,877.1469404955554,0.9797320231497504,5.153291594497779,-2686.5932928292873,4843.41940281919,3148.514882816864,0.0,180.0,58.4
2025-03-27,63.7,89.8,49.8,989.8,8.7,5.4,12.6,33.2,29.6166666,119.0166666,172.0,64.55183624207898,12.160471505572177,33.83819737774878,0.995918996147179,0.9955168540074409,29.6166666,877.1469404955554,0.9797320231497504,5.153291594497779,-2686.5932928292873,4843.41940281919,3148.514882816864,0.0,180.0,53.6
2025-03-28,44.1,49.5,38.5,4.0,10.8,4.0,6.0,25.4,29.6166666,119.0166666,172.0,44.801759286414324,12.190954907867843,34.017562228022356,0.9973249731081555,0.9955168540074409,29.6166666,877.1469404955554,0.9797320231497504,5.153291594497779,-2686.5932928292873,4843.41940281919,3148.514882816864,0.0,180.0,39.0
2025-03-29,41.3,50.2,38.5,8.5,9.5,2.8,6.8,18.3,29.6166666,119.0166666,172.0,42.061996796785216,12.221403427637352,34.195165217545146,0.9984354211555643,0.9955168540074409,29.6166666,877.1469404955554,0.9797320231497504,5.153291594497779,-2686.5932928292873,4843.41940281919,3148.514882816864,0.0,180.0,37.6
2025-03-30,43.4,46.2,39.9,8.0,6.3,4.0,7.8,15.0,29.6166666,119.0166666,172.0,44.310717857508735,12.251811389172921,34.37095383855057,0.9992500112396835,0.9955168540074409,29.6166666,877.1469404955554,0.9797320231497504,5.153291594497779,-2686.5932928292873,4843.41940281919,3148.514882816864,0.0,180.0,37.5
2025-03-31,49.0,58.3,39.4,3.7,15.6,3.6,4.9,12.2,29.6166666,119.0166666,172.0,50.152206719011126,12.28217307404354,34.5448775901469,0.9997685019798909,0.9955168540074409,29.6166666,877.1469404955554,0.9797320231497504,5.153291594497779,-2686.5932928292873,4843.41940281919,3148.514882816864,0.0,180.0,36.3
2025-04-01,54.3,66.6,42.1,0.9,14.3,3.2,4.1,11.3,29.6166666,119.0166666,172.0,55.71398428739036,12.312482715445384,34.71688799779062,0.9999907397361901,0.9955168540074409,29.6166666,877.1469404955554,0.9797320231497504,5.153291594497779,-2686.5932928292873,4843.41940281919,3148.514882816864,0.0,180.0,39.2
2025-04-02,61.2,74.7,45.3,0.5,14.1,3.5,8.5,17.5,29.6166666,119.0166666,172.0,62.94794591249839,12.342734492646743,34.886938629515555,0.9999166586547379,0.9955168540074409,29.6166666,877.1469404955554,0.9797320231497504,5.153291594497779,-2686.5932928292873,4843.41940281919,3148.514882816864,0.0,180.0,39.9
2025-04-03,62.9,74.7,50.2,999.7,8.0,3.3,4.9,17.5,29.6166666,119.0166666,172.0,64.85473557136987,12.372922525539565,35.05498510890375,0.9995462806873573,0.9955168540074409,29.6166666,877.1469404955554,0.9797320231497504,5.153291594497779,-2686.5932928292873,4843.41940281919,3148.514882816864,0.0,180.0,41.6
2025-04-04,62.5,73.9,51.4,996.3,9.0,2.1,3.3,14.0,29.6166666,119.0166666,172.0,64.59917119432305,12.403040869310027,35.220985124791945,0.9988797155850336,0.9955168540074409,29.6166666,877.1469404955554,0.9797320231497504,5.153291594497779,-2686.5932928292873,4843.41940281919,3148.514882816864,0.0,180.0,49.0
2025-04-05,65.0,79.7,52.2,995.6,12.7,3.6,6.8,17.3,29.6166666,119.0166666,172.0,67.34586900838752,12.433083509240774,35.38489843771437,0.9979171608653922,0.9955168540074409,29.6166666,877.1469404955554,0.9797320231497504,5.153291594497779,-2686.5932928292873,4843.41940281919,3148.514882816864,0.0,180.0,46.2
2025-04-06,65.7,81.5,51.1,997.1,16.0,2.8,4.3,19.124511312328778,29.6166666,119.0166666,172.0,68.23516784722582,12.463044355657685,35.546686883090686,0.9966589017541702,0.9955168540074409,29.6166666,877.1469404955554,0.9797320231497504,5.153291594497779,-2686.5932928292873,4843.41940281919,3148.514882816864,0.0,180.0,41.6
2025-04-07,67.6,81.5,53.2,996.6,12.9,2.0,4.1,-243.97265221045365,29.6166666,119.0166666,172.0,70.37676711322686,12.492917239034353,35.70631437117516,0.9951053111006976,0.9955168540074409,29.6166666,877.1469404955554,0.9797320231497504,5.153291594497779,-2686.5932928292873,4843.41940281919,3148.514882816864,0.0,180.0,52.1
2025-04-08,70.2,83.1,57.2,994.3,10.6,2.3,3.9,-303.73671738587024,29.6166666,119.0166666,172.0,73.25777104581609,12.522695905267705,35.86374688379029,0.9932568492674143,0.9955168540074409,29.6166666,877.1469404955554,0.9797320231497504,5.153291594497779,-2686.5932928292873,4843.41940281919,3148.514882816864,0.0,180.0,56.8
2025-04-09,73.0,89.6,60.1,989.9,8.0,3.5,7.2,26.4,29.6166666,119.0166666,172.0,76.36027523442571,12.552374011138474,36.01895246787578,0.9911140639934547,0.9955168540074409,29.6166666,877.1469404955554,0.9797320231497504,5.153291594497779,-2686.5932928292873,4843.41940281919,3148.514882816864,0.0,180.0,60.0
2025-04-10,69.3,89.6,60.8,988.8,11.4,2.1,2.7,26.4,29.6166666,119.0166666,172.0,72.66073306783,12.581945119970563,36.17190122589068,0.9886775902323405,0.9955168540074409,29.6166666,877.1469404955554,0.9797320231497504,5.153291594497779,-2686.5932928292873,4843.41940281919,3148.514882816864,0.0,180.0,59.4
2025-04-11,72.6,86.4,60.1,984.5,8.4,2.9,4.7,24.1,29.6166666,119.0166666,172.0,76.2989863198965,12.611402697503555,36.32256530311353,0.9859481499638304,0.9955168540074409,29.6166666,877.1469404955554,0.9797320231497504,5.153291594497779,-2686.5932928292873,4843.41940281919,3148.514882816864,0.0,180.0,62.8
2025-04-12,54.0,66.2,45.7,993.8,5.2,6.3,14.0,38.7,29.6166666,119.0166666,172.0,56.883330485968386,12.640740107992976,36.47091887189238,0.9829265519799822,0.9955168540074409,29.6166666,877.1469404955554,0.9797320231497504,5.153291594497779,-2686.5932928292873,4843.41940281919,3148.514882816864,0.0,180.0,48.0
2025-04-13,60.4,70.0,44.6,990.9,9.3,6.1,9.5,22.9,29.6166666,119.0166666,172.0,63.772084739783935,12.669950610553101,36.616938112902965,0.9796136916454901,0.9955168540074409,29.6166666,877.1469404955554,0.9797320231497504,5.153291594497779,-2686.5932928292873,4843.41940281919,3148.514882816864,0.0,180.0,38.6
2025-04-14,67.2,81.3,49.6,991.1,13.1,3.5,5.1,18.1,29.6166666,119.0166666,172.0,71.11455319224164,12.699027355757437,36.76060119348015,0.9760105506323683,0.9955168540074409,29.6166666,877.1469404955554,0.9797320231497504,5.153291594497779,-2686.5932928292873,4843.41940281919,3148.514882816864,0.0,180.0,45.3
2025-04-15,67.5,83.5,53.1,992.7,18.6,2.2,4.3,11.3,29.6166666,119.0166666,172.0,71.59479402663096,12.727963382512172,36.90188824309372,0.9721181966290613,0.9955168540074409,29.6166666,877.1469404955554,0.9797320231497504,5.153291594497779,-2686.5932928292873,4843.41940281919,3148.514882816864,0.0,180.0,47.6
2025-04-16,68.8,83.5,56.3,989.1,16.9,2.0,2.7,-128.08817144774048,29.6166666,119.0166666,172.0,73.1387092605839,12.756751615218121,37.04078132604573,0.9679377830240642,0.9955168540074409,29.6166666,877.1469404955554,0.9797320231497504,5.153291594497779,-2686.5932928292873,4843.41940281919,3148.514882816864,0.0,180.0,56.2
2025-04-17,64.6,79.3,61.2,989.1,9.7,2.2,3.9,12.2,29.6166666,119.0166666,172.0,68.82798850299187,12.785384861236883,37.177264411472436,0.9634705485641488,0.9955168540074409,29.6166666,877.1469404955554,0.9797320231497504,5.153291594497779,-2686.5932928292873,4843.41940281919,3148.514882816864,0.0,180.0,61.6
2025-04-18,71.9,86.9,60.8,988.2,10.2,2.4,3.1,-124.9066581716705,29.6166666,119.0166666,172.0,76.77635272032313,12.813855808677019,37.31132334073924,0.9587178169872964,0.9955168540074409,29.6166666,877.1469404955554,0.9797320231497504,5.153291594497779,-2686.5932928292873,4843.41940281919,3148.514882816864,0.0,180.0,60.8
2025-04-19,70.7,86.9,61.5,988.4,7.0,1.8,2.3,70.66952631708376,29.6166666,119.0166666,172.0,75.66170846944152,12.84215702451624,37.44294579232245,0.9536809966304457,0.9955168540074409,29.6166666,877.1469404955554,0.9797320231497504,5.153291594497779,-2686.5932928292873,4843.41940281919,3148.514882816864,0.0,180.0,67.3
2025-04-20,75.8,84.4,66.6,991.5,6.1,3.0,4.5,11.7,29.6166666,119.0166666,172.0,81.2972746869272,12.870280953075547,37.57212124427621,0.9483615800121715,0.9955168540074409,29.6166666,877.1469404955554,0.9797320231497504,5.153291594497779,-2686.5932928292873,4843.41940281919,3148.514882816864,0.0,180.0,66.8
2025-04-21,70.5,84.4,68.2,987.8,3.8,3.0,5.2,18.3,29.6166666,119.0166666,172.0,75.77704199981045,12.898219914861352,37.69884093438801,0.9427611433904207,0.9955168540074409,29.6166666,877.1469404955554,0.9797320231497504,5.153291594497779,-2686.5932928292873,4843.41940281919,3148.514882816864,0.0,180.0,68.1
2025-04-22,67.5,76.5,61.2,989.8,7.4,2.5,3.9,11.8,29.6166666,119.0166666,172.0,72.70855934507715,12.925966105791494,37.82309781813002,0.9368813462954315,0.9955168540074409,29.6166666,877.1469404955554,0.9797320231497504,5.153291594497779,-2686.5932928292873,4843.41940281919,3148.514882816864,0.0,180.0,66.4
2025-04-23,67.1,76.5,61.3,991.2,5.7,2.1,3.3,-76.97616625824367,29.6166666,119.0166666,172.0,72.43171901222375,12.953511596820938,37.944886524517685,0.9307239310379795,0.9955168540074409,29.6166666,877.1469404955554,0.9797320231497504,5.153291594497779,-2686.5932928292873,4843.41940281919,3148.514882816864,0.0,180.0,62.7
2025-04-24,60.5,76.5,56.7,994.3,4.5,2.8,4.9,13.0,29.6166666,119.0166666,172.0,65.44511035049668,12.980848333982813,38.06420330999034,0.9242907221930933,0.9955168540074409,29.6166666,877.1469404955554,0.9797320231497504,5.153291594497779,-2686.5932928292873,4843.41940281919,3148.514882816864,0.0,180.0,59.1
2025-04-25,64.2,73.0,56.7,998.0,11.1,2.6,4.5,11.1,29.6166666,119.0166666,172.0,69.59262954290132,13.007968138860058,38.18104601043199,0.9175836260593937,0.9955168540074409,29.6166666,877.1469404955554,0.9797320231497504,5.153291594497779,-2686.5932928292873,4843.41940281919,3148.514882816864,0.0,180.0,56.1
2025-04-26,68.6,77.4,57.9,996.7,17.3,4.4,5.8,15.2,29.6166666,119.0166666,172.0,74.51596515599039,13.034862709502693,38.295413991453195,0.9106046300942162,0.9955168540074409,29.6166666,877.1469404955554,0.9797320231497504,5.153291594497779,-2686.5932928292873,4843.41940281919,3148.514882816864,0.0,180.0,48.0
2025-04-27,64.7,77.4,61.9,993.3,10.0,2.7,4.1,15.2,29.6166666,119.0166666,172.0,70.4233815275665,13.061523621805224,38.40730809705714,0.9033558023246845,0.9955168540074409,29.6166666,877.1469404955554,0.9797320231497504,5.153291594497779,-2686.5932928292873,4843.41940281919,3148.514882816864,0.0,180.0,59.5
2025-04-28,69.5,80.1,61.2,994.8,10.6,2.9,4.1,11.1,29.6166666,119.0166666,172.0,75.80099933578258,13.087942331358144,38.51673059681556,0.895839290734909,0.9955168540074409,29.6166666,877.1469404955554,0.9797320231497504,5.153291594497779,-2686.5932928292873,4843.41940281919,3148.514882816864,0.0,180.0,62.4
2025-04-29,72.5,83.5,60.8,993.5,9.2,2.5,4.1,148.70938981763533,29.6166666,119.0166666,172.0,79.23108231204593,13.114110175786912,38.62368513168135,0.8880573226294932,0.9955168540074409,29.6166666,877.1469404955554,0.9797320231497504,5.153291594497779,-2686.5932928292873,4843.41940281919,3148.514882816864,0.0,180.0,61.0
2025-04-30,70.4,83.7,64.8,991.6,8.0,2.7,5.1,11.8,29.6166666,119.0166666,172.0,77.08810781520003,13.140018377590913,38.728176658566206,0.8800122039735357,0.9955168540074409,29.6166666,877.1469404955554,0.9797320231497504,5.153291594497779,-2686.5932928292873,4843.41940281919,3148.514882816864,0.0,180.0,64.1
2025-05-01,73.5,87.1,61.2,992.7,15.5,3.7,7.2,16.1,29.6166666,119.0166666,172.0,80.63965554090203,13.165658047494208,38.83021139381254,0.8717063187093218,0.9955168540074409,29.6166666,877.1469404955554,0.9797320231497504,5.153291594497779,-2686.5932928292873,4843.41940281919,3148.514882816864,0.0,180.0,57.9
2025-05-02,75.2,89.1,61.0,989.7,14.7,2.5,4.7,173.09192094058525,29.6166666,119.0166666,172.0,82.66372651346421,13.191020188318756,38.92979675568928,0.8631421280499114,0.9955168540074409,29.6166666,877.1469404955554,0.9797320231497504,5.153291594497779,-2686.5932928292873,4843.41940281919,3148.514882816864,0.0,180.0,62.0
2025-05-03,75.2,90.0,63.3,991.2,14.2,4.8,7.2,19.0,29.6166666,119.0166666,172.0,82.82086638284255,13.216095699389768,39.026941306041294,0.854322169749827,0.9955168540074409,29.6166666,877.1469404955554,0.9797320231497504,5.153291594497779,-2686.5932928292873,4843.41940281919,3148.514882816864,0.0,180.0,60.0
2025-05-04,68.3,90.0,60.4,990.4,11.6,4.7,6.8,19.0,29.6166666,119.0166666,172.0,75.3626490462664,13.24087538148165,39.121654691222,0.8452490573530633,0.9955168540074409,29.6166666,877.1469404955554,0.9797320231497504,5.153291594497779,-2686.5932928292873,4843.41940281919,3148.514882816864,0.0,180.0,54.6
2025-05-05,67.8,77.0,60.4,986.9,11.6,3.4,5.8,229.57927898799528,29.6166666,119.0166666,172.0,74.94922717406035,13.265349942311568,39.21394758243784,0.8359254794186372,0.9955168540074409,29.6166666,877.1469404955554,0.9797320231497504,5.153291594497779,-2686.5932928292873,4843.41940281919,3148.514882816864,0.0,180.0,65.8
2025-05-06,74.6,83.8,63.9,990.2,9.1,4.4,5.8,183.00848415314505,29.6166666,119.0166666,172.0,82.61645384941154,13.289510002586306,39.303831615632475,0.8263541987239096,0.9955168540074409,29.6166666,877.1469404955554,0.9797320231497504,5.153291594497779,-2686.5932928292873,4843.41940281919,3148.514882816864,0.0,180.0,59.3
2025-05-07,75.4,85.6,64.9,990.7,6.4,4.4,5.8,-50.12588735779759,29.6166666,119.0166666,172.0,83.65219134471027,13.31334610260641,39.39131933103677,0.8165380514459161,0.9955168540074409,29.6166666,877.1469404955554,0.9797320231497504,5.153291594497779,-2686.5932928292873,4843.41940281919,3148.514882816864,0.0,180.0,59.2
2025-05-08,66.4,85.6,64.6,984.9,4.3,3.6,5.8,15.5,29.6166666,119.0166666,172.0,73.79722952551224,13.33684870942992,39.476424112509484,0.8064799463209448,0.9955168540074409,29.6166666,877.1469404955554,0.9797320231497504,5.153291594497779,-2686.5932928292873,4843.41940281919,3148.514882816864,0.0,180.0,65.7
2025-05-09,70.3,77.9,64.6,989.2,14.4,3.4,5.8,18.15255528012705,29.6166666,119.0166666,172.0,78.26738151575918,13.360008224596164,39.55916012679056,0.7961828637826158,0.9955168540074409,29.6166666,877.1469404955554,0.9797320231497504,5.153291594497779,-2686.5932928292873,4843.41940281919,3148.514882816864,0.0,180.0,66.1
2025-05-10,71.2,82.2,61.9,993.4,18.1,6.2,8.4,17.9,29.6166666,119.0166666,172.0,79.40470228828782,13.382814992408058,39.63954226278737,0.7856498550787147,0.9955168540074409,29.6166666,877.1469404955554,0.9797320231497504,5.153291594497779,-2686.5932928292873,4843.41940281919,3148.514882816864,0.0,180.0,52.8
2025-05-11,69.0,82.2,58.5,991.7,17.3,3.3,5.4,17.9,29.6166666,119.0166666,172.0,77.08024102542389,13.405259308769374,39.71758607101079,0.7748840413670407,0.9955168540074409,29.6166666,877.1469404955554,0.9797320231497504,5.153291594497779,-2686.5932928292873,4843.41940281919,3148.514882816864,0.0,180.0,52.6
2025-05-12,71.3,84.4,57.7,991.7,16.6,3.1,5.6,-85.56853535449471,29.6166666,119.0166666,172.0,79.78072758331004,13.427331430571115,39.79330770327516,0.7638886127905428,0.9955168540074409,29.6166666,877.1469404955554,0.9797320231497504,5.153291594497779,-2686.5932928292873,4843.41940281919,3148.514882816864,0.0,180.0,55.0
2025-05-13,74.4,85.5,60.4,991.8,14.6,3.3,5.6,12.0,29.6166666,119.0166666,172.0,83.38393383083738,13.449021585618931,39.86672385277277,0.7526668275320085,0.9955168540074409,29.6166666,877.1469404955554,0.9797320231497504,5.153291594497779,-2686.5932928292873,4843.41940281919,3148.514882816864,0.0,180.0,60.2
2025-05-14,78.5,91.6,64.0,991.9,14.0,2.2,3.1,105.67454108155826,29.6166666,119.0166666,172.0,88.11834322272045,13.470319983091024,39.93785169462992,0.7412220108485958,0.9955168540074409,29.6166666,877.1469404955554,0.9797320231497504,5.153291594497779,-2686.5932928292873,4843.41940281919,3148.514882816864,0.0,180.0,64.6
2025-05-15,72.7,91.6,70.2,991.9,6.5,2.3,3.7,9.7,29.6166666,119.0166666,172.0,81.734288595178,13.491216824513563,40.00670882704752,0.7295575540864875,0.9955168540074409,29.6166666,877.1469404955554,0.9797320231497504,5.153291594497779,-2686.5932928292873,4843.41940281919,3148.514882816864,0.0,180.0,69.0
2025-05-16,73.3,81.3,70.2,989.8,8.9,2.7,4.3,145.8399049663294,29.6166666,119.0166666,172.0,82.53398164224546,13.511702315238002,40.07331321312518,0.717676913675962,0.9955168540074409,29.6166666,877.1469404955554,0.9797320231497504,5.153291594497779,-2686.5932928292873,4843.41940281919,3148.514882816864,0.0,180.0,72.4
2025-05-17,79.9,90.0,71.6,990.4,15.3,3.2,5.8,10.9,29.6166666,119.0166666,172.0,90.09901312037711,13.53176667640207,40.1376831234634,0.705583610107178,0.9955168540074409,29.6166666,877.1469404955554,0.9797320231497504,5.153291594497779,-2686.5932928292873,4843.41940281919,3148.514882816864,0.0,180.0,74.0
2025-05-18,69.2,90.0,67.3,990.8,7.3,3.3,6.8,17.7,29.6166666,119.0166666,172.0,78.14640757407194,13.551400157353514,40.19983707963393,0.6932812268869777,0.9955168540074409,29.6166666,877.1469404955554,0.9797320231497504,5.153291594497779,-2686.5932928292873,4843.41940281919,3148.514882816864,0.0,180.0,65.0
2025-05-19,77.3,85.3,67.3,987.2,11.0,1.7,3.1,124.06493919433353,29.6166666,119.0166666,172.0,87.41723688750419,13.570593048512942,40.25979379860361,0.6807734094770161,0.9955168540074409,29.6166666,877.1469404955554,0.9797320231497504,5.153291594497779,-2686.5932928292873,4843.41940281919,3148.514882816864,0.0,180.0,71.9
2025-05-20,74.8,85.3,70.0,986.8,8.7,2.1,2.7,28.7,29.6166666,119.0166666,172.0,84.70685916331408,13.589335694649318,40.317572138192425,0.6680638642135335,0.9955168540074409,29.6166666,877.1469404955554,0.9797320231497504,5.153291594497779,-2686.5932928292873,4843.41940281919,3148.514882816864,0.0,180.0,73.9
2025-05-21,79.6,87.6,70.5,987.6,12.8,2.4,3.9,16.9,29.6166666,119.0166666,172.0,90.26386943997512,13.607618508538964,40.37319104364105,0.6551563572090853,0.9955168540074409,29.6166666,877.1469404955554,0.9797320231497504,5.153291594497779,-2686.5932928292873,4843.41940281919,3148.514882816864,0.0,180.0,75.4
2025-05-22,78.8,91.4,72.7,985.2,8.0,3.6,5.6,14.0,29.6166666,119.0166666,172.0,89.47367003467676,13.625431984976156,40.42666949535914,0.6420547132365637,0.9955168540074409,29.6166666,877.1469404955554,0.9797320231497504,5.153291594497779,-2686.5932928292873,4843.41940281919,3148.514882816864,0.0,180.0,74.6
2025-05-23,71.2,91.4,65.1,987.8,17.2,5.8,10.1,18.1,29.6166666,119.0166666,172.0,80.9470825095971,13.642766715100633,40.47802645791945,0.6287628145958344,0.9955168540074409,29.6166666,877.1469404955554,0.9797320231497504,5.153291594497779,-2686.5932928292873,4843.41940281919,3148.514882816864,0.0,180.0,65.7
2025-05-24,69.7,80.6,64.6,995.4,10.6,2.7,4.5,15.7,29.6166666,119.0166666,172.0,79.33958783750293,13.659613401004808,40.5272808303585,0.6152845999633276,0.9955168540074409,29.6166666,877.1469404955554,0.9797320231497504,5.153291594497779,-2686.5932928292873,4843.41940281919,3148.514882816864,0.0,180.0,58.2
2025-05-25,70.0,78.3,62.1,997.5,11.8,2.6,3.9,-5.418523384354954,29.6166666,119.0166666,172.0,79.77645007838791,13.675962870580786,40.57445139783963,0.6016240632249226,0.9955168540074409,29.6166666,877.1469404955554,0.9797320231497504,5.153291594497779,-2686.5932928292873,4843.41940281919,3148.514882816864,0.0,180.0,55.8
2025-05-26,72.1,82.9,61.5,996.8,11.1,2.9,5.2,90.73396652690623,29.6166666,119.0166666,172.0,82.26493493949381,13.691806092564851,40.619556784728346,0.5877852522924732,0.9955168540074409,29.6166666,877.1469404955554,0.9797320231497504,5.153291594497779,-2686.5932928292873,4843.41940281919,3148.514882816864,0.0,180.0,58.0
2025-05-27,76.1,83.8,63.7,995.2,10.8,2.9,4.9,9.9,29.6166666,119.0166666,172.0,86.9260759992515,13.707134191734795,40.6626154091261,0.5737722679043246,0.9955168540074409,29.6166666,877.1469404955554,0.9797320231497504,5.153291594497779,-2686.5932928292873,4843.41940281919,3148.514882816864,0.0,180.0,59.8
2025-05-28,65.4,83.8,60.8,994.6,9.6,3.5,6.8,15.9,29.6166666,119.0166666,172.0,74.78456462996186,13.721938464213185,40.70364543890281,0.5595892624101765,0.9955168540074409,29.6166666,877.1469404955554,0.9797320231497504,5.153291594497779,-2686.5932928292873,4843.41940281919,3148.514882816864,0.0,180.0,61.5
2025-05-29,70.6,78.6,60.4,993.9,16.7,2.7,4.7,12.2,29.6166666,119.0166666,172.0,80.81470447780274,13.736210392827662,40.74266474926426,0.545240438540651,0.9955168540074409,29.6166666,877.1469404955554,0.9797320231497504,5.153291594497779,-2686.5932928292873,4843.41940281919,3148.514882816864,0.0,180.0,61.8
2025-05-30,74.4,83.8,63.3,991.5,12.8,3.9,5.4,14.0,29.6166666,119.0166666,172.0,85.24963830736078,13.749941662477543,40.77969088188579,0.5307300481619334,0.9955168540074409,29.6166666,877.1469404955554,0.9797320231497504,5.153291594497779,-2686.5932928292873,4843.41940281919,3148.514882816864,0.0,180.0,54.4
2025-05-31,69.4,83.8,65.1,986.4,6.6,2.9,4.5,10.3,29.6166666,119.0166666,172.0,79.59673481471125,13.763124175454395,40.81474100563907,0.5160623910158528,0.9955168540074409,29.6166666,877.1469404955554,0.9797320231497504,5.153291594497779,-2686.5932928292873,4843.41940281919,3148.514882816864,0.0,180.0,63.0
2025-06-01,69.8,78.6,65.1,982.0,14.3,1.9,3.3,10.5,29.6166666,119.0166666,172.0,80.12894622108857,13.775750066662791,40.84783187893495,0.5012418134457758,0.9955168540074409,29.6166666,877.1469404955554,0.9797320231497504,5.153291594497779,-2686.5932928292873,4843.41940281919,3148.514882816864,0.0,180.0,68.4
2025-06-02,71.4,75.2,65.7,983.6,16.9,4.0,8.0,15.3,29.6166666,119.0166666,172.0,82.03747972618427,13.78781171868643,40.878979813700795,0.48627270710868997,0.9955168540074409,29.6166666,877.1469404955554,0.9797320231497504,5.153291594497779,-2686.5932928292873,4843.41940281919,3148.514882816864,0.0,180.0,66.7
2025-06-03,75.3,84.9,66.9,988.1,14.5,2.1,3.3,10.9,29.6166666,119.0166666,172.0,86.5906186484406,13.799301776643919,40.90820064100771,0.4711595076738638,0.9955168540074409,29.6166666,877.1469404955554,0.9797320231497504,5.153291594497779,-2686.5932928292873,4843.41940281919,3148.514882816864,0.0,180.0,65.3
2025-06-04,77.2,87.3,66.9,990.7,16.0,2.6,3.1,-128.27583096389574,29.6166666,119.0166666,172.0,88.84570468053789,13.81021316277791,40.935509678358635,0.4559066935084588,0.9955168540074409,29.6166666,877.1469404955554,0.9797320231497504,5.153291594497779,-2686.5932928292873,4843.41940281919,3148.514882816864,0.0,180.0,64.5
2025-06-05,77.5,87.3,67.8,989.8,18.2,3.6,7.4,15.2,29.6166666,119.0166666,172.0,89.257648294241,13.820539090721185,40.96092169864582,0.440518784350495,0.9955168540074409,29.6166666,877.1469404955554,0.9797320231497504,5.153291594497779,-2686.5932928292873,4843.41940281919,3148.514882816864,0.0,180.0,57.6
2025-06-06,82.5,93.9,67.5,986.5,16.7,2.6,4.3,-176.1185559325084,29.6166666,119.0166666,172.0,95.08312742075934,13.830273079383176,40.98445090078289,0.42500033996955416,0.9955168540074409,29.6166666,877.1469404955554,0.9797320231497504,5.153291594497779,-2686.5932928292873,4843.41940281919,3148.514882816864,0.0,180.0,69.5
2025-06-07,82.2,93.9,74.1,984.9,9.8,3.1,7.4,14.6,29.6166666,119.0166666,172.0,94.79995141984686,13.839408966401002,41.00611088201389,0.4093559588156213,0.9955168540074409,29.6166666,877.1469404955554,0.9797320231497504,5.153291594497779,-2686.5932928292873,4843.41940281919,3148.514882816864,0.0,180.0,75.6
2025-06-08,76.2,92.3,75.6,985.4,11.5,1.9,2.5,10.7,29.6166666,119.0166666,172.0,87.93442484898348,13.84794092109976,41.02591461189973,0.39359027665646673,0.9955168540074409,29.6166666,877.1469404955554,0.9797320231497504,5.153291594497779,-2686.5932928292873,4843.41940281919,3148.514882816864,0.0,180.0,75.8
2025-06-09,75.8,78.1,74.5,986.0,13.0,2.8,3.9,86.49215184120781,29.6166666,119.0166666,172.0,87.52287083613493,13.855863456907905,41.04387440798006,0.3777079652039649,0.9955168540074409,29.6166666,877.1469404955554,0.9797320231497504,5.153291594497779,-2686.5932928292873,4843.41940281919,3148.514882816864,0.0,180.0,74.8
2025-06-10,72.1,79.9,68.7,989.3,9.9,4.4,6.2,19.0,29.6166666,119.0166666,172.0,83.29455508774372,13.863171443175101,41.06000191310689,0.36171373072976765,0.9955168540074409,29.6166666,877.1469404955554,0.9797320231497504,5.153291594497779,-2686.5932928292873,4843.41940281919,3148.514882816864,0.0,180.0,70.3
2025-06-11,69.2,79.9,68.2,992.0,15.3,4.5,6.4,15.7,29.6166666,119.0166666,172.0,79.98286000423673,13.869860116341629,41.074308074445014,0.3456123126707335,0.9955168540074409,29.6166666,877.1469404955554,0.9797320231497504,5.153291594497779,-2686.5932928292873,4843.41940281919,3148.514882816864,0.0,180.0,67.2
2025-06-12,78.5,90.0,68.2,990.1,13.8,3.1,4.1,26.4,29.6166666,119.0166666,172.0,90.77167663310267,13.8759250904106,41.08680312413291,0.3294084822245304,0.9955168540074409,29.6166666,877.1469404955554,0.9797320231497504,5.153291594497779,-2686.5932928292873,4843.41940281919,3148.514882816864,0.0,180.0,73.1
2025-06-13,81.7,92.1,72.1,985.2,17.6,2.8,4.5,14.0,29.6166666,119.0166666,172.0,94.50894211312439,13.881362366676777,41.097496561597154,0.3131070409358269,0.9955168540074409,29.6166666,877.1469404955554,0.9797320231497504,5.153291594497779,-2686.5932928292873,4843.41940281919,3148.514882816864,0.0,180.0,75.3
2025-06-14,76.3,92.1,75.0,985.2,7.6,3.0,6.0,21.2,29.6166666,119.0166666,172.0,88.29288704546713,13.886168342668487,41.10639713751254,0.29671281927349075,0.9955168540074409,29.6166666,877.1469404955554,0.9797320231497504,5.153291594497779,-2686.5932928292873,4843.41940281919,3148.514882816864,0.0,180.0,75.9
2025-06-15,72.5,81.7,67.6,983.2,9.4,4.1,6.4,15.2,29.6166666,119.0166666,172.0,83.92080308075161,13.890339820262335,41.113512839400144,0.28023067519921585,0.9955168540074409,29.6166666,877.1469404955554,0.9797320231497504,5.153291594497779,-2686.5932928292873,4843.41940281919,3148.514882816864,0.0,180.0,71.9
2025-06-16,78.8,88.3,67.6,986.8,14.4,3.6,5.6,16.1,29.6166666,119.0166666,172.0,91.23643935159816,13.89387401293373,41.11885087885527,0.26366549272800704,0.9955168540074409,29.6166666,877.1469404955554,0.9797320231497504,5.153291594497779,-2686.5932928292873,4843.41940281919,3148.514882816864,0.0,180.0,71.1
2025-06-17,83.2,95.0,72.7,988.5,16.6,2.4,4.1,10.5,29.6166666,119.0166666,172.0,96.35092862796252,13.896768552109979,41.12241768039742,0.24702218048093552,0.9955168540074409,29.6166666,877.1469404955554,0.9797320231497504,5.153291594497779,-2686.5932928292873,4843.41940281919,3148.514882816864,0.0,180.0,74.8
2025-06-18,84.2,95.0,75.9,988.9,18.1,2.7,4.7,-5.7653850304778125,29.6166666,119.0166666,172.0,97.52480080638608,13.89902149259659,41.12421887193506,0.23030567023061221,0.9955168540074409,29.6166666,877.1469404955554,0.9797320231497504,5.153291594497779,-2686.5932928292873,4843.41940281919,3148.514882816864,0.0,180.0,75.0
2025-06-19,80.3,92.1,77.0,988.9,14.7,2.3,3.7,297.5467199232072,29.6166666,119.0166666,172.0,93.0183912299366,13.900631317051547,41.12425927683839,0.21352091543979612,0.9955168540074409,29.6166666,877.1469404955554,0.9797320231497504,5.153291594497779,-2686.5932928292873,4843.41940281919,3148.514882816864,0.0,180.0,77.0
2025-06-20,82.7,90.7,76.8,987.0,17.4,2.4,4.3,11.1,29.6166666,119.0166666,172.0,95.80517224129551,13.901596939486652,41.122542907613884,0.19667288979357647,0.9955168540074409,29.6166666,877.1469404955554,0.9797320231497504,5.153291594497779,-2686.5932928292873,4843.41940281919,3148.514882816864,0.0,180.0,76.8
2025-06-21,83.7,91.2,78.1,986.1,18.5,4.3,7.4,20.2,29.6166666,119.0166666,172.0,96.96587601176228,13.901917707779537,41.11907296117594,0.1797665857255624,0.9955168540074409,29.6166666,877.1469404955554,0.9797320231497504,5.153291594497779,-2686.5932928292873,4843.41940281919,3148.514882816864,0.0,180.0,76.7
2025-06-22,77.3,91.2,75.6,986.6,8.9,2.3,2.9,10.7,29.6166666,119.0166666,172.0,89.54943085173016,13.901593405184503,41.11385181571118,0.16280701293851715,0.9955168540074409,29.6166666,877.1469404955554,0.9797320231497504,5.153291594497779,-2686.5932928292873,4843.41940281919,3148.514882816864,0.0,180.0,76.6
2025-06-23,75.8,80.2,75.0,985.7,12.1,2.9,5.1,-126.1478413846549,29.6166666,119.0166666,172.0,87.80560985110823,13.900624250835076,41.106881029132616,0.1457991969198751,0.9955168540074409,29.6166666,877.1469404955554,0.9797320231497504,5.153291594497779,-2686.5932928292873,4843.41940281919,3148.514882816864,0.0,180.0,75.4
2025-06-24,76.5,81.1,73.6,989.1,13.1,3.2,4.1,11.3,29.6166666,119.0166666,172.0,88.60619448262895,13.899010899235915,41.09816133912183,0.12874817745258132,0.9955168540074409,29.6166666,877.1469404955554,0.9797320231497504,5.153291594497779,-2686.5932928292873,4843.41940281919,3148.514882816864,0.0,180.0,74.1
2025-06-25,81.5,91.9,73.6,989.7,15.2,2.2,3.7,13.6,29.6166666,119.0166666,172.0,94.38212389648642,13.896754438746466,41.08769266475866,0.11165900712169512,0.9955168540074409,29.6166666,877.1469404955554,0.9797320231497504,5.153291594497779,-2686.5932928292873,4843.41940281919,3148.514882816864,0.0,180.0,77.0
2025-06-26,81.1,91.9,76.8,988.9,15.5,3.3,7.0,25.3,29.6166666,119.0166666,172.0,93.89931276275409,13.893856389063492,41.07547410973857,0.09453674981719912,0.9955168540074409,29.6166666,877.1469404955554,0.9797320231497504,5.153291594497779,-2686.5932928292873,4843.41940281919,3148.514882816864,0.0,180.0,77.3
2025-06-27,81.6,95.7,76.1,988.2,17.0,3.3,6.0,16.5,29.6166666,119.0166666,172.0,94.45416714445754,13.890318697714346,41.061503967179824,0.07738647923346301,0.9955168540074409,29.6166666,877.1469404955554,0.9797320231497504,5.153291594497779,-2686.5932928292873,4843.41940281919,3148.514882816864,0.0,180.0,76.2
2025-06-28,80.0,95.7,73.9,987.0,17.1,3.3,5.1,25.8,29.6166666,119.0166666,172.0,92.57429157051615,13.886143735577422,41.045779726022644,0.06021327736579302,0.9955168540074409,29.6166666,877.1469404955554,0.9797320231497504,5.153291594497779,-2686.5932928292873,4843.41940281919,3148.514882816864,0.0,180.0,75.2
2025-06-29,83.0,93.4,73.9,986.8,18.6,2.5,4.5,9.7,29.6166666,119.0166666,172.0,96.01256218253407,13.88133429145071,41.028298079024445,0.04302223300453059,0.9955168540074409,29.6166666,877.1469404955554,0.9797320231497504,5.153291594497779,-2686.5932928292873,4843.41940281919,3148.514882816864,0.0,180.0,76.1
2025-06-30,85.9,92.7,77.0,988.7,18.3,2.3,3.5,10.7,29.6166666,119.0166666,172.0,99.32827144109065,13.875893565693685,41.00905493235515,0.02581844022713308,0.9955168540074409,29.6166666,877.1469404955554,0.9797320231497504,5.153291594497779,-2686.5932928292873,4843.41940281919,3148.514882816864,0.0,180.0,78.1
2025-07-01,88.2,96.1,79.7,990.6,18.6,2.6,5.1,10.9,29.6166666,119.0166666,172.0,101.94321494784394,13.869825162971965,40.988045416798016,0.008606996888688698,0.9955168540074409,29.6166666,877.1469404955554,0.9797320231497504,5.153291594497779,-2686.5932928292873,4843.41940281919,3148.514882816864,0.0,180.0,75.3
2025-07-02,88.9,98.4,79.2,990.1,18.6,3.1,4.7,129.19069281045645,29.6166666,119.0166666,172.0,102.70271093165535,13.863133084137955,40.96526390056136,-0.008606996888688009,0.9955168540074409,29.6166666,877.1469404955554,0.9797320231497504,5.153291594497779,-2686.5932928292873,4843.41940281919,3148.514882816864,0.0,180.0,77.3
2025-07-03,88.5,99.0,80.2,988.0,18.5,3.1,4.1,8.55426020522399,29.6166666,119.0166666,172.0,102.18668516497321,13.855821717284503,40.94070400370693,-0.02581844022713239,0.9955168540074409,29.6166666,877.1469404955554,0.9797320231497504,5.153291594497779,-2686.5932928292873,4843.41940281919,3148.514882816864,0.0,180.0,77.4
2025-07-04,88.1,99.0,79.2,986.4,15.5,3.1,5.6,11.1,29.6166666,119.0166666,172.0,101.6666352039874,13.847895828011904,40.91435861420089,-0.04302223300453034,0.9955168540074409,29.6166666,877.1469404955554,0.9797320231497504,5.153291594497779,-2686.5932928292873,4843.41940281919,3148.514882816864,0.0,180.0,74.8
2025-07-05,88.8,97.2,79.2,985.3,16.4,2.9,4.9,11.3,29.6166666,119.0166666,172.0,102.4112680622427,13.839360548951717,40.886219905593144,-0.060213277365792774,0.9955168540074409,29.6166666,877.1469404955554,0.9797320231497504,5.153291594497779,-2686.5932928292873,4843.41940281919,3148.514882816864,0.0,180.0,76.8
2025-07-06,89.8,97.3,81.3,983.9,18.6,3.6,6.2,13.2,29.6166666,119.0166666,172.0,103.49615657497606,13.830221368593683,40.85627935632976,-0.07738647923346322,0.9955168540074409,29.6166666,877.1469404955554,0.9797320231497504,5.153291594497779,-2686.5932928292873,4843.41940281919,3148.514882816864,0.0,180.0,73.9
2025-07-07,88.8,97.3,81.5,982.1,18.6,4.3,6.4,14.8,29.6166666,119.0166666,172.0,102.27158248403694,13.820484119464453,40.82452777070335,-0.09453674981719933,0.9955168540074409,29.6166666,877.1469404955554,0.9797320231497504,5.153291594497779,-2686.5932928292873,4843.41940281919,3148.514882816864,0.0,180.0,73.2
2025-07-08,82.9,96.8,80.8,981.9,17.3,5.7,8.7,21.8,29.6166666,119.0166666,172.0,95.40515388810692,13.810154965709083,40.790955301444654,-0.11165900712169444,0.9955168540074409,29.6166666,877.1469404955554,0.9797320231497504,5.153291594497779,-2686.5932928292873,4843.41940281919,3148.514882816864,0.0,180.0,75.9
2025-07-09,82.6,91.0,78.3,982.6,14.3,6.0,8.9,20.4,29.6166666,119.0166666,172.0,94.984771352047,13.799240390127894,40.7555514739571,-0.12874817745258066,0.9955168540074409,29.6166666,877.1469404955554,0.9797320231497504,5.153291594497779,-2686.5932928292873,4843.41940281919,3148.514882816864,0.0,180.0,75.7
2025-07-10,83.0,92.1,77.7,984.4,13.1,4.7,6.4,22.0,29.6166666,119.0166666,172.0,95.36525133333349,13.787747180722913,40.71830521219528,-0.14579919691987442,0.9955168540074409,29.6166666,877.1469404955554,0.9797320231497504,5.153291594497779,-2686.5932928292873,4843.41940281919,3148.514882816864,0.0,180.0,74.0
2025-07-11,82.0,92.1,77.5,985.9,18.6,5.6,9.7,18.1,29.6166666,119.0166666,172.0,94.13382984819556,13.775682416809106,40.67920486618539,-0.16280701293851646,0.9955168540074409,29.6166666,877.1469404955554,0.9797320231497504,5.153291594497779,-2686.5932928292873,4843.41940281919,3148.514882816864,0.0,180.0,74.9
2025-07-12,83.2,93.6,77.2,986.4,17.0,3.5,8.2,18.3,29.6166666,119.0166666,172.0,95.42383728624158,13.76305345474638,40.63823824118428,-0.17976658572556214,0.9955168540074409,29.6166666,877.1469404955554,0.9797320231497504,5.153291594497779,-2686.5932928292873,4843.41940281919,3148.514882816864,0.0,180.0,75.8
2025-07-13,85.5,94.3,77.2,984.9,16.8,2.8,4.3,10.5,29.6166666,119.0166666,172.0,97.96780888261036,13.749867913348822,40.59539262847085,-0.19667288979357622,0.9955168540074409,29.6166666,877.1469404955554,0.9797320231497504,5.153291594497779,-2686.5932928292873,4843.41940281919,3148.514882816864,0.0,180.0,76.6
2025-07-14,84.7,97.2,78.6,982.7,13.3,4.2,8.0,21.4,29.6166666,119.0166666,172.0,96.95421007663661,13.736133659027619,40.55065483776068,-0.2135209154397959,0.9955168540074409,29.6166666,877.1469404955554,0.9797320231497504,5.153291594497779,-2686.5932928292873,4843.41940281919,3148.514882816864,0.0,180.0,76.8
2025-07-15,85.8,97.2,78.3,981.4,12.6,2.4,4.1,22.5,29.6166666,119.0166666,172.0,98.11129035367615,13.721858790723939,40.50401123123225,-0.23030567023061196,0.9955168540074409,29.6166666,877.1469404955554,0.9797320231497504,5.153291594497779,-2686.5932928292873,4843.41940281919,3148.514882816864,0.0,180.0,77.9
2025-07-16,87.0,95.7,81.1,981.9,12.9,3.5,9.7,22.9,29.6166666,119.0166666,172.0,99.37612427898416,13.707051624687471,40.455447759149095,-0.24702218048093527,0.9955168540074409,29.6166666,877.1469404955554,0.9797320231497504,5.153291594497779,-2686.5932928292873,4843.41940281919,3148.514882816864,0.0,180.0,80.0
2025-07-17,86.6,99.0,78.3,983.3,16.3,3.1,3.7,27.2,29.6166666,119.0166666,172.0,98.8085842345719,13.69172067915546,40.40494999705923,-0.2636654927280072,0.9955168540074409,29.6166666,877.1469404955554,0.9797320231497504,5.153291594497779,-2686.5932928292873,4843.41940281919,3148.514882816864,0.0,180.0,77.6
2025-07-18,85.7,99.0,78.3,983.2,11.2,4.4,7.0,17.1,29.6166666,119.0166666,172.0,97.66853818959176,13.67587465898601,40.352503184549306,-0.2802306751992161,0.9955168540074409,29.6166666,877.1469404955554,0.9797320231497504,5.153291594497779,-2686.5932928292873,4843.41940281919,3148.514882816864,0.0,180.0,77.9
2025-07-19,87.3,96.1,79.3,983.9,18.6,6.1,8.4,17.9,29.6166666,119.0166666,172.0,99.37302575316741,13.659522440297927,40.298092265526755,-0.2967128192734901,0.9955168540074409,29.6166666,877.1469404955554,0.9797320231497504,5.153291594497779,-2686.5932928292873,4843.41940281919,3148.514882816864,0.0,180.0,74.0
2025-07-20,87.8,94.8,81.7,984.8,18.6,6.1,8.2,20.0,29.6166666,119.0166666,172.0,99.81889118697876,13.64267305516794,40.24170192999929,-0.3131070409358267,0.9955168540074409,29.6166666,877.1469404955554,0.9797320231497504,5.153291594497779,-2686.5932928292873,4843.41940281919,3148.514882816864,0.0,180.0,74.1
2025-07-21,85.4,94.8,79.9,986.7,18.6,5.8,11.7,21.4,29.6166666,119.0166666,172.0,96.96697223062242,13.625335676434064,40.18331665731662,-0.3294084822245302,0.9955168540074409,29.6166666,877.1469404955554,0.9797320231497504,5.153291594497779,-2686.5932928292873,4843.41940281919,3148.514882816864,0.0,180.0,74.3
2025-07-22,82.7,93.0,78.3,989.1,18.6,3.5,4.7,14.0,29.6166666,119.0166666,172.0,93.77848926161056,13.607519602652076,40.122920760834965,-0.3456123126707333,0.9955168540074409,29.6166666,877.1469404955554,0.9797320231497504,5.153291594497779,-2686.5932928292873,4843.41940281919,3148.514882816864,0.0,180.0,75.2
2025-07-23,84.1,94.5,78.1,988.2,18.6,3.8,7.6,34.2,29.6166666,119.0166666,172.0,95.23788332144159,13.589234243249692,40.060498433960284,-0.3617137307297674,0.9955168540074409,29.6166666,877.1469404955554,0.9797320231497504,5.153291594497779,-2686.5932928292873,4843.41940281919,3148.514882816864,0.0,180.0,75.1
2025-07-24,85.6,94.5,77.9,985.8,18.6,5.1,7.0,14.8,29.6166666,119.0166666,172.0,96.80282227463505,13.570489103920803,39.996033797521285,-0.37770796520396466,0.9955168540074409,29.6166666,877.1469404955554,0.9797320231497504,5.153291594497779,-2686.5932928292873,4843.41940281919,3148.514882816864,0.0,180.0,74.7
2025-07-25,82.2,93.7,78.3,982.3,17.2,5.3,8.5,20.2,29.6166666,119.0166666,172.0,92.82636234025212,13.551293772299578,39.92951094841907,-0.39359027665646645,0.9955168540074409,29.6166666,877.1469404955554,0.9797320231497504,5.153291594497779,-2686.5932928292873,4843.41940281919,3148.514882816864,0.0,180.0,75.6
2025-07-26,82.0,91.4,77.9,981.4,11.2,4.9,9.1,19.0,29.6166666,119.0166666,172.0,92.46632901033678,13.531657903951723,39.86091400949506,-0.4093559588156211,0.9955168540074409,29.6166666,877.1469404955554,0.9797320231497504,5.153291594497779,-2686.5932928292873,4843.41940281919,3148.514882816864,0.0,180.0,78.7
2025-07-27,82.9,91.2,78.1,980.5,15.7,3.4,6.0,16.3,29.6166666,119.0166666,172.0,93.34257593355665,13.511591208717487,39.790227180554076,-0.42500033996955394,0.9955168540074409,29.6166666,877.1469404955554,0.9797320231497504,5.153291594497779,-2686.5932928292873,4843.41940281919,3148.514882816864,0.0,180.0,77.5
2025-07-28,81.3,91.2,78.1,978.9,16.7,2.7,4.9,13.2,29.6166666,119.0166666,172.0,91.4022257886448,13.491103437438348,39.717434790475366,-0.4405187843504952,0.9955168540074409,29.6166666,877.1469404955554,0.9797320231497504,5.153291594497779,-2686.5932928292873,4843.41940281919,3148.514882816864,0.0,180.0,78.4
2025-07-29,84.4,90.9,78.4,976.2,18.6,5.1,7.0,15.2,29.6166666,119.0166666,172.0,94.74043739597877,13.470204369096509,39.64252135033871,-0.455906693508459,0.9955168540074409,29.6166666,877.1469404955554,0.9797320231497504,5.153291594497779,-2686.5932928292873,4843.41940281919,3148.514882816864,0.0,180.0,74.7
2025-07-30,82.6,90.9,78.1,975.0,17.9,8.1,10.5,26.0,29.6166666,119.0166666,172.0,92.57328781227615,13.44890379839363,39.56547160748898,-0.47115950767386394,0.9955168540074409,29.6166666,877.1469404955554,0.9797320231497504,5.153291594497779,-2686.5932928292873,4843.41940281919,3148.514882816864,0.0,180.0,72.8
2025-07-31,78.4,89.6,76.1,977.7,15.0,5.8,10.3,26.0,29.6166666,119.0166666,172.0,87.72444862211063,13.427211523792444,39.48627060045749,-0.4862727071086902,0.9955168540074409,29.6166666,877.1469404955554,0.9797320231497504,5.153291594497779,-2686.5932928292873,4843.41940281919,3148.514882816864,0.0,180.0,74.7
2025-08-01,83.6,91.0,76.1,979.8,14.7,2.0,2.9,11.1,29.6166666,119.0166666,172.0,93.3891234410934,13.405137336042115,39.40490371465437,-0.5012418134457756,0.9955168540074409,29.6166666,877.1469404955554,0.9797320231497504,5.153291594497779,-2686.5932928292873,4843.41940281919,3148.514882816864,0.0,180.0,77.2
2025-08-02,85.4,91.8,79.2,980.4,12.5,2.8,4.9,17.3,29.6166666,119.0166666,172.0,95.24015100128018,13.382691007205645,39.321356738741954,-0.5160623910158526,0.9955168540074409,29.6166666,877.1469404955554,0.9797320231497504,5.153291594497779,-2686.5932928292873,4843.41940281919,3148.514882816864,0.0,180.0,78.4
2025-08-03,87.6,95.0,81.1,981.2,8.9,2.5,4.5,12.2,29.6166666,119.0166666,172.0,97.52714064549527,13.35988228020483,39.23561592159482,-0.5307300481619331,0.9955168540074409,29.6166666,877.1469404955554,0.9797320231497504,5.153291594497779,-2686.5932928292873,4843.41940281919,3148.514882816864,0.0,180.0,81.1
2025-08-04,86.0,98.1,79.7,983.2,13.3,4.1,11.3,19.0,29.6166666,119.0166666,172.0,95.57983282208642,13.33672085889578,39.14766802974865,-0.5452404385406507,0.9955168540074409,29.6166666,877.1469404955554,0.9797320231497504,5.153291594497779,-2686.5932928292873,4843.41940281919,3148.514882816864,0.0,180.0,79.1
2025-08-05,87.8,98.1,79.7,984.0,17.5,3.4,4.7,10.9,29.6166666,119.0166666,172.0,97.40836665038255,13.313216398685542,39.0575004052363,-0.5595892624101763,0.9955168540074409,29.6166666,877.1469404955554,0.9797320231497504,5.153291594497779,-2686.5932928292873,4843.41940281919,3148.514882816864,0.0,180.0,78.1
2025-08-06,87.6,97.0,79.7,986.4,18.6,4.5,6.8,20.0,29.6166666,119.0166666,172.0,97.01246303319431,13.28937849769785,38.96510102370576,-0.5737722679043243,0.9955168540074409,29.6166666,877.1469404955554,0.9797320231497504,5.153291594497779,-2686.5932928292873,4843.41940281919,3148.514882816864,0.0,180.0,75.3
2025-08-07,86.3,95.7,79.3,987.4,18.6,4.3,9.5,16.7,29.6166666,119.0166666,172.0,95.39901668475189,13.26521668849389,38.87045855271231,-0.5877852522924734,0.9955168540074409,29.6166666,877.1469404955554,0.9797320231497504,5.153291594497779,-2686.5932928292873,4843.41940281919,3148.514882816864,0.0,180.0,75.7
2025-08-08,89.2,99.0,80.1,986.3,18.6,4.1,7.4,15.5,29.6166666,119.0166666,172.0,98.42283719894655,13.240740430351552,38.77356241007301,-0.6016240632249227,0.9955168540074409,29.6166666,877.1469404955554,0.9797320231497504,5.153291594497779,-2686.5932928292873,4843.41940281919,3148.514882816864,0.0,180.0,74.8
2025-08-09,89.5,99.0,81.0,985.1,18.6,4.4,8.7,17.5,29.6166666,119.0166666,172.0,98.56902830319821,13.215959102104787,38.67440282217078,-0.6152845999633277,0.9955168540074409,29.6166666,877.1469404955554,0.9797320231497504,5.153291594497779,-2686.5932928292873,4843.41940281919,3148.514882816864,0.0,180.0,75.9
2025-08-10,90.0,98.8,81.7,985.1,17.1,3.2,6.6,16.3,29.6166666,119.0166666,172.0,98.9316149665688,13.190881995542508,38.57297088209127,-0.6287628145958345,0.9955168540074409,29.6166666,877.1469404955554,0.9797320231497504,5.153291594497779,-2686.5932928292873,4843.41940281919,3148.514882816864,0.0,180.0,77.4
2025-08-11,89.7,98.2,82.2,984.8,15.2,4.1,7.2,17.5,29.6166666,119.0166666,172.0,98.41224936250185,13.165518309364797,38.469258607475126,-0.6420547132365636,0.9955168540074409,29.6166666,877.1469404955554,0.9797320231497504,5.153291594497779,-2686.5932928292873,4843.41940281919,3148.514882816864,0.0,180.0,76.9
2025-08-12,85.0,98.2,77.0,988.0,14.9,3.0,4.3,21.0,29.6166666,119.0166666,172.0,93.0741297678207,13.139877143692335,38.36325899796582,-0.655156357209085,0.9955168540074409,29.6166666,877.1469404955554,0.9797320231497504,5.153291594497779,-2686.5932928292873,4843.41940281919,3148.514882816864,0.0,180.0,76.8
2025-08-13,88.8,97.3,77.0,990.1,18.6,4.3,6.2,18.5,29.6166666,119.0166666,172.0,97.04335946391355,13.113967495123452,38.25496609213227,-0.6680638642135333,0.9955168540074409,29.6166666,877.1469404955554,0.9797320231497504,5.153291594497779,-2686.5932928292873,4843.41940281919,3148.514882816864,0.0,180.0,72.4
2025-08-14,89.1,96.8,81.5,991.9,18.6,6.2,8.5,21.4,29.6166666,119.0166666,172.0,97.17690202356299,13.087798252331718,38.14437502374422,-0.6807734094770159,0.9955168540074409,29.6166666,877.1469404955554,0.9797320231497504,5.153291594497779,-2686.5932928292873,4843.41940281919,3148.514882816864,0.0,180.0,71.9
2025-08-15,88.3,95.7,81.1,992.5,18.6,4.2,7.8,21.4,29.6166666,119.0166666,172.0,96.10997453090592,13.061378192195594,38.03148207727816,-0.6932812268869771,0.9955168540074409,29.6166666,877.1469404955554,0.9797320231497504,5.153291594497779,-2686.5932928292873,4843.41940281919,3148.514882816864,0.0,180.0,71.7
2025-08-16,88.5,96.6,81.0,991.6,18.6,3.9,6.6,14.4,29.6166666,119.0166666,172.0,96.13103032632276,13.034715976450544,37.91628474253082,-0.7055836101071774,0.9955168540074409,29.6166666,877.1469404955554,0.9797320231497504,5.153291594497779,-2686.5932928292873,4843.41940281919,3148.514882816864,0.0,180.0,71.9
2025-08-17,89.1,97.0,81.5,992.3,18.6,3.7,6.0,10.5,29.6166666,119.0166666,172.0,96.58306460523215,13.007820148852815,37.798781768217815,-0.7176769136759615,0.9955168540074409,29.6166666,877.1469404955554,0.9797320231497504,5.153291594497779,-2686.5932928292873,4843.41940281919,3148.514882816864,0.0,180.0,71.8
2025-08-18,89.5,98.4,81.0,991.7,18.5,3.6,3.9,115.6240217974147,29.6166666,119.0166666,172.0,96.81438103245544,12.980699132843188,37.678973214435054,-0.7295575540864876,0.9955168540074409,29.6166666,877.1469404955554,0.9797320231497504,5.153291594497779,-2686.5932928292873,4843.41940281919,3148.514882816864,0.0,180.0,73.3
2025-08-19,90.9,100.6,80.4,989.2,18.6,3.1,5.8,113.53346488697989,29.6166666,119.0166666,172.0,98.12171131496314,12.953361229698103,37.5568605038618,-0.7412220108485957,0.9955168540074409,29.6166666,877.1469404955554,0.9797320231497504,5.153291594497779,-2686.5932928292873,4843.41940281919,3148.514882816864,0.0,180.0,74.5
2025-08-20,87.9,100.9,76.6,988.8,16.5,4.4,5.8,165.94667601655618,29.6166666,119.0166666,172.0,94.68159207065901,12.925814617154813,37.4324464715852,-0.7526668275320083,0.9955168540074409,29.6166666,877.1469404955554,0.9797320231497504,5.153291594497779,-2686.5932928292873,4843.41940281919,3148.514882816864,0.0,180.0,76.6
2025-08-21,83.0,100.9,76.6,989.9,18.3,3.6,5.8,-39.14806874657516,29.6166666,119.0166666,172.0,89.21163249376815,12.8980673484966,37.30573541342755,-0.7638886127905429,0.9955168540074409,29.6166666,877.1469404955554,0.9797320231497504,5.153291594497779,-2686.5932928292873,4843.41940281919,3148.514882816864,0.0,180.0,75.8
2025-08-22,82.4,98.8,76.5,990.2,18.6,2.9,5.8,195.78947197717125,29.6166666,119.0166666,172.0,88.3748744843068,12.870127352083513,37.17673313265984,-0.7748840413670406,0.9955168540074409,29.6166666,877.1469404955554,0.9797320231497504,5.153291594497779,-2686.5932928292873,4843.41940281919,3148.514882816864,0.0,180.0,74.6
2025-08-23,86.9,97.9,75.9,990.7,18.6,3.2,3.9,-98.00777734232287,29.6166666,119.0166666,172.0,92.99750094009659,12.84200243131368,37.04544698498721,-0.7856498550787144,0.9955168540074409,29.6166666,877.1469404955554,0.9797320231497504,5.153291594497779,-2686.5932928292873,4843.41940281919,3148.514882816864,0.0,180.0,74.9
2025-08-24,89.9,100.2,79.3,990.9,18.6,3.2,5.6,-135.32541198139526,29.6166666,119.0166666,172.0,95.99597115195692,12.81370026499981,36.91188592169424,-0.7961828637826154,0.9955168540074409,29.6166666,877.1469404955554,0.9797320231497504,5.153291594497779,-2686.5932928292873,4843.41940281919,3148.514882816864,0.0,180.0,76.1
